day,gurkor_logreturn,guitars_logreturn,slingshots_logreturn,stocks_logreturn,sugar_logreturn,water_logreturn,tranquillity_logreturn
2,0.0024605985476573553,0.007516442504282766,-0.0046910639929567625,0.0008463233043588123,0.004009671708038776,0.00041958570566865615,0.0014215871347943343
3,-0.0014746855660065002,-0.0005232464270336043,0.0005656104318938524,0.005976342372645165,-0.002501703241937783,-0.00027967875726867463,0.005815350798685218
4,-0.000862551389596393,-0.002494066142997939,-0.00416501823543167,0.0010593998143473777,-0.006318041043889815,0.00041945062413103405,-0.0021056743402767903
5,-0.0022258877524918537,0.0014456782303747156,0.0007602531165132289,0.00047716300987804577,0.0020317907556759236,0.00046558160752240355,0.0019305908942842962
6,0.0014851920381489586,0.004957455545503479,0.0018948305882773874,-0.0017783715391517254,0.0,0.000604510859928471,-0.0017547275665505814
7,0.0004939374793498264,-0.0010389825096579004,-0.002464895621215689,0.005767573726460869,-0.006638375297543136,-0.00018591373653030705,-0.00035179789846160367
8,0.0,0.004784593823846961,0.0,0.00919248186547519,0.006891682089152897,0.0,-0.0049553290224749
9,0.00049337634604968,-0.00348625359856631,-0.013518483031106499,-0.0038874648812460117,-0.0030494764161884285,0.0013924169731611175,-0.00017802602499905916
10,0.0017224166335102773,-0.0020792115448588083,-0.005527458929020028,0.0015308477177953031,0.0,0.00046314868621450225,0.0005338592951332513
11,0.003668049523603292,0.005436842461631058,0.0017843669644565135,0.004961065260937384,0.0,0.0005551272360903263,0.0019518885975223124
12,0.00024343861730480057,0.0001286226817940357,0.0027611912932945784,-0.00939378769182484,0.0020353615784990146,0.002029417159700577,0.0010609805323311466
13,0.0019426120481601484,-0.0005147194462099412,-0.0047442745649943175,-0.007573590664961739,-0.005877567251463538,0.001332404110446505,-0.0015924443741845424
14,0.004219410529345524,-0.004399922134830674,-0.0003977055973015244,-0.0028331297112019578,0.0002572072813722316,0.0002293122614677028,-0.001954284050802128
15,-0.002285449161879623,-0.002086077775659754,0.006711957405349274,-0.0031863822774787407,0.0,-0.0009179764185133641,-0.0007128347630773124
16,-0.0009659041666356238,0.0023461343594201544,0.0001958486986528099,-0.002164940673625307,0.0017961983496863514,0.0005510186595427162,-0.0005353949499558703
17,0.0004832206138604183,0.004654584997280203,0.0017586752208969393,-0.005890365227175464,-0.000256145381593903,0.0023797017453544757,-0.002148204620265967
18,0.0029212743456984796,0.0029478564068437475,0.0005846460141227768,-0.0020745865679077376,-0.001282997925427638,0.0024575044116161063,-0.0008982308929003945
19,-0.00048551651999490647,0.0019117909752963337,0.0038776550632018216,-0.0016369392589070382,0.0015391433070215295,-0.0008630927118878485,-0.007619396870191475
20,0.0021805626490759436,-0.0029348644328752753,0.0029815484038418633,-0.004168715597747495,-0.0020534056310585525,0.0013619951009331537,-0.001099480288256532
21,0.001206709534070123,-0.0016676518097796975,-0.0018249712038994898,0.004120248500568474,-0.002063160563773225,0.0003171851957282902,0.0009164267631423199
22,-0.002174497080860377,0.0005138060130839656,0.0007693438360959358,-0.00820833225119273,0.0028242720289515205,0.002026786326758609,-0.0012835396183945298
23,0.0006051198999089607,0.0029426458386018705,0.006106174147951495,-0.0005811665063746667,0.01508991917761928,-0.00013482521407230728,-0.002209217897809059
24,-0.0019393589889746047,0.0024159322018620926,0.0001894414345867528,-0.001671520139998708,0.009534570835991045,-0.0008098314450847841,0.0012900757940852423
25,-0.0012165119492146958,0.0006335442143258918,0.0018898832342920413,0.00953872555096651,0.000483355065923714,0.0018424233497142228,-0.004253290577879949
26,-0.00012183882304631724,-0.0010141148376890247,0.00037699176143577936,-0.008910881389047864,0.0014468458087137477,-0.00134734693971738,0.00037150941692607923
27,-0.003917000459307792,-0.007682296101628995,-0.003974830151856662,-0.0008564276330044813,0.0031183941021109486,-0.001983700864399416,0.0025917053668686307
28,-0.0014780314274000824,0.006792998914099174,0.003852069333549441,-0.004045678804845587,0.0011934453289453263,0.0006321609295228628,-0.002591705366868648
29,0.0030735760409557585,-0.0025509294010311718,-0.002344755085016269,-0.017228201197226817,-0.004071166395302773,-0.0005417958684601291,-0.0018607332744718617
30,0.0012233655466993732,-0.002403266699557883,-0.002357483163233982,-0.002196612859054459,0.006211138060019722,-0.0012668250979955547,0.0005590575522953117
31,0.0021934111366539812,0.0007603640376551371,0.0012274882102889138,-0.009836512113331088,0.010312927762040961,-0.0004986940681515129,0.001115960738845113
32,-0.0007299068640850105,-0.0030494764161885742,-0.0028379178432444887,-0.001543250948560033,-0.0011596655272389461,-0.000272256501593945,0.0011131005202313668
33,0.0,-0.009409329966052043,-0.002379180278575078,-0.008478625191059313,0.003930293628432466,-0.0013183178569345629,0.006984149800706021
34,0.0015799173055196136,0.00026052459203759916,-0.0012423439574757921,-0.002963241199971617,-0.006025527034164315,-0.0008202836304566359,-0.005504439742657992
35,-0.0010931764510929828,0.0024672200174991497,-0.0021105582959870858,-0.000673014446178856,-0.00023342891285036695,0.0003647617910203928,-0.0007392248285237966
36,-0.0004021855670488034,0.001773169931479484,-0.0008663369140550978,-3.2966154318378655e-05,0.0014389740167716704,0.00015249815275606606,-0.0006171315684051909
37,0.00028880531699537596,0.0010791198454598182,0.0003778844678768902,0.0006070821375420987,0.0031113769463937077,-5.976548550826069e-05,-0.0004950383082865852
38,0.0009797962010395555,0.00038506975944015235,0.0016221058498088784,0.0012471304294025762,0.0047837798760157445,-0.00027202912377258747,-0.00037294504816797955
39,0.0012216449177808904,0.00472133218391828,0.00047593920588287475,0.00933792613378551,-0.002727132866424337,-0.0005445699546166792,-0.0041236730191706915
40,-0.00012200996903056669,-0.003952215426995229,0.003128185062942202,0.008992080743254572,-0.008518108117563731,-0.0010456715948072139,-0.002834213769282774
41,-0.0004883829380593811,-0.003600922463450436,-0.003128185062942238,0.004961372534509715,0.00646146110797228,-0.0015504019389672866,0.0013249351628687519
42,-0.002204545251034661,-0.0012933138858157555,-0.008162767872174001,0.002880141343655032,0.014417738354429267,0.0012316536810605104,0.000566594316377147
43,0.001470939532841343,-0.001947221085592205,0.0,-0.005374638639541537,0.0030910769771411947,0.0,-0.0030304142627740915
44,0.0017098230034232598,0.002206192161782981,-0.002625318866920924,0.0006987352392967642,-0.002426848733611029,0.0022716574542127484,-0.005547109094564876
45,0.00036551648831965075,-0.004162183226299444,0.0014604693123485167,-0.005651078151855494,0.0078924945181103,0.0011765826233093623,-0.0007707091319958106
46,0.002913109738983564,0.0023461343594197706,-0.002143706080599709,0.0001400504401950474,0.0028151822657732717,-0.0001355969668843015,0.0036487480404263587
47,0.0,0.0,0.0,0.0002067094533971722,-0.0012970476994904176,0.0,0.0
48,0.0009667104312147863,0.0,0.00447028922644856,-0.0013387694795910028,-0.0013009330204180102,0.0,0.0
49,-0.000603941804884954,0.003753425233207402,0.002698687221961555,0.0018988617660642146,0.018492453401472597,0.001849504094414328,0.00133658552334633
50,0.0009659041666371782,-0.001032191767886178,0.0011514663799775922,-0.002976516387440977,-0.005233788117956475,-0.0010816804642861358,0.0037963046091849272
51,0.0008434074986191208,0.0,-0.002209665884788788,-0.002670711527453515,0.003565828383971561,4.512384874748069e-05,-0.005706974131397529
52,-0.0006022667473355211,0.0019333515319593945,-0.0013505392373232815,-0.007535395951274913,-0.00971711069343067,0.00013534342245552066,-0.00076662770463498
53,0.0007226199369377511,0.0026923138976151307,-0.0026165316256758415,0.009244673349413552,-0.003431480425273599,0.00027056037542135946,-0.003273350097104887
54,0.0001203198461519181,-0.0029495973659833326,-0.0010705303573951142,0.00724807024063064,-0.004762998189997812,-0.0012640596754693073,-0.002714349347690708
55,0.00036075966236383223,-0.004007508400064602,0.0016533456744344613,-0.006701035438371004,0.0004351648479349863,-0.0017214156586087377,0.004257823142541376
56,0.0009605632489887387,0.0027187997930168493,-0.0021408240979402453,0.002024804699804878,-0.006352970775379873,0.0026698051708289147,-0.006597987665505358
57,-0.001080783175544037,-0.006370546681759832,-0.00019514468173909385,-0.004073554384408531,0.0028593814432247315,-0.0025790340383210035,0.0001954960563745297
58,-0.0010834795188981953,-0.00302279116632794,-0.0056976795388960525,0.008719836671182576,-0.0013173755760678722,-0.0020925510440011996,0.005438463506513956
59,-0.0021751021187506824,-0.002513055635985119,0.001973172326117609,-0.002700669720937073,0.012997313598759873,0.0005923959015929062,0.003077387416015651
60,-0.00012115901373055362,0.000927555310124801,0.0009832344745420063,-0.006660924137929482,0.005513578217974005,-0.0013226095782924428,0.0009572286923568141
61,0.001451682071103721,-0.0022560803042241118,0.001764231871924853,-0.00014300261845709146,0.0,-0.0023357840198552624,-0.004614061800606204
62,-0.001451682071103682,0.0013285249940993332,0.0019518885975217362,0.008844991268426378,0.006068294331841079,0.0004131110956877556,0.003465133929722003
63,0.0025372680653589106,0.0010599016411515921,0.0034914438488631593,-0.0036792070008584634,0.0,0.0,0.0
64,0.0006019328502120081,-0.0042552157382001275,0.0047075849969814365,0.0037072448193478523,0.0,0.0006876464442433861,0.005714483524429586
65,-0.0001203198461519176,0.0019998246322183786,0.0033315904458831513,-0.005295237629691537,0.0,0.0012807008220707557,0.0048924505826374205
66,0.000721419571043427,-0.0033381754044803603,-0.00037946221890138487,0.007683730675217099,-0.004595751689149413,-0.0020601157784153534,-0.0013117858401868912
67,-0.0006010997248915078,-0.002689138510781635,-0.0011403800387910388,-0.0006159220178790316,0.002930190752612449,0.00013764549750285777,-0.0068096348726496185
68,0.000961360618136297,0.001884143874551515,0.002939879975953291,0.0005508951898142043,0.002910553137171901,-0.0002294334048307213,0.0036072754519449286
69,0.0,0.0,-0.00047283018486896344,-0.0006763592925467187,0.0008280164222298788,0.00064210833818101,0.0013214795561482886
70,-0.0007208208823277673,0.004542032289995575,0.00018919385265580072,-0.011564685059959272,-0.00793063378642136,0.0016467895599078636,-0.0003771554574013052
71,-0.0016865826319340275,0.0026497610076348524,-0.004467991831930748,-0.0014431348522053143,-0.00021066916828464216,-0.00022834770067224099,0.0026332357616254123
72,-0.00048308623657827306,-0.001853133792089755,9.554383096554785e-05,-0.006701128366588446,-0.0019006353394341608,-0.0015101135180251646,-0.003388530703132422
73,-0.001573751761051268,-0.0005309224156369548,0.0005728219980631054,0.011243308824230327,0.001689863929374208,-0.0001375437800577601,-0.0018940042312798077
74,-0.0012144708191227601,-0.00333305152389779,0.0015238418507765785,-0.004846081461965308,-0.008300906853849002,-0.0012858469257187144,0.0003794622189012881
75,0.0014569579733286566,-0.0022811750863552622,0.00322051909483293,-0.003311694986097242,0.004276691200766586,-0.0011051927887465846,-0.00018968966534467168
76,0.00036347706005505784,0.0,0.003758521787274576,-0.005408982248875079,-0.0027750540547725275,0.0,-0.0009496931007325445
77,-0.0014557370565387968,0.001074986890201634,-0.002063160563773467,0.0004097526578805607,0.008062366522303212,-0.000923147296046917,0.0003801264854523205
78,0.0002429619542530825,-0.0018829768570350445,0.0015014517354330426,-0.006240207894011335,-0.0048619505511533,-0.0008788112223031757,-0.0026678990202814515
79,-0.00024296195425308907,0.003891433412927203,0.0014029122199581304,0.009639417841479783,0.005282167789456643,0.002400953707968005,0.0015265199614726691
80,0.0012134528204619402,0.0005340234080839385,0.002699513562607282,-0.0007913157461695868,0.00521869391678183,-0.0011064833549691466,0.0028478428728263365
81,0.00012115901373054065,0.0030579563302698693,-0.00018563560098979173,0.008894792637588552,-0.002705893375925322,0.0017046535257891173,-0.00018927630803144618
82,-0.0012131138667193172,-0.002791190669607105,-0.003542236918253143,0.0021341490596202555,0.0020829511482928285,-0.0015200437538687907,-0.0013272489585003516
83,0.0,0.0,0.0,-0.011636584313536253,-0.008180625742688108,0.0,0.0
84,0.003147075234186498,0.00026660190027101864,0.005764644234040041,0.004575057991011517,0.0029543956240537742,-0.0012939193965108772,0.0005693177331390046
85,0.00036582437813951417,0.0010647740102929638,0.00018468827916006842,-0.0030883595317952994,0.002516440542679084,0.001016975302587682,0.000568572390051098
86,0.0013387258186105938,0.0006641605238483823,-0.0029644789637380833,0.011799062039144098,0.004782798198820137,-0.00018472755782679429,0.002455248228741495
87,-0.002803875868010966,0.0010605487123934313,-0.0016764551536320841,-0.0016897833268347813,-0.0024664211026940316,-0.001527007902372405,0.0041236730191707175
88,0.0009773157022319517,0.007742575342691417,-0.003090410432005909,0.017682299956675245,-0.0014452408741810745,-0.00032460215843773153,0.005376606546472775
89,-0.000977315702231988,-0.0005205808018028925,-0.003870490514835726,-0.008103173606712304,-0.005829543660723551,0.0,0.0007364045544030451
90,0.0012213013726390287,0.0042762445750442095,0.00047386200217040705,-0.0033717881229265506,0.0,0.0,0.001469073644038229
91,-0.00012197570137812897,0.0,-0.0005686964783425627,0.00321410306549096,-0.0002096521797427557,0.0,0.0014641210054153484
92,0.0029180030172130133,0.0007729954254943992,0.0005686964783425892,-0.014521615774998997,-0.0012600429010329289,0.003035107207403516,-0.003669599203856664
93,0.00024228423607582263,-0.000257512300401592,0.0008461200505420432,-0.00551366914710958,-0.0025311066218284242,0.0011441454583753657,-0.0016614899487466682
94,0.0006051198999095385,0.0003862112143388719,0.001031913068043124,-0.0006033152690566644,-0.006393066599786791,-0.0004115452097517994,0.0018457081834935376
95,0.0001209228691933431,0.0005055815261360402,-9.370902655905459e-05,-0.001444744571888589,-0.004098165575596316,-9.150747650886437e-05,0.0009199208732986986
96,0.00036256672363377837,-0.003551493358535707,0.0014969234359970762,-0.004942026423269506,-0.0010849230770915111,-0.00036622283768378587,-0.0005517186622625413
97,-0.0008464603468468153,0.0005091377862169106,-0.0028109773338285708,-0.00434383868191719,-0.002396414056822989,0.0019192337884145975,0.00036789030738933556
98,0.001208724637478936,0.004303740373960399,-0.00018804697496773486,-0.0013883357584730006,-0.013309350494482328,0.0002279162906697926,0.008737149297372179
99,0.0,-0.0007563911611335491,-0.0010357163284777865,-0.0044065156742232135,0.007591973477117708,-0.0005928313268674463,-0.0009019618650172302
100,-0.00012072119102111181,-0.0015167459487710248,-0.0016055267154183959,-0.017757029130401808,-0.001552241312043433,-0.0003652219131695839,-0.004720638672584672
101,0.001205704499850906,0.0,0.0028292900188639663,0.0006346092326154675,0.005079525529274303,0.0012769352361460228,0.007061854487486754
102,0.0010822794849616058,0.0026508392487161947,0.0018760049987554448,0.004416849703971381,-0.0010992020089690346,-0.000410034159714529,0.004289363084110438
103,0.0013191337771093087,0.0020088823649101134,0.004284303706063297,0.009892544007509843,0.005902910411789935,0.0017740254879007303,0.00495129365080234
104,0.00011972280762308293,-0.001883054613224691,-0.0005564311868199858,0.008028159195404477,-0.005462895701502187,0.0004083634357324094,-0.0007038809999526866
105,-0.00023947862856722344,-0.0011337643384986466,0.002959428704921278,-0.0016333453794867394,-0.0011008738008865028,0.0003626676468818359,0.0038573037590677543
106,0.00023947862856722784,-0.0007574905674480563,-0.0009226569901248575,0.0025442446427830483,0.00656376950238862,-0.001952909196305492,0.002783948519611239
107,0.0009565961618735781,-0.00037924131232794925,-0.0012023920500713469,-0.0022004248332218573,-0.005462895701502187,-0.0009569474644561289,0.0050008652521559074
108,0.0,-0.00037957276872421363,0.0,-0.006416583277477039,-0.0006601893572862388,-0.0005477753283316341,-0.003961468309510171
109,-0.0011960747904408303,0.0027758602932809275,-9.262972881503391e-05,-0.0012771944416062459,0.005035989417574752,0.0013226095782927587,0.00034591358412091754
110,0.00011975582094409103,0.008346085128676791,-0.001949802124878234,0.0034529661286990033,-0.005256275743324758,4.553546341287985e-05,-0.0039947384565654585
111,0.0008373673915810421,0.014678015455811943,0.0030600570505617884,-0.0015416811234178012,0.0024170258698140057,0.0021801065579207424,-0.0019235945685483655
112,0.0005971326142203899,-0.0011944300210497067,0.0012917202525872032,-0.0038629935421775567,0.005010726806944657,0.0008599445419433254,0.002446735947087282
113,0.0005963127147257021,0.0019095144008879274,0.0016551577675880055,0.0010331704181213617,0.0004329955312841978,0.0006777028401005232,-0.0061428815070512805
114,-0.0007156735734960712,-0.0004765920718672656,0.00018351763717206835,0.006432730126605495,0.005376331124396091,-0.0004968786543287637,-0.009832153413193418
115,0.0013111686371841524,0.00249629375389706,0.003563180773178434,-0.0007227925870253505,-0.0006416565785352699,0.0009931894767123894,0.0005420776429635335
116,0.00023796958507856452,-0.0016626005393382242,-0.0007285293918972369,0.0049494383263058075,-0.00021409637204842534,-0.000857620728334022,0.0071637827497881
117,0.00035671006679060624,0.003908854398439802,-0.0021013553321773504,-0.0042540866173317905,0.0034129408013767733,0.0007223194711302493,-0.004463497479207861
118,0.0,0.003873986466692797,-0.0016516607006899042,0.0018396291432329704,-0.004914577947370503,-9.022426165292161e-05,-0.0017983234055629835
119,-0.001428601557616031,-0.00434591749047637,0.001010094397812479,0.00832241460335576,-0.0017225386266495365,-0.0006320952094773128,-0.003982720117536892
120,-0.002751358350702736,-0.0014188778705255766,-0.0006425154660935448,-0.0031845202644286367,0.0008621233241105227,-0.0010857367702460272,0.008107786473487226
121,-0.0021654617369144557,0.0018908088943090941,-0.0027644554316107258,-0.0009068042911250364,0.0008604153025389913,0.0012212632128822737,0.00035685661983440105
122,-0.000724226652383995,0.000942326340743788,0.0004619663044924816,0.0020107290088106876,-0.008901123253772965,0.0001806361602013538,0.0047890830446444795
123,0.0007242266523840406,0.006771395225892873,0.003311729953322099,-0.004225659804516752,0.0019695928629044025,0.0003159326066396096,-0.006397252064743214
124,-0.00012062060399771836,-0.003722879325822727,-0.001192991403053333,0.0054947209352338745,0.0032629340707719494,-0.00036108460355115563,0.001429777363492135
125,0.0009640281026163329,-0.003166194936666434,0.0005510186595446424,0.002370530861046381,-0.002390418494720301,-0.001220881746438295,0.0008912264196845364
126,0.0028793109791438354,-0.0008246473041475041,0.0028358455556978172,0.0030223826709682967,0.01288165067010411,0.0014465948027652612,0.0010670631459081426
127,-0.0008378289420347219,0.0004714187512053775,-0.002193872812189059,-0.005902781500252051,0.00021148989066742827,-0.00022571305632699239,-0.0023152928589419185
128,-0.0010795891036881255,-0.003904594589599011,0.0011897232737340367,-0.00031057128191241035,-0.002332072628811527,0.0011724289676284174,0.0017820890081663926
129,0.00048014872984088636,0.00707335638724081,0.0010953208376025027,-0.0016838208266908928,0.0012735917687477043,0.0017527301478457386,0.0054784567524339585
130,-0.0007204223082527698,0.001284377680551852,0.0010925653105727175,0.0012045884033699626,0.0033780975912248252,0.00040347361220717667,0.00035108690829013805
131,0.00048041429888271586,0.0033679912010156493,0.0003635784908076139,0.00025724316625738946,-0.0018969456691816454,0.00017920135674278452,-0.002640096166208512
132,0.0003599622932157214,0.0021925369156694384,0.0005447976653018184,-0.0017105708021127538,-0.003392942897339452,0.0012076789296608763,0.0007055963890085607
133,0.0009584433835462818,-0.0026555374732757436,0.0016303044534474954,0.004080418695656136,0.00339294289733945,-0.0005363316296380386,-0.005141737941734732
134,-0.00035916844106770394,-0.000463494688502117,0.0005420776429653634,-0.003088147593177655,-0.00021128411115011142,0.001072001733813,-0.00358183046312219
135,0.0005984491534028827,0.0061015205154999475,0.0005414018759341808,-0.01151490425583993,0.006085888415398571,0.0003121693797023188,-0.0007199247100771041
136,-0.00011962387677945506,0.00398281498732375,-0.001626234617954011,-0.006411309678927747,0.002078962715336482,0.0,-0.003436035061080301
137,0.0,0.002259601777391129,0.0005427550990544896,0.009844769453441274,-0.0043773752489623344,0.00022284082889352256,0.0009068587172806561
138,0.0026241438261479706,-0.0030532480949356476,0.0024340387556498985,-0.0065697330840693,0.005826750312091499,-0.0012493839391599488,-0.0005438879632621337
139,-0.0005950055484804105,0.0019249167720109014,0.0008083241578937545,0.0015897290694785314,-0.0031117483154406347,0.0007143737305640336,-0.003094964342211507
140,0.00047606963594682246,0.004719417267256387,0.002148204620265795,0.00012196300460452295,0.0,-0.0005803391175230335,-0.005886334677078229
141,0.0014250857148177104,-0.0007830166637073136,-0.00017861175736226992,-0.004643370025836,-0.0035538134247774292,4.466901334803789e-05,0.0001851607284084617
142,0.0007107930914030425,-0.005521005631434183,0.0007140067073201269,5.077720312648127e-05,-0.00042001403844621753,-0.0006705180919778488,0.00147845072790511
143,0.0,-0.0043304453025968335,0.0008908607880754101,-0.005952800349254684,-0.005497471911217648,0.0004471270670934285,-0.0025906010972729368
144,0.0017719097688627821,0.004670490588324456,0.0031920522117055298,-0.00020585741811750507,0.001910856339683756,-8.938859389688591e-05,-0.0005571450179160403
145,0.0010596861261666154,0.0007924051131787742,0.0,0.0005568463574295209,0.0019024855622770758,0.0016952451224562133,-0.000743973598474071
146,0.001643278378586473,-0.0052338978148851875,-0.0023030150907966417,0.009713520488749046,0.0018941878038734137,-0.0004454759667462887,-0.0020525233911978568
147,-0.0011731354564577328,0.004328173853861601,0.0010644477924387733,0.0067837293972457515,0.003763769668607037,0.0012906234814920728,0.002238636306796883
148,0.0005869638437789309,0.003836349286028326,0.0021211005870251007,0.0005566329659351308,0.0026981344918887017,0.0,0.0
149,-0.00011822362449623558,0.0002246157184287167,8.815477182705508e-05,-0.007694415604080095,-0.00020695472486127416,0.0015082765297378333,0.00018603319277927163
150,-0.00047321658934582777,-0.0020257359024612592,0.0015837336582869557,-0.0019055685508400908,-0.0012438036623026224,0.00030987834486281303,-0.0016771745097011804
151,0.0013001069175692392,0.0019134425645631586,-8.783385243708598e-05,0.00816516396277889,0.0008295981164527897,0.0005749024071277058,0.0011188356945465742
152,0.0030575963093618834,-0.002477827935615246,0.0022779266525729722,0.011167803971872694,0.004101017082501301,0.0004417153370065415,-0.0014924223686829424
153,0.0,-0.001810977789761231,0.0,-0.001853298619738727,-0.00020413372028199847,0.0009701952249584923,0.000560259568436408
154,0.0016375248990196654,-0.005134238617935224,-0.005274896610362947,-0.002936923576210373,-0.004721754421027128,-0.0006159582378554572,0.0007458902338471625
155,-0.00046723456029529374,-0.004615287663684954,-0.005339753520708416,-0.012513118795866173,0.0006188001263985399,-0.0005727445176804362,-0.0035544437720857274
156,-0.003402567715485973,-0.0016270082573801537,0.0023219583440812447,-0.008712049492746793,-0.003726095627791195,-0.0006176476809658216,-0.0043420370739481315
157,0.001997840403778601,0.0005817743427270408,0.005487388649569158,-0.0036816628336520515,0.0008307883583773759,0.0005294660599728081,-0.003428658454807966
158,0.00011723430545066796,0.002434977442655836,-0.0007013234982308225,-0.0060877759239012135,0.008017972015848805,-0.0004411768785551247,0.0005733261319809446
159,-0.0028223948686801467,0.0,-0.004409118905056354,-0.002271664605201627,-0.005741464872833509,0.00017652453526166077,-0.004222074172407318
160,0.0,-0.006788686229887673,0.002915035433625064,0.007396117712362475,0.0,-0.0011044573418593732,0.00154005296809246
161,0.0010605487123941046,0.0028895281703043576,-0.00026419618490802603,0.004229922204753483,-0.009178515112547714,0.0008396436251800436,0.0019174180457218531
162,0.0,0.0035565193973141184,0.0008800296464172288,-0.01746570803762449,-0.0019015600007872967,0.0024653376883783766,0.0
163,-0.0012965783279328443,0.010609592405477682,-0.0008800296464172324,-0.004353877124596199,-0.0029746313682023086,0.0001755611875989623,-0.000765951665744652
164,-0.0007088594858341549,0.0005571450179161235,-0.006210650014938609,0.0035100798315001055,0.004454341426250084,0.0009643199967122656,-0.005788106312992344
165,0.00047270152356859496,-0.0056038775180006105,0.0070906796613557895,0.009225415383590204,-0.0072348622586531595,-0.001886809001825802,0.0003882829779454341
166,0.0004721875778042583,-0.0010164223433231983,0.004199495882856093,-0.0051365956572430845,0.0,-0.0016301206894460574,-0.0011658919267903407
167,0.00047167474840357153,-0.0023809442534658827,0.0008698069839265882,0.0028588276172797156,0.0038452295831302497,0.00013240012761395135,0.00019453280589709182
168,0.0036382131265331593,0.006320405467018887,0.0034619113716639793,-0.015150292274010534,-0.004704368304267529,0.0019372454266986837,0.0005830761429477922
169,0.00011685577412220054,0.00022403636395812557,0.0007751415715904198,0.004145446153179184,0.00171658121467431,0.0008777175216775104,0.0009700573206756203
170,-0.00175614667883997,-0.00033609790035842794,0.0,-0.008321330736904406,-0.0023620524485323847,0.00013150476463781897,-0.0033070736250413145
171,-0.0010571067659070163,-0.0016844021705747815,0.0004300371496073785,-0.011731120883794336,-0.0010779218288755684,-0.0010531547613858681,0.0007804035916712322
172,0.0018775256776312494,0.0022444209224531577,0.001887121002418607,-0.002146190736289025,0.0062150283321805,4.393247507061008e-05,0.0023328318324714
173,0.0004681158975486848,0.004675863737558933,0.002730347582519538,0.004631978009554134,-0.00042577893793052337,0.0006145884727889395,-0.0011648495545727921
174,-0.000819534243279591,0.007247560307853161,-0.0011924154866124023,0.010030359017087714,0.0008511408543071143,0.001707496004073648,-0.0017531534626396535
175,0.0,0.005196007925253564,0.0009371733506116541,-0.0013203584392298756,0.0035988537367064393,0.0011781922334143827,0.0003902017170876958
176,-0.00011720266753227907,-0.0010773870122375902,-8.51140584579606e-05,-0.004290510342877392,-0.004024215653083029,-0.0002615444113363229,-0.0009761624291894177
177,0.0029206194933409954,0.0064245917437955255,-0.00017027817583407224,-0.0017177907870592711,0.0010626246600709652,0.0010887307830224641,-0.00019549605637449863
178,0.0,-0.002130987994409752,0.0,-0.008358088285352002,0.0,-0.00013050367662049503,0.0019510117353638114
179,-0.0005825547243764409,-0.0012836299450296128,0.004742732583428192,0.005828220735680623,-0.0038376787148435183,0.000869284681547796,-0.0009744102851481763
180,-0.00023324086591838293,-0.002147850480244067,0.0021844999684388893,-0.004723890546275281,-0.002577422887810601,0.0,0.0007797030494708894
181,0.0012812773946666307,-0.0005386264883690388,0.004004280217470286,0.002405943293566879,0.0017199803942735297,-0.00017371779507973812,0.0027179895359630162
182,0.0008133945851450867,0.006950570938107736,0.001657614538683104,0.011316413206347143,0.0021404404189648988,0.0007811834497822923,0.004237052943254629
183,-0.002444768316305901,0.002010871182691292,-0.0014915680897471936,0.0016582597398292183,-0.0036450503739602702,0.0004766990750489703,-0.003656833108249416
184,0.00011673013963510453,0.0,-0.0068605062750213,0.0009065167380743973,0.0,0.00030308175033259176,-0.004273057102178453
185,0.0004666070627775506,0.0007385065239589848,-0.0016898639293752972,-0.0003374523108472421,0.003431480425272606,0.0006055297013853009,0.0
186,-0.0025725650348679655,0.0006320076039960752,0.0005922006125203117,-0.0025164687948408134,-0.0010694279767402772,-0.0013419526190844473,0.003692837267173232
187,-0.001645056822639988,0.00875287219853727,8.453420599179098e-05,0.009632199241643708,0.002775054054772609,0.0012555000494951115,-0.0023286623185825696
188,-0.0011788673956754365,-0.00393779608117727,0.0,-0.0053243861140978765,0.0010626246600709652,-0.0016458771381684888,-0.0009739732315030141
189,0.0011788673956754142,-0.005236312311297323,-0.0009307824899259693,0.0015938128802955884,-0.007709571955652573,0.0002602903775279579,-0.014071460519337123
190,-0.0004711630317331373,0.0016824988865200084,0.0026180203615178473,-0.0036923594960106736,-0.004998190310674024,-0.0015205644370008783,-0.003437971943173072
191,0.0007065530005877754,0.0008388114281273577,0.0009251943657700724,0.014048820760098508,-0.005941795753338863,0.000695775828247561,0.0
192,-0.0009423263407440444,0.0018814230806580038,0.002847293728348939,-0.011127879930933275,0.002210154805116662,0.0006512790251835725,0.00020298877766313338
193,-0.0027206334605036253,0.0016655609365350153,0.0,0.003983651989802624,-0.0046543870439717154,-0.000955543800009839,-0.012141693137564049
194,-0.002141143935508263,0.0037243204294541647,0.0010837568278244073,0.004391930343424317,-0.0004458875975898805,0.0005648935975542628,0.0051862866378409485
195,0.0004767228600562429,-0.0009280901874927074,-0.006881718388436525,-0.0036637527568479994,0.0,8.684152836334524e-05,-0.0010323144435151583
196,-0.001192789769028597,-0.008443288379864454,-0.007508618153867956,0.005145898453406109,-0.008332584272303772,-0.00017370042503665747,-0.0006205685484137017
197,-0.0015555405153933881,-0.008074200422464914,0.0003441319371040098,-0.002451616214783567,-0.013157947928830085,-0.002657575970676774,0.008608289491651946
198,0.0017943606929292733,-0.001073658104059998,0.002999579140102792,0.001675598245045679,0.003268898630180847,-0.00017483675031157783,-0.002850513161912724
199,,0.007143337743045433,0.0026395785478515073,-0.003333612838293783,-0.014186165388146434,0.0020063856281681927,-0.004311160015591224
200,,-0.005748099111960031,0.003803323263336634,0.00431833909006766,0.0028745465025516283,-0.0012638150482241017,0.0020582715393740385
201,,0.0018178054835268737,0.0,0.00277185548120348,-0.0007168548784169853,-0.00021827134294027522,0.00571179933076782
202,,-0.00042703492319880524,0.000756684023989309,-0.0028502538529325988,0.009696059554713983,0.0009160033647332197,0.0010121059856893263
203,,0.0072030979892492965,-0.0045600072873259725,0.005592444709780261,-0.011613477600436458,0.0007401140774110473,-0.0006069805067750472
204,,0.0025140127041802965,-0.0005096356719053208,-0.00035920776530255365,0.007619396870192541,0.0007388549385135559,-0.007556689980234129
205,,0.0,-0.005904202696558452,0.007610263663085379,-0.005941193637405632,0.0,0.0026700619760530106
206,,0.0008347806162778194,-0.0013806313456261835,-0.003230389033726204,-0.0007184360313368441,0.0010842730001720958,0.00020471104875965663
207,,-0.0016711688996365332,-0.0021660617565083446,-0.007231195183789152,-0.004820188014687555,4.331466436524681e-05,0.0010221103374071859
208,,-0.008560406858804485,-0.00744648216786252,0.00227356308545234,-0.013038423323393854,-0.0020839923155128864,0.0044689255887143285
209,,0.0007464854811030485,0.004920240970843737,-0.006113789935682648,0.0,-0.001176655279143721,0.0016137296111018813
210,,0.0008515580804811061,0.0025262411970188624,0.005510202156703733,-0.008320555171208402,0.00021813978152041927,-0.007719188391750205
211,,0.004653955204282448,0.0,-0.004731669093320931,0.004306250616524216,0.000523088870109375,0.0008190374552040421
212,,-0.0031677345539760297,0.0004340774793188819,-0.0035236427181148094,-0.013568806300445097,0.0010008293677064028,-0.002667538868306362
213,,0.002536033378017341,-0.0013035361919479706,0.0008694602377723606,-0.014812940761532264,0.0002172667421861163,-0.0004118487571835259
214,,0.0006317011759587749,-0.0005225119722744254,0.00704706425329774,0.006410367038347983,-0.0008697198899456169,0.004712843173693196
215,,0.007302745627229408,0.005713344467547529,0.004530975070185915,0.015623788483534145,0.0005655160076594868,0.0038550102014031987
216,,0.0016520970256981183,0.001288071577638336,0.0032183147431230747,0.011857745387265386,-0.0007396691856959202,0.0010088145811450954
217,,0.0052245042314601284,0.0021383326404601196,-0.0030948286413496266,0.0002488080743517764,0.0009569794138510391,-0.0008068641092875898
218,,-0.00040750130308721456,0.001107785995469934,-0.013614869941680718,-0.015186669080827392,0.0005211013306748422,0.0008068641092875914
219,,0.0,-0.00034055636475641273,-0.004943726998527402,-0.0043648054024494065,0.0003036872780785216,0.006600043164642451
220,,0.007176913752829957,-0.00017037837876480462,0.00848871565030533,-0.013630154935548616,0.001039604283148148,0.00237536316081301
221,,-0.0007023361524492611,-0.0026494481341813115,0.007671115832558551,0.017994960337998033,0.001770253856155499,0.0051024791764837105
222,,0.001903704779956812,-0.0015458392184484915,-0.002690469796948822,0.007597181750522028,-0.00043110434540774903,0.0065832791487112855
223,,-0.0018033014777193732,0.001966878046086569,-0.004368003383413118,0.0025031451538039444,0.0006895616919994095,0.007619396870191594
224,,-0.0052519972750195865,-0.002996622409739764,0.006177841470285536,0.0,-0.0022883790621452717,-0.0026516099583298227
225,,0.00010017171809816694,0.0012867994063164884,-0.011243239271411168,0.00619546144124156,0.0016419470669782744,-0.010187502987824754
226,,0.0021979523799067688,-0.0004285096370368412,-0.013093931044155753,0.00513674482868637,-0.0010795294693498173,-0.005086389909782708
227,,0.00039843533244615046,0.004690511279532926,-0.00975336899382899,0.005557112307286006,0.0006480396356413415,0.0011790807656025936
228,,0.008381468206254373,-0.00025454400371589315,0.003242163666695456,-0.014648757381136607,0.0006901781061670729,0.00410175485233205
229,,-0.0004885752364812523,-0.0028953072694138738,0.0008092531839214503,-0.00399124676475969,-0.00038809021468760884,-0.0007783057314294345
230,,0.004280715034494933,-0.00025639741878272687,-0.005058950139389032,0.0034943422690142264,0.00025876533947155497,0.001361121048469003
231,,0.0036633270064677427,0.0020469534291865164,0.00913320290670648,0.0,0.0010765324086052675,0.0015503612427123846
232,,0.0,0.0,0.007035498152104326,-0.009296794590777372,0.0,0.0
233,,0.008837278297723941,0.0016136901632348058,-0.002831886566963383,-0.006396205184796295,0.0,0.0
234,,-0.006062224242952269,0.002029812373828179,0.00675009176088683,0.008928541700190988,0.0,0.0
235,,-0.0028710625622710784,0.0036131895982878985,-0.002279504119764732,0.003520646232642885,0.0011596655272416733,0.0040435601880362175
236,,0.002584808911192541,-0.0010053117496025964,-0.0030162167050204773,0.001749677977139436,0.00012866078657215236,0.0024844196529973652
237,,0.005595311467410744,-0.0022704962182765543,0.0013163873533198441,0.0,0.0,0.0
238,,-0.004832387280163582,0.001934874499948558,-0.006827261702300003,-0.0014992919904384529,-0.0013743507732211745,-0.004020387591426236
239,,-0.0059480182833523704,0.0020098507844691247,0.0019238073757042507,0.013068035333006007,-0.0005165048956488914,0.00363909302619357
240,,0.0,-0.0005015913726820094,-0.0009444144641268566,0.0021805626490754636,0.0,0.004742288678630345
241,,0.0006756444019270046,0.0025021836946135926,0.006563040529825154,0.00432855226315768,0.0014189129895875044,-0.0015119057285242917
242,,-0.0018363430399968264,0.0006648213803471227,0.004360218301123438,0.0080602817870413,-0.0003435534496597332,0.007879424875113184
243,,0.003088329329995225,-0.0016639655677502343,-0.0013643518206385545,0.0011728186493050767,-0.00021485899706355377,-0.0009305649197852452
244,,-0.009331663903839906,-0.0001667477393866592,0.01207223231131288,0.006048119455202285,0.0005154831250949964,0.0020446172157673097
245,,-0.010944999188359561,0.0005000512721716641,-0.006720467558297417,-0.0046449050457636224,-0.0018068741506741827,-0.0016721519425915154
246,,0.002912379968479731,0.0012476149973457856,0.008319126917625786,0.009469172647526893,-0.0003881672970229371,0.01464258311503296
247,,-0.009000720078899375,0.0,-0.00447612106746335,-0.006444339490206373,-0.0004317042919116463,0.004654478404945182
248,,0.00406836213441237,0.0020714266203964295,-0.006126495569232169,-0.004428047566759219,0.0006905210349143331,-0.0019631179105108966
249,,0.0010111633948621968,0.000413102363406042,0.0023562563274544825,0.013832203632346697,-0.0002588167430027534,-0.0012538929614870228
250,0.0014305623099349035,-0.008980093066136242,0.0014016160608723,-0.011699148143584507,0.0018114498917023156,-0.0012964024011662308,-0.0032410186378329627
251,-0.0003571990456898595,-0.0033120807384141747,-0.0011539431246469982,-0.004862181639218489,0.004719417267255148,-0.0011266875735934882,-0.00018076773701257957
252,-0.00011913166496451875,0.008131358298712636,-0.0014881607316363109,0.004203440793724128,0.0,0.00017352691546345728,-0.001630304453450274
253,-0.000834837926527343,-0.002351688638302444,-0.0014101829202942007,-0.0050825595221041945,-0.01616695619769591,-0.001390160576891113,0.002894101384906334
254,0.0005964765144510412,0.0018415341312619264,0.0022375683522991856,-0.0036087261298830124,0.011221520459607845,0.0014335314744053768,0.006264401572172953
255,0.0011905009700005661,0.0030519765931113873,0.0033758959934541482,0.008081133798486434,-0.003632384850055788,-0.0009116996520487977,0.010186103786884919
256,0.001305792783896364,0.008631974810601706,0.001555585630754505,0.001133875828377658,-0.004583625469826421,0.0019080367389570404,-0.0022624087488080755
257,-0.0007117638554149831,0.006901533144197535,0.0025261594705357653,-0.0024220281231106143,0.01360825111991503,0.0006053488382181182,-0.0033279433489274
258,-0.002023022206454807,-0.00393029362843211,-0.00032513157565873936,-0.0024638877262739742,0.01319477129447395,-0.00043230591057846936,0.010766748085651477
259,0.0002384923079728991,0.0016747227722024806,0.001785218993932737,0.0007168331924402837,0.006450036605038283,-0.0002595902539321649,0.0003429092021054404
260,-0.0013133313928686866,-0.011053373770922439,-0.0023547856092106098,-0.005275716609561215,-0.0021393860105519374,-0.002517404605183694,0.0081496273829788
261,-0.0033610575420228187,-0.0012119853872354217,-0.01457167355193985,-0.015186288133737496,0.00042872114232126796,-0.001176891472597873,0.005847484709479564
262,-0.0007236232974930997,-0.011270364241015015,0.006352380501942205,-0.0024573674625622283,-0.003225772309118415,-0.0020124490696801153,-0.004503958558629145
263,-0.001087700676292179,0.0024840552864661453,0.0016563501461897695,0.0015300527405416814,0.00450940225414886,-0.0001315711644233181,0.003340743257029319
264,0.0013290424340477338,0.002880220289763846,0.0036218855111609834,0.0037291437857322695,-0.011033728488782663,0.0008326116425593672,-0.006707384006986678
265,-0.0006036060483858504,0.0017394312785784394,-0.003952650555254876,0.00752007472510364,0.004577299144319797,-0.00013135892077115592,-0.002202395304959319
266,0.0010858875881234256,-0.0018419680473004728,-0.0008280164222304939,0.004675243772814045,0.0,0.0002626781220634282,-0.0042670266810180555
267,-0.0007236232974930997,-0.003397366596789126,0.00247932822882074,-0.0009603847067595107,-0.013431723721590379,0.00017503052404524005,-0.004829376806925147
268,0.0003619623617539148,0.009304840409504835,0.0027929001841701675,-0.006071899287064602,-0.010181894683323431,-0.0010073902034735468,-0.0045330224983472205
269,0.0,0.00010115162079134894,0.001063144917460694,0.002508869882002374,0.0025110394794141135,-0.001581490858346962,0.017181610977339556
270,-0.0026614229812814538,0.008016738601387846,-0.0022109882789912165,0.0036927745009317564,-0.0022821622768028488,-8.802969157494326e-05,0.005856496709941064
271,-0.0017021642021193485,-0.009841082164880164,-0.002304828285504654,0.0049021185934162315,-0.000686993787182662,-0.0021180833622725034,0.003146475214592642
272,0.0,-0.0032623213074378394,0.0,-0.010973423432290127,0.012202624813530702,-0.0035532575539719054,-0.000991163188457611
273,0.0009734820145547304,-0.001229716202170622,0.0033707833688803104,-0.0027276306050784543,-0.002458066402875298,0.0020022833157419652,0.0001653510326100261
274,-0.0024378087131117577,0.006619694656771501,-0.0016410164316237891,-0.0025745965921294134,0.00044795721547940116,0.0005767229270588295,-0.006831552241695443
275,-0.0015919454635410898,-0.01240486368969707,-0.004877442419922465,0.00938824186697403,0.009958781168907789,-0.004635370987209309,0.004344652058661414
276,0.000490451189226985,-0.0016671593674613175,0.002982575886723176,0.006503350386395515,-0.0008760355605866096,-0.0028322187596779404,0.005123990528673885
277,0.0014801303116464153,0.0038456385847458973,0.001154381303675986,-0.0035150037541717815,0.004362613097664395,0.002877026031515286,-0.002141414641952679
278,-0.003461517184583518,-0.006988917555087462,-0.0018981071703575033,0.006742134513401404,0.004319224879092636,-0.003283140699493035,-0.002318008837528124
279,0.0,-0.014107261874302618,-0.0009107313033313333,-0.010780670285971886,-0.011320597377185496,-0.003444641375527673,-0.008042720255413749
280,-0.0013674662223765142,0.007858312597298002,0.0008280164222305526,0.0013853030490687303,-0.0006622026420013017,0.0038507560435054374,-0.0018642913704804837
281,-0.0004983299249053058,0.0086608287304789,0.0023923585950014615,0.009716612707575267,0.008530863460083651,0.004174430032734218,0.006908418710673557
282,0.001493277626741389,0.012878849125632098,0.004175547025611954,0.003670566452201897,-0.00390867672083885,0.004525575402827172,-0.0005017845525320494
283,-0.0013686415283389048,0.0,-0.0011422367558774342,-0.005902067783372634,0.0028264571677979527,-0.004030396359711682,-0.004542342787661015
284,0.000124600339947954,-0.0029540491459942556,0.000816189832228363,-0.0042401265299478515,-0.001954817172441198,-0.000810587198634236,-0.0006769985500361651
285,-0.002498824396076181,0.00040865162451038227,-0.0011430957429609907,-0.004416518255880471,0.004978261878124725,0.00013520297371700127,0.0010151024845149906
286,0.0006260552935127669,-0.006481359747728619,-0.0009002621335356455,-0.02391177813125672,0.000859989354090656,-0.0004508403621945291,0.0037018738672610794
287,-0.0008767303261035857,0.011960848796302789,0.0027584647910663548,0.004209774750844887,0.010398947638470732,0.0027428743029995644,0.00033497454950552884
288,0.0008767303261035821,0.003514947355802767,-0.0007284784742504172,-0.005645889758294046,-0.0006295644715479973,0.004415004773759516,-0.004036848416766596
289,0.001872769102563407,-0.0008914703408758603,0.00314795259766072,-0.0025412558706452504,0.0018859621131942002,-0.0008883097429244875,0.010187724754408288
290,-0.0006233594896871118,-0.0018880238306706381,0.0022460791647331575,0.0021977604248757565,-0.0008371944412383836,-0.0011575257010765145,0.006553039935670103
291,-0.0025024239901606043,-0.005310392047483644,0.0014377980162454504,0.0033433160449885197,-0.0027320817247075933,-0.0036709988202571183,0.00356246539013702
292,-0.0011308122509558443,0.0001007994624244258,-0.0032819387146183366,0.0009620738347696082,0.0,-0.002841631611724078,-0.0022636398033013946
293,0.003383641704417478,0.0020110917247870472,0.0015239825696784321,0.00713823435113585,-0.005943516757271733,0.002391818540021596,-0.000324342421276078
294,-0.00012485108089509898,0.004987359378971845,0.0013590450468992056,-0.004246663381923169,-0.007328219721917932,-0.001171699012005818,0.00048642284185630453
295,-0.004014304554683414,-0.002885688237488549,-0.0068381575659334825,0.0031717319305764997,0.0032482909986908154,-0.00230755541861334,-0.006860002818442417
296,-0.0008830972899967458,-0.004516101164963333,-0.002113359313398325,0.003662865007546849,-0.0054273948273597045,0.0002721143459345301,0.0027897342071412983
297,-0.00012630347097959246,0.008886896794816522,-0.004093286492759537,0.002836009203096652,0.00413099242619096,0.001674281399556856,0.002121299827023624
298,-0.0024067715544391403,-0.002179899306825899,-0.011501850226970754,0.010085429497442379,-0.007860748208042554,-0.00031626127517814364,0.0024348474274278366
299,-0.0021647915200449365,-0.00289032391543638,-0.007668730423548603,-0.001349422645040114,-0.0006615301841198966,0.0012636656004006422,-0.003086452173675919
300,-0.0001276773438278361,-0.0016029341635041695,-0.0006021713103663616,-0.0018187102549290307,-0.011629589352797773,0.0017988820661884802,-0.004918449872498111
301,-0.004750644806848088,0.0,0.0,-0.0015192006487877636,0.005182304336179828,0.0,0.0
302,-0.004150994391123948,0.0,-0.009046316683513562,0.0013376040263148607,-0.004729206244060122,0.0,0.0
303,0.005182573217954572,0.005287215305372682,0.014606046245299245,0.0009252443866120957,0.011617623326947931,0.0003140397196188121,-0.0023144793060199003
304,0.0009006258221920845,0.002964478963739972,-0.0017031177979562602,0.0007416975260693874,0.0011008738008860413,0.0009407589546892752,0.0006625393838775286
305,0.0012833770624819112,0.0023570993106316607,0.004245336658516456,-0.010903102316461848,0.005679988673732662,0.0,-0.004993858955561601
306,-0.0019264905842728058,0.0011737695845028947,-0.003392942897339646,-0.008077239891916967,0.0019489687842775428,-0.000671762673616478,0.009767278234268092
307,0.0003859823823044397,0.003696145559962581,0.0009357048573009766,0.006359644860530912,-0.004342981010782786,0.0018336955059850757,0.0011443866487376867
308,0.0019247829492656699,-0.0028178955500423003,-0.005042539071940878,0.00578381528466763,-0.005048716490369963,-0.0007593734197352053,-0.0006535659350868613
309,-0.0019247829492656883,-9.749567487487525e-05,-0.005188765208928117,0.002373165345864755,0.011547009527287539,-0.0011191432310237428,-0.003612300070214873
310,-0.00064349468270562,-0.004705719883268459,0.001996360682072235,-0.007146272578091328,-0.0025876609736424348,-0.00026902405273269216,-0.0008251845194023168
311,0.0006434946827056834,0.004998141271427431,-0.00112724996195697,-0.01039371969505377,0.005373670165057302,-0.002203289874845672,-0.001157898752297192
312,-0.004654584997278772,0.003976817013437699,-0.004275359412025485,0.003455951103818562,0.00042703492319989014,-0.0039397194135117,-0.003659339383247497
313,0.0016865826319348474,-0.007793739564197489,-0.0046722479539425,-0.010017279418830282,-0.0029981000459347014,-0.003196041940091498,-0.002848941797500745
314,0.0016800581180210952,0.0017658259417069559,-0.0064288186032028195,0.0039212541345463635,-0.005841159539667315,-0.002251306772525354,-0.0006730640353800485
315,0.0038524304819412764,-0.0017658259417069704,0.0076678907187524925,0.0017943435697729197,-0.0024024397703338697,0.0014715625495066195,-0.0027027359536932424
316,-0.0010239780326501107,0.0046930072000009645,0.001411767133167968,0.0012529990450481662,0.0015303622044035106,0.0010088145811451917,0.0003387632635910108
317,0.002300564730499445,-0.0013635630727464256,0.005688573284769197,-0.0008464443808766343,-0.0013114085915465921,-0.005392169271681954,0.003373177982126327
318,0.0005095858395190723,0.0056213862152904755,0.0021682245830200435,-0.009225502381848535,-0.0024145825659683522,0.0028196537123610587,-0.00303467875851809
319,0.0,0.0025922373880552176,0.0,0.0018551272708226625,0.0024145825659683423,0.0030302941216842896,0.0030346787585181175
320,-0.004865378218196007,-0.0034597663275388922,-0.002342151089910352,-0.004679846481556131,-0.0024145825659683522,-0.001145352427924369,0.0050111457733318454
321,-0.0005153302080804307,0.0019254940958172003,0.0027745000374169897,-0.0008895238214368402,0.0,0.002059464493258414,0.0004979490114435422
322,-0.0007741436664853713,0.0046816930355545435,0.005752328889088297,-0.005686053618939571,-0.0033143977850728277,0.0,0.0
323,-0.0009049151579735587,-0.0019048034127360455,-0.001366781558946601,-0.0042853724607799385,0.0,-0.0010971655904478096,0.0036342846550940556
324,0.0,-0.004605905992612738,-0.000342368548993015,-0.004233404375697758,0.0,-0.002847240596570483,0.003930293628432371
325,0.000517325233182587,0.0013484425884306912,-0.00034263866227061165,0.007326850093812274,0.0,0.00027635666341547464,-0.0024522622010320454
326,-0.00638009663777553,-0.005224367305113085,-0.00708433204365293,0.009225917197656284,0.007258572560291259,0.0009658658066297121,0.004404150798554032
327,-0.003291621653026431,-0.0009744102851473065,-0.006670782044784718,-0.010323008777537971,-0.0024060697658789677,-0.001334380450636027,-0.0034215836782974713
328,0.004601316499343167,0.0052360317251394315,0.0036991438890923356,-0.009656205769388441,0.003712874609171698,0.0037625325157136028,0.003096877508477592
329,-0.0026233512680735593,-0.00038569672330979074,-0.006093911727938233,0.007578590863577534,0.004973304575921319,-0.0003199222847460487,-0.001138387236089372
330,0.0010512428295418625,0.0,0.0027484278599415593,-0.009787435915588935,0.0021446684665889586,0.0,-0.0019584902723882524
331,0.0020948824792690465,0.0038416392192153186,-0.0011504496314321065,-0.013588526110920518,0.00042766569866846643,0.001278277543597815,0.002121299827023624
332,0.001824769415248584,0.0024789653540737183,-0.0029341329546041144,0.005289941310572523,-0.0030025417109899714,0.0025453229306555787,0.006943692335974051
333,0.004271146898333232,-0.0021922076798055437,0.005496349719204189,-0.0031242383714188407,0.0012893462668703442,-0.00018131488913965437,0.002874018089411205
334,0.0014144318352755291,-0.002587660973641125,0.0036842006923765943,0.0054850756482687415,0.00021451938292568358,0.0009510597804609325,0.0017470271504911904
335,0.002176919254275082,-0.001540735919842366,0.0015694256537819458,0.0072694028312803565,0.0010710103625254485,0.0005425290922951216,0.0044155229643325035
336,-0.0012792188391729108,-0.0019336384654606656,-0.0005225119722778046,0.004611540154977565,0.003197274430147567,-0.002992332101638407,-0.00568539077522566
337,-0.004636639933015951,0.0,-0.00026149191873048376,2.3127203542583724e-06,0.0035953486041373846,0.0,0.00047663565995479035
338,0.001163809044568885,-0.010593073497424239,0.0008710281337424141,0.00240670642928073,0.0010518156797905116,-0.005586152587198993,0.0037943698097363037
339,0.000516249073452131,-0.01004426087356598,-0.00026112505961796916,0.008697093358514167,0.0016776244208234457,-0.0031914856069975434,-0.0033182566812145547
340,0.0010306607789554456,0.0022297548634481155,0.00017410081688394303,0.009499433710956426,-0.0037838093533876303,0.00027845340678426487,-0.005748099111959298
341,-0.0003862112143383036,-0.006108321256049947,0.0003479923919369417,-0.012049532449902839,0.005663422932762998,-0.0007429395279620651,0.0012839461883940848
342,0.0,0.0034719235895762533,0.0,-0.0037972548751148217,0.0004165894630248739,0.0,0.0
343,-0.0015654969738560526,-0.000305232165713785,-0.0020921492819928477,0.007619485106660886,0.002076974221176817,-0.0028441739309706267,0.0025565606242487914
344,0.0011746514560373486,-0.0012230784387058328,0.0029609122880494723,0.008938563004200041,0.00165445717001268,-0.0029100139004913897,0.0009548435108399611
345,0.0018209438916268765,0.0,0.0041460408619110505,0.00617933018834161,-0.0008264407477823145,0.0,-0.006889892786193099
346,0.0027171797617124736,0.005980576345920955,0.0010303551260038245,0.00233922529689084,-0.0012337919715747982,0.005940041897378625,0.0025764672192869634
347,0.0021872379788973385,0.003009675814265327,0.0005142623240384608,-0.0028980135732887655,-0.003722546921814502,-0.0013958480472398738,0.005583293377799411
348,-0.0008992937315749984,-0.008072620562274908,-0.003439974277409034,0.0007165224050052315,0.003928422480020593,-0.001503563486111779,-0.00015853056642626095
349,-0.0002572834683676634,0.0025388502205550808,-0.003119447040600987,-0.0004919607485854412,0.006334211996746086,0.0030954165387717353,0.002371903666943564
350,0.00012866078657465885,-0.0014199271748797416,-0.0008705043642148131,-4.267141020590305e-05,0.0022255996999127705,-0.00046758669665777393,0.0009451461443125095
351,-0.0014173693936220845,0.0014199271748797104,0.0039036019698138334,0.0058624391733143166,0.0,0.002797998394337391,0.005317319712945379
352,-0.0010337273119826358,-0.011595556244866956,-0.001461259407741652,-0.005995369409928275,0.003617466854177849,-0.005519974016552231,0.01104978428316285
353,0.0020649999411878803,-0.001145484251399104,0.001890107553486296,-0.0009412349584717047,-0.0040212739329235775,9.41457801009142e-05,-0.0009101529322829057
354,-0.002841913353930513,-0.002587249888803577,-0.00128781694218053,0.0046236635417903306,-0.0018217926211670005,-0.002217839409956367,0.0007585931743658331
355,0.0007769134127426709,-0.006062452222086086,0.0002578690715439848,-0.006950430460201333,0.0008106292263044735,-0.002514630671099204,0.00407366231908445
356,-0.0022048744364478396,-0.0020045207834812426,-0.003970917381522103,0.010162039971592481,0.00483225549345012,-0.0007620038922154796,0.007444379769018353
357,-0.0002601344683364792,-0.013859924065232286,-0.005937371278726796,-0.005919292554772422,-0.00951417244887161,-0.003734036405505899,0.00014759370809937163
358,-0.0019559910645169883,-0.003727872519243493,-0.005307126920936113,0.011479333222110581,-0.006599093454267258,0.00014421201590368026,-0.0016262961305203761
359,0.003125371079064544,0.011518116945493323,0.0035452807646496587,0.0039246085262472025,-0.003966187217601918,0.007339289137785601,-0.0004445942874918529
360,0.0006482976004625019,0.00426828479267176,-0.005775868523335373,-0.006531792647885463,0.008102356404240054,0.002497441650492094,0.0074968923946565225
361,-0.003512360319114771,-0.005234457564693517,-0.005491204546389053,-0.005996535498183077,-0.005593185349946833,-0.002686511954698476,0.002470478869389492
362,0.0015645570156685683,-0.003344477822462919,0.0016275889701719783,0.0063053569076698315,-0.0107655663358641,0.0018399337491931166,-0.004515596253281326
363,-0.0028726739140014575,0.01027457241438949,-0.001990105253243798,0.007298838983944145,0.008885048441140403,0.0012692492674838247,-0.007234717570630557
364,0.000785342857592916,0.0006341609526484823,0.0009057239610239908,0.002773896507921433,-0.004208312791762991,0.0005629222847793672,0.0014862933120593463
365,-0.0035452807646489445,-0.0022236264888471488,0.0,0.0027097185495669556,0.0035796596321934957,-0.0031995837861197186,0.006479929369872113
366,0.000527056474764189,0.0017163718289958457,0.0012648485634240696,0.0010875476174094518,-0.0018914379459548738,-0.0002834512111302816,0.0024779413396970843
367,0.0,0.005338633668079073,0.0,-0.00047354371568147073,0.0014718297182373513,0.0010855597766202978,0.008776831222019532
368,0.00092081251315964,-0.006100628275711943,-0.0008126939344468825,-0.002505562779810984,0.003761958399719453,-0.0017476662695200009,0.001422052619298007
369,0.00013138541377060527,-0.0008482316796158458,0.00027106699011865556,-0.0014920687691178777,-0.004812756110280557,0.0008983286808850962,-0.005860241545107581
370,0.0006563315166383638,0.0038040635790334396,0.002791163113939747,0.003454305418769002,0.002308408092938013,-9.44734573890108e-05,-0.0005759874609583221
371,-0.0036882980227285387,-0.0008424725860192828,0.0,-0.0057448217278021595,-0.0033617544300806037,0.00263751932946312,0.006152190747476142
372,-0.0010595784015376788,0.005863273961071411,0.0,0.002042536700763494,-0.0004220549233068619,0.003879950675544276,0.005224870637259546
373,0.0015883997538216168,-0.0041799599083221705,0.001165170085911118,-0.0020042701932650943,-0.0025409793513641835,0.00116189935509141,-0.0016876749809482095
374,0.00039619386835082525,-0.00042021723830054864,0.0024990298081760164,0.0019421526643047195,0.0025409793513641995,-0.0013480920618673066,-0.0011287712186738828
375,0.005248335556344862,0.00368403157705616,0.004779323151006836,0.008820962973911885,0.003993057481695927,0.0041701486917646025,0.0
376,-0.0002609158876333127,0.008340163648771614,-0.0007929103200838909,0.007232651619739525,0.002503145153804328,-0.001478136230227757,0.003097088847128681
377,0.001953058973882258,0.0018363430399996803,-8.819057435246204e-05,-0.009348835326456001,-0.0020849511090656183,0.0018008090013548015,-0.003945596733911855
378,0.0018149646554451136,0.0015446656411285471,-0.0010596861261709493,-0.005478477794830565,0.001668760869352874,0.0009665823628505605,-0.005412726774638095
379,-0.0029857457560275263,-0.001544665641128565,-0.0030165621553953164,-4.415524427338902e-05,-0.0008335789159944842,-0.003601059176374507,0.0062612346614213535
380,-0.0009127946231625907,0.0005290567364419869,-0.00035627112900880144,0.0052615120993560706,-0.002300626281064908,0.0011112018392324834,-0.0012733843092928422
381,-0.0005224595901112389,0.0075398141346509255,-0.0016068467815031461,-0.005305698294401241,-0.0046381404922573345,-0.001667870766424051,-0.004987850352128445
382,0.0010442914124653728,-0.003290125447048426,0.00035759119509061915,-0.002480953889460436,-0.002764184736473609,0.0017603427101147897,-0.0022993805236922677
383,-0.0005218318223541401,0.005204549993604114,-0.00017875879318290502,-0.00832653131475518,0.0017031177979533881,-0.001250035617171151,0.0017256757085548408
384,-0.0019624727559799035,-0.006616497441967597,-0.0006262358430439778,0.0018919073051805466,-0.005344572519035539,-0.0018119828151199175,-0.02132566540675516
385,0.0017013215262809951,8.080649049209561e-05,0.0008049946362268832,-0.007285767099011042,0.0023597189695739136,-0.0020534056310589402,0.0027049570745846974
386,0.005193418920871735,0.0028187965189284325,0.0032938347559268773,0.0024894473244160336,0.004892911457378373,0.0037726499273761974,0.006689590310463851
387,-0.0003873594565443826,0.0006016548852844391,0.002916815259011471,0.005815242596721498,-0.003397920370427467,0.0006950566678085519,0.003233341026902175
388,0.0005164025363526251,0.008533362365295725,-0.000881816509871608,-0.001733523403028895,0.008027072047947555,0.0012021360309960466,-0.007085859134930855
389,0.0005157892315354941,-0.0023645855976396055,0.0007055963890093309,0.011435138134357203,-0.0010477555911939374,0.00013849412242910713,0.003557380834079056
390,-0.0006448323113436974,-0.0008702506420358128,-0.003006734140598855,0.009760785801654535,0.0006289566369430557,-0.002638970378706147,-0.00400410929647843
391,-0.004410435868818639,0.0005935418197392272,-0.0003551058921483955,0.0057181537019158875,-0.0031539316674466717,-0.0005111260741835737,-0.002240561196076843
392,0.0002606809693530994,-0.0007123475876519212,0.0026562436437378577,0.01578572419450133,0.0018951062008739992,-0.0015369974649079724,0.00029941020276079904
393,-0.000913068777030261,-0.005861658907495807,-0.00017657836465915827,0.001111187038896771,-0.00021015944368697135,-0.0015892830549065274,0.0044665578673734226
394,0.00026107273518582075,0.001202699416942833,0.003342773301326023,0.003186905802219845,0.003141763028026011,0.0002808846590765013,0.00014809701146149763
395,-0.0014378460992043862,-0.001323152747880094,-0.001580212108110941,0.0060817658976985815,0.0014584141185972686,-0.005368123310094461,0.001182961526517337
396,0.0020898421410488403,-0.002820103947646377,0.0018430226951927516,0.004000201528010458,-0.003550395436772151,-0.00037921371708926236,0.008046784520359262
397,-0.0005215185038624314,-0.002106853003921093,8.756819908802494e-05,0.00022556852840182812,0.0016743904380168598,-0.0003320838408920597,-0.0052500979684900985
398,0.00363754609134533,0.00612998952666958,0.0017476662695200262,0.010107946427826475,0.0006262358430481305,0.0020359440635044817,-0.0022064119358181744
399,0.0009046458778605031,,0.0024349774426563157,-0.0007852069184702586,0.0014577148057910458,-0.0018935913230100703,0.0013251918528105748
400,-0.0034997804710810597,,-0.001999157554696312,0.009038125445892541,-0.0010407253528211303,0.0006163232588041794,0.0029304732100042417
401,0.000130125688436171,,0.0013048416883411076,0.012012143176329832,-0.0069320542591206,-0.0014711404483119615,0.000583729230222241
402,-0.0011725371865610097,,0.0006943158663551548,-0.008243265559543782,-0.001060030992225219,-0.0006184160379786503,-0.0002917665423161071
403,0.0011725371865609878,,0.004142745071956008,-0.003156132657090518,-0.0006372627436937094,0.0009510449041017941,0.0007290491587896886
404,0.002335619813433611,,0.0035927658589211603,0.012355475444494089,0.0010615856713450157,-0.0002850948561265132,0.006219810796537931
405,-0.0023356198134335694,,-8.51975445412708e-05,0.006007994577292322,0.0006357080645739099,0.0010918487560808922,0.0017199803942738179
406,0.0016880954920416955,,0.002802731523107874,-0.008422488691008895,0.0008461658437214888,0.002081136328755182,-0.0025825317838714117
407,-0.00025928029540455815,,-0.00016934860105656305,0.0013185441970730342,0.0021082297803315247,0.0,0.0
408,0.001553364929611945,,0.002785842559190526,0.0020846997782553753,-0.0004208280192677435,-0.00028320475858714813,0.004438188925809595
409,0.0009125206338818398,,0.00025237452443275507,-0.0005878507526986445,0.00021046498202197543,-0.0010873323138916727,0.0024147261529755917
410,-0.0002605245920384974,,-0.003122916153985414,-0.0038240346019540517,0.00021036303724574423,-0.002182865846297493,0.002119547798584402
411,-0.0005215185038620452,,0.00042333026249447746,0.006406638716966163,0.000840434673315275,-0.001668257208740118,0.005323676440202877
412,0.0,,0.0,0.008243453275966029,-0.006309473907008011,-0.0011476628089940944,-0.001534364628266892
413,-0.0015683236371851822,,-0.0005927779750991774,-0.0016397583807098335,0.0006350883148378642,-0.002641556001674307,0.0026468711140564235
414,-0.0007862907674141237,,0.001438202579048063,0.0025967936218615328,-0.008976878773850007,0.0005361360089374635,-0.0016698302477447062
415,0.0,,0.0023584707871014067,-0.000553707052839662,-0.0012976936405404427,0.0023317880548234292,0.0052659197527146736
416,-0.004085337040390296,,-0.004560007287326363,0.0025873022336088945,-0.0019538400048486945,-0.004529268617243587,0.003976204562658039
417,-0.0005299506232975398,,-0.0011810657525032798,-0.0007021907308627133,0.00043494693861132014,0.0014174273991328097,-0.0004096473957886761
418,0.0005299506232975391,,0.0024429392269113563,0.006204351370532972,0.00260057353052483,0.0009748477312106087,0.0
419,0.001190029770976836,,0.0019277795011127512,0.008925336409371288,-0.001081680464287441,-0.0027351069917687654,-0.0001366350434132106
420,0.0014500663952326921,,0.002667972188035691,0.005418187374367474,0.0,0.003318967015045675,-0.0019174180457191049
421,-0.005029983173631878,,-0.001498717107397997,-0.0009598997081866586,-0.003916509846385784,-0.0057756682255000425,0.0020540530891322946
422,0.0010637959560300028,,-0.0005842340408959996,0.006417867141349881,-0.0050563836588844455,0.0012792188391731259,0.005025512161640432
423,-0.0010637959560299605,,-0.0053783285739989525,0.0015158387703569608,0.005711592958775377,-0.001574959049378157,-0.0005405034697702331
424,-0.0009329638000446699,,-0.0028845607870284923,0.00587412901940008,0.0002181836177029549,0.00019718251503501077,0.003769473599967771
425,0.0002667656606610228,,0.0,0.011174181142906785,0.0,0.002604251458206467,0.00026800030588604464
426,-0.00013336234770980785,,-0.001022671937011616,0.009804834803267857,0.0,0.0015648506313283238,0.0033361239629413086
427,-0.0001334033129511747,,0.0009375411944279717,0.01076433867425176,-0.0013107489282753694,-0.0002441365413118904,-0.006833094399024921
428,-0.0010687042782101292,,-0.0005111351887412089,-1.6561237815162917e-05,-0.006835951716379555,0.00039055261795959995,-0.0016235326642131474
429,0.0012021075911612632,,0.004241190756005516,0.0010087632737842743,0.001331511973721453,0.002772567569550006,0.006458029509828623
430,-0.0018713857046663064,,-0.0016067772502244898,0.005273787121039822,0.002430552922967166,-0.0018951062008743728,0.0005338592951372003
431,0.0006692781135050293,,0.0008464132125723329,-0.0033029305382936635,-0.0024305529229671366,-0.0018545022349872277,-0.001603550678048978
432,-0.0012054442086455869,,-0.0017793770126183657,0.003703012608600359,0.0026508392487163863,0.0,-0.0018783232080128807
433,-0.0006711398058006735,,-0.00900791218093565,-0.0034796638766125595,-0.0011025506858551887,-0.0022555708562287304,0.004813658069545133
434,-0.0017498329157236338,,-0.0008677215312275635,-0.0012054804118597105,0.0035183542859655156,-0.0021685198486005777,0.004102766742505574
435,-0.00026983193282093703,,0.0003472966853645624,-0.0013600796048545154,-0.0024158036001103397,0.0014797100580479557,0.0005265771871583064
436,0.002422473177224377,,0.00380204521469502,-0.0024179570613336787,0.002196739544064192,0.0009836798812537107,-0.0013176420359396692
437,0.0,,0.0,0.007112914630422179,0.0,0.003230425782130935,0.00013194424585968154
438,0.0017411984047485786,,0.007167301466814975,-0.007995240212492703,0.001967609878152779,0.001994746548096238,-0.0018508773057535027
439,-0.0009367008324870837,,0.0003383673579070105,-0.005708008989313213,0.005203790449718906,-0.00024277181128747166,0.0027733663108638913
440,0.0014710527693572659,,0.0001690848695289566,0.008360445954776512,0.00021547729635943937,0.004060663652113915,0.005104016797885611
441,0.0010667355241021088,,-0.001015498082101294,-0.006095011225780536,-0.0028095784799116365,0.0004328277128238078,0.007353446273291531
442,-0.00039971883346542203,,0.00016941466253427836,-0.008318452474499555,0.00043342766262510237,0.0033040921540451267,0.004960512208378719
443,-0.0002666837553276799,,-0.0019522700878308952,-1.92465098319437e-05,0.0006493315167808332,-0.0010507514860479286,0.004779425679553198
444,-0.0014696950807754515,,0.0014438277094811827,0.009818648506963335,-0.0028208084502147853,-0.002157215284270771,0.0032400886382044844
445,-0.0033588294405557527,,-0.0035758618484925155,0.003688324975534116,0.001521173120532422,-0.0001441960553016491,0.005796434376428895
446,0.0002696643873669425,,-0.0015415714616824367,0.005772764020959886,-0.0017389191676627166,-0.0025070354986797155,-0.0008584109453798317
447,-0.0016205036783274015,,-0.0029268718083141207,-0.01210029680719903,-0.0006538939482276056,-0.0016956133833953195,-0.007178584627123214
448,-0.00040607247643061474,,-0.0006915518689029906,0.0007790149861588229,-0.002844972766249164,-0.0038517529008500234,0.0004989023890444711
449,-0.00027092607360487523,,0.0004323489475074351,-0.001425345323186054,0.0008773628880963724,-0.00024493513812793926,0.018545728214302875
450,0.00013548416329015633,0.004496950646975504,0.0034433836037710336,-0.010100338290691612,0.0008755940101060898,0.0029301436816742145,0.005459909618066367
451,0.002027206801566751,0.008731315086778949,0.005622564959088857,0.0037162446450160376,-0.000656529954059909,0.0012636150957281932,-0.0033152411514759637
452,0.00013481126350603707,0.00012525918903692103,-0.0011017331042205303,-0.001843533977473526,0.003707281458678175,-0.0017506015583984937,-0.003580354011744399
453,-0.0029755577632929447,0.0007091204756917085,-0.0037498186654541747,0.005448103919627474,-0.0006519307932780224,0.0010220416124936172,0.010653710398985003
454,-0.0009510597804616266,-0.007228602226876024,0.0015379320959043818,0.0016001425850253972,-0.002836397052542935,-0.0023885159944998487,0.005230426310050272
455,-0.0005443992964850409,0.0046367899452432705,0.0006817811163208164,0.009625179107574315,0.0,0.0011715267939934808,0.004025000838832914
456,-0.0019107896149635666,0.0021748228286614687,-0.004450829861860195,-0.0013739383171042323,0.0013114085915463774,0.0014599783423585855,-0.005645504517157767
457,-0.00013680720916539588,-0.0060917758039272145,-8.604150239116155e-05,-0.008525812673519161,-0.0043868502481136445,-0.001703785951020144,-0.0018594386741775653
458,0.0012297162021727153,0.002110278602559946,0.0004300371496074748,-0.011009309906820478,0.0,0.001509405515010718,-0.003860420813241571
459,0.0019059976506858,0.010605754998255824,-0.0005160957017368952,0.0060705283138847805,-0.005323390229259212,0.003196204859464278,0.007686828666294271
460,-0.0012243235476144501,-0.001852882799717683,-0.002589718358897617,0.008297204135979704,-0.0017890632175872642,0.0017335205795500584,-0.00604488159931608
461,0.0,-0.004980019960059921,0.0,0.002497871329281115,-0.0015714989353515737,-0.0014441195369198849,0.0008186514806789121
462,0.0012243235476144996,0.004980019960059906,0.0007785382698679218,-0.008424871768021456,0.00044958024915848273,0.0010113876619669022,0.0019817525173339147
463,0.0010853975831470774,0.003493279393634722,-0.0019923786980417836,0.0014108288116517452,0.0011219186861931092,0.001776258025803308,0.005087639972757491
464,-0.0019012296613247117,0.0,0.0015600297505343097,0.010062888682398708,-0.0008973029677631648,0.0,0.00887507164497769
465,-0.0014996842090776157,-0.003699644083623189,-0.001994367702431456,0.003289372144981273,0.0013452601832427955,-0.003946408750492185,0.0015739397881195756
466,0.0,-0.0031072955013912687,-0.0015672231671260022,0.0009927445764917556,-0.0015698759016727882,0.00014501457597134235,0.008776168717632853
467,-0.00027322711307265575,0.004055762201665593,-0.003415177351815808,-0.004468426585155079,-0.0036097411504908143,0.0010619632502642399,0.0038321960151149726
468,0.00081916619427076,-0.006348658960814545,-0.010679910684796115,-0.002289197766783267,-0.003411600276667034,0.0017801936885613492,0.0016320743818592446
469,0.005421974067421508,-0.008228317443020763,-0.002349008541214594,0.0014423147952734743,0.0,0.002155312026135032,-0.009663588181388195
470,0.0,0.006133308643766834,0.0,0.008062649163585378,-0.004360192584730192,0.0018593238558623443,0.000998251068327081
471,0.0005384929169792245,-0.0017676512667066965,0.002349008541214611,0.011115502028959908,-0.002312542641427413,0.0009029488568812795,-0.014303224317668761
472,-0.0022932204835302626,-0.0011824438939383067,0.00036026089324550653,-0.003676877597340335,0.0027735771665735346,-0.0010456914980686623,0.0013718184038006567
473,-0.0021858214466440205,-0.0012704869574671966,0.004834496845617467,-0.005154297684966069,0.0018392594219857944,-0.0019077319580350029,-0.007250877942601171
474,0.0016403965939155048,0.0023263943142372667,0.0,-0.0010081913042542816,0.002516330084658974,0.0017173354263120722,0.01773805161761362
475,-0.0009561448659457969,-0.000633236294793681,-0.00627733698302939,0.012126308859715393,-0.0006848271830127374,-0.0003333949139241759,-0.004367056210207367
476,0.003405180389074442,-0.0015659419422077987,0.0034189508068041,-0.0053603532873518454,-0.0002272008850686415,0.0015220060940480755,0.004923772709854083
477,-0.0009507623416673994,0.006104768240217826,0.0,0.004932780102929953,0.007435573535242621,-0.0009506285548999013,-0.0032389348981566447
478,0.003655813017227527,-0.007166042611020438,-0.0022462783184802795,-0.014928043156702951,-0.0008945306600291654,-0.0007620038922155278,-0.01459184334387641
479,-0.002840746499787314,-0.00034015625933574346,-0.0018958941074198928,-0.0054875222945926765,-0.000447957215479378,0.0,0.0011578105548561855
480,-0.00013573823579754552,0.0021216186888874363,-0.008220330246690867,-0.0022921223243627243,-0.0006728033598163246,0.0,-0.002086286551261279
481,0.000407087499174172,-0.0048953094064335964,0.0004607899444508595,-0.001008736948620775,-0.0054202822999177775,0.0,0.00462265654300382
482,-0.001903014859206785,-0.0038699764366028266,-0.0007320599826971978,0.0012912114397222862,0.0,0.0,-0.006952568149936663
483,0.0008165990783898896,0.0008629798803855759,0.0002746671211422182,-0.008558191737561135,-0.003193356166350345,0.0,-0.0026949427050335793
484,0.0004077244692219559,0.005187247435297175,0.0040992966512516,-0.0014991315947207465,0.00251103947941373,0.0,-0.00047039753518719773
485,0.0005430378724454601,0.004084796734308722,0.007193447800071245,-0.005692078002841841,0.0036266973337184824,0.0,0.010002939631866907
486,0.0,0.0027020083639455717,-0.0017872226123705087,-0.0014375491904854978,0.00022566614272474027,0.0,0.010563980191387804
487,0.00013565343914944818,-0.00010361314182675532,0.0008945306600296257,-0.005039399458687138,0.003594801543843036,0.0,-0.01344813531188609
488,0.0,0.0028918645480368525,0.001605526715418252,0.010526939215250398,0.0024542779423109514,0.0,0.003917779920751683
489,0.00040670627155554227,0.0011308419931587697,0.006889501726312248,0.01117413626217266,-0.0011138618106420286,0.0,0.00045860034029425494
490,-0.0012212632128833546,0.004087507649984015,0.00017522472777943015,-0.005699614189873548,0.00532067275941205,0.0,0.007385172418902284
491,0.0,-0.0012222179227224157,0.0027069815073799174,-0.009345756383191397,0.0,0.0,0.0037018738672609836
492,0.002574206618287407,0.002035123133206663,0.0022574334172541493,0.0020233173797087386,0.0024170258698132385,0.0,0.0
493,-0.0014884698480410717,-0.004387365568784535,-0.0033032966124151297,0.000503905619414941,-0.0021967395440637095,0.0,0.0015610088042635694
494,-0.0004068332680679863,-0.0031907073105198577,0.0036495549380359746,0.011813951323101457,0.003072333554169112,0.0,0.006188524811876468
495,-0.00040721473391671736,0.0020612021695525264,8.652146295941017e-05,-0.005247516031243604,-0.0013140538978305243,0.0,-0.00032930203668118046
496,0.0,-0.002474619127856179,0.0,0.00366364772163993,0.0,0.0,0.0
497,-0.0014963959364834728,-0.0031132354241448284,-0.0029514429772653007,-0.00259339340300734,0.0,-0.01134875307795697,0.012020886468323638
498,0.001903610670400172,0.0018706180330507283,0.0013914132267323453,0.015514306314757833,-0.0008782500099221864,-9.786917943457429e-05,-0.007324584519919581
499,-0.0016311549011741768,-0.005321152111292445,-0.00034743560405328303,-0.008539957266811362,-0.0006598549994182257,-0.002306297793197659,0.007324584519919536
500,0.00027228495055285845,0.00010496543420033901,-0.0011310891427561759,7.090896466845607e-05,-0.0026494915844073818,0.001620595299712202,0.0034045797631587858
501,-0.0009537451278804577,-0.00010496543420038993,0.0,-0.00498460995960339,-0.000664906200665066,-0.0007849879803744508,0.002536033378017149
502,0.0016337115763233802,0.0018855072246170986,0.0006094140266933116,-0.000941969863607289,0.001107612132887822,0.00332644392297722,-0.0040222540283219605
503,0.0012212632128833314,0.0009396927183684751,-0.0009580349419853567,0.0026425141046531827,0.0004422551114391064,-0.0006339710591564213,-0.0019183591128539264
504,-0.0005423597107050149,-0.002090974101323267,-0.0006107607984665661,-0.00538682097401373,-0.0026603114235912873,0.0015588825958898723,0.00488573168519983
505,0.0037823708730304324,0.0024037537201012354,0.004084440440429615,0.004409415939045206,-0.0024530177158683915,0.0020859758306683717,0.002317366304051176
506,0.0,0.004664862056169638,0.0,0.005751508496680761,0.0,-0.0004357712988539784,0.00355723800019923
507,0.0,-0.003208194963032877,0.005500735884416754,0.006079918060770683,-0.0015682562170554494,-0.000921400061563413,0.0012485714835668356
508,-0.00040368196421918727,0.0017622666959656026,-0.0017972602494657369,0.006121631710450943,0.00022438361744410437,0.001647442830666125,0.0051640856000072875
509,-0.0010783232899319705,-0.0015545696657483425,-0.0024079755734709696,-0.006249856677418222,-0.004283240094312037,-0.00029027147024875274,0.003884043377390475
510,-0.0021647121797298235,-0.003335131202110355,-0.0034632917337266396,0.010052324976252606,-0.005012898573971394,4.839205330130814e-05,0.0018277559533754202
511,-0.00013565343914946767,-0.011878880208531908,-0.001567537429525001,-0.0010349450042426084,-0.023544761389752873,-0.0020857428509565472,0.006437090248828791
512,-0.0001356958242272039,0.005343257384346896,0.0005231413785377477,-0.006932353769788167,0.005051391270727954,0.00087432091651153,0.002588056370737853
513,0.002166061756507726,-0.003519164229056959,-0.0013964464825884468,-0.004546240098957122,0.0011941016098535656,0.0005334420078789066,-0.006398561146693421
514,0.0012136788948737117,0.0047918229622040225,-0.0008750647367208159,-0.00746758259116938,-0.0007160669089714586,0.0030426093154763715,-0.0016144794871825912
515,0.0036208179507442695,-0.0006358631910445754,0.00017515405839305288,-0.009081323078598649,-0.0009565961618716409,0.0012974782553838735,-0.0026363976664761923
516,-0.0006682482960287681,-0.0011681726815661844,-0.0045771224352285445,-0.003599786811505278,0.016674071817735534,-0.0009126359777393205,-0.003882215997895022
517,0.0009352599748376927,-0.0015980435615883448,0.002910299834449441,0.006658358053486396,-0.0023100824780745315,0.0005286019242827584,0.0059116331575947935
518,-0.001202847464450635,0.005198652428729687,-8.790496577123076e-05,0.0030852340119658095,0.0013875234866413562,-0.0002401938460114547,-0.0067333826589680845
519,-0.0006696909297777954,-0.001267397247441909,0.002629439809684904,-0.0034060531099656443,-0.002779494171547049,-0.0007695142334912978,0.0038895358524278175
520,0.0057258725227282955,0.007653426109051843,0.004174268245260858,0.002982173303514113,-0.0018629282480649143,0.001585631888385487,-0.0047128431736932555
521,-0.0010595784015382105,0.0022803103943690828,0.003104580605303005,0.0008868016869357508,0.0027914042444706147,0.0,-0.012116745484754532
522,0.0,0.0009294142976761356,0.0016296247335109845,-0.0009437971884894658,-0.0027914042444705644,0.0015320734024409585,-0.015088670794222254
523,-0.000265299019797085,-0.0010328054377685243,0.0001711842678446398,-0.0018603102021481723,-0.006110304542659156,-0.00028685237628263974,-0.02598635411682628
524,-0.001595206502046262,0.007686828666291713,0.0013670504520867787,-0.003223560016526492,-0.002611234595710564,0.0005257513766975313,0.018910116397890437
525,-0.001066735524105613,-0.00030487504369402997,0.0028060240353096843,0.0008054662546003405,0.0026112345957105543,-0.0014353692097658153,0.00044565881992113845
526,0.00026692962235889966,-0.0003050892165518165,-0.0011032401174112443,0.00903586632558762,0.0016535572727224312,-0.0016806153834243403,-0.004927581795704629
527,0.0023950124037929385,0.0007115417327956104,-0.0002549923638587804,-0.0023885195235107044,-0.004741253223850822,0.00048083982093436643,-0.008415500721771685
528,0.0018536987736206406,0.0007103778598269787,0.0048194372642615295,0.009778756185720413,-0.004793585993935288,0.0020615662404081143,0.0001148167837240313
529,0.0013192430615280538,-0.0029505888298601603,-0.003291724007412502,-0.0033355810499324646,-0.002901755663151373,-0.0007180400895576652,0.006494883074785773
530,-0.0005272164312441334,-0.0006129774932947717,-0.003146150974930592,0.0002123554886054079,0.004345395159451735,0.00014370302295220827,-0.00045262586890464356
531,0.0,-0.002666279101777408,0.0,0.009048551019572445,-0.0016847133198116583,-9.579673181071621e-05,0.00472920624406099
532,-0.0005278572292541261,-0.0006176267671486341,-0.0011108374506268945,0.0009555269118787846,0.00408016606641541,-0.0010071435268367594,-0.0011213393317240508
533,0.0034196592581366573,-0.0020651226829672374,0.0010254892176884177,0.005233420843279836,0.0,-0.00024014072046904831,-0.008160261655710243
534,-0.0005243519887225263,0.006981716496994306,0.0032314992078690706,0.0052126121881858984,-0.008442535710593564,0.003159215496807565,-0.005758430716036619
535,0.000655341126167388,-0.001326091051392235,0.0012690020188063941,0.009295122661412431,-0.006132472437601469,-0.0017203589120756196,-0.0005800648410106647
536,0.0022207917822927976,-0.003796573695041467,-0.0033922803358465915,-0.0008227868176741733,-0.017389221166744986,0.0029586157581024198,-0.004551293781321168
537,0.0007811053938412069,-0.00010307214523444657,0.004067568296048853,-0.0024918579254109264,0.0028192718072661323,-0.0012859526872590048,-0.012375255407352976
538,-0.00013067383336161026,0.004716180946900801,-0.000675287960202312,-0.00839739609603282,-0.010079288926880342,0.001666245602892502,-0.0026636488856536565
539,-0.001964840398202583,-0.001327650243768144,0.0028627502619220555,0.004761463646815358,0.010334681161174848,-0.0016662456028925209,0.008895354332597801
540,-0.001314849572009562,-0.0047306994320792444,-0.0015974454475885637,-0.001498015788324944,0.001783552740417662,-0.0010984525659907627,0.019315501575582712
541,-0.0007908247682671146,-0.0071940954213138225,0.00016842912055153227,-0.005678072896817824,-0.0015202856198161354,0.0010030451662434272,-0.01153266071045368
542,-0.000924452644433494,-0.004119569936465278,-0.007473378468579317,0.006469370911110157,-0.0015256262125837334,-0.0016251408337118725,-0.009929865472557546
543,0.0019785659820886416,-0.002981925764259851,0.0017098230034225874,0.010102339288527313,-0.009268046649270506,-0.0021603152582125315,0.0057019788244685845
544,0.002100582000348287,-0.010163192512744794,0.0,-0.008796850593839214,0.002076725926839611,-0.0001925490973252433,0.002588595743368754
545,0.0011771277608886915,0.004137206096070851,0.004667596761690308,0.0009089419721998123,-0.010749763270781924,0.0020654424510012925,-0.00023469034988842286
546,0.0009133430956252727,-0.0035905798666964286,-0.0015094243180983286,-0.0008935524821679458,0.002382602950688803,-0.00033556614874690453,0.0032741796149478616
547,0.002858065535318306,0.006721616417822493,0.0012582176311151988,-0.009015692999599818,-0.004778349349134201,0.0036770438037127258,-0.0039790125777218275
548,-0.00012950484124807588,-0.00246241830241359,-0.00041900097982598976,0.00040300168154401697,0.011588896956532863,-0.0009997465768647607,-0.009268469300896075
549,0.0003883987278423087,-0.0012903039406754193,0.002841267087079075,0.0009538589597764958,-0.006810547607398684,0.00417411627451112,-0.0026503490303718246
550,-0.0015556833896826713,-0.007494576194378682,-0.0020036689838556906,0.004924310027520229,-0.005579877380836409,0.0,0.00024161028823800745
551,-0.00025982320960674,0.004685696619459123,-0.0004185971233974128,-0.002318717707796227,-0.00160750762890299,0.00018878265105033365,-0.00903033142993628
552,-0.001301452822623041,-0.002500012681036547,-0.0020149016551070866,0.0155509839923354,0.0,0.0008955986411697832,0.004416592116650711
553,-0.0007827478512489838,-0.0004362576779713998,-0.0009266300287609806,0.011736942604659018,-0.002962640512909564,-0.0019822212459841503,0.015113677776902671
554,0.0,-0.012733573819346186,0.0023548170576634725,-0.0038402514695821273,-0.007633746755049388,0.0002837289834602783,0.005854692088248287
555,0.0033817650747388285,0.0024650423769227553,0.003591647111861407,-0.011928118883421771,0.0,0.0011802129169420762,0.0006972885874223156
556,0.0012936991452137362,0.0006698630868956679,0.0007479956565599896,-0.007696949459338876,0.007633746755049384,-0.00042450726563524077,-0.0027958968788752555
557,-0.0029812900490820433,-0.005275123815701225,0.0008295981164510571,-0.0061575566677263905,0.01618016953837626,0.00014154853139728606,-0.0023437427735380828
558,0.00026005658376104183,0.0015780247692942504,-0.0008295981164510003,0.005337925526720547,-0.0044489730389268315,-0.0006609548777267032,-0.006630578899011233
559,-0.0010411619776012986,0.008578110118475053,0.0017403294197814525,-0.005908899929856134,0.0010509248489442115,0.0005194063463293826,0.0078040313338223624
560,-0.0011742985484578235,-0.0063336891960231664,-0.002405150800129933,-0.008432670594824932,-0.011432960642665647,-0.0012760171333468801,0.0030362200915846154
561,0.0023454304452995684,0.0006710706695566646,0.0013286266022873574,0.0075034480578432365,-0.01899911140592412,0.003112559289474892,0.00463004899082708
562,0.0005194910690040082,0.007863254002263835,0.0005799984403615382,-0.007328948834948096,0.007257017523788841,0.0014074587728534272,0.005491678846419986
563,0.00012977573140077975,-0.0006590205845830093,0.001735362240475489,0.0004957776737497201,0.00686537347315709,0.0005617088283406653,-0.0007965576380405725
564,0.0011662397988845973,0.0031760423922452615,-0.0029791659027758764,0.004215349668942375,-0.0038312301056715584,-0.0005148720009128876,-0.006310029509161108
565,-0.0005179421984225626,-0.0010925653105767236,0.0008295981164510571,0.016968959010317017,-0.0008253936255197139,-0.0010315788268303939,-0.0020851735640278505
566,-0.00038886241837178824,0.0006558689621621399,0.0020670885377794854,-0.004783163892471413,0.013288847929146521,-0.0011281603449384472,0.000696170838736421
567,0.000777376965143454,0.0006548799661165766,0.0,-0.003932480583660214,0.0015996131597928623,-0.000989550053242987,-0.0009284759964050639
568,0.0006467528848333977,0.0,0.0024675889219983476,-0.0001783125488843336,0.0021236936298562074,0.0016949936247306287,0.0006965430232560516
569,0.0016770637993576425,-0.00021818361770194872,0.0013921019164583525,-0.0053839894613271514,0.0018497511220557422,0.0010325822006746013,-0.007960337351995458
570,0.0,0.0,0.0,0.006341176080821472,-0.009867723137903633,0.0,0.0
571,-0.0003864403178626139,0.0,-0.0034474511474162353,-0.0032977460738583633,0.006691880964454207,0.0,0.0
572,0.0007725370822782014,-0.006375482741925616,-0.0012378948482835372,0.0048989845194005385,-0.003199237170072906,0.0008430176996501852,0.005167437167826115
573,-0.00025735970051152707,-0.001997780337110294,-0.0029022173620022605,0.003128386244716721,0.005054632957190316,-0.0022046643067505046,-0.0063504792556997435
574,0.0011569195348753187,0.001665454483449099,0.001992180015787811,0.0020489517206209143,0.007083183895824539,0.00047001571893133195,0.0
575,0.00012835657900473127,0.006707808595586797,0.0014881607316360123,-0.0005512478616389626,0.00799258469902728,0.00037564667227170194,0.012839524999831674
576,0.0002565994059309591,-0.002407282203313066,0.002633093215644104,0.004636254058195723,-0.003849016170916289,0.0007971719770337659,0.0009191421037235483
577,-0.00012828075175453185,0.007182182177492833,0.000491932635460522,0.0030817822619979467,0.001286799406315623,-0.0004218499427394879,-0.014232787764075184
578,-0.00025667523318109346,0.0026898047205436205,0.002043742509986887,0.0023965880356169034,-0.0005142623240369814,0.0014513169264401312,-0.010078003734324437
579,-0.0008995598343637477,0.0002144664151738634,0.0005705286310445229,0.005875664073254908,0.0017972602494650627,-0.0003272930523984236,0.006983538318575614
580,-0.0007725370822782662,0.0005357031416932562,0.0013012578481246715,-0.0029088793178587255,-0.003343711077207856,0.0001870548028930412,-0.008442535710593613
581,-0.0003867844832518429,0.0,-0.001627182427699443,0.006024603213476253,0.0005160957017369604,0.0,-0.01110157106270952
582,0.0011593215655300824,0.0025622167645978147,0.0006516047462476682,-0.012226351782174773,0.007161673177503937,-0.0005614062812196262,0.008168789077430537
583,0.0025652436182965533,-0.0012792188391717986,0.003404976978787893,-0.005433750110484816,0.0,0.0019151495147295083,0.0014688666152264372
584,0.0029314192246800747,0.0003201581286912102,-0.0035677865334220065,0.0039831697962583405,0.0,0.0013030705760920527,-0.004174759991152432
585,0.004548950913623442,-0.0018173580224059955,-0.0009781411384889647,0.008411504935172863,0.0,0.000603670587946738,-0.0012355470123086149
586,-0.00037726466704496097,0.0006422892202015177,0.002278911805859569,-0.0015534999391611677,0.0010135231715525648,0.0,0.0
587,0.0023838266282395887,0.004681318526566532,-0.0001623834312846311,-0.007226491122626476,-0.0033026355500859446,0.0024986114117877285,-0.0037278725192400404
588,-0.0013785148786350275,0.003478168791754061,0.001621108570990245,-0.015865203591877316,-0.003071040364859173,0.000322844104850604,-0.004263970834572024
589,-0.0010053117496045295,0.0032421893959542585,0.0025812526620319345,0.004786902024033565,-0.009345609486003985,-0.0006459283828180379,0.0062561508503559665
590,-0.00012582775168645967,0.003838289842462918,0.0008035052836034937,-0.006442730067883773,-0.002104398941983752,-0.0010169753025885391,-0.0007459970031872538
591,0.0015075322579748865,-0.0017593271271268964,0.0032789169211274154,-0.00786738669164123,0.004720638672585194,-0.0006020612283585191,0.0022341577348243126
592,0.001752199133797109,0.003717236518951495,0.0013523238680850582,0.00017963472615732152,-0.006570389794640984,0.0028178542079166113,0.0029611102115272804
593,0.00024973806433086003,-0.003509886559461704,0.0009520525885860343,0.0061572865447902985,0.0026400961662076334,-0.00018421823474387922,-0.006191928124218763
594,-0.0018765454022805126,-0.00020734995948976017,-0.004781271945982204,0.0003490898966020774,-0.004231892017508751,-0.0002764739500737446,0.003230817912691556
595,-0.00012539179584741846,-0.006372204129386144,0.0015996131597941113,0.007173656070886506,-0.00696600778396477,-0.0003227755495319312,0.0017297669372528266
596,-0.00037639275668392827,0.008131531256513056,0.001991266587542477,0.007479997898646868,-0.006256777858661585,0.0011516699453890209,0.006972346758749077
597,0.0015036177116765997,-0.0025897183588969863,0.002377530473787761,-0.004466040707909352,0.00273142083942885,0.0005517186622629373,0.009719387004404518
598,0.003364225978451772,0.004958696860356518,-0.0007910648487820021,0.0019073213853402961,0.00135929526272548,0.0022913131228538106,-0.0030961624223961293
599,0.000991823398597979,0.0,,-0.0031722965142513032,-0.0112738674670835,0.0,0.00047777175544912686
600,-0.0001238541237275743,-0.009869573353683044,,0.005429399884180034,0.0016682266936255518,4.570318150877739e-05,0.0001193608587715727
601,0.0,0.0018873280968114156,,-0.006288669570170347,-0.0008333123411857881,0.0,0.0
602,0.0022239879822345027,0.0021915663759726326,,-0.003978256161713823,0.004701100467013269,0.0018697013975897462,0.0029734094095775257
603,0.00012367776871352162,0.005379609771263999,,-0.0016135919233551716,-0.010861409171831937,-0.0010934822778122038,0.0030709011632485766
604,0.0028349108988528255,0.0020514657035465025,,0.010413497889370295,0.008102222750474097,0.0008659004029281721,0.0009405406640936338
605,0.002205789356411121,0.0032623213074394982,,0.0038666575355667896,0.006592832214194578,0.002677896809001434,-0.006984851236919657
606,0.00036654480884711646,0.0,,0.002553799735693196,0.0013575956097358992,0.0,-0.008070605369727143
607,-0.0003665448088471543,0.0039431035144870475,,-0.007329510599960267,-0.008762859338984599,0.0016258963820099802,-0.0029278390568192383
608,-0.0031897478218387626,-0.004146282223175962,,-0.004968428784607605,0.0008290702140521994,-0.0018620759253374923,0.004384389830397545
609,-0.0007394345973053139,0.000507768655880018,,-0.0015008206666866628,-0.005557266894728173,-0.0013675706122742127,-0.0024303056252497077
610,-0.00408954880965462,-0.0066477552118510905,,0.0030930088949861,-0.011045580564503728,-0.005143988010934564,0.0019453312790366957
611,0.0003733725536482091,0.005224504231462225,,0.006388246132493442,-0.007814906642100333,-0.00236269381893104,-0.0014581809397885461
612,0.006053413211609212,-0.0011113741788936465,,-0.003791010990530057,-0.006473343831825582,0.0035622756428505785,-0.007365261010080434
613,-0.00036820221103515846,0.00030338421205704626,,0.0013036710690928312,0.0014797100580478597,-0.0010148149707156003,0.0029611102115272804
614,-0.0011064833549701619,0.0,,-0.011080078873382176,0.00440911890505492,0.0,0.0017180363593694685
615,-0.0003694551323654915,0.0014129974692327731,,0.0012490998157228374,-0.003818643651751197,-0.001526682573787908,0.004144295378972297
616,0.0020894355266402897,0.004011986793904893,,-0.0070425955292604606,0.001472685310469362,0.002771806974465385,-0.0021891115166470733
617,-0.00098201168331175,-0.002904990643406786,,-0.0024703599397364767,-0.002654439731897178,0.0006901963871022274,0.002674085862860142
618,0.0007367168550423154,0.0015050072191036385,,0.0018983890542885865,0.00791513708039626,-0.0008744341592597386,0.007210367310874744
619,0.002568711648466154,0.0026959394564874807,,-0.0005219169925861511,0.0002904008679945452,0.002389016186039792,0.005918522803262113
620,-0.0007323686084683575,-0.004502574988609813,,0.013660680042443779,0.007768309807599558,-0.0041431842078390665,-0.0028308268521324387
621,-0.001468452732607524,0.0003016283130187549,,0.0009649417755944282,-0.00171432254931254,-0.001436298203462157,-0.0033261227931871535
622,-0.0009817342002600873,-0.002823377831787953,,-0.0008860157132244671,-0.011899223299707707,0.0007882355435964919,-0.005278782449370935
623,0.0014717703390260523,-0.007139807054532647,,0.00794081629352125,-0.0017690227388459684,-9.265937349111855e-05,-0.0019355774965192551
624,-0.00467782025653667,0.00010282810084691971,,-0.012850423634349871,-0.005350718384101206,-0.0027423834295537816,0.007571951140981334
625,0.0018525315246027342,-0.0012355470123053753,,-0.01004060950214448,0.00089637695785135,-0.001494669513701298,-0.0015516928049464011
626,0.0,0.002262491169943606,,-0.0010726945963097478,-0.0017946078507518907,0.0005143730669591404,0.0030978612913515817
627,0.0,0.0018424021678657228,,-0.017518308267473894,0.010072765557207795,0.0010269220822909015,-0.002142317491343351
628,0.0004926767197723121,0.0026475243842489634,,-0.008229050538817825,0.0,0.0032051398752122157,-0.006491098422891972
629,0.004530957728102743,-0.0026475243842489318,,0.006647268623057228,0.013834039669878818,-0.001994627027873633,0.0031374564153050805
630,0.00012180465145114668,0.011689373845419824,,-0.0005057221087615873,0.02641236223859737,0.004394560133956854,0.002158883394641829
631,0.00012177049901793802,0.003958956147050956,,0.0006684630613430616,-0.0008015280317015067,0.0018371198371694983,0.005232526933679222
632,-0.0018301522317911098,0.0015735324529112965,,0.0006691422135173751,0.010306224314362011,-0.0012851674452664399,0.007035161643268013
633,0.0003666479592225305,0.0007846334237304493,,0.013087107891051043,-0.0007841611794643006,0.0003675789317191223,0.010116369105935354
634,0.0,-0.0017674228947368819,,-0.004061165797931962,-0.001835234468607355,-0.0010576290984564655,-0.004110073091215025
635,-0.0017136783076748495,0.0007864094170618075,,-0.0004942992110283529,0.0010496548478898067,-0.00036847556089331573,0.004791319477028542
636,-0.00245990168792568,0.001764231871924565,,0.0022280329126725244,0.009077850283667643,0.0005065733357275541,0.0054118392739202666
637,-0.0013589086043601158,-0.003437057366553922,,0.0060877640163082255,-0.006986120860666639,-0.0009214823781795153,-0.004278797979275556
638,-0.00422734868919485,0.0024578134750029026,,0.0015295709963127511,-0.005248335556345359,-0.0010621274987989828,-0.0029520784331613105
639,0.0006242555076576863,-0.0033460424716184765,,0.01032805050969753,0.0007913050751041004,-0.0015284735984730095,-0.0027429216350557976
640,-0.0021261399389791323,0.0032479965333087027,,0.010892125804020733,0.005759263786486887,4.6396504705661955e-05,0.0020588136197670997
641,0.0013769255808236723,0.006617207283182973,,-8.991269155054781e-05,-0.0026083831075290748,0.0025442045925663545,0.0015945789607083982
642,0.0007492143581555048,9.65635316703246e-05,,-0.0023707242035906234,-0.011398068133653697,0.0005070572460452087,-0.002737159156456499
643,-0.0014997234422281854,0.0006753442154686024,,-0.005927408432955288,0.0074558823795919,0.0008744341592597546,0.0018266882110367889
644,0.0017491746161774112,0.0,,-0.007932920282952557,0.004726346933526174,-0.000644149153651357,0.0011377907527032136
645,-0.0012486911474744063,-0.004554731170862303,,-0.01088323118576878,0.002344023883478921,-0.0004146009688653384,-0.004339554989239507
646,0.0014979991232656272,0.0016529755077089277,,0.009931937768265427,-0.0018220352606596899,0.0007828031799032406,-0.001609777523960064
647,-0.0014979991232656118,-0.003018989383098163,,0.01861746041748721,-0.0076309385070337495,-0.00032215985934621634,-0.00231008247807332
648,0.0016225994632114707,0.007364384542550985,,-0.008415711761349363,0.01049071495895313,0.002845134634314542,0.007577098304338301
649,-0.002123082931914438,-0.002408738742134509,,-0.004709717807545536,0.004382943814678193,0.0003657601916583034,0.006775402346668264
650,0.0010003908411996391,-0.000289948479827998,-0.00021803756557160173,0.0016406491446367304,-0.0036062619708869662,0.0010042550829600727,0.0011190278850374226
651,0.0006240760980541537,0.0016404877171512747,0.002970413407752864,0.0036519622073479343,-0.0031150963100431044,4.5592827917025044e-05,-0.0006710706695580334
652,0.0002493795543124833,-0.0015438167135433196,-0.0005057076797515192,0.010300446925236531,0.005951104785668195,-0.00041050786411222107,-0.005179617052163723
653,-0.0007485686689317054,-0.0024232541494538925,0.0007944193286783696,-0.0008525295845627431,-0.002836008475625103,-9.127668842035085e-05,0.0
654,-0.001000102875820996,0.002519903639537544,-0.0013730929411476273,0.0017126107802161168,-0.00025873964536765056,0.0008663549679815233,-0.00022660813553517363
655,-0.002762217638198532,-0.001548978840100613,0.0013009330204184564,-0.011554646150839681,0.0018079487146767036,-0.0015058294994451005,-0.00045357130170070153
656,0.0005035298904973174,-0.00438635794367475,0.0011531224349098845,0.003243043457737464,0.0005151773817675319,-0.0017404780004522437,0.00022684486381494646
657,0.00012579130628193958,0.0057420162900837625,-0.00014397297725406757,0.011188748178145727,0.015674726889551533,-0.0016553330097017064,0.005856757083723266
658,0.001130485189921487,0.003466670590794568,0.004512377092682967,-0.005010314877743747,0.01823502451372019,0.0008284551764286956,-0.0006717626736179269
659,-0.0007533297325191831,-0.0003838219267969006,0.0009253184299852254,0.0008447231196915159,-0.0002381653374205013,-0.00013796616261477616,0.004126079521952042
660,0.00012564573555083998,0.0024888004036936868,0.0007104442642755614,0.016111224028265283,-0.0038285160940445973,0.000918947617310375,-0.004798882881766417
661,0.0013797092617659366,9.543884928326165e-05,-0.0005682624061065689,0.007082923041876648,-0.0028936996465937074,0.002060550197415287,-0.002927586022404624
662,-0.0008774895100445015,-0.0019127733272086655,-0.00042668529572910234,0.0031785620167964967,-0.0002420142062650157,9.135348832692545e-05,-0.001584605027886313
663,-0.0007535475839103489,0.0008617906779199591,0.0011368971987356239,0.0006131869941382423,-0.00437947726549116,9.133427623682998e-05,0.000453334573420978
664,0.002756638973041247,-0.0017252948477627997,-0.0014215871347931387,-0.007147501806820934,0.005829543660724272,-0.000456863582949338,0.0027101147658210884
665,0.0038548940107432828,0.000575860170871493,0.001421587134793181,-0.0011929358956935423,-0.006563769502388763,0.0009132470653700851,-0.004071540588870427
666,0.00024753177182241555,-0.003466670590794526,-0.0034911892726120545,0.011468346203864508,0.004386850248113736,0.0,0.0
667,-0.0009909747183978763,-0.0019379527110510038,-0.0013613135217977182,-0.009491958779718429,0.006020258336034558,0.0005925824340749596,-0.005949332513199551
668,0.0008707038211705527,0.004540546452834276,0.0031460389803931563,0.004669412567981304,-0.004809511853780534,-0.00036457041544889473,-0.013335163144000736
669,0.0009929572359936385,-0.003667397418159905,0.0015645143171166779,-0.010316757263914017,0.0019302008746375182,-0.0010041495384537223,-0.0028603472127455357
670,0.0013616198415824531,0.0011614746799845535,-0.00014199590837927662,0.0016950469671722884,0.0033536420075874285,0.002278809310214546,-0.005051391270728819
671,0.0,0.003753482598330684,0.0,0.007537126473900142,-0.009651385676180239,0.0007720792822865103,-0.004621491471756291
672,0.0013573641681420589,0.0005745903575588062,0.004099148405795849,0.010260471989769855,0.0021903382584791825,0.001268675445056368,0.002195259005631023
673,-0.00012322158740695748,-0.0003829757584181016,0.0029443806467811004,0.0005344369682467699,-0.0043917793772985094,-0.0001365491229321272,0.0072384089239173055
674,-0.0009870333382755601,0.001243438414610949,0.00041900097982565984,0.005055481312751801,0.001713195444120034,-0.0009114263196187088,-0.001438062512317147
675,-0.0004943591676701718,-0.00114766280899656,0.0027136970124321787,0.013575053545354172,0.011569016564085,0.0004559522538510987,-0.0021660617565051467
676,0.0,0.0007654454185149193,0.0021233586874863423,0.009696698049439473,0.005670955204734026,0.00031888199610647424,-0.0009661727720202207
677,0.0018509524334242014,-0.0011486746354427066,0.0016367901858200516,-0.00583151291591338,-0.0011753579079350025,0.0005915889493113987,0.0019302008746368462
678,-0.000616108036232044,0.007716811371104876,0.0004082354822663457,0.0009567294710781742,0.005612930883753233,0.0024487798012429026,-0.0067935717633425645
679,0.0025818007019206874,-0.0010272533121716432,0.0020354410726798455,0.007350137210690524,0.000464486121178184,0.0009485867955497592,-0.0004893459468745501
680,-0.0007360925184258792,0.0008406606210486265,-0.004490629984131582,-0.002877903980875042,0.0,-0.0008581558775938034,0.002441234544396011
681,-0.0015991600747412597,-0.002526879450812041,0.000683390356437741,-0.0005137344446678492,-0.009385443198313742,-0.00022611261087755125,-0.00048715033924810644
682,0.0008618178230866924,0.003086417190099847,0.0013635630727477286,0.0026160883269532374,0.004248566857476879,0.0009940161020504878,0.0038819876963567313
683,0.00098284507441732,-0.0027111356961069177,0.001019870093511624,-0.010379566926483976,-0.008539107063664985,0.0020710744378800703,0.0007240254223213016
684,-0.0028316962357796097,-0.0036729016039753837,-0.003066823522696972,0.012361764721555521,-0.001920597853831456,-0.0007642469952494921,0.005749155972962273
685,-0.0006180369363836697,-0.01501034191279505,-0.0013700152746199258,4.487429640221164e-05,-0.006789778436375304,-0.004204851629857358,-0.00406444265314973
686,0.0,0.002245934872486071,-0.0033057779548686357,-0.003790164176115263,-0.0019595948955788423,-0.0006365288772052597,-0.0004806801618574303
687,-0.0007428071626739011,0.003588830211398276,-0.001870618033049963,0.008364176782639354,0.004639681550175674,0.0012721261834860785,0.001440447363306852
688,-0.0001239248066340268,-0.007895594647418746,-0.004396366354599794,-0.006384575038158783,0.010083575270531227,-0.00391915833248944,-0.004820188014690286
689,0.0002478142617323909,-0.0008862150988365263,0.002796496989670268,-0.0008936301814696236,-0.004772514861245551,0.0005489870933130124,-0.0021866621507493056
690,0.00271666470200535,0.0027511959637195023,0.0,0.006825816246945767,-0.005554022363540029,0.0012782775435964688,0.000973209330289482
691,0.0,-0.00039196255540022135,-0.005046732500081914,-0.0005477912352637055,-0.004151286143837286,0.001592574142179661,-0.002437124700341986
692,0.0009836798812548654,0.0,-0.0031842507921211686,-0.00802383235041062,0.011620612524141836,0.0,-0.0004890704141885217
693,0.000981456873977279,0.002151429439601438,-0.006439410125398323,-0.0026406928826310464,0.0,0.0005900432808900848,0.0023181949005646866
694,0.0006122861325800968,-0.004116566194834504,0.004446250506102187,0.008581586784563165,0.0016689899065446866,-0.0008171966319038466,-0.0028078166907596295
695,0.0002446729540220275,-0.0029644789637361902,-0.0010715388655856573,-0.00016447565428781308,0.006378113553422474,0.0001363062673409457,0.0014672124830068297
696,0.0,-0.003784291385700276,0.0,-0.0026285975080936382,-0.004952638044219389,0.0,-0.007883043100995732
697,0.0,-0.004322374001393899,-0.012479751245278703,0.002182243440464877,0.0,4.542591729833438e-05,-0.014406200369255264
698,-0.0003670611419277544,0.003621656695221987,0.005849172346267037,-0.0026370192992712076,-0.009350338975589857,-0.0006363956284917052,0.0030728511348945713
699,0.0008559939060961551,0.0015001551424087337,0.005484682503605439,-0.009587035950778174,0.0019344997771992385,9.09707757608201e-05,0.0006374498163417509
700,0.002436441071316232,0.009187056286232387,0.0013604157783315002,-0.002240640477167344,-0.0021769192542746923,0.001996551129308547,0.0001273777636034845
701,-0.0003645959205916486,-0.003040809472716243,-0.001432134791277888,-0.017382520379019096,0.005302218246477177,-4.527437918034161e-05,-0.0035807757307736963
702,0.00036459592059164263,-0.0022699229231810977,0.004424333018730998,0.0024338750656728715,-0.005787463528135152,-0.0003623650455569103,-0.004388153940501403
703,-0.0010947072977647826,0.003351358524632066,-0.0004972702552482783,0.003267765607806537,0.0019377365416003989,0.0011765826233098432,-0.0023412158148997937
704,0.00012177049901784162,-0.004441182137692632,-0.00099625191101019,0.0002479607049520273,0.0009656357105601145,0.0006322266632424297,0.0015622120510522613
705,-0.0014635042725693217,-0.0063956164653853655,-0.0022857657075444028,-0.006972072591175734,0.004557675165540606,-0.0005870370807766506,-0.003653941474053559
706,-0.0004889327641683537,-0.006389035799405069,-0.001362887427208171,-0.012697725906260407,-0.00023868892159093546,-0.0006330824472418578,0.0007855796207160579
707,0.001708861886268575,0.00010215088413742246,-0.0013671778594504633,0.0008478829825908861,-0.004318986243949631,9.049687090348401e-05,0.003906723332809853
708,0.00024357515046908237,0.005279006807075086,-0.006535235066367829,-0.00047516266220664407,0.00048201390286805375,0.0018059885965057967,0.002842758915860747
709,-0.0009751213345076475,0.0005042314300325296,-0.0041165661948327995,0.0033264065839678173,-0.006308298917100183,-9.012128729043321e-05,0.0005148720009125792
710,0.0006097073609916548,-0.006601118859064599,0.0036773672881220414,-0.0002686968769722426,-0.009887609358203245,-0.0004960016425507696,-0.002580485796958166
711,0.00012183882304692934,0.007909387317921766,0.0008779541033843738,0.0014045248554920313,0.004477302354744553,0.0003607846370764385,0.00025873964536926114
712,0.0004870137677767508,0.003103904610174005,-0.0016109407447268095,0.007882067709198252,0.0029594287049213735,0.001305337560940654,0.006673687190465831
713,0.0014577730562409302,0.0033789672475484345,0.004742448019508972,0.0004245852565459364,-0.0044467400280878405,0.0013014259261126294,0.00025464350298968515
714,0.001452896192746941,-0.0004952611802601517,0.004691219910042205,0.006822532370734377,0.014888765390507729,-0.0003586246957741865,0.005815966442418683
715,-0.0003627686263294366,-0.002385147314448208,0.002861917980404946,0.0001904535019568559,0.0,-0.001122614702280715,-0.002266546366375037
716,-0.0007264475882317714,-0.0002990665665541495,-0.0008565968889493222,-0.0003875196062290971,-0.002406069765878289,0.0016604407547977087,0.0002524234200133476
717,-0.0007276647587335659,0.001294470352997237,-0.0045972719794272355,-0.002560903650283294,0.0009640281026166215,-0.00044814211168946823,-0.006867464332872215
718,0.0016959917639123435,0.0018850047082652707,0.004740155508236499,-0.009027469361694218,-0.004111980700278388,0.001834451164960625,-0.00102670138101431
719,-0.0009683270051787208,-0.0008918771730341985,0.0020665458592759784,0.015471261203978294,-0.0014606330424008162,8.928751715131225e-05,-0.0027066964359907008
720,-0.0010919548529874845,-0.001092565310572905,-0.0017095425659255808,-0.0005175849517644864,0.0012175350892845071,-0.00022325322133654184,0.0006459832842070521
721,0.0010919548529874945,0.003762720826728649,-0.001358176591440802,0.00800230838563604,-0.0026830971614153027,0.0009368932823433324,-0.0033696547826436644
722,-0.00012119282397672543,-0.00019722728854314667,-0.0058382512322167224,0.0025022330870571757,0.0029261951145316055,0.00035638076214973243,-0.0015640874597270217
723,-0.0009707620290107547,9.862484018953235e-05,0.0035411510965407717,0.012098508894983873,-0.0036608349546125565,0.0006674267210354502,0.0007827478512472984
724,0.0018184024412192155,0.0013784012357014258,0.0032982734337663184,-0.0044964103832674605,0.0065674457945198664,-0.0005338592951343859,0.004150994391123437
725,0.0006044461405826408,-0.0017730350492285965,0.0,0.009114352078663514,0.0038454660265798465,-4.451791115517945e-05,-0.0023300504994962193
726,-0.0003625667236356341,0.0012812509610074152,-0.0017177127807182855,-0.0030206322705234275,0.005941193637405248,-0.0011590703379024073,0.002588175013428698
727,-0.0007260427691028972,9.840137844084054e-05,-0.001292757804938148,-0.004231904719479182,-0.001181754421428738,0.0004015668172402496,0.0
728,-0.00012112522234482645,-0.002169997383601117,-0.00014387758352520335,-0.009642654071238332,-0.0023731997956144735,0.0015136880915251783,0.0038535699321109317
729,0.0,0.0012835813060336966,0.0,-0.012728172462259222,0.0,0.0005773716926212138,0.003566074433199527
730,0.0006052885745008241,0.002653838972304439,0.0020815740990373375,0.003949533727906592,-0.00047620013751755477,0.0007538681825916537,0.0002536026243778878
731,0.0009667104312128618,0.0071914356674403065,-0.0003581810363035998,-0.008431411151976377,0.008726275562940266,0.0017686625214512618,-0.003053049352944541
732,-0.00012072119102116003,-0.001061491318564492,0.004278797979272603,-0.011041147029439542,0.0023286623185824634,-0.0006624046460404291,-0.004878322150676321
733,0.0008443444885141297,0.0013505392373224833,0.003885539786145287,-2.2180006264133734e-05,-0.00396618721760109,8.837901575353636e-05,0.001546450827746489
734,0.002280396328550446,0.0006736979463595491,0.0007027420334357204,0.003536210976866811,0.0058201686111946024,0.002115718700830115,0.0006427328121483276
735,0.001195416339407887,0.001823358143184685,0.004470820702267079,-0.0008415665603547477,0.00460062016118149,0.0014486007166690067,0.0011545274373138236
736,0.0020246865664136555,-0.0006708732158987812,0.005112657145811373,0.012485547077530513,-0.001603832671243088,0.0007881140053978911,-0.0017972602494621057
737,-0.0011898486398864959,0.0015319045227452418,-0.0005498269218698588,-0.0027171737553828364,0.0011461988228878702,0.001135867917331639,-0.004395992396245696
738,-0.0002383614120765652,0.0008593276052292333,-0.0017227094460814851,0.0059486811470167026,0.00251103947941373,0.0009213706663343048,0.0015566127126939013
739,-0.0013133313928686383,-0.002295329625231221,-0.004092894190507426,0.010282087030919375,0.00901058217452085,-0.001668676503075577,0.0005176335319628257
740,-0.0003588716484914208,0.002581394724103491,0.0013222660893153228,-0.0003625761509596303,-0.003806678763201894,-0.0005723380892926494,-0.00012935055401848536
741,0.000956332854155211,0.00038112725737268587,0.001026297008293417,0.003257499870607113,-0.0006752442125826728,0.0004843351544636834,0.0014207415796020518
742,-0.00047790319199715744,-0.00076258927742105,0.00034156075838658387,-0.006888315272365988,0.0026947003634136845,-8.80207708556152e-05,-0.0020680728693764925
743,-0.00023914894982132636,0.0016030864347671358,0.002315516287257271,-0.008862931810167394,-0.001569875901673514,0.0005718163853120832,0.0020680728693764955
744,0.0,0.00018820996259948737,-0.0046434443559657135,8.254902070203951e-05,0.005802581966183944,0.0012728838234481092,0.006780991357449643
745,0.0,-0.00028234553940892284,-0.00041210929732141133,0.000831225831716434,-0.0055779662477534525,0.0007881934684397013,-0.002674157142807647
746,-0.0028801065945305094,-0.007885252595434619,-0.008465506379118587,-0.0070893686895369176,0.0011213393317227095,-0.0021050364479448425,-0.002819271807266475
747,0.0029996975306852327,-0.0002877075175801443,0.005015968927453163,0.0025627863922725973,-0.004276580375155858,-0.0010563568161079501,-0.0006433040457891963
748,-0.00011959093615464762,0.005339362749536438,0.0017281936131633788,-0.0200828868995269,0.007623330679204322,0.0012321667494489816,0.002183357013881047
749,-0.00023928071233672265,-0.0006638414598215246,0.005416324693831616,0.0035079288468262025,0.004202525869437052,-0.0009678365636252651,-0.000512744430165469
750,0.0010757265269095058,0.0018940042312824725,0.001700051031379196,-0.0013996310081851164,0.001318708954204859,0.0009678365636252525,0.000768889811761471
751,0.0007156735734947777,0.0,0.001422917899760039,0.0016345309795745544,0.0,0.0,0.0
752,0.0007144961555148906,0.00018894691701174736,0.0005408400224544624,0.001394444381925717,0.00501827893690409,0.0014039231764119554,0.003062018432290359
753,0.0010695450301320948,-0.0017034889293907629,-0.002575009932905799,-0.0023691393801883055,-0.002610996733593728,0.00039403705884636243,-0.0015283106044167987
754,0.0009485004739951037,-0.002186449421419808,-0.0004760137285964413,0.001866537482710942,-0.0008738322503438672,0.0004374000590365854,0.0010194710829349223
755,-0.00023693098345493906,0.008960677473960364,0.002171816281142145,0.0022922972191253034,0.0,0.0017887486995787948,-0.0020413409235697493
756,0.00047373277880095345,0.0031625782045334237,-0.004422935418971061,0.0005374933543189212,0.0,-0.0003920215237482087,-0.006701412804938434
757,-0.001541524694155159,0.001295573674774896,-0.00668529661130645,0.005370264984424696,0.01588797620979101,0.0010880761363818775,-0.012115731844948971
758,-0.0007133226053180288,-0.003711941245718761,0.0024241043506841925,-0.008033007664883445,0.0021031250877638725,-0.0017422327322746097,0.0037233067896517234
759,0.00011896849325230044,0.0045427737527217816,0.001654457170011623,0.0038944788261804195,-0.0012606525017438404,0.00043621385939605114,-0.004792998172563491
760,-0.00023796958508003676,0.0027580182566806933,-0.010586278036937702,0.004466095314469573,0.001260652501743819,0.001219073030362989,-0.007017962860424667
761,-0.002985674359871748,-0.002389268939765373,-0.002829290018865211,0.0034541178538153453,-0.0012606525017438404,0.00030423432551066423,0.007553137890443822
762,0.000838059908117187,-0.0019394363161444154,0.004939226874555622,-0.006964952506264172,-0.003379740651380749,0.0002606027572355336,0.002931732091149585
763,0.0004781662821642983,0.0035949446050736215,-0.002462591752784077,0.0024448681058735038,-0.004047905270446576,0.000997531080571549,-0.007231712583872445
764,0.0,0.0019234839245721226,0.0,0.00636537881251332,0.0,0.001081680464286683,-0.0027092694344590922
765,0.0023829660988220697,0.003005510139724077,-0.0038270322749447685,-0.005660154089377031,0.006163323393067813,0.0019832801435527084,-0.0010884579178787486
766,0.0021335470514149695,-0.0008176239915513632,-0.000712425490965631,0.014487815477624542,0.0010538575467375726,-0.0011630010432753396,-0.002733139806618068
767,0.001180790509617906,0.0024482685176508926,0.002559280830529663,0.00559055760568724,-0.005508198972987841,0.0019366084397388179,0.0013687199539022979
768,-0.00011793468691644778,0.002344618761384289,0.001274006890519148,0.001636197008958205,0.0012773376322841434,-0.0010748272622266865,-0.0027417671990845344
769,-0.002484055286463949,-0.0022542066694765024,0.002466587866344152,-0.0024223142413079685,-0.0034146179394389767,-0.00012915821118082206,-0.007490413086124167
770,-0.000712347587652549,0.0005420776429607404,0.0032206412576806197,-0.014877984685562739,-0.0036576912725196746,0.0,0.006113011100878191
771,0.001423528666723198,0.007341371990418056,0.0031276844288539154,-0.011284584132897945,0.005794971579674475,0.0013757112494309214,0.0024761868393074044
772,-0.002494245641644193,0.0014181056907194077,-0.0013873018725488457,0.005946521800578436,0.002338923303629019,-0.001547981970414451,-0.00468915714043054
773,0.0017830645625735325,0.0007073201594500887,0.002701146542467407,0.010884995270132676,0.005688148744318556,-0.0015967520178645728,-0.0008327797027378349
774,-0.0011878959318042963,-0.002125425850169486,0.002066432837114125,-0.007093684469624443,-0.0020980450556912196,-0.0016894425368768173,-0.0008343796647250479
775,0.0016621460274199038,0.00397667885528087,0.002056647009592202,0.00012022087844726733,0.0029344333390493114,0.0018191278457311826,0.0052575316538319514
776,0.001301523736927058,0.0009665637375527925,0.0012293294376372588,-0.010777847149831427,0.00020884563129200086,-0.0008653011069451014,0.0021947967465532708
777,-0.0004728301848687221,0.0014020818696097918,0.0008856898927794011,-0.0025082826307984453,0.003949103619639017,0.00043286605985876574,0.007595599912275688
778,-0.0008286935520583006,-0.0022806872307787568,-6.806590122832246e-05,0.002842343726342927,0.0006202731098229419,-0.003562303409481458,-0.002156649903776544
779,-0.0005928935827374011,-0.007988474437682384,0.001766255606638184,0.004385639060629211,-0.00582395963920115,-0.005354683982410021,0.0008099992685028187
780,0.00035583327013462675,0.004278797979273081,0.0022989330320111936,0.00034240358141488913,0.0016719731214953591,0.001454924248170496,-0.0005398316194170701
781,0.00023706031260278552,-0.0002661933775669723,-0.0008099992685065419,-0.005363837241174135,0.003738569559401504,0.0019323479349738957,0.0051015085244269925
782,0.0001184816490506586,-0.004371081288923076,0.00013510483291359594,0.022451415800826074,0.001857285005567582,-0.0009650992458356681,0.0026611264750818703
783,0.0002368663717845671,0.003749328166403751,0.0016179881436668086,-0.007206255998449913,-0.0006182128900184674,8.782497136400467e-05,0.0023811514643110147
784,0.0018902945268293426,-0.0017813580426171906,6.728553455211495e-05,0.00988535099040254,0.0,-0.0007030975643201706,0.004984406966088212
785,0.0007067446342479979,0.0019590926396961584,-0.0033093122746372136,-0.0015268820739685028,-0.00393591778401377,0.0013612193479412343,-0.007896480846035633
786,-0.0011785474855415554,-0.0027630937614613184,-0.0004069603439146875,0.0051735092759363065,0.0041420865426459,-0.0019333254513212352,-0.0013301525923445627
787,-0.0022480897919866555,8.940699607690533e-05,0.0016931580194434386,-0.001409893880256653,-0.0049752656603545015,0.0,0.0034499590311008366
788,-0.0016639655677503794,-0.00026827622508863986,0.001955829064556379,-0.00034589097908871354,0.0014570161633086023,-0.0006169582718592212,0.0002642497689717673
789,0.0,-0.006579662464267989,0.0,0.0006815317673760013,-0.0012485714835678888,-0.005145939664477295,-0.0034478521637568704
790,-0.006357690540826338,-0.002915962154890565,-0.003988412253213887,0.0043759942398960295,-0.003347180205581285,-0.0014303659925371062,-0.0021354412140433283
791,0.00024161028823704367,0.005090156843016742,0.005063731854026435,0.00568828894998362,-0.006559505421741376,0.0017426315674203372,0.0005348454886611556
792,0.0016875188444655186,0.004137025726652969,0.003543097853788723,-0.007620975341643119,0.0008519757159068643,-0.00040152556531047314,-0.0010703504663779238
793,-0.0014460428961251429,0.005072239905333898,-0.0004663028860174346,-0.007254581105733209,-0.0017056260780320262,0.0018706180330437191,-0.0008044975722633096
794,-0.00048308623657735593,-0.0020395694624509696,-0.0017363788361002888,0.0017257032416633392,0.004674447574049414,-0.004556984218395486,-0.0040449949221054255
795,-0.001573751761051268,0.00212802948555141,0.0002675874896105262,-0.0038844999684900213,-0.010697449255886738,0.0009869313824684442,0.0016225217448843307
796,-0.0019447868240201477,0.006670782044787015,-0.0006023038698805741,-0.0034224105054768044,-0.0013015828380839843,0.001520859766689228,-0.0013516801508866832
797,0.00012256088183589713,0.00043529569836749354,-0.0010056997514009066,0.010211400995191309,0.0021671426301316794,-0.0009387255077792876,0.0021606735209266244
798,0.0030528347406483043,-0.0005224072184489853,-0.00013426943433542406,-0.0051113563673307405,0.002371432698374649,0.0033877191818519146,0.004822566934888803
799,0.0020637372705024225,-0.0004358198879566666,0.002143345408492177,,-0.00021505050298419647,0.0007098491426564096,-0.0018690845777275691
800,-0.001698835009653862,-0.002273340509899395,0.0005341876219664344,,0.0021457280897067923,-0.0014208604250153358,0.00026750507892257694
801,-0.002194026747226893,-0.0005263112927362302,-0.0018725383942308352,,0.0010689015533792904,0.0010756525174400035,-0.0026824945191042207
802,-0.000489070414188763,0.0008768314747191255,0.0030055101397258965,,-0.007320952922744228,-0.0017043490129887745,0.0008064895203514305
803,-0.009523569744331063,-0.005287741643107671,-0.011670026591279619,,0.003891166236910095,-0.005244510942337467,0.003211064402107344
804,0.0024938023268833162,-0.004635370987207944,0.0026849821651035947,,-0.00913422164928215,0.00027282661261395836,-0.002138069459993853
805,-0.0007466382616684922,-0.0017960922287193904,-0.0020121788052866463,,0.003720358448878113,-0.0015939101272588966,0.006382887437476292
806,-0.00012456460200220692,0.0007156244369427812,0.003881838134043695,,-0.0037203584488780988,0.00031925035549927025,-0.0023826029506860626
807,0.0,0.0031170659527644763,0.0021269438626565305,,0.003938213724028077,0.0017289902681619487,-0.0007971145986378623
808,-0.0028748912245145364,0.003182954261461294,0.0009934304337141655,,0.0056262154709863475,-0.0014099744215802944,0.0021223963164245176
809,0.0008769832414132184,0.0032472407179927674,0.006891103491051371,,0.004065856331516235,0.00022772507569510849,-0.0021223963164244903
810,0.0006253341352591269,0.0017452082231379353,-0.000390845517816715,,0.0036058845450979626,-0.00036441745952197865,0.0031797175493239525
811,0.002243776711512828,0.0006091697969681118,-0.0022214599939578247,,0.0,0.002272608440214684,0.002894430162869564
812,0.0008694587126292283,0.002773946241228161,0.0004582892372690033,,0.004622432897920373,0.0004530980921192767,0.004954478924003346
813,-0.0009938093167418973,-0.004429399174813257,0.002154016274505523,,0.0,-0.0011336328073472683,-0.001818765071145636
814,0.0022328814322907092,0.006326261154331315,-0.0015654969738559557,,0.004159940636381005,0.0036172576165900074,0.0015594073555207884
815,-0.00024753177182128413,-0.0016377106151512309,0.0002613083604105346,,0.0041204719139269,-4.5030274489383196e-05,0.0003889785140520666
816,-0.0028568022599736453,0.003440655602478017,-0.0006535659350843019,,0.003675292585053009,0.00031511391621836913,-0.001167982277899615
817,-0.0021236936298562716,-0.003959113063853228,0.0018275117879477131,,-0.0012216449177816916,-0.001984524919970493,0.0006492668004054514
818,0.002248293969802436,-0.0027756082934268307,0.0020792115448609906,,0.003452440997510829,0.0005421340330377808,0.00012973696344207566
819,0.0004980441852056182,0.0024296258159327896,0.0038076437426662743,,0.003625856253135891,0.0017123066705764629,-0.002863204437719054
820,0.001242617391094198,0.001123436755155111,-0.0005786736124685279,,0.0,0.001705582009444774,-0.006578351795119763
821,-0.0004966203879103892,-0.0037271284980312006,0.00045014609394952124,,-0.002817490301921551,-0.0010315255620071235,-0.00039788778037958905
822,-0.001617949504127772,0.0013905778761557205,0.0021158553555260602,,0.0032185009323555443,-0.00031442948814166226,-0.0015952065020468913
823,0.0,0.0,0.0,,0.0029958349325047177,0.0,0.0
824,-0.007419718453121045,0.0,-0.004500501226676666,,0.0,0.0,0.0
825,0.001772116345918504,0.0019911871985848232,0.0009683270051815509,,0.0,-0.0018011201840342384,0.0003993512758694885
826,-0.001772116345918506,0.0030984279953767476,-0.004863370888705604,,0.0,0.0010365566155360706,0.0
827,-0.0011430479875646432,-0.0032712127527388074,-0.0013061498022811778,,-0.001595206502047472,-0.0032531573977230125,0.00039898439361272283
828,0.004805870331902409,0.003785475076776997,0.002933332229983086,,0.0007983356694808777,0.0017651511761471099,-0.0022657734965633876
829,0.0010050209446738011,0.0013683965063540943,0.0022678614558222414,,0.00298075625776646,0.0003611972196169503,-0.005649001366749074
830,-0.00012550050135108783,0.0015343098734149575,0.0025774228878127844,,0.0013840491446836742,0.0018913725704569864,0.0
831,-0.0011311395012902038,-0.005135587812060034,-0.0003213425835885248,,-0.0017803032615014765,-0.0018913725704569947,0.0013516801508866555
832,-0.0011340932999438494,0.0003442683350321516,0.00224442092245239,,-0.000992219947020699,0.000721494477065273,-0.0018935323508122632
833,0.0015114672398970903,0.0025733503016263123,0.002232881432292148,,0.0015864656250084265,0.002022800498513386,-0.001901824355020573
834,0.0012555501138694924,0.0015367227895897442,0.003233212302220819,,0.005898159671327584,0.0012538929614875748,0.00027219962151279906
835,-0.0005017845525325321,0.0007663270956362982,0.004023602439841315,,0.0007804035916710397,-0.0001341726436427944,0.0029829897486351913
836,-0.0010053117496049645,-0.004704368304266213,0.0006253341352595121,,0.0007790037638495535,-4.473342764246364e-05,0.0005401673356848876
837,0.000502946763683779,0.0024868347099357277,0.001683918389030207,,-0.0013641749485903414,-0.0005371608376864066,0.002690804654343405
838,0.0005023649859211383,0.0007688898117576206,0.0017394166426472756,,0.0007800531632869446,0.0013863090532695503,0.0005361660951410232
839,-0.0011311395012902038,-0.006709376773108955,-0.0001860331927774781,,0.0,-0.0005361109396809997,0.0028040632753790606
840,-0.0013865167199551651,-0.002434002666759725,0.0004959115376446205,,-0.005292753844504067,-0.0006263003502650993,-0.0011995251870356423
841,-0.00012626674951667904,0.0,0.0027790001237085866,,-0.0045600843894778795,0.0,0.0023957463984468318
842,-0.004442624409464602,-0.004997488366858326,-0.004144121779475683,,-0.0029999738117234224,-0.0027394706827046297,0.0026465315409460984
843,-0.0014056917674310652,0.002198964099939389,0.0008692101181224964,,0.0,-0.0027115248242873683,0.0
844,0.001022772287602751,0.0,-0.0004964784557876787,,0.0,0.0,0.0
845,-0.0006389503608051801,8.772739791675961e-05,-0.0027408233831123256,,-0.00221322661104464,-0.00031745016536961844,0.0023681672354837167
846,0.0019140378354807266,-0.0034345681983749357,0.0,,0.003015248042861788,0.0013588699506223594,0.004438274991260876
847,-0.0007646031585935549,0.0031713328239734552,0.0031132354241421604,,-0.007679674427611707,0.0001808618378677469,-0.0015612760322283633
848,0.0026702423806885846,0.004974390858252013,0.0043213737826428645,,0.0038568120527056188,0.00211950378100946,0.00104147407681423
849,0.000759920547176382,-0.0014776370088302236,0.004582819330088571,,-0.006105458780648755,-0.0010810073581391055,-0.001824221928061474
850,0.0015158636049478994,0.006395696015729367,0.003330263304280562,0.004235555464203613,0.0016365331919344233,0.0022042027338564406,-0.0047263469335290095
851,0.00025213033039257987,0.000942721495169194,0.0,-0.008083834326156567,0.016034843258925943,-0.0007634567078894577,-0.0018520048615907696
852,-0.0018945550558348602,0.0,0.0023460801971782502,-0.0031855236871817572,0.0025506412889838882,0.0,-0.0021262930204412247
853,0.0015163046485005913,0.0030710403648608886,0.002154421029497081,-0.0013244747968781533,-0.004325286363166968,0.001391179586804035,-0.0024045895554443033
854,0.0007561716627155908,-0.0014475077006469018,0.002084379299915837,0.0053947811556148756,0.0009868090632960671,-8.961916703363167e-05,-0.011125927894091274
855,-0.0006300515857738237,0.003482869279146118,-0.0005945168374051513,-0.0015873946844793742,0.0017706254818927916,-4.4816519505566846e-05,0.0010980902990517902
856,0.0008818165098699511,-0.002460598547659693,0.0021364625415093144,-0.007753997580324806,-0.003350598054520332,-0.0008973029677640346,0.0027331398066180613
857,-0.0015127834694718643,-0.0008517250855087566,-0.0008889158085336092,0.0019779913543235238,-0.0021818905454404824,0.0006283066866938227,0.0010884579178787178
858,0.00113508133066014,0.0011919479637822136,0.0007704987711521605,-0.0007813718643359298,-0.0007961404280952726,0.0006273990098105542,-0.002452877770594537
859,0.0,0.0,0.0,-0.0022234575872626667,-0.00019926335834891319,0.0,0.0
860,-0.0005041143710582174,0.00144298113641545,-0.004404284924488843,0.0006139588329866716,0.005151363557602217,-0.00022396704220118847,-0.0019174180457191049
861,-0.0029100685965535874,-0.0014429811364154426,-0.0038454660265811037,-0.0025093624031087927,-0.0003940966530899914,0.0001343940849065718,0.004098436976821881
862,0.00038068182005323323,-0.002301693681082397,0.0017466967550727587,-0.016733395558150142,-0.002768735582835925,-0.0023804400607759057,0.000815066517443779
863,-0.0022978597622789845,-0.002915890176608866,0.0006006840264713,-0.00027294889091715295,0.0023742809854160325,-0.00067608515844378,-0.0021769192542739654
864,0.0,0.0038550902479313714,0.000599854352137558,-0.0029195214643378455,-0.008367400219116961,0.0007211201024239387,-0.002462148539295735
865,0.0002559189714019577,0.0013624936097598392,0.002689138510778796,-0.00801887265693371,0.005596140703406102,0.00099942288895421,-0.006356316507893417
866,0.001277337632283855,-8.503073583898022e-05,0.0013086544078020495,-0.00150135770157674,-0.0003973417311965803,-0.0009084711646633886,-0.006733382658968673
867,0.001654942135914311,0.0,-0.005498985156137852,0.005123353531948829,0.0,0.0,-0.003121372012688567
868,-0.004855358107063538,-0.002302145571621127,-0.0015063992970147898,0.0017907269459778836,-0.0007957757277400697,-0.0015487757534987452,0.003686491782607852
869,-0.0011579477566824846,0.0027271328664244675,6.035640089015715e-05,0.004637866273589322,-0.002789056717112902,0.00027371501866618975,-0.0008479556522071483
870,-0.00025774153985299713,0.0028789367239864926,0.00024134175775614676,0.0112276289368576,-0.0008001743063307217,0.0008201115188083052,-0.007707038279450086
871,-0.0007741436664844535,-0.00033770956748771237,-0.0003016981586462447,0.0033431986665765196,0.009701989798948062,-0.00022765345277024217,-0.0008648416038928471
872,0.0005162490734535757,-0.0007608080460768929,-0.0033325864964475994,-0.0017564143221947869,-0.000587811254053204,-0.0019627615227278713,0.00402127393292388
873,0.0019304868736338683,-0.0037388133874696385,-0.004278797979275313,0.004083383407497584,0.0048742877750747515,-0.0017419476923764498,-0.0011451410244622297
874,0.0012822403229536025,0.0011931174589376182,0.0,0.0032524478230030068,0.000387589924791298,0.00018369228651187627,-0.008978731895315688
875,-0.000768889811759607,0.0009351553580856451,-0.007946496525689331,0.0015527001729187056,0.0009674641601746757,0.0013294505526204774,0.006967440590746816
876,-0.0007702534952615179,-0.0018584892399401089,-0.001111834012779277,-0.0015727220241951799,-0.0017429902267980307,-0.00045797165680710073,0.004013310900798919
877,-0.00012850850275899337,-0.0021216186888869427,-0.003851585518768598,-0.008402435327635207,0.0017429902267980081,-0.0008255679615900031,-0.0025757244113674147
878,0.0006421625920908018,0.0028828712622440953,0.0027989000112286716,0.004068418444500576,0.002313158501233941,0.0016953016020568447,0.0017188458395996434
879,0.000641214470391513,0.0024438873018543176,0.001547185398030789,-0.0034360542479689943,0.002109626272759768,0.0003656831976132182,-0.0014318986987324309
880,0.0010239780326488702,0.002095817608028392,-0.004595751689148,-0.0049224315511962905,0.0,0.0011407794368655248,-0.0028780389084306613
881,0.0001278276629994053,-0.0005020746014728127,-0.008447858259295997,0.00813160870161067,0.0,0.00022779674369489036,0.002591091767563428
882,0.002548683851692055,-0.003868644126550693,0.004496563422807827,0.0016119346574121883,-0.003071945483035125,-0.0013228874232848208,-0.0008619807300170426
883,0.0027863841868121793,0.0031144422318220137,0.005135933451449979,0.013302052445595474,-0.00019271998625677446,0.0029141278181069393,-0.00014382993405309672
884,-0.00012626674951720957,-0.0003356217183318674,0.0018639276761553975,-0.0007052254930110821,-0.00019280554452199577,0.0,-0.005646848946842472
885,-0.0018984198168975365,-0.00041989221283088643,-0.0015527169986326477,-0.011199492445267849,-0.0029024020826791705,-0.000772160031091732,0.0014549242481744365
886,0.0006337291098278627,8.401092624884e-05,-0.001246183012595981,0.0008563700249521074,0.001550361242711904,-0.0001364061620054696,0.004048047115141608
887,0.0,0.0020114021993438607,0.0,-0.0017652737317259096,-0.002133176559751757,0.0008631829983308785,0.0008625513895976643
888,-0.007537584243605228,-0.001675520912761834,-0.009462127697778586,-0.00021700365262311875,0.0,-0.0023664852706214564,-0.0017268193005059503
889,-0.00012888989021908872,-0.002356642506195556,-0.0038433390817609954,0.0023281489236792173,-0.00863905393947187,-0.00018257256470717898,-0.0008659912777737614
890,0.0012871807937765325,0.000590360586745695,0.0011565771999417827,0.001778570013969747,0.00158357324735377,0.0010942858876874003,-0.0005782883436376355
891,0.001923646206760211,0.0021019036377816847,-0.0021227499719624304,-0.0030080640006569436,-0.0033720225087713355,0.0009098033743209441,-0.0020300947638902432
892,0.0008947939510656351,-0.0022704962182756336,-0.008859471696882174,-0.010340934533324258,0.003372022508771327,0.00099858725035047,-0.009700381545083228
893,0.0015296563459163452,-0.0026215889047494136,-0.004232536445558067,0.002303891722094339,-0.005567954238942153,0.0007248058123796838,0.0038472675887356624
894,-0.0012743391828298203,-0.002722858335471784,-0.016318853339363296,-0.0021100396334277497,0.0005999924719946083,-0.000588812549363042,-0.004591050065281009
895,0.002037151700785429,-0.009317759880641952,-0.002977239674397999,-0.003287463131071377,-0.005227681884275327,0.001267221146421132,0.0029675174010676346
896,0.0,0.0030415945967203826,0.01023047508108729,0.01223947283690064,-0.0002023268063170451,0.0014887790928877359,0.002800483199987714
897,0.003164041985022516,0.0019010135012749866,0.006866991176219057,-0.00550222881603254,0.003225971987359312,0.0020667891445560562,-0.0005880765717844532
898,-0.0018956576666725497,-0.0019010135012750432,-0.0022098140196192195,0.0016806059905199052,-0.001609990655328407,-0.0005382148559142446,0.002347543455985808
899,-0.0013954267302252318,-0.004614177420245028,-0.0063569620344945486,-0.004682126879918046,-0.010819646556010448,0.0003588840050534506,0.0
900,0.0012687548664408821,0.004094271753324517,-0.007905855895564584,0.0019013066985023959,0.002473444646360635,-0.0005384372817861431,0.007399216416108133
901,-0.0021590938437621152,-0.006287904469983375,-0.004603132189661147,0.0014014287687434987,-0.00955902042502491,0.0007177681326468768,-0.0018741367722085037
902,0.00063614260956936,0.0017557916856188764,0.0039088163233066235,0.00010971644013197754,0.005013556190384157,0.0011638490298128618,0.0008659912777737364
903,0.0002541963677518569,0.000612853921540095,0.0026325156872760093,0.01275430521248372,0.0035165737228371094,-0.0004920170772885865,0.0014394924743437888
904,-0.0020377491081680077,0.0001749423918549214,-0.006471222319269634,0.0034778368914977383,-0.002272176075165164,-0.001030567734946488,0.004574572717395773
905,0.001529207502164256,-0.0006126069274379201,0.007161345588443455,0.002337413922888127,-0.0014521443542903308,0.0003139100114289583,0.003117298408991013
906,0.0019039683362289976,0.004183483107800648,0.002886601581208833,-0.0015715462410833107,-0.0045957516891492675,0.000761409589384295,-0.0034018018465505158
907,0.004285006434516417,0.0021630410383029564,0.004090716102155316,-0.0023152916292094746,0.0072887382644166564,0.0009387255077787494,-0.0009972323139491493
908,0.0032484778986505685,0.002324046971356217,0.006064722816479435,-0.00562335940885729,-0.0006199779524021768,0.002138069459992725,-0.002718373281726093
909,-0.00024902207213370065,0.00042901760073192044,-0.002012178805285387,-0.020512137743463197,0.0020631605637735817,-0.00013332140761888336,-0.0028799474362786173
910,-0.0004984729177407042,0.0006855478643772254,0.0017444263418723309,0.001402398992027412,-0.006845958762593598,0.00026660190027390983,0.002592810578279738
911,-0.00024945117394727014,0.002561209400095365,0.004264355654827689,-0.003855224784478553,-0.005259140095320832,0.0005327133227282874,0.002005982697598574
912,-0.00024959453670064173,-0.0007667780975935854,0.0013240695679980583,-0.006914414390724027,0.00463139561324353,-0.0008882189043568771,-0.0002860023033247395
913,0.0017441568900586732,-0.0005973203364903756,-0.0019212204278171961,-0.001787760300444867,-0.002099059097847726,0.0007551018207416077,-0.003158519244829757
914,0.00012431500926411625,-0.0009403092544380757,0.0016567292613562869,0.007563136110565494,0.001050797710560897,-0.0004440185254424341,-0.0008654160590085786
915,-0.0024930865358311323,0.0031547985650922593,-0.0027203623830018143,0.0035930509498555987,0.002928779282010858,0.00044401852544239317,0.0030214414132513504
916,0.0003748765721784752,-0.0007652768181127497,0.0019259210360400784,0.007407620146068736,0.002702008363942888,-0.0004440185254424341,-0.0004303496456879084
917,-0.0012508490268621736,-0.0003405563647576673,0.00039740232930191515,0.0018252965052414334,0.000621160270711737,0.00022206600775549854,-0.0046171276801343876
918,0.0016254022901845558,0.004153526264877562,0.0013220542382955526,-0.002202192001262411,-0.002489989516946311,0.001595532088350823,-0.0017441568900577508
919,-0.000624435020449365,-0.0018599363841245865,-0.00026408908196291005,0.003691669588941299,0.006198408953957622,-0.0003983338202440404,-0.00029137504072043735
920,-0.00012499481505155857,0.0014379224728649986,0.00026408908196286457,0.007967823784801565,0.0002050977520540542,-0.00013285917053839258,-0.0002915706600978386
921,-0.0005003393202067144,-0.004925567062325682,-6.600721677228447e-05,0.0006764190562170702,0.0016373044158121994,-0.0026657545501623968,0.0002915706600977992
922,-0.00037563313447694293,0.003487644589460672,0.0034846311450351672,0.0054241391872708305,0.002444440685481148,0.001690210071979508,-0.0008752998903200506
923,-0.0025125582484497827,0.0009309638761106192,0.0007851062371372152,-0.003774997548381983,-0.0034670323561973274,-0.0016456464803421202,-0.002636534463146981
924,-0.002527178978079536,-0.00143960474850655,-0.0013093000025334442,0.007302353181428161,-0.0061866356988896105,0.0,0.0
925,0.0008861863950312964,0.0014396047485065815,0.004046048479727423,-0.003929310773804896,0.0008299944846416927,-0.0006243067864961225,0.0011737695845026061
926,-0.00037957276872426193,-0.0008462482839357248,0.0024613325108834776,0.0003692121389511757,-0.004794276229118626,8.9241648706421e-05,0.0013167098976472075
927,-0.001775739257411476,-0.001952651727294936,-0.0028512422918861927,-0.001404735165948055,-0.002733404455163828,0.00017842830238701813,0.0030568868020955237
928,-0.002692313897615663,-0.002217969175403002,-0.0013022333052448317,-0.007494140714546769,-0.008950448405266173,-0.0008928754828880145,0.004329990822135429
929,0.0,0.0006836593019863465,0.0,0.0019449098827145057,0.0,0.000402021148494836,-0.0005748438720180802
930,0.0008992937315739009,-0.0017969061433907797,-0.0013061498022837895,0.00829515334299996,0.0017191293379223138,-0.0003126509492080863,-0.0014404473633072823
931,-0.0006421625920886993,-0.0005147702877298507,0.002608383107528597,-0.001002178478077644,-0.0012887086070479704,8.935181224830364e-05,0.0008648416038928694
932,-0.0009006258221910465,0.0009432799247671491,-0.004837893120152512,0.004536262315007027,0.004706685772430442,0.0010812316337576692,-0.0046325183971052866
933,0.0014144318352761057,0.0020509812942592076,0.0054875484124300685,-0.022063286131451774,-0.003416296726629662,0.0008091608462548643,-0.0023349221936414884
934,0.0011538457966955046,0.0010218698406381924,0.0012964024011657628,-0.0025360500274897602,-0.0006435582534565587,0.0005386042218659944,-0.002053405631058698
935,-0.0011538457966955005,0.0033889714060944803,0.0006467528848333015,-0.00338438036862589,0.007238408923919676,8.970246482730137e-05,-0.004433122690108045
936,0.0002566752331810239,-0.0005911641891536715,-0.0007762191197745096,-0.003169810806272486,0.00042205492330697097,0.000985506209570356,-0.007037506395496902
937,0.0012811055953573598,0.0037025911543562425,0.002388900073872639,0.001740845605292484,0.00021087375112189706,0.0007153297592552469,-0.0010579651563336616
938,0.003947580012971564,0.003920480027743551,0.0038461755314311524,-0.0018322472471195654,0.005655228696300886,0.0032931597141533206,0.00030253883627036723
939,0.0,0.0026491548824118622,0.0020820433430498854,-0.005556883606416596,0.0,0.0,-0.006398000045972547
940,-0.002032979636993211,-0.00016509959594672,0.001758788272035595,0.005816610158418135,0.009671966022996617,0.0007530223919675509,0.00046013899614708243
941,-0.00038224542462097724,-0.0013143024425454539,-0.0030194407737797477,-0.008687895655926994,-0.0028585541596997076,-8.852313155341332e-05,0.005029611540888745
942,-0.0010209689848174094,0.0007397844766266206,0.0005047002100877739,0.0009702516000441392,0.0024513394257834574,-0.00017710041305968964,-0.0015179829571889021
943,0.0005107845127486495,0.002865019695171688,0.0005041143710587998,-0.0035858323099765086,-0.0028612445830684887,0.0007963837474342714,-0.004893510724370663
944,0.0007650521330829671,-0.0031936572302675784,-0.0005671698313374345,0.0035602083708333207,0.0,-0.0016385983677128832,-0.006195461441241858
945,0.0017798979089847383,0.0031120612728815244,0.0014479643888797849,0.0003190475195396508,-0.0004102924083177997,0.0012848303148329347,0.002488800403695029
946,0.0016462560213283536,0.0028467761574899673,0.0014431528245714487,0.008841504484051826,0.004288858800921328,0.0022503498231146255,0.0
947,0.0011360710844398102,0.0008099489141752306,-0.0001879655869632336,-0.006271306383216086,0.0036427523326806443,0.0007475328319926068,0.004935217675512246
948,-0.0008833538926105176,-0.0010532284361211967,0.001501451735431505,0.0014150818640143808,-0.001008814581145346,-0.00048355076617829455,-0.0021522602443941356
949,-0.0007585931743669749,-0.00089319266800835,-0.0008752158923850076,-0.00717591761755915,0.0014116851869398202,-0.0003520117573892039,-0.009819385585533715
950,0.0018940042312809362,-0.0004066047314167094,0.0008752158923849701,-0.0006171494426333518,-0.0014116851869397692,0.00140633834901217,-0.00316427251835434
951,0.0010067683022691749,0.004854310769007623,0.0037929890171395793,0.003347328568414525,0.0002019504718579459,0.001226821386166507,0.003006605251455638
952,0.0,0.0,-0.0015504996186964598,0.0036176119542356794,-0.0040569606732608066,0.0,-0.007957248651306809
953,0.003505422748018845,0.0036054540965759167,0.002910375281714167,0.006211050651527722,-0.0028625916947900413,0.0019208874503531506,0.0016031560541201093
954,-0.0013737579537822628,-7.979687333295915e-05,-0.0004322260075716301,0.004277105692075975,0.0006150029093391745,-0.0016147228399249686,-0.006773389520210379
955,-0.00025024171357897353,-7.98115378355891e-05,-0.004034204259844013,-0.002877880676647471,-0.00349658824243011,0.0011789029519659589,0.00339989960800272
956,-0.0011278754967458395,-0.0030437583667097794,-0.0012488706863479685,-0.0012294712860817277,-0.002485239868649478,0.00034869089139888735,-0.00764651356002833
957,-0.0012566400026410211,-0.0007240254223214313,0.0015605280243774727,0.003152665644520125,0.0,-0.0010032418546404315,0.0029443806467810045
958,0.0015075322579725802,0.0015270849741895781,0.00198932833100373,0.008870440704154794,0.002691702664029741,-0.0007867655809402053,0.001627182427702106
959,0.0,0.0015217341813812217,0.0,0.0009870142673804347,0.001853761570611719,0.00017496001119178523,-0.0035878831932300245
960,0.00012539179584843802,0.0026304050132777575,0.000991257450371558,-0.010890691660262186,0.007336918439129913,0.0010919060458491581,0.009716165462290564
961,-0.00025081980593438596,-0.0018316288419816518,0.00012374825041887256,0.009616813353255385,-0.0012142444496147835,-0.0013981323363851453,-0.004507173698071515
962,0.0016277453867582557,0.0015136390918050909,-0.0009289725080127376,-0.008763183984159744,0.0014162888737766599,-0.00021886533845328927,0.008650932301016772
963,0.00037476874056159614,0.0015083819488230234,0.00086710279042013,0.006316364710446756,0.0040212739329244535,0.0016606168665506832,-0.0030242362104709137
964,-0.0007498611622406534,0.001108096600174899,-0.004290437822097087,-0.008795378217283066,-0.0078762841343273,-4.3619191712180016e-05,-0.002402520317901942
965,-0.0008764775566280873,-0.0015045315723877066,-0.004648936575099369,-0.0030912656626373904,-0.0028625916947900413,0.0010891676519286062,0.004791822962205358
966,0.00025060270857146685,-0.007521131465660044,0.0017649146921390312,-0.011086357544395785,-0.001438402721719344,-0.0014819376467582242,0.01190780967327642
967,-0.0001252832784987299,0.00032271558750474717,-0.0021440456476030565,-0.013752481910280952,-0.0002058755582061992,-0.0008740960622113024,0.005833665059738593
968,0.0007511581265553045,0.001529632715993062,0.0006317011759590638,-0.007064420460652882,-0.006640083204387734,0.0018335741188571424,0.003190563281179457
969,-0.00025024171357897353,0.0022444209224508553,-0.005718663955007778,-0.01653839711330162,0.004161933930245013,-0.0012215222009016604,-0.005790678880895233
970,0.004110662526817466,-0.0051472541115067105,-0.00025591897140478154,-0.004791461601715009,-0.0006217531225200084,0.0005675626105353248,-0.0023072188950284526
971,-0.00024802655266013596,-0.001377556186682266,-0.0012176788256293035,-0.010758156089740734,0.00020734995949047273,-0.00026185981010642,0.006125552634062352
972,0.0007436551164711318,0.0011347753277159971,0.004596427249560167,-0.006965850243416573,-0.010278397926172939,0.0005235618257973894,0.0027285606940701565
973,-0.0002477435788255131,-0.00024291665510950774,-0.0021644741936767647,-0.017487596679168837,0.0038040635790319104,-0.0002617020156909616,-0.003641903789697009
974,0.0004953459127295646,0.0012132268302573069,0.001338154403267108,0.013947961392775717,0.0,-0.00034918151180136155,-0.00015241076903303678
975,0.0014826568547764765,0.00609546120970413,0.0012071685273881646,-0.002527713438678669,-0.0004210320076757619,0.00287238603998046,0.002280564396340659
976,-0.00012336159205330902,0.002936846763270421,0.0037902304446412547,0.007185111677843297,0.009993794350195201,0.0009099713102141752,0.0004546793106666964
977,0.0011089948818398684,-0.0020616537766183713,0.001130648696788536,0.002161530672121235,-0.005176395987916811,-0.00025979730499800453,0.009884370034067646
978,-0.0004925370325524513,0.0018242695226053595,0.0009399638946022057,-0.014773649385494407,0.00020824478073643433,-0.00017328458360863337,-0.004914065081595787
979,0.0,-0.0005544017117122892,0.0,0.011202012543665358,0.00496815120718039,0.0012979521971423946,-0.0005994403738471064
980,0.001721441310098202,0.004729206244062611,0.00012517494881492756,-0.007190838224544011,0.0020534056310584563,0.0007769134127384354,0.0019451637219499852
981,-0.0003683062964800352,0.0010961106858066458,0.001499291990440628,-0.0016310485263097225,-0.0028774940792837948,-0.0001725273562852795,-0.003597903755308902
982,0.0013489321309075556,0.0027282342016669765,0.0016184133003874761,0.0031326863041830164,0.0006182128900190329,0.0012492732886725578,-0.004387614387613346
983,-0.0006126316178877909,0.002324922478995712,-0.0021800414176169495,-0.004907675434456103,-0.002478149274142753,0.000258022276268172,0.003935773373833509
984,-0.0004907282803505022,-0.0053660489722235334,-0.0019400751247078234,0.0010026576274128568,-0.0035350955025820877,0.0002578690715468761,-0.0019634282319717913
985,0.0008584109453805825,0.0021855268073533544,0.002751082796249232,0.006607067711455988,0.003949103619638348,0.0004723626609863089,0.008840524140355516
986,0.000978967970242139,-0.0029687452015991827,0.001493277626738506,-0.01092282840465055,0.004732940982921344,-0.001332522343838395,0.012860264811382251
987,-0.00036685443423439254,-7.839958174733076e-05,-0.0019921800157838266,-0.006073897597073374,-0.0008194237938552631,0.00017216828051343385,-0.0011535052781319725
988,-0.0002447418954037545,0.0008616179759931533,0.004037088966554458,0.009892935904147377,0.0014329786148642581,0.0009457074509877042,0.007443594561975542
989,0.0002447418954037865,0.004824679233647351,0.005223272152651251,-0.003988921410432881,0.0010206690524075116,8.587137584026773e-05,-0.0048525027944120724
990,0.0,0.0011592527976690826,-0.002327348724751914,-0.008039396382153202,0.0012216449177804094,0.0009006258221931432,0.006269451790018569
991,0.0,-0.0010818729343211803,0.0014101477884776203,0.01250510629175777,-0.0008140480019836724,0.0,0.0028201039476482546
992,0.0,0.004234799355752774,0.0,-0.001476310167589498,-0.004093286492760121,0.0011552098837749386,0.002801909602002926
993,0.0021964926489911303,0.002749675268384888,0.0007339156489341235,0.009734932682489338,-0.0004114585640818029,0.0002989979339445872,-0.007322907950536292
994,-0.0003653115161997831,0.001064634178161904,0.003529879290934803,0.004081911903486898,-0.00873192087578791,0.0032330818942459616,-0.0031357138528585494
995,0.0003653115161997493,0.006782456670066792,0.0012105777368809224,-0.004151536532353763,-0.00042021723830291355,0.0007622175000867191,0.002567265496959809
996,-0.0015852406382990995,-0.002850794536306804,0.00421064430351187,0.01308748854747913,-0.00021026119118183517,-0.001483319994451775,0.0028348304433240103
997,-0.0025730598950400737,0.00142773641107258,-0.001499119479223104,-0.005212299333809424,0.00605662135040369,-0.003308189820932912,-0.0039739641637027995
998,-0.001107423843327652,-0.009020490673896438,-0.0030138530522320697,0.002316134469552135,-0.01541036382751949,-0.002986043276755071,0.0008546302828193554
999,0.0015987072462874511,0.005177485017071937,0.006603084075675797,-0.0031400611555137143,,0.0032878312844658404,-0.004865293843271818
1000,-0.00036841044078674104,0.0030921505564047995,0.0005953318024797177,-0.011215266145476155,,0.00012927354817792244,-0.0015858073390536394
1001,-0.0039492808152264015,-0.008116472291373857,-0.0078037044526542,0.0027748100973441093,,-0.0036342846550922077,0.006735604619884971
1002,-0.0008687133553263232,0.0021386334974798755,-0.0031001627308007104,-0.0052859835048260076,,-0.0004781782476932342,0.0002843171832498396
1003,0.001983083271698756,-0.004595751689147903,0.0006705369148662054,0.010149098864723653,,0.0009558305780916916,-0.005146406946501515
1004,-0.0011143699163724983,0.0027632828020927413,-0.0054552710825743235,0.0062662044286366965,,0.0005638217464166406,0.0017222540028650737
1005,-0.0009929572359917798,-0.004306071216372547,-0.0016500337883233829,-0.0010277305626503464,,-0.0016066504181292654,0.0039922295215639595
1006,-0.000995232705723348,0.0006130856594693276,0.0039010573654105793,0.005726759512627931,,0.0008257790985508676,0.0019824366821466106
1007,0.0026076373180266535,0.0019103333427994737,0.00470751824111492,0.0025920500396710627,,0.0013006732749930366,0.0025356220825607195
1008,0.0001237835214034963,0.0007617866922580464,-0.002106039023788462,0.002460359588634383,,0.0006921029064761449,0.0015422903378786415
1009,0.0002474612499434926,0.0018228546463317271,-0.0010870956412138476,0.0021397512805064324,,0.0007341528315547265,-0.0004200817498932
1010,0.0,0.0,0.0,-0.004694476671589193,,0.0,0.0
1011,-0.0003712447713470029,0.0,0.00558759686788854,-0.0016554135137936327,,0.0,0.0
1012,0.0012362504274395952,0.0024186319770064402,0.0019655410225552197,-0.010429165137359628,,8.62893867141197e-05,-0.0011222085879854702
1013,-0.000246968719708519,0.0035281225318344357,0.00023764404527618524,0.0020130508056506987,,0.0005604634981174453,0.0011222085879854914
1014,-0.005719391610860081,-0.010441729190230177,-0.0007133226053200573,0.0037462231447731547,,-0.0061178415078816445,0.0013986951925649015
1015,0.0005003393202049648,0.007064324855950954,0.0035549542170441348,-0.003765103393278706,,0.0013524677100320882,-0.0002793788979607317
1016,-0.0003752004396684357,0.003751055292459766,-0.002010900008974619,-0.0022996166959078504,,-0.0003486209152913458,-0.0005592975427260837
1017,-0.0008767303261024261,-0.0023969400997721603,0.0034835853194445697,-0.010451364548191743,,-0.0001744154569239317,0.002372056079181806
1018,0.0,0.004186003317357973,-0.002654439731898585,-0.005081771934393256,,0.0011324503989086942,0.008133351319100916
1019,0.0015018844313203143,0.004735114511943463,0.000945660649968384,-0.005943274682731449,,0.0018664426030510694,0.005428751711396702
1020,-0.0027574345451893863,-0.003249837818361253,0.002002717828787724,0.0031772822523647992,,-0.0008671151565887229,-0.0037929890171379977
1021,0.00012571847877733164,0.006621592504338223,-0.0014716872161764593,0.0019696758938932265,,0.003458121043435554,0.007553137890443822
1022,0.0023817624008625757,0.0029833532342929694,0.004225030308833074,0.00036198641942502917,,0.0014184916755331021,-0.004299980492722873
1023,-0.00012503080031776162,-0.0006531290957996044,-0.002459603154570939,-0.00083972852415185,,0.0004289328565003568,0.002423975493970068
1024,-0.0011268999654531209,0.003111679182171138,-0.0014706904738602366,0.012872544302705484,,0.0014124802183992078,-0.0026941431430558254
1025,0.0006264164967518158,0.0018707213367704166,0.0012944703529965639,0.0012822759609691105,,-0.001155323703294533,0.0
1026,0.0,-0.0015103408647564411,0.0,-0.003934179024898036,,4.284461917198906e-05,0.004570148141808663
1027,0.0011252778246336808,0.0002880892191219173,0.0029277074734659777,0.005884066394164569,,0.00034260487480619476,-0.001607507628902603
1028,-0.0010001028758196428,0.003799249704368068,0.00046660706277716526,-0.005706541688336501,,0.0006416565785379675,0.0032090871277075913
1029,-0.0006262358430490961,0.000784375765459652,-0.003805773100322674,0.006785601800258603,,0.0,0.003185548379463184
1030,-0.0012551872376085054,-0.008271155919436711,-0.0012956991712676066,0.004511371230220953,,-0.0019707586513759276,-0.0015898534481172803
1031,-0.0011327785982073477,0.002028401601129417,-0.0007674613925064465,-0.011448954708130834,,4.293781029980054e-05,0.0013252817177865776
1032,0.0010070601194299418,0.005529744008910987,0.0005904752533040869,-0.007381418765637291,,0.0010292359478645133,-0.0023884266352482376
1033,0.0006282287829225235,-0.005168524257650669,0.002353905393478067,0.00021410204570644306,,-0.0015447700654638756,-0.005085787028881438
1034,0.0005019295350981791,0.0030224427275173213,0.00023469034988848412,-0.00067506045136862,,0.0008159799835429787,0.00026916299708797174
1035,0.0022515317348272457,0.0030727668656861146,5.865277636271157e-05,0.008841947807151211,,0.0020973213395088335,0.002682494519104213
1036,0.0016188773626244438,0.0034045797631552456,-0.000293343126251159,-0.00050029970733021,,0.0005547363333227999,0.0005345163528925808
1037,0.00024852331545369025,0.0006353980385851677,0.00011736102811432494,0.012456074431225749,,-0.000213276280820858,-0.0022762519173075324
1038,-0.00037283832471932544,0.0061642832309365585,-0.0057288604887767115,0.008566062602482865,,0.0015332566036871235,0.003875865077104199
1039,-0.0003731586784654837,0.0016660934061749233,0.0005941101910143449,-0.0015781692990282654,,-0.00017009477624792447,-0.002535448945437796
1040,0.0017386705368620475,0.005302638634169501,0.0034888028087672936,0.010985206303074896,,0.0018250369121610146,-0.005251183118259515
1041,0.00012392480663456405,0.0028652897272611394,-0.004856473287158009,0.004565180845810785,,0.0005079468203636709,-0.004904255800377421
1042,0.0,0.0014933554260833407,-0.00011913166496475989,-0.001834007320816405,,0.001056318276028456,-0.010538952854401875
1043,-0.00024788498498553717,0.0026347572129675344,0.005446512541663078,-0.011003220207136568,,0.0008010870827452553,0.002240079663488966
1044,0.0018556978037511597,0.006418261866232795,0.0015269328142418338,-0.012832168235122754,,0.0003789471700133329,0.005825819790682029
1045,0.0013558232385270069,-0.0013293382950293222,0.0012878400866953104,0.011051736871238428,,0.001764061249418543,-0.003319464429709244
1046,0.0,0.0013293382950293107,0.0,-0.007698753913625384,,-0.00012576702107207368,0.0016629036854047836
1047,-0.00024619869247992295,-0.004603517909978596,-0.00017538984497725347,0.0016837415492791396,,0.0005447275801925361,0.00385552484424201
1048,-0.0006161080362325752,-0.003907733462098289,0.00017538984497725903,0.0022877896890084906,,-0.0009222473158640731,0.005449186694668345
1049,-0.001482235165434464,-0.0004062624074577232,-0.004110999423074608,-0.0028669391646228607,,4.196284673284009e-05,0.0008115128152017499
1050,0.0,0.0011500912075735668,-0.0011817544214286896,-0.008994629115393163,-0.0009119047589859091,-0.0002518379205990746,0.0064380842769293945
1051,-0.0006190941631456675,-0.002846953887880592,0.00029574021020482816,-0.004308228614273062,-0.003897099885710794,-0.0008825845317474845,0.006081544176252348
1052,-0.00012392480663455733,0.007216488669329819,0.0002955389579197703,-0.011292611365712588,0.005946199538771744,0.0005885889329428666,-0.0028979417814673286
1053,-0.004485008691869917,0.000801898024850123,-0.004155959771159066,0.005784250319221637,-0.0020490996530609386,-0.0012622402275324887,0.005776674407279415
1054,-0.0006265972547127895,0.0036565384780549636,-0.007097062637151416,0.007722454594592828,-0.0009138235500027746,0.002395128267787167,-0.0034041948579762666
1055,0.0003782504073374755,-0.0025230449057233417,0.002056837997628277,0.001382976427662118,-0.009713060997236619,-0.0019318807764988285,0.0005254622321642193
1056,-0.0005044071204679629,-0.00013319873801863024,0.000361962361754782,-7.883617164043098e-05,-0.0035222778789502423,0.000841004294383073,0.009351199397147075
1057,-0.000757710832337493,0.012215953360882806,0.0032441570167714563,-0.0002967117661568293,0.0037560837967922692,-0.00042029857330843154,-0.001029134324949738
1058,0.00037902066280812966,0.00322609180616932,0.0,0.006705791242986187,-0.006594619927193475,-0.0028065735395821877,-0.0033616293263301405
1059,-0.0011380557792430403,0.0028192718072655573,0.0005383445819997681,0.004149706615739192,-0.006696303087385201,-0.000554954443700663,0.0041337086086130695
1060,0.0016429026619029158,0.002991415161082426,0.0026817583238209174,0.0006936157323406015,0.005523310876101305,-0.0007267813078070739,-0.003614838198143594
1061,0.0,0.0004437722265274346,0.0023108704217856073,-0.005416408198761139,-0.0035941817433982975,0.0010683756480248888,-0.004692302953525907
1062,-0.00037858013314279984,0.0003800156129054616,-0.003977572781720889,-0.0012496122403659836,0.00311667264427181,0.00017069646752293141,0.004692302953525937
1063,-0.0006317011759610218,-0.00528663006672667,-0.0025121084007763026,-0.00586805133825519,-0.003116672644271849,-4.266782750443029e-05,-0.002339814302096601
1064,-0.0029177189000842564,-0.0025709382873462363,-0.0025870635096540656,-0.0031982631292924745,-0.006057203932782446,-0.0015388403254216986,-0.002090470856513455
1065,0.0008900783011103821,0.00461678682566313,0.001385694882145869,-0.006331713187207399,0.0007313408664600988,4.28192735771821e-05,0.002611520087464419
1066,-0.0006355840178800171,-0.009478705823184047,-0.005275867533673862,0.007036332484257102,0.005566402802132706,-0.004389458407991905,0.0
1067,-0.00012722850007641003,-0.004653316714984576,-0.0036342846550948336,-0.0074270512588558825,0.008100077032049638,-0.0017335398005775028,-0.006822893518295989
1068,-0.000509287049747507,0.0017754511836604462,-0.004524578677346763,-0.014072563245162427,0.0007075122095368272,-0.00026062882272764415,0.001320446386329912
1069,-0.00025486766101459894,-0.008837884418356033,0.003794057929989823,-0.005278702258546676,0.0,-0.0012183401931934207,0.005762737509494836
1070,-0.00012748994129367313,0.006152801031837953,-0.0028117686067253888,0.00044869736797826626,0.0037540545528250042,0.0011748868456256385,-0.003133828259909018
1071,0.000764378868901808,0.0014428401374128438,-0.0013512213702894476,-0.0012921428386052111,-0.011840822912085222,0.0008248710588095963,0.0
1072,-0.0008919062466805497,0.009967851893089763,0.0,-0.0017846320646631988,0.008322349857796988,0.0014721860941537374,-0.0010496548478930892
1073,-0.0007659516657449419,0.007800198182732341,0.0034922647751231633,-0.005192247793939456,0.0,-0.001038671901738299,-0.005552699153601608
1074,-0.0028201039476480755,-0.0039142957051016385,-0.0047243066848149644,0.0008458069981015295,-0.005928217654126713,-0.0009543030809296693,0.002652998365578945
1075,0.0,0.0,0.0,-0.006643955035202028,0.00047724673143668126,0.0,0.0
1076,-0.00012862268179446984,0.0,-0.008849469110739541,-0.00289948530688323,-0.00867172534670831,0.0,0.0
1077,0.0008995598343642697,-0.016942025293208225,-0.004238904696564944,0.005309737700734611,0.0,-0.002482311643273085,-0.003052349641448446
1078,0.0002566752331815058,-0.010275690635493502,-0.003254591467741118,-0.003519218208524117,0.004838985793464709,-8.735683060823992e-05,0.0013297453190263817
1079,0.00025652362346804367,0.0010789930566384395,-0.0025697973317442007,-0.0017183144290932705,0.0007212198976681732,-0.0007870032028109162,-0.007094504361969897
1080,-0.0014127586910137686,0.003755503788978299,0.007537584243603055,0.009337999176852707,-0.005560205691132847,0.0002624928952104374,0.004029980806123778
1081,0.0015409637050531578,0.013477259289857716,0.006474152981863808,-0.008187387071833052,-0.004893510724370613,0.004265076790797238,-0.011105110042799595
1082,-0.000769798396947097,-0.002141463868660425,0.0011837888623743064,0.0026562037793822785,0.009491823482081316,-0.00025992687972165794,-0.00013719617296432737
1083,0.0,0.0054303679344278495,0.0009322962046855082,0.009348447177876725,-0.0014468458087129033,0.00021661653494334113,0.002599344712260027
1084,-0.00012843249595437289,-0.002254407267192035,-0.001991323652267254,-0.010105226288695757,-0.0119998779185336,-0.0006935535669434564,-0.001639880420064821
1085,-0.0018020543776806586,-0.005720471032401686,-0.010159767578877802,-0.006811020240311665,0.008361533696678128,-0.0013469200870836894,-0.00606643425775695
1086,0.00012896643952373362,-0.0014419691185240645,0.001593275254974425,-0.011545812989725927,-0.004652762379553474,0.00047841768404322926,-0.0041853309646229875
1087,0.002186590193550911,0.008452105484402632,0.0029164410573818376,0.0019602005097281547,0.007807751535484395,0.004153061856828471,0.001678975603650158
1088,-0.0003850697594395982,-0.002000617095928105,-6.319308587268838e-05,-0.0021267494704345744,0.0019302008746375182,-0.0009913927270512272,-0.0022400796634889438
1089,0.0010260949413588261,0.0021937370050937183,0.00031587351883672406,0.01180551844881813,0.0009618929334221474,0.0012496451520473736,0.0008413844709241455
1090,0.0006400804134385047,-0.0002575123004021227,-0.0003158735188367308,-0.00011208959500985209,0.007619396870191783,-0.000473580151107251,0.001119316294604113
1091,-0.0010245819718897986,-0.004401233609476142,-0.006237958514575076,-0.010233774805601618,0.0014138736803565135,-0.0015535192786015,0.00027937889796073734
1092,0.0010245819718897582,0.003111376760224154,0.002046752451180256,-0.0036024724241530814,0.0021122172611718042,0.000950033052793284,0.010485382438273527
1093,-0.0012811055953577972,0.001032191767885502,0.0008924298966864202,0.005578719846255324,0.005120358670280979,0.0005604078662128322,0.002311167198709525
1094,-0.0008990277861724331,0.0041044084052132175,-0.0015310044594691354,-0.005994596283667302,-0.0016226660848472961,-0.0010351646142066702,-0.002038625939745418
1095,-0.0005145669818831678,-0.005653617474521768,-0.004044755729062819,0.00460066097615451,-0.0016287516402554863,-0.0005617460874452936,0.005146050328868603
1096,0.0009000925126616021,0.003349662564956229,0.0016095729709325656,0.0034944426831670615,0.00046598124846311003,-0.00012973696344563372,0.004153395511928253
1097,0.0039638517297162475,0.006243449058765477,0.008085757154063858,0.006331592678448851,0.0,0.0024153891822733414,0.002393545762930112
1098,0.0013978766423926314,0.0025227749237030765,0.0008192454384290931,0.0027587472035534356,0.013751897699812892,0.0009881562440647606,0.0019845936221707865
1099,0.0008872209048924811,0.0,0.005443220418830672,-0.005347100807213625,0.0011265751632550014,0.0,-0.0045115017328071425
1100,0.0003796833829810158,0.006491443953223756,0.011776535782115214,0.005052731588607976,0.0051449342800800515,0.0014994152370453114,-0.0010683756480298241
1101,0.00012648739914602957,0.008709487821203406,0.009161028408809896,-0.002301589028947586,0.0,0.0,0.0
1102,-0.0001264873991459881,-0.002557905058095526,-0.0030919233909094,-0.003534861674612521,0.014434075655785552,0.0013237440993335663,0.002134129512689242
1103,-0.0020288246269885048,-0.0015910482117305039,-0.0027536337829122183,-0.0051770917225219286,-0.002372610470658132,-0.0004265735358180303,0.007649478033552062
1104,0.0011423798307288971,0.0,0.0007200241747148379,-0.006689873211312287,-0.0004327797885826036,0.0,0.0020867042278516247
1105,0.0015185137215413304,-0.00042935691277808574,0.0001798196762566661,-0.0032043157098494484,-0.0050082144790962275,4.267621306472697e-05,-0.0018253172311560495
1106,0.0005049936405096724,0.006698449251489869,0.004056069143051649,0.008703153156604075,0.00781360473833697,0.0021284814311483165,0.0020854516994904836
1107,-0.0017700527403812548,-0.003579953827928551,0.0005932985648176512,0.007954068625186854,-0.00021515704274775903,-0.0006374498163388337,0.0
1108,0.0010123419080437651,0.003519521839811899,0.0017750480374022415,-0.0028793610518159556,0.0012893462668696711,0.0016130592595609064,-0.0036561386987209194
1109,0.00037902066280812966,-0.002667367011866984,-0.0008274529920955092,-0.012264308938557927,-0.003879579483362655,-0.0005511621049959484,0.0005241937653932189
1110,-0.0007583723962620007,-0.00036500448869834784,-0.0003551058921522077,0.008856346913092759,0.006660100315765196,-0.0021263971284300907,0.0022207917822945245
1111,-0.00025308536957772824,0.0,0.002656243643740733,0.006227153579524911,0.0038207972119235906,0.0,-0.0035324644251034376
1112,0.0006324371030315719,-0.005019386036595427,0.002932451937534295,-0.008033197550448474,-0.004888122600205891,-0.0010671155840724401,-0.0015792544016927615
1113,-0.0010123419080438035,0.0100415864818709,0.0009342181217971462,0.0029573966806423816,-0.010600989406579199,-0.0016699537257608163,0.0013164438146109044
1114,-0.0005070572460446539,-0.003564019505486601,0.002500798704128376,0.0038527022395361587,0.0006565299540593184,-0.0021504028976525613,-0.005023858247695909
1115,0.0005070572460446308,0.006143222269019509,0.00467204891357064,-0.014531180917448578,0.0034848289839377548,0.001162539831779793,0.0
1116,0.0,0.005821569760624041,0.0,0.003934447317961762,0.0017319842771891692,0.0,0.0
1117,-0.0012687548664429503,-0.0007086667037268478,-0.00132152950867432,0.0010140352521777838,-0.005435546321355537,-0.00103321495656599,0.0007971145986378276
1118,-0.00012707958595562456,-0.004515277419859921,0.002924939227302881,-0.005785347915959415,0.011656714679006135,0.00021545591646166543,0.002382602950686022
1119,0.001015597029681217,0.0,-0.0013739884338924617,-0.01813424960029602,-0.001921187864926579,0.0,-0.006115052410856141
1120,0.0020335745995544653,-0.009051900875677683,0.002173478830175164,0.0034102622380057382,-0.0034365716956139933,-0.0005172738857528283,-0.000804001121761169
1121,0.0005069092864991193,0.005574168644111298,0.004653402355812446,-0.009615513522583974,0.006421425245076278,0.00034491770454258793,-0.006213961738663504
1122,0.0006328057099536991,0.006631491043802175,-0.0033431405783556733,-0.00799918995718104,0.0025422188605628325,0.002920792808038033,-0.004925888141307643
1123,0.0,-5.929339648766131e-05,0.0026652614367186555,-0.0051011786975324715,0.00021118137148598288,0.00017120113827869232,0.003836064528247636
1124,-0.00012648739914835139,0.002070467296388452,0.0024241852677148014,0.004985145562090991,-0.002116449032218747,0.0003025689471287077,0.0021769192542739307
1125,0.0027742482844673936,0.0032337787674979325,0.00530826496297383,0.00011366291691645968,0.0006360183932489847,0.0009926735336781229,-0.0008150665174438118
1126,-0.0012588254665729214,-0.004356521777475551,-0.0008338456614119134,0.0035876374327721296,-0.004471814022408364,-0.00017247596807474502,0.0016286062156656502
1127,-0.0005045536227139339,0.0003548640932037301,-0.00027830470795601835,0.004726696307863191,0.006795944745866557,0.0008186514806799709,0.0037764975522552716
1128,0.00012619337061218228,0.0007088594858343975,-0.0005013983415135274,-0.006404078480924793,-0.006779368596875581,-0.000559963208221987,0.0016084999198302823
1129,0.002139696022820264,0.007025677323092267,0.0028336336152222125,0.004585283809225107,0.005516271782427765,0.0025784430493079867,-0.002145993159109512
1130,0.0012537378276966874,0.0012758025735002056,0.0019340075051288317,-0.020563378559901115,-0.0008441100459154608,0.0008988505766079739,-0.007869343685536611
1131,0.0006255142690202539,-0.00023168551197855862,0.00032723433563893774,0.0004916643694969562,0.005457614851279494,0.0005982018602871084,-0.0010967038199269422
1132,-0.0005003393202055558,-0.0033150191713400864,0.0004903896559091678,0.007315924668365172,-0.004402733395304901,-0.0016684731937700703,0.0005486980918168245
1133,0.0006253341352592232,0.0008165625218689081,-0.0015821310098743096,-0.00014962249917949356,-0.0008437000844889627,8.571883614224355e-05,0.002460598547653903
1134,-0.0002500256153700389,0.005339400563597949,0.0038633228780443852,0.006193911195835822,-0.0025409793513631648,-0.0015885436949361518,-0.0024605985476539223
1135,0.0007496454368256227,0.0014241977802358864,-0.0016281991649167687,0.003234192362740649,-0.0004249457109130832,0.0015028248587939815,-0.0016481783800727093
1136,-0.0008747122431344688,-0.004573970471831255,-0.0051415816271071285,-0.002303373190472964,0.0004249457109130491,-0.00017148844523083692,0.0032901254470489565
1137,0.0,0.00022984625141035631,0.003943677331785332,0.004598565539325589,-0.001702283343196816,0.0015409637050517165,-0.0035654309915497348
1138,-0.0006258748480577809,0.0067828720877609,-0.0036686507366238044,0.001218374817225722,0.008236320176256471,0.0002989979339492128,-0.002208749741966117
1139,-0.001128852718492487,0.0007910648487786206,-0.0011011529274023385,0.0014302949225461399,-0.001466858510685495,0.0007252819792989669,0.0022087497419661694
1140,0.0006275026115571932,-0.0015269175194137761,0.003404525953973742,-0.0030439598642768,-0.0027373803424966185,-0.0002131925239945414,-0.0005511352032834481
1141,-0.0013817045062899012,-0.004441492701708954,0.002073529546723804,0.0027640759602587687,0.0,-0.001452491259941948,0.006296216852353707
1142,0.0017577713347277537,0.008052171701701805,-0.0010900971634512158,0.00532648091204035,-0.00961103972649595,0.001665683783936512,0.0013567473761739704
1143,0.0005009164129748345,0.002129722981621495,0.0017428445036224754,0.006960280300410766,0.0027984375710188554,0.000596382903588236,0.0018923536777022488
1144,0.0027447602426587336,0.00869005398984274,0.002168765964689439,0.015856073072286474,-0.0017199803942732814,0.0016994523032094482,-0.00121556612932913
1145,0.0,0.0007118236813536603,0.0,0.0038668618470784387,-0.005419267746078013,0.0,0.0004055668608263368
1146,0.0009938093167423607,0.0054909340911744355,-0.002984853549463624,0.00019882210638994435,-0.003284319775800328,0.0016928280326381586,-0.005438950008499116
1147,-0.0001241018673681497,0.0031757437700762523,0.004442671914830315,0.004398455702943229,0.003066136158097111,-0.00025350393670710243,-0.00606258487237953
1148,0.0004961948347854033,-0.00032189833362717654,-0.00297481660106862,-0.0025914424051641308,-0.004386850248113742,0.00042242439076370017,0.0008317164659520796
1149,0.0,-0.0022599937308986954,0.0035673424977480934,-0.009079519699316658,0.0015404431520792364,-0.0006337907656471275,0.0005535940608143587
1150,0.0004956285638114109,0.007169740336235104,0.003965208502653948,0.002514273028903888,0.0013160448916306623,0.0011823289259878902,0.0033068267524251596
1151,-0.0006196241340753941,0.008200429933633731,0.0014377980162453544,0.00044757617202189584,0.00845843704967995,-0.0013514961233373523,0.0005486980918168245
1152,-0.00012403098239549822,-0.0008339790981486869,0.0027557521455220248,-0.00019769967272178184,-0.0034502225705836153,-0.0014830305514750757,-0.005796199234289172
1153,0.0016096463942443442,0.00837095589100846,0.003210577961210965,-0.004274585143716214,0.007724809066492816,0.0004666412464509349,0.001940674390047167
1154,0.0,-0.0019491222408602948,-0.0008923682588921042,-0.0006843238084925997,0.0027560884611958795,0.0015659419422057949,0.002482477599059777
1155,-0.0009898454015006995,-0.008094611767914822,-0.005020801375052114,0.000185685969942027,-0.005743875550789521,-4.224859985679307e-05,0.007768851587964328
1156,-0.0004957700103481102,0.0018814230806569478,-0.0023986868815048306,0.009010755172548719,0.0,-0.00029585533462292294,0.00040506250277295573
1157,0.002596501433814627,0.01682670101480985,0.004361063772334687,-0.007843150882733043,-0.0023620524485329663,0.0013086891010008748,0.001616482568091694
1158,0.000246478146174772,0.008839136325493147,0.0013209283311316137,0.002760457699948446,-0.0006464319951659829,0.0008001549081553342,0.0072006261163003165
1159,0.0,-0.008387869144426135,-0.0011093096245906222,-0.007943127608781934,0.0010768527260399015,-0.0007158586187011563,0.003162352433104924
1160,-0.0007398544922248547,0.006515907272425074,-0.00031746674067582273,0.00047253106587485065,0.004493848482259934,-0.0005904179144594594,0.008064399990829323
1161,0.0008630411281112549,0.0015277325188370395,0.0008988870552209447,0.011525053296760025,0.003604124268824763,-0.0002532821700277441,0.0012867994063178343
1162,0.001352751851447564,-0.0011329641863216493,0.0015817468567829525,0.007473924170908338,-0.004030112024316012,0.0010543692527706843,0.002562216764599636
1163,0.0008586534002614125,0.006656734576996879,0.004606831336623946,-0.007399768193686721,-0.0038528102237837814,0.0013038728440947303,-0.0007670790605998962
1164,0.0009792438915509232,-0.004933829867220158,-0.0015127683273741866,0.007717238844507807,0.0025723341652574942,-0.0015988383018324117,0.000767079060599932
1165,-0.004424090704829154,-0.006135043438855396,-0.0005751899342905264,0.003194351141628531,-0.011697416350720677,-0.0023669636192506383,0.00960085073437491
1166,-0.0004943591676705579,-0.0032509095567898904,0.0020879582616646817,0.010148134975125091,0.0,-0.001358365238062008,0.001496708483900297
1167,-0.0003711390186573695,0.0025527669392707785,0.004919036287406611,0.004138943707906725,-0.00753002667090465,-0.001874716656184913,-0.005765610268988372
1168,0.0006183889438701704,0.003578551112226814,0.0005145669818834498,-0.0021033085142845515,0.006870839372222457,0.0014067956254717046,0.005142608466694248
1169,-0.001113734856600125,0.005704130901288114,-0.0007720792822865264,-0.01250651158535954,-0.008213327247732029,-8.513074258456993e-05,0.0052056468691817105
1170,-0.002859255521364209,-0.00988198452154811,-0.007273044074468508,0.0033439174348084922,0.006891943423371798,-0.0011509012979075725,-0.004084886293885177
1171,0.0002493795543128688,-0.0015018844313183565,-0.0009965097248371025,0.009230073244562986,-0.02055012820802613,0.0006397661091683824,0.0009938093167432265
1172,-0.0006237175880367911,0.005580730988137424,-0.003426508194543634,0.007847345686477153,0.0073377793176351985,0.0013616926127912562,-0.00877392430750461
1173,0.0007483536864402478,-0.014549156003821267,0.0025855649679211476,-0.0021027759135351853,-0.0015945789607070575,-0.0013190750295289776,-0.00496633026468583
1174,0.001865261916246003,-0.004683991816161163,0.001575435156543032,-0.00567776216905392,0.005893439356864341,0.0017861725373697272,0.0014065194984625256
1175,0.00012406641475771915,-0.012175316431641839,-0.003949355635916048,0.010243845396346245,0.002693307744477898,-0.0008071206075384424,0.0
1176,0.00123871870031889,0.0006913401649396173,0.0016894530691292477,-0.0013418063824057857,-0.009043418522919637,0.0013584980208005333,-0.005912357119887946
1177,0.0,0.01189778714308202,0.005653865295031807,-0.017891685427097948,-0.002520312692199067,0.001692168444749219,-0.01153990429628151
1178,-0.0004950635838480563,0.00677156071550941,0.00408957835314383,-0.0029677678396988444,0.0068394245303059166,-0.0005492318709282287,-0.0005318977785542228
1179,-0.001612865234591237,-0.005017250098545946,-0.004089578353143821,0.0011348226404290366,-0.002267861455822426,-0.00042295920941851014,-0.0034733056644696133
1180,-0.0013694261886750155,-0.013280293007522117,-0.0002080951079131476,0.004425775586177757,-0.011286994116960596,-0.002589009709557382,0.004801830658566248
1181,-0.0006238967915427937,-0.0009035071719030526,0.003575739936155106,-0.013080267847765522,0.0011652662797138646,0.0,0.0
1182,0.0,-0.009303017185429965,-0.004930794021119985,0.005847329017106382,0.002552633210865232,0.0005530517732977271,0.007365558430399316
1183,0.0,-0.0003806500429385867,0.00822130897413766,0.008785518072800489,-0.00723257593145312,-0.0008511408543058289,-0.003667164579548101
1184,0.0,-0.011186532281362056,-0.00225954833971638,-0.00018446671578216278,-0.0018861896398002214,0.0014034892401404103,-0.004627934451335081
1185,0.0013757360102961452,0.0038900597555622386,0.0024131811985458242,-0.004094490245575856,-0.004512807986609322,-0.00038232020243380573,-0.0005320606875623024
1186,0.0,0.009683606231521185,0.0,-0.003808941420782455,0.0,0.0005945749751941839,-0.0020010532187397304
1187,0.0008732047673341038,0.013267219016923782,0.005242031373245152,-0.010771450822013666,0.00023868892159172752,0.0002545688712422495,-0.006466042249229904
1188,-0.0004987591497395382,-0.008478443632389365,0.001010575166643729,-0.004247891118320732,0.012002399514935176,-0.00042436438973942557,0.0013550540849677556
1189,-0.00012477933770746677,0.003994887571316625,0.0019136383364957558,0.002279876559022529,-0.002560843282093643,0.0004243643897394389,0.004039977801736766
1190,-0.0006244350204477233,-0.002126032795070128,0.0026550180781634235,0.011959192565068973,0.0011658919267899046,-0.0006424158982679069,-0.0005364972663772445
1191,0.0007492143581552161,0.0065046234219394,0.0028870111988564392,0.0016106480544300524,-0.0006991594993822738,0.0009418850894007291,-0.0037741533281078314
1192,-0.00024959453669929087,-0.002632414908292502,0.0004462694161165706,0.006349583869946411,0.002326167756762185,0.0007691167569235637,0.002968162718978382
1193,-0.0003746609709598495,-0.01009722055183758,-0.002734391324156659,0.004889439927077561,0.00023193297315055982,8.537339950692911e-05,0.003348470573107901
1194,-0.00020830002897363395,-0.003369098102836042,-0.002065889554386533,0.0028388615778301746,0.00015462198210037322,5.691559967128608e-05,0.0018295051557136806
1195,-4.1939086987418414e-05,0.003359024346165496,-0.0013973877846164076,0.000788283228582788,7.731099105018661e-05,2.845779983564304e-05,0.0003105397383194601
1196,0.00012442185499879712,0.010087146795167036,-0.0007288860148462822,-0.0012622951206645986,0.0,0.0,-0.0012084256790747606
1197,0.004332459149123646,0.013185691248418552,0.004403223931634558,-0.002473425756054098,0.0,0.0020411410461158245,-0.001346650635273742
1198,0.0003693503966658803,-0.0032727696846622375,0.0013938963850220855,0.0003553776838855921,0.0,0.00012725335303395146,0.0013466506352737904
1199,-0.0002461986924793923,0.00356823067965695,-0.0009608288916960879,0.00012495686112641138,0.0038863300223912697,,0.006803708054941782
1200,0.00024619869247940654,-0.0027005091484306634,0.0014404473633064675,0.003819570617187634,0.0,,-0.0006623372976635201
1201,0.0008605979810658187,0.013547801029377495,0.002390179296185718,-0.0028611630430262214,0.004809511853780751,,0.004484100687334517
1202,-0.000983679881252822,-0.0017891716065525699,-0.0012890627846162456,0.0052383872954516455,0.0,,0.0
1203,0.001229252113921435,0.007372177496404796,-0.0013408595383057095,0.008684776584528466,0.005937944318948618,,-0.003954150064036414
1204,-0.002215165095571937,-0.0061084681220160844,-0.0005759238088818334,0.006059815599449656,-0.00307759710620212,,-0.0029227637391897646
1205,0.0012320419096908143,0.002307293183999462,0.0015819563717022667,-0.004243622541721171,-0.008395901835629587,,0.0037164791265512794
1206,-0.0002461289280403324,-0.0006280470825595238,0.0023383859156138904,-0.010763304868822359,0.000967787546791348,,-0.0015888840231199045
1207,-0.0004926767197715616,0.003962378101375874,0.0007608358138253073,0.01216697903765825,-0.005349719717861567,,0.0015888840231199207
1208,0.0020900270180995153,0.011977766694874388,0.0026052536549035854,-0.0051830512880937565,0.001709342309742972,,0.008636450859195535
1209,0.0004903127609759335,-0.0011121503693671366,0.0028243833464528315,-0.007232273607975304,-0.008366271402471667,,0.000517942198423564
1210,0.00012249174581343726,0.0,0.002852749545237944,-0.008328368210063058,0.004940832378670084,,-0.005207430278425254
1211,0.0012230210332763599,0.006031964769912214,0.0017676963470981731,-0.0055973894070412014,0.003181658786189339,,-0.0010490209977265933
1212,0.0006102213760772412,-0.0010495642509733103,0.0006957990517479866,-0.011407535078391793,-0.007377773379796958,,-0.0023696029305362173
1213,-0.003551278768722359,-0.005894464869353902,0.0003706375150542134,-0.0018283084076074106,0.0037045531581034203,,-0.003978297882031947
1214,-0.00012297734243377496,-0.00886502910172819,-0.0002779484779063139,0.0021362507362869183,0.0,,0.003185548379463184
1215,-0.0017253492461534864,-0.001296170250928081,0.00037055845413876777,0.0012951861524894018,0.0,,0.0010566780928288055
1216,0.0,0.006902702607861392,0.0,0.006846795188217863,-0.011209828913989849,,-0.0015859828285526914
1217,0.0018483265885872592,-0.0009208744967819856,-0.0010197975229028053,-0.0022296922883541276,0.0,,-0.0017247092362422934
1218,-0.000861573578112985,-0.005100011601210939,-0.0026067056806625805,-0.003610383939007471,0.0005044071204679478,,-0.001731585874597966
1219,0.00012318663588550257,-0.00244234453424383,-0.006917986537782233,-0.008855510612056085,0.013157683994553755,,-0.0005341876219654081
1220,-0.0018514784979526994,-0.011083581388490145,-0.008382011970411453,-0.002055081457587335,-0.008145574332588137,,0.001067718993615936
1221,0.0004944998904931623,0.0028771914855486723,0.007669859066526628,-0.004293592454975289,-0.002248293969802278,,-0.0013350594033545706
1222,0.00012353704589136228,0.011735570983654749,0.0071630053943665655,-0.008170650652947496,-0.002763815692163348,,-0.007009249927181959
1223,0.00012350191520824256,-0.006247451035613024,-0.002437229908092871,-0.006418364130561877,0.010705421793521833,,-0.000543887963261844
1224,0.0025854602567601287,-0.016949446029208722,-0.008783516570028073,-0.0012698531370502486,-0.010453437752855534,,0.0005438879632618598
1225,0.0006133237594744563,0.0013609991768406195,-0.004047597974375098,-0.011801345125448538,0.00426150962863673,,-0.0016337115763218823
1226,0.0024446700178368487,-0.013245076807681565,0.006698766326921688,-0.0039577289126604565,-0.009074387788814328,,-0.008262033860369401
1227,-0.002077091086115309,-0.024553366876651658,0.017445130628218473,-0.004054844919211501,-0.020603842070467338,,0.010167434204951118
1228,0.0018332424093535217,0.01891309952395862,0.008491364452448018,-0.0023528582945046093,0.01599454133107578,,0.009403588450165673
1229,0.0015825744953727196,-0.009759837289156756,-0.012036645217099625,-0.0009913263019073718,-0.013597325592820586,,0.0037051551646992424
1230,0.00036439197934393086,0.004045353764726946,0.009307564942213707,-0.006587289475488443,0.0,,-0.003971022624429707
1231,-0.001703117797954808,0.0102325422891364,0.00823401839573388,-0.018289661846572994,0.0,,-0.002132819421774399
1232,-0.0010983988817321595,-0.008166655551552516,-0.0004397919179913567,0.003186900563313719,0.0031758421734497558,,0.0002671759431539918
1233,0.00012218159650231148,0.007379380605075919,0.0020972203955507166,-0.0018434978549287432,-0.0005276968837609997,,0.0008005430504619852
1234,0.0014635042725699126,-0.003787558049554445,-0.001999450363190868,-0.007207337867092178,-0.0005283388509310513,,-0.002406069765879889
1235,-0.0004872869873400907,-0.009819200104091255,-0.007593443921417023,-0.006330656990872002,-0.016705693502853426,,0.00026800030588604464
1236,-0.00012190722379071878,0.0008123078849974942,-0.0012952127665542248,-0.00263016830946285,-0.0024793282288196354,,0.0032031698881523772
1237,0.0,-0.0005800648410128373,0.0,-0.005172525252796338,0.002753937458268146,,0.001725236268716364
1238,0.0004874237121125822,-0.0038479827257463894,-0.01445668395370018,-0.012159689429163864,-0.014798993749336646,,-0.0005301123415632755
1239,0.00036520911632445546,0.00011710785615147097,0.003646749381180023,0.014127618965963415,0.0042398105873969905,,0.0030393469806962313
1240,0.00024330223712139455,-0.0031730491606148784,0.007655421094381083,-0.0023151591910906748,-0.011399459744093947,,0.003932666310187297
1241,0.0004861959443171255,0.01796460431724671,0.0063853313908312365,-0.004198258057060333,0.027956527692521323,,-0.0013069359303419807
1242,-0.0001214979674738696,0.0023138348226241535,-0.004730109903130123,0.002474967615377515,0.020363349491325754,,-0.005267432453864244
1243,0.0009710333433866921,0.0033640329463719416,-0.0018562837514324276,-0.0021489337586495807,-0.025538446885700332,,0.001322859633534128
1244,-0.0008495353759127915,0.005328833505065631,0.005346614103215579,0.0052528472728654374,0.015343886229651146,,-0.0005286604206094596
1245,0.0009707620290106177,0.0011019911568694938,-0.000745570109123828,-0.007388575356216718,0.011226752423936021,,-0.005322302908287364
1246,-0.001092259996484442,-0.01154320474438966,-0.008794229828451253,0.004108214329023308,0.0,,-0.005117327520988897
1247,0.00012149796747388881,0.0025356220825590897,0.0006594439466798544,-0.0014262333174765698,-0.026570638653587154,,0.0
1248,-0.00036459592059024916,0.008236482554799066,0.0037348041514109406,-0.0014877033021618014,0.0070662738654478155,,0.0008120185885149971
1249,0.0,0.003896520510602816,0.0,-0.0076662210121613795,0.016140732683779458,,0.0004054406535964387
1250,0.0,0.0009278050895835664,-0.00025134237746443064,0.0007336993063076385,0.0,0.0012557921479624467,-0.002030998940333231
1251,0.00024364347449820574,0.015739745247073975,0.00519820063832447,0.005019864343524856,0.007723282645570943,0.00020894611030920147,-0.0038167996743387767
1252,0.00012177049901803444,-0.003166194936666191,-0.002541343787402696,-0.002417131215258496,-0.0030728511348947327,0.0013348798734231727,0.001366996664994016
1253,0.00036510677383878566,-0.0026562436437413896,0.002093950588433436,-0.002620133615934521,-0.006994455394154217,-0.00041670937941275693,-0.001093252891733091
1254,-0.00012166815653257296,0.009278797810782504,-0.0028943092243584726,-0.0077409489715694075,-0.006313295649020577,0.0012570037195026099,-0.0005476602010777239
1255,-0.0014626827698803523,0.003325554277941624,0.005818862241675763,-0.002631478051948115,0.002114645599255133,-0.0009214468305615278,-0.0033005439304824953
1256,-0.0015901519707672521,0.0021686370397715443,0.003885339777307291,-0.0021319583553184277,-0.009867723137904029,0.0009632843607625638,-0.0006907818887632799
1257,0.0004898979446770262,-0.00247932822882046,-0.004676494693862753,0.0013983713248999596,0.016670064930544248,-0.000251085658508557,0.003305777954867343
1258,0.0013443768441556464,-0.008526621434501794,-0.00522802766165289,0.0053287602511445575,-0.006526941031464534,0.0001255609747780948,-0.0012367198159875968
1259,0.0019480581332549907,-0.009182720813548153,-0.01085412317684038,-0.004808610538492918,-0.010921197230942923,0.002129001099001413,-0.004148020854216451
1260,0.0019393589889733426,0.004669012523087649,-0.0008225276737135183,-0.0013503382187185177,-0.004065188638649808,0.0014965652167958639,-0.00027794847790534895
1261,-0.0009685969599632837,-0.0038604208132388958,-0.0002540476714180797,-0.007703459990699794,-0.00027237033310696115,-0.0004982822788543272,-0.010696062537699873
1262,0.00024235183770812067,0.013050504682661364,0.004499977263494568,-0.003677669978816734,0.0016316655958313717,-4.154934056419115e-05,-0.0019993862168511327
1263,-0.000848823772463764,-0.00020909701025089358,0.002207601472942349,-0.002227288372877232,0.013363961557981408,-0.0009150926287548814,0.006253039044748184
1264,0.0012120981407007403,0.0011375740046041705,-0.00818399302690819,-0.008445949944951358,-0.01065806818205605,0.0018697232117987179,0.0022516938678887218
1265,0.0012087246374767242,-0.011618161807442096,0.0011204977016434092,-0.0018788695483137321,-0.023556032349045748,0.0005800537731851608,-0.0008430176996500342
1266,-0.00012072119102130473,0.007467167416318072,0.003243287750144142,0.007218775843885961,-0.015362033681324019,8.280161739040296e-05,-0.003388530703132082
1267,-0.00012075475731980748,0.0005210492309513275,-0.0031415675290679054,0.0004279065272340126,0.0,0.0004964784557879447,0.0
1268,0.0,0.0,0.0,0.0008069198569842173,0.00962868992838176,0.0,0.0
1269,-0.00036246585654126117,0.0,5.085117761497761e-05,0.0009987659523261222,0.0,0.0,0.0
1270,-0.0004837588714091094,0.0135343510776872,0.00736109964636653,-0.004757365285854856,-0.008744479615680518,-0.0006620974803544737,-0.001704231677723454
1271,-0.0012117599432360047,-0.0023788697261326744,0.004377303624876698,0.01078585936735892,0.014192946689400233,-0.002242060622270123,0.011514462849728301
1272,0.0036251836695024176,0.012062425651551476,0.002467588921997197,0.0012809668884082113,0.0,0.0006239565489303512,0.0
1273,0.0037145015895482547,0.005396250721156552,0.0004918397829246048,-0.006312770287848428,-0.00660427476031165,0.0038486494010289397,-0.018399063800440617
1274,0.00023855780984676436,-0.00623623120854664,-0.006188398835121842,-0.00601507190012781,-0.002903048790276247,-0.0004534421465431091,0.0005779035874737029
1275,-0.0010745435961870926,-0.0022313517927933005,-0.0014483987865998606,0.003069481803032736,0.0029030487902762057,0.0006182128900188403,0.0
1276,0.001789431793663602,-0.0051005810404131675,-0.006806867739884951,0.0032957587656795577,0.0,0.0025459847761675563,-0.0034790131189732978
1277,0.0021376309698186847,-0.004805030763675019,-0.014677697840610848,-0.0004072775272807067,0.00230854753231977,0.0008181117271027755,-0.0005825547243758615
1278,0.0,-0.011492532897142096,0.0014693399097072876,0.0012124654000175593,-0.011371905027413635,0.000653381572269129,-0.005278458410793991
1279,-0.0007113752317864132,0.0022398445716281263,0.008404957830002254,-0.0003016017929478976,0.0017690227388458175,-0.0002449029098187329,0.009340026254143149
1280,-0.001188220937936397,-0.0013529434054051184,0.003989542787246855,0.0034106576102237774,0.011612843809012504,0.00032650653311699614,0.002303954909564543
1281,-0.00011900109182634414,0.00015632412979514173,-0.003989542787246886,-0.0017264729277453763,0.0,-0.0002856797897811216,-0.001438538850555946
1282,-0.0015499888147185099,0.00805227953851294,0.006983114360985964,0.006811186865570588,0.024775835444855978,-0.0001224917458136633,-0.0026014389511843376
1283,0.0,0.006799468315970018,0.0,-0.0005610169933854666,0.004843483085341621,0.0002857603499569989,0.0014471672234606012
1284,-0.000717249513816484,0.0020593427539273602,0.0048272200418551505,-0.012744683724945667,0.003995377598166891,-0.00020409534747923362,-0.0017371802438557523
1285,0.0007172495138164324,-0.005953479482613486,-0.0008509201353365413,-0.0003980287414663356,0.008662552468992394,-0.0011447098308800772,0.0023146995868100367
1286,0.00011942650478199762,-0.0017306647826269017,-0.0056481267482913124,0.006734730008890483,-0.00496640690902816,-4.0938349647692926e-05,0.006018033688999529
1287,-0.0035971587363484987,-0.002608997607508191,-0.0013217447319663184,-0.0031408276372394198,0.007815948477530086,-0.000819578431386242,0.003966187217601191
1288,0.0015624282148025985,0.005506507678680551,-0.0033220687225677067,-0.006715547855197824,0.005133564286675399,0.0015150060930363503,-0.002120237646010535
1289,-0.0016828481467823881,0.005137255442951951,0.001996289070286055,-0.00342095267293255,0.0007648275799480743,-0.0005726241879340294,0.0035280005704009807
1290,0.00024080648352067815,0.00646061606856776,0.00678994819623839,0.0028295653247888534,-0.0017866974205833527,-0.00020469175186900278,-0.00423705294325474
1291,0.0027597200429887612,0.006074147712193451,0.0011046923058672035,0.005781530199307082,0.001786697420583342,0.0019610696662671974,0.0025471890138799944
1292,0.0008364458145714888,-0.00019461998170348946,-0.0019602469243324597,-0.0012815812088058005,-0.010049386257748658,0.0002037697601783316,-0.0019798545348934105
1293,-0.00107572652690705,0.008577269558573323,0.005705264225936374,-0.0019301541251458838,0.004667090092862591,-0.0008564762244290489,0.0022619555398777553
1294,0.00035887164849061296,-0.0005729479484068999,0.0039594073163900555,0.0035605829386970247,0.005127503267050247,0.0009786922043838334,-0.007251443167588468
1295,0.0,-0.0012919032290251002,0.0032395534259438883,0.0021946470030833375,-0.0025561844359935537,-0.0015914967111718378,0.002145374765679563
1296,-0.0014372693158820728,-0.0018247694152459769,0.0018542938633167962,-0.003216459995146521,0.0035744603582987095,-0.0008593815873659058,-0.0008568785717678446
1297,0.0,0.004547627750720375,0.002669901272454891,-0.00979343790329791,0.0010158939881483601,0.0011454646328903071,0.00028581408198654213
1298,-0.000960828891698214,-0.0025791236057482406,0.0015458774298581553,-0.0003931338687820142,0.0012665348197817478,-8.171878505919062e-05,-0.0031543481691827346
1299,0.0004806801618587534,0.004432344295654972,0.0033146910812362497,-0.005579845140226325,0.0010105751666438254,0.0010611467105733692,-0.0031774264121426457
1300,0.0015585463972308659,-0.0007118416310970948,0.0009560696913505812,-0.0060575886063008715,0.0,0.002276778383043937,0.0033213039956690553
1301,-0.0003591684410679935,-0.005111935106548187,0.0002386889215923058,0.010813742864542439,-0.0020235073620500327,0.000931658528605374,0.0
1302,0.0008375981032257418,0.0013435261508487628,0.0010962825427009565,-0.00757962159640795,-0.010521089862512921,-0.00020236451691843597,-0.0014409252830172175
1303,0.0,0.001100509935416616,0.0,0.008139803626981522,0.0015556833896841185,0.0006068108880229276,-0.0036233689394494285
1304,0.0010745435961870904,0.009220032086368644,-0.0014304837765101305,-0.0006631900052878131,0.0012921594831421083,0.0015334703083576256,-0.007338709293367
1305,-0.0009550184868864521,-0.0022044262081727826,0.002808820361665178,2.5905312824706274e-05,-0.004409118905055233,-0.0007257057643185985,-0.0034179040684533956
1306,-0.0002390831229677402,-0.0022156727189045393,-0.0024746191278559853,-0.009081030267721687,-0.0007827478512491287,4.034881611262917e-05,0.0001491652021889245
1307,-0.0007180400895586311,0.00023624788805581275,0.000810562478511065,0.014533668525090833,0.003381765074738446,-0.0008885410522371967,-0.001194758612943564
1308,-0.0010792909978688794,0.0026372333247428573,0.0017589532916758516,0.0010465640754955023,-0.004427628269897182,0.00024250972164992378,-0.00572042596673021
1309,-0.002649614042719075,-0.0009870867521076768,-0.003142589724338236,-0.01153694474916969,-0.01140502958579344,0.00020198804229082813,0.0022670722190873565
1310,0.0014472475994618647,0.009725327020005019,0.0060270211881504245,-0.006934027894463586,0.005341942896736558,0.0012099594060707075,0.0019552685026053653
1311,-0.00084364155107664,-0.0009212869002270863,0.0035203744385498828,0.005110755348502539,0.00370064487860262,-0.0002820224945618698,0.0020958754039819127
1312,0.00048228153973933085,-0.00018449213612343066,-0.0016392909047201066,-0.0029810586122128403,0.010659663383835484,-0.0004838936232123244,0.0038657073202636337
1313,-0.002053405631060103,0.007772611074654994,-0.00023469034988851935,-0.000948097205062273,0.00814166985028697,0.00048389362321231655,0.0017726329993479936
1314,-0.001333866552085027,-0.0022261076632106454,0.0011721855480502905,-0.0018768274337903233,-0.0027815171068940126,-0.0014937403366553157,-0.005787710736184311
1315,0.0003641882661238208,-0.006747616455470166,-0.001219138840914519,-0.0009093059147749252,-0.0017793770126177362,-0.0024739258563830605,-0.00044841974237172977
1316,-0.0006071502203800894,-0.0006944639002894446,-0.005101070503834663,-0.006691331692163551,-0.005640267352693428,0.0008580878851155313,0.0017909076178808559
1317,0.0012134528204627096,0.007350975995890458,0.0066478551406770016,-0.0030127591191375265,0.009444330931724912,0.0011007704566012625,-0.004491192888461278
1318,0.0012100717828678231,0.006376490030281698,-0.002675189251914774,-0.00970081365746759,-0.005590760999614873,0.00251718549668552,0.0015022307676335004
1319,0.0002416102882358871,0.0015236846074593038,0.003049339162545266,-0.002295665439966903,0.0005112354703401604,0.00024282610747423304,0.005957493718923784
1320,0.000965099245834923,0.0010723325988841528,0.00312091548316261,0.00645361210944597,-0.005656964885592262,8.091187390022253e-05,-0.001778682958210032
1321,0.001443639496300447,-0.0035397940686737236,0.0009735989260250239,0.003685598124742967,-0.004957455545503211,0.0016956764350903968,0.0032553742207893106
1322,-0.0003604602353048529,0.004520445065440804,0.0012485714835684704,0.0022184336363737147,0.011906315500831358,-0.0010489235502569223,-0.0026616701202579925
1323,0.0010804844100179513,0.002309137654610981,0.0031816587861883817,-0.007546733028291478,-0.0051366001730981095,0.0008070890297230973,0.001184978857678721
1324,-0.0007200241747131337,0.0037483129526574305,-0.001724293385370881,-0.004429608242040835,0.0030892446694635533,-0.00040335702899791824,0.002948378478755271
1325,-0.0003604602353048529,-0.002686684030680794,0.002086431811108715,-0.004500704644058923,-0.00933444968959839,0.00040335702899790783,-0.004133357336434007
1326,-0.00024047314119534765,0.002623351268074508,-0.000543320940631788,-0.009025366736479298,0.003133828259910205,-0.0014133916298048243,-0.00029675059706218797
1327,0.00048081320372427103,0.008418078174530698,0.0016730611383444268,0.00462940961777257,0.002852945046615837,0.0012520937702335038,-0.001337892667559154
1328,0.00012012017277587947,-0.0021429752447009323,-0.001401315703320792,0.006913514480544627,0.0,-0.0006054010764773018,-0.0016408191597302273
1329,-0.0001201201727759071,0.0035089507585489917,0.00203268889309529,0.009014732249906678,-0.005462895701501943,0.0010488261208860931,0.0005973790239049031
1330,-0.0016851802592642003,0.004536528735360732,0.0014846150991121806,-0.00015078314496101605,-0.0034165551481095775,-0.000887303299162411,0.0022328814322920523
1331,-0.000724226652384961,-0.0065442872563569185,-0.0012593469360121718,-0.0059085861456673675,0.010942611413384729,0.0006454912205858994,-0.0007430189697809592
1332,-0.00048348959282778397,0.0014106728189083107,-0.0004957442867920166,-0.008981722437379479,-0.0010303551260050078,-0.0007262451222509411,-0.0005953318024815887
1333,-0.0007262451222551913,-0.00017074680066761174,0.0007659119358804253,-0.0024748124686405346,-0.018707719774669267,-0.0012536094126415934,-0.0011931174589364598
1334,0.0014512778146924014,0.002044544295022612,0.004121662082539288,0.0010772534409980382,0.005085787028880344,0.0005261477988267027,-0.0020958754039818862
1335,0.0010852845678726807,0.003386328906478661,0.0039945609535190435,0.0058197417835257614,-0.0021341295126856854,-0.001134034542830285,-0.009712091258728522
1336,0.001082579244167049,0.004863746518943979,0.0022034267554918883,0.002056296427118403,-0.01302981175161913,0.001740337142912069,-0.0018454467509526069
1337,0.002634999424161222,0.0060451919283601155,-0.00255701479204133,-0.001010784726933114,-0.006664496231367488,0.0018138456628224568,0.0012311687392022384
1338,-0.0013155012952224168,0.007500673080198291,-0.004488986665281123,0.00990107020430809,0.006664496231367521,-0.0006843405218522694,0.0018402336089153926
1339,-0.00035946572495265845,-0.003897228457918489,-0.0072530508542042954,-0.007160364435638062,0.007377309200607736,-0.0003627349602685671,0.0038089569001434937
1340,-0.001080185809622523,-0.0031103017056639984,0.00022708208721439112,-0.002418279382394272,0.009910325693553533,8.063395528240771e-05,-0.0004553148925557037
1341,0.0,0.002947155767643385,0.003887341258317036,4.003284405077455e-06,0.0,8.06189870337171e-05,0.0025738287612830572
1342,0.0,0.0,0.0,0.0057916326917883095,0.0002647330053950855,0.0,0.0
1343,-0.001926989215381986,0.0,0.0011684254284425653,-0.0066630835548768825,-0.0018565288566969316,0.0,0.0
1344,0.0009645633768513566,0.0044643317145278425,0.00468691743518786,-0.019028165133349526,-0.0015976516432138989,0.0,0.004056750137730111
1345,0.0004814795192741913,-0.0011320287077217462,0.000798417207232618,0.0014009336424088948,0.001597651643213872,-0.0004435897410507351,0.003277709761235921
1346,0.00024053973581000888,-0.005212899578772711,-0.0034257899406226642,-0.006795593219020699,-0.013496874942921323,0.00028233679873460786,-0.0017847743553206844
1347,0.00012021992655392227,0.004402497250125541,0.0046206703001526106,0.008691063892591807,-0.003026454630188563,4.031884902145498e-05,-0.001492935405915248
1348,-0.0009626925125733181,0.006201435941713235,0.0005741423793162399,-0.00047299479238382204,0.0005518355023326994,-0.0014133916298048243,-0.003001355980664733
1349,-0.001206374336546911,-0.0035328272466718345,0.004216484401162789,0.0025670726977461812,0.0022003567367364736,-0.0007286821875645968,0.006427466386400854
1350,0.0,-0.006252454464485412,-0.002234909182813757,0.002133873962241926,-0.003304729822381863,8.102509014228703e-05,0.0016290690204454519
1351,0.0,-0.003531202723988287,-0.007042408417532577,-0.008533087229520689,0.0002763566634152819,0.00012150929859552288,0.0017702245239253254
1352,0.000482951934009192,-0.010177939259028976,-0.0034069518883656754,0.007607568977877127,0.008751822244755025,4.049554592166729e-05,-0.00384464769234004
1353,-0.003513630540717771,-0.011894533826248884,-0.0113994597440936,0.004170835143192818,-0.012636910611598868,-0.003496491966507747,0.002074423168414761
1354,-0.00012166815653257296,0.010287756576022248,0.006374995187703002,0.007389222314714088,-0.005611117871132632,0.0006118835585541036,0.0011809510523744938
1355,-0.00012170225157486862,-0.002634413505780044,0.0009550434886991769,-0.00885585297970808,0.0,-0.0006935332075826241,-0.0038498910581935995
1356,0.003153227068869675,0.013304548251101231,0.008101064602515745,-0.011279028742502526,0.005053257188257854,0.002402235012700249,-0.0038843246653999133
1357,0.00036236504555571406,0.0,0.002223734924521647,-0.00841423220299124,-0.0011178757315009884,0.0,-0.0039193797872560596
1358,-0.00012075475731980748,0.007539597288953492,-0.0028484265709803787,-0.005745972639302456,0.0,0.0,0.0
1359,-0.00060427793511744,-0.010317830880238266,-0.002507791149156886,-0.001135866962388582,0.0,-0.000568820620809674,0.0024161090516287283
1360,0.0010870956412129824,0.0024888004036955082,-0.004741499719685799,0.0024331896792586997,-0.009333943059383308,-0.0002440085176484957,-0.002416109051628767
1361,0.0,-0.0063328790254326296,-0.0019111900331927312,-0.0037701092618186638,-0.0014318986987323825,-0.00028484998662817537,-0.012909916057238171
1362,-0.0010870956412129776,0.008971972490380226,0.005528447649780505,-0.008953692889000952,0.0,0.001016464635480184,0.002333667527637929
1363,-0.0016964649771034448,0.005636554103349822,-0.003753492620133269,0.0010342563155786545,0.005982504649150998,-0.0006909370408119525,-0.0054648597640016795
1364,0.0023007429122208446,-0.0026049606536755424,0.0012698678108941878,-0.0023896079275917575,-0.0025538461943430766,-0.0006920380329567639,0.004688363076002445
1365,0.00012075475731975625,0.004386850248114404,-0.0006798245300031277,-0.004605185930047236,0.001420657079399392,0.0011798723801266133,-0.0028069399953455044
1366,-0.0009669794852701723,0.000565435097695453,-0.003278053375963321,0.0018531097256706773,-0.002560538263707488,-0.0003251620044481622,-0.0040867679525549445
1367,0.00024194679283296293,0.0023347057756748896,-0.0022910713710344675,0.008099353650653915,0.00028525090148927035,-0.0004067951607873137,-0.0015821310098746968
1368,0.0009664415268369653,-0.005413097756710274,-0.0033668195145983514,0.004618889924352826,0.004256432129369769,0.000610049941442804,-0.0025434595796402478
1369,-0.0003621635917195911,0.008573071547756057,0.0032289701301976828,0.0013312629182135256,0.008389722883006647,0.00040622440704095737,0.00601657100186474
1370,0.0012060393251925056,0.0053473022707024075,-0.0009201157719344096,0.002996219401084037,-0.001943155286001303,0.0011759066028360365,0.003133451413415179
1371,-0.0013268276674821265,0.0,-0.003932387022476519,0.00478858511595971,0.006900279919166619,0.0,0.004966967442699315
1372,0.000482951934009192,0.0019247017088198303,-0.004249810550971963,0.00553881893360502,-0.003298454958538512,0.0008091189707005056,-0.0006177731936467947
1373,0.0,0.004173502822877039,0.0,-0.0004976676864633052,0.0013774019852485697,0.0,0.0
1374,0.001205035406596493,0.0039030153400361456,-0.008243646642793227,0.008934215716582629,0.0024683680827826023,0.0013720520968467974,-0.013339813292419027
1375,0.000721419571043427,-0.015228975098903317,-0.0017252948477630419,0.011312164701284436,-0.00744759502865928,-0.00032244603385889854,0.0027009438408330845
1376,-0.0003605599890828395,0.006250087662093699,0.005771915624912398,-0.00038763870641962016,0.004428790266485019,-0.00032268561484439655,0.0018964854674109895
1377,0.0002400080093711005,0.0025063051381651737,-0.0017092622204060136,-0.014505563026294356,-0.0024856349804837107,0.001289306394641141,-0.0015798288861908164
1378,0.0008389850472689936,0.0,-0.005602024026035983,0.00243286804659385,-0.010654627530821002,0.0,-0.005094421839688359
1379,-0.0007190307634237891,0.002491924251347218,-0.0022708891535920452,-0.0040285124993352526,0.004798882881769185,0.0006432206776508251,-0.0028920938080591613
1380,-0.00023994170881077006,0.004096054482652008,-0.0017961123046987418,-0.005390573131514102,-0.0050828282870473895,-0.0005627659753266843,0.006718501661111881
1381,-0.0004802814776504514,-0.002584519799520156,0.006182232250692644,0.004134090007539332,0.0036768883026179213,0.0001608647048314828,-0.0028666406516032407
1382,0.0004802814776503823,0.009528495871060621,0.0018662895553079042,-0.005524174996286685,-0.0031091830166768398,0.0008470893058470394,-0.004497172394067241
1383,0.0,0.0038436725645599693,0.0033297658987322294,-6.323889195164019e-05,-0.0002837598806628834,-0.00016122301137291845,0.00032277554953117114
1384,-0.0003601613048733004,-0.00048799246802205717,-0.0014239176096785603,0.00021566223565530114,0.004798882881769185,-0.000685866294474128,-0.003238601748431359
1385,0.0017978271095665467,0.001761694095614648,-0.006707384006987412,0.00030670400364978087,-0.003381933886162567,0.002335571688342753,0.002592810578279834
1386,0.002028580743484755,0.0,-0.0077946138387880465,-0.004943581645075122,-0.008588832628435466,0.0,-0.0029180030172126204
1387,0.0003570032933503115,-0.012908303692467118,0.000245711170290159,-0.006045606048482846,-0.002028740007700546,0.0008425504162316045,-0.0029377416318398203
1388,0.0005943541120663632,-0.003404428123453454,-0.009340026254142863,0.0003121191310580388,-0.005849172346266942,0.0007208873542189422,-0.002628113810763022
1389,-0.0017855081278499532,0.0032502589766786653,0.00690153314419744,0.0024008986529408002,-0.0029543956240531037,-0.0011218979846514406,-0.0006595209800542253
1390,-0.00227223295590492,0.008247795632268098,0.005829543660724938,-0.0004938041468309586,0.0038368093686783834,-0.001285727964780912,0.009143379439869719
1391,0.0008385222225172921,-0.004179017767666943,-0.007299238741499416,0.015061188753967595,0.01840993965613143,0.0010449437328297888,0.00016153784151364624
1392,0.0009563328541550186,-0.00444888138410894,0.0009803491339020669,-0.011321500173399019,-0.0031091830166779565,-0.000522157590276523,-0.0014560081945125755
1393,0.00011939367275199132,0.0022491491509070384,0.0038994154841845664,-0.012001111360581011,-0.0005677052859399561,0.0008431735759933328,0.0030680905277275967
1394,0.0004772467314372592,0.006715833398164814,0.005017454843322326,-0.0038248600112246833,-0.0071596491566973085,0.0006813721292773758,-0.00048299669323449826
1395,-0.0003578858726654581,0.002091549535015899,0.004105705574596586,-0.00032126869248907085,0.0005771356090585157,0.00028025457283444114,-0.006164911256568781
1396,-0.0002387545315238254,0.007864591079202163,-0.0016662456028931501,0.0051854369593399945,0.0002882804499501336,-0.00040041906017661234,-0.002622163328205094
1397,0.00047737787923256655,-0.0013559688523000666,-9.540739974639209e-05,-0.005870112942845094,0.004015961738366521,0.00048045858895050426,-0.00330012592444307
1398,-0.0005968043840139571,0.004781941746157225,0.004603284614363916,-0.006216053077856191,0.004827121412413878,-0.00024016285325635078,-0.0006630451393282341
1399,0.0007160669089706367,-0.0078022361272371745,0.0022130302832288895,-0.007426698224750945,0.00894331694382154,-0.0004406437956691252,
1400,0.00023842684205974178,0.00550909478477536,0.0021083434994148835,-0.003306833648605222,0.017352399787163127,0.0006407887284274397,
1401,0.000595495063687685,-0.0005112354703397401,-0.002907500102285314,0.012126061719831984,0.0015917958513005119,0.0005599156081439399,
1402,0.0,0.005229901417653715,0.0,-0.004575878664470949,0.002376807596821425,0.00023974302673654844,
1403,0.0005946796518706983,-0.001845062425844937,0.004167610707613958,-0.007817661356762914,-0.002906758220118809,0.0010772088579371721,
1404,-0.0007137133601414794,0.001917258333566698,-0.002289577589029507,-0.007361693979533726,0.002379701745354284,-0.0009973239166839968,
1405,-0.00023816533741958468,0.0038093099068807145,0.000795711403534563,0.0050519774734617134,0.0010534740930395667,7.987024976966039e-05,
1406,0.001070716974920565,-0.001469452506335547,-0.0005615272609492348,8.639500035221915e-05,0.0,0.0009174536669143977,
1407,-0.00035661243161756885,-0.001114359667727008,-0.002394624000441756,0.009624375613805164,-0.01281355090864887,0.00011952510930283136,
1408,-0.0013100899283167498,0.001939298849882814,0.0017385899151175228,-0.0005041755893018825,0.007786632063697407,-0.0014764470351347951,
1409,-0.0005968043840139571,0.005978582857169478,0.0008900920171017979,0.005204214486722038,0.0,7.99364040354722e-05,
1410,0.000358181036305155,0.0012704869574653797,0.0019145317557751665,0.0061235255542644584,0.005289888566521336,0.0005192283015822979,
1411,-0.0007166577235218037,-0.0015533228397544212,0.0013491028978815758,0.007843172983774193,0.002359589467030635,-7.984088300791663e-05,
1412,-0.00011955801366639725,0.00450341800039996,-0.0008834214444018993,0.008835045728558023,-0.0013093000025333475,0.0001995746930477443,
1413,0.0009555438000080638,0.0015722032926335074,0.0,0.014621862073059225,0.0,0.001076121416140992,
1414,0.00035778759285961994,-0.00010463666642600323,-0.008412177979167804,-0.00722728308749941,-0.0023667332791066646,0.000159198858783482,
1415,-0.00023849230797072163,-0.007778406434568685,-0.005155457775625636,-0.0009224516886721488,-0.006910584321238946,-0.0002786363115869322,
1416,0.00047685372004850683,-0.002957668210641984,-0.008436933841594876,0.0025556998469073926,-0.0026874744292976925,0.0,
1417,-0.00047685372004854326,0.000500298150171286,-0.0029477114196790164,0.0010009668944343409,0.00509206398474002,0.00027863631158688457,
1418,-0.00011929528488890168,-0.013714556536742665,-0.004559043730384013,0.0084861293750474,-0.011063707196577895,3.979059803376636e-05,
1419,-0.00047750909912503916,0.0011044198930669333,-0.008298392652542152,0.0026493518588606327,0.005432146891649225,0.0006758829754642557,
1420,-0.0005976256370375328,-0.00413757654687868,0.0003552926480315352,-0.007187795786087992,0.0016164825680925585,-0.0002781773781638389,
1421,0.000358674059122732,0.005862207316470484,0.00454234278766045,-0.0011198800887526246,0.000805990609132045,0.00031790246228921923,
1422,-0.00011952510930187071,-0.0032716062191971316,-0.012995406990745523,-0.006846676292819735,0.004273534920143253,0.00023827422794355844,
1423,0.0015512664562442832,-0.006543166808683238,-0.006515190921520749,-0.0025836442495307498,-0.00723617543305192,0.0012290052420187813,
1424,0.0004762001375161194,-0.0036865409085832974,-0.014687041470293183,0.00123521471283246,-0.003527559703251868,0.000632967110628589,
1425,0.00023790440578694622,-0.00962591819076637,0.0005428681730624791,0.0016861858367870838,0.0,-0.0002768096040285831,
1426,-0.00023790440578692594,-0.0057543888701732035,0.01029359883130283,-0.0070657533132328235,-0.003281837898435529,0.0,
1427,0.0015440542080698589,0.005213308196228151,0.008291519142788853,-0.0035610067090677817,0.0,0.001263977556231081,
1428,-0.00035583327013393503,-0.010331514713994464,-0.0069161639702469795,-0.0007708668281152559,-0.007476085798801219,0.0006306119367800758,
1429,0.0010666263615379905,-0.015357379192031648,-0.011668954003844762,-0.0020446657913534634,-0.005056525863111361,0.002003986236341247,
1430,-0.0005922467601350594,0.009817274423738295,0.009391967416004619,-0.00654706696733499,0.001128771218674538,-0.0008240512180915942,
1431,-0.0007117638554157559,-0.0036656339542526723,-0.007173275436080092,-0.012217799768148041,-0.0022604838640447595,0.00011781737610758208,
1432,0.0007117638554157422,0.009759837289156805,0.0018313325393432155,-0.003299561772478887,-0.006277690515349163,0.0012938860202802026,
1433,0.0001185139813333436,-0.0039734447519129655,0.0035330449753931685,-0.002425566418100954,-0.010766980815993065,0.0007823013587946486,
1434,-0.00035563901146876316,0.012589127308021498,0.006298452157487638,-0.0076907870172230886,0.008750352732590684,-7.816675361247749e-05,
1435,0.0,0.0012004045749524075,-0.00859701900035245,-0.018723969213870758,0.00970849920978894,0.000742016740565328,
1436,0.0010660445383098083,-0.009104711899274968,-0.0028499585392447084,-0.01104058412036603,0.0,0.0026840803112579584,
1437,0.0016531076910824547,-0.02637336555292378,-0.005975377940772861,0.0018248847496855263,-0.0036864917826073098,0.0031298550013572,
1438,0.0005888739639901349,0.00847674004816922,-0.003680250985074959,-0.0015488015041254526,-0.007468210834524828,0.00023094628669965487,
1439,0.0012927189360524816,0.011371741410078557,-0.006278530183831742,0.0041420104914911045,0.0020233390164016716,0.0024175500783826165,
1440,0.000820640377346269,-0.012773091433462795,-0.009906136135439007,0.002976700486067294,-0.006683820836299202,-0.002494518529075586,
1441,0.0018699468368465453,-0.019504108532813206,-0.017824205809714177,0.017741633838641534,-0.011573957794762352,0.0029534823571591407,
1442,0.0009319627651569968,-0.010931174110567422,-0.00667279892699952,-0.0015937340642726617,-0.020633252976696964,3.8225100750723906e-05,
1443,0.0012764843661026495,-0.006828179058927079,-0.02744351616206082,-0.005893184066598406,0.008742383984175893,0.0,
1444,-0.00023180917652183751,0.0020194561508315714,0.017082975790281407,-0.008146720942673063,0.011288936142310831,-0.0030301967991764656,
1445,-0.0008123078849990057,0.009214263647554283,0.002166061756508398,-0.0027272336699508855,-0.0021133593133984218,-0.0006548412427319574,
1446,0.0011599752673316028,-0.013714764874229964,-0.005029415423524597,-0.004118875701959543,-0.004257823142541239,0.0018080402259529722,
1447,0.00023162372917178418,0.005484383698955223,-0.0005624362736048213,-0.0017046175183923734,-0.0058460642968301895,-0.0007300037244237656,
1448,0.0,0.00875605541565426,0.0,-0.0028312466481563545,0.02789317902980858,-0.0009686725742767019,
1449,-0.00046337105692429803,0.012428989222909487,0.021650610046820104,-0.00513474934235359,-0.0023302241384948,-0.0002328032657742591,
1450,0.0025424443558060596,-0.014183716789459594,-0.018224820106199045,-0.0065968751322689105,0.0,0.003709959405672125,-0.006544927684475425
1451,0.005382228582452955,-0.017582268567441765,-0.006941855262107328,0.0016682084889382534,-0.009193329923782979,0.0044409907340921,-0.0022037462098184447
1452,-0.0022821622768017824,0.001234116602853516,0.012734999383774682,-0.00625052287322183,-0.022134445214250238,-0.0011823771356350673,-0.00031573573321097553
1453,-0.0004578750892277122,0.012152037370979474,0.004525513147202283,0.0010463848061228755,0.01700907771491307,-0.00164541918678549,-0.0020578964201387055
1454,-0.0004583583347923246,-0.0031627308570026974,0.0014980852450345598,0.002174811760855542,0.0,0.0016072243420412523,0.0014257354906125213
1455,0.0008018099002634261,0.0020517185296743,-0.0011980545029452298,0.0038076762891177756,-0.00734036316574312,-0.0008411375639217383,-0.005090689577018071
1456,0.0018271685406678058,-0.02284610830982527,-0.004219410529346195,1.207511452870413e-05,-0.009038388630244105,0.0018331134436276367,-0.0012820510621142907
1457,0.0021598251964558566,0.001120037969352005,0.009584818973328506,-0.0014228795941493705,0.003762863816196513,0.00022859610067339325,-0.0012858469257189078
1458,0.00011337801445576017,-0.017888040580189245,0.0020687765375197635,-0.002542252915979534,-0.013637237792745475,0.001293110017835696,-0.001935937003188766
1459,-0.0013624936097601317,0.00998642853443488,0.0033481988341166817,0.004106754978516383,0.010189194201935654,-0.0009123837009107996,-0.004714453922418998
1460,0.001702450168725055,0.016302511222399042,0.013140485140851251,-0.0022598356445691194,0.0,-0.0015249119666346249,0.0004900822207895467
1461,0.0014700777647726636,-0.009240656734912383,-0.009759837289154586,0.003449489979180571,0.013020509992511099,7.63728977440671e-05,0.002279766294898487
1462,0.0009021960801593452,-0.003281247528022544,-0.0011045578748635214,-0.00294461860431588,-0.014281162494254686,-0.00011456438366942389,0.003236188461001336
1463,-0.0004508637642441921,0.008572492944668272,0.0008722527171957354,-0.004248615132714356,0.00626698438764989,-0.0004967951850377934,-0.0012915830542703456
1464,0.00045086376424414553,-0.006694459826084149,-0.002096357160914998,0.006935426926382822,-0.005636200715535705,0.0004967951850377604,0.0029006789369019296
1465,0.003478413876788499,-0.01827568821168482,-0.007952715275563195,0.010222710870649396,-0.013117810309622972,0.003537517856808886,-0.006798636130942098
1466,0.0031180250582186443,-0.03150864498712166,-0.015123202179950996,0.002840126835666278,-0.006875517984047714,0.0008326345558580218,0.004544228863751951
1467,0.0,-0.012255472869477918,-0.0018506895132482577,0.000623539314430663,0.004595751689149996,-3.781241410112401e-05,-0.0035664547578966935
1468,0.0028754005035920823,-0.00412686033854298,-0.01888946559849909,-0.0021263200659420918,-0.011581872549816187,0.0016983077636526073,-0.00392437443090859
1469,-0.0018779136960387036,0.02295240744783336,-0.0038915536541077,-0.01522108129338045,0.0,-0.0011314669410852011,0.0016394677148136158
1470,-0.002887902336845927,-0.011962479141469896,-0.01095195268165637,0.0021264666655532363,0.02918000498319766,-0.0023477481429602545,0.0052050898042798775
1471,-0.006173045267014921,-0.02349882830698618,-0.012883997398721135,-0.002913866848022788,-0.02884477186589392,-0.007545144397190491,-0.001295435656706025
1472,-0.005460033973030359,0.014685819254896242,0.008789065847990126,0.0015702497744198472,-0.0023520841811707164,-0.00575593482450183,0.0067583313582081205
1473,0.0,0.029890834931255765,0.0,0.006061821064468444,0.019114678369582243,-0.0005484506183188131,0.0025471890138800903
1474,0.0015996131597930544,-0.0008115760024055759,-0.0031816587861865303,0.003808685301018076,-0.005842614780252875,0.0032803623705558293,-0.000635398038583971
1475,0.004312340190023063,0.0120172153628941,0.010803401650201772,-0.0027108322018809913,-0.0055911459030910295,0.0024054249341630887,-0.005760807146212559
1476,0.0,0.0013805921587025172,0.017025692214555535,-0.00446440725126032,-0.004324683966613436,-0.0003483490527750492,-0.0003222964763153311
1477,0.004046251149883828,0.008482393321205392,0.006828471440740956,0.0007161948731176477,0.008278834030652929,0.0024325960341624662,0.003212251936751655
1478,-0.00044772630965868266,-0.0012085900878930226,0.01401171018964469,-0.0015901725031190884,0.009409811493942297,-0.001195288980999435,-0.004503834991021959
1479,-0.0014583064883421058,0.0178778470444883,0.0012131138667213128,0.0010861591997997978,0.011717003656471638,-0.0009663447578810903,-0.00048533566075717287
1480,-0.0011251158673684812,-0.011581872549814999,0.0057164629662401194,-0.0013190386371169523,0.011104725261751304,0.0008891162555165617,0.00016183882501517372
1481,-0.0006764712923841115,-0.00852860638614409,0.008406726017552024,0.0040507222748480546,0.0012165119492158496,-0.0006569973393002144,-0.0032482909986910912
1482,-0.0020357591115127915,0.0036342846550940556,-0.003355005567398401,0.00489887557991981,-0.0058090237107142634,-0.00046436196020142086,-0.0036014072197550857
1483,0.0005664465155468127,0.009922801182409935,0.009352597919974101,5.837530267082719e-05,-0.0068247680167322555,-0.0008914173031709368,-0.010313107315277898
1484,0.0025961800727722253,0.009608883348845592,-0.002435627727126592,-0.0008738979240889212,-0.0012524723371477706,0.001742368644343744,0.004687881096652114
1485,0.0007870711211374678,-0.012163285879300037,0.0011035238509955454,-0.007899548622224271,0.0015650268536271676,0.0,-0.003007822978630428
1486,0.0012339513146752696,0.0011371452673592545,0.0039841161217587075,-0.0029892118527472004,-0.00661135212010527,-7.729035114209244e-05,0.0030078229786304296
1487,-0.003035071498710311,0.01185573872839383,0.0036630220898041977,0.002459065570648058,-0.005105651536366403,-0.0003092990298292743,0.004308183565882748
1488,-0.003170046789505031,0.004944582617062045,0.011251781720248176,-0.0015404480492238087,0.014519917894204445,-0.0017439234324765282,0.002957749106970184
1489,0.00034075677064112324,-0.005359183585927832,-0.0016692953872858745,0.0014906435037576637,0.0,0.0022850522624239425,-0.004609689029112551
1490,-0.0033052357343804073,0.016859585334507883,0.009375610065106038,0.0034705041136168986,0.014350578466684027,-0.0009667749905313444,0.002310960506723744
1491,-0.0006869937871837728,-0.007783423886130523,0.0032613005464930634,0.008748957098805068,-0.005744319843865434,-0.0005810997012146999,-0.0009889062684284291
1492,-0.002989595212853299,0.0013519606702032567,0.0024300034408189864,-0.00354283094067772,-0.00305412286718545,-0.0019815752183508914,0.0003298856838470351
1493,0.0019570626073168373,-0.00415942096064822,-0.004547060916514994,-0.004304839413373079,0.0009184941355958123,0.002252851841038151,-0.00032988568384704163
1494,0.001490649190107384,-0.007884811349545459,-0.002291508864079541,-0.006442167367861412,-0.0030692317276767214,0.0004259497734293362,-0.0013220542382952997
1495,0.0,0.0028587275827076796,0.0,-0.006416393586003781,0.010648734437186516,-0.00015484249451932813,0.00033089104983766843
1496,0.0010289988589403049,-0.004480874163839291,-0.004619612568395221,0.006994165540501762,-0.010956853983209862,0.0011213592995016719,0.004606196774955967
1497,-0.0005713650105839715,-0.001535021991442533,-0.004445791677117454,-0.007705297675571145,0.007940907960654293,3.861596783059509e-05,0.0
1498,-0.0005721176982084373,0.012130892691255283,0.0005582192052648015,0.005530900808628096,0.002414430023483322,-0.00034766738233308356,-0.0029555126064441405
1499,-0.0004582374277968937,-0.004830100681852654,0.0017814950529802926,-9.4454737609862e-06,-0.002414430023483332,0.0007722165653010216,-0.002312718567906679
1500,0.00022917915144117444,-0.002389268939766246,0.0028242392901800467,0.00035251677068171385,0.0048155113677253334,0.002576966360686116,0.0016531975878524507
1501,-0.0008026566966795027,0.009614423560270324,0.0034088360703054127,0.0049910548947481245,-0.005421222040391816,0.0013018888593128428,-0.0033127123388816604
1502,0.0011461988228892168,0.0102872818338108,-0.0021961841081836074,0.0015336281801790832,0.014894960631037955,0.00045855998829838913,-0.0016658803774688947
1503,-0.0006873562214090339,0.00983415957996892,0.004653688519797557,0.004220081298661088,0.0,-0.00015279953782479022,-0.00066814548855871
1504,-0.00034408649514469945,-0.006982864925935293,-0.0035542082315428054,-0.006536396431643244,0.009271481809941919,0.0007253194808733862,-0.0006691749889476602
1505,-0.00011475610633543886,0.0011789029519668243,0.0032818378984376447,0.0039253534161089385,-0.0028761329084617863,0.00011441347558822058,-0.0010056997513987803
1506,0.0,0.008890766942986697,0.0,0.002117927254830837,0.002876132908461769,0.0004954437169981593,0.003343315063219982
1507,0.00045884260148013176,0.007706314677820269,0.0067048786594338106,0.007568144979624704,-0.0011481684992991567,0.0006850672417148293,0.000499284763061905
1508,0.002508402510709571,-0.01139588793499966,-0.007632217602792062,-0.008274732298554062,-0.005495641202375647,0.001025578909400372,-0.0018335238521261894
1509,0.0017020053732911833,-0.02391215740541006,0.004617019403262476,0.0007355221510379064,-0.0014578546146952753,0.00018965653033228743,-0.0008359857863413048
1510,0.0024842705810434406,-0.005405274801880762,-0.005218119128152887,-0.010304801884668237,0.0023302241384945085,0.001363087548661582,-0.0010053117496048678
1511,-0.00022525647906722484,0.010114101803201528,-0.0034036652383095905,0.0016374163029960075,-0.007619396870192653,-0.001021914368535241,-0.007956504216882737
1512,-0.0016931580194451147,-0.0010821296676026436,0.007648150794607141,0.01004360219381482,-0.0014807190678829015,0.000605869111295205,-0.0020550250421714172
1513,-0.002267861455822281,-0.007329846570246915,-0.0008130320288446112,-0.007178575115786685,0.0047206386725838585,0.0006805939643138708,0.00171319544412013
1514,0.002154749205696774,-0.0008732311694971773,0.0009213213903111244,0.004911232555683312,-0.0008812200830076167,0.0009770408663115145,-0.0017131954441201851
1515,0.0015808968955964187,-0.003881781160953728,0.0020523841594607727,-0.013191518383759735,0.0061313180514982815,0.0025076753679699024,0.0023965858005582344
1516,0.0007882956587533306,-0.002607264583181159,-0.0093130857447266,-0.002434224010139927,-0.006715275361256813,0.0003357514522882422,-0.0034277564042791463
1517,-0.001916920207405652,-0.010588461341036042,0.00044018195270165026,0.0027524846342275922,-0.011629589352796931,-0.0006717626736175888,-0.0024156290910590287
1518,0.0007903450441513283,0.002861603688873177,-0.011509904198809557,-0.006893300483672064,-0.007622071418440673,-0.0007850386574811056,0.001726819300506051
1519,-0.0014689303101833927,0.0008548171895085147,0.004220798008065232,0.012121093425081275,-0.003396561430010404,-0.0008239463149135093,-0.004678262277770748
1520,0.0014689303101833816,0.011285876345263048,-0.0009959617913492236,0.0018203334777660578,0.002472857823582165,-0.0005251445402889522,0.0029514429772646146
1521,-0.00011281841390936397,0.0037929890171402485,0.0046832082053492215,-0.008630160609213799,0.0009237036064281846,0.0006750692787765746,-0.004172597175412002
1522,-0.00033863119213069215,-0.008500083991579721,0.004579022773264547,-0.002401839310168272,0.0024536476672708013,0.0009358588328233352,-0.0001747312362746998
1523,-0.0018105059338381288,0.016926251520674177,0.004209149447561957,0.009562812880428762,-0.005850209097281189,-0.0007859858326642448,0.0015700560731727344
1524,-0.0019319686949516883,0.004528103695362069,-0.002207414875373937,-0.000836173718185932,-0.01003468715178516,-0.0025549018029564622,0.0008698069839262033
1525,-0.0023984766076417655,0.00956547860079138,0.007173275436083291,0.0035325898251672232,0.0,0.0003390130131934227,-0.0029644789637390057
1526,0.0,0.0,0.0,-0.002480715409547692,0.0015832845895425388,0.0,0.0
1527,0.00022899788661446798,0.005793253736644548,0.004647164283927255,0.0037737759684240927,-0.0015832845895424998,0.0,0.0
1528,0.0013714573983590027,-0.0024794909312980274,0.0030359385955062578,-0.000979089105097059,0.005046325266478239,0.0011656900317608802,0.004179289495420092
1529,0.0009119047589842574,-0.000600624687913086,0.001250068932845855,0.006092639171047415,-0.004729206244061486,0.00041288100434149,-0.00034674211973898336
1530,-0.0007978118956189429,0.02185116531219368,0.009771395205402194,-0.0002219683477529146,-0.009939990144397125,0.00314003231201389,-0.006993621046004412
1531,-0.0012566730591119775,-0.003731039974065722,-0.0011202349512757078,0.008994014802294418,-0.006206645806159686,-0.0001490116610607538,-0.0014123410232579348
1532,0.0008001216563268354,0.01620584272759041,0.006176106741161795,0.013785256250198052,0.010402760399767699,0.0007445475540422936,-0.001062278104597363
1533,-0.001257996745553545,-0.007441801027610303,-0.0007042886689603442,0.006968702545390145,-0.000964741933712531,-0.0005210492309500577,0.0007084740264527859
1534,-0.0024117962604083294,0.002655259387993534,0.0017084382074156752,-0.00913364760357137,-0.004856120091375088,0.0007441648186490419,0.002470596970219055
1535,-0.0011531989832212052,-0.008710082868769325,0.0020512766385551552,-0.007439703219288823,0.002272948271069254,-0.003096653470082427,0.0066359112969268655
1536,0.0017286522036323334,-0.006181938910350279,-0.005323287632830232,0.0005719841090226548,-0.000972664419794235,0.0028735378823833983,0.0
1537,0.0017217988004033739,-0.017836008281021547,-0.0005561720651783378,0.004707667949208178,0.001296402401168455,0.0009660074587224717,-0.005230426310050973
1538,0.0020571882345108276,-0.007943302097116793,-0.007862134333150967,-0.0032450882216238444,0.00991802140378243,0.0011119605338172215,-0.0038760819570948903
1539,-0.0019426439949171165,0.007424018079206686,0.007305249101991721,0.0033692729861384647,0.0,-0.00048150005057900056,0.0015898534481181526
1540,0.0,0.006745373137931891,0.0,0.005215226284722293,0.001263403020168153,0.0007775426536585635,-0.0019439459927260553
1541,-0.00034372339103618975,-0.003983005760682895,0.0036321738832081167,0.0036374317280710436,0.0009451461443126058,0.0002958409391686782,-0.0003543814818448933
1542,-0.0011477133579787958,0.014637198268576764,0.0012540998662676282,-0.002959545144226467,0.005938628090591638,-0.0014812240890101013,-0.006069154415438126
1543,0.0018348883144862404,-0.0025868323073352582,-0.00895797339144347,0.0030546058257029047,0.00982191926794809,0.0016660223905513212,0.0021517524541256926
1544,0.0019411117347890821,-0.014120492535376759,-0.002204415135075122,-0.003074402917335468,-0.006420521104395737,0.0007752953238460914,0.0035627310703037433
1545,-0.00022791629067061048,-0.0028626325361610517,0.002050981294261319,-0.007672085095965042,0.002150737592079858,-0.00018446862695323642,-0.002669304542705155
1546,-0.0006844674102426593,0.003035520469137695,0.004427719833698985,-0.00392235139250337,0.0,-7.380939547173066e-05,0.0010696913829118138
1547,0.0006844674102426862,0.002456203944274198,-0.006632915895005726,0.0029351589535608733,0.0075954101359497084,0.0002951623472075809,-0.0030376615066972194
1548,0.00022791629067056365,0.007539802270040861,0.0024608890224181775,-0.00500709265113519,-0.004845734867563085,-0.00018445295750050089,-0.0007178422822800414
1549,0.0002277967436972999,0.004954781467990121,0.002294487483941412,0.009370723205957448,0.01082784710599492,-0.0005168854428586434,-0.00017964611710298063
1550,-0.0025123600439576847,0.00576496389321793,-0.0008653822464077771,0.010378926134287283,-0.00538017938822199,-0.0019994836258762235,0.001614146122904225
1551,-0.001376528828802687,-0.008529312681022205,-0.004507401517453927,0.004652116371465425,-0.004231155768558269,0.0006304604832382366,0.0010727740701429362
1552,-0.00115044963143259,-0.005326758564099144,0.001644472846510673,-0.00024411076789172616,-0.002436441071313444,-0.0016708652837943206,-0.0010727740701428992
1553,-0.0023100824780742405,-0.0026024895792659017,-0.005523282332637389,-0.002403443101851308,-0.0021431565334390774,-0.002424877778760471,0.00480675167583165
1554,-0.0009274845637285049,0.0036221601284545085,-0.00443827499126173,0.006424065215683818,-0.010877353459072656,0.0007475593237576821,0.0029994050532800164
1555,0.0005799099298069374,-0.004264512681446723,-0.003319061749199984,0.004508919463209134,0.006559048884538384,-0.0022840905686829214,0.005243055412372071
1556,0.0008105751915306675,-0.018204005227664678,-0.008653060330688273,0.014566321760891562,-0.004361674212489657,0.002358775776415019,-0.007004901568658734
1557,-0.00023143857830174188,-0.003049581383194284,-0.0054833833841421015,-0.016878330380109958,0.0031199450408973773,0.0001866568481504883,-0.003901405821015946
1558,-0.0003473892854751775,0.004477302354744744,0.010258551497534244,-0.004108876024112497,0.0,0.000708565281574265,-0.001070130681666071
1559,-0.0036060549856708913,0.0018667891029486947,-0.010750546054164737,0.009044200269698545,-0.00031098782703959114,-0.0031038528806508663,-0.0003572970023850552
1560,0.0,-0.0004437463162228768,0.0,-0.016336251394169297,0.0021722527412170217,-0.002031350782058535,-0.004130183323281831
1561,0.0002335544460170245,0.0009313441526874228,-0.0018636924201432216,0.010770162858387772,0.006452318272478032,7.54048933069613e-05,-0.0038056509407072875
1562,0.0011658919267901933,-0.0063369205284151756,-0.007815349942375663,-0.007751469433993702,-0.002446735947087746,0.0012047011383708461,0.0
1563,-0.001516270712962543,0.0033138737465159326,0.00434075494551346,0.0033375830951225824,-0.0021522602443931663,-0.0006772331506866904,-0.000728682187564162
1564,-0.0008186514806793998,-0.0022811750863553594,0.0019888854691872664,0.002938740154839332,0.0003081195460233918,0.0007900027402510791,0.003631245920128627
1565,0.0011690302668517956,0.0056142266102518785,0.004987220916835801,0.0017429234571937403,0.0061169248096811565,0.0012760130493528789,-0.00839771695182309
1566,-0.0015203538523328424,0.010237696660936099,0.0006534020518933493,-0.009266677210701294,0.003930293628432371,0.0007862568740925752,0.0018394541768470458
1567,-0.002113930802761125,0.0042169021709703046,-0.007629508437916439,0.0019782504896855824,-0.0036266973337177972,-0.0011236603471586548,0.001831696017244397
1568,-0.003190315261125393,-0.014012118424904872,-0.0001661523256500555,-0.0017129348345177303,0.006027778677959842,-0.004827220041853912,0.003277709761236112
1569,0.0009477242864106799,-0.0004424804070015272,0.0014930874846929866,0.0031283230108608176,-0.003304920342486313,-0.00011378397914194255,-0.0038264078530525912
1570,-0.002847842872826391,-0.012120632675853718,0.003464037148470638,0.004378341123719929,-0.0033302633042797047,-0.0029688958379411215,-0.005710847480995103
1571,0.0011888714840210676,0.0027228583354740638,-0.0032984549585391436,-0.0070253379973378586,-0.012017428536874798,0.0007250645466199846,-0.00037103332620143457
1572,-0.0010698377757511473,-0.012389589293068798,-0.0011050756138108904,-0.0033436769313175264,0.008661430592952359,-0.0017192238581456502,0.0011121503693678856
1573,-0.0010724797155919803,0.004399715131331832,0.0038555248442402896,-0.0037098566899207036,0.0,-0.0005362606737661832,0.0018472783355537356
1574,0.002142317491343123,0.012490375388413905,0.0033865418585126324,-0.005833147037471467,0.021510037565226358,0.005522300026773147,-0.007061854487487178
1575,0.00047463882527845944,-0.0057690443248452645,0.002874157651357316,-0.0023263248091737617,-0.0032180944153816725,-0.0016454191867879585,0.002615114459399153
1576,0.0022474774809901773,0.0001814474569539753,-0.005712693781760199,-0.010364037174968671,0.00843316753686352,-0.0009979373838141905,-0.0007455701091253253
1577,-0.0005903147325939024,-0.004880020846350908,0.004521955423431478,0.004129497456211411,0.009964584529393188,0.0007678475866952348,0.004823482529564794
1578,0.00011812715478892373,0.005197371596244326,-0.0004338064857143631,0.0011817085034379327,0.0031031241478911517,0.0030959737741925912,-0.0005538293824760499
1579,0.001061701014192262,0.021527982405369912,-0.005020170527809386,0.0029869551514582456,0.0002810058214520272,-0.000953194891013897,-0.002408122299118235
1580,0.0004710352760058963,0.0010338298440493937,0.002658234470214166,0.009261811102022923,0.008622203746596686,3.816799069974588e-05,0.00037135058432137774
1581,0.0010579651563332312,0.003471117499592005,-0.0015169982357034146,-0.006298809733207807,0.003292203878476938,0.0022459947882000615,0.0
1582,-0.0007050236644143525,-0.002182281411041214,0.0015169982357034434,0.004173571373239232,0.007048629459742374,0.00026570479991114667,0.009182043537995191
1583,0.000587599172174421,-0.003013255594161242,0.0013499994765537014,0.00818538146605213,-0.01144380404383474,0.0006067155191264258,0.011122564898239307
1584,-0.001647285298343292,0.006605852758771049,-0.008988541545815179,-0.002193293323179674,0.0154588817806712,-0.0007964880726834513,0.005631125658165212
1585,-0.0007078966227517732,-0.006434110005409176,-0.0038702501495711367,0.00776142930509448,0.0,-0.00045579274630045227,0.01036551547183354
1586,0.00023609377145936142,-0.014934983926090915,-0.010682215104970416,-0.0017996323261249333,-0.009971828602826395,-0.0013702554179255008,-0.004116566194832119
1587,0.0008253189325980463,-0.006490478943370768,0.00677716455143061,-0.0022860263201805128,-0.010764761336236996,0.0002667773655314161,-0.0013809057163851862
1588,-0.0014157941859028733,0.006623745803283308,0.010901510510584645,0.004797298093088356,0.014024022275995536,0.0003808264729334107,0.003786975482264006
1589,0.0,-0.005452775838525095,0.0008189602311849449,-0.0044219339446776515,-0.001626572994655282,-0.0019074805870641926,-0.0027508847755790414
1590,-0.0013018784244007878,0.0056304013959702385,0.006657850994341415,0.002571130357024336,0.0005428681730646944,-0.0004207724203677423,-0.005554601466217899
1591,0.0017743228353147172,-0.002270185928510425,-0.001452761190062877,-0.001752721695093924,-0.004636154665825069,0.0012229349352378713,-0.006689710832102092
1592,-0.0011820760751787556,4.462770202814286e-05,-0.004768941656244639,-0.009864080448500534,-0.0033026355500858475,0.0008006836138272171,0.003885539786142133
1593,-0.00047373277880181415,0.005145939664479525,0.004876720408977263,0.010609760230616475,0.016533643033278728,-0.00026673055221581893,0.0010536870884142327
1594,0.0024813519059079625,0.0,0.0,-0.001473519361307078,0.00026586745972886146,0.0,0.0
1595,0.00035332434374888046,0.0,0.004289363084111106,0.004513143777823705,0.001061845228003424,0.0,0.0
1596,0.001762322783093837,0.010543126313650761,-0.002407551799809711,-0.0009707159267633459,0.0018520048615929435,0.004399108509130597,0.0038417936900363957
1597,-0.0003518929147854186,-0.0017251044804018167,-0.007303785351723611,-0.0024597947005979247,0.001318041927913892,-0.00026420383844589937,0.003635733459996683
1598,0.0028071919892000163,0.005154891166235926,0.004072813361694037,-0.006670915336939316,0.00756675192414174,0.0034596331826596874,-0.000862894148174099
1599,-0.00011660477500683491,0.007367558949593897,0.008563076807155588,-0.010452113574292184,0.001549209069308766,-0.0006747196829477598,0.003441337197483665
1600,0.0,0.0,0.009176500086742322,0.0003806191982914654,-0.007801907095619571,0.0012361864475143773,0.0017104964289532635
1601,-0.0015187179605221928,0.004801651125168837,0.0049528061447302995,-0.016781559447547632,0.004957455545503479,-0.0016114841565803746,0.0126183914488563
1602,-0.0001170447337373304,-0.0028746154403295416,-0.0001539232629626109,0.00013855966546073923,0.0,0.0001501580037110237,-0.0028282061996647203
1603,-0.0007029316051482304,0.000417791741601833,0.0006153660000935761,0.0067887904856297,-0.0005191805542434267,-0.0012780009555344504,0.004978592716350556
1604,-0.0014092856560223564,-0.002554803972572739,0.0026565561081801172,-0.006845112594777528,0.0018144230350506674,0.00011291618954214962,0.0006595209800541965
1605,0.0010573927412369456,0.007743569181499376,-0.011718170607226339,-0.0029734171168627178,-0.004419676689956647,0.0004889645226809027,0.0049147391558682875
1606,0.0008206403773469427,-0.012856206161462094,0.003906723332808706,0.002214306818321276,0.0033837919247724476,0.0003006278440761291,-0.006234784190097529
1607,-0.00011713944289592645,0.006412858042797533,0.013629446266328579,-0.008461921148258408,-0.008641658589442778,0.0004880768410607624,0.0009904097380220656
1608,-0.002467255146508259,0.004209403202243757,0.000702985787283359,0.002699529283329019,0.005780169171283977,-0.0006759448553694192,0.0
1609,0.0002355814985369902,-0.0019537568867564973,-0.00030114029768271624,0.004371025611902875,0.008016380584395837,0.00037565479541466204,-0.0013210488723046727
1610,0.0007059787226300893,0.006040584602896957,0.007417210235400746,0.005091985754150181,0.0012792188391727412,-0.0009021179949295262,-0.0006620343993948435
1611,0.0005874402111721937,0.007414268402323283,-0.0009388017941101539,0.005712288980069139,-0.0005112354703407538,0.0012399297173464026,0.006248949277001257
1612,-0.0008226389615188661,-0.0020243090715136767,-0.0017347020914096683,0.008199246564718713,0.0,-0.0009766183435258164,0.002117322125470404
1613,0.0015265199614709396,-0.0005278695675570906,-0.0034903303517828947,-0.00035366188831142,0.0,0.002025910897559766,0.00725049363993801
1614,-0.004122148063257626,0.0038428021205658036,-0.000701444862528849,-0.003985365310084458,-0.006441744945539203,-0.0025526933869149324,0.002231242613019235
1615,-0.000236737254104364,0.0005634439439799222,0.00543155476565783,-0.0027742703356018893,0.0,0.0,0.0
1616,-0.0010669175113774253,-0.0015310518048540851,-0.005331278967034729,0.009049931770742582,0.0,-0.0009800087936939206,-0.0022312426130192717
1617,0.0005930555092060583,-0.005851361473991908,0.0019008542568957983,-0.008109413712960594,0.0,0.0004148890237758983,-0.0019216601348713003
1618,-0.0028540813467569127,-0.0020503035054582996,-0.0016502660081197517,0.00944160219256955,0.01505194671893332,-0.001964794812746079,0.005105651536367075
1619,-0.0008359857863404835,0.001477193539487743,0.005526146377248178,0.005241463939632385,-0.008354508812281995,0.0004542037875083132,-0.003983650036375187
1620,0.0005972968647490557,-0.0021353402566960675,0.007989616506983337,-0.007882558188852504,-0.0005115365513695041,-0.0004920755539938429,-0.003213440350085289
1621,-0.0014348949679749824,0.003607526350850403,0.002759586283849909,-0.003144540894312378,-0.006965371170093093,-0.00026519487658938437,0.00846417948922572
1622,0.0008375981032259343,-0.0062501326068581334,0.0015415904618030064,-0.008388515078839821,0.007732450230691325,0.00022731980728549198,0.0028375058014241394
1623,0.0026219834311642996,0.0,0.0012485254650942497,0.0004678259931346049,-0.0017919632693391833,0.0,0.00031413707113137464
1624,-0.0056208524239751935,-0.005250097968489708,-0.010777813899976561,0.007506377965808186,-0.0030892446694644766,-0.0032315140965154814,-0.001888239852386871
1625,-0.0007228203863904872,-0.0059088596105207674,0.0017170659889429968,0.0041270360407752536,-0.009930150004408738,0.00022889730777782163,-0.003483240911410452
1626,-0.0009656357105590249,0.0038077694848233723,0.002927839056820372,7.23520750591734e-05,0.0,0.001370856144661944,-0.0022312426130192717
1627,0.0016884560969495181,0.004859055307484296,0.0036804837383662627,-0.005915255513710305,-0.007734033049010321,-0.0004564714252977889,0.0
1628,-0.0003612598144567719,0.0038567345190589275,0.0010114998328310022,-0.007315777477500167,0.0018794844624638262,0.0006845273461186994,-0.0016007923833688408
1629,0.0012030325751014965,-0.0004543909960282647,0.002972660963296487,-0.005103052399223177,0.0018713857046669421,0.0019714842287590784,-0.004838087337116195
1630,0.0007202231864630823,0.0,-0.014033431272870746,0.001137194871230571,0.0023942788587591572,0.0,-0.0009741188724823722
1631,-0.00011995428384613824,-0.006831552241693435,-0.005962946973677473,-0.00026641959804583144,-0.0037301595857095133,-3.7828882206485616e-05,-0.0016284026648517745
1632,-0.0013216884736583783,0.0014251544865694333,0.0014984298311700108,0.0041264791620929915,-0.0002676699510950055,-0.00030274973822904766,-0.0031108880069458025
1633,-0.002292433481189226,-0.010075711361591038,-0.0014984298311700155,-0.0017765528558408613,-0.004034973111792002,-0.0021251782171353754,-0.00946864258733535
1634,0.0,-0.0006858185110997656,0.0068011156157840305,-0.010258119953725475,-0.003255189370144861,0.0001901714274398152,-0.005747850495250481
1635,0.0,0.0002573088740642293,0.0,0.009897766125762831,0.003255189370144888,0.0,0.0
1636,-0.0037887193819550946,-0.005783197905867947,0.0002954384344565161,0.0039035567689003447,0.010677722406409981,-0.004049573243283986,0.003559116161222145
1637,0.00012273406381020128,0.0040649187824971615,-0.004701541646446062,-0.0021192164934552985,-0.0029102998344510233,-0.0009606163657799319,0.003530185537714456
1638,0.0004905896956623856,0.0,-0.0010960747589069829,9.452424780057401e-05,-0.004536450581930509,0.0,-0.0013414512036861248
1639,0.00012256088183541512,0.007340844082456226,0.0071246078764455505,0.01857129252420585,0.0029407556505850244,-0.0008085630350952577,0.00401198679390623
1640,0.00012252630407375448,0.00746848834687677,0.006091186552532767,0.009677174912529956,0.006085249167488788,0.0017401965926663293,0.0016607839814639317
1641,-0.000612977493299069,-0.0004994761699528615,-0.006582192237283638,-0.007899613313146833,0.0010496548478897104,-0.0004633710569237188,0.0016544571700124878
1642,-0.000613843892869209,0.0030709914547481813,0.005710309201387382,0.006738565564243072,0.0013085110287551743,-0.0011218587252126656,0.004272322206222343
1643,-0.0013535183929084468,-0.0036127396672739546,-0.00521930351663652,0.0001399094792755662,0.011863888663339345,-0.0041645262037563165,0.0029333322299853848
1644,-0.0024718022439674386,0.008628787740177196,-0.0050344963322244375,-0.0016114623674653048,0.0,-0.001057202073825568,0.0012973705896146008
1645,0.0012376596632341008,-0.002130907564269387,-0.004697794258618803,-0.008811823063648428,0.004051756333294757,0.002657677909517282,0.005790678880895296
1646,0.0004940779621664284,0.005186033059433375,0.0026765551532656664,-0.0067502426635260735,0.00025198404066538937,0.0008174774178958299,-0.0035295645331932966
1647,0.0007400646185669583,0.0023076060321575356,0.007398054323701214,-0.000732016396143189,-0.0017669663277771418,0.0003110156658943324,-0.0032337787674967984
1648,0.0039258525581660686,0.0033784886511044753,-0.0008266258099211156,0.014513830264587154,0.00826775352537755,0.0026346788600560135,0.000972664419794754
1649,-0.001345512779089319,0.002065047147838929,0.0045030100520525446,0.010559125632335816,-0.000993809316742767,-0.0007345526437243109,0.007385592468861182
1650,-0.0014726020842400576,0.0023706089532710686,0.004456799037058679,-0.004792439750560311,0.006419478181480151,-0.003457436650248572,0.0038040635790322925
1651,-0.0009845161074280928,-0.00011822362449522276,-0.0019591906206281495,0.007999342353169162,0.0007346398400812951,-0.0014846353350004926,-0.001106080777362926
1652,-0.0017282918620673776,-0.005872687322141849,-0.0037518197212510138,0.0007014640339501724,-0.003685689576963215,-0.0021185138687259946,-0.0030164972874558854
1653,-0.0009906921476588986,-0.006398931738862627,-0.002179346829837083,-0.0029918360515050987,0.0012320419096915837,-0.003593637040397527,0.003490876888858167
1654,0.0006194473763100413,0.0013358558235093139,-0.00024282610747383912,0.005221388748071218,-0.004949278428642854,0.0018202802199293257,0.0003159654427496927
1655,0.0017297669372562843,0.001009283470520029,0.0074651846035838675,0.003697283961119148,0.005932401614524751,-0.0001974873763780954,0.00906440962750481
1656,0.0009853537565645539,0.0016099906553285097,0.00252345253520992,-0.004555985581728247,0.0034235102656318007,0.0012623701703915818,0.0003092164473126426
1657,0.003431238360083944,-0.0008847561724561112,0.004345815285394257,-0.009719075039782282,-0.007121754145333325,0.0003937393578001345,0.0
1658,-0.0012835396183944814,0.009398266782696826,-0.002829290018863415,0.0069313419827341715,0.008823441949871584,-0.0021699973836025225,0.002773085219781635
1659,0.00030594892558222334,0.003687465138990095,0.0028292900188633912,-0.0042513896876668796,0.0016950461290802976,-0.00130722202976279,-0.002773085219781586
1660,0.0,0.0075511174227421525,0.0,0.0013476788281049667,0.004089205615102395,0.000515436064041812,-0.005130440154822585
1661,-0.0009184941355972837,-0.0007684589847219731,-0.0003291356594852858,0.009865646294776136,-0.0007188324100175407,-0.0025036032512601525,0.00015636165133927436
1662,-0.0007361965010312266,-0.0017726329993470458,-0.007256987039535204,0.010901441374667526,-0.0026459452107522336,-0.0026784942717717154,0.009433151124260535
1663,0.001715854566297201,0.0013494002481617654,0.002955368432227133,-0.0018464868218748935,-0.0019344997772001741,0.0013213229113541681,0.0010695032224082059
1664,-0.0003059058250749358,0.002226959167511464,0.0036897041003171724,-0.015175392065783276,-0.0012134528204621694,-0.0004399944471145914,-0.0022950263831625823
1665,0.002867043300871818,0.0003062725669278741,-9.421726512874769e-05,-3.1625411578442155e-05,0.00913831628684995,0.003467837243132319,0.008957973391444886
1666,0.0005468556633197277,-0.005468708992265323,-0.0016048287346035507,-0.01589276852299507,-0.0016689899065454017,-0.0002382742279424152,0.0006006840264707222
1667,-0.000729294011685958,0.0024732979145562595,0.007035921495238333,-0.002333757228408918,0.0035685860762680937,0.0005557699795605173,0.0032889928629183393
1668,0.0003040213508143531,0.0001155909553666224,0.0034756719833537826,0.004912685235961152,0.0023628702568572564,-0.0041456603108453605,-0.002090111544219879
1669,0.001153344050005142,-0.0008097835083086789,-0.0020356868212331966,-0.00010562339042960872,-0.0035491438212612698,0.0018784219823112672,-0.000299410202760841
1670,0.00030300320904195105,0.0010023667591708618,-0.003538818832565496,-0.0035784242635344323,0.005430227355091997,0.0009560696913501963,0.0011964042880442762
1671,0.0003633250199924534,-0.009971683562882852,-0.009309535825756958,0.00870561322557974,0.0,0.002183087035721556,-0.00510763838879337
1672,-0.00018162451588306987,-0.0048339087488278925,0.0007635948901715592,-0.00721335080201269,-0.0063815847605075025,0.0015808352404190892,-0.002120730669164202
1673,-0.003038311551912068,-0.0055335102301482695,-0.0026784766604143005,0.0021986861666025846,-0.01378828448563245,-0.0017392357097239877,0.0
1674,-0.0015883625145644725,-0.005114659050945518,-0.003371494555996446,-0.013797720092428169,-0.00395040342331881,-0.0008722367914477926,0.005132493653975617
1675,-0.000489897944675774,-0.008827259828787667,-0.005694310789759163,0.0009706586880772319,-0.0009932411005144403,0.0008326276453669535,0.0029910206509527783
1676,0.0010403733844950207,0.0014560391881411072,0.004968429822007215,0.000607324259777345,-0.000746424386382951,-0.0006739087831518242,-0.001193937471968693
1677,-0.00012226759143306703,0.0008712860930439664,0.0006291669083622011,-0.00022820017400648255,0.005198229127292941,0.0003172638124126595,-0.005111174391739978
1678,-0.0017767591933221386,-0.016129052211868795,-0.006627602760629007,-0.003617709207512876,0.007561622607444261,-0.002783948519608104,-0.007627426151933443
1679,-0.0007373422516554747,0.006108201098241643,0.0034238958434827,-0.009006966847514144,-0.006333065969478972,-0.00191936000936744,-0.0012329163196022877
1680,-0.0002460592031270118,0.0032116893108697898,-0.002002148231217363,0.0029913261522352182,0.004394248098092742,-0.0020083946350709205,-0.0009269896409594956
1681,-0.0007390151787276289,-0.003763443918651885,-0.0063603325772949885,0.001828228227252408,0.001212775102284097,-0.00040279587556498803,0.0030823016670942453
1682,0.00024647814617583213,0.0016954715342254302,-0.006807890619333409,-0.008735004582149737,-0.007327977262861079,0.0006040538067362207,0.00640249160913063
1683,0.0014759384873342365,-0.01209668758639541,0.0031168391538965905,-0.0001644826839110996,-0.009715050810628501,-0.002542691372693354,0.004815511367724762
1684,-0.003823148056976185,0.002861489418158311,-0.00412706171199818,-0.0026825670577714463,-0.0032872519475931443,-0.002354125385711008,0.00476270140554697
1685,-0.002484528983801988,0.006944744375706076,-0.002790290131571881,0.002702384677223755,0.002530860786459998,0.0015843509264126846,0.0005916819469735389
1686,-0.00037390831573864074,-0.008243084600985173,-0.0035774047576115743,-6.453872677409903e-05,-0.0020235073620502265,-8.110831696041181e-05,-0.003562244020266286
1687,0.0011207605752974142,0.0012983402252791155,0.007226533788551539,0.009232998174848014,0.002023507362050228,0.0012959188486423448,0.0044482582314899445
1688,0.0,0.01033371578180187,0.0,0.0041077532488595445,0.006263369041990814,0.0026204898557242846,0.0010314038344982816
1689,0.0028510943223094866,0.007031906992946465,0.0037688505129110546,0.0003968947279376749,-0.00024880807435299126,0.000441907378299532,-0.0019174180457219138
1690,0.00024703896110075366,0.001409375331065536,0.00055002474693227,0.002950678561337048,0.009842789153013658,-0.0010854855001938104,0.0017702245239253254
1691,0.0023398880240917672,0.001404816407559034,0.0035334989187344747,0.0123968324169559,-0.0007305207473564482,0.0012059276960854556,0.002056183329127915
1692,0.00012280347371744333,-0.0013220542382938489,-0.005085356824810696,-0.006795724551293786,0.0019453312790376556,0.0012025884052250442,-0.0053071269209366495
1693,-0.0007373422516554747,-0.004491881074321308,0.00010028737647800869,-0.006835896316902554,0.0019366564173163106,0.00016009381137966976,-0.0007422570289178341
1694,0.0006145387779379964,0.0056488984564015835,0.0046875735020700015,0.003287686474794196,0.004565239910824663,0.0015977006224975373,-0.002981779525762369
1695,-0.0002457111702893356,0.004311567639174302,0.0006443171812027911,-0.0045082111971262466,0.0021458458902461363,-0.0003589705248339288,0.0016425116022973341
1696,0.0017170659889427086,0.001672012371629154,-0.0017866099186240037,-0.0005700994875466547,-0.0043023470589361595,-0.00019955635231846744,0.006508622226902328
1697,0.0026846049525055945,0.006864862777898557,0.0025783056728415363,0.005770703581124341,-0.006047082963989184,0.003617650819308598,0.0020506354276639445
1698,-0.0007305207473570278,-0.0028942353224667445,-0.0032252808987484247,-0.003774806624065308,-0.0036690824983004184,-0.0022624723716142183,-0.0008776583961742112
1699,-0.002321455845750574,0.0029743560646743232,-0.004455368322578563,-0.00013339386917772476,-0.00024571117029001106,-0.0010359322828772932,-0.004119355238125749
1700,-0.002842979579991565,-0.002410075451958618,-0.005468628167391053,0.002669446395894426,0.00634374005541883,0.0,0.0
1701,-0.0002480973971519998,-0.0081315702965799,0.0022869693812010124,0.0032641500336389475,-0.009055777992099969,-0.004088073481656069,0.004997013634299981
1702,0.0,0.0023738707629915746,0.004136649641016991,0.005673948337689578,0.00565143651384186,0.0006438166388398128,0.005806162440125381
1703,-0.0008694587126273454,-0.010117134291541385,-0.0062707791537013734,-0.0035154834709705957,-0.0029393985771606706,-0.00343126114123302,0.0008642679109082543
1704,0.0029737826792944843,0.012071951463983174,0.011560424584781083,-0.006417855536076028,-0.0014771935394879531,0.0024651779209404014,-0.002453240014718703
1705,0.0,0.004889071710760826,0.0,0.0005428185742036445,0.004904563495966723,0.00044305492374230017,0.0007229808260366418
1706,-0.0012366024354399955,-0.0010056376509869221,0.0013865742101226183,0.0037695016482191942,-0.0024453582731688663,-0.004247709386938283,0.004741723829053688
1707,0.000680567031634293,0.0002415654916667869,-0.004472691251198758,0.008178888208925329,-0.0022126571140449374,0.0024566548879470297,0.0021383326404596395
1708,-0.001114211083542677,0.0032480510599035266,0.0035818304631217777,0.017042141583363556,0.0034467996947793946,-0.002826354634757212,0.0008523937611773202
1709,0.00216390324059079,0.004965235428616215,0.0044361415527264135,-0.0050413014814171065,-0.0002452948282684039,0.0009031555010125308,0.00028375988066212695
1710,-0.0004936567532423773,-0.003489601901839006,-0.003751711793163588,0.005055952932808849,0.004394248098092742,-0.001520021967922357,-0.00028375988066211145
1711,-0.0012366024354399955,-0.00399979325561837,-0.0003426772846804948,0.005357664685606046,-0.006854846645749051,-0.0017319020521173085,-0.001421587134794203
1712,0.0009895634743398013,-0.001287753299043671,-0.004331168536347755,0.004999797084943247,0.0,-0.0006202140558594716,0.0017053470154563051
1713,0.000864022275415681,-0.006210401237156467,-0.0041250458314425085,-0.00979167033383724,-0.011755304848639247,0.002598967847423782,0.0002835745983245688
1714,0.0009853537565658046,0.002148070968803225,0.0057050184040690404,0.0037750642982411157,0.0037863751773638075,0.0011090997762422728,0.005072932873706212
1715,-0.001232041909693263,0.0006060205856660458,-0.004657623797062773,0.00709650199847062,0.006980773427209285,-0.0009857265027733845,-0.0016844021705741039
1716,-0.0006173341222882229,-0.005730258768767361,-0.0056659900180855765,0.0023356393357652056,0.004429103925623417,-0.000493703518766379,0.0039201573368281275
1717,0.00043222600757160943,-0.003367595834917587,0.0020141229463619364,-0.006247578262616611,-0.012920468378071774,0.0006170417546221294,-0.001395997607987235
1718,0.0022775044513373517,0.004633940045793679,-0.009086733471950003,-0.004126392821670353,0.0,0.0019277399219590893,-0.004921634949470612
1719,0.002387753219118911,-0.010277440969694945,-0.0018506895132500009,-0.012718924819236584,-0.012796874014638015,0.0016746857109866983,-0.0069853564400621125
1720,-0.0019582143111507295,0.005231026316104189,0.00491775368637134,0.0037685576252703577,0.0020730086228653243,-0.0031094226679972657,-0.0020166280834024016
1721,-0.0016591390552299445,-0.009849883833518099,-0.004402881685458717,0.00010555400230359492,0.012987786149530873,0.0003693853019691583,0.0099907835758556
1722,-0.0023458749734854957,0.0004641025652649801,0.0024117555509970846,0.0032657661302540266,-0.0017598063866996016,-0.0021385756337882096,-0.005966848272017232
1723,0.0020379302098903897,4.216655976044478e-05,0.005238961654591736,-0.0032880169481518074,0.009222094478583206,0.0019744431745765227,-0.001145896395407706
1724,-0.002843384219884519,-0.0012667811078950326,-0.004267785453238785,0.0051353489816552515,0.0019684769424462094,-0.003957903818334739,0.001717712780718991
1725,0.0015476264752666232,0.011970077957576144,0.006486665942243758,0.003885913432704094,0.0017151285328588703,0.0007448597037194995,-0.002579123605747222
1726,-0.0027275221257442262,0.004379614850950107,-0.002623534123594772,-0.00790942521264446,0.0009770408663117068,0.0011148996863463245,0.005426966478573177
1727,-0.00018659269112074233,0.003488327845821341,0.0031764874132883597,0.0004909549055971146,0.0029180030172124387,-0.000742948353993034,-0.0008523937611773747
1728,-0.0001866728943001186,0.0040212739329239765,-0.0030752886520473833,-0.006559272889134276,0.004100561533706617,-0.0006614672112076049,-0.003139835760386607
1729,0.00037326558542088024,0.0019967597560751676,0.002824033520999359,0.010575424565784582,0.0009592372356949079,-0.0012014832347274457,-0.007512932883760728
1730,0.0,0.00031863132896745613,0.0,-0.012638237490752153,0.0,0.00033177578535243746,-0.008536052477977113
1731,-0.0008714525995041758,-0.00625587355984104,-0.0040399778017423185,-0.004430346343299117,0.0,-0.002286093856506436,0.014326731358872682
1732,-0.0015605280243739137,-0.0052829586266323865,-0.0076261317016133555,0.0043564961645342366,-0.007733884632264327,-0.0007090523728539483,0.0008619807300170209
1733,-0.0011270624367963797,-0.005927902971191435,0.0009799416492036422,-0.002328916218255293,0.0017035949966551524,-0.0028058272502993115,-0.0025910917675634904
1734,0.002375933123144037,-0.002160673520926678,-0.003205903101542027,0.0043730256787227985,-0.007101675002437909,0.0012585822619297802,0.0008654160590086452
1735,-0.0009363161698692673,-0.003639185264792851,-0.006325676960068157,0.004517201313484031,-0.006467276743543806,0.00029314512210104686,0.000575987460958357
1736,-0.0009383391808092359,0.011645981419243195,0.0023632988586918843,-0.010607299573349058,-0.0017577713347269395,-0.0008380830117287158,0.0014366353884637036
1737,-0.0003759040758942291,0.0011435257211679596,0.0011507267483719574,0.005415052028386284,0.006493310452871639,-0.0010498832214990198,0.0014318986987324628
1738,-0.00025078359692324036,-0.00426264521668317,0.0016163208450704384,0.0031365738583244034,-0.004234622705169702,0.001511029005542396,-0.0022933095237606706
1739,-0.0003136832797292796,0.008443464609448085,0.005224736073623476,0.005385216207542419,0.0019979079831006835,4.189807363367252e-05,0.001721116447704974
1740,-0.00031391001142739536,-0.0025930524689391343,-0.002165033354975926,0.0016585277375934012,0.005939162396770912,-0.0017632086316825262,-0.0011466527635438902
1741,-0.0002512914763609468,0.004567946096506251,-0.0012420251036369837,0.005386375733000877,0.0007367168550423154,0.0006305394543766419,-0.004907334494744122
1742,0.0018185774858854272,-0.0023386074474692313,0.001810101681565809,-0.007922509678100795,-0.008423545521333169,0.003805773100324097,-0.007614258780266536
1743,0.002060194750063014,0.009358950323195434,0.006200286104570808,0.002401818712082659,0.0022457104547259255,0.0027808887760372315,0.009497145926601348
1744,0.003041159924415222,0.003938848710860165,0.005058227245778846,-0.0009080049846681553,0.012752645813774322,0.0037487354267413506,0.0010104911899045635
1745,-0.001114687717924521,0.0010965060372422576,0.0026071785825803845,-0.00464096727427291,-0.0009677875467909488,-0.00012307027387948308,0.00028828044994994083
1746,0.0008672264679791396,0.0014057377269305579,0.0005994403738461566,0.0005961877170608949,0.0019334232573504665,0.0018015446974088433,0.0011512120243938387
1747,0.000494781576620154,0.0,0.006441450958948727,0.0013395722875365194,0.0,-0.0013504574276453501,0.0040053793437789635
1748,0.0014809715353922195,0.006423790286390568,0.0,0.009772841332137829,0.008595443486275082,0.002493016152350608,-0.0014262557380317399
1749,0.001230296805500508,0.00203111842008185,0.005279646746771319,-0.007164047416552453,-0.00047308771769978677,0.0021139527892907062,-0.002866640651603192
1750,-0.0004917005698218223,-0.0007270449872935605,0.001939250741296284,-0.0017319267759249874,-0.003803369524624581,0.0010126723841811047,-0.005208124156519741
1751,-0.0003691411033144796,0.003053049352940608,-0.0007262046426007072,-0.004939428690360219,0.0016680741347964208,-0.001662024127474183,0.004488497675539199
1752,-0.0006159332785396276,0.0020487416365939618,0.0005810608273227532,0.004327538479281254,0.00777861657361863,-0.0005283141310046689,-0.0030355204691368248
1753,0.0,0.005379143810729874,0.0,0.00018026314944059147,-0.006353920440066805,0.0006095362150072276,-0.003495346689821149
1754,0.00172241663350778,-0.0010855028254283606,0.004189600592808924,0.005717128939065674,-0.00047437960140253203,0.003961388153077752,-0.0038186436517510507
1755,-0.0002456416818318213,0.0041031304955793345,0.0026755300227771514,0.0027230909390485105,-0.0019027170934501176,-0.0013299057302534481,0.003086892034820087
1756,-0.0006147127450956173,0.005826573607949672,0.005302113159969853,-0.007414425740190824,-0.0016717432648478072,0.0024149894401792383,0.002774121100349712
1757,-0.0019729482285473455,-0.0025717538761230547,-0.0027850075801620026,0.011130190003922387,0.0028619179804064785,-0.003991964758303347,0.0017429902267975278
1758,-0.0003709276939245749,0.005710630086631248,0.005084481277089751,0.00897647496711154,0.00847430754370492,-0.002355886805037729,-0.0011612158840673204
1759,-0.00024746124994541434,0.00010908724013435567,-0.0012186125553790932,0.004574242754315061,0.00023305312172021997,0.00012217013965000107,0.0011612158840673228
1760,-0.0006192707193630792,-0.009037413112602876,0.0007971719770358836,-0.0004466012033703083,0.003942887532415694,-0.0009783247581545502,0.0027455074487416197
1761,0.00024781426173345106,-0.0015246899898679223,-0.008515850922530807,0.0002188462500652953,0.0,-0.00032659861054508513,-0.00043234894750727966
1762,0.00024767293622716025,0.0008187917929549242,0.003426404218098997,0.006063317103239298,0.000230823540859426,-0.0016776836953972456,0.0020139561585048437
1763,0.0,0.010215706307751133,0.0,0.0005342388974817811,-0.0013867850481919903,-0.00016402397774233028,0.0037156055956752043
1764,-0.0006194473763104817,0.0004356013222795505,0.0006631174531451538,0.001889088713909904,0.004376380261045255,-0.0020143374284916113,0.006917236954483518
1765,-0.0025055520374908176,-0.005844252792895819,-0.0015171875059849934,0.0004242271704046813,-0.002989595212853299,-0.00012363082549741815,0.0018168419947747645
1766,0.0011153636484399322,-0.000883460854384489,-0.004583625469826713,0.009601308351865075,-0.006041647208394436,0.0034075366944220646,0.0016703654510666376
1767,-0.000836254074628195,0.0038519423524048485,0.0017723397266533219,0.007699193430012752,0.0004677377747792281,0.00024529482826736394,-0.002787522290628513
1768,-0.0007679833688320392,0.0016768147545157682,0.006594362642589906,0.00889546254214837,-0.0021087984984501113,-0.002582531783873837,0.000279558736337326
1769,0.002091309732490848,0.011453558422477228,0.005660011428208285,0.010797228396918908,-0.0004700157189312296,0.002255441215292444,0.0044486379443382995
1770,0.000694871319283177,0.0015563591508698897,-0.002329911606933036,0.00547329542791079,0.002345008299538598,0.0028537241263312013,0.0
1771,0.001386416123638262,0.0005645687917620462,0.003258387603338225,-0.01517674606759431,0.0009344693909865701,0.0007337434328665649,-0.0019406743900471154
1772,-0.0006926548229074938,-0.002262692096625132,-0.0005568473658313487,-0.00033270613052657696,-0.00422103791169276,-0.0011419149684597817,0.000277770704642294
1773,0.0008310533205415725,-0.00028366720923859323,-0.002888474268976671,-0.0013216750642230392,-0.004736082725213271,0.001589704228823233,-0.002227156070159013
1774,0.00207070234260918,-0.001599089617911605,0.002237915325728666,0.0013646383749804137,0.00047593920588229676,0.002232046823584583,-0.0008381369251118159
1775,-0.0007581116423109864,0.0018118573931666703,0.0027905466417181904,0.01569550745887483,-0.0033425798574853957,-0.0019473302249250154,0.003065292995270822
1776,-0.003532276640853777,0.005775652348826432,-0.007914888579058301,0.0053785200897524315,0.0004790893832816591,-0.0024873983207796394,0.0016629036854047836
1777,-0.0011141118360147688,0.0004196082277181244,-0.0031225900779849993,0.0015926554462390382,-0.0019195367465885693,0.0017548924617566272,0.006043410992416973
1778,-0.0020266413758867935,0.008102356404240054,0.006729784661527393,0.005983506541208386,0.0009608288916974949,-0.006028831772881161,0.004612980697380091
1779,-0.0001401175949886677,0.003655813017227623,0.0009201157719369345,0.002615813535576394,0.00143726931588134,-0.0016965457959930983,-0.001622521744884319
1780,-0.001755294936154424,-0.00020229539154838523,-0.0016114841565799875,0.009974006209324227,-0.0011973938710077019,-0.0003733012346867389,0.0013525220582851565
1781,-0.0007745829861888475,0.00289060160406671,0.012279300702445995,-0.0015434662294555766,0.0009581790580727908,0.0019872422787625345,-0.002437580666199254
1782,-0.00028200941374243376,0.004333314225805022,0.0013431798806711132,-0.004131366428497215,0.007119741122947637,-0.0010338872708930656,0.007004901568660797
1783,-0.0004939575434308922,0.019679929740685803,0.003118025058219985,-0.004822286411427431,0.0,0.000455213658424734,0.0005341876219653749
1784,0.0,0.0,0.0,-0.01490622569894201,0.0049152689154018095,0.0,0.0
1785,0.0004234265677328835,0.004101314996058917,0.0004436103367349231,-0.0057334824181622885,-0.0011652662797139053,0.0,0.0
1786,-0.000988638271917089,-0.0010374407121460376,0.004586883921597354,-0.005449529523898548,0.004180406969758216,0.0,0.0
1787,0.0007769765918754373,0.0012885687173537377,0.00700665646755488,-0.007041868047958869,-0.00046250747917882186,-0.0017406615763014637,0.0045142602671736426
1788,0.0004937168819692774,0.005952961700430265,-0.0022940809350957977,-0.0043828573537188905,0.0013860473953180407,-0.0018310641539653692,0.0015821310098742762
1789,-0.005390626227325588,-0.013167637042681144,0.0018621619716951412,-0.0021316695277721494,0.0,0.0,0.0
1790,0.0022068941741992666,-0.011346509916923908,-0.017188935341014667,-0.0020796252411838983,0.0036746447203527817,-0.003979960886141159,-0.003435264801965983
1791,-0.003135713852859278,-0.006467352340143829,-0.0024345441125499276,0.0015135066133240634,-0.014179457686925101,-0.0015177766490192992,0.004486825804587196
1792,0.0014994152370451192,-0.0017654948601862953,-0.002948686454012971,0.004133039364299884,-0.011735166482719484,-0.00029574021020304563,0.0007870032028107682
1793,0.0016362986158141612,0.02114002247708854,0.01406273276653178,-0.0016406754271180914,0.006983538318575519,0.003451811087564946,0.002091729423001292
1794,-0.000995273433894816,0.008188535929029938,0.011523883888319677,0.003827571104423397,0.0,0.00033529782163821664,-0.0034041948579762666
1795,-0.0036450503739604164,-0.0013436469847796506,-0.009413733453806458,-0.005164415781858052,0.015487019570910709,-0.0037448479757882813,0.00183634303999872
1796,-0.0007183172029600926,-0.00037571437588303095,-0.00237464160097152,0.004662841601390316,-0.004868043560615813,0.00012675813153398377,0.0013069359303419378
1797,0.002794743543266884,0.004766181733644883,0.008860342471535223,0.0039140833720959336,0.006708277169531264,0.0005066628790501181,-0.0026178167381765084
1798,-0.0017177127807178499,0.013422164763424664,0.006815796271679425,-0.004938949649669201,-0.0004593278925302546,-0.0010985176135631205,0.00340009461147856
1799,0.0,0.004660882598248285,0.0,-0.01151830561289088,0.009320469606150503,0.0,0.00851332155026812
1800,-0.0022288152451110026,-0.011076163000648698,0.006626712334300939,0.014237729593503412,-0.0036134954747533087,-0.002588250872654563,0.006088340110418367
1801,0.0009360574401730668,0.00030474668424968485,0.005949047560923029,-0.004619640828590372,-0.004559564000550373,0.001656560744301719,0.0065007871976025654
1802,-0.0012244814799309196,0.0007305207473561332,0.006113168603112291,0.006693901526002389,0.0025136819982166745,0.0013967867313320038,-0.002488800403694023
1803,-0.00036079962356053266,-0.007825337511956739,0.004942122802062213,-0.007336255730851687,-0.006890062259261614,-0.0010153991538010235,-0.00300551013972835
1804,0.002662846328965632,-0.004075575389861769,-0.0127526458137748,0.006643080589955689,0.006890062259261622,0.000888604014393899,-0.00289993038110379
1805,-0.00043070530661112335,-0.0037672158890356628,0.0026878582652767333,0.0044116356673955665,-0.0027429216350529835,0.001308434726914639,0.0013893393558656907
1806,0.0005741788731290115,0.0064160262356586055,-0.002480508305784926,0.002793704405180017,0.0034259537264124413,-0.0004638322010797513,0.00025213033039441104
1807,-0.0001434735665179266,0.01046691308687741,-0.001869723211802535,-0.006300806575345429,0.0020426744409778033,-0.002199392415773199,-0.0017679939353433536
1808,0.0013610889748708038,-0.003960622514363711,-0.013962934643889703,0.0024051488437533586,0.004505169880101818,0.0019461840817667972,-0.0005064659255071886
1809,-0.00042935691277808574,-0.014754919014567687,-0.008028655241321446,-0.004063698914100851,0.0026808386477716155,0.0006748944355920898,0.00025330679161189194
1810,0.0012867994063166805,0.011436863539329515,0.010173323707912227,-0.004850318061784057,-0.0006686598424865628,0.0026472485197269373,0.0030282131886685865
1811,0.0007132445056927544,0.008308601914061567,0.0054848238101664944,0.009840563446096507,0.0051002746415615375,-4.18940319522209e-05,-0.0073546516595247476
1812,0.002982901054269519,0.01081683726279295,0.009651849968842299,0.003919762545561756,0.0028564880437097024,0.0023815332629200463,0.0012769620546647673
1813,-0.0017020053732904124,0.0024719362358669402,0.004112667873099108,0.004275943171284732,-0.0006575239437718113,-0.003556209934760458,-0.0035849983915913672
1814,-0.00342415294363699,-0.00498770508372763,0.0043983688062523355,0.004311980793603836,0.003059963714106255,-0.0011778625481556892,-0.002320367845147172
1815,0.001715451138520586,0.0134727862177283,0.004113508062958769,0.009364149103213402,-0.0013087739143428916,0.0018914379459562401,-0.002592810578278837
1816,-0.002288777270501106,0.006200026522936444,-0.002697614967128514,0.004978132207324614,0.002613615602686753,-0.0006295644715505564,0.001557543146673981
1817,-0.0020126228494214142,0.0011615567613116817,0.00681228785018292,-0.004881106047685075,-0.004584201457584812,-0.002358470787097358,0.003098427995381726
1818,0.0008636949785373072,0.0019759939017322476,-0.006489302257977176,-0.0029027723311198395,0.0,-8.446843980994994e-05,0.0002572072813703041
1819,0.0028666406516019752,-0.0032794166956986183,0.004217069302074735,-0.010705625045185893,-0.0015388836012041403,0.002022721988604639,-0.0005145669818832643
1820,-0.0010011732980888977,-0.012114475263391326,0.001954039347454793,0.004229243572166724,-0.007329101526486882,-0.0010944715038817734,-0.00805475014026365
1821,0.0,0.0047883007864744104,0.004157854470607523,-0.009086014075384874,0.006888417082887776,-0.0007171101811315721,-0.00448137887836306
1822,-0.0010034866234960888,0.006644571697348564,0.007230266355314134,-0.00034847198693145317,0.0017600610995677937,0.00012663492782750835,0.0
1823,0.0022902860298127437,-0.00250840251070946,-0.012184626288804823,-0.0012003077370665118,0.0006581882773858642,0.0012222376910979674,0.002114645599254653
1824,0.0,-0.0016612220974133608,0.0,0.004166992214702335,-0.005293649880545171,0.0011768366335217972,-0.0034415469733545937
1825,0.004685910394454955,0.003543880927804967,-0.003281031591915236,-0.0001635811695984117,-0.0028945650677461086,0.003011588943370353,0.0034415469733546276
1826,-0.0024076390351342593,0.00467124802734367,0.010789494460146796,-0.012667461416089367,0.0015610088042625123,-0.0010433255435828583,0.0005270564747642853
1827,0.0028311344191594865,-0.004045504347025835,0.0028117356281296166,-0.0038227743218413796,0.0026630302054881294,0.0019177861794033185,0.003410363803574446
1828,0.0,0.008444099096874236,-0.0017942854844945327,0.006677247288071031,0.003744890661524828,-0.003005510139727573,-0.002358165876646043
1829,-0.0022723111715716887,-0.011295681777083252,0.0030769389342096016,-0.00427070850314122,-0.0008782500099218482,-4.188999105201908e-05,-0.01252731262878396
1830,0.0005691933736164178,0.005571598765008334,0.015440666445654954,-0.004537892940597821,0.004591124619093111,0.00025127936008714226,-0.0046216437352833845
1831,0.0005684483558986414,0.0020851134363830686,0.008162972994382402,0.003476633904845081,0.0019528638136973797,0.0003348131470864154,0.009194622618853945
1832,-0.00042626649772766547,0.012741695885728675,-0.004805009240142194,-0.012498719853081689,0.0,-0.0004604346535967219,-0.0022804704730518166
1833,0.0009230491931786388,0.0008453821349476711,0.010283986221210316,-0.005518629451176048,-0.0028236299839123394,0.0011292875830348015,-0.0002690796132545228
1834,-0.0010652310513496327,0.0004628989555349542,0.0027137839723494713,0.004534330498868296,-0.0024036485512305794,0.0006261154651226368,0.0006723866986402202
1835,0.0007814248122664922,0.004548194726269442,-0.0073481512859702135,-0.00375406971592535,0.0030568868020955237,-0.0002086048754757062,-0.0024254796752199844
1836,-7.098054799002258e-05,-0.004548194726269459,0.002961484139189383,0.002944334790556018,-0.0034953466898213436,-4.204409528543258e-05,-0.006534961900990954
1837,0.0011342989978063804,-0.0007081629997744415,0.010795845030634266,0.0033106556601324986,-0.002206785652185017,0.004309300963510184,0.00355197215235576
1838,-0.0012762949061842302,0.0011433823591623347,-0.006228860471298198,0.0011738332881011326,0.004183350549250243,-0.0014177652902867017,0.0027126539279507863
1839,0.0009221446118274884,-0.016287951994723375,-0.011059230346946615,0.0008978025354258069,-0.015161716708431293,0.0009179058659471922,-0.0017612965225368188
1840,0.0022615874413006594,-0.0021221716099242877,-0.013262496344739867,-0.008969473757344523,-0.0029598165753815324,0.0,0.005128459318466757
1841,0.000774708597700495,-0.012050528945450821,-0.008547510400942133,-0.010465523763501449,-0.000914785976780415,0.0009991441874016467,-0.0012091733525410502
1842,0.0009839982760505776,0.008833412627837921,0.017298863598829498,-0.008148215568196076,0.005233897814886746,0.0013700807598987647,0.0021473194890850125
1843,0.0015417925829708274,0.007120433219641362,-0.005192310137212913,-0.00415021204154898,0.00561837695817671,0.0016549300083022256,0.001336703061723226
1844,-0.00013993700198553326,0.007746571476516025,-0.025548451399709786,0.006267871120724238,0.0,-0.00028915789086612984,-0.003215026269736152
1845,0.000908785565376237,-0.003358318489742872,0.011519387131947051,0.005081036232983164,0.002004953721027735,0.000247861406081344,0.0
1846,0.0002792441709481408,-0.0008021235904497827,0.010846033769021235,0.003708640509371023,0.0026589541133624633,-0.0002065413468829293,-0.004867610528641637
1847,0.0005579502702908987,-0.0023596229839733026,0.0023240395420250745,0.006721394726012164,-0.0006632138961106691,0.0021021270650330554,0.0
1848,-0.0029372685619470777,0.008326093487892287,-0.0017606304054036967,0.00549166851534282,0.004840211499127594,-0.001978190470067122,-0.0009528483287301215
1849,0.00042082801926766043,-0.00021851295147850143,0.00037520043966789195,-0.00018605368833958725,0.006730016674354381,-0.0021947705867694026,-0.0020488848281648544
1850,0.0004904511892258291,0.001254950692161465,-0.013174139851293959,0.0005976764075336572,0.006839424530305252,0.0015333663364844967,0.0019125928195438213
1851,0.0008394870176468821,-0.001911149983817699,-0.011120300363985333,0.01295420144613271,0.0042205821181115575,-0.0014088374519321527,-0.0010918785937516727
1852,0.003203084291474372,-0.013280172586641516,-0.010192724922210778,-0.0034366363716178024,-0.005282167789457066,0.002235435497249279,-0.002192027275169851
1853,0.0012469781535938771,-0.005222268170462407,0.008483918881609251,-0.011343364678726063,-0.0006381992065488433,0.0009486468545918422,-0.008180090012023734
1854,0.0007602833645255043,-0.007429925682223529,-0.023815252807098574,0.013094333250767882,0.006549931467553627,0.0008643498204431404,-0.004360564224691619
1855,0.0032335738528889036,0.005999912925258701,-0.009138904737437161,-0.0014006780166556513,-0.0021021071142396847,0.0027871013708220638,-0.0051194441360315444
1856,-0.0010980902990516692,-0.013618281622778144,0.01891276260679169,-0.026261365374295687,-0.0023241307234585047,-0.0015142922405387564,0.0
1857,-0.0008942472890669046,0.008169890688303448,0.0129649771643696,-0.008720559918304973,-0.005543352887992604,-0.0013961824037517405,-0.008377073807285342
1858,0.0015122646812275355,0.0037261369316101164,0.0067333826589681175,-0.004344249224826246,0.003845229583129772,0.0007807728039583659,0.001455899727203941
1859,0.0014386296174289039,0.0008619807300170209,-0.02745790012557607,-0.002742644668495562,0.004653955204282257,0.00032832697228352673,0.0020300947638902493
1860,-0.002950894298656457,-0.005226786132466709,-0.002266765442023886,-0.007325750593154937,-0.0014754012604496405,-0.0011502319903100111,0.0028837720957552424
1861,-0.0029017556631504996,-0.0014258734784464134,-0.019276460545528618,0.005314985282690344,0.004411251526434381,4.1132214067996184e-05,0.0
1862,0.0017295701151007119,0.0013387095078765514,0.001581011084550123,0.00480855743120307,-0.0048337170090704575,0.0004932829477638398,-0.004332870810583074
1863,0.0011033209666165256,-0.01465713082758353,-0.032863002350723404,0.0003586164439933285,-0.0012698678108929986,-0.0011518663087781123,-0.009687267403131736
1864,-0.0030409031309893172,-0.0012038662785764601,0.006103698590434148,0.0052434943481393945,-0.03278835744836566,0.0005763150368633087,-0.004175940654135978
1865,-0.0004163232291042728,0.002494311392191623,0.024517835588088326,-0.008336805207511625,-0.005289328331483375,-0.0010709087870870097,0.0023911662988153515
1866,0.0024919738994577316,-0.0010500717952310094,-0.00536473896430005,-0.0019106390274535724,0.00779641443366714,-0.0006190353334436743,0.005773899531107068
1867,-0.0003452536010618978,-0.0005410271773299997,-0.0031340974914785043,0.01125976506307896,0.0011348176875126698,-0.0008267554027404859,-0.0029513839845263764
1868,0.0,0.0,0.0,0.01771205515582389,-0.008931232121179813,0.0,0.0
1869,-6.908366862742874e-05,0.0,-0.010229864066502439,0.005628191292552625,-0.00629254421833229,0.0,0.0
1870,-0.0031201941006774358,0.006151836567211113,0.024158546989301116,0.00010694281926089778,-0.007577849517064932,-0.0012845893568795214,0.007486755820078995
1871,0.00020871180949672252,0.004601370072548195,-0.012000773627474613,-0.013372800907502036,-0.002155312026134803,0.0021113447596199627,0.004056148728031922
1872,-0.0032813982407006717,-0.010753206639759327,0.013521185969698505,0.010317188202238084,0.0,-0.0012821426329622575,-0.010507637116505812
1873,0.0005602896850695807,0.014259842419959114,0.00709682437114459,-0.006403356248042472,0.00024000800937071498,0.0007035791496767674,0.0049936337737780155
1874,-0.0009809818218447508,0.0,0.011991454673964987,-0.0011704685086726446,0.007375213634829986,0.0,0.0
1875,-0.0014052575985170495,0.006872165642454437,-0.015632909395046607,0.0073702782934462864,0.0007071282135958213,-0.0013253322721964707,0.004648012064954094
1876,-0.002045734307337803,-0.01161284380901194,-0.00759465112547916,-0.00034456368954579746,0.0,-0.0023291083391698644,-0.008461497063875415
1877,-0.0017713316092463083,0.0016739233941878149,0.01012548691440667,-0.0021938379683771247,0.0,-0.0019225848131546777,0.000588873963989846
1878,-0.0014222854758828428,0.006631911194889963,0.009936587200536678,-0.002481208715482063,0.0,0.00033497454950572156,0.002347543455985808
1879,-0.0012126157491858672,-0.005811990144036548,-0.01896895880866769,0.002607497965437835,-0.006405989409576016,0.0009198500215356687,-0.002641880628826671
1880,0.0011413790588107352,-0.008597831346630322,-0.0041685569628424355,-0.00512089177962823,-0.009178979224109879,0.0013344953289709041,0.0017630382070266519
1881,0.002132034139008546,-0.00813252906468923,-0.014525653322038952,-0.010561865926498503,-0.0009775906928120826,0.0001665239598253044,-0.0005868845243159186
1882,0.0007791308133794082,0.009086367706235951,0.016153956980569772,0.005131034356547064,-0.022856270227481497,-0.0022953204349019027,-0.002946378206636046
1883,-0.0027687032545716155,-0.0007450073565113676,-0.0025110163240069025,0.00124550940123531,0.011704015965164332,0.0002928063075822859,0.002358699521693251
1884,0.0012800567109205443,-0.003744328482999319,0.007663575140094277,0.0024354540748527343,-0.0007537655613365763,0.0005850210397448847,0.0036600122391125672
1885,0.000992997778133587,0.01093220303560445,0.010379643234295641,0.005419689608976144,0.007726533170294043,0.0010843812922187387,0.010514026067799633
1886,-0.0016325545225494625,-0.01021078346456099,-0.010813937752390073,-0.01102894046150339,-0.0062203080238358716,-0.0026322224365457948,0.0008529517934581869
1887,-0.0022816377255169716,-0.0033163918885012636,-0.008335200450332644,0.004298927860024751,-0.007839006965347665,-0.0009649593965307897,-0.001992832977766008
1888,0.001712351087352642,-0.010072911762177783,-0.009719572642187316,-0.014130107897167312,-0.005391842309097846,0.0005876218879153792,-0.00099985618026995
1889,0.0027682507381024055,-0.004671217576527256,-0.006296216852351949,-0.000540899525622656,-0.014447172181422215,0.0023008478903741927,0.00028590816167757966
1890,-0.0004955679685700324,0.0007195228070307639,-0.013251955600497007,-0.00127070127686223,-0.0010696913829120734,0.0006253941683166544,-0.0007151236292311733
1891,-0.0005670566915011526,-0.005283299983684565,0.006303095645169368,0.008665905899808844,-0.006745933736654054,0.001372705314353203,-0.0034490808568681816
1892,0.002827908294943356,0.006220020057598458,-0.008488110225518566,-0.0027570785616729265,0.00647809871003177,0.001988948723088985,-0.005225531407908344
1893,0.002038779944160256,-0.00024959453669977334,0.0016635103092990473,0.004426186275267842,-0.005934551102279985,0.001609340507963144,0.00349066432632556
1894,0.0,0.004656193001836976,0.0,-0.0002499181973827464,0.007004901568658236,0.0,0.0
1895,-0.0014782709985619803,0.005948912438458527,0.020839020559996313,-0.007753406380262362,0.0010677189936161282,-0.0012374245675270768,-0.009667662543170238
1896,0.002531106621827739,0.0,-0.0043168522602983475,0.00457779600700111,0.001065100428158681,0.0014844869513023012,0.002068776537521587
1897,0.002377020162058689,0.0,0.01582851618619761,0.01390037032486463,0.009730286410915848,0.0,-0.000590074115100599
1898,0.0012531750718805692,0.018833502030508636,0.01726529578111369,0.001113341704708339,0.002075485345098149,0.0036075263508516466,-0.010155904593304378
1899,0.000972197839094992,-0.0026913121513980733,0.0028259926148940634,0.005144249741522836,0.011241190624954102,4.0822905694628585e-05,0.006002783635764217
1900,-0.0015983333639917256,-0.002206411935817738,-0.006565903622362695,-0.002929259070210355,-0.0012628519567193961,-0.0010626446605571107,0.0011906641643068476
1901,0.0013901883890510374,-0.003880961542490089,0.007825337511956241,-0.00011765667023215618,0.0,0.0002871368579994337,-0.004181684815259539
1902,0.00027750447072156636,-0.0014307586812340146,-0.0012594338895935639,0.013287834534993269,-0.005600592621815287,-0.001972761519450513,0.00802895240399528
1903,-0.00034690830337554674,-0.0021550149453811273,0.008575440434106985,-0.002054778619101268,-0.00386042081323802,0.0010285980884795595,0.0038134849989213586
1904,0.0011091325598130521,0.0,-0.014987151288957272,-0.0036731627971533865,0.004628404182070903,0.0,-0.0066215925043364545
1905,-0.000831583752218376,0.002095297587857553,0.007185490083059614,-0.0003050291748137644,-0.003080115619210219,0.0009031555010123383,0.006913555192242607
1906,0.002006941660152062,0.005105913281197223,-0.0042468018541361,0.0024285656537845718,-0.007797237839862897,-8.202747817451815e-05,0.0055103211047716925
1907,-0.00013811241391721517,-0.00047244441091261663,0.0019620200284708096,-0.004041142916622393,-0.006074147712193055,-0.00065677816963558,0.016678505407292897
1908,0.0019295883049057442,-0.005203658348306177,-0.0007086440303736146,-0.005467440874806763,0.0013277126877314863,0.0018855665454650904,0.0035903722863690314
1909,-0.0008948142106410871,-0.0021644350776894453,0.006829646536543864,-0.005532737198757608,0.007882148877321063,-0.00020455677543826384,-0.0024824775990597717
1910,-0.0004825877746070425,-0.000475841430227668,0.003680483738367697,0.003875238068313228,0.005690658311953404,-4.092291940873455e-05,-0.0038900597555638523
1911,-0.0023516560701115972,-0.005058171469985881,0.0006103929070899962,-0.001059649643522456,0.00587065835183676,-0.0027918440603579724,0.005959775262502479
1912,-0.00048574925145782364,-0.004661090821998357,-0.012960048189025724,-0.007835880088121059,-0.00025360262437606264,-0.0013613611624903725,-0.0009646398931249141
1913,-0.0014605160886182282,-0.004957823277699969,-0.003364684518440321,-0.005960419686248212,-0.0027994467285653046,-0.0006202140558589888,-0.0033236984817662765
1914,0.0025700028345293146,0.0030365005021908056,0.009521452697334912,-0.007705375731371905,-0.0012784656918740035,0.0011982824761192917,0.009487893334183498
1915,6.92489010311694e-05,0.0005498172540702483,-0.012529601713940493,0.0034500905735326062,0.010123872919777718,-0.00037152707337797803,-0.005612709721926631
1916,-0.0006236379750741395,0.0010061940052374855,0.014343286696473929,-0.0017144104395674243,-0.00025024171358056557,-0.0009509045717903068,0.006020561824434417
1917,0.002282307649701379,-0.011604920516472803,-0.010112425355769,0.0031807111611994636,0.0032419491714915727,0.0021057243873982925,-0.004644905045764354
1918,0.00041367948697201265,0.0005001952547201592,0.0056470581379000516,-0.002061886566117035,-0.0014932776267397548,-0.0014853331359009753,-0.00027478297778419416
1919,0.00165078874172432,0.004877844578755893,0.005164085600009003,0.014607827481135234,0.003228970130198353,-0.0005790042517133945,-0.0002749569461304658
1920,0.0,-0.0011446312022107808,0.0,-0.018435219590410935,-0.0017356925034586166,-0.0005383388784428726,-0.0005504366793911702
1921,0.0004803004476129521,0.0016078128187654208,-0.004624150727732722,0.003172229413034197,-0.0007459970031854184,0.0012413151035668513,0.0035654309915497035
1922,-0.001855521615432715,-0.0009887186556187487,0.0066727134030011405,0.005674862824606767,-0.0042516931523240925,-0.0021953985938063837,-0.00301499431215856
1923,0.0013752211678196922,0.00501297925381617,0.002648766486428117,-0.007273179548218302,0.001505354997316953,0.0016165597089312614,-0.0030360716598741566
1924,-0.0006183106853360476,0.0014957266313762366,0.0018243435634894998,0.0038429687439638705,0.005969777597561405,-0.0010355636598677275,0.001382664274867284
1925,-0.0006191922375025922,-0.004441147335809897,-0.0014182710870570688,-0.00038861546029979235,-0.0027259657548220117,0.0013250795387221754,0.0063041643914240626
1926,-0.0008959502129852633,0.004410673737795746,0.00959384464748266,3.9961813138625876e-05,-0.0044979117090082855,-0.0009519920975462714,-0.00027219962151275564
1927,0.002270736045739703,0.0071630972250383215,0.0006347595640320953,0.005641472975044948,-0.0070906796613533175,0.0007865780860611414,-0.0010905077466180383
1928,-0.0031685384271346252,0.00798963997299049,0.0007921470174341276,0.012723278128667477,0.0027994467285653167,-0.0020730086228651612,0.0
1929,-0.0015235988520556811,0.005294377823714386,0.0023678085835149203,-0.0015477763033309678,0.004542342787660832,-0.00012469574146168225,0.0038048570943125777
1930,0.00020807849087677043,-0.0014560949799968235,-0.008946643544363711,-0.009920700943623876,-0.010159398515121525,0.00012469574146169678,0.0021593306480699277
1931,0.0,-0.0016952090943291188,-0.00635376693203139,0.004461230689951681,0.0010267013810145358,0.00012465994877838097,-0.005146050328868611
1932,0.004552683973238913,0.007260190505373198,0.008157900769159926,0.007525280916965326,0.0,0.0017828716357334992,0.0005445699546168652
1933,0.0003429633613469433,-0.006119580078754349,-0.014109763676406196,0.003663357048043828,-0.004898594621823908,0.0,-0.0019089898073326732
1934,-0.0012359376996363691,-0.004432962864970745,-0.006873539430001119,0.00813926684267696,-0.006004768388501448,0.00016547703835325167,0.0010918785937516988
1935,0.0004123701673035797,0.0015316967219192333,0.002177968983457679,-0.0038586363736661717,0.0007879551273741162,0.0010328054377661089,-0.0016388490462828887
1936,6.869030965821963e-05,-0.0038394185895761312,-0.001632451904654719,-0.0012684443893912517,-0.0026320958257443246,0.0016062880271831186,-0.0027452334259444665
1937,0.0009605253120216022,-0.005553026340385243,-0.012162571209216516,0.0036398122631109762,-0.009609858186963227,-0.00041130269378215586,-0.0019320409196685996
1938,-0.0006172366356193985,-0.003438899050205886,-0.00783317895643879,-0.005685678173153462,-0.009275485973409945,-0.0007825498969871123,0.0002765326307395455
1939,0.0,0.006045123110639248,0.009984220906602996,-0.003920105757355173,0.0027487084281508788,0.00016486456756928286,-0.0005532414530371
1940,0.0013704475931900434,-0.004593845295947209,-0.003879579483362266,-0.007958399767350995,0.007605100835190947,0.001727309875463347,-0.00027688523851684363
1941,0.0007519069008026026,-0.002027084406571539,0.0017285375331980476,0.0048666001174483215,0.0013441498872919786,-0.0005750069637616027,0.001382664274867284
1942,0.0006142297459990665,-0.0073706899338090714,-0.0010795294693482704,-0.0007809251664451431,-0.013632458927833454,-0.0003700497584489355,-0.0027697446041000085
1943,0.001361852736832384,0.0011705227535719804,0.0039595054102904755,0.006639272491299983,0.0013826642748671876,-0.0002880346283350829,0.0011100184494033465
1944,-0.0013618527368323347,0.00677597377211656,0.005237914281238384,-0.004419910586478304,0.00793378912493176,0.0006580843867839868,-0.0016660934061725945
1945,0.001225859473813336,0.0006657710593693175,-0.0019089898073311234,-0.008189694563823641,-0.005456032586560973,-0.0005346175822839127,-0.004755607062700116
1946,0.00020397392871445794,0.005648070930775234,-0.0024729185164741154,0.00022901170333003914,0.006268557579232974,0.0008632862059763605,-0.0031051411453421884
1947,0.0007470858517470166,0.0017872226123708617,-0.00274517919875041,-0.005731782340438852,-0.0018982617629182369,0.0006565919903613625,0.0008490608411178085
1948,-0.0018360555040210739,0.0027262024792853654,0.009027722861989872,0.012900889135578986,0.005670073775400934,-0.0005744636841623304,0.0014114230229261828
1949,0.0007489598628068499,-0.00017727511583121554,0.0018923536777049371,0.003519816213923264,-0.0018818112843018773,0.00028732682616283174,0.0028091590951856834
1950,-0.0008171112135795828,-0.001658066575378493,-0.004004685088550686,-0.0049783982286750305,0.004289363084110438,-0.0019328511284142482,0.0008392166512907769
1951,-0.000477359139419866,0.0021306395076484573,0.0029543956240518587,0.0027460119248938863,0.0018633564431224346,0.0001236308254979594,-0.003930293628432596
1952,0.00027284089598841557,-0.00349737431337311,0.0020980450556909416,0.003010468442553431,-0.006422216577086638,-4.1206364839857894e-05,0.002810977333828443
1953,0.0010216294570109883,-0.0029561222256314665,-0.0009218913729798819,0.0005402938600711696,0.005092063984739639,0.0006176853294178629,-0.0016844021705741039
1954,-0.00047646135541804213,-0.0019518885975225342,8.388921832177159e-05,0.00048478821484629374,-0.0075250926557387625,-0.0022277907711669488,-0.0019734284999720266
1955,0.0004084274425494918,0.003536961289179629,0.0018832360693089723,0.007475945333440962,0.01176731912803174,0.0009089983912035889,0.00477714696515031
1956,0.0016976586463760706,-0.002094720090244468,-4.17610925752378e-05,-0.0005409755305714913,-0.0015859828285530785,0.0009070997887924104,-0.0016800581180216653
1957,0.0,-0.00024004117339174213,0.004817698816135766,0.008615526248087192,0.007091751780308158,-0.00020599273824694494,0.0011207605752954904
1958,0.0,0.006553264671218244,0.0009489172144282,7.486411376678445e-05,0.007234102711095436,-0.0007836646939656719,-0.0030890782037503086
1959,-0.0014935888727546122,0.0010630003504272648,-0.000206110051755087,0.006654810241772337,0.005094421839688118,0.0,0.0
1960,-0.0009531470743324147,-0.0034345802063858047,0.005082881592529886,-0.006576564077041601,-0.000506761413278788,-0.0020275802264348663,0.007820304868517172
1961,0.00013637760573751283,-0.0065290655968028325,0.0008549507443475117,0.005143788415523241,-0.0053570042625055965,0.0005802752100750418,0.006320119814714549
1962,0.0023797017453559143,0.0038454660265800377,0.0025548000618146245,-0.005185528430734683,-0.0015427884142811337,4.1418576341902455e-05,0.0005452536584431044
1963,0.0016242916807848694,0.0065603298286145105,0.003984565618661712,-0.006059018347689818,-0.0036212971857258773,0.0037526509755768872,-0.00027254125896410505
1964,0.0,0.005445586625273646,0.0,-0.0015170764129200998,0.0007785382698664779,-0.0008219827984259793,0.0016326879451027355
1965,6.754716273090027e-05,-0.003358829440557016,-0.002088344421513431,-0.011064183785243719,-0.008641658589442826,-0.000288061921143119,0.0029774122856162733
1966,-0.0012174592421145339,-0.004598247053630986,-0.0025436369240912074,-0.0020724654198048583,0.00026441065163976485,-0.00243557260480473,0.008547276751574032
1967,-0.0007456864863154066,0.0030709011632483853,0.006750202775792474,0.006169997923690734,-0.00026457173032861774,0.0010360577505426044,-0.0010592553590219854
1968,0.0006779496879402366,-0.0067310839349441565,-0.008291694242111668,0.004724965150438089,0.00237536316081349,-0.0012850798226763257,0.001852004861590735
1969,-0.0010173218095347403,-0.002487426459512052,-0.00012028652116782649,0.006821265137305944,0.0,8.302322371067507e-05,-0.002117222874050992
1970,6.78956433653111e-05,-0.004805227868646418,-0.0004413358318686391,-0.0054167662571463805,-0.011197899801474592,8.3007355354032e-05,0.0057977066124218005
1971,0.0013556885736290196,-0.008066862014455969,0.001522717034409724,0.003085602728911802,0.0029608043409415238,0.0008292021266599386,-0.0005238776050237888
1972,-0.0012199291221007306,0.0019768772997406613,0.004179959908318551,-0.013917099410559384,-0.0002683314771201449,-0.0004973312675236191,-0.00315660613334699
1973,-0.001019231826418063,-0.0018002185773957852,-0.010100326904323706,-0.006760486365223568,0.0,-0.0005394190025834237,-0.0031797175493239057
1974,-0.0004764613554171733,-0.008459547205615515,-0.009635439193523913,0.003137203139412862,-0.0029626405129091274,-0.0012890170733486125,-0.0010651004281585139
1975,0.0004084274425494918,0.002734939223562545,0.007440180187892663,0.001862421834548861,0.0008099992685058025,0.001289017073348605,0.0021275951034313775
1976,-0.0010217897001925502,-0.011648864097907378,-0.00269825171874129,-0.016306779235971187,0.008282705021243049,0.0,-0.008032802648594595
1977,0.0006133622576430673,-0.005411739513935088,-0.009536204698269296,-0.0025944772773920403,-0.003721028116234067,0.0014093753310637095,0.00027016764908578575
1978,0.0010203493186799067,0.003402220864194473,0.008098482234460726,0.016232195491966903,-0.013555859607956244,0.0010746799553988232,0.0013483229765307216
1979,0.00033958441162699744,0.003375775234113042,-0.005382173997879922,-0.0004233581144853141,0.006288289327021968,-0.0012402516241629298,0.0016124813644118317
1980,0.0010171629645446035,-0.0013026143682714243,-0.0053231761545800066,0.009410481189414238,-0.0010870956412145243,0.0008272278346869292,-0.006213961738663504
1981,-0.0002710106059254058,0.001492913567359368,0.00029510862401710956,0.0076991333508422,-0.007409943427773238,-0.0012414333805349034,0.0035231570843200955
1982,-6.777908432054785e-05,0.0044168060092456855,0.012052964931579912,0.0019118670553558016,0.0,0.0013653817660698295,-0.0018935323508122632
1983,0.00040651592537785386,-0.00277102987713673,-0.001930839925416936,-0.010500787613015084,0.0022087497419657856,0.0007017067717085992,-0.001901824355020573
1984,-6.772623513187798e-05,0.004431454445501804,-0.007182015737264258,0.013861623118364697,0.003838486317678187,-0.00016500550422968307,-0.008246345510730672
1985,-0.0012888092482422557,0.0,-0.006707221128771866,-0.003418717366634875,0.000818137413512528,0.0,-0.005867045882750089
1986,-0.0005438028344311101,-0.003201202321258985,0.002500946292747057,0.0006350084047420396,0.007562532815043886,-0.0006606496530139049,0.0001406166377519986
1987,0.0010869255963579928,0.002950978630128658,-0.004034052547365321,0.00759516120216567,-0.0037648054627054273,-0.0002066592862714878,0.0009830437094045987
1988,0.0010165280803167034,-0.009297178816939944,-0.011893298126174295,-1.85028434436606e-05,-0.0021660617565072786,0.0009498195279079097,-0.0033797406513809435
1989,0.0,-0.0032726246137092544,0.0,-0.004121504060970038,0.0,0.0008242448515156547,-0.004262001642494489
1990,0.000608776727223893,-0.00016105858960862974,-0.011327166530775458,0.0032073509409711537,-0.004364805402450283,0.00041153654354431735,0.004262001642494516
1991,0.0007429034236603108,-0.00763792956605194,-0.004069421067690587,0.005014446065338928,-0.011670803538536268,0.0002878437233940887,0.0019747103676553933
1992,0.0016837056131775126,-0.00810861032641309,-0.010622799200304572,-0.004459289122718487,0.002807343207231836,0.0012724482368605917,-0.0059512736285943805
1993,-6.722304508470472e-05,0.012317966557044827,0.015591381007205009,-0.0055043959840134545,-0.005066357309207411,-0.0012313432742733972,0.0036937273786511906
1994,-0.0005381592781609625,-0.0005849084815481341,0.0038007996475359703,-0.00854723698141013,0.005346096115595989,-0.00032894868598125376,-0.0019850255735340606
1995,0.002081662885979642,-0.006024688342463124,-0.01196106130324407,0.006774313163178577,-0.005063075915353031,-0.00032919803122852395,-0.00977275676029103
1996,-6.699490671251266e-05,-0.003409364076534767,-0.0032153096344154073,-0.002629802397079159,-0.014674478870197249,0.00012347850585068583,0.0014510353688994147
1997,0.0002679176407624165,0.006595836125930644,0.013034126831243787,0.0018116969455162287,-0.0005856972996985516,0.0002468517394437373,0.0037501583169081273
1998,0.0008695926301173857,0.002187392730682538,0.005910068807220999,-0.0068301851262143965,0.012421640039494856,0.0004932829477658626,-0.0017268193005059503
1999,0.0012678191620536623,0.0008458805977332656,0.002815533244700508,0.006014879809182857,-0.00515659136817274,-0.0005344151618317516,0.0008642679109082543
2000,-0.001000602121226794,0.01167252713697163,-0.0056938656081375535,0.0006300747502825736,0.0025859489814034037,8.226053285475036e-05,-0.0008642679109082668
2001,-0.0013377324049941618,-0.003781609767307597,-0.010659447970058621,0.0030404671175129107,-0.011612843809012039,-0.001400552516537144,-0.005514003342727846
2002,-6.699490671251266e-05,-0.001278559786783085,0.007851355633335111,-4.5101404596876203e-07,0.002054793541359001,0.0010302573553495678,-0.0073635959001123194
2003,-0.0011404974797779768,0.011841253399925275,0.0005809362665624384,0.007027596720857878,-0.0058968249030717885,0.00016461460706865773,0.0017786829582100362
2004,-0.0004032446732644136,0.0013684455037324885,0.0005355600085595415,1.4514032098816264e-05,-0.004775795006272439,-0.0004940311256812822,0.0032421184168407607
2005,-0.0010097527959690969,0.00806038255096644,0.012008907473014417,0.00581406161605482,0.00119888131869756,0.00012356047745224578,0.0043824234824876695
2006,0.0007407148552591776,-0.0011598285277164258,-0.0013905778761554117,0.0030788090597419727,0.012101410698914008,0.0009872203119786719,-0.004676163420573149
2007,0.00047070707918705937,0.0014036087653292422,0.00938632719406659,0.004146137887473103,-0.0026276721082673657,-0.0008636949785356319,-0.0005880765717844532
2008,-0.002561421411001546,0.0027634116138245445,0.00025549239793909385,-0.0034539819580048444,0.0,-0.00020589507895473,0.00584523604141997
2009,-0.0010152606865576257,0.00012106613275326385,-0.0014924956381289196,-0.0024118179778884765,0.016943222686555917,-4.119073194063064e-05,-0.0008717858034168877
2010,0.0001355052996648908,-0.0035246929564040114,0.0020030299624808224,-0.009240549371147584,-0.0036768883026177435,-0.0007833671043278713,-0.0002909845883757436
2011,0.0003385783923764368,-0.003984380991587806,-0.008761776040202167,0.013688656184755718,0.0019837302831727903,-0.00020638430360579398,0.0046325183971052545
2012,0.001621512083703831,-0.0052037904497193276,-0.004141358937998213,0.010178648814973972,-0.01116941535244109,0.000824949401626993,-0.0036149241664179435
2013,0.0004718028512946856,-0.006309017888806101,-0.012531158255155475,-0.005191466405142132,0.0005798325052278219,0.0005353780266219271,-0.005700059880314708
2014,0.0008748477839784429,-0.005792800848853131,-0.002940393641829195,0.00012885601646839037,-0.0117463409548279,0.0013150486411338013,-0.002656243643739643
2015,0.00026882977144516225,0.01312892481017535,0.011643981163707306,0.008877073588168059,0.004147454949178833,-0.0006159332785382757,0.005588695581273498
2016,0.001073658104063494,-0.0008090320122455027,0.0025115258416484633,-0.002851549959784996,0.0020589685523262377,0.00012325655876749132,0.0023317880548237167
2017,0.000937278419389398,-0.008428281977379427,-0.012027385075192475,0.0002147154107349357,-0.005314342773115634,0.00032851323949460595,-0.007476646620560853
2018,-0.0008032575937918672,-0.0052394555616045325,0.002926068733894938,0.003967926577323504,-0.0002971566875446482,-0.00024636163007381464,0.0016235326642133183
2019,0.0008701287128557242,-0.008831651459271863,-0.011133452807442417,-0.005591871973266863,-0.001488840957278516,0.0008206625304855348,0.0014706904738598003
2020,0.0,0.0045681283281230195,-0.003002313613171765,-0.0007460712550525044,-0.006612223645237334,-0.0005332542124278298,0.005543639366554958
2021,0.0016684403228741783,-0.010446434007066328,-0.008896909686538345,0.004763147808032478,-0.0033442512474970787,0.0019656926656897913,0.0014471672234606012
2022,0.0,0.005976699626101296,0.0,-0.00011529276255831834,0.0,-0.00020434502889802594,-0.001157347738628477
2023,-0.0008000514670994501,0.003820079088688735,0.01602230314641479,0.002939582064597448,0.00243473367549276,0.0003269059107336542,0.004610999990044463
2024,-6.673753096526478e-05,0.0018165914585012044,-0.00251500534438288,0.003353768430451897,0.013152386554404764,0.0004898979446745218,0.003710721401347151
2025,0.001532374541217131,-0.004098068655296752,-0.01350729780203191,0.004806604958213151,-0.0029543956240526185,0.0006115963296410768,0.001135411056914141
2026,0.000928830593374847,-0.0020307947010669973,-0.006914524304289193,0.010632426668900458,-0.004469622455153923,0.0005700472172870248,-0.001419728240163966
2027,0.0027087748509965334,-0.014419954829595232,-0.0024584136435522796,-0.0014305893134303207,0.004173074487398784,0.0026773329519948516,-0.0034264042180973254
2028,-0.0019142123816369438,0.008203359983831787,0.008188605384316174,0.0014401686248588551,0.007936566730620641,-0.00016179360600620821,0.0025723341652575905
2029,0.0,-0.0053954481968007525,-0.003333416993662254,-0.009615986168917694,-0.0005829457008180094,0.0008083659512130609,0.000569566615280225
2030,0.0024407895687950086,0.012857849763256737,0.0182542869960562,0.0046442435340068085,-0.004691950909545439,0.000201856606889593,0.0
2031,0.0026233512680726868,-0.0009832344745420172,-0.010202795551187825,0.0052889593357145276,0.004108221679323973,0.00024210414929824522,0.002553846194343387
2032,6.538117918317762e-05,-0.0028310056620388913,-0.00014079899034009138,-0.005241982560719987,-0.006455847662738708,-0.0008854120944546322,0.010620342810081623
2033,-0.0013094973946608211,0.007010714140317005,0.008368167988449943,-0.000947811358528083,0.0011809510523749748,-0.0008064895203499274,0.005487053177843073
2034,-0.0004592585023972266,0.006963302978389631,0.014957906266315211,-0.002160272576973797,0.010486492932957866,8.071638010410956e-05,0.00917177713572889
2035,0.0005903860643549139,-0.0032420966317958126,-0.009764824851464448,-0.002073132291454224,0.0005752245634363131,-0.0003633419070494282,-0.006725041188640092
2036,0.001962177201847737,-0.008294832749296288,-0.00747045675353674,0.002397185670900427,0.004005379343778772,0.001572290860422831,-0.0005425290922938819
2037,0.0016284026648519913,-0.00882486495408386,-0.006440926049636118,-0.006875187248441259,-0.009210035957778709,0.0004424394270997781,0.004590037250477072
2038,0.0009092455462130971,-0.009067998031906459,-0.005363167798854209,0.001159856544122916,-0.010600255955035342,0.001524968330158109,-0.0008064895203513765
2039,0.0008425983188934301,0.0008445039838817856,0.008595571209146552,0.0019122904167426784,0.0008933040144467098,0.0006004902305747922,-0.0029700080319038278
2040,-0.0009723740502951722,0.009050564345414173,-0.007892260153573367,0.0003007638479625873,-0.012370460326962656,-0.001282051062114049,-0.00027101060592796283
2041,0.0020071789643661907,-0.016848291277395136,-0.01307856646292487,0.009453238925575433,-0.00896759520337983,0.0008017253188817163,-0.010425763024389634
2042,0.0012900484219176486,-0.0029995451215488727,0.004323763962480346,0.0011986723430368713,-0.01981672522209658,-0.0010425318024008976,-0.004465792376955143
2043,0.0006435900435421845,0.003960525875057459,0.013785296758779677,-0.002191700237366817,0.00745727399003252,0.0008021695703268558,0.0027964969896715135
2044,-0.00045041286700082717,0.0,0.004698108935236032,-0.0029246745903654526,0.0,0.0,0.0
2045,-0.0021943890325387032,0.00484107504481194,0.011170578537413194,0.0001482748874469229,0.012359451232064105,-0.0006817496383477886,-0.0005578606828754133
2046,-0.0007123298847290181,-0.0008144296468405123,0.01180388257865448,-0.004771448218981623,0.000312329737951212,-0.0008034309606208151,0.0033364656947494956
2047,0.0007123298847290463,0.00720865220899046,-0.009621605555656453,0.010122885455278863,-0.004708696092553143,0.001765590272806444,-0.0008317164659521103
2048,0.005401422376364633,-0.010824098761123122,-0.01911740106245004,4.3229457056120445e-05,0.0,0.0035097917545359116,-0.004182643712175957
2049,-0.0057898211042064045,0.010088516277022026,0.018317021940220144,-0.0017856222090566012,0.0,0.00011915345501926822,-0.010492770147104893
2050,0.003226091806170373,-0.0036292229183482252,-0.008222031135587152,-0.004475455246952931,-0.003485782522717448,-0.000516567906158983,0.0005737048151373651
2051,0.0022440895677743383,-0.000641623316127338,-0.010327171768143616,-0.0016856380736224802,0.005375391661403694,0.0010721855225291291,0.0017165812146745982
2052,0.0010858166097851578,0.0,0.001113338311673341,-0.0004384304095601519,0.0,-0.0001586753696496037,0.013216844295420948
2053,-0.0016617616344643939,0.00030404499994362053,-0.0011133383116733839,-0.00010684306045423207,-0.008568747827755038,-0.0015501306709502973,-0.001665028807138075
2054,-0.0026978889067470445,-0.0019631457284315563,0.013355516274470963,0.007037936103301901,-0.004510517358824975,-0.0010764177733741625,0.0027715121621075802
2055,-0.0008384688525178367,0.008499053299190356,0.003722482850757419,-0.001821811811334777,-0.006197322701977412,-3.9918606759607184e-05,-0.0016607839814644727
2056,-0.0031750129644506266,0.0010964101682860536,0.0020049537210279273,0.012485448399149366,0.004899952112363365,-0.0011592385708537373,0.00110789468730928
2057,0.0,0.001953376606040571,0.0,0.009293631901730893,0.00420236123302119,0.00012006482550774276,-0.0019406743900471154
2058,0.0007147812342812811,-0.0008266295120092138,0.006441954377009505,0.007467607618046559,0.002246079164731239,-0.0007208873542212665,-0.00559305195603836
2059,0.0020080771011931247,0.00826128544260079,0.0027940231915875085,0.00048478536905567014,0.00382360047425264,0.0009609174719227097,0.006425831658776151
2060,0.002191783245567325,0.0002272518364944974,0.0006957061670420214,-0.005563897645221418,0.005359782141797952,0.00011996532885082458,0.0068784219246555
2061,-0.00219178324556731,0.0009078200762312789,-0.008157240074466061,0.00097074923977628,0.005913093965310597,-0.0011209672054260256,-0.001093252891733091
2062,-0.00135929526272627,-0.0003240036571523518,0.0037467911624672447,0.006253761902006502,-0.0015482885628611506,-0.0005214342131575804,-0.00027374377326091565
2063,-0.0016237754723250186,0.0029395625524506726,0.010279382576096209,-0.01086194560896625,-0.00031032118641028035,0.0008420059065499497,0.005442357961075577
2064,-0.0005860485688972757,-0.0006443539489192699,-0.002105413929371518,-0.0023197722255786156,-0.004681624371087841,-0.0005611558461056546,-0.0024406248041806207
2065,0.0009763087256681331,0.003020185383063456,-0.0029821801262495035,0.006150697573656773,-0.001257003719503129,0.0001604042425990954,0.0016286062156656502
2066,0.00013000882656719612,-0.003084673389998405,0.0011261257461103976,-0.005288681262387061,-0.002208549164480499,4.009180541967562e-05,0.004581492188482688
2067,-0.0005853464513408961,0.003148705012953336,0.008566243830811037,-0.008535325847089142,0.004718928882080222,0.0006009333765009715,0.00080350528360282
2068,0.002142424242029744,-0.0010898236130604567,0.002958708643706127,-0.002268983147139036,-0.0021957875402051296,0.0009997115088489405,0.0026676649104356216
2069,0.0018095629592674752,0.0023365569998331096,-0.003935271902502729,0.010934903957049416,0.0012560948218367303,0.0005588348883797679,-0.002400159831513024
2070,0.0020588813998933804,-0.0030431970937464165,0.001188569356198211,0.009453108309374066,-0.0047292062440609985,0.0004784296621576972,-0.0029516575161921336
2071,-0.0018009868068610566,-0.005499519441500896,-0.008994585913708542,-0.002404529492494592,0.001266165567125568,0.0,-0.0005388269697432349
2072,-6.445929242326904e-05,-0.0003256801666697455,0.0015120937301144062,-0.007779502591725839,-0.01120615571152277,0.0011142904942984114,-0.0016205036783267723
2073,-0.0012911990539851506,0.002792900184168922,0.00493156278256383,0.009833491182974172,-0.001624747431479382,-0.0003578531067323833,-0.004077912420440374
2074,0.0007106344911629667,-0.005735064494348162,0.0004261967779753981,0.00221425005472513,0.0006506285589964083,0.0005565330506795334,0.0005459390811986564
2075,-0.00012911981123922157,0.002485801380948752,-0.0051421753010104905,-0.00570084784140883,-0.006220683177742893,-0.001273125079999389,0.00515247701756848
2076,0.0019327779203552678,-0.008430609545573935,-0.004332150454361066,-0.00495371030423967,0.010747993533222722,0.0014320036191442624,-0.004334853026021272
2077,-0.0009653137601802229,0.004071075139011559,0.008408048563958744,0.005621379335274326,0.0,-0.00023833961006452094,-0.001636790185819897
2078,-0.0006447365820452133,0.0002305434682978381,-0.004507173698070784,0.005935469242441277,-0.0071356934630081486,-0.0008352201960653483,0.000819166194272685
2079,-0.0014217986808764496,-0.005367045653528678,0.004507173698070765,-0.004694215244390377,0.0006535659350879822,-0.00027876406195741937,-0.002462148539295735
2080,-0.0017513205737573244,0.004905836268861908,0.0013643662724222285,-0.0002607758795941803,0.0013041886134438788,-0.0016763524388499003,0.002734860938774713
2081,0.002462801751713213,-0.0075138177444273105,-0.009424248082067302,-0.010879224530827365,-0.004911034034164031,0.0007990701093332919,0.004070268611301953
2082,0.0,0.0008710684498104315,0.0,-0.010351031811978766,-0.0006590205845824298,0.0003591024447421689,-0.005435546321353438
2083,0.0,-0.0015423119866876016,-0.00547225729439344,-0.0049920616782654715,0.0016456801878381828,-0.0006386097750662249,-0.0002735713362314168
2084,-0.0009704908662080787,-0.006565474486800408,-0.007330601081400626,0.011144697106661711,-0.0026360899258595838,-0.0009196498472892852,-0.00606258487237953
2085,0.00025900968825221936,-0.006320119814713544,-0.004051283873512134,0.007584940491348238,-0.0009926735336772945,-0.0001601380851141502,-0.006148415819319044
2086,0.0012927364267604517,-0.013636519106784442,-0.0003619497923033329,9.716890140258062e-06,0.005595383341913294,0.0008400669611434365,-0.0022575462499432293
2087,0.001224545614456771,0.007994894903968876,0.008959461259264438,0.00221566774208259,-0.0006545509632440729,-0.00011991012415227007,0.0070162185412565
2088,0.0017983234055635585,0.00098034913389995,-0.009638931252209548,0.001966719819035528,-0.00826622750716839,0.002272650168356619,0.0002783047079558099
2089,0.0017332002918437365,0.000384532507992227,-0.0034590814414261076,-0.0035917316596719606,-0.0043614335377924075,-7.954111412341814e-05,0.0019431552860020428
2090,0.0008959806812836092,-0.007258376256798837,0.0005023649859190192,-0.013219777123866896,-0.006454240929088415,0.00047702831183538965,-0.0011093096245904288
2091,-0.002693506601905747,0.0054726665956377415,0.0015945789607079179,0.0007017234169971995,-0.016390416188169072,7.945380225235777e-05,0.0024919738994577316
2092,-0.0001286798474314493,0.0005960527470450389,-0.0011383872360878735,-0.00674644504648928,0.0024806769799189683,-0.00047694099996425796,0.0013782762501164873
2093,6.434468963595741e-05,0.00760629555346089,0.006516575884338351,0.005459364266000163,0.01561754511287757,0.00023853597189155902,0.002196184108182812
2094,0.0014773027753358925,0.0012033659178879827,0.0012558353781575388,-0.007031993113608916,-0.0010238774453242558,-0.00031880675456489617,-0.00606643425775695
2095,0.0007047636422968325,-0.004070462590405229,-0.0031013140071613856,-0.0008981444611259295,-0.0017159029903826939,0.0011943205305832165,-0.002506355360972773
2096,-0.0012822403229543905,-0.0031653496299833927,-0.009485178810116469,-0.0019472328391109258,0.0010303551260057487,-0.00035795142253957377,-0.0016789756036502232
2097,0.00044921487172070124,-0.012286327482086992,-0.012508545717306458,-0.012288247627115471,-0.018572904814763962,0.0006758829754672406,-0.0019670440442682057
2098,-0.0006418778613071761,-0.005384258155744173,0.0056038775179995315,0.007803473258039831,-0.013084338023138568,-0.0005963127147272501,-0.0008457538834592144
2099,0.0023063339861442364,-0.012542074586343393,-0.010805071203807186,0.0019599823517795225,-0.0003691411033145761,0.0015487132760253894,-0.0014132602185165802
2100,0.0010848593095978715,0.00402334358369158,-0.0004759392058838898,-0.009277543086506844,0.015239966556737558,0.00031700328553717095,-0.001986322556540805
2101,0.0011457284490894231,-0.008755106981221355,-0.009143379439869278,-0.007628029413269556,0.0007125423778909557,0.0007519567337347887,-0.009779229331395708
2102,-0.001655912921157969,-0.005605832526931806,0.009476591641598682,0.0024104619109104955,-0.0068168232718418985,-0.0005539471183468786,0.003043624711510755
2103,0.0012107109530024866,0.008494013064370629,-0.010645359734940532,-0.0021432143268455576,0.0,-0.0006339488134575366,0.0018735148566332148
2104,0.0006358631910480124,-0.012015545873732388,-0.005002656913892754,0.00472087446336471,0.02082753771465674,0.0011878959318043759,-0.0023070146250200865
2105,0.0017121948163134094,-0.01925274953010967,-0.003964376974647301,-0.0007635704151859297,0.003433175838394334,0.001972634577447852,-0.0031922892151550583
2106,-0.0020300100386221732,0.013449173430870365,0.01120441661362848,0.005613115121817438,0.017756123231543505,-0.0005908501413393934,0.004347328411687294
2107,-0.0010185744496732248,0.01485566723794321,0.004248356955070288,-0.012361320866603707,0.016742853978780243,-0.0011050756138127273,-0.004638703452407778
2108,-0.003583941792981002,0.012027385075193114,0.002872961845730751,0.005466593180059814,-0.00604300863523667,-0.001385310526765818,0.007799312374456456
2109,0.0004496134947629827,-0.008428860234968067,-0.010139631350878487,0.006246015108073979,0.005094421839689071,0.00047546157315691347,-0.006344388126282051
2110,0.0005132746727198664,0.005416230988733656,0.0014630934059096136,0.003638105287348043,-0.02174359969643397,-0.0011499244312599024,0.0023177879264595852
2111,0.0015361943159002708,-0.00478208819258822,0.007625324030706275,-0.0020864757770138777,-0.0026705355902194748,0.0007537426104048439,-0.004940171162351652
2112,-0.0013438725996107676,-0.007254384344901142,-0.011046907709005575,0.003208098719117067,0.005655389139682348,-0.001787304336621804,-0.001463750903348057
2113,0.0007044518688169052,-0.013746715260245164,-0.015078757205793205,0.0013954204085536795,0.0026360899258591735,0.0009541442473628408,0.0
2114,0.0008949256547122471,0.004282249915951742,-0.00040664280302774903,0.0010542502385320102,0.00032838903787925556,-0.0016312669774909065,0.003795538958171781
2115,-0.0014071409367369476,0.014101709044143455,0.020365164626909377,0.010402797739560436,0.006516168481215034,7.971631481361827e-05,0.0014510353688994147
2116,0.0030006500331769747,-0.006422356244157993,-0.009914260950313366,-0.006522704606610712,-0.003245863254856468,0.0015912612174422643,-0.0075988860056486725
2117,-0.0008916446520558492,0.006909590665468027,0.007968929671274806,0.005628584197487247,-0.018299295591477856,-0.0005562784609266717,0.004400184367229201
2118,-0.004292685282640811,0.007685514329053592,0.008924999362628087,0.004166800553747766,-0.0027271328664241917,-0.0023122029970611925,0.009240656734912736
2119,-0.0010314257052921527,0.0042481289811255995,-0.0019142487494265322,-0.011773961177385984,0.01413011408368404,-0.0018426098630919719,-0.0034422464110176513
2120,-0.0014869792098303129,0.005540330752417359,0.005007019017773999,-0.0013472174470042894,0.006896314374218062,-0.0004417847794770563,0.00028789824183494197
2121,0.0,0.0,0.0,0.0030957727313324222,0.001625964017944703,0.0,0.0
2122,-0.0035113085453193655,0.0,-0.007652964228524792,0.0021721316867051336,-0.0032580383998047726,0.0,0.0
2123,0.0027983408005469493,-0.006708084033150102,0.0069412003731099785,-0.0087568210847981,-0.008587090799825404,-0.0007238913310639826,-0.00028789824183492885
2124,0.001941707326417758,0.01758111462711174,0.013327982924892018,-0.0015495689256936319,0.024007449667319092,-0.0006041658501434536,0.005722012705916026
2125,-0.003436251044762958,0.0005611040598388575,0.0029832763357074657,-0.00941762338051761,0.0037710322193432308,-0.0023440481202496324,-0.001708701805117061
2126,-0.00019532021102942358,-0.004367637440702926,-0.005292130693970763,-0.002631992199246479,-0.001567286009525046,0.0003645619145299787,0.0036937273786511906
2127,0.0022732882035657103,-0.0047697767024170576,-0.006530867158957927,0.016846315404388496,-0.0022037462098181537,0.001858552112424766,-0.003979165760206615
2128,-0.0003888624183705818,0.006112920143979816,0.003510888012155243,-0.0004277392950934742,0.0025176562212462146,-0.0014942959672046689,-0.0005714401902123485
2129,-0.0016891055741656408,0.00014114217930734528,0.007488021392549538,0.000982567764432303,0.0,0.00076798336883173,0.005680845968692535
2130,0.0020779679925362437,0.0008458911589686976,0.006729857555727865,-0.0009301567280282412,0.003438117488877402,0.0010890138988227237,0.0025323365153952482
2131,-0.003969753180669003,0.001897252594462787,0.006049079486151733,-0.0007182635776830995,0.0009329638000464565,-0.002504775117819946,-0.0016865826319360604
2132,-6.53811791831233e-05,0.006126731041718387,-0.0007125423778905106,-0.001348176663906908,0.0,-0.001054704098560264,0.0028073432072316445
2133,0.001305757092790977,0.0,0.005359814299409525,-0.010694339400279113,0.012251714637201193,0.0,0.0005592975427261143
2134,0.0,-0.0026350376721059102,0.0004400147102888686,-0.0035267278046452084,-0.0018158680750274719,-0.00036568747420618746,0.0038950438835239467
2135,0.0027941538324589145,-0.010774294888958305,-0.005309830567961895,0.0009568163506999919,0.0,0.0012988255868335843,-0.0011093096245904288
2136,0.000517864997303099,0.004821604588832181,0.007153039502872818,0.004267522628518375,0.0,0.000850248173497756,-0.0036249509102242086
2137,0.00012936981981381381,-0.0014125707099564724,-0.004799856059068658,-0.004633419256779896,0.007218357005182164,0.0,0.0
2138,-0.0005177106640830999,-0.0009915403437272823,0.0018557733232704987,-0.010050049757373385,-0.008129146186048809,0.00044470465146271535,-0.0011214841142375034
2139,0.0016803081272937844,-0.0033453972926451125,-0.001988632493809167,0.0024496789805120794,-0.0033559979439225294,0.00040388218469583707,-0.002675189251913124
2140,-0.0034321519923994383,0.008070251930911477,0.0016357626942586562,0.008082582202241617,-0.00554819516880985,-4.0371320678426884e-05,-0.0038301574438726576
2141,-0.006022871977829339,-0.003238391754477115,-0.002966594630157408,-0.0064266116001226725,0.003398978076109871,-0.003038594992028254,0.001990223694679172
2142,0.0019075441458787203,-0.005976623888755971,-0.00022220234913036577,0.012281416060504619,-0.006512213500251901,-0.002160166580278636,-0.004849315534206988
2143,-0.001775720049585536,-0.000143307865316557,0.0037620648966876905,-0.004557697203191285,0.0055878545519972836,0.0005308475358626614,-0.0011489278708842173
2144,0.0009874073565371568,0.009218024853830487,0.006126169838673821,0.005860351328707067,-0.011248543435359562,0.00020399947855339405,0.004862089763251743
2145,0.0004600229488642662,-0.0011240238740406762,0.004409557805580447,0.011975113526575373,0.009084023915041832,0.0004484618376364256,0.0008523937611773202
2146,0.0004595361887924993,0.0015447839410922355,0.0017170902348428972,-0.008920707923910955,-0.004048669166939074,8.148878566052e-05,0.004798882881768708
2147,0.0003279426886203507,0.00397701959349906,0.008190875025063084,-0.006197643712313935,0.009898878264220732,4.0738659744259544e-05,0.0019607007655282126
2148,6.555883202179102e-05,0.0016636999700435826,0.0012594338895939227,-0.001349913483857568,-0.004303023699251565,-0.0019188600569323047,-0.004212394633416936
2149,6.554893709578731e-05,-0.0022196859405567357,-0.009536002380188396,-0.0025978765055278694,0.0,-0.0009421152559221594,-0.0031152655918076115
2150,-0.002497841048225016,0.0,0.0049848444831807615,0.008449983898246895,-0.004346085409262037,0.0,0.005928063519535025
2151,6.591704981976213e-05,-0.0006959848955925942,-0.00335955301445859,-0.0025814248089955703,-0.0037601488733064853,-0.000861980730016173,-0.0014041217594887565
2152,0.0,-0.0007668738329291006,0.0,-0.0020348152371652156,-0.0012606525017438888,0.0,0.0
2153,-0.0003956524554561857,-0.00667996262952291,-0.006451314139956059,0.0028497536791683093,0.0015752446791383282,0.0018859225489507218,-0.007661715212986882
2154,0.00026611182321738746,-0.00527547387303931,-0.004573626402700562,-8.147102834316728e-05,-0.010503786379330223,-0.00032739879568138277,0.0022842628960739906
2155,0.003378709524921346,0.006937474895769867,0.001005969842378082,0.004725946070893796,-0.005838251232215354,-0.00016379199964224476,-0.004868502149049365
2156,0.000725307889063561,-0.0006357597649882064,0.004952001135289951,-0.0012105440710226977,-0.002620185817464147,0.0027760975114197862,0.0014375864894315043
2157,0.0013813240149222006,0.0,0.00493887798998561,-0.004620534923993098,0.00294660032505324,0.0,-0.0014375864894314954
2158,0.001965729737568996,0.008435886440034094,0.007409542079008247,0.004830813650183056,-0.005913329385195914,0.0015842027381841532,0.002584239252975351
2159,6.537133780593376e-05,-0.0039700036644888465,-0.003371541295142416,0.007612404845783229,0.000661026736297879,-0.0006497160361318111,0.0002861907727309803
2160,-0.0013093000025326705,0.0006292604074601338,0.0019418331502760635,0.003610573460465156,0.004275557640673983,-0.0015062016156884713,-0.0005725702634268003
2161,-0.0013132591860672762,-0.0023820050655712884,-0.004019902601528673,-0.0006124677399947517,0.007462845630570551,0.00036685443423428265,-0.0014347369570091289
2162,0.001771963321252964,-0.0007030833361753281,-0.003900367130977855,0.010698261424002178,-0.009102313345384973,0.00016294699821764973,-0.004332870810583074
2163,0.0013079199221413963,-0.007630917001755514,0.0009358881672389725,0.004252522026161839,-0.013682325404934718,-0.00032595515698774513,0.0002902068146097254
2164,-0.0003919625554000283,0.00409832487196023,-0.0017031177979531622,0.016067451230151145,0.0043851465879944235,-0.00024462701467398363,-0.0014529772064023891
2165,0.0014354698468132432,0.0,-0.00983741065399845,-0.007576553377203408,-0.0037076199577528754,0.0,0.003767676793212479
2166,-0.00045622595526333473,-0.01360732090873963,0.0012201739406280604,-0.0012509046375046133,-0.0010166867270598524,0.0023589756397765665,-0.005517690505305916
2167,0.0003259245795768285,-0.004473740098145609,-0.002837822746048869,-0.005612193951977723,-0.004433354764427698,0.0007294981814397909,0.0023317880548237167
2168,0.00032568016667259094,0.004111737508290315,-0.0018435815272848605,-0.0012559007853203718,-0.004132889066384407,-0.000770061809349147,0.00029059518106838646
2169,0.0009755776814539558,-0.004221430916215575,0.004681404273333738,-0.00245218023847645,0.0,0.0012152637775032032,-0.004966758601641488
2170,6.496065854679093e-05,0.0032062154352743883,0.002040473654029684,0.006256415729895174,0.01563357074452926,0.0007275293161844554,-0.002948378478755256
2171,0.0022029007972744767,-0.001017594230687358,-0.007999409910635209,-0.00048648031594813063,0.0010002948343161453,0.0012098470501433632,0.002948378478755271
2172,-0.00032325604909096096,-0.00029117968365633464,-0.0037217873640747576,-0.00303620649319297,-0.00637446372858799,-0.0009676078608742531,-0.002948378478755256
2173,-0.002399602286382154,-0.004280960935045523,0.005746473930489185,0.005652209243699804,0.004371564797036305,-0.0010911419699095575,0.002654439731897962
2174,-0.00045547406576922165,-0.0006623709701401902,0.0034988667144774314,-0.002317128869747201,-0.006064722816481666,0.0006873348911635967,0.001467708331359917
2175,-0.003005058043737187,0.009939022440633775,0.0060559972793451855,0.0032161805550736024,-0.0037483475531634248,-0.002065276732518731,-0.004418089800026699
2176,-0.0021028068651428532,0.005863136055899412,0.008591748754344519,0.004226001054018744,0.007128088204543486,-0.001993579744349448,0.0017726329993479936
2177,0.002168355802238868,0.0037126967894700273,-0.01269195071575065,-0.008951494945554637,-0.004739035914104976,0.0006112520106906305,0.0035237068106002073
2178,-0.0015101342729313767,-0.003109435983041813,-0.0007378212130256988,-0.006907346804500305,0.0016984553595431164,-0.0017545627023293204,-0.004409118905055136
2179,0.0,-0.004455438168722716,0.0,0.0018837006749316478,-0.006834043171604933,0.0007353308759117689,-0.0011833644430666523
2180,-0.0007899856328380732,-0.0012198283430221908,-0.005156187828943328,-0.005103129846941088,-0.000344541455519057,-0.0002449719808687457,-0.004466557867373434
2181,0.0017754511836615987,-0.009590030280217359,-0.008209131172903575,0.005424364215779627,-0.01117217831241448,0.0014270591506793722,0.0017921393322541993
2182,0.000786765580939334,0.00110050185224901,0.0026794603158142288,0.0024740947987287668,-0.0014169489956065355,-0.001141271937235525,-0.0041932206764956565
2183,0.0017650285468978134,-0.0055306097857460166,-0.008179214817366208,0.0005608859225614175,0.0010631449174629065,0.0004487145752974562,0.005532488599960626
2184,6.523386897813059e-05,-0.00011133377080464338,0.0008611111776218555,-0.008346430559121258,-0.00894009506028428,0.0007739621385392647,-0.0014883307297693471
2185,0.0015626804814631323,0.006593461298724994,0.011306550383344134,-0.0026712651985509334,0.01421712817384131,0.0009350598588797109,0.00044703501826995736
2186,0.0,0.002987357430913236,0.0017609531755531434,0.002301992866551055,-0.0035108880121556244,-0.0009757603398519364,-0.0016413829195872293
2187,0.0016865826319354237,-0.006658507625004653,-0.006150266604415098,0.008135960654943694,0.0003523687673254276,0.001746685487974621,-0.0004487286246326084
2188,-0.0001295048412457126,0.0002948367268056008,0.006369884551904033,-0.0026242621227932266,-0.007460456765463496,-0.0002838658650300249,0.00238787945571539
2189,0.003290369832173049,-0.009610819883189955,-0.008290260216458024,-0.004314961298838341,-0.009051900875676944,0.0013366033308594778,-0.00208867552937647
2190,-0.0009007592483343628,0.005613535481682659,0.0057800077814052974,-0.00619412628761169,0.0021897247157515167,8.087420543182361e-05,-0.0033026355500856046
2191,-0.00019326314132124143,-0.003696781162936861,-0.002569273094221951,-0.010165626206836623,0.0,0.000888623691898507,-0.0010561274523211723
2192,0.0005151773817685914,0.003771140290231231,-0.0033450318016601576,-0.009272063446345865,-0.013307084718592798,0.00032268561484881804,-0.002271815896606343
2193,0.0006431135217898063,-0.01065044824536287,-0.006313841990144754,0.004120671930414853,0.0100183434351514,0.00012094531948422278,-0.0018260481642242115
2194,-0.0020613244602607854,-0.006873896738169861,0.0009076168024439453,-0.0023981159037668454,0.0010990165676899538,-0.00024192433003370498,-0.005833665059738632
2195,0.0006452155129761233,0.007292787498072192,0.004958267972220014,0.0018050812397695205,-0.0029369138595021346,0.000685102558660487,0.0024658376074596757
2196,0.00167308793815691,0.006872728044902732,0.0014318396877590958,0.0034994361787094603,0.001470939532841247,0.0013268276674821553,-0.0018480644138128605
2197,0.0005135022553950065,0.0023539053934774914,0.0016942009281673983,-0.0015007093943008958,-0.009651385676180435,-8.029850848354669e-05,-0.0006177731936467947
2198,0.0014090085507521754,0.0044855191368287604,-0.0012923451099366842,-0.005797768955389706,0.010751330076493579,0.0009225376901213996,0.0012346688682574177
2199,-0.0010883776894532171,-0.00036895294199661545,0.005278757940859096,0.0009727388577096183,0.004734494070605412,-0.0008823865800390748,-0.002782957431118088
2200,-0.0018629626932615234,-0.0053853428649636645,-0.0011036714501476454,0.009018520796481069,0.014952598399881176,-0.0004016782397911868,0.0009296353501216333
2201,-0.0003864403178630482,-0.0016849830754831817,-0.0015498672443278751,-0.00033252692624054377,-0.0063453244624439515,0.0007227535575483924,-0.00030965739772001677
2202,0.00019326314132123488,0.0003000307420915701,-0.007472206009022605,0.005949676725942626,0.00035496077325595116,0.00032083812108707536,-0.002173806021023319
2203,-0.00019326314132124143,-0.0008255838139761644,-0.0001354137563030767,0.002219821893484642,0.0017704650769120747,-0.0003208381210870516,-0.0006230911856531642
2204,0.0032738339314266982,-0.009800816198594077,-0.006137736813130747,-0.023963734029757145,-0.005333196147215141,0.00040101063043342593,-0.0031289363146525164
2205,-0.0014092163694872399,-0.008849201766964722,0.001143181712732785,-0.007207108782362683,-0.0145505898276437,0.0019197135163654103,0.0007843500089400088
2206,0.0011533350942072034,-0.005246547851441067,0.0007756482801767572,-0.005119469898423132,0.000739224828524832,0.0009965000973926295,0.0014082701358442938
2207,0.0008310635147703756,0.0024141824955491837,0.001955772559254486,0.010807170833282346,-0.009331998110328693,3.981248404459435e-05,-0.0047121020878137425
2208,-0.0003833701722274479,0.003928871393135254,0.00361537556694717,-0.017582345801795296,0.015565120040551356,-0.0007570619978626552,0.004712102087813751
2209,-0.0008317981569986454,-0.005748157012090413,-0.0022560803042244995,-0.002715378766615052,-0.00808354859797986,-0.00011965683555726999,0.0009363161698682405
2210,0.0015343851623431477,-0.0070319686060733464,0.004052544011196493,0.008418145856132075,-0.006351086252649618,0.0010359322828814891,0.006498293036917195
2211,0.0023549403096901826,-0.012669693949917307,-0.007139743376346097,-0.012638833049674392,-0.004539704909883535,0.00103346712959194,0.002755490623403899
2212,-0.0014623794044110936,-0.002120237646010002,0.0035393539941278498,-0.00898105293877122,-0.006513581462448637,-0.00039719637111322007,-0.004602245278191034
2213,0.0003183277148349516,0.003321262583013501,-0.007981483167596552,0.0011072794921382755,0.00307738741601613,-0.00135319137930365,-0.0021645195203186265
2214,-0.00019096862831942483,-0.0007036462051394668,0.007755464696763062,0.008969807699332335,0.0026749414730750766,-0.0008379059165812457,0.006766764798509657
2215,0.0006362358036568642,0.002437194243428523,-0.005460033973031433,0.0024966509186653872,0.0,0.00015972581345759576,0.0006099642602445235
2216,-0.0006999106783264155,0.012825626609764485,0.007354943299583987,-0.01037084190581784,-0.008851678220863515,-0.0012394143223493986,0.002128153627307619
2217,-0.00019108065802192787,-0.00028004803819754433,-0.0016688908557190114,-0.0013507366432144007,0.0019396838045339063,0.0,0.0
2218,0.0025408554669177847,-0.008119400404589852,-0.0051826817220101086,0.002295643788181022,0.0,0.0020770124255762245,-0.003348940044366988
2219,0.0013911599842266723,-0.0008571201616720802,-0.0010531686413448274,-0.002333486486480451,-0.009390516806069832,0.0001195251092987823,0.0022861667912921625
2220,-0.00019071704115474476,-0.01117350911408266,-0.004562588120999154,-0.0034150548086572135,-0.003973444751911409,0.0013523238680909224,-0.00720392047766277
2221,-0.0008911219228884267,0.0014229570776262844,0.0004167671415578619,0.004326741799518334,-0.007651190153383031,-0.0009143463566680265,0.0012346688682574177
2222,0.0,-0.00724683586762309,0.0,-0.0014744505656365807,-0.013198948819737561,0.00023871078756088524,-0.00464821934736548
2223,-0.004612020141957826,0.008998193808966224,-0.0019948400956572966,-0.001182670895110853,0.015225524974496836,-0.004156342215550977,0.0027948972663689644
2224,0.0007077917413628824,-0.012881755073108915,-0.0035014525751744887,-0.005614733887346776,-0.004471016840241368,0.00016117813579169277,0.0007731789150996036
2225,0.003457980820294424,-0.01566885705367578,-0.01053289281372325,0.00022151231320602537,0.0004083634357329874,0.0012872761759664079,-0.007008669834148658
2226,0.0020362562462070935,-0.014505695135524209,-0.007410769870979243,-0.00999038270712083,-0.0061661397654713315,0.0017237907637532171,-0.004101612952904146
2227,-0.0011442191446443101,-0.0035528139816836226,-0.004517803329372552,0.004626417121176139,0.0,-0.0012420442008713318,0.0022133731005172376
2228,0.0038654903756171533,-0.0404162273175731,0.0,0.00025670983500786633,-0.007095790902365984,0.0025603286057087255,0.004705295017619261
2229,0.0,0.006510375609592386,0.0,0.009906743807630168,-0.04426378493721132,-0.0014783487139951028,-0.006285123903810134
2230,0.0034560258347579153,0.0031443626822630195,0.0,0.004659842141565647,0.015191498895072972,0.0,0.00015824175139635162
2231,0.0021227777146374666,-0.02229471677749005,0.0,0.004431380376170214,0.01555184770615608,0.0016378691866447753,0.004250877153658466
2232,-0.0019350558695259625,0.007936566730622442,-0.02284031617329025,-0.00043186242230923167,-0.0223912722364621,-0.0009180439137279643,-0.005359782141797919
2233,-0.002635518598136593,-0.003146888318300223,-0.0062046848440163406,-0.0021999402750488744,0.009095504834529807,-0.0008399122312092105,0.0015832845895417701
2234,0.0005661019466370206,-0.01619331502744942,-0.01224946080409657,0.0030402629357480677,0.012421935151588898,-0.0005207608671539759,-0.0038096251467652827
2235,-0.0015743310283698876,-0.0285413727982883,-0.01803271738592837,0.0033408287609059495,-0.009730018587377381,-0.0004010106304313746,-0.0015972599170292474
2236,0.0015114672398979553,0.0027210812331637598,-0.006695553163716305,0.0020275580288735646,-0.009038712970591079,-0.0010443638522858586,0.000639609072757002
2237,-0.000818058383552673,0.02668448612464545,0.015557307224477946,0.004207355070413282,0.0,-0.0002011274439245758,-0.004820188014687507
2238,0.0008180583835526886,-0.0035217585547349622,0.0042820432331878025,-0.008106812875443233,0.009038712970591065,0.0016064175219895657,-0.002267861455822426
2239,0.002132280439971464,0.003946704265649831,-0.005774180733516417,-0.0012752584846647242,-0.004044157870191583,0.0012009256852421675,0.002267861455822433
2240,0.0017481687626169945,0.011629373530648229,0.004515910270442494,-0.0005788605461959591,0.0022514020451883648,0.0006391384257355971,-0.00032325604909149173
2241,-0.0005611443372214543,0.011275708898661986,0.010447171047775608,-0.003016921541148003,0.0,-0.0006391384257355517,-0.002594746968121147
2242,0.0011215645651249048,-0.001260945319646221,-0.006846216271297579,-0.008891316027279519,0.013704067204370108,0.0012773376322852972,0.00032519243893282035
2243,0.0011186755862272859,0.0009586521645851056,0.003894558755102916,0.002056126060781652,0.0064789040729098715,0.0020676941693765142,-0.0003251924389327871
2244,0.0006202435814346807,0.0,0.011425965059900756,0.007428252731505413,-0.009097773206103084,0.0,-0.004578448086067
2245,-0.00018598008216700985,0.02701324272444889,0.004175940654135217,-0.013560736364688334,0.010809280768565733,0.0005946253704725506,-0.00032888640867724853
2246,0.0003099225721365778,-0.006296998674838851,-0.0020829511482919304,-0.00032290512900602083,-0.0008549106735122264,0.0009497104072261094,-0.0016481783800732417
2247,0.0,-0.0007213796275223579,0.0,-0.0034594832348820615,0.0,-0.0009497104072260754,0.00033013645216037113
2248,-0.002111848037910155,0.00024059303806508452,-0.007476220072406362,-0.003297289202938713,-0.008206703825533542,-0.0007930148864638442,-0.0029803016973926157
2249,0.00031121067752667286,0.01223712892442997,0.013695340407339204,-0.002021583194245256,-0.0008729540263846574,0.0004759826746286722,-0.0030008951161940136
2250,-0.0023082573666072426,0.007603129179108439,0.011275732768167013,0.0009290134284329379,0.016713937122306517,-0.0009524875942278459,0.0010026040972361404
2251,0.00037514642289781917,-0.009430950880479435,-0.0031197281502565624,0.006152670042197963,0.011615062381720295,0.0011110326290837758,0.001499579597376813
2252,0.0019953263269402058,-0.00391577711142411,0.002266546366374435,-0.0003110769506771984,-0.006183699370084173,0.0009500566696141532,-0.0004992847630619377
2253,0.0008079899668336398,0.008726530355157542,0.0037514873226268527,-0.006500143202593042,0.005774180733514089,0.00023718978301379877,0.004308183565882748
2254,0.00018624593891484927,-0.001395698518537075,-0.013659775982875355,-0.005778476652657658,0.006102598986854441,7.903448281998242e-05,0.002630103311042589
2255,6.206423474645704e-05,-0.007805004262700714,-0.0005142623240363538,-0.0045576669362839325,-0.01270796558538153,0.000947293619757664,-0.006439002113863393
2256,-0.0016165597089305606,-0.0036685726458759726,0.003331871322931443,0.014613717074883154,0.0029022173619993232,-0.000631299439812997,-0.007042767556598321
2257,0.0002490934865549031,0.008293288653178523,0.007341789516227495,0.008583252336209405,0.002061202169550895,0.0009860025165786587,0.001518808751038423
2258,-0.0005606613899419433,0.010526899168877665,-0.003022943633572886,0.0028748540031109443,0.01096453842752759,-0.0003941324182877984,0.0033562337196245003
2259,0.0016177177056699492,0.007404603879528616,-0.0010123419080422086,0.0017329381474595288,-0.004028734659370211,0.0014172058758653427,-0.0030194407737785824
2260,0.0014879482885758718,-0.008597469253326983,0.010117801082284265,0.006560604181160849,0.008417600031460715,0.0018824424570169783,-0.00033679294584588223
2261,0.00037119188747155045,0.010171083156412308,-0.0008424725860202007,0.010684145095802188,-0.006398561146692198,0.00011738217520236462,0.002519603751967356
2262,0.001296678878951911,-0.012612887450375075,-0.010544083362709138,7.370432246209843e-05,-0.005269153075963096,0.001015985394923349,-0.0028566580815774668
2263,0.002213910394529668,-0.010474448706487225,-0.006657946744910275,0.00425024827202081,-0.005333867957036082,0.001791710717745513,0.0030241130602869297
2264,0.0035432859298731656,-0.0009001907064288157,0.008078703414889494,-0.002980747505397186,-0.005818386305280456,0.001009445879948012,-0.00606943160542604
2265,0.00012166815653338212,0.006683033524921601,0.005636999056382322,-0.005792332622596642,-0.0012570037195028872,0.003322318767814926,-0.001701116479322238
2266,-0.002929484847294723,-0.0054989592817019615,-0.001502750571705323,-0.0015530929544728758,0.0012570037195028983,-0.002895950818808368,-0.0023928131158901795
2267,0.0016502660081208925,0.017475173176889423,0.0049890782080528615,-0.0015680063820614346,0.002918936934632685,0.0010447682689422753,0.0
2268,0.0008532310836828361,-0.0035125106239535546,0.006889802000478617,-0.0026085223076570043,0.007825337511957095,-0.0004640311885532092,0.0003426386622725087
2269,0.0021863563653529232,0.012816768965165787,-0.001712230532891417,0.004632654433875386,-0.014104403253856704,0.0017375663707435928,-0.003093523437851511
2270,-0.0029175946162377136,0.008716998916364236,-0.0016697987758770255,-0.004331128065087586,0.004196114593607479,-0.0011189682326431993,0.0030935234378515145
2271,-0.00042712492003716806,-0.004380655276794441,-0.0012812509610059537,0.012450253669535519,-0.008007597211870766,-0.0006959848955958299,0.013156334034830332
2272,0.0,-0.007550048200933446,0.0,0.005426955048560992,-0.005134575849999733,0.000541417946048583,0.004955867569077335
2273,-0.002203302548265508,0.01114543950946472,0.009035409294824551,-0.011415508958624141,0.0008599893540912335,-0.002830553047322534,0.013901196227153077
2274,-0.004006719402713777,-0.0003494624866916861,0.005618749725381803,-0.00029055325025709503,0.0021425523568990926,-0.00273166627377379,0.006317122023692685
2275,-0.0065515100033613554,0.006721280843727107,-0.0022483765202973433,-0.008006141799766147,0.01470900808034249,-0.0021584281996589495,-0.007591648197132433
2276,-0.004232738470870805,0.0010314767407548348,-0.00033586273267925416,0.0081223675486299,0.002061202169550895,-0.002050608827373359,0.01102729308380743
2277,0.003981192282603222,0.011898063103564751,0.006999141656698125,-0.0010503455028397302,0.0065308671589578505,0.002876002452894412,-0.006266984387649919
2278,-0.002903301928227758,-0.005210251709241376,-0.0045103412530018835,0.006710353144586122,-0.002437580666198527,-0.0007073841645597434,-0.001739394023975161
2279,-0.002986600496317809,-0.0031819696040719914,-0.0023928131158919247,0.004364869796305455,0.000407214733917553,-0.0025640785978492606,0.0007914973612380548
2280,0.0,0.0027167371204779257,0.0,-0.01128392075817391,0.001219358260738625,3.9562239325616127e-05,-0.007336768741748924
2281,-0.001405071608216496,0.0031621989269476573,0.007469563946284644,0.003675239353994509,0.0,0.0008694587126265336,0.0001608200284632898
2282,0.0,-0.0024434131724150447,0.00014148704536199374,-0.005733592637786633,0.013191734754980927,0.0011434515639185878,0.014079619086146893
2283,0.0025513040440137283,-0.006769689801121164,0.00023570935824475636,0.003396862320768591,-0.004352874071471059,-0.003915974772437937,0.0012435068822113583
2284,-6.360027570853782e-05,-0.010378575304739155,-0.007606884905016484,0.00920724586766943,-0.009651385676180978,0.0015864656250057362,0.004016982223957187
2285,0.00562946671476363,-0.0005276968837615308,0.012294404582185637,-0.00984846992051049,0.0,0.0016201350628325924,0.014518159068652206
2286,0.0006985801463746308,0.004290876645459054,-0.004451938178634402,0.005092594461137961,-0.0004068332680674555,0.0011029707056167731,0.0023731997956144306
2287,0.0010774184573497751,0.002129644458937328,-0.004974248062632585,-0.01085713444275941,-0.011548871867292759,0.0007861247180484291,-0.017506942924671563
2288,0.0017057191191872636,0.00211925228708817,0.01244616538806881,0.006430471716238424,0.002916136974078538,0.0012548472315615667,-0.0046449050457636224
2289,-0.0074403246481746154,0.020724731603819026,0.008935944261595346,0.005394251995523629,0.011472596832280047,-0.006509509114205257,0.003102116631482368
2290,-0.0032189183966458246,-4.113611008517857e-05,0.005274622824808534,0.00599647750269617,0.0040250008388321495,-0.00179584466189127,-0.00591309396531106
2291,-0.004351098867974146,-0.00400883702359833,-0.0032383334276553342,-0.022531796882869833,-0.0008020214318182982,-0.0034528540428910835,-0.008863460331305023
2292,0.0011081441197793808,-0.00766532800353191,-0.0068250930345385265,-0.005246199364233021,-0.00851187686920978,0.0010065699631817413,-0.003693412196953334
2293,0.0017542025512647563,0.0002957114430985892,0.001373626285571727,-0.0054587061928108626,-0.002874773024813324,0.0011647059253499994,0.005926293629245171
2294,0.0032299307132384065,-0.006681257991420559,0.0002285159126152473,0.001301033021886115,0.009778149974192352,0.0028782508421547207,-0.004798882881768367
2295,-0.003813877964454159,-0.008706539118097748,-0.006676272463357731,-0.0008179943476718394,-0.012660162035203083,-0.00187669493056776,-0.0019344997771996413
2296,-0.002147882669964815,-0.0028973559200927497,0.003972092502577515,-0.011980870028837598,0.0024793282288214113,0.0002800222427723005,-0.003569119303947245
2297,-0.0015687957404516158,0.014552911856017507,0.009443530370454731,-0.0015507780911749912,-0.008740289356908591,-0.0036141219548472534,0.008389307318634758
2298,0.0031969542114849894,-0.004796989792820571,0.0015690656413791864,-0.0043193985080514676,0.004183986906910815,0.001971417495472984,0.0025490578353283
2299,0.002592423647077312,-0.0035894097275455572,-0.0017936813598088525,-0.014054605252215531,0.0,0.0012025884052236015,-0.0019103893644875501
2300,-0.00032320793476808894,-0.0025259878621376667,-0.0074782530757228636,-0.003601780466674708,0.002076974221176337,-0.0011223121606530884,-0.004168233004033972
2301,-0.0014249794442526837,0.00470164978562494,0.008824208125874457,-0.006464314884407362,-0.007102617364190644,-0.002051693740043464,0.0067135559346890765
2302,-0.002668184575708518,0.0,0.007108815200739785,0.013877201237879404,0.0,0.0,0.0
2303,0.0027330579019785644,0.008370460442677453,0.001363977509295658,-0.010968019877723396,0.006688016395326196,-0.0023856839873225752,-0.002864539763772622
2304,-0.00032446358020472393,0.0025176562212454474,-0.00026366153713025905,0.0016563148759016091,-0.0004149971475874938,-0.0012994327993298088,-0.001599613159792587
2305,-0.0009097897606134578,0.0007524595851227773,-0.005841424074942246,-0.002636448894147878,0.0,0.001542644201188305,-0.005158718198415587
2306,0.001104496996290926,0.009501732640678105,0.008558238290294114,-0.006199859531784957,0.0,0.0016179379126285292,0.002103125087764064
2307,-0.000194707235677434,0.0013056589523145219,0.0033939627282464904,0.009766991985323234,0.015096772094065167,-0.0008891198528780565,0.0017716469222574121
2308,0.0032337787674971666,-0.005824038213114903,-0.00650656962322457,0.0055712702047550355,0.0,0.0037060880069036475,0.021480047839845563
2309,-0.00019334918264188707,0.0001651309837008541,0.005073897968326508,0.004935831366188912,-0.006057203932782689,-0.0008431735759930367,-0.0010721435081257346
2310,0.00025777978611240545,0.005495914365085285,-0.003799855278779018,-0.0030900854346839466,0.0,-0.0012879919932407772,0.003968975437219831
2311,0.0028895281703080937,-0.0061568153591364215,0.0021878861481743543,0.0026958164788405494,-0.003265387427766748,0.0018502895606136327,-0.009214514299142355
2312,0.0025524286335215185,-0.0004963366047689198,-0.004827982314384212,-0.016632349116152752,-0.0049445826170638075,0.001602564482277435,-0.002959163378437301
2313,0.0002544197389118953,-0.012596430609631436,-0.008287803948667212,0.0008872319639312401,0.0,0.0014372693158800907,0.0038894625172492584
2314,0.0012698678108932263,4.260086146970477e-05,0.003182315515073907,0.005223813028694097,-0.00879083905042956,0.0001195580136699723,-0.0031087783560966096
2315,-0.0002536766905667213,-0.006826577471584652,-0.009800436941604375,-0.0017161091404194644,-0.0008465782055044548,-0.0007577572202188054,0.0040370889665557
2316,-0.0026725898613269446,0.011698012640942852,0.005762545935330144,0.004769050709301698,-0.0034029124690278293,-0.0014393864537114575,-0.003413550479108088
2317,0.0014019790020884993,-0.0012233061339873858,-0.007272500351363818,-0.0008218854979423692,0.0,0.00036029410160784425,-0.0034405936526800533
2318,0.0,-0.003435187387610601,0.0,0.010202970732599721,0.0034029124690278527,0.0005198976876453869,-0.0003141370711313761
2319,-0.00038190928614188806,-0.0032480352757023414,-0.003451365040409397,0.010183431216201737,-0.008990152582772337,-0.0016819171081362298,0.0
2320,-0.002618740747035737,0.010887054556422566,0.005828311617890919,-0.004368371822885418,0.0008642679109074844,0.001282051062117355,0.0060850590581257484
2321,-0.000897832975801854,4.183350019198483e-05,0.003541203980123672,0.001037425028559015,-0.0025979807199085284,-0.0026081421135090736,0.002009552709788205
2322,-0.0010927270165540471,-0.0009212691336164306,-0.0011318601191702947,-0.0007280217522756816,0.006893707947900836,-0.0032722217063165544,-0.00872356840485685
2323,0.00019303407173304281,-0.0008812200830077616,0.0031618042652493696,0.008111247226778844,0.0,0.000729294011684359,-0.006020961197901574
2324,0.0032046668573600693,-0.006219120334930593,-0.007718976005728045,0.005431192530092406,-0.006025986416672891,0.0011320287077231186,-0.0011182869424500683
2325,0.0001915300943519427,-0.0005543006264967515,0.0058246570567849635,-0.009173122260832303,-0.006110776943599687,0.0005649097467167483,0.0012778074150984844
2326,-0.0017909076178814825,0.0038230394927607518,0.0027036473407615652,0.0016281025966609762,0.002629439809685096,0.0007654897993857925,0.008997154578111817
2327,0.0015993775235294994,-0.0013978766423930454,-0.002387353161111542,0.0026747803969949763,-0.007936566730621255,0.0006435781218922782,0.0003123297379513084
2328,0.0025468155783701803,-0.0075322964952388395,-0.00935966514724258,0.0035902765231682113,-0.004472691251198904,0.001644828880178176,-0.002819086953866923
2329,0.0003173043773086259,-0.0070066564675544405,-0.0018500325394775338,-0.010621423075392494,-0.0072535211266443475,0.0004002345522451786,0.0031311922363637984
2330,-0.0008890371209107637,-0.0115142903495238,-0.005269327158496011,0.006448268421847798,-0.0032119125515198306,-0.000600490230577382,-0.005810571517962615
2331,-0.0008271672363142111,0.004838486609856383,-0.00538154396138769,-0.006296975964999787,0.005491678846417796,-0.003014968941434884,0.003934566519207254
2332,0.001589310424428036,-0.0040732891074103765,0.009955072068131399,0.006912078332529437,0.00766289334252748,0.0006852297298230381,-0.001255187237608457
2333,-0.0004444209690244661,0.01180075995019765,0.0030993080661887696,0.00173230385279977,0.0,-0.00040294536375869183,-0.0036290031626622357
2334,-0.0020374503606844668,-0.006748427636700732,0.0012887086070461475,-0.008189628890508055,0.0062106500149375805,-0.0010090020846034138,0.00362900316266219
2335,-0.0008304523034560307,0.005477342309390481,0.0038888888727623906,0.001901800206750108,0.004382423482486333,-0.0008493771387229944,0.008094611767913956
2336,0.0011494346768877528,0.003061812836306094,-0.005823388649962232,-0.0033329339869308306,0.004338642296210296,0.001212888002737336,-0.007780474696782557
2337,0.0027336199046103537,-0.010231618605687403,-0.00175771784428267,0.0081871278301988,0.0,0.0014510084354798245,-0.0028354473857790993
2338,0.0,-0.0005358353325077611,0.0,-0.008087791704695707,0.00215317487109353,-0.00016098396325846056,-0.0009492779340187518
2339,-0.0005072793473863498,-0.006572841780343856,-0.008187857313683785,0.006329635138851624,-0.014856591872228198,-0.0010478528217599374,-0.0007926530433702369
2340,0.0001902991990884312,0.0007251840247343953,0.007909671450491674,0.009539810709383131,0.003100534712567258,0.0003630044638661746,0.0011093096245904106
2341,0.0003169801482979774,0.004056750137729347,-0.009897942662518597,-0.00038458178162029,0.01942027633109249,-0.0011707690079078782,0.0006326213527985728
2342,0.001265612091665392,-0.007877547349655093,0.0066859317458485895,-0.005702351528184336,0.0008432905210830684,0.00209707093868574,-0.0031723624030716526
2343,-0.0005690690684119964,0.011229463771797328,0.0030264546301861633,-0.008736623538700623,-0.0004214405783447961,-0.0016526145291511595,0.002381441620088174
2344,-0.0020294171597003622,0.002928437312080608,0.0026367216816024054,-0.0008311332640054556,-0.003811482618261888,-0.0007679833688324256,-0.00015835715103526568
2345,0.003103700165443626,0.004880999839909222,0.0024374085835659506,0.0053363759350469175,0.015459925612256778,0.0007275970311560676,0.010793395153946497
2346,-0.0012795957456808384,0.008143801621254656,-0.0037306399436484415,0.0023128644857090155,0.0,0.000968237053687565,-0.001547736783872534
2347,-0.003034878444217563,0.005119444136031422,0.008383350881776401,0.010079951540657573,0.010944070485381137,-0.0021815768685240124,0.002935999495793245
2348,-0.0007749725145338942,0.010475531553746472,0.008001925757137408,-0.008829820509075773,0.021093985894553097,-0.0004052010761418404,0.002916284206496032
2349,-0.00012929664030093694,-0.0013268506999221975,0.00022265803200001875,-0.0014665694089488976,0.0019023003779044172,-0.0017059850070023574,-0.00230070014609109
2350,-0.0007377267935521205,0.005529334601987747,0.006188524811877609,-0.00314748963056952,-0.002283762397952914,-0.002011861750843998,0.0013818821406708381
2351,-0.005173258562813694,-0.0011906923057782284,0.0012271928130585116,-0.004042309709450133,0.009844934670030302,-0.0010713152044933623,0.005332572475325419
2352,-0.0029463425121568714,0.006083284214105924,0.0018778914795633973,-0.004220029303818816,0.01181826617729992,-0.00016505253667717815,-0.0010612891904997455
2353,-1.319823378818653e-05,0.000567228623096718,0.0010854654036138787,-0.002344651508882684,0.0007280713891330548,0.0005361915553336058,0.0016665777649998688
2354,0.0005276167475406128,-0.005500824589605875,-0.0002168761502771783,-0.002983271026368831,-0.011424612064902475,-8.244793226549808e-05,-0.0030349143904348356
2355,0.0017103409759823727,-0.004907334494743731,-0.0035285667836525768,0.004699969009681447,-0.009819250040713172,-0.0004537436230680622,-0.001525447588377132
2356,-0.004474240827471296,0.004127520916973548,0.0024425585110569173,0.02102064685915468,0.006068842606963186,-0.0009502713284563487,0.002438150863500739
2357,0.0015097618637323641,0.008509919458484335,8.698066960818978e-05,0.005887122328775942,0.0026286819322194335,8.271488110033621e-05,0.0013654684915329982
2358,0.0014518291292784614,0.0028264372382580216,0.0033787293483425853,0.009255581074462322,-0.0048945713256504575,0.0006611525264022029,0.0012101560791649354
2359,-0.0007121096552743878,0.003320370818193693,0.003438272144690262,0.0073874497313786034,0.011213044942167247,0.00016513098370210725,0.005255139960258232
2360,-0.0022494813377364536,-0.008188478275295953,-0.006252051369362747,0.007693671913659898,-0.011213044942167263,-0.0013228092675825916,-0.0020944314607983295
2361,0.0008482316796130419,-0.0006425069789958957,0.004751155590999017,-0.004933954548406607,0.0,0.0008272278346832718,-0.005432524396066211
2362,-0.00021190265455934702,0.0001205424854587806,-0.002671529197878343,0.01276186887392486,-0.0061008129758115,-0.0011171302316904353,-0.01045061917791948
2363,-0.000384337289161444,-0.0029427408436435696,-0.005130377897739606,-0.0037877166884249915,-0.00424458225527449,-0.0008708701051331592,-0.0043773752489628705
2364,0.002050278526415085,0.004746874680773169,0.005216813261126076,-0.009158871382441265,-0.0015538280686209838,0.0015745833785183831,0.003754730723811417
2365,0.00032978548315834545,-0.002849948599195709,0.0027998253503151186,-0.002698582678844002,0.005029747323407594,0.00012406641475733353,0.00046706706265880907
2366,-0.0019957267204120483,0.0002818133469286915,0.001500155142408157,0.012604193074849166,0.0003845015584520974,-0.0010349713727670238,0.0023278302037101684
2367,0.0,0.0,0.0,0.0021844624716072488,-0.007755464696762007,0.0,0.0
2368,7.947561224505784e-05,0.0,-0.003220987436085559,0.0003971585825448179,-0.0015678518179787868,0.0,0.0
2369,0.0025750717471065216,-0.0037590989791742298,-0.0017276779896407178,0.010737189130391225,0.0046866765817246666,0.0006212787506105102,0.0021614416270203086
2370,0.0023635132179231156,-0.002197727679648218,-0.002169307616782559,-0.013815118274193888,0.0077004585086476425,0.0013636928187226959,-0.004956338893389339
2371,6.546988508740698e-05,-0.002947711419678191,8.698066960818978e-05,-0.0004264954815057033,0.0007625892774205579,0.001934866525608278,-0.0009356437699444677
2372,0.00241547346911944,0.0009847951655206006,-0.000957746839823573,0.004889506454989438,-0.0022917967795845354,0.00045159897257722725,-0.0056565927552911415
2373,-0.000977627369915666,-0.007274230661687058,0.006059014814816425,0.0028337156873229317,0.0,-0.0014797100580484683,0.0006321609295261366
2374,0.0009776273699156465,-0.001085006476665355,-0.0006451516144118065,-0.008718365410236979,-0.008117890222179546,0.000288116522279236,0.0025194819430293734
2375,-0.0005211273844469844,0.008523152777930183,0.0066207965003028755,-4.070227949963361e-05,0.003110448260265084,-0.00041165356817107654,-0.001888239852386871
2376,0.0006513115826354296,-0.006813411863297954,-0.007051430627708533,0.00290540506631698,-0.00311044826026507,0.0013569786074607325,0.0009451461443125095
2377,0.0016888529403282046,-0.0004997156350388127,0.010639789410114996,-0.006258064351687401,-0.0051024791764830695,-0.00020533047609767744,-0.002841631611723544
2378,0.0008419700295445528,0.004270627914825116,-0.003588358782406485,0.0014450598346781927,0.006271509443335419,0.0013124406457123415,-0.0028603472127465062
2379,-0.0011662397988861173,0.008498225269756925,0.010139305267127075,0.0032764660148185206,0.006565715261836472,-0.002134734713017229,0.006488032399969399
2380,-0.0011693800145498462,-0.0014995951468405426,-0.003409183456694799,0.002196677141201924,0.007222569223795483,-0.0007826241181024374,0.007320180707069338
2381,0.00039014329490473325,-0.004981619757095221,-0.0023017347547094184,0.009613243755058723,0.0011295051409705777,0.00041208322847362835,-0.0021676061919773523
2382,0.0005196464657107036,0.0016805338092992764,0.00020975343653283939,-0.0006644459025593571,-0.0022619555398777427,-0.0004945468159054685,0.001858609749271085
2383,0.0008431016259026385,-0.004854341424258316,-0.006337094177380981,0.0017475606664185334,0.007494482473554654,0.001399755916890412,0.0015427884142812471
2384,6.478622849399429e-05,-0.0021565469311457387,0.0022073464641671884,0.0005935858314023543,0.0018535857497552666,-0.0009463998329269655,-0.003091076977141929
2385,0.0021970010228804546,-0.0025017032419381224,-0.004554313267025109,0.009290939025769902,-0.002597240866225524,0.0014393561649732997,0.0
2386,0.000579703510193479,-0.010796002903962224,0.00298485354946221,-0.006598897195285965,-0.0011178757314997316,0.0014755206104017475,-0.002176919254274886
2387,0.0011570907783477365,-0.0036591415315444273,-0.009016818319375322,-0.002398781865288089,-0.0033709960857069426,0.0006133237594712787,0.0012452896902184845
2388,-0.0010283727922529582,-0.0008654735464964884,0.00043364405190994304,0.016976403240307587,0.0,-0.001555439015397005,0.0013966959821233359
2389,0.0004502127575819858,0.004095724581102469,0.008583174267465443,-0.002869781839410411,-0.0022619555398777427,0.00028694714086804473,-0.001707683809162885
2390,0.00102730853792678,0.0,0.0021195477985839224,-0.009022159039403484,0.0022619555398777553,0.0,-0.008958083281674046
2391,-0.00167061258371573,-0.006571828859764002,0.00021138695082943492,-0.004780184737483323,0.0,-0.0015188725562741987,0.003636931170381548
2392,0.0017988554554299776,-0.006628568234521935,-0.0019061968359455027,0.0022794943852349593,0.0,0.002787364430803204,-0.0031608180418598087
2393,-0.0005131988566498899,0.0009720706674902243,-0.008358256888656289,-0.00782184435483557,0.0,0.0,0.0
2394,0.0004490821543993426,-0.001990658100585266,-0.0030400737869979103,0.00806972359131433,-0.009119379302706985,-0.0003269982135883164,0.0020571465917125086
2395,-0.0040585554373696415,0.012111276769051132,0.010633503095706069,0.0005064680234213737,0.009495229159054321,-0.001843966697685506,0.0022045452510333144
2396,0.00129254405498417,0.0,-0.008503219069323869,-0.0008761253739987995,0.002621880643938132,0.0,-0.0015735324529132459
2397,0.00218853470172805,-0.014512173754143796,-0.008142439254847204,0.001722894884223255,-0.0026218806439380978,-0.0005341623517197818,-0.0034819714951431577
2398,-0.0025758941582711744,0.010961944880319778,0.007968929671276036,0.0025995113604372158,-0.008727924221113407,-0.000864267910907059,-0.0014325284519130495
2399,-0.0025262931694303636,0.005357461070543824,0.011981297283114358,-0.004064744148685709,0.001912352195654667,-0.0014029477649062873,0.0017502274287018282
2400,0.0011030119012499153,0.0032086129441351446,-0.00021107873169099004,-0.007326555502074248,0.00943745266939685,4.132792332219113e-05,-0.0006356305297160418
2401,0.00219765499234116,-0.002222115746102518,-0.006466253379316558,-0.011154108323624191,0.0037182973870801394,0.0007432308977158078,-0.002551866214867419
2402,-0.0017442866157247464,-0.0022766094901514396,0.0020097353493136283,9.068789414508114e-05,0.00221579297956108,-0.0006192707193647209,-0.002406069765878483
2403,0.0018732147692318,0.0,-0.004804571124412547,5.432462442070187e-05,0.0022045452510333144,0.0,-0.002257755826291098
2404,0.0014156892965342645,-0.003068620839032119,-0.006650488335003509,-0.0004926166025147089,-0.0022045452510333526,0.0023074523907647415,0.000161658100472053
2405,0.0015391433070218179,-0.004665892518938652,-0.003518354285967686,0.004865467584276817,0.007667440952535689,0.0004928630926974777,0.00048461356923969016
2406,-0.0010896627651888241,-0.005914865345037065,0.007008434198780681,0.009340303309526551,-0.003269484564847789,0.0015570533059687422,0.001611484156579385
2407,0.0008335173835954538,0.002349100746064106,-0.005113776628604856,0.009801974993118854,0.0025450565705152153,-0.0013928898256907333,0.0006429231106107868
2408,0.0,0.004879023785042123,0.0,-0.005541551355349816,-0.0010889127691367092,-0.000615933278541221,-0.0004821030821474902
2409,0.0003201581286919811,-0.0045255436703785165,-0.001673923394189012,-0.0032469769700044122,-0.0010916498799381099,0.0006159332785412368,0.00780810964281176
2410,0.0017885369436411826,-0.0021695951338988615,-0.004748375055962895,0.007775362477383784,-0.0032915107762875964,0.0006150609750617851,0.002833391954457774
2411,0.0015271909606406552,-0.011970743565489704,0.0010695816145730478,-0.011875966051508707,-0.0014709395328405847,0.0006960177018730805,0.0
2412,-0.000515406655243681,0.005756531517163761,-0.00022261237962690173,-0.0032505918286387645,-0.000737342251654895,-0.0015984055030978139,0.004060315993442739
2413,0.00032220083227366315,-0.0070817853445184304,-0.01228535527225736,-0.008185332552235322,0.006954716808957034,0.0,0.0
2414,0.0007723081144394929,-0.00920473264174238,-0.0009172009362738687,-0.006758495255833858,-0.011032629229397194,0.0,0.0
2415,-0.0006434946827061511,-0.00201485636485835,0.0010088145811452877,-0.000942285325540294,0.0003723056223751152,0.0019255576706585721,0.0037145869951744894
2416,0.0010291343249494325,0.001968105249908652,-0.008650556875022017,-0.006089825849206104,-0.0033622966539516475,0.00028692005888312534,0.0010774633821196132
2417,-0.0011579477566828228,-0.003945170038659569,0.003953444271146601,-0.003211555681836505,-0.005282534934412097,-0.0004099438494903779,-0.006193252645709236
2418,0.0007080015352298217,-0.0008028063170451975,0.00027771149741378105,-0.004681753823740924,-0.002665559769270629,0.0007376205466583677,0.0035719039480195864
2419,0.0014125498262602424,0.003765038594951389,-0.006714585693792307,0.0029457409387259287,0.0030450219881708175,0.00012281504966741555,-0.003104334031795389
2420,0.0011523150442837003,-0.010193504747444126,-0.0005642631567725254,0.005545110850422573,-0.00495905982365398,0.00102211033740632,-0.0009356437699444677
2421,0.0012767743486712087,-0.003709676458407423,-0.004112981258015238,-0.0018523394228328537,-0.006955042479216998,0.0015897042288197743,-0.002819086953866923
2422,0.0033021526333755916,-0.018079692458431273,0.0007119194237820203,-0.0052405004183296786,-0.010645972022019428,0.0016649769102792024,-0.0018896091386870614
2423,-0.0017114451121980532,0.01788611345727413,0.012142357067305347,-0.002073188165356047,-0.008057642669621936,-0.001177005530958912,-0.0034857825227176424
2424,0.0003809044084869157,-0.006387874341342799,0.003668824200087865,0.002055890732007926,0.006458029509830428,0.0011364721899529602,0.00031804796873872277
2425,0.003476144077532912,-0.0060845258879227695,-0.009790975090345587,-0.0035478758007899316,-0.014667999554661667,0.0010526393266944017,-0.0006363290250534185
2426,-0.0030955734541700452,-0.011202360944269534,-0.0018723654002774268,-0.0032417899887068314,0.003302635550085661,-0.00113371735958383,-0.004480601825453698
2427,0.002402566953173161,-0.0019806483250156674,-0.0010802766705316257,0.0022999931381104746,-0.010826693492620424,0.001052835623267916,0.0006429231106107868
2428,-0.0020223295304570175,-0.008688749992600029,-0.002546912384468968,0.002235076541877157,0.005447083721359004,0.0008081403186048237,-0.002254407267190145
2429,0.00012667186378411693,0.005418752562583191,-0.0060015327417129545,0.006688860321495664,0.0016623732523114898,-0.0012532593234182159,0.004177485606055849
2430,0.003594703666403967,-0.010275339794827974,0.0004793537814489357,0.0031185384386639803,-0.01519552608784119,0.00250291247495967,0.0028687446233395825
2431,-0.002898668068895113,0.013443521614976736,0.0068446645382928455,-0.0022969681775654245,0.006819288006277114,-0.0011285617017383835,0.001110525307694754
2432,-0.0004428026562802971,0.015699702739153696,0.002726690051293944,-0.004239195597049277,0.013735421667490757,-0.0006866317349703534,0.00551042624331916
2433,0.00031633367405138385,-0.0035501109011911495,-0.01779321060117056,0.000458969303093777,-0.00040990515728410383,-0.00044487030019621905,0.0007815270813422145
2434,0.0025224086119409483,-0.014958916130364654,-0.013638686595232203,0.004460789600334045,0.0032684593169849153,0.0018573425638519654,-0.004552559300686214
2435,-0.00037742860014829837,-0.006661326499431224,-0.0035411510965405774,0.010677562591638065,0.0036478519058992308,-0.0010488261208906693,0.0009458322763574256
2436,0.0,0.011806391973005146,0.0,0.0014545275504313877,-0.004870643371339399,-0.001213339814838299,-0.0022101548051166884
2437,-0.003221455913572974,0.021343605158576855,0.015467607158879402,-0.007806317762010934,0.008488110225517757,-0.0013792289179078297,0.004722349702551662
2438,0.001518956308780816,-0.003825554542613797,-0.0104176144222347,0.007942134921892644,-0.002408293501636914,0.0010550983071708772,-0.005197421197767517
2439,0.002142801094215711,-0.006813947890885655,-0.002517656221246375,0.0070344130782059216,0.0063926744932264615,-0.00012161137389532046,0.0001584149139956721
2440,0.002882357451817976,-0.01687526314001053,-0.009702455445656392,0.006694936202445828,-0.008814397210186875,0.002022423706524125,0.0018964854674109895
2441,0.0007487837749777221,-0.004959286702701819,-0.005456359010499666,-0.009307771935197754,-0.008583982148229566,0.0013296589597726427,-0.0003155063574315655
2442,0.0007474949898746279,-0.0025010429206947945,-0.002885688237489035,-0.005653495724676064,0.003699644083619255,0.0010447503677773842,-0.0014226219589441329
2443,-0.00037358667413657563,-0.020599214312195215,-0.004072449631124693,-0.008016457005366693,-0.007847664937834594,0.0010022030614099257,0.0007909207829834586
2444,-0.002310913028651217,0.0029488233525586725,-0.0006913401649369371,-0.0015429504370075317,-0.006720358187708193,-0.0016448288801764839,0.0012624848480755145
2445,0.0016875535389658939,0.011068848958521718,0.004500501226676566,0.007174727077503805,0.002111304507719522,0.00024109612864083087,0.0
2446,0.0015567243060729504,0.002802762548442166,-0.01555047599793785,-0.00010825182245662958,0.004192064227018756,-8.035050567057018e-05,-0.004116566194832508
2447,0.0011793897273299895,-0.0198997704986289,-0.010778462724413938,-0.005524891988208382,-0.009702951509795778,0.0014039920662165981,-0.004638062853305074
2448,0.0027805816953688435,-0.022073134494600997,-0.010479084083845729,-0.01553505862340902,-0.0012817357515077681,0.0015192126614376473,-0.0032277702045714948
2449,0.001107266984256404,-0.02129962852622716,-0.018446016474247564,-0.004973455601324136,0.003833914390579049,-0.0009188884421265542,-0.0057069741313969915
2450,0.0008592601370910015,0.012738936286349475,0.02113232373605406,0.013672950737443746,-0.014664762042261189,0.003267184905687363,-0.002634091361724604
2451,0.0006739423375350146,-0.020925865150761593,-0.003260012076942002,-0.01632378378046618,0.000438459887725753,-0.0007150843798399809,0.004272322206222343
2452,0.0007951313065029908,0.010376653580162971,0.007681792813276233,0.006377002316348031,-0.012898582447462715,0.0007944655684896286,-0.00016354527849222935
2453,-0.004360484657004328,0.03147336497577181,0.014804091993086167,0.009413141717161358,0.005383884840802519,-0.00234786611437482,0.002446735947087378
2454,-0.0008031623691364004,0.004435338669117353,0.0034207281131112934,0.001171578332182431,0.010571584408755549,-0.00039920444202841903,-0.004907334494744268
2455,0.0034492439125638876,-0.019711583938299037,-0.00967994782635783,6.0743828247904313e-05,-0.005253626346159904,0.001992362802005336,-0.000988156244065789
2456,0.0017144031135767884,-0.010291539708536655,-0.004446929746834527,-0.007362459334492859,-0.00398235122243852,0.0017853450151510374,-0.0006600221360074554
2457,0.004256630789889588,-0.01238497042475483,-0.014370827113843415,0.002579963491382425,-0.0022282987924988878,0.002644655324299516,-0.0009919177861349314
2458,0.0009671140684697081,-0.021201616161273827,-0.01111386595051528,0.001411540452276775,0.0008926919523417888,0.0016496690035164069,-0.004993858955561601
2459,-0.003942369271968404,0.024208825182733075,0.016280682129443363,0.010021480050897645,-0.010835351589767726,-0.0016496690035164038,0.00499385895556157
2460,0.0027936813111304184,-0.011590137442356046,0.003976563260939707,-0.0011323847888206784,0.01703333929877935,0.001532043087958357,-0.003823478507750187
2461,-0.002550037836632324,0.026912345359652635,0.006008954664635193,0.0028555992854242753,-0.003974252784488934,-0.0009028586506312556,0.0021652310486529117
2462,0.003940168184176564,0.008477444896527117,-0.0029098566607598138,0.010553349497194527,0.009217308196860815,0.0008244236708455236,0.003475036304039764
2463,0.0008439928734314227,-0.007651677603515484,0.0011214841142381795,-0.003252171875980216,-0.01099538430146176,0.0009794205628266019,-0.004140112210283977
2464,0.0024622998625475523,0.0011769505357743526,-0.01180745215822538,0.00559176711979233,-0.002232881432292441,0.000977216743488545,0.0008311858650119929
2465,-0.00023961075471542006,-0.009926823534535903,0.013205246998288553,-0.011565372716386366,-0.0017946078507515518,0.0011308235322997214,-0.002999743573990485
2466,-0.002825373747855821,0.006682503319010116,0.001949385365517152,-0.0011528367131118933,0.005361728372108108,-0.0029306050420918797,0.011388195448537749
2467,-0.0038771141639720712,0.003948962579793081,0.00579619923428861,0.003386303661258452,0.0013301525923467737,-0.0003137682657222092,-0.007890502863103737
2468,0.0007903450441513283,0.01781794013568176,0.006530867158958135,-0.005860476303726777,-0.0098504002092841,-0.0015328750059314129,0.0003316491050084071
2469,0.003990482732806292,-0.007211435772026705,-0.005271486199060812,-0.004225069626340043,0.0013564648671489277,0.0020818207946774778,0.002808838473688906
2470,-0.0005420024744446722,0.009738206321436346,0.011971626523294497,0.0060568402544140445,-0.0013564648671488904,-0.0036991598506578923,-0.002477442439368442
2471,-0.002477718229349385,0.0014532390045857684,0.00026586745972953605,0.006696467416576552,0.00896408463247412,-0.0005140750215316552,0.0036287634595371905
2472,0.002055692601176213,-0.006804882801710967,-0.009947136057913706,-0.006437227138779339,0.0035344608664988285,0.001343220609075785,-0.00230570232384512
2473,0.0009038389982445928,-0.0034142823799739428,0.007013603687747817,0.000758057201486413,0.009574013567272981,0.0,0.0
2474,-0.002172382096413219,0.006689435068651317,-0.008648340179648379,0.00472757147050312,-0.008255971639360142,-0.00015781049661672234,0.0024699278814467865
2475,0.0015097508143969926,-0.016979337124930955,-0.007877949366783847,0.009940292503157875,-0.0048525027944116336,0.002400401471329108,0.000492304396457805
2476,0.0017662937151001535,-0.003996242644765917,0.004204667317336894,0.0033282167564579125,-0.008511458763570623,0.0001961671662184315,-0.004119690177308833
2477,0.0004252726608730887,0.0052813113163337234,-0.00370461604516476,0.012856948796146631,-0.0009057239610231735,0.0006663063616774165,-0.00016560323628831303
2478,0.0,-0.011644932130140374,0.0,-0.005451610107500419,-0.0036419037896966685,0.0015637589382301602,0.001653197587853027
2479,0.005011029667194976,-0.025857396070701585,-0.013306700765238978,-0.0023964029087903058,-0.01205163406874182,0.0027618802575909915,-0.0026481452896885385
2480,0.0008395642971788252,0.0029783206604916145,0.008897581860185853,-0.009623287796390668,-0.007586122699021624,-0.0004267488217713505,0.002318008837528141
2481,0.0014354878191994182,-0.009706735667577175,-0.006328629028055916,-0.0010620831922677088,0.005701978824470203,0.001247189533510935,-0.0013230611356925815
2482,-0.0032967098479468886,0.015540489423562663,0.011736126492108161,-0.0016021929374125665,-0.004746435024460764,-0.0006621234583610696,0.004449270943166132
2483,-0.0003009455334222646,-0.0071619691828678205,-0.001887757048551049,-0.014685421667576923,0.010840251425405834,3.897639508295621e-05,0.006347306084556582
2484,0.001382625997710561,0.007597914064000638,0.0038776550631987633,0.0027028754580601527,0.0,-0.0012098977889477168,0.0019344997771996225
2485,-0.0019851434110867185,0.011001608916193516,-0.0033215801064308075,0.006398535747539738,0.0027839485196118137,-0.0021942026994357733,0.0003215805270243643
2486,0.002465026865331888,-0.017713594835785433,-0.003683321462226435,0.010993167270079098,0.00046374214967235763,0.0023895756308456467,-0.002579336353315424
2487,0.001914248749424336,-0.007846026904254517,0.0027932594483117746,0.020537265687509933,-0.00984411721992785,0.0006246034074779807,-0.002920183088184971
2488,0.0007752598371424861,-0.0070734620827112476,-0.0033514853032092485,-0.0035024210957772645,0.0,0.002256686671484871,-0.0035959853930291
2489,0.0005359088000418811,-0.005067210315284153,-0.00735151442316608,0.012065948259745085,0.020375759371718212,-3.880921158211352e-05,0.001311078676934209
2490,0.00011900109182574972,-0.01935630760422424,-0.006840329792339539,-0.0039871157823400975,-0.0031783324012420663,0.000736782636302815,-0.00394517003865879
2491,0.0019588248751550453,-0.014496592662609002,-0.01002194885357513,-0.010003840451954616,0.003630487030218241,0.00011621992359559924,-0.002650165245232214
2492,0.0004143749204592539,0.00788112715580123,0.0014797100580508388,0.006282996087101294,-0.008211694931215728,-0.0007365853277554145,0.0019891385089350114
2493,0.002419145411147397,-0.02305516126702319,-0.009558448701313825,0.006336747446847481,0.0,0.0015879157796301914,-0.0023215491504240274
2494,0.00064675288483282,-0.005773899531108004,-0.003639360531018679,0.000981707167269619,-0.006495978743686582,0.0011582222579133818,-0.004008900606374044
2495,-0.0030067341405979812,0.010745675170158429,0.011421551206526714,0.0019346194605372262,-0.006120240325792097,-0.001506292122674449,0.0026767078994919856
2496,-5.916415538221737e-05,0.0072095693141362785,0.006302342857207712,-0.00038981409810838426,0.007986170078648996,-0.0005032605871137403,0.0028260410504461083
2497,0.0022425909747143978,-0.01907446462585771,-0.012095809055306538,-0.0013358193586845769,0.010576248529600374,0.000541948795404904,-0.004832023748044773
2498,0.0024067201901760028,-0.012351875136951258,0.0017401805631791685,0.00454852975045661,-0.012909916057237921,0.0018529926005154981,-0.0003352331173037303
2499,-0.0027011371778621535,0.01010474448415682,0.01006315458929445,0.005046394453739056,-0.008506583897768942,-0.001234449527250109,0.0011721855480508676
2500,0.00023554955528150545,0.006928594814623727,-0.00988353323900936,0.006547154148923171,-0.0014341052609977585,-0.002557187850793162,0.003497692585434014
2501,0.00023542186883769768,0.0,-0.005724394465899346,-0.004876099631673431,-0.008217280415181917,0.0,0.0009941884888858945
2502,0.0002940979877428587,-0.035082500579831956,-0.009195004341198956,-0.012933881539848814,0.0034024363991792036,0.001706463814016916,-0.004659142575291317
2503,0.0012916703589171768,-0.002732937462895598,-0.014488324099594002,0.004338237899419968,-0.015274551026746718,0.0006961708387383465,-0.0003347163802702561
2504,-0.0005279463521935089,-0.009208577744027715,0.003000208984614575,-0.010933835139930589,0.0029985929152214507,0.0007336383301549606,-0.0015094243180997318
2505,0.0020495294380237423,-0.0014024147797400332,-0.019715950483439774,0.0029947730019557286,-0.010586924847979318,0.000501249957070411,0.0003358812865820398
2506,-0.0017561466788404056,0.016616819983819947,0.012208567800752659,-0.0072937777874679905,-0.003072851134896335,-0.0020084803726083456,0.00016784328011898927
2507,-0.003238162701220316,0.03010634757863581,0.012755527205206466,0.00772011352804398,0.005109405778481753,-0.0038106484274588416,0.009297178816940413
2508,0.0,-0.007710679424549882,0.0,0.005114582297800652,0.0,0.0005464297248809339,-0.0032976201099800422
2509,-0.005770451956176305,0.023592388183319796,0.01905915019544027,0.003231824810377681,0.015467607158877449,-0.0040363323823959275,0.003461845667581631
2510,-0.0007792187950217662,-0.0017920900311495494,-0.010040179479269695,-0.005016348892955498,0.0004898979446748107,-0.00027568002497262086,-0.0016450568226391653
2511,-0.0021651618517593892,0.0231482741454548,0.011541371716826938,-0.0020721701566681176,0.0038994154841866693,0.00031504860424269235,0.005405205695946106
2512,0.0005423032736747993,-0.0008180089975791923,0.0020929895058424625,-0.006869032706769943,0.007218357005180836,0.0,-0.00491103403416486
2513,-0.002173288014328046,0.013766961570103934,0.004451297750512669,-0.0022647083452465525,-0.008676537944969177,-0.0015380251983097076,0.004911034034164922
2514,-0.00030270753431783053,-0.01698574799064895,-0.004809380344855749,0.004985863425363957,-0.01084560175750551,-0.00023710345369815626,-0.0026123055117760452
2515,0.00024218290431232985,-0.014965096622308138,0.0056941911403577085,-0.007420686812028361,0.00149499108695058,0.0019325672913623265,-0.00016379199964181064
2516,0.0024746191278547398,0.00579539072033647,-0.003371914434804012,-0.0030590421601724887,-0.006011092251914649,-0.0012216449177825136,0.0034267260704144414
2517,0.0015619959471069777,0.00426159027886226,0.009225028391151292,0.0077388653396008224,0.00401662499501282,0.0016936186812094886,0.0012983402252809422
2518,0.0007788962927623777,0.009013008960917954,-0.004382423482488452,0.0017477022195561312,0.004474739457436269,0.0009424115421076068,0.0006477174681653823
2519,0.003932990079676324,-0.020709511494267,-0.0012939444298142937,-0.0044978451291421435,-0.005976623888757535,0.002034903079439094,-0.0029223664191137403
2520,-0.0004748334291833105,0.015020731031208797,0.007995703101070815,0.010372742662172639,0.006470983056426092,-0.0014469326634851053,0.000488428709666923
2521,0.0017188067437205086,0.005416324693832378,-0.002203073782131463,-0.002082660360345699,-0.010501587225066363,0.0021491065947872104,0.005015190371479971
2522,-0.0017781974421926755,-0.001501569718672616,0.01022457193158293,-0.003786140818534764,0.007526955856863439,-0.0024233937310127727,0.00765296422852537
2523,-0.0016662456028930048,0.022450706533592518,0.0045180587647042315,0.0015394675130756548,0.0,-0.0003136832797283628,0.0004738620021707924
2524,-0.0007757924790176091,0.004264157405415152,0.00039310293927701813,0.007838773481159175,0.011293765956555714,-0.0014930974909612771,-0.0023744973416050265
2525,0.0009546248809286982,-0.00811182495327476,0.007126130101706187,0.0069177091955132,0.001451682071104874,0.00027543025822883064,0.0020586467953901005
2526,0.0035021544844817624,-0.01696522001671689,-0.01260536838361478,0.005807590246467761,-0.005836071901502095,0.0026665568891562352,-0.0014241770230808521
2527,0.0009448891013725623,-0.013981683241979579,-0.004858889900646304,-0.012900618657428017,-0.009904522355516832,0.002533700255038719,0.0015821310098747567
2528,0.0,-0.007234862258653552,0.0,0.0062743750876743795,-0.011162388526519032,0.0005826068242655653,0.0072044732433811385
2529,0.00023590140824654755,0.012617736015378642,-0.002132147297251408,0.0033805342094119,0.0025622167646020327,0.001201583071731197,-0.0009329638000459747
2530,0.0006480689394851356,-0.005805133859901985,0.002419474123413497,0.0019239025356010166,-0.0041068342146442964,-0.00019357900115448326,-0.0024977465363317723
2531,-0.0049735698953810815,0.013790484820941078,0.008532582549748615,-0.002235445055131863,-0.004667090092862172,-0.002485462103597951,-0.0037737629070033587
2532,-0.0007748342499614442,0.0015660082945594316,-0.0005636528784747631,-0.0014534697206936792,0.011321113321386153,0.0005449115920684364,0.0037737629070033933
2533,0.0005961490049373398,0.0036546735887811295,-0.003113235424140798,0.013875310155155841,-0.00924065673491322,-0.00023344982567309925,-0.0017255718207544201
2534,0.0008926919523408265,0.0013458160193499105,-0.003135713852860298,-0.0046408422421447704,-0.0005191805542427509,0.00019455023480825442,-0.0015746735231811524
2535,-0.0031025428085682677,-0.0009416331312650342,0.012131131502955382,-0.01889896361184609,0.005164085600006525,0.0007384970818897001,0.003300245343935553
2536,-0.0018000626014559676,0.010313107315280838,0.008158075054319295,0.005438108219552363,0.010147528978321893,-0.0022192692936738763,0.002497746536331784
2537,-0.0007823501408615519,0.004187895468104861,0.0020157968612363438,0.007862803281967517,0.005481701348694398,-0.0003905174994747893,-0.0015594073555213902
2538,0.0,-0.003465220874161296,0.004165277628972034,0.0013408413381086751,0.006878110670834192,-0.0006255593186768105,-0.0026639110015648317
2539,0.0030611720377660685,-0.015094638386090346,-0.004437136468461574,0.004067698087092575,-0.004409118905055331,0.0019908370287321743,-0.007131432520036101
2540,-0.00529893957843102,0.018885344160374275,0.01058455468785202,0.010173095400391336,0.002944380646782058,-0.001990837028732179,0.0057144835244296805
2541,0.0,0.00543198512010197,0.0,0.0006498234456662472,0.016317955275028946,0.00035198798244908156,0.0
2542,0.001346081466720408,-0.002642839140184977,-0.0028757802225097555,-0.0018632999863949528,-0.0028354473857796817,0.0013271637494003234,0.005173032792399182
2543,-0.00036669955618228096,0.0017422133179935849,0.0027696087314791978,-0.007944513127929473,0.0018923536777054172,-0.0013271637494002998,-0.002814012967730015
2544,-0.0003058196604809443,-0.010032147022676305,-0.007875536707918688,-0.004124155356908269,-0.0009451461443130697,0.0017556733864354877,-0.002674526182100699
2545,0.0019535348402923624,0.004719213761148149,-0.0036919868262533357,0.006960687259000555,-0.009566344533938786,0.0001557169188081711,0.0012606525017441073
2546,0.0016414873620761814,-0.013103280588625726,-0.004384082472229414,-0.000232107069976444,-0.0033986326304295683,0.0008975045274945084,-0.001892353677704777
2547,0.001574849219356189,-0.00452499704896847,0.0019234839245704904,0.012245858236132343,0.0,0.0007400203715254677,0.002992430753439026
2548,0.0013883913532517617,-0.017242491889856586,-0.01167080353853612,0.00047932704723711807,-0.002934433339048276,0.0008164528719396768,-0.00204522322004678
2549,0.0001807677370128572,0.012326671020149288,0.009196184410682434,0.009227499852610793,-0.0009825671202571373,0.00027181022598977305,0.002045223220046823
2550,0.001563509931493276,0.0033515292898574226,-0.00011031101962067037,-0.005860258040210574,-0.006940927128901997,0.0008531548954827129,-0.0004711204387912668
2551,-0.00012007035794014341,-0.009784614473204327,0.00044107606371435713,-0.0016439765397436802,0.0029951462293586156,0.0021255834648774593,0.001255187237608473
2552,-0.0012025329070496343,-0.0075922626382864825,-0.007391715458659777,-0.0006832910540156372,-0.011595317991277596,-0.0010035248447960946,0.0006262358430485156
2553,-0.0019310054628970974,0.01880536678844917,0.008437479243368552,0.004332570194054511,-0.0030764790886369095,-0.0011995489373365505,-0.002510379717599884
2554,0.0009062279463452022,-0.006568940464800069,-0.00475368440167558,-0.005925923065790166,0.004606584541867747,0.0011222585861974704,0.0023539053934773955
2555,0.0021072068603628764,-0.015296604937199466,-0.007795022739540809,0.005595890693573381,-0.012394500617248321,0.0013120689191302192,-0.0014108116854030582
2556,0.002992669517720351,-0.012387522531416286,-0.0011331891149435182,-0.0019217421697601627,0.005724755511606373,0.0005775961509754325,-0.003468068738577719
2557,0.0,0.011451259977758643,0.005076227060945256,0.003492862845673431,-0.000517325233179692,-0.00023094628669656825,0.0006326213527985728
2558,-0.000178979801380547,-0.007600526671319479,0.0036296117820731086,-0.0010723940817820889,0.0,0.00011548849473679173,0.0
2559,0.0,0.0,0.0,-0.00852669100586201,0.007695909860303784,0.0,0.0
2560,0.001964732654169523,0.0,-0.002230015076384561,0.0018608916751160923,0.0,0.0,0.0
2561,0.0030190292062615503,-0.019755833688793224,-0.00675958364729586,-0.0054596769174400355,0.006060021328341965,0.002800795711757913,0.0
2562,0.0008839703477314704,0.005416526593786969,0.0005673344789859404,0.0037874146704817797,-0.007078297250647256,-7.649396442576845e-05,-0.0030131927176162043
2563,-0.0070628195938425035,0.0281501954270356,0.009532992425336987,0.0006016466715388756,0.0,-0.0037262238003587128,-0.0035152798993901115
2564,0.00011965683555601848,0.0023758727612461336,0.0008311858650150728,0.014675207453381963,0.0,-0.00011575527105942591,-0.0017683679072244603
2565,-0.0007184360313368924,0.006570389794640465,0.002759186421355712,0.0002572930164225793,0.009578560240962966,0.0005013834991174421,0.00032205747260306145
2566,0.0010772088579389036,-0.0058044995278610165,-0.0019295883049039416,-0.006625057465974405,-0.005015003554008489,0.0009625751577881155,-0.0001609988829938423
2567,0.0010745435961876674,-0.011990053808726604,-0.003383625698116917,-0.007260747678884945,-0.005073591369066894,0.002378020414512519,0.0027288968708270678
2568,-0.0046756793363327935,-0.00021459004730366304,0.005862953926935323,-0.008458883921540424,0.0,-0.001379200290085436,-0.0012820510621142907
2569,-6.027263654154452e-05,0.0032787856650223672,0.0006587706714859864,0.001245723673637493,-0.0025591970455633682,0.00026852108556251923,-0.0003211049920057976
2570,0.0010234989407993747,0.004380427225150872,0.0015332566036866432,-0.0002673449466146786,0.0,-0.0008829077229908776,-0.0014479177468406323
2571,0.0014408456077098536,0.007111739771763976,-0.0008207142257976713,-0.0029157193159588994,0.004595751689148851,0.0008829077229908533,0.007191793297630154
2572,0.0003594657249529268,-0.011776298169562313,-0.0008222681192285304,-0.0017289610085217252,0.002027049103070372,0.00038331377766466897,0.002686203285385685
2573,0.0,0.0015604260788332036,-0.0008238279079327233,0.006903637223756797,-0.0015193991540896619,0.00026811848744592826,0.0004723159594440895
2574,0.001912141699412234,-0.019105670398852113,-0.007597505127025398,0.0006162137376085714,0.005044127340193424,0.0023675656874397283,-0.002841631611723544
2575,0.0,-0.0001479960763703971,0.0,0.004850451873321789,-0.008098966303055018,0.0008750187431871056,0.0034705882486664764
2576,0.0009529229975731233,-0.0060366228076982375,-0.006481706895372636,0.006721024531567762,0.0,0.0008353279898128796,0.0010984870800713085
2577,0.0017811145206715305,-0.012408170351780263,-0.002734286987252086,-0.002981073610318395,0.004574238116951252,3.7931305486049705e-05,0.004831605167523919
2578,-0.0007115694905390521,0.0016955617991329618,0.0014262557380311756,-0.0034657173528716465,0.00999571124252953,0.001363325269241458,0.002780977369605418
2579,0.0013628189208624516,-0.01430967329631789,-0.00891924620342253,0.0018852206003973975,-0.002974631368203231,0.0020746290813283474,0.001690761045741629
2580,-0.0014815272670718218,-0.012582112885194032,-0.007624541899327065,0.008461233995622368,-0.006515792462002618,-0.0011303871084991542,-0.002924553017316598
2581,-0.0006534765340635003,0.005933188037003518,0.004532219095723263,-0.0005734029027276369,-0.004058856476867206,-0.000264180879170634,-0.0006182128900189984
2582,-0.0016678453488633586,0.0064103670383476976,0.0029178723164593346,0.004039639227033829,-0.009794593359912297,-0.0003398974335089294,0.006904668199308963
2583,0.0013704851990037482,-0.0081899334325468,-0.00804217668712864,-0.0026278485184097677,-0.0015669090307142543,-0.0009834228666069386,0.001367857766681079
2584,0.0002379044057865607,0.012857684793073275,0.006585691044389129,-0.013842513678777488,0.0005229314080372479,0.000832271909924337,-0.004423054903320326
2585,-0.0006545509632441694,0.0008647372394327579,-0.003162778917310026,0.0005093100955131071,0.009306666459843228,-0.00018901270346699005,0.002445874719039945
2586,0.001842122066660129,-0.02083211508973803,0.0012913212111219238,0.01407783714423543,-0.002050981294261071,0.0019993614066330856,-0.003520291726937289
2587,-0.001961237394313779,0.01760021456665638,-0.003826407853050354,0.008046751510243474,0.005617055727461083,-0.002226285289826589,-0.00030746513277349455
2588,0.0015459567980481152,-0.01718844390728741,-0.003264271808302341,0.017020132652915382,-0.00459035434644615,0.0022639207577579376,-0.00308668308514528
2589,0.0009486299622173021,-0.011426169189153354,-0.007208372650173782,-0.0057570734043098535,0.0005124419260071465,0.0005265543856797262,-0.0013961970721787695
2590,-0.0016020171197123013,0.0010129321954044641,0.0031383284230079933,0.0014391879498811756,0.0,-0.0011291135970155166,0.008615405087017717
2591,0.0008907389775321753,0.009094194273159635,-0.00012028652117105788,-0.005165779919094379,0.0,0.0011667002067513683,-0.004132524929693666
2592,0.001598740780341331,-0.006320751291203793,-0.007401202558062564,0.0016814345754087101,0.008620255208099807,0.0015382568678312916,-0.0016949602145654539
2593,0.0021225403840843316,-0.0046322937967811775,-0.0001835952180826611,0.006784264498560711,-0.0025176562212474423,0.001570146174433418,-0.008890518929612398
2594,-0.0020634406382077962,0.017915010479045042,0.004687881096651637,-0.0023850956322568526,0.0045213252051004155,-0.002132291243949766,0.0012588254665722744
2595,0.0,0.006532079880776514,0.0,0.0004739444872965364,0.003979816917373671,-0.0004877816629876744,0.003754730723811417
2596,0.000295378153196379,0.0028719063781409335,0.008277096067715263,-0.0008731764699410967,-0.0034803407474233135,0.00011261363524755736,-0.0018733076431544967
2597,0.0018268741151241177,-0.017440631605376754,-0.00658488052659156,-0.0052538579433794655,-0.004011986793905315,0.002134129512687035,-0.0018814230806569266
2598,0.001115910432897843,-0.0045763804060282715,-0.0009057239610233667,0.003852494020018285,0.001006476654180955,0.000709052372854323,0.002819086953866893
2599,-0.0013512047536489663,0.008367210198958244,0.0034317480107484534,-0.009762472196352881,-0.005564711311370466,-0.0011200861140917,0.0031110052937283602
2600,0.001468502386206164,-0.01071566039688759,-0.005248882385196587,0.008947235332738583,0.0035494200760440597,0.0011946559085579316,0.004625118067975743
2601,0.0006445712983704426,-0.017241958397058426,0.005068938532650558,0.007035501780198959,-0.012292173804550102,0.0005960978640600346,0.00244673594708709
2602,0.001169502475690464,-0.0025451300436064674,-0.004159420960646127,-0.004735838867333194,0.0010377411912604305,3.722896422673322e-05,0.002433028670998956
2603,0.0004725086628519445,0.005423284548380442,0.002596776522265879,-0.008724002670595211,0.0005179421984239492,-0.0018279827368447416,0.0006061333599448566
2604,0.0016497436054686706,0.00724128258182329,-0.00018066747063852609,-0.013033301537214404,-0.0015556833896844134,0.0019396504851090885,-0.004260806948725018
2605,0.0007638273314069623,0.0011952283436767216,-0.0009044664468045043,-0.005810842317859766,0.007723282645570469,0.00014884568114319774,0.0009165557012279943
2606,0.0008210836674842979,-0.006701412804937699,-0.0054667160091357875,-0.005578674190369622,-0.0025591970455633682,-0.0002977423936342513,-0.002909087258745802
2607,0.0011702903387259818,0.0019006353394329146,-0.00012226759143181304,0.004770030813560283,0.0005130472916834992,0.00037214610837929226,-0.005721605215922061
2608,-0.0008774219737917537,-0.013749355505571655,-0.0014085569822866845,-0.006463818231924569,-0.006196934847105114,0.0015344127089201964,0.0009329638000459754
2609,0.0010526938461783858,-0.00026701167880947244,0.00042917507174564367,0.007580459390353825,-0.012665621272446841,0.0006719358976866319,0.0018599363841237122
2610,0.0012831702326798994,-0.0201355580449801,-0.008290203375900215,-0.000768131103004955,-0.0026858124060643797,0.001303573455591307,-0.0018599363841237634
2611,-0.0008744774051371183,-0.0053484062511576546,-0.0017524516491300582,-0.005312771272720335,-0.012018979120652614,-0.0008561930586755353,0.004634990438896147
2612,-0.0004086928275427618,-0.019107793464244842,-0.0003136832797280733,-0.0068516890154189216,0.006597005053231009,-0.0005592975427250699,-0.0018480644138128605
2613,-0.00458021681547262,0.027893047045244656,0.012373899180098489,-0.011809356315227544,-0.004963419531549756,-0.004312046252184786,-0.005123104234567144
2614,0.0011790274158797428,0.009064343729214054,-6.100069985402256e-05,-0.0031441516029291866,0.00824112929278619,-0.0018503944877227287,-0.0014077629243907023
2615,-0.0027165639522924705,0.018709872029594704,0.009786991725772489,0.002301469395113754,-0.012141170092541408,-0.004221099512971832,0.002499543486202912
2616,-0.002078394185727759,0.01358482402583896,0.0057562589958481776,-0.0004466400803082002,0.00941146605941505,0.00038196526816085605,-0.0032836102850201387
2617,-0.001669906684362438,0.00584860969244479,-0.0007079927913337177,3.2507631891669354e-06,0.006522693050263564,-0.002796102367272479,0.002660071797572531
2618,-0.0008972411742497602,0.0,0.002355501269359786,0.010591210908678,0.007488021392550392,0.0014577515950101717,-0.002817055165232395
2619,-0.00264265193818499,0.01578543422483465,0.006123085058790899,0.008041666849147032,0.0,-0.002958970443603466,0.0028170551652323857
2620,0.003360593110477978,-0.024108695527553813,-0.009365203475630935,-0.01483524100145913,0.010995384301463898,0.002460816397299476,-0.003445556695912014
2621,0.00017930000195678304,0.010133167048159192,0.0051758351516712035,-0.00036788601276749067,-0.010465433678165919,-7.668982571647632e-05,0.0
2622,0.0006568007439981734,-0.006534598868425394,-0.005767920426615156,-0.006326270322210649,0.009430166246561239,0.0003066780827614362,-0.007293908634148356
2623,0.0007153788553489775,0.0008326200439520626,0.0026580500090746017,0.002890121828008801,-0.0025990172234896724,0.0004596114533247451,-0.003209877745181947
2624,0.0015459567980486918,-0.008398917376316054,-0.0005892734715521358,-0.0025599725194345776,-0.0026146646219081366,0.0019098292954389912,0.002409629717203371
2625,0.0020724433446616852,-0.020934953831687312,-0.004504800950062431,-0.002965546964146653,-0.022055604425815178,0.0028869502463601065,-0.003054462028546139
2626,-5.9075628452801436e-05,0.0021306395076480735,0.004799537630464879,0.0009424171820344695,0.0076577837251735215,0.0006431471354704017,-0.0006457911701514553
2627,-0.0029045941358926144,0.023946947139447804,0.007593775532650006,0.00040935639069580453,0.0037788446903487967,-0.0037588339471096065,-0.002267861455822426
2628,0.0007725018476209055,-0.0035342896545301496,-0.0002896262074024191,0.0029812455841376866,-0.00432137378264253,-0.0009543679002170008,-0.0016271824277021532
2629,-0.0006535659350877787,0.014621853275418324,-0.0014510353688989605,0.002709363427901507,0.005395031886705668,-0.0003823351615016144,0.001627182427702106
2630,-0.0017277668682965353,0.025694131712647623,0.001740661576301386,-0.0073948215319514735,0.0,-0.0021088812466485743,0.0009733911028234716
2631,0.002143786246441339,-0.00651686691776402,-0.0008114406132965352,-0.007828913262653793,0.0005358353325059372,0.0009598520503184717,-0.0003242213527985739
2632,0.0011864356017000173,-0.003689464692255214,-0.0019187015481520078,0.0072193364998174815,-0.002685812406064137,0.0023331742580974856,-0.0009741188724823722
2633,-0.000770814355497582,-0.006192969580694017,0.0008150300980045012,-0.012383407965078972,0.0,0.00030506242848829854,-0.0027719283860201615
2634,-0.0008316406243472673,0.004376000475882254,-0.0021573375676820967,-0.002598101894803568,-0.011465385059838682,-0.0016422358505084286,0.005041482915208582
2635,-0.0013697334746449463,0.008932223737690318,0.006727987104403371,-0.012368088688420353,-0.0050079354870638595,-0.0013413032383942853,-0.0017822219754490517
2636,0.0013102695898528345,0.007458192450478577,0.0029824883537245936,-0.0017182381862551521,0.00556082478121896,0.001264768833067293,0.004039977801740109
2637,0.000772396162929195,-7.623882788053257e-05,-0.0036736733514548445,0.003697541945906461,0.001654457170011623,0.0018712211505658937,0.004798882881768422
2638,-0.0003563198465182129,0.00920373628224142,0.0060677427084417515,0.00243775871957724,-0.003870250149570456,-0.0011446882797255277,0.0022214599939584163
2639,0.0,0.0,0.0,-0.0009477506947458448,0.0033194644297056975,0.0,0.0
2640,-0.0007135179292313789,0.0,0.003961019475268418,0.005920069634428201,0.005476673861175576,0.0,0.0
2641,0.00011900109182574972,0.008866476348985512,0.005151567924812903,-0.0033219523753756637,-0.01158187254981579,0.0015636525131351132,-0.003495986167398213
2642,-0.00035710114269291203,0.0,0.005421145314669236,0.0007672257979952882,0.0016735838895653651,-0.0011817544214282544,0.0012745261734397606
2643,0.002375146646821072,-0.008418826955045576,-0.003144876280351273,-0.00483633849464838,0.0016671593674642403,0.002588038924199837,-0.003193356166349908
2644,0.0009464334596114757,-0.008585258059133379,-0.003781817311215749,0.0062714396763778905,-0.007271036885462293,-7.589907078100721e-05,-0.00032063086129940476
2645,-0.0002955389579192886,0.01597894160332398,0.005384687724411641,-0.0007574075351973179,-0.0039661872176016254,-0.00022777683139464406,-0.0022510686261398146
2646,-0.0008878254851481837,-0.004717433831080421,0.0020913980743918563,-0.002638418686108966,0.0,-0.0007220824377216777,0.003212251936751655
2647,0.0023045818816633708,0.00044444262644208405,0.0034452805956803677,-0.0026291251549533916,0.009570064735599636,0.0023140172137395484,0.0038236004742527355
2648,0.0002945767473061689,0.0,0.0004899593546462851,0.00971001754095658,0.0027750540547728966,0.0,0.0006340066555225477
2649,-0.0017113331438213548,0.008213852058728061,0.00803223761650978,0.0014128238717849065,0.003306826752424394,-0.000529996818448373,-0.00254159895483894
2650,0.0010040129843727084,0.0050558717898879476,0.002980829325044234,-0.0003388605967773068,0.0,0.0,0.0
2651,0.0025878946027756504,0.006556588648017665,0.0034344289115556606,0.01073687911828251,0.00923487727690935,0.0006056578782047854,0.003490876888858167
2652,0.0028056807043969462,-0.008571879883343132,-0.0019516515300314352,-0.0032452851751399877,0.0,0.0032034710234135665,0.006276041038459164
2653,0.0008149208592195242,-0.01676793806873145,-0.0030238667900051685,-0.0010841366286438291,-0.0021553120261359176,0.0016490317710000637,0.00015574484007771156
2654,0.0001162925383588557,0.00780257458871554,0.00497551832003657,-0.003651269627313907,0.004834496845616609,-0.0003742305116558706,0.0012439521054774414
2655,0.0010452339146499727,-0.000810870014216492,0.005439212007156638,-0.011366842940607351,0.0058366661030488775,0.00029941020276137725,0.0007756645782286694
2656,0.00023193297315094534,-0.004822658478712364,0.002022269165799092,0.005514823898573116,-0.0010553941570649059,0.0009716600326678153,0.0012381889553241708
2657,0.0017932931159875566,0.002900016733212124,0.0,0.008823142335962255,0.0010553941570648595,-0.00026138699669657055,0.001850689513249148
2658,-0.00046207689626068444,0.008948792677209674,0.0028360084756242658,-0.001788226497499282,-0.005836666103048868,0.0014915254014697685,0.0015362395994024565
2659,0.0022479955685791382,0.0012324532421535647,-0.005846907452660115,-0.0011803500097518225,-0.0010696913829116382,0.0008181607661960323,-0.003232403410291015
2660,0.0005745396814954312,-0.022966595542383055,-0.008522040164709404,-0.006406556362580604,-0.0021473194890845276,0.002666891339629998,0.0010801431658968815
2661,0.002062072107790173,0.0009149465783688695,-0.00063796483290219,-0.005589579727961461,0.0005378260525154714,0.000479781503202465,0.0006160206449917213
2662,-0.0011443866487383986,-0.004748108990097996,0.0016991614070952913,-0.0010347678388960677,-0.00432137378264253,0.00014751850749978074,0.002455381703125909
2663,0.0013157848546995169,0.006799718266268724,0.004953181729657922,-0.010766976599878839,0.003783547730127038,0.0006632138961113856,-0.002147698741688863
2664,5.711770665193462e-05,-0.004266038684910177,0.0038080235782229485,-0.007561843285152699,0.006410367038346938,0.0018369644251635976,-0.0037066610375468497
2665,0.0,0.00045908511876036843,0.0,-0.0001890356215519184,0.00158791577963317,0.0,0.0
2666,-0.0010292698266336864,0.005395976006167678,0.009909850662720793,0.0011348023731474987,-0.004781271945983959,-0.0010644927761204093,0.0030910769771419606
2667,-0.00017178238020836492,0.006447438531784224,0.0025308607864622033,-0.0076015125204740965,0.0063634029558578805,-0.002617239021867618,-0.0035566419478340688
2668,0.0022278884495860124,0.0,0.003418471726738271,-0.0016979435508458003,0.006271509443335799,0.0,0.0010855429230937933
2669,-0.0002863794906960161,0.011456521469996428,0.007348475687521926,0.0027144259493350515,0.0015538280686209608,0.002028813856868927,0.003394148217918755
2670,-0.002067525902781956,0.009888669827006936,0.0016216955649891844,-0.003784932717146399,0.009208001786823185,-0.0015114886236869702,0.005649190509058842
2671,0.002926098469532942,-0.005489800605862614,0.0013712511948272717,-0.008134416091272157,0.0005058759825366744,0.0042628671838867436,-0.0012152354397318818
2672,0.0011991571776124236,0.006763184915153523,0.0065031342003926285,-0.004316291478285331,0.0005052874123251317,-0.0012818078088293972,-0.0035128635641351615
2673,-0.0014279439506652124,-0.004401910805558443,0.006407191028397885,-0.004223892593694669,0.0025176562212472693,0.0008793614381810835,-0.0013823708708123736
2674,-0.0008590254305349785,0.012311755762967395,-0.0039095826119683475,-0.0018992894717412775,0.006972767608958098,-0.0008827126654768947,0.0023015129745359284
2675,0.002286969381200149,0.0,-0.008512057427525284,0.0011233542441376507,0.0009870333382755849,0.0,-0.007096977170331668
2676,0.0025585269632580755,0.001315939952078713,0.006207083514989078,0.009389256450909874,-0.0009870333382755601,0.004322831883067758,-0.004063238177831477
2677,-0.0003970044511949667,0.0058387642524782265,0.004693050324002115,-0.007068187530937439,0.004424090704828906,0.00014578532594216264,-0.001888239852386871
2678,0.0006237013019139382,0.005357123757506903,0.001617485973616206,0.0015287445957145264,0.0024384931099460765,0.00010930688808776538,0.0023590198246691
2679,0.0018093273690860485,-0.007957697288030004,-0.006506406065597948,0.004483678029988296,0.001940984155544783,0.0017814624295537066,-0.004572392925186397
2680,-0.002092716926876235,0.013715346815924088,0.006031299922707758,0.002746096415574219,-0.006831739466523952,-0.0016721830458175206,-0.0006344697723092205
2681,-0.002844112862030905,0.003246705122111228,0.0009496931007321267,0.0005986407610272477,0.010687875627635107,-0.0026669692373998185,0.009265719174363649
2682,-0.002403533376837211,0.002304304180498595,-0.00047458695784203755,0.005261068459638412,0.002392813115890902,-0.003126154071766379,0.002633504125344141
2683,0.0008599325928270443,-0.009694179343319424,-0.006217294006611453,0.005061018334375471,0.0028540813467571578,0.0010322793903609988,-0.0034111130741887236
2684,-0.0011469555904551918,0.0017337128089987065,-0.00367638424213407,-0.002469789768644869,-0.0028540813467572037,-0.0021780295071761476,-0.0032812475280234667
2685,0.0026334837044438477,-0.00731503016066497,-0.008040904229261611,-0.0037611899914537124,0.0023797017453536127,0.0018096398999610903,-0.004097148141044826
2686,0.0013676782810456715,0.005113363581567028,0.0007910648487785244,0.00042852350344550663,-0.010569635177900449,0.00018423386434557288,0.002210958501244217
2687,-0.0029687657420197936,-0.00450468165725884,0.0016762436957398269,0.005643288528375188,0.0014565507735781133,0.0012874533518317764,-0.0007883365423000027
2688,-0.004665233247877127,0.005039444823982742,0.008092375113812717,0.007307876150491342,-0.0009704908662070639,-0.005842448956754539,-0.0022149857655023916
2689,-0.00046349468850066897,-0.003689864863164303,-0.0033940793193871343,-0.00793625805804201,0.007703873525175855,-0.0020523470341897426,0.0030033223078024572
2690,0.0013312162197269969,0.0007404852295231136,-0.0005845148687249102,0.0052236443312247876,-0.000477509099125908,0.002721923241707263,-0.004274119065017664
2691,-0.0005204248458624201,-0.00869569073129435,0.0029147390072198683,-0.005996767062912906,0.008515850922529166,-0.00048347924194907225,-0.00015911137085921582
2692,0.00046263065030115,0.0123792962065992,0.010428543478895004,0.00133120632870388,0.015191498895070923,-0.0015656985404271986,0.005848640103395296
2693,-0.0026087312886385527,-0.0014696950807740485,-0.003511962276558196,0.0033255817339647607,-0.00045262586890449876,-0.002133945543191303,-0.005053665541488327
2694,0.0,0.0017363788361007793,0.0,-0.0012723025175540236,0.0,0.001947176314018509,0.0025341835984589345
2695,-0.001456094979997259,0.013969452666157327,0.008680517600636782,0.006589376838188464,0.010734910661471916,-0.0023226362508690797,0.00658272012086095
2696,-0.0006422316557805611,-0.001551746115010893,0.007409767832340477,0.002068331171263336,0.0013233971090765675,0.00011267206754247237,0.0012426173910959288
2697,0.0007005692852462246,-0.001622319712073685,0.004204061904339645,0.003243611539917536,0.006557162538105943,0.0011251158673674497,0.003706661037546879
2698,0.0010487395321998798,-0.007740236425515446,-0.008541966559159939,0.0010074290053819792,-0.0034848289839374434,0.002017892291704188,-0.00030768296143704455
2699,0.0016263554506150556,0.007089607866519449,0.0058963245207143515,0.002047744133968533,-0.014678015455812538,-0.00014915239501066122,-0.0006160206449917253
2700,-0.002208675840760146,0.009722215614598935,0.0031001627307990867,0.002899022499052253,0.006733382658968593,0.0007080181032012741,0.0036830848181131966
2701,-0.005453306892750989,-0.00044592029928905403,-9.086609132666632e-05,0.0018784373983180332,0.0013342390890641001,-0.005809920910481086,-0.003374965272089343
2702,-0.0010042861296850254,-0.0011487590348493073,-0.0034670752018357465,-0.002110131268301547,-0.002672589861325635,0.0004902808270893382,-0.0009250152206344666
2703,-0.00023664050818486708,-0.0068272524291844066,-0.014435904925036129,0.005510996633954417,-0.009485747988861131,0.00041442113757978214,-0.0027869260250832167
2704,-0.0005921660065300759,0.00432780115715078,0.004053130388888993,-0.00040658585463272553,0.0004564314470601212,0.00015060060207962842,0.0027869260250832015
2705,-0.005426142920919127,-0.01113219254908443,-0.004337323538021799,-0.0037658003761858894,0.0,-0.001432818656154175,-0.0029422808762846206
2706,0.001078695279859372,0.0034155216966958645,0.004806172209167744,8.28979226222474e-05,-0.0009133430956261404,-0.0006047091491673479,-0.002024686566414683
2707,0.0011954163394066368,-0.00032725077421178795,0.003360851112156437,-0.0016976599970013216,0.006353428613983294,0.003728195772508438,0.004349194249052582
2708,-0.001554683820452199,0.008300938637742894,-0.0016771745097003091,0.00014890938651523217,-0.0013536462342863776,-0.0025196182971052314,0.010686167854150783
2709,-0.000359564928973162,-0.00160885744452318,0.0033478969536214036,-0.002867154290104034,0.0027030864144567198,0.0014308310421434016,0.0
2710,-0.0033099580304857368,0.007034816310264483,0.0058888289631026025,0.004922729257371774,0.008890678586635826,-0.003017779757637332,0.0006027682881604772
2711,-0.0030919399918932604,0.0007605859770663672,-0.00018282234826801105,-0.00032150770344946405,-0.0008809221720262646,0.0,0.003599146139609181
2712,0.0015184075389800817,0.002651609958330398,-0.0021998923285170193,-0.0033455065573858014,-0.010712842829066278,7.570062454453666e-05,-0.005712505453008172
2713,-0.005123038829771888,0.0038849282110134473,0.0010096674316049494,0.0036749015732267256,-0.0013578785900003265,-0.0028478428728264883,0.007798314864285822
2714,-0.00018408809116471928,-0.0048931572927450265,-0.005814676671746454,0.004739514020505621,0.00045309809211898765,-0.0004573928615555029,-0.00268359957022207
2715,0.004275187628736453,-0.004566222364961025,-0.0041077170382552005,0.005509487504270693,-0.006386798661401084,0.00220628309745324,-0.00450984822984892
2716,-0.0031718277304970412,0.0048184991550364285,-0.008429489116988776,0.006239011936457244,-0.0018421850820051287,-0.0012158733594320279,-0.0003023282279444867
2717,0.00529374259124464,-0.008403497546628303,-0.0021091605697650066,-0.008086166151202471,-0.002778012554739526,0.0011779287976241416,-0.0012114219344449581
2718,0.0010872468368725568,-0.0054987002463888135,0.0023003954834250285,-0.0038696976223183462,-0.00279589687887642,0.0011368971987365856,0.003924829120730228
2719,0.0001809434712253392,-0.0012387001051002535,-0.0005739575486079887,-0.0031629846571678746,0.001865929752859054,0.0034680413726957144,-0.00880459373881629
2720,-0.0017522861998294367,0.0029280583886982085,0.005800187667244029,0.0026906306067759444,0.0073845686807926855,-0.0029385061436497236,-0.0003068134934415259
2721,0.0006050355978608196,0.005221265565177757,0.006561880440070654,0.005021116809659307,0.004099296651251408,0.0006043935663168564,0.0
2722,-0.006702208350851883,0.001279595745683516,0.0016714368876103792,-0.008634137945330375,0.006747331189807632,-0.003410707178409563,0.002143156533438818
2723,-0.0008604761867626708,0.00759939743130036,0.0008333123411867726,-0.0014024286747259178,0.007522354329197754,-0.0018682641175404178,0.0036495549380336795
2724,0.0016579661014747217,-0.0010685302723429583,0.0019381998209230624,-0.010600442272509503,-0.0008782500099214133,0.002096479825317737,-0.002277375338686216
2725,0.0014073662310786993,0.007919725417256954,0.008571279950779312,-0.012607338369506896,0.006976768221372379,0.0004560719578004065,-0.0015249119666342862
2726,0.0035288902413031275,-0.0009898454014990081,0.00760761976532599,0.0074819372268922,0.008141920903158958,0.0009486144217641814,0.005615628068788737
2727,-0.0023087897565512213,0.0,-0.00017748037921894565,-0.00668597035544239,0.002539741050273153,-0.001670949700655939,-0.0012080521889682096
2728,-0.002811372914599877,0.007064851375195248,0.0036239293937798305,0.009312791756220925,0.0029443806467814833,-0.0014864628837883275,-0.0057845896588208994
2729,0.002079724028536439,-0.0015260908313553658,-0.007457406551455859,0.005175221036089285,-0.0016800581180224396,0.0010677189936141081,0.004876340149884072
2730,-0.0019571112434464562,-0.005167304086210322,-0.00035832880077430476,0.015226429079879445,-0.0025323365153938726,0.0,0.0
2731,0.001774006266282489,-0.006295588200706282,0.0016101564631900368,-0.0009500928106365073,0.0037929890171388148,0.0006089486328027605,-0.0018222172826974708
2732,-0.001590151970767107,0.004310805622948996,0.004087925858290638,0.006605883236800257,-0.003369906195658347,-0.0011043488764683402,0.0012156606451290462
2733,0.0038430691618756186,0.001737180243853884,0.003084803810229044,-0.0007559564154196413,-0.0008465782055062905,0.0014465076316047547,-0.0031983957008213885
2734,-0.0004942185249178387,-0.0007436551164690943,0.0011402264986035283,-0.011016999975298489,0.0029558318994196394,0.0,0.0025909907320153733
2735,0.0,0.009326829383936718,0.0,-0.0037254493937135345,0.013669910483565218,-0.002209767022968047,0.0015169225408111432
2736,-0.005599060987853273,-0.000972392193308145,0.00987272244187521,0.010098357953097768,0.003654673588780078,-0.004260645554991388,0.0
2737,0.0010631449174630027,0.010637786841686255,0.0029015655945556456,-0.00991358557798044,-0.0020265761547593516,-3.857480856066504e-05,0.00391937978725608
2738,0.0031739080257917295,0.0020139169183183863,0.001189150507597167,0.006862983937488372,-0.0016280974340207404,0.0017324832766869248,-0.0048288973592611585
2739,0.005973375237336942,-0.007630902384955888,-0.0023815659942117685,0.005719637968278043,0.0,0.0010745119463157202,0.0048288973592611655
2740,-0.0006732774656781268,0.004487480325668765,0.006013730065605081,-0.0026177442450466934,0.0016280974340206866,0.001581147575914072,-0.003011762984811435
2741,0.0007955794889884876,-0.006174765019573268,-0.0032082553194322256,-0.001330259171842747,0.00964245674092464,-0.001426635617723201,-0.014129638142179565
2742,0.003167823423740202,-0.0065089123036272374,-0.009249768700040465,-0.0033953086175952576,-0.0035908797473344074,0.0017729476315672843,-0.003920359550253973
2743,-0.0017638200807985724,0.002139837772638303,0.004394248098093028,-0.002214186800528042,-0.011798889585063919,-0.0006158568532182336,0.011656482911958003
2744,0.00230975916199621,-0.007753266941950729,0.0014549242481737637,0.005840488768896052,0.0069554064997223285,0.003911207536361287,-0.001536239599402409
2745,0.0009688670653065497,0.00321655266942167,-0.001197818479301765,-0.005657967824973446,0.0,-0.0007641323021762512,0.0009223957065325246
2746,-0.0013934270283579601,0.005085258354598305,0.006969258657177112,-0.004983990326580871,0.008042720255413995,-0.0007271731292340051,-0.00184675465478716
2747,0.002360137459571485,-0.0015254475883785836,-0.0007594775737353114,0.006015598196979667,0.001987621235513544,0.0011094073397062453,0.0003083383032629323
2748,-0.00024147594834116357,0.008654102405268387,0.0049547814679893575,-0.0013924704844632486,0.004733501702586216,-0.00038223421047217464,0.0030714023481176168
2749,0.0006637360515169371,-0.0044303929375697415,-0.001086886362789773,-0.00585503840840657,-0.006322870290381225,0.0007259576015052915,0.0053232348704925015
2750,-0.0016915093706589628,-0.01605957096970908,-0.006069431605425306,-0.0008278703646446238,-0.01954044216181057,0.0018666253561968598,-0.00015119042168495558
2751,0.0007257394507183566,-0.006860239526207521,0.006487786788438096,-0.007521845743141775,0.0,0.0002280160090375497,-0.0015148061465052062
2752,0.002410409861257579,-0.01353051744953416,-0.011096181772819068,0.0009034889691181258,0.0012473761047240074,0.0003797608513263934,0.001968219601891831
2753,0.0007205219104428667,0.0034548186003076887,-0.011563322667511837,0.006802089747199056,-0.007538569871997997,-0.00015186449386459758,-0.00015108522744213877
2754,0.0027509794775604506,-0.00019482369608284913,-0.008272525965990327,-0.0074590808569850965,0.001265550624259038,0.0019701083299597413,-0.0073146062856673305
2755,-0.0013135119446139412,-0.0020835757237455074,0.008096270086175679,-0.009685995568323101,-0.006364957335616204,-0.00030251249418466054,0.0033678274522789217
2756,0.004284074017905954,-0.007837204616240866,-0.006035663211902857,-0.005335461665098014,0.0034062486919125487,0.0013219392618848045,-0.001068751241882699
2757,0.0,0.008619717407948677,0.01181466699210378,0.009566775222396243,0.005478799749228439,0.00022621468446085008,0.00076366202532954
2758,-0.0022557719266345006,-0.004452998115186359,0.0039827923006578786,-0.0013969533503599702,0.01238566303542897,-0.0033676673986778476,0.002131137380777425
2759,-0.005932503935774375,0.0,0.007349511372022261,-0.0043481167438749,0.0020303659322814375,0.0,0.0025738287612830572
2760,0.0019865192169847886,0.015834228786986915,0.0037966733661525115,-0.011458044784858144,0.001617485973618896,-0.0021706201061391676,-0.00045309809211884557
2761,-0.002892495100578742,-0.007618835228877923,0.0020950087992541184,0.0036539091597264676,0.004816624031791174,-0.0006112520106890133,0.006449665323525647
2762,0.000604193867487056,0.006665807675263379,-0.0033568822736609505,0.008454492626569577,-0.016267612714453195,0.00019110868598987732,0.0032631569508798563
2763,-0.0016332564706939901,0.010245789686311936,0.004358908056157441,-0.005616782591381408,0.0016544571700121036,-0.0019532656565993973,0.005141378113322418
2764,0.0016332564706939732,-0.0008083370169178619,0.00016677975700434968,0.01415240139098082,0.010199963480261377,0.00153271548500316,-0.0020492531269966524
2765,0.0,0.0083218435857601,0.0,0.004634500712443948,0.0,-0.0022242061816661646,0.0056847547005885075
2766,-0.0029078271737961177,-0.0006109940257951923,0.00874891142661623,0.010986784586618684,0.007990924276729554,-3.844845134677326e-05,-0.007154449781364143
2767,-0.0017052673000641436,0.003228517223277841,-0.005426696091172593,0.0022525945833641752,-0.00397708348841661,-0.0021199240233400344,0.0038109108956784206
2768,-0.002447770221667104,0.0016959917639140724,0.003789391675362142,0.001565369412712687,0.0,-0.00030921644731267867,0.004933568720002284
2769,0.002691790164540269,-0.008362052161978648,-0.008280412550306624,-0.0068531253830259225,0.005163141071929945,0.0008112240846564378,0.0014404473633073324
2770,0.000731238250884697,0.006119510603898472,0.0026669482045534555,0.008300871971317455,0.0054925056794862806,0.0006170600194874831,0.0005748438720181209
2771,0.00012175342998313082,0.0026051082817132847,0.0014929924318251705,0.005411101509346881,-0.003916117444530062,0.0015004209276097147,-0.004039977801740274
2772,0.003093235417963903,-0.011258757401207036,-0.009628127417759154,0.0019918414055803252,-0.007539335208632969,0.0006907574730265039,0.0011581193047021244
2773,-0.000907490366911911,0.0015469649536797915,-0.004168170201521675,0.002799482797949897,-0.024282377408750576,-0.0018059606337615575,-0.004358964146195529
2774,0.003618639032158856,-0.006158543893475847,-0.0011982906196244816,0.00926499617832785,0.005885978522982387,0.0016525538918289798,-0.0005845148687228341
2775,-0.0017452444986110003,0.008253612142699103,0.006634474807781417,0.0005637069296889496,0.002082951148292541,-0.0010369152921948944,0.00465423859003923
2776,0.0027650676334898517,0.009665571120870924,0.010012996423053923,0.0023167297456332414,0.002486425581169752,-0.0011935934583437676,-0.0029030487902759073
2777,-0.002644480521260103,0.0025176562212487073,0.002959428704919458,-0.004780771469399826,0.00899700593770951,0.0003083383032635105,0.0056430861563046605
2778,-0.0022969003174044106,0.002978303277681631,0.001553828068623267,0.007740729287774136,-0.003250114191195484,-0.0016985761388982699,0.004149114073505379
2779,0.0012708410266568698,0.0001187083462099374,-0.0035245381179239777,0.007785521237480568,-0.0028639400755886653,0.0018141465875965576,-0.0014262557380317399
2780,-0.0019987090437983347,0.0127484846342334,0.007668058198376231,0.005785354917960135,0.0,-0.0022011148765008455,-0.003730335630141029
2781,0.001756930620348374,-0.003065144561786707,0.0008885410522338175,0.0023219066862215656,0.011743876387127369,0.0011984811041024115,0.004729206244060799
2782,-0.0016355345379631806,0.00017407755536750878,0.0020929895058439977,0.0023744783445457524,-0.00120026188392581,-0.00023170611357226328,-0.0032906673935049033
2783,-0.0015808020434698504,0.002083506307977829,0.0032004159711493643,-0.0006855003366908939,-0.013426566174126884,-0.00306238284743495,-0.0017268193005059503
2784,-0.0009756690021040963,0.0034504510040364264,-0.00303983379815984,0.0016224123616223462,0.004930548495055196,-0.0010126142628548679,0.0023009032993720827
2785,-0.00024426011999490675,-0.0031618640561439848,-0.007040798933813432,0.0009340147676494334,-0.0041048933378102425,0.0003118251664416582,-0.004324242315774273
2786,0.0,-0.0013290906632635658,0.0,-0.0025052173555698267,-0.012128414545674347,0.0004283943584543131,0.0034628314907460367
2787,0.0016460960271619035,0.003975131453603753,0.006558874177238264,0.00611222820602431,-0.00042432292765218053,0.0007778178525883733,0.004574572717395773
2788,0.004419567962501161,-0.0017238491086678735,0.0010434952372097535,-0.0016204718436174956,0.004224687807460513,0.0012803616637500088,-0.0022812631936351057
2789,0.0023428350328059035,0.0032694845648459907,-0.008173863316507095,0.003309344107210468,-0.006779368596876364,0.0017398867415654971,0.0034174168354745758
2790,0.0014354878191987453,-0.01387677454915125,-0.005260254853253405,-0.0037237841517802567,-0.019208112654392477,0.0010405960528348242,-0.00628595092267073
2791,0.0004177917416027964,-0.005940380974443197,-0.004739165524245015,0.0008209735083469536,0.007083451328827884,0.0005770333661292745,0.001149688247596605
2792,-0.0019731179947586894,0.003989023902596504,0.004159940636378617,-0.009087106746967045,-0.012925058557610763,-0.001193381856170195,0.0017188458395996434
2793,0.002211675804603588,0.00011851398133450047,-0.0029077692300506293,-0.009132668279945778,0.011605681901641584,0.0003468036506667316,-0.005756141014506654
2794,0.00011922978301527963,-0.002495610676185275,0.005220048031937876,-0.0042670378968568835,-0.0013233971090751016,0.0009618929334201268,0.0030314845108369375
2795,-0.002390837207378678,0.012858051901443698,0.009611560497172943,0.006818815619709923,0.0,-0.002544023943297388,0.0024386542003449656
2796,0.0010775058145098984,-0.000984598166919115,0.0024100754519574795,-0.003189680834797827,0.007446482167865172,-0.0003093816564674244,-0.002007307220435945
2797,-0.0018804595255398904,-0.0008125249926727627,0.0024764398820435207,0.0073606226037215075,0.006037954997316891,-0.0005806853143545148,0.0004309189854811614
2798,0.0,0.002086286551260673,0.0,-0.003252737221060975,0.0004280872519148913,-0.001086027670820064,0.0021482046202660828
2799,-0.0028054508689152216,-0.000983942073756368,0.002224711321732997,-0.001187724590403984,-0.00042808725191486994,0.000194132801008257,0.005677132891690204
2800,-0.0020853044420616404,0.00962718837238798,0.005668898962428505,0.00010078267823267975,0.010995384301461924,-0.0006992845838787149,0.0025306969227430927
2801,0.0007371336681727519,-0.00022675603277454729,-0.0012533759980965988,-0.0007129543259470064,-0.0008359857863403869,0.0005051517828704074,0.003907560259980689
2802,-0.00110617021373567,0.006751701965103029,-0.007677022633529884,0.004314039653856055,-0.0016768147545149748,-0.00015536874573915998,0.0005553638632806824
2803,0.0017807787375662425,-0.0035315525171673552,0.0007180400895558581,0.0020700533293483087,0.0033471802055813735,0.0015124795207576347,-0.0016682266936260371
2804,0.005419997274519127,-0.0033335718779105693,-0.004970749829235665,-0.0014392975139546342,-0.0016703654510664269,0.003408375150978799,-0.0016746594602831473
2805,-0.0015763882349552085,0.00017012253866769566,0.0033734899122075937,-9.611432979994478e-05,-0.01316788295882136,-0.0011589434432379261,-0.00027973880638875186
2806,-0.002864227129024755,0.0032197306173485205,-0.0076682553048227735,-0.0024276118580450266,0.0021510419501623275,0.0003480078837450116,0.0025111861402479585
2807,0.0017695198312619228,-0.0031063526028959165,-0.004008774740388037,-0.004037076678762971,-0.00735743175805393,-7.731098941877495e-05,-0.0002783047079557771
2808,0.003034066286736376,0.002937486882965989,0.012236739479823462,-0.012054570072009283,0.005637451363780418,-0.00015466327866614515,-0.003634284655094347
2809,-0.00036297075401831464,-0.0002815888589235249,0.0023111422511624307,0.007768003596968203,0.003433175838393282,0.0018523339908764712,0.003355801489474045
2810,-0.0008481133601508271,0.0009004424257711951,-0.009969433644919406,0.004196372564545468,0.012222582499172243,0.0011537095651498617,0.002222881279748694
2811,0.001332006983364252,0.0014032144094400872,0.0032410186378329575,-0.008414686982062679,-0.008816333807259711,-0.0006149303426022186,0.0020736685039713086
2812,0.0013279341273006447,-0.007289740879651608,-0.00048461356923838115,0.004924649024619996,-0.0059785828571690845,0.0017272771617970904,-0.0015197213856250294
2813,0.0009632263042588922,0.007961676777337607,0.0065766995512727515,-0.00018949159575758632,0.0004297818083572372,-0.00022990708948871993,0.0016576145386827197
2814,0.0003005706271976012,-0.00016702563448159872,-0.0014351583969403618,-0.0025013880967087766,0.007241959068256507,-0.0005753007622368687,0.0019259210360400784
2815,-0.0007217192884922156,0.0015564134785902499,0.0049234862427611,0.00882656168125286,0.0016865826319353277,0.0004986380114794608,-0.0033068267524251622
2816,-0.0030201406961501967,0.0010529699736334286,0.0027549357204988134,0.007752370508296547,0.0,0.0005363552857664805,0.002482477599059777
2817,0.0,0.0,0.0,-0.012457032416237327,0.001260652501743338,0.0,0.0
2818,0.0040422227339432576,0.0,0.0007839252704353695,-0.004948645926449734,0.0,0.0,0.0
2819,-0.002469128713990074,0.006864505336424232,0.00614376152658911,0.008562414464397875,0.004175940654136267,-0.0004596925350090647,0.0032880496382863998
2820,-0.0009673833472870192,0.001033970184050989,0.0013107877136255392,-0.0046649055791120435,0.010673180384783201,-0.0007288430943633967,0.0013627073681308087
2821,-0.0027932906930394712,0.005348056102290879,-0.001465258453970785,-0.007935409486179039,0.0,-0.0014998894513548757,0.0059456302615412265
2822,-0.00036567036842010704,0.002088859523561273,0.005374050140824436,0.005579544705035669,0.006440073254439169,0.000462056412310322,-0.0016134798071811907
2823,0.003521982382599279,-0.0004276656986667475,-0.0006872353675146845,0.004390825178425321,-0.0007998059017468329,0.0024942981153590026,-0.0018900007281782987
2824,0.0010872468368720758,-0.0016611938248945167,0.005090188644897879,-0.010800302213719835,-0.004425456821010383,0.00026776425504412333,-0.0005415143867459519
2825,0.00018094347122505,0.00342260690774868,0.00278563767391714,0.008037536780873142,0.005624613998623935,0.0007641323021774918,0.0009472075333906821
2826,0.005333981200077886,-0.004659224652430279,-0.0030122852298495473,-0.0026740248386277502,0.001991266587541901,0.0027397972840571654,0.0030977873887147295
2827,0.00017866074241787,-0.002050853856153657,0.0073433183641608306,0.0024288235210767513,0.0,0.0006065036955373656,0.0
2828,0.0017232751590887513,-0.001951888597521614,-0.002234796433391149,0.009483842622337393,-0.003190423765155381,-0.0004927197163944992,-0.0014787939689466067
2829,0.000947853562778249,0.007435070376141834,0.0029771803439148903,-0.008783449392318926,0.0004000870682801246,0.00026538007663592754,0.0038878296295533055
2830,-0.0001183686248546276,0.004199710071882408,0.0013331014345768514,0.009139110132405223,-0.008072620562274613,-0.00045503660696688384,-0.0034840225508082734
2831,-0.0013635630727487473,0.0027423664964428356,0.0018447673728200973,0.009184918714227622,0.007272077511815433,-0.00045551387646407704,0.0021473194890850125
2832,0.0,0.002672912386727526,0.0,-0.003434831890826389,0.007546230237822212,-0.00015194419184281374,-0.002147319489085012
2833,-0.0009510969733967442,-0.0020950087992523477,0.005415030837209872,0.0010568078302711328,0.0007867655809379864,0.001251952638363444,0.003484022550808294
2834,0.0006541028553444399,0.003295078414156788,-0.0008735393127516471,0.002202989282926422,-0.0027599379070555154,-0.00045483803972551557,0.0008000514671009406
2835,0.0020155663238414436,-0.0006778927070966333,-0.0029245530173167924,-0.011269938213454487,0.001184978857678144,0.0006442133891279081,0.0021262930204411783
2836,0.0019401881471155923,-0.0007308588607762008,-0.004031988313468325,-0.011114640059691542,0.0002611640301160771,0.0005432794546386205,0.000441482628996327
2837,0.0018648099703897413,-0.0007838250144557683,-0.005139423609619859,-0.010959341905928595,-0.0006626507974459898,0.0004423455201493329,-0.0012433277624485243
2838,0.00178943179366389,-0.0008367911681353358,-0.006246858905771391,-0.01080404375216565,-0.0015864656250080568,0.00034141158566004527,-0.0029281381538933753
2839,-0.0041868680883558745,0.00198475274027378,-0.00670937677311253,-0.0013191443747677016,-0.0019912665875418743,0.0007577328658707279,0.006363402955859306
2840,0.00036046023530321176,-0.007145582140776373,-0.003356521934920854,-0.0010965412604170043,-0.0032051398752121147,-0.004528103695362404,-0.0013180419279149808
2841,0.0016782032327869126,-0.0022839486041875334,-0.0002996167637995462,0.008634664112596106,-0.0004023108040378052,0.0011841450617691295,0.003156606133346984
2842,-0.0002992039263387853,0.003817531929901627,0.0008982308929005353,-0.005285750969977301,0.0,0.0004194056162767367,-0.0026289092495858295
2843,0.0017921393322542954,-0.005631986816027294,-0.002249070183858599,0.0007817745476635389,-0.006488180159614299,0.0012557921479635044,0.003152786854609577
2844,-0.0005965584480635823,-0.0033283547180146048,-0.010344455688830564,-0.006747376711895889,-0.008665545559791371,-7.60053347925319e-05,0.003909067632877331
2845,-0.001674736339666733,0.0008613752309863816,0.0033737735350752476,-0.005515051345175321,0.0016639655677494268,0.00026596049764366817,-0.000259512694844607
2846,0.003045597710350249,0.0011816082730386943,0.010861699404589207,0.00952592345832248,-0.0004153940841829616,0.001705868006150491,0.001813340763465918
2847,0.000772924875758123,0.007339464229593655,0.001561543351705362,0.0067832087265862805,-0.002500742889894234,-3.783547346523174e-05,-0.0018133407634658622
2848,-0.0010705703413892106,0.0010008610356235345,0.004577780888386043,0.002777204802046406,-0.0008367911681370266,-0.00011352620163876204,0.0002595126948446031
2849,0.0026714938569316164,0.0013134180515119581,0.0027090867294445125,0.0017616037196279681,0.0,0.001209418884531603,-0.0007790037638475137
2850,-0.0007107930914038364,-0.0018398994857314896,-0.002929484847294189,-0.0006246272201540998,0.0037529281422142456,-0.00022650964451314222,0.011793845267525752
2851,0.0014204247556690963,-0.007438550754952941,-0.0048029653833970894,0.0007441937232349814,0.0037207751024557157,0.00045290121275105757,0.0007581517466302515
2852,0.0,0.002671274763915501,0.0,-0.001769676860806116,-0.00041184875718241587,-0.00022639156823793766,0.0012606525017456458
2853,-0.00017729923981816772,0.0033425798574857487,0.007659453427107073,-0.006513968248241492,0.005323808547941468,0.0009048590447306266,0.004009671708037153
2854,-0.00011823971810110826,0.0006337753505679114,-0.00270954353819643,0.005760729908086676,0.0008132857843088833,0.00011297493631652916,0.0004986159926617973
2855,0.00023644725337167808,0.0033122310976312396,-0.007707817694730433,0.0059624363999527565,0.003237998089202852,-0.0004143851900391026,0.0004980441852054255
2856,-0.0013613330511214152,-0.007235328045529815,-0.0009731673924225667,-0.003168766965642928,-0.0016159813320302991,-0.0012833324464953842,-0.004503093727738668
2857,0.0015385840495289404,-0.0005328767317667392,-0.006645567750657969,-0.007058714691591126,0.006029173396209948,0.0005666436004640678,-0.0029016151752687866
2858,0.0007082814539230894,-0.008453032445862303,0.00030428761581530146,0.004386334615775916,-0.008464475937691398,0.0013193003129745961,0.0035298439581911358
2859,0.0003537080270741366,0.0007062142108746256,0.00544103213882217,0.001329360108837033,0.0,0.00045141050255723944,-0.0003768282075086728
2860,-0.0008848107955032071,0.0016794293914048765,0.00254587149477194,0.004522619213921755,0.006464037200850756,-0.00026326576890248204,-0.0025205786476502814
2861,0.00173132952849435,0.0011339992914819817,0.0021597472230519763,0.0007900322985027227,0.007947055814870353,0.0013522413059781262,0.0017659399140709225
2862,-0.00035764027431750686,0.0038122156403427162,0.00656191226919103,-0.0069421967479932215,0.009348403605915717,-3.750546069918435e-05,0.004009671708037153
2863,-0.0016130359022312282,0.002558443227640253,-0.0025687116484643807,0.0019837037909847545,0.0038365486416282596,-0.0015781613005493467,-0.0040096717080371335
2864,-0.00023947862856727166,-5.314746159605779e-05,-7.361547299878446e-05,0.007041826082089823,-0.0011474101308464402,-0.0007912364241234602,-0.011738403271244816
2865,0.001136349220393378,0.006122128344887269,0.005414118577925707,9.717994055769663e-05,0.0030530493529408956,0.0010922810471505724,-0.009148882934016656
2866,0.00616788000633607,-0.0007868130938333768,0.0010892769239425279,0.0026481277806278338,0.0056672550419204085,0.0036633605399220394,0.00785364045320738
2867,0.0015870561088922317,0.0006295644715476309,-0.00628258650707324,0.01607690613924389,-0.0011275501320377659,0.0015017113230419916,-0.0010389825096575622
2868,0.0014058641310467537,-0.009112148232153816,-0.003323981135982277,0.01196622395085486,0.0,0.0004495026951932604,-0.005232526933675526
2869,-0.0005266658783455954,-0.00425017502585758,-0.009748040914629415,-0.005342717433487275,-0.004159578424429827,-0.0001872362529123693,-0.0013180419279149808
2870,0.0,-0.009068616794271935,-0.00426828479267327,-0.004405017042561439,-0.0045957516891491695,0.00011235143819170901,0.009660089175899684
2871,-0.00029286836493480975,-0.0031025123634656144,0.011190658018133305,-0.0006975078198473734,-0.005423908809614437,0.000187187831829244,-0.004933742242370691
2872,-0.000410347789632297,-0.010865669480739606,-0.011573802711623928,-0.008424395134712291,0.004653199677617384,0.0003741337945919638,0.0
2873,0.002339639230966951,-0.00022809584657795023,0.0004597330865812817,-0.006715150434645155,-0.0023203678451458147,-0.0009359395068937212,0.00699445539415429
2874,-0.00017503640267973832,0.010147528978323495,0.007440891672144201,-0.004732149489728062,0.0073057014089193415,0.001160265174020848,-0.006472466771335042
2875,-0.0018714577061871701,-0.007361575899985049,-0.002491396298397418,0.0052926640941602515,0.0011423798307288971,0.00022420985624576584,0.003118824763746163
2876,-0.000762589277419601,-0.002771079082198801,-0.005102685668774991,-0.004262722550434165,-0.0007612525733562075,-0.0002615894217805154,0.002066842601271104
2877,0.0018747396467878583,-0.01178892228598625,-0.007573298531527832,-0.002885010618972688,-0.005366460821146212,0.0008589170935647408,-0.0049249081365892455
2878,0.00017534263688956514,0.0026153644360043748,0.0009344693909889757,0.011900287671622592,-0.00038586806794516245,-0.0003358957188141423,-0.009221036030492456
2879,0.00011685577412220054,0.0031753144448897017,-0.001246406543492494,-0.0045887907142611005,0.002310082478074039,0.00093240295573219,0.006081544176252348
2880,-0.0005260987704570857,0.008600171761917474,0.009872507108182249,0.012610334194233514,0.007612718704336076,0.0006328925034485877,-0.0031623524331049393
2881,-0.00305222408615183,-0.0020349642007104116,0.0015984917038124552,0.005629173358777435,0.008222688485738077,-0.0014906295117927174,0.009806855394261363
2882,-0.0011206083702555328,0.008194478615269646,0.008874204666779848,0.005687343598198722,0.0003700847960656461,-0.0020580055316322438,0.0006459832842070521
2883,-0.00023628644864818324,-0.0022856190047517203,0.003337035403369125,0.008068341425287904,-0.00037008479606558234,0.0004123820328779695,0.0
2884,0.002180759936792323,-0.0008952221297202574,0.0014013080266971206,-0.005081498443404152,0.0011093096245891603,0.0006365484773134332,0.010963107947402465
2885,-0.0020626006429319554,0.006779910794887451,0.0042499208643588075,-0.006809856203671348,-0.0029644789637386175,-0.0006740215764260431,0.0037601488733077287
2886,-0.007387354489161371,0.011105653308507348,0.0055786362362672875,0.003890014308245539,0.005541901851549816,-0.0048234503347933215,0.0017436567003286702
2887,-0.0019873456162700196,0.003479727869939713,0.0015090913041488243,-0.005756777231875924,0.0054720734253623695,-0.0005687709573196015,-0.004246801854136294
2888,0.0015063992970158232,-0.0032110644021069255,-0.005777198352444219,-0.003243015951922811,0.0043285522631575845,0.001136798001590955,0.0035003774677559414
2889,0.00012028652116769843,-0.002046022915464643,0.003186965135952348,-0.0019133929870526977,-0.0032423629135441287,0.0008317647359944563,0.0009949477018354961
2890,-0.0007222193713786425,0.00199230351631068,-0.0034051122222826125,0.005603873793469583,0.003959612427360979,-0.000566939485111455,-0.0007459970031872538
2891,0.0,0.0,0.0,-0.0010445930682187144,-0.008686179185092765,0.0,0.0
2892,-0.0009648312369360118,0.0,0.00108964132239314,3.729468685416587e-05,0.0068908294521749505,0.0,0.0
2893,-0.003272221706318789,0.002410818709783423,-0.010426505241914243,0.0062618442432765325,0.0021535307692238355,-0.002427291869274935,0.0
2894,-0.0012792188391727174,-0.003002171069633931,-0.0015634171542329384,0.0006245806998489116,-0.0010754305501228627,-0.0004185604477777921,0.007402926095915886
2895,-0.0002440885166977751,-0.0027522948377873774,-0.0030687027733858393,-0.00214666190980536,-0.010535472702935108,0.0005706642867915934,0.006315355428418655
2896,0.001766541460187163,0.004631082375342592,0.0031432789703423314,0.0013288108349363054,0.0022008213410764877,0.0006458476624228582,0.0074117565122980575
2897,-0.0008519160286249367,-0.0010725974380251066,0.0027503550766360303,0.0003495516632503678,-0.004782622042996087,0.00015182467622028599,0.0009472075333917405
2898,-0.001158851211598667,0.003742558398130571,-0.009665539656311941,0.000451123813935369,0.008426053494814742,-0.0006456217526184314,0.0009451461443126058
2899,-0.0006111659915218337,-0.0017068829906829895,0.006989747972750188,-0.008881124322659889,-0.0014537067360679231,-0.0010654737222944362,-0.028028723600241275
2900,0.0016481783800728726,0.004942162457079359,0.006879031126558144,-0.00976384967649872,0.0010907359820501925,0.0005330636077502474,-0.0022718158966076514
2901,-0.0027504492304284388,0.0012136297410961267,-0.0019122226540200721,0.0025811233835940444,0.005771440177874503,-0.0009523587911452536,-0.0005064659255071886
2902,0.0004902435761482263,0.0023123187737068306,0.0012512518090730383,-0.0011235826535049092,0.002501085788115068,-3.813782499894392e-05,0.0020223295304561415
2903,0.0010399337587254347,0.002143635696020597,-0.0012512518090730751,-0.0012437751835528289,-0.004656397814249926,0.0,0.0
2904,-0.001836860831767429,-0.008266508125881597,-0.008635553609012194,0.009635594576785913,-0.002528124705283016,-0.00030522322746630054,-0.014358150046867153
2905,-0.0017214413100980746,-0.008914976568241332,-0.009041005821173231,0.0017497006323487167,0.0,-0.0004964457137398397,-0.0002607592284279922
2906,0.0013531350136186326,-0.001358614891090188,-0.007355194212268618,0.00024143118980429849,-0.00952117098331919,0.0017160536605706415,0.0015622120510522613
2907,0.0,0.0021175868414186026,0.0053545428128689695,0.004964785959645857,0.0,0.0,0.0
2908,-0.0008605979810665661,-0.0024442878211446725,0.002844314234414564,-0.0007362890094095574,0.0,0.00041845045947095077,0.0049102547202827624
2909,-0.0008623067287114011,0.005036453578241731,0.0014533866767443007,0.006529264096647835,0.0,-0.0006087885796686822,-0.003871893240810439
2910,-0.0009258039786138494,-0.015455390411302757,-0.006385101638430952,0.01118108558346384,-0.006340178031019955,-0.001640360571240082,-0.0026005735305246183
2911,-0.005346378060071391,-0.002013215213223816,-0.012500242521944021,0.008759692139415898,-0.003394416183242696,-0.002491436277538136,-0.005248335556348239
2912,0.00037514642289743374,-0.008261746779986305,-0.00813143462430311,-0.006216032937349303,-0.024934961275946896,0.000691368384646266,-0.021929153562162594
2913,0.00043726165122341286,0.0042071007963469294,0.00916708186638809,-0.004120288063107965,0.0027980413153038232,-0.00023033385949743762,0.010154583195472675
2914,-0.0004997635556127857,-0.009610702114125642,0.0030922056318528407,0.010381578544332526,0.009068666394084407,-0.00103801678339591,0.002164712179729256
2915,-0.0014400320385750019,0.007341655772320731,-0.00500610288385827,0.006127749389274456,-0.011866707709388262,-0.0006548412427287221,-0.002436061443106171
2916,0.0023142412117823515,0.0,-0.0027258742589033134,0.011560280149732543,0.0016010874609747408,0.0013471280235986384,0.004590037250477072
2917,0.002983999018389974,-0.00670583489600018,-0.003796516439537694,-0.0041523947448841424,-0.015040245016357187,0.0010747018735003777,-0.008406836924815846
2918,-0.0013029774928339072,0.002821038568108507,0.0050012175779088055,-0.0009409925437709406,0.006975120354531397,-0.0006137896711488355,0.010282841923568684
2919,-0.0018058008632624032,0.009647601991491046,-0.0030584244842215315,-0.0051558031188428,0.010852902572942346,-0.0013842066918076789,0.0022671650419553635
2920,0.0020542886296765353,-0.0033240577962593484,0.001370905639753121,0.007617178494702711,-0.003988039795042966,0.0006157477070861184,-0.0033381754044807493
2921,-0.0012438630353210397,-0.000735852670633621,0.0032086919650006966,-0.006942785603085597,0.008725844766310508,-0.0001923273942699765,0.005328833505069631
2922,0.0007467452452821781,0.004396529382003379,0.006504623421939496,0.012492005966370649,0.001958931972189214,0.00038456965401718874,0.003954150064036461
2923,0.0005592175230252057,0.0002242677467345408,0.00888413734753353,-0.002332318523752985,-0.004716366517377211,0.00011530452262279237,-0.0044841006873345335
2924,0.0020443255639939393,0.0011755094010527831,0.002691519348070918,0.010787561260124673,0.006666502178069077,0.0011896909254693942,0.005794190615653791
2925,0.002311577899237211,0.003063720331420626,0.00038314469349057283,0.006120508950972374,-0.00038932721738096476,0.0014538988393340473,0.0026083831075274463
2926,-0.0021863126887059913,0.0008872209048934435,0.0005358353325059372,0.008864397788731607,0.0077209941449616895,-0.0014155759201036075,0.0031095203143092142
2927,0.0,0.0008854120944548219,0.0,-0.0034767608324131473,-0.003843339081759293,0.0,0.0
2928,-0.0009403709525453067,-0.005955813885914888,0.004414528011873181,-0.008963156065883309,0.0026939044048704345,-0.0013048801248822372,0.007170118930262512
2929,-0.0009424115421086063,0.0052919241027667,-0.0007579312253612032,0.0032144887145772443,-0.0030801156192099763,-0.0004999627087253789,-0.007170118930262466
2930,0.000628501530680445,0.0005533119386537426,-0.008967486053323532,0.004978443732098422,-0.007011184264362978,0.0001538959909460309,0.0005160957017412947
2931,-0.002014414891597308,0.006040354420972012,0.005157860906559459,0.0003060324768354186,0.0031300638690302343,-0.00046185167263548615,-0.005972454712236607
2932,0.000756500958135681,0.004718575286946608,0.008187326438432655,0.003372783778445228,0.01040045358050469,0.0008889580003887781,0.0057144835244277775
2933,0.0,-0.0005397645262339868,-0.0003004978372106757,0.0031877912822555823,0.0034121959353971623,0.00038593664843522053,-0.0049307940211194
2934,-0.0013247427106625421,-0.0028720059174195773,-0.007810307680947443,0.0006659604921279928,-0.0018923536777044863,-0.0011975216783870757,-0.005515758519643843
2935,0.0008836106443931627,0.0027099456573519134,0.0016069411550075998,-0.009456439745625645,0.006400641378404775,-0.00019345827835917797,-0.0021198064387562584
2936,0.0,-0.0005406380405688354,0.0,-4.934130624546769e-05,-0.004130804424519797,-0.0011237606069444141,-0.0005315722596365514
2937,-0.0023391709262160785,-0.009350610670551911,-0.008951660180693433,0.01022770915853826,-0.0018907059984201498,0.0004653571105878551,0.00238696804675515
2938,0.005918282554250988,0.009242402252923167,0.007957588390973248,-0.012615426559054193,-0.0007585931743667333,0.0035897095292268225,0.0005286604206094497
2939,-0.0012524723371475288,-0.0014634586093209797,0.0009176854590508723,0.0027355798272027587,0.005657411506590701,-0.0015789043112738647,0.008112998168832142
2940,0.0011273875200671975,-0.00021722870624514003,-0.0005350808339144733,-0.0011180362533248262,-0.00037487657217767314,-0.00042458691564892286,0.004898594621824696
2941,-0.000500699847249996,-0.0007027857716771757,0.0011457956217097655,0.003492587541334236,-0.005662328996135724,0.0010799513107848133,0.0035744603582971795
2942,0.000750833465052072,-0.0005955544536017659,-0.0016049616365376863,0.0027185519250670026,0.006411758831636432,0.0005389702621234885,0.0005082440391674372
2943,-0.0004378284195010324,-0.00501324165666354,0.0032040138717121264,-0.004596570686418498,-0.0018760049987549684,-0.0007701624325566722,-0.002291796779586135
2944,0.00043782841950099256,0.0018048911945713546,0.007235896343607298,0.007664312617667349,0.0011265751632543281,0.00026971223626299416,0.0020377491081671776
2945,0.0017469130712794753,0.004398643794936793,-0.00187276910256334,-0.00528491485672638,0.0055894527241119665,0.0017682398446926982,0.005304040408059042
2946,0.0,0.00037804657903076164,0.005000954165506423,-0.004743316756128132,0.0025839951905953064,-0.0009985551383109444,-0.0005023649859207622
2947,-0.002873650612225628,0.007757853325370986,-0.0005941101910153493,0.004775925966834498,0.0022026817221185253,-0.0013092767838414317,-0.0007546387335793571
2948,0.0013767271762290347,-0.00031828105631487476,0.0032575940671830494,-0.004710960406495477,-0.0003663386821216077,0.000539592077459718,-0.009159449838285663
2949,0.002802512297000768,-0.0006904102052901105,0.0022071594951728977,-0.001256952008900947,0.0010980902990520788,0.0014612365752845918,0.008655627877021387
2950,0.0014254416055740102,-0.004810103732956705,-0.007699933390204782,-0.0022276708354458303,-0.0007317516169305276,0.000268639726967638,-0.0020211530692385497
2951,0.0033284156702338115,-0.001130064960766405,0.001193527324605183,-0.001308194255695622,-0.0044165921166481985,0.001378957001568194,0.0013905525781581689
2952,0.0,-0.0009709730381961737,0.0,0.006100962003281881,-0.008215617824401748,0.00038226785489239623,0.0026423909184451677
2953,-0.0004914918978700206,-0.006748571350706609,-0.007817211073433746,-0.007210840984064398,-0.0018890611859264902,0.0,-0.004032943496603399
2954,0.0001843746501496311,0.0005481440610316795,-0.00045531489255787566,-0.009793129562155401,-0.0038029532135320566,0.0010304456709397227,0.006035457623921483
2955,0.00018429640926020388,-0.0036858452015050627,-0.008433167536862076,-0.0060767371022276894,-0.003451365040411292,0.00011434318778659572,0.0044721794925811735
2956,0.00036835836127121417,-0.0006081395304615812,0.002931826787585964,0.002096587404927055,0.005357004262505396,0.00026668375532761565,-0.0014856154118483788
2957,0.0004906589782215887,-0.002385477380564627,-0.002699645824073834,0.0002841393509123824,0.0056672550419204085,0.00034263866227212325,-0.0024873749661142278
2958,-0.0011047632687565781,0.0018318833197520955,0.0,-0.00046022227466787334,0.0007500770118459694,-0.0015249119666332217,-0.005270324209782754
2959,-0.00012292513014598266,-0.0013870803292345868,-0.0019386447775290496,0.011423706506624064,-0.009087574434454711,0.00038173025390209303,0.0027686209678461802
2960,0.0,-0.003627279848894167,0.00046606459336385846,-0.0038372699586860614,0.0015278625499593878,-3.815793016678772e-05,-0.001507968466100492
2961,0.0037336518304198975,-0.002754579115204506,-0.003820911550329466,-0.0066508734106813785,0.0011423798307288971,0.0019038014087842071,0.005006331885904348
2962,-0.00012190722379158693,-0.004193377002390874,-0.0007839252704375901,0.006086926695468408,0.0,0.00026586745972924695,-0.0022457104547269676
2963,-0.0028747151859472436,0.00458795959469867,0.008853949521585476,-0.005968560280095559,-0.007673246989686306,-0.0006839883008233987,-0.00528559646168028
2964,-0.0009829841104791283,0.0019675532801163723,-0.014301947379683329,0.008766823578762323,0.007292787498071243,-0.00244072005601049,-0.0053507183841016446
2965,0.000676040510238064,-0.005020801375050455,-0.0003974508210987601,0.0030450731334883373,-0.004591702493246855,0.0013364680056402226,0.00255618443599244
2966,0.000920180756499457,-0.002960592621395724,-0.006005827460052049,-0.0017888657346886488,-0.0038638553966168906,0.0001524776569355935,-0.009794593359913777
2967,-0.0009201807564994564,-0.00401755392245859,-0.005354716780443004,0.014874567247602794,-0.0019448956906409978,-0.0008392903702972767,-0.0002607592284279922
2968,-0.0033288881256291034,0.00765850357370769,0.008087654243337523,0.0002643113666466771,-0.002737569958986392,-0.0006879005903451074,-0.0023539053934786705
2969,0.0007419611404356092,-0.0020442769634543634,-0.0008823050963224448,-0.00024643745635255217,0.005845236041419875,7.64872284319094e-05,0.005731624043818443
2970,0.0004939374793491521,0.010015266703757207,0.006376249339551156,-0.00542011041597968,-0.004278797979274533,0.0006114133619132252,0.001807948714677472
2971,0.002890592084306959,-0.00016689726019924005,0.0014218456996668496,-0.010427361439255791,0.007748545984587376,0.0019051376484842523,0.0038490161709174423
2972,0.0006737522401901188,-0.0021196022439023696,-0.0009473797217726674,0.0016756959606716187,-0.0030828486639984877,0.0005699154160711119,-0.002819271807266475
2973,0.0007949074045676252,-0.0015123444716428976,-0.006529669668447632,-0.001140161100625261,-0.0034945654237478006,0.0004933224581080167,0.0035849983915913998
2974,-0.0003055614576927165,-0.0028710997789852676,-0.0008030595518660202,0.00890345252279416,-0.003916117444529138,0.0005685227698945959,-0.0033279433489245332
2975,0.000916040166456209,-0.002776502328216527,-0.008113340420631799,-0.003331594630114621,0.0011785474855427387,0.0007190620923884445,-0.0007716220245500857
2976,0.005817342492512409,-0.011170326693317393,-0.008936075225366694,0.006556386081598453,-0.0031499284552318515,0.00271411374600507,-0.0007729954254922923
2977,-0.0009641618654722405,-0.0035137285674130014,-0.0017591275126719254,0.010371901942603338,-0.0035711944828669385,-7.516346192127621e-05,-0.005319281958792935
2978,-0.0013897435280053238,0.0038635429092447014,0.007159319773214791,-0.004400221642236621,0.0011936640090792173,0.00015031391753599928,0.0053192819587929525
2979,0.0004838936232124129,-0.005159066392226488,-0.0008264407477826043,0.0074743191124862045,0.003955350490486827,-0.0006391937600205624,-0.0005160957017412399
2980,0.0007248310142661747,-0.005459909618065795,-0.005913392388062685,-0.00832583281389199,-0.00039391792442336373,0.000939665609350368,0.008438132916899618
2981,0.0012655506242585572,0.002085237131306507,8.384872733853275e-05,0.0038933337950373707,-0.009562833665046545,0.0007127885810439348,0.0027766670003986907
2982,-0.0009638943768712775,0.0059618663286609,0.007151095024816706,0.007225704214717781,-0.004047508158182843,-0.0015772060776014776,0.0017577713347276577
2983,0.0016253329679928002,0.001229384674815675,0.0024671216615926514,0.00027426098810064896,0.0012182181393180485,0.0008268698821379419,-0.004281279201231122
2984,-0.000721619355009239,0.0019248863561158952,0.009169005010421416,0.015131040213774736,0.0012148105316810679,-0.0004508247621813423,0.0005058759825367708
2985,0.0004812127715643008,-0.000990542616615063,-0.0035472551400941954,-0.0004768381923399921,0.006023598392238397,0.00041327390124569317,0.004526561345248277
2986,-0.0006618051153839869,0.0023271025908759456,0.00833819707266838,0.011319492668744602,0.0007968708325664804,0.0004503961844202898,-0.00025024171357849106
2987,-0.0012058718892792055,0.004157617538704262,-0.0021493859308999563,-0.0032014717131754384,0.0011925714090701555,-0.0016160862161795095,-0.005795718785758399
2988,0.00012073797183708229,0.002578443049308274,0.0015136390918057635,-0.007544449234324358,0.002375363160813106,-7.531335871016884e-05,0.0
2989,0.00042231876264318643,0.003470960289601875,0.0016668546679365773,0.0007687794978742707,0.004321373782643629,0.0010532003683397058,-0.005360152743393167
2990,0.0010239247780743132,0.0005663726440478083,-0.0019850774203346265,0.0037571620274818064,0.00039072830517005293,0.000600684026471011,0.0030710403648583993
2991,0.0,0.002989505608067078,0.0032507817243048187,-0.006016141407922949,0.002725299282311983,-0.00011256498794789588,0.0002549424680822255
2992,0.0011538278696531618,-0.0023108319730382977,-0.004605835809270479,-0.005079452120744118,-0.0003882829779460509,0.0,0.0
2993,0.0016948098851185182,-0.005516549619138045,0.0034985464192947503,-0.00858657258292003,-0.003118824763746689,0.0016854190171775695,-0.002171796316576638
2994,0.0004226710619786289,0.002226424172090706,0.0033920184643002624,0.0003096364224189459,0.0015622120510517807,-0.0006733829132905607,0.0011511272641695064
2995,-0.0016931580194455504,0.0033466337396144507,0.007246850987285555,-0.004939141560068511,-0.00039002650300081344,-0.0011997092764633034,-0.0038490161709174566
2996,-0.002857010884269699,0.0038254165428601005,-0.004583420492161084,-0.005834337054788874,-0.005497471911217452,-0.002447160159111744,-0.007539572758495952
2997,0.0,0.0028471107272471023,0.0,0.0054497308750030594,0.010926223622615219,0.00041510532777098817,0.0028752673791451956
2998,0.0012180473049705832,-0.00016696142266383143,0.0052783535833030365,-0.0029758135806966612,0.0011545274373131503,7.543108692818132e-05,0.001690116865791134
2999,0.002728179793861777,-0.002064485911194729,-0.002398354530059397,-0.004551758164853885,-0.000769343836095686,0.0006459606766248321,-0.00012977573140250388
3000,-0.0007258405286824361,-0.0008397575582676343,0.004327525306123266,0.012471421517327554,-0.004661523987003894,0.001440447363306852,0.0002595126948446031
3001,0.0007862725167995901,0.001733712808999859,0.003675292585051766,0.007251020431694432,-0.003529274805847608,0.0003782723711864183,0.007968929671275089
3002,0.0007245287072931653,0.007689766274183244,0.002660427828948162,-0.0025621877934960324,0.007417344479950861,0.00011341749319925156,-0.00025479289783310284
3003,0.0005426044069648828,-0.00027426239111802056,-0.000682554988505634,-0.0037529783079860574,0.0019310591259642982,0.00034007487161033165,-0.0022998878915817225
3004,-0.0011462943594708684,-0.0006589372591504322,-0.0028937842138102975,0.00047322866779876,-0.006209857105238392,-0.00015111151227763987,0.003826407853053833
3005,0.0028300745762408416,0.0015359679384284992,0.004257823142542236,-0.006907310595215544,-0.0003910801542100014,0.0006795881308703573,0.0012680139866371313
3006,-0.0014428401374109105,0.0024448993932298644,-0.0003784701606885562,-0.0022063430996986776,-0.0011753579079354377,0.0007161912100142083,-0.0012680139866370994
3007,0.002042611648152426,-0.0018459850751659647,-0.0016691981767380005,-0.005956440330658815,0.0,0.0002635624835589069,0.008799320903044357
3008,0.00023967687247551124,0.002711976352939277,0.0029546533142789364,-0.0007781875614651447,-0.0011785474855419906,-7.52872467684841e-05,0.013477073808109304
3009,0.0011366622861756967,-0.006537421211821265,-0.007539891914708343,0.0023694607950282406,-0.002762445818468953,0.0018407907506390322,0.0007232216190938834
3010,-0.0013164075388910643,-0.004746435024461886,-7.683228359852819e-05,0.0002905711645523146,0.0,0.0005619511009263484,0.0024020773731059306
3011,-0.00017981967625731974,0.0021036612594191964,0.0004607899444508595,-0.0012622255601522502,-0.004776889390163131,-0.0005994403738484583,-0.0031252989921998
3012,0.000958179058073753,-0.0038831033674082186,-0.004474916114771564,0.004391369964832789,0.0007998059017457592,0.0005245555591249564,0.002645945210749683
3013,-0.0002992039263389783,0.0017794421079890585,0.004474916114771536,-0.0027891914842641495,-0.003208099403383593,-0.00022473194907766974,-0.0036121179827699372
3014,-0.0021603749604141927,0.003316929172543172,0.0043532916103302104,0.009363518595400388,-0.0004026838321906062,-0.0010878468201571852,0.0002417447776863199
3015,-0.0006622638423349322,-0.0037611066409759045,0.0005316187379414788,-0.0011468240753946344,0.0036107832355741555,7.511146367673087e-05,0.011683619580917917
3016,-0.0018113239737844718,0.011349374980683434,0.010349762548847282,0.0013956489314112016,0.0035810100620567303,-0.0010151024845153009,-0.007833892594384226
3017,0.0004233184730230992,0.005217944077107971,0.0025861934130183574,0.001604247841805047,0.013267889335069387,-0.0001882425940367685,0.00047882527662249926
3018,0.0002417111412905317,0.00010692957875165042,-0.0002947866951154198,0.009927936376791372,-0.0015400529680929397,0.0010155420564243308,0.004759439215979252
3019,-0.0014522888781723236,0.0010678502599125986,0.002426027113177067,-0.00836350145538845,0.00422207417240794,0.00018780302212771888,0.0035356598149064284
3020,-0.0006672589204121772,-0.001067850259912558,-0.007095506751216876,0.014599208211118313,-0.0007646031585942312,-0.000864567133994474,-0.0007048329627740289
3021,0.002964478963738727,-0.002251068626139669,-0.0056251690724545495,-0.009723806434152937,-0.0007659516657439275,0.002513741222741056,0.007459884660285716
3022,0.0,-0.000161237975458718,0.0,-0.00985898341556495,0.0,-0.00018709106475647187,-0.006403063715065121
3023,0.0010839302180034743,-0.006335434883091495,0.000980264026690289,-0.006280183728568551,0.0,0.0014198748182348328,0.0
3024,0.0009612276313605198,-0.003010434450577259,-0.006449848774929876,0.004681641957084256,-0.005011887193215672,0.0,-0.031742846057900544
3025,0.001736820900642687,-0.0015406383182252571,-0.0027608430162713265,-0.007266155285186911,-0.005462895701502187,0.0009316029182594113,0.0045187116751509064
3026,-0.0011970638281785485,0.0029116050539869996,0.00466782106007075,-0.0049380559489332985,0.0,-0.0010435296785302423,0.007673684359093973
3027,0.00011985497023859832,-0.0013709667357617885,0.0012919785873302839,0.0017969131475148565,-0.003944572820328363,0.0010063039054052792,-0.006177835066608138
3028,5.991508347818103e-05,0.0012066790538698656,-0.0044238317089727855,-0.0006413874610402469,0.003551723872778827,-0.0005587698355014502,0.006913304305721004
3029,0.0013757704616768913,-0.0031885054551450726,0.0020649772128302156,0.003794899327794924,-0.007532452768301676,0.0012655144697502822,-0.009409256474026495
3030,-0.00023895157791428383,-0.0009390154618290385,0.00583564754589605,-0.008199982719934377,-0.0032110644021080916,7.432731181860842e-05,0.003738569559402843
3031,0.0005971326142195232,0.00011057784449447803,-0.007440891672143722,-0.0012644884313458332,0.0024105213516484084,7.431459325335255e-05,-0.0034883278458243123
3032,0.0007154770677576441,-0.006011862731818893,0.004798041324468554,-0.005545986490596988,-0.006458029509829979,0.0011131956246168875,0.001996759756078719
3033,-0.0004172183637039851,0.001007774162955826,0.004970304952470495,-0.005068785961413473,0.0,-0.0001111912483725168,0.0014915680897456909
3034,-0.0026317333258220684,0.008088892379091573,0.0049140650815951235,2.545717521520883e-06,-0.0004068332680689516,-0.0010763189694977403,0.0032142636130247666
3035,0.00035981317874502383,0.0028449727662492306,-0.0012604372812100321,0.002030643507090779,0.006464037200851421,3.7158886177042296e-05,0.0009842372074456004
3036,0.0013765288288038803,-0.00038189329429044863,-0.0015620782653693848,-0.002057224180306537,-0.0032199923736959506,0.00011145758611057812,0.011161254588741395
3037,-0.001676352438850239,0.0037497973367391223,0.0029705620732927555,-0.00023677674650844687,-0.0016189934197691845,-0.00022294378410619032,-0.0007192292263220629
3038,0.0004796184716094737,0.004949891583446014,-0.0012600070605281583,-0.008681343334127243,0.008433167536862669,-0.0006695188611239203,-0.0016828481467838887
3039,0.00017972045855604851,-0.0017153099836104272,0.007797501988128013,-0.011305409230425952,0.0,0.0004836449092590404,0.0008422391816415791
3040,-0.00011980537507790056,0.004860260754450701,0.0044245833052169075,-0.009568450485140616,0.0011914808074180382,0.0012994501565994079,0.0013202274367519068
3041,-0.0033076662697420554,-0.0005314421636037933,0.0021595990890879158,-0.007197620649020105,0.003948158844993171,-0.002006497582051025,0.004055512135623414
3042,-0.0005436610122475884,0.0007969195738532426,-0.0012944703529984669,0.0024388400086716292,-0.002759937907056389,0.00037227370863643946,-0.002142317491343351
3043,0.00012087238650332326,-0.0003185923717165909,0.0014380625123164177,-0.011463997676346314,0.0003953523094171591,0.0015971506323748583,-0.004316601342029393
3044,-0.0011496482026797962,0.0022780976568342985,0.0037168286539194803,-0.0073785575540907125,0.00039499273473430805,-0.000704993546769189,-0.0014484543117581853
3045,0.0,0.0046252300177645625,0.0,0.0049804237069736084,-0.0067642285329038675,0.0017418498964726966,-0.00024187941694944168
3046,0.0014516820711042014,0.0001568133188735963,0.008248353507135616,-0.0034322725877499283,0.007553137890446097,0.0015506577929295744,0.002533039848507698
3047,0.00036216359171985376,0.00010451076501065118,0.0019509491324988643,0.011835641590248473,0.007811262404374977,-0.00018431205212460762,-0.0020494156538719294
3048,-0.0006037738799558532,-0.0022525426194589864,-0.0034199340427575604,0.00506588988130014,-0.0015510533697373268,0.0006631576343062947,-0.0016950461290820768
3049,0.0018689733764045925,0.0054280992786304594,0.0024455549887330025,-0.014777985102986863,-0.0007776089488442615,-0.0001472808770043853,0.006740847906057319
3050,0.000420915418662622,-0.00010374927949627907,-0.0010464091848253346,-0.0022770255332994096,-0.0027326484523996996,-0.001327780341987365,-0.0005976256370383537
3051,-0.002350312375255596,-0.005376873973546024,-0.004846224662523725,-0.005800451630193284,0.0003914326374972217,0.0007750317858862416,-0.004931800334572715
3052,0.0005435098167657672,0.0019391688321622018,0.005055708298020315,0.004658563240139173,-0.010694522161337013,0.0007368418494781411,-0.0032786262273016846
3053,-0.0004226710619785841,-0.0037287741259455246,0.0027141318677595025,0.004728145188919492,0.0,0.0006620904707645906,0.0013387258186085748
3054,-0.0003021599522869306,0.0018946468910801286,0.002352405366772126,-0.00594492003166186,0.0016010874609732036,7.350333975342635e-05,0.011037912456572978
3055,0.0,0.0036605410851896893,0.0,-0.0014774405947832702,0.0003993512758664055,0.0006976619683534591,0.0028339055328616817
3056,-0.0007866011575310475,-0.0027163082365811446,0.0004827410379260422,-0.004030779097173577,-0.0011991571776121277,0.00029341744678338234,0.0007055963890066351
3057,-0.0023683879983994955,0.002143119683651534,0.0008950979410723185,0.006550407549571023,0.004776889390163102,-0.0017634856420274936,-0.0007055963890066501
3058,-0.0001225090225062418,-0.003823177801672438,0.003152538092215382,0.009192860169122881,-0.003178747818935899,0.0009561101685110881,-0.0025970391610780266
3059,-0.0004290539299400911,0.005903883575417328,0.004145554268080627,0.006371620227770154,-0.00400643507286507,0.0006240128016336842,0.002126003885072747
3060,-0.0005522643396450129,0.0023805524532894205,-0.0008801668403139891,-0.009576134184777436,0.007580895431162729,-0.001727403847149143,-0.007846760349888886
3061,0.0038511832856203917,-0.0009299671260181442,-0.0005425290922931577,0.006636510683486602,0.0035452807646491804,0.0026434440136077057,-0.0014420416632611745
3062,0.0006081704983539161,0.00149730160500382,-0.0019723689018468467,-0.007063763443937175,-0.004733501702585982,0.0012792188391714913,0.0037155267163292644
3063,0.00012153196718593452,-0.0019112603942657294,-0.007910865030248926,0.0016269004335282557,-0.0023862394203609167,0.0010206690524073192,0.0020241314755587987
3064,0.002846254439017462,0.0020658594401827064,0.004901094407357725,-0.0053979757424761415,0.0007968708325664804,0.0011333083529590268,-0.006462478578279336
3065,-0.0007249318393249022,-0.004089578353143529,-0.0032320378207267193,0.002256524960878112,-0.005609047290360107,0.0002554995554899474,-0.0041188627794298905
3066,0.0005438122918732925,0.0009351960395971332,0.0036429124794734725,-0.009706857083606909,0.0,0.0005469934161581673,0.0
3067,0.0001811195474515887,0.004594659068065563,0.004358645153343974,-0.00014645077974418785,0.0012080521889673297,0.00043709923867710367,0.005322895937385008
3068,0.0005429058748716398,0.0009746174474914871,0.0030386894838175227,-0.01146464804162718,0.005593566510462311,7.280712203443935e-05,-0.0021696688685144223
3069,0.0012641472810895568,-0.0016427234031375396,0.003151204971594384,0.0011870188468138354,0.0007932321509393272,0.0019974276548232906,0.0026503490303717942
3070,-0.00271340718628468,0.0007708003240380047,-0.0034204514042120685,0.00027046055321324955,-0.0003964349722144352,-0.00134271223147742,0.006437642448763667
3071,-0.0006658638562646347,-0.007358047092419916,-0.001889413404783974,-0.0037060690876308394,0.00473350170258593,-0.001346876384869759,0.0007094384619822582
3072,0.0,0.004388675634445965,-0.00027058847099781263,0.0007091356404556865,0.0011753579079354516,0.00076495587988103,0.003529912268805883
3073,0.0007868204040176347,0.001845446750954039,0.004376308843417882,0.008179297995540107,0.001562212051051877,-0.0007649558798810449,0.003966187217602147
3074,-0.0007262451222541287,0.0006134103871518114,0.0008031338061432209,0.0012303265507032609,0.0034945654237485677,-0.0003282511461846499,0.00919176071122955
3075,-0.00018175119825963255,0.001835049836822728,0.0008016513248092886,-0.008430700881360656,0.0,0.0010568110920908215,0.0029459169907497173
3076,0.0,0.0,0.0,-0.006057413031600899,0.004998575113542418,0.0,0.0
3077,-0.0018217077126113947,5.0863088644931765e-05,-0.002141033980565492,-0.0007990305456292173,0.0003821333127345793,0.0,0.0
3078,0.0,0.0014217533442742974,0.005332923272811768,-0.002562353179175362,0.0022857657075471835,0.0,0.0
3079,-0.0009747109871293316,-0.0011166998440905697,0.0001987163072439296,0.000594887093583923,0.0015171875059850166,-0.00427951872163933,0.00849830942930532
3080,0.0016435580638074656,0.00025404767141653725,-0.0016587541435331761,-0.006101406807742358,0.00037847016068686437,0.001614343094246359,0.00044270593222196824
3081,0.0007284784742489188,0.002986593089685822,-0.005889736500392018,0.003568528754910982,0.0,0.0,0.0
3082,-0.0018234924559897756,-0.00035326959978602333,-0.00988237223583979,0.0019542742948902756,0.0022639207577581292,0.0009511170015661883,0.0021606868913206685
3083,0.0,-0.0007579753193504333,-0.008844272486472694,-0.001301920569068313,-0.0037797843627066126,0.00014614098965261285,0.004321373782641337
3084,0.00030444759879919345,0.002672279580170859,0.0015450337449736114,-0.007530103607131946,0.0011373934442616472,0.0005475911479527046,-0.005045801776975303
3085,-0.0004872186537110613,0.001455260472560129,-0.00465168935997268,-0.003686711206202506,0.0,0.0005469015732203496,0.005284621954508239
3086,0.00018277105491185499,-0.0002505593341885502,0.00507210999484003,-0.008924037377791927,0.0,0.0005462137330552112,-0.003114953085993829
3087,0.0006695032229035491,-0.0073808078795357624,-0.005852258698289505,0.009133165731662214,0.003018566326895196,0.0,0.005020801375051289
3088,0.00024320005221981227,-0.003429534032292358,0.0010634920388317558,0.010930800852854495,-0.003018566326895179,-0.00025481425426931374,0.004257823142540135
3089,0.0013957635270799686,0.0004622613335874706,-0.0010634920388317842,-0.00800275875756157,-0.0038029532135322023,0.0014903612665755413,-0.004020179097267284
3090,-0.0006669794401269263,0.0009230491931781576,0.0038868043184484796,0.008762766631810262,0.0034241529436359126,0.0002539415662139763,0.0007121529038855804
3091,0.0,0.0018402336089142404,0.0,0.00260369682005578,0.0011354110569134677,0.0003625162830735368,-0.0007121529038855505
3092,0.0003639339446795096,0.0017308676509141742,0.005175228978913571,0.00664201364100883,-0.00227379829300219,0.00014492182729021442,0.001423139936189268
3093,6.06260183716338e-05,-0.0014758952477078166,-0.005667985555533713,-0.001054914747887166,-0.0011413790588099485,0.0007962067731654047,0.0016544571700138327
3094,0.0005452536584432008,-0.005437729328711539,-0.0034650398926867987,0.00514919636229253,-0.0038264078530521536,-0.0014850165637188698,-0.0008264407477810101
3095,0.0009072376014989529,-0.0005165253723817517,0.0,0.0008673956975421479,-0.0015400529680929397,0.00010883209727469422,0.005052042015663711
3096,0.00012082194594684963,0.0009293038108731056,-0.003564485553752595,0.0020774386308109634,0.0011555514096398367,0.0006524204760825381,-0.002812494331656423
3097,-0.0015126956495187366,0.0034928662278091134,0.0008581484403931596,-0.010250024084570332,-0.0007700258788608758,-0.00036233481319613285,-0.009749149462753515
3098,-0.00030317242550809007,-0.001332192706884302,0.005607541182737562,0.006309853039532614,0.0038365486416289288,-0.00018128083157652013,0.005733343752940806
3099,-0.0004247972634246774,-0.00041072894126584626,0.0013379167705147965,0.00014937396746000564,-0.0011474101308477937,-0.0011256332490988984,0.0
3100,0.0018780986148169013,-0.0016468112422239843,-0.0008445204059435666,-0.004935358157185729,-0.0019191126319202893,0.0017778904158645208,0.0018944173196624536
3101,6.0448810996119654e-05,0.0058384807301360515,0.005181904698611656,-8.626264197540268e-05,0.003448320134085465,-7.242466153728954e-05,0.0030609117028126418
3102,0.00012087238650370888,0.0027889869338074565,0.002498744522713337,-0.008021851197376252,-0.0007639306840518603,0.00036200258985367344,-0.0014100482578245262
3103,-0.0002417784234483864,0.0007070733910554872,0.0031720601746860807,0.005465805416410378,0.0019073130432136207,-0.0007243071757322526,-0.004257823142540168
3104,-0.000847286047263212,-0.0005049349271300238,-0.0023423299775740427,-0.004509635276454878,-0.0011433823591617462,-0.0001087503403459355,0.0004751581238790125
3105,0.0025369151748875127,0.005921148780327579,0.006036728755804377,0.004704268333719353,-0.001912352195655471,0.0019533517873093703,-0.0014270368214402245
3106,0.0003612097368493725,0.001393246553899826,-0.00047713437638011565,0.0035871504592723696,0.00609011882488748,0.00046894213325378,0.0
3107,0.00024063969691988832,0.001190664164307617,0.0008856898927800747,0.001205058204931333,0.0,0.00100831268289247,-0.00358824251563259
3108,0.0020400717790613884,-0.0009919933091029523,-0.009078219954983839,-0.005308798906165136,-0.00037814062633030306,0.00021576276765829962,0.001678203232784415
3109,-0.0021002192041155894,-0.00044713729707677725,0.000625034142765821,-0.003520197503274865,0.0018874192327445545,-7.190901281466385e-05,0.007119741122949629
3110,-0.0008429397830884529,0.0031696852802198636,0.007226364426049317,-0.002054997231637133,0.0,-0.000467699027494961,-0.001650863444988097
3111,0.00042167440351592757,-0.0008396938859644213,-0.0008198104971501399,0.009877543941582322,0.004123673019171291,-0.0006844674102410656,0.003998406900972893
3112,-0.0006025174133772472,0.0,0.0005467122445400184,-0.0014918733572582266,-0.00037326558542107377,-0.0011913817607161054,0.003729873548944213
3113,-0.0016915093706590598,-0.001882854097178686,0.001091364122378922,-0.003147992044706429,-0.0003735866741376856,-0.0009047428002380789,-0.00011607496578329606
3114,-0.0004239087519606697,0.00034745545865052705,-0.003763110823606615,-0.011506279840105542,-0.0007481388273930059,-0.0005800261054544478,0.009302974520787342
3115,-0.002125772633385751,-0.001043201430386426,-0.001790339705183676,0.004320045797806552,0.0022405611960770243,-0.0034599516962854626,0.005420282299919373
3116,0.0,9.94605482184994e-05,0.0,-0.004780298022898355,-0.0003726250609573422,-0.0005854505655703115,-0.0017992546994802649
3117,-0.00036546522372946734,-0.005857094639747015,-0.007867994985376707,0.0019426511095978066,-0.0022424893984418948,0.00014643664705949976,0.008701798840666646
3118,0.00030457570636233735,-0.0001512255189925876,0.002312505327130473,-0.002979669084902343,-0.003763407275311521,-0.0005493922072335539,-0.0004420300451858803
3119,-0.0004874237121101181,0.0006045863833520807,0.0038270209200020034,-0.014145625641862098,0.0018857801314278555,-0.0002932936001432438,-0.012108116203203347
3120,0.0003656190606596614,0.0048564186658939645,0.007418147148296461,-0.0004628935068569707,0.004120116542325596,0.0006596322822633519,-0.0045715630744856415
3121,-0.002094473901317136,-0.0027970759119690567,-0.0026641821329726144,0.004876472903481861,0.004450537481397223,-0.0006963079130669339,0.006160308704818529
3122,-0.00030886459014876417,0.005279332794703953,0.003208666745152519,0.002977253949874897,0.0003688276076479753,-3.667872827667479e-05,-0.002727132866423755
3123,-6.179928603837415e-05,-0.0007927796508868939,-0.0008851344703414495,-0.0010239616897203577,0.00036851464400608567,-0.0012121391471601884,0.0015929079284444554
3124,-0.00030912840788637034,4.959114843200412e-05,0.0004087477778478018,-0.009059129251981197,0.001837897291812166,0.0006248578110113315,0.007431717721644907
3125,0.0017282918620657728,0.005028781030944242,0.005279006807074324,0.0036210502307044683,0.0014647382582729624,0.0020154612811821133,0.005105488433596441
3126,0.0002463383400723925,0.0,-0.0008753903676690297,0.00023024217105717143,0.0014598147590434028,0.0009859958838019404,-0.001990658100587494
3127,-0.0017891267543524824,-0.0031485011982979763,-0.004335529195884207,0.0018492877395350372,-0.0010944007855267354,-0.0015100785903277459,0.0059448081646259945
3128,-0.003413550479108671,-0.004167353941035023,-0.004929771157142341,0.0018183584255590495,0.0029122957877200885,-0.0013672758224005798,0.0032678444768497947
3129,0.0013065240309984478,0.0008466267450809093,-0.0019951781586226847,0.0038102413558829015,-0.003661863869262641,-0.00033323249319224457,0.001300283851273842
3130,-0.0021797287983334533,-0.0013953248368989868,-0.00048297111551839,-0.005083817876660447,0.0025665430316586316,3.703846165733498e-05,0.0
3131,0.0006238967915427664,0.0012460399949000898,0.002958373850884944,-0.0061509599205415355,-0.0021989640999380035,-7.40800823800069e-05,-0.0058821822259544545
3132,-0.0005614667645665456,0.001093565714797697,-0.002751320458690203,0.006707142118501235,-0.0018410137018011656,0.001995740217250674,0.0010953208376006751
3133,0.0009976618472682514,-0.006149670620288113,-0.002491179767027871,-0.01225982964116119,0.0018410137018011758,0.001362175984738703,0.0030522830189855773
3134,0.0011817544214274256,-0.0002518379205984957,-0.0002776819032600746,-0.004031532841375569,-0.002949379633640153,-0.00047811566540661597,-0.00634656795652395
3135,-0.0007459970031850803,-5.010608391895761e-05,-0.0024373200933913547,-0.013381815732306686,0.0029493796336401245,-0.00047864260406463093,0.006346567956523922
3136,-0.00018669964401791048,0.00020038965952615622,0.0006280470825600907,-0.0006390847178217799,0.0,-0.0009588706790467695,-0.005025853866507899
3137,-0.0024344274731020413,0.0016995892299636849,-0.002938688228922236,-0.0024287023184737444,-0.0007354692391106775,0.0015111038080524142,0.0010975352869356501
3138,-0.00012521103788662907,-9.979193102461162e-05,-0.0038785995399266103,0.003724027493085429,-0.004439164529744097,-0.0018804646756158758,-0.008188214948290707
3139,0.000250385986699865,0.0021404894865111913,0.0021903778536877,0.009133451425146023,0.0,0.0008859389018449315,-0.0017909076178804174
3140,0.0,0.0,0.0,-0.01798891539779955,0.001114052295982224,0.0,0.0
3141,-0.0007515914455641238,0.0,0.0004930762630570606,-0.0034090084163804204,0.0033251122337618916,0.0,0.0
3142,0.0010018331591452006,-0.0006460128503649178,-0.006668487973628084,-0.007083915819242327,-0.008548648354375868,0.00033176170497896005,0.0004484197423715504
3143,0.000999527442126403,0.0024299726098963347,0.006034429894075833,0.005316255147173716,-0.0015040516570508412,0.0011407987696734421,0.004237052943255202
3144,0.002054288629678071,-0.0024797057312659484,-0.00035265489709097495,0.008867556698810829,0.004496618067339671,0.0016506841685129856,0.004196114593608721
3145,0.0011164388716494516,-4.973881720015291e-05,-0.0015550925798415293,-0.0032631826049160763,0.0026016863200329144,0.00018302266775992117,-0.010229631243836135
3146,6.194030986778697e-05,0.0002983474918601016,0.0021192030431819785,0.009586543061690192,-0.0014847689056900256,0.0010965192205356024,0.001796463706972269
3147,-0.00037177444008347434,0.001736287293724216,0.0006337496604336716,0.000500839745759248,0.003333620067053618,-0.00043827552141327634,-0.0013466506352716623
3148,0.0009906921476587386,0.0007420033957743226,0.0009839982760510588,-0.000264080758928653,0.0022082817844953826,-0.00010963802353006429,0.00469512120838025
3149,-0.000928707635757137,0.0014802143910134778,0.002031217310502221,0.0044628758482715405,-0.0003672680826942385,0.0014959959138645452,0.0011104441792626056
3150,-0.0005581793466882118,0.0008365541300971096,-0.007542104593279476,-0.015248941561158124,0.002198964099938046,-0.0002550494115278612,-0.002446735947084934
3151,0.0011156422110971428,0.00019660230390200524,-0.0017812119214590668,0.0040553915453697765,-0.004778574037419659,0.0002914728175876472,0.00532067275941005
3152,0.0023458749734862967,-0.0032553742207868668,0.004191995644125208,-0.0009514671026130598,-0.0029670105623842346,0.000436842767999872,-0.004206810948770714
3153,6.15627588955516e-05,0.002566876426648596,-0.00748863625357537,0.006514502790165931,0.0,0.0011627703917918865,-0.015629493314005528
3154,0.0006766150084612763,-0.00034465863986076346,-0.008719606576461428,-0.002512233176899449,-0.004113021960860438,-0.0005809960490608938,-0.005337375798748753
3155,0.002084715620247789,-0.010923400011286992,-0.006582026179059615,-0.0037187262778622535,-0.008727924221113063,0.0014510353688994147,0.0004667324274073707
3156,0.0006723299211920731,-0.008569866156244268,0.0029705620732910316,0.003383900079223144,-0.017601014501236033,0.0004705445528221795,-0.0004667324274073439
3157,0.0012806558630494307,0.0,0.0066103937077806475,0.006774003167744217,0.006733382658968783,0.0008673604918199226,0.0023286623185819837
3158,-0.0002436434744988193,-0.005391168073985808,-0.006388418501360213,-0.010900754542635022,0.00039284894755043173,-0.0001083253753859876,0.00393029362843304
3159,-0.0023827146767863667,0.007344442796616969,0.009873247485298829,-0.004107774659206658,-0.0035484993939694726,-0.001410694181204362,-0.008130917819015412
3160,0.0011624427812329263,-0.0006672374136137322,-0.00641036703835009,-0.0020403914013930337,0.0035484993939694613,0.0008686616418562841,0.004896795029318739
3161,-0.0002444663627196907,0.0028159481508262018,0.0036538536399980475,0.0057595943627038685,0.00039249391004225347,0.0007586562774358527,-0.010799230022696539
3162,-0.00012228480494865863,-0.0015337078278736989,-0.006008556701018598,0.0032537218670281075,-0.001572108438531071,-3.609645365499466e-05,-0.0016671593674643667
3163,0.000977315702231663,-0.0021048653718487085,-0.00044293168745497514,-0.003754665446114375,-0.0003939179244248115,0.0009735527354200634,-0.004075661262673504
3164,0.0017657984333391134,-0.002736128817314319,-0.011146917618388178,0.007447974737381256,-0.0019749669410558247,0.0008276047977620689,0.0007220192550866675
3165,-0.0010342522493011301,0.001189494412399879,0.0048979683413871355,-0.013521412723240403,0.0,-0.000323657559560803,0.005495959498930257
3166,0.00036531151620090553,0.003241594619478372,0.004695121208380727,0.00476828861120697,0.0015806913970408424,0.0,0.0
3167,-0.00054808257111333,0.0023007001460917634,0.0019967597560752635,0.0013646668426233245,0.0,0.0007907375023888607,-0.008149252562080394
3168,0.0009130870598096057,0.0027448478568841083,0.004696707964956602,0.0005818861493874605,0.0,-0.0008626941725725758,-0.0073197431904944606
3169,0.0009111713571792581,-0.00015203727860535292,0.0004377233515903775,-0.002532553624954687,0.0,0.0008267827753635118,0.002208905771863637
3170,-0.003105814060633363,0.0026278080009132796,0.0008741253844716467,-0.0036096222073538067,0.006654484578653146,-0.0020157923455968872,-0.0022089057718636387
3171,-0.0004280269791480272,0.0005035298904976064,0.0044164694007422615,-0.01127231316731595,0.00038828297794601214,0.0010810522058184143,0.004162989977011545
3172,0.0017095826227924993,-0.005316408050674275,-0.0051447849863289,-0.02141763292746291,-0.0011658919267900506,0.0016524044886681198,-0.0007317516169288372
3173,0.0005480825711133687,-0.00025479289783570807,0.00043713590193108885,-0.007455875566281276,-0.0027326484524001363,0.0013603036436485544,-0.006394031990132103
3174,0.0006689407331002829,0.000916555701228283,-0.007714136773438345,-0.013806154413212814,-0.0003917857567495034,-0.00042910944477712464,-0.0009921066151181417
3175,0.0011530217289251491,0.0002542558950344593,-0.0015594073555224063,0.004798679325874609,-0.0015706869992311598,0.0006077799874296276,-0.008462381480227021
3176,6.0600639448289006e-05,0.001218360537883211,0.0067906027122668034,0.005234729265032712,-0.003554954217042605,7.1447640519184e-05,0.00018985551423748683
3177,0.0003634263658966457,-0.0019306524907412334,0.002774121100349425,0.0013259330907507464,-0.005186858405586506,0.0001785676937701893,0.005282534934412498
3178,0.001450671852056269,0.008171635513319757,0.00843176810147234,0.0010067338008997904,0.00040119585477007056,0.0007135374675055462,0.0012483322245473597
3179,-0.0012690726514572707,0.001695685707792643,0.0013539423807401732,-0.00010993412747423257,0.009911303767090207,-0.0008563857483427819,-0.0017486715447532692
3180,-0.0003027075343177823,0.0031740288410007133,-0.0010685508923012742,0.00040673015977782726,-0.0011774823712813133,-0.000607629924426146,-0.0037710322193445483
3181,0.0018130884191837192,0.002856562799241986,0.0036223970866457,0.006259574122563703,0.004301916580430904,0.0012500775000163164,0.0035206462326416417
3182,0.0019856935046991663,-0.0015244457637508943,-0.0015588984925071466,-0.005903936549906597,-0.0011690302668514849,0.0009263052346356909,0.0015001551424117128
3183,-0.0011421689960884086,-0.0015298156763936224,-0.0033492397757113918,-0.008684495260602982,-0.003526090941529348,-0.00032042058568152045,0.002240561196074146
3184,-0.0007229206528228133,0.005306526484349349,0.0053323230474092145,-0.010934035194629505,0.0003932046279498649,-0.0002137451352636207,0.0014873113231658114
3185,0.00030136319431690623,0.001073055195709512,0.0029577491069703757,-0.011245297859996322,0.004690895094479061,-0.00024950235602173696,-0.0037278725192400404
3186,0.0,0.002574252075543665,0.0,0.003769869806224908,0.0030993493317729042,0.0,0.0
3187,0.0015607005779483425,-9.686505714486919e-05,-0.001758137296653324,0.0006649221272875384,0.0,0.0018145292096483406,0.0
3188,0.0025689135665883486,0.005343600915632496,0.005462014850208011,0.0037104028237871668,0.002310082478073847,0.0013116940570300133,0.001992180015783875
3189,0.00035724801732275863,0.00047819260711171946,0.001111972396636422,-0.0018273062648762148,-0.0011535052781315857,0.0006720362261439721,0.005922289252645988
3190,-0.00250692947891255,-0.0031658452323358047,-0.003134707920999635,-0.0008582664569590062,0.0,-0.0007074353769888784,0.004146623016341775
3191,0.0007775018622424725,0.0005773274122410498,0.001535350884299484,0.0005973594886099523,-0.0007707091319956174,0.0008134513623560405,-0.003901604966454055
3192,0.0014317413469411078,0.00449604029772008,0.0002785724803040441,-0.011300275141203046,-0.002320367845147075,0.0016927455560331625,-0.0049268195071253285
3193,-0.0008346087327220563,-0.00042846266419975103,-0.0026536809228707952,-0.012153316768927511,0.0034759192547873376,0.0011965981949793598,-0.005735812964999908
3194,-0.0006568910569565934,0.0016638744961259588,0.004098786631390004,-0.0005973884270379742,-0.005029747323407897,-0.00014060525639540493,0.0
3195,-0.002216862898728751,0.000947931145528776,0.001311756049508551,0.0030000667060173505,0.005414248881858758,-0.0005276755117235914,-0.0037819787500030394
3196,-0.0010223651044646094,0.00028397634963477666,0.0013765288288016693,0.005509008439010946,0.0011514663799774962,-0.0013749643984072174,-0.003815203000516276
3197,-0.0010851339174426625,0.0013227732942528768,0.003694980855328972,0.006122975864540413,0.0003831446934908618,-0.0005653496616819676,0.0028010881628275463
3198,-0.0002415095193072529,-0.004409118905055672,0.001564291579849342,-0.007493448213808837,0.0022917967795846508,-0.0036215086532553455,0.005297878140224132
3199,0.001326643436749948,0.0019493243912862938,0.0038526103503234736,-0.001956732526810749,0.0007612525733575199,0.00039201080091066053,0.0032475436138719115
3200,-0.0005422280425713701,0.0033844962605255034,-0.0001346023509614721,0.011432578552451842,0.0037863751773640946,0.00028487667922201944,0.00862457101369479
3201,-0.0006032706650025867,-0.0016889511778422682,-0.001213302150974356,0.010430258724951229,-0.0018890611859263449,-3.559936736266993e-05,0.0036444506054448184
3202,0.0014464442409952553,0.001126696942137077,0.0014824651480627878,0.004852501550363184,0.0007566107870169593,0.002591115297519982,-0.004132696280143798
3203,0.0032967098479460104,0.001497730056538678,0.0008064895203513343,0.0047051137194326935,0.0015092786064141719,0.0022942181292239087,0.0004882456746989788
3204,-0.000597543410038135,-0.001826048164224502,-0.007859521815325048,-0.0004398248217267113,0.0015040516570508076,-0.0006341095119276228,-0.009122615198900235
3205,0.001373122744501358,-0.0043382654263333115,-0.004328894690491997,0.0004502627321805129,-0.0015040516570508412,0.0009508174088902324,0.002732201920029698
3206,0.00035749307704149885,-0.004861022674192744,0.0015853954728169094,0.0026298850061486885,-0.004163203384868961,0.00045705960622051525,-0.0032308179126914996
3207,-0.0019698635796411247,0.005713230586834265,0.00905593148805778,-0.004083242660785837,0.0034092197199622532,-0.00144313248307656,-0.004954817852351187
3208,-0.0005986966510620539,0.0002364279452508237,0.0002021071076123465,0.008521495982044377,0.001882510454717824,-0.0004938772968787837,0.004705295017621742
3209,0.0008379444091603628,0.0024042415352761967,-0.001822358880540761,-0.0067052415758614295,0.0,0.0016909605343049387,-0.006285123903810623
3210,-0.003000111971329172,0.0015954650450106908,0.0028986778500363773,0.007980164662732988,0.0022482939698014767,-0.0007389852384639736,-0.005863765675784952
3211,0.0,0.0007487837749774333,0.0,0.009020212881904672,0.0007468522595585567,-0.0005286175220363418,0.0007693438360940105
3212,-0.0021124781928455725,-0.0014519430012309693,0.006336283135505336,0.004070366809543462,-0.001120760575295692,-0.0014481794361547481,0.001534611073467632
3213,0.0009669794852716357,0.0007968278304995035,-0.003857464862555398,0.004492450574113596,0.0,-0.000283135521009436,0.00909550483453094
3214,0.0008443444885141297,-0.005608742922071004,0.0012674296924398037,0.0007722679165706936,-0.0007487837749787189,0.0013079571833594897,-0.0012519307657723592
3215,-0.002113947135569847,0.005374533520989104,0.008900464078775025,-0.0014487177741131594,-0.0007500770118458373,7.058829465318787e-05,0.013576664824318376
3216,0.00018159920059834618,0.0034999476096211845,0.0050605546572508025,0.009433575115933976,0.004481152210090135,-0.001768158463480146,0.0067520768664851545
3217,-0.0009087563096182109,0.00153108623969832,-0.0005809097005117352,-0.0007999271262661816,0.0,0.0,-0.001438062512317147
3218,-0.0005461679385553522,0.0007404063285550948,-0.0010993984267826916,-0.005951623229856717,-0.000371668385458308,-0.0004963771253618667,0.001796835338922014
3219,-0.0005468556633199535,0.002029632711961176,-0.0031192914481073092,-0.000287855353495367,0.0029644789637380564,-0.0013501761927981893,0.005818386305280504
3220,0.0003646469415774385,0.001607734330304776,0.00013041876431586232,-0.00573776847598795,0.0007379687109640434,0.0002490322716868767,0.00023583735681348512
3221,-0.000729600309190872,0.00013752926126657327,-0.0025502572408101446,-0.0029368219626880305,0.0,0.0006752257942282507,-0.004264791868431625
3222,0.0008510812839408958,0.004468840273062827,0.005733343752942043,0.0016227780412722307,-0.00036882760764852027,-0.0003907922306257008,0.0004759392058826821
3223,0.0005462442669869361,0.003344219611093229,0.005083288505398794,-0.005276895259544878,0.0007373422516539026,-0.0005690535340758581,0.0016616917639378792
3224,-0.0030434215780891873,0.002692751099854937,-0.006314778794959976,-0.0022182195638111276,-0.00036851464400536126,-3.5590615216038964e-05,-0.005004271621422845
3225,0.00134173377354934,0.0002683591116714348,0.006506647356465116,-0.0016427287448789443,-0.0029594287049218033,0.0017050680441850767,0.005477875247314263
3226,-0.000609365165081198,8.941620000765768e-05,-0.002951340382712559,0.000330843539600299,0.002221459993957745,0.0005314638418518096,-0.0011849788576802362
3227,0.0001828993423127434,8.939779403796464e-05,0.001157262072520835,0.003759011756847713,-0.00036945513236496066,-0.0005314638418518452,-0.0014262557380317399
3228,-0.0007320599826967631,0.0012050725589613082,0.0008338867143214648,0.0018203325077036851,0.0029468780201759317,0.00038980373070244233,0.005206862697494403
3229,0.0018886371826391433,0.0039929286653427555,0.004335966829984351,0.005671015878112131,0.0007336057181917134,-0.00010627541516335809,0.003981158206350048
3230,-0.0024384931099462877,-0.0015927688338300142,-0.0006349335661680787,0.002681344186215167,0.002193411136655996,-0.0005317675231591965,-0.0006999106783242424
3231,-0.001224400252507174,0.0011509186767800319,0.00031758281627424515,0.004270694510919774,0.001819418169613952,-0.0015280188181845714,0.0027929001841693053
3232,-0.0004293569127784719,0.0028201039476489255,0.003100083032032684,-0.0006809117889148747,-0.0003632743682359104,-0.001176322621968166,0.003696145559962581
3233,0.0009195313236217044,-0.000615334861230286,-0.002529018542251426,0.00693092331278226,-0.00036357849080539256,0.0004994351418354497,0.002751610990778069
3234,-0.000612804506788486,-0.007184449152328265,-0.006967269674576606,0.00030025730671004165,-0.002187886148176615,-0.0006779441179622412,-0.003442246411014541
3235,-0.0020900270181004204,-0.001433316422790315,-0.006099559592629013,-0.005717111760372366,-0.004778574037419659,-0.0012874351777045845,0.00046054562311961334
3236,-0.0007400646185673818,-0.0002692742559570325,-0.001505581895802427,0.006018114572570319,0.0014759384873343326,0.00039378804172987016,-0.003930293628433083
3237,0.0010480530591779821,0.007918320114629406,0.0005242728651196785,0.003190374764707144,0.004397956387689266,-0.0002505510741062881,-0.005845236041419966
3238,-6.158021731682686e-05,0.0040367124665228815,-0.0007210384723077612,-0.010276145996214143,0.008306925256460049,0.00103705759478287,0.009314984046733482
3239,0.001720954062484481,-0.001005666000223703,0.003332951212881371,-0.004758392418484603,0.004271783443158339,0.000499763555615583,0.005722012705916026
3240,0.002141646730533266,-0.0022823006601936607,-0.005239629012408923,0.01120369283695208,0.0,0.001566951860080684,0.002267861455821378
3241,-0.0007942364547055097,0.001800505512105152,0.004979143485391179,-0.011316651337886372,0.00035409254460707225,0.00021323788410550998,0.0022560803042235445
3242,0.0013432428256093332,-0.006668336483759084,-0.007888114203566986,0.0019911569364112983,0.0017661451014031639,0.0014543300851624465,0.0026919165642115593
3243,-0.0014043981424618182,0.0011555119925032718,-0.00039819179003107013,0.0010319294966532843,-0.0007055963890081473,0.00014162546413005848,-0.013168327115127368
3244,0.0025003332080183495,-0.0024033574372681363,-0.0015297930028405238,-0.008302968126783165,-0.0003532285529443451,0.0013078507283729218,0.0029864324318050247
3245,-6.081278199385442e-05,0.0054110102329763266,0.002060634299675764,0.00512428845575555,-0.0003535160813055629,-7.059403167592461e-05,-0.000916716924865618
3246,0.0,0.0005726283363934463,0.0027763212113716233,0.0012168483718615062,0.007364071568987256,0.0007054244739533713,0.007280119880720692
3247,0.000547008726311461,-0.0016759633180780534,-0.0002636481986594711,-0.009515294034353286,-0.0006959848955936566,0.00010571491355645234,-0.0004514496060394865
3248,0.00012146398678100582,0.0004858127624039757,-0.0019824797749995373,0.00566091939903013,0.0010435595295136863,0.0,-0.007517480065235353
3249,0.000424856629972059,-0.005910673591179968,0.0025096162158687193,0.0006026542370096774,-0.0020896326532563363,0.001090883281422917,-0.0011504496314303661
3250,-0.0010933293430645948,-0.005765454272679373,-0.007103958679283964,0.012539260209705711,-0.00034925171315549085,-0.0004923176840277508,0.0016097775239600676
3251,0.0006077449661000094,0.004600524601804505,0.005652791077267787,0.007987141220610512,-0.003860420813237339,0.0,0.0
3252,0.0027243766326452467,-0.002203974448197122,-0.0022522949176030644,0.00123513316626157,0.005255745650135484,7.036527589887981e-05,-0.004383354690537148
3253,0.0020023392651777753,0.0023385489930656724,0.009330134390936055,-0.002661527922723131,-0.0013953248368968585,0.001755436835890761,-0.0034920677176116313
3254,0.000725840528683068,-0.0005385485636731021,6.499954841257172e-05,-0.008294343796691486,0.0034799423525039984,0.0012944703529982945,0.0034920677176116096
3255,-0.00030228614146012424,0.001166012320565466,-0.001954230754631785,-0.0036198201781441628,0.001729570115100808,6.98615752970384e-05,0.0016200718884438433
3256,0.0,0.005164403234489792,0.0,0.008329474775691318,0.002409884402586873,0.0002444270515454689,-0.0030135313146025544
3257,-0.0013932326731845,0.006152205224760154,0.005965321069204289,-0.0037385479024548045,-0.00171998039427454,-0.0006987283011587678,-0.002332414209297218
3258,-0.0012759972970568267,0.001524529609907422,0.001286037309018962,0.008392144112666856,0.0,-0.0005247849535742759,-0.0011709213938627748
3259,-6.0855388862137016e-05,-0.00034799239193887793,-0.002242103492511436,-0.002495089482136413,-0.0017323297077568949,0.0010570210034667649,-0.004478517383699405
3260,0.00030419170670268995,0.002646425790068185,0.0028805841748481146,0.0005627199353814919,0.005861943852293291,0.0005978385649816143,0.002362870256856489
3261,-0.001462067247843625,-0.002428897870719183,0.0017827682992438598,-0.0012744015125861926,0.004768771637085275,-0.0026083831075276193,0.0037540545528237613
3262,0.0012795777927161163,-0.007325041442870127,-0.0038933265952298,0.008951393405041108,0.0013529434054050048,0.0010593414844322874,0.0009334651243437213
3263,-0.0009135992750728614,-8.847804490278764e-05,-0.004640768809359473,-0.006487384455178286,-0.0020309989403348295,0.00010579216857815314,-0.002806436143337696
3264,-0.0014045956254942176,-0.0009301093881932562,-0.0014929800345173283,0.017482161596288404,0.00472430668481266,-0.0010237387366063128,-0.005667871400364731
3265,-0.001347790417579272,0.008126056768473484,0.004463630452352536,0.0034970828737370093,-0.0010080340662612253,-0.000495083739521786,-0.00743221502125199
3266,0.0007356768815706584,-0.0050062064300162345,-0.002129056912354648,-0.0008783149062482839,0.0,0.0015540808063212183,0.005526366732194574
3267,-0.00024508718590725216,0.0011368971987379321,-0.00592569322791051,0.0075737321171957936,0.0070075927732208545,0.0002819636404210754,-0.00047777175544910924
3268,0.0015905999649980164,-0.008154969793762632,-0.007139248140350712,0.007789803917981144,0.0013220542382955526,0.0019335602024209892,0.009223044574811882
3269,0.00042724497484501376,0.0009778408185721365,0.001862215026793796,0.00012891766386027083,-0.0009911631884573211,-3.507891297759446e-05,0.0014017047624801087
3270,-0.0022017511386126145,0.0032289701301973957,0.003173908025794027,0.004231123020990012,0.0,-0.0014406804552626817,-0.0009339669877005836
3271,-0.0012280355472217795,0.006343371384537388,0.0028237285113937804,-0.00487585108980375,0.006891103491050517,-0.002081597423689098,0.004765489741779998
3272,-0.0004306341274048651,0.00034729668536417695,-0.0011797925568578149,0.0065324087576670966,-0.0013041886134434846,3.536456025046545e-05,-0.004999295659624325
3273,0.0007994095375359355,0.0038450595743507645,-0.0008540700528407859,-0.00228658682515571,0.005193418920871163,0.00017677961814587388,-0.0004679897887155745
3274,-0.0007994095375358801,0.002658604064558596,0.00464420544585702,-0.004294595037774204,0.005450795946716062,-0.0012744222829920097,0.003961930451022548
3275,-0.0012327413383395294,-0.0011557792057629366,0.0018179493571146921,-0.006910902426762395,-0.0022361663036292636,0.0001417872953824982,-0.003961930451022508
3276,-0.001483923363665317,0.002819826512945698,0.003420421505243739,-0.001112917604410659,0.00032015812869284834,-0.0010645347643211257,0.0028004039980128307
3277,0.00018576794262045019,0.004406537913105955,-0.0071946556202202566,-0.001962630078163618,0.005406885063793918,-7.106184780629587e-05,-0.0016313737311596595
3278,0.0003094367654272378,-0.005429812249224156,-0.011523585456542276,0.0015692168999823276,-0.00221821815570844,0.00021315067024414426,0.0057984103238954395
3279,-0.00012374825041823335,-0.008013199616026421,-0.0033687299057126845,0.008061069788286012,-0.012243533625090581,-0.00024868595496025644,0.0016097775239600676
3280,0.000556589657831213,0.0025578685802181444,0.003100191030622401,-0.0015609237925656061,-0.0019651367552309465,0.0006391906856431613,0.0036572383023049763
3281,0.0,0.0012517565665465724,0.0,0.00286150724357852,0.0,0.00017738614056291574,-0.0006833903564398702
3282,-0.000742278172840325,0.0004738620021708887,-0.010398283390919005,0.003524741143848506,0.010058820161624507,-0.0009232001293056878,0.007010372960736561
3283,-0.0015504996186963146,-0.006725309945718488,-0.006514192865379023,0.00072946981625766,-0.002251068626140251,-0.0011745872752486797,0.003796890315480221
3284,-0.0008084527665379768,-0.0017526031932676145,0.0013246009395439806,-0.0054436062417391835,-0.0006453113845583652,-0.0018215429127140508,-0.005144934280080889
3285,-0.000435944881133868,0.004150942187069471,0.007385082134030688,-0.0035253935176949316,-0.0009697685054534504,-0.0007522733864258895,0.003250638475704727
3286,-0.00012463609840285828,-0.0015683236371853758,0.0010253278121389083,0.004598419672126966,-0.0019460576934463183,0.0006448855065699113,0.01146136704687804
3287,0.0004360699460278787,-0.0023192767640070567,-0.005980881214806742,0.008463177033946072,-0.0006506285589975182,0.0003578563830572767,-0.0018529344690622017
3288,0.0005600187518779281,-0.0040555605649776425,0.008771155446388143,0.003495704324648396,-0.005240419322539242,0.0006076799371915303,-0.0017511897997628757
3289,-6.218865649688754e-05,-0.0031559330541088525,-0.00752695585686622,0.0027410613325553833,0.0006585209478595815,-0.0006792276279489696,-0.0010980902990535544
3290,0.0017379250708736145,0.0008467953994978286,0.003985011340727595,0.006317290012338822,0.0003288864086764584,0.0017138997111144326,-0.011136366117959864
3291,-0.0014892238575464794,0.005222395433617001,0.009337115911122568,-0.0012513113189585696,-0.003963171063771226,-0.00067761008664645,0.002474619127856466
3292,-0.0017439067593290774,-0.007230645601624405,-0.002820540026782415,0.004350764704951678,0.006585334391976658,-0.002397940105610416,0.007560873189219355
3293,-0.0020643492815715586,0.003119945040898622,-0.0031103271924288454,-0.009314277887719833,0.0032555960692773112,-0.0014019368043970523,-0.0037639828737391907
3294,0.0009395571889164312,-0.004867972045438617,-0.008635459622160923,0.0014550870088549377,0.0009719388209642211,-0.0011536967950893224,0.0013321927068816156
3295,-0.00018774889631731204,0.0025970878456587384,0.005434340973534768,0.0031999995190219728,-0.003248290998691237,-7.220791136413911e-05,-0.0022225968771142886
3296,0.00018774889631732942,0.005544920861068122,0.0043531839559303,0.004098647497493115,0.009991631000391268,0.0006494394060810469,0.007729828700537855
3297,-0.00043820708198109626,0.00017627376473517564,0.003236489925221325,0.0025824244549956495,0.007580605238610985,-0.0005050355869953385,0.0006561992916569182
3298,-0.000877742863620457,0.005342266071424505,0.008053197159476147,-0.004857909292778963,-0.0006266876728171177,-0.0015548630506014792,0.002832128554163474
3299,-0.0014458684678165144,0.001954035360206648,0.0017111185235212753,-0.015588199180163485,0.0,-0.00028989203039037065,0.003245054813147755
3300,-0.00018894691701168447,-0.0015190448571894286,-0.0007889093575420286,0.007318487626256461,0.006226550840630667,-0.0009071617993308715,0.0027929001841710296
3301,0.00044074833406928274,0.003809245432422365,0.0011828272819667917,0.0034958581000917614,-0.000618653212738387,-0.0002180010830873198,-0.0017165812146741214
3302,0.0020091727927731002,-0.0013813174770587972,-0.0011170300722497923,-0.0063147645075791094,0.0,0.0014150549128085037,-0.0012919032290276149
3303,-0.001820417491618116,0.002199400815789643,0.0016416987943558765,-0.005942437601308866,0.0006186532127384087,-0.0020333195729632238,0.0006464319951677819
3304,0.0015070963021359505,0.002145516081326416,0.0017008090015408729,-0.002756590364482172,0.0,3.6392884077398406e-05,0.0017191293379213532
3305,0.0,0.0018793260250419303,0.0,-0.011939720231535176,0.0036935260063625935,0.0001819186898390264,0.006386798661402181
3306,-0.0010041495384526108,0.0003408236250288642,0.0011735933690664691,0.005676622814616107,-0.0015351535316761018,-0.001019727553882168,0.00010565490428137011
3307,0.0013801078495410464,0.0017001175827725092,-0.006560464356767972,0.0024122327461465983,-0.0009237036064284847,0.001746641242551089,-0.010153772643389845
3308,0.0019996328018395777,-0.0026807073169706473,6.609763073506556e-05,0.005008642047815539,0.0030714023481178084,0.0024624450835968037,-0.0006493315167787298
3309,0.0007474949898747242,0.002043942897285646,0.007079976274219969,0.0006187367453329811,0.007885451635093093,-0.0002889757950107706,0.0004329955312843905
3310,-0.0012465407005216834,0.003005803119608568,0.0032390848378955205,-0.005269280892153741,0.0059697775975609295,-0.003009525046577586,0.007933518975188944
3311,0.001246540700521717,0.002985142515728751,0.0048137766379010485,-0.006658147258932301,0.0014797100580485323,0.001053892820862302,0.004859585164613469
3312,0.0010567537157538374,0.00041879895425023174,0.0014655979111450113,0.0022496578364445243,-0.00029553895791991584,0.0002540052186965915,-0.004010524323495609
3313,-0.0012435068822110548,0.0022545620737796884,0.000762700881353293,-0.00530750660816896,0.0,0.00025385674584521166,0.002537268065359486
3314,0.0,-0.0009588458978927956,0.0,0.004334721835086538,0.0008860142112235669,0.0025304394654839797,0.006486812448518277
3315,0.0012435068822110697,0.0003337517796562539,-0.000127023832992685,0.006859617849079324,0.0014726853104689776,0.00028825653221413553,0.0028980673540177017
3316,0.0004343876011681888,-0.0032650726886645706,-0.006334573254935837,0.00856209666143809,0.006421137536330091,0.00028806533310732216,0.002673855599776737
3317,-0.0019893283310043275,0.0033067736327563086,0.0008371013437179386,0.0030121412167264253,-0.0020328097116298,-0.0018758491709584297,0.0010240383945339764
3318,-0.0005622744563198329,-0.001420083241127072,0.0017334565125399514,-0.003340796134203694,-0.001457854614695324,0.0004336079720230755,0.0038694723298385108
3319,-0.0008760986755833457,0.007671415308281792,0.007432706010509561,-0.005938034782161242,0.00781490664209938,0.0009380014054638865,0.010615058082301898
3320,6.263712160495784e-05,0.001272327984530165,0.0012579139334607456,-0.0015882000791951967,0.006547992335691574,0.0009359798491467251,0.0009881562440672623
3321,-0.0012544621139894388,-0.0016424127805955877,-0.002898668068895938,0.010461404155244313,0.005614745068375595,-0.0008999432991600888,0.00393029362843132
3322,0.002192936473062463,0.003686732512401793,0.001073501992219678,0.00368350767014668,-0.0036413165684031057,0.0017262473151307255,0.0006841593343168964
3323,-0.0005002672770902244,-0.005087683668865242,-0.0025935658986440844,-0.006765486207153234,0.001123660347155776,-0.001075874576402038,0.004469289144087982
3324,0.0017484201175381902,0.00012379528286862477,0.0005664300979926801,-0.0008786229277568272,-0.0076467257545942665,0.0008250754626122699,-0.002228895461087558
3325,-0.002186627199521005,0.0024274966741712136,0.002008011584882139,0.006197464519519225,0.006522338118375563,-0.002047630698227507,0.006173992658563361
3326,-0.000375958311087269,0.0,0.0010629918477080996,-0.006535091781373905,0.009190287090387727,0.0005397868887771113,-0.006757329860978899
3327,0.0005638154902420449,0.0019241055792451976,6.244798082485368e-05,-0.00901848186637069,0.0008259168547583185,0.0006827683468380856,0.001553828068624324
3328,0.0022479707053858983,-0.0006540580782975865,-0.0006874221596294357,-0.005999852693871683,-0.008891816308927365,0.0012191233554375326,-0.004678262277772406
3329,-0.00031152320531102753,-0.0008189602311848109,-0.004400184367230079,0.0034862516715004396,-0.007361099646368549,-7.161848332711842e-05,0.0011742985484563028
3330,0.0007472806235537828,0.003528725453581398,-0.0017726329993464646,0.0011829317802256115,-0.0014300127569640104,0.0008943832847201269,0.004472290734493442
3331,6.221538323146257e-05,-0.00012120409825430193,-0.005425958865741057,0.013175042133298877,0.0076667247671138436,0.0002500976066249538,-0.00310627685910334
3332,-0.0006225552698843463,0.0011299249537994765,-0.00025701701114263283,-0.008830463799547187,0.004758672291312979,-0.0003930752151273955,0.0011674589877171855
3333,-0.0005610637882380097,0.0022911604315598143,0.0051116609750623656,-0.006524680848272832,0.00936371870563229,-0.0013965040514928883,0.0009704908662087919
3334,0.001556724306072758,0.0016006448853480503,0.002975281755484317,0.010273412530890967,-0.0005452536584430456,0.0011461799164950274,0.0019344997771991424
3335,0.0017369321100366602,0.0012364547947794388,0.0008823283758495196,0.009559820950035835,0.0,0.0007148293637586477,0.005180512503780314
3336,0.0008658679522462848,0.0006367955421004843,-0.005831245271582141,0.003566917868523521,0.0016337115763215549,0.0,0.0
3337,-0.0009897044178428507,0.001785997644823359,0.0015287589217426404,0.002116795495779188,0.007009249927184274,0.0007849557347110895,-0.0011458963954073193
3338,6.192264670142534e-05,0.00039589290061748793,-0.0018479288353524387,0.0025541537221095228,0.003462654506785105,-0.0006421309428611372,0.0013365855233445035
3339,-0.0006196241340756839,-0.004135033171343206,-0.003140341228581929,0.017761562327627534,-0.008573642671051105,0.0006777770611486039,0.0021869281206362114
3340,0.0,0.003263591926574004,0.0,-0.00169848509927809,0.0,0.0,0.0
3341,0.0009291050008048351,0.002017494048257125,0.008282234667314222,0.0038632826361921853,0.0,-0.0005349992241090548,-0.001329861657380686
3342,0.00043290304379340255,0.0028715739941961816,0.0022658893934312603,-0.0034427034713778028,0.007511147995777435,0.001709682773172602,0.004448516752344658
3343,6.180808121225655e-05,0.0003918918167954281,0.002441445679307444,-0.0014505505750524582,0.0013277126877318708,3.5546918940386284e-05,-0.0013203316894022747
3344,-0.0007422781728395522,0.0020711433090726513,0.00502725914152173,0.01324525493107704,0.0013236660106623393,0.0007103280646395873,0.0013203316894022776
3345,-6.191381889518742e-05,0.00011693968079477963,0.002890592084306097,0.010667087153461409,0.0,-3.5488823873637806e-05,0.0035636542672929095
3346,-0.0014264594164760157,-0.003011464640372316,0.003783927517689351,-0.012582320988676562,-0.007196206996494692,-0.0010660154638085931,0.002792900184167868
3347,-0.0009328302044970961,0.00101919502769189,-0.0007906770988325691,0.0021943457269975584,0.0056073229733741604,-0.0006052389545667428,0.0047988828817703295
3348,0.001367466222376769,0.0012511192862960895,-0.0012802963044848917,0.005733595385938053,0.001588884023120497,0.0008897656910746973,0.0019230783388658355
3349,0.0015487302693981866,-0.005263287768629605,6.105215191027399e-05,0.0031871017779736173,-0.0005289823819692242,0.0004974736877312549,0.004996644699925284
3350,0.0,0.0035420679689204307,0.0,-0.009752562180101156,-0.005325566204577525,-0.0003197390906532001,0.001442840137411402
3351,0.0004944295190675078,-0.0044915188449486596,-0.0020806031599915438,-9.263170429384198e-05,-0.011951321519612002,0.00014213532507930624,-0.0030717857175322307
3352,-0.00037076935823641185,-0.005620336522060186,-0.0008596245909425195,-0.006596673544445138,-0.011723313515697846,-0.0006399756110394564,0.003611617336947942
3353,-0.001052235417092332,0.004629113008040091,0.00664827230720243,-0.002844597598100123,0.009237678535213747,-0.0021043341324989456,0.00035951532011932686
3354,0.00037166838545932187,-0.010485765340906015,-0.0048695056125365585,-0.015303289731021824,0.0013826642748675723,-0.0003934637094013225,-0.006882208370382174
3355,0.00012381881249934478,0.0005689270717858966,0.0014055838743356065,0.0014055075075557232,-0.010337506927793576,-0.00035800387972531535,0.009211831561044692
3356,-0.0008054540099923037,0.0012571210924383774,0.00491418989621295,-0.01062461128772778,0.008677780773096685,-3.581662464703849e-05,0.0032051398752105885
3357,-0.002363005588009365,0.006351328315440473,0.0008437586260250311,-0.004291209840434484,0.0,-0.001758642923240092,0.00808503566900067
3358,-0.0011238218856261832,0.01068201098334025,0.006217122843326877,-0.0010436307562963218,0.006874066933060653,-0.0019102572431340683,-0.003760148873305075
3359,0.0004998354537099849,0.0053786879850184445,0.0022496220301566117,-0.014390658452167663,0.01448676747460036,0.00014446386225633518,0.003063046826517779
3360,-0.0007499690715127088,0.003943112426877789,-0.0014194575574632056,0.008671401796713519,0.0026305015726099303,0.00021660573112660674,0.0033013142188745934
3361,-0.0001876948016975557,-0.00030498209252029506,-0.0016024549798446428,-0.0034797169402605767,0.002614664621908033,0.00018042228745998267,0.0015550644572342367
3362,-0.001065138843419059,0.003796968423307962,0.004730923491614496,-0.0036136148830856886,-0.0047177897096722975,-0.0014816801355858093,0.010058692779059367
3363,0.00012544612505032218,-0.006628252493836053,-0.006398997626409454,0.002995109642589454,0.006019242532294171,3.6198748252794965e-05,0.006855223663831645
3364,0.00043877630539309936,0.0028312840705280906,-0.0016745057226896381,-0.001575486740595925,-0.0005201132141443003,0.0011206672834308136,0.002810977333828826
3365,-0.00025067503258978814,-0.0011455941274778263,0.003758599235628836,0.007713783738342742,0.0007799364237514232,-0.00010832537538883307,0.005730641816009485
3366,-0.00025081980593342107,-0.0017240772221578573,-0.007308300292851597,-0.0015222339292129596,0.0002596678593968388,-0.0005781921065719365,-0.008873521712345645
3367,-0.0008790118291577124,0.003669793005963339,0.0026499814855825243,-0.008770124990786238,-0.01157485665388512,0.00021691225718593218,-0.0019967597560747266
3368,0.0004397283044824212,0.0042425964935687245,-0.0022876668244928896,-0.0013053861991239994,0.0052995713360088105,0.0009026367340905487,0.007604894040653898
3369,-0.0010057482726824373,-0.0025329978475031093,-0.0011483682365877033,-0.0006320161664684384,-0.005033051240560418,-0.0003608296002723137,-0.02081252771749528
3370,0.00018875530115514315,0.0006441009854425648,-0.0024884525853711443,0.00234723638415168,-0.009971828602826296,-3.6099454067721825e-05,-0.01167481748059555
3371,-0.0008185327924657455,0.0040322654680318565,0.004721954739400914,0.00519663632041328,0.005956750865990255,-0.00043342766262512584,0.004567864330635279
3372,0.00018902915724086677,-0.0006757111462752623,0.003657364528627026,-0.003218837311831946,-0.006229463265471375,-0.00021687615027520045,-0.02241439009924495
3373,0.00018894691701184374,0.001200538378608229,0.0038044107012362802,-0.00754524221002377,0.002176919254274411,0.00010845161297476652,-0.0064890457441334455
3374,0.0013831046145523329,0.0014213422653295887,-0.0010666263615372502,-0.005039584333443203,-0.0071152546328794135,0.0018035511048854135,-0.0046951212083799895
3375,0.0,-0.000448342588238441,0.0,-0.003740876917260621,-0.007514414323678505,0.0006474492398634731,0.013752878600978562
3376,-0.0006281379195994737,-0.0007108237066170045,-0.00166442107545352,-0.005648487153964301,0.011906810621084006,-0.00014379421765445537,0.01012555897973968
3377,0.0008164022742149842,0.0050255354467194846,0.002494245641645859,0.0034348826721766145,-0.00356543099154779,0.0007543890494364694,-0.0017909076178804174
3378,-0.0013195675521100571,0.000776549580645576,-0.00029618393148587123,-0.012399209278410211,0.00791384761375926,-0.00187041145982305,-0.005417465032294891
3379,-6.293666874337999e-05,-0.0002956647084863227,0.003540944865666953,0.003455916543571872,0.0010803350891870958,-0.0006132320627146293,0.008101064602517449
3380,-0.0005038219612647145,0.003608096306312265,0.00111530711511171,0.0001943698317272917,0.0016154804067176774,-0.0009757400410966497,-0.013035243918286133
3381,0.001575016167042613,-0.008665439998978137,-0.00608075340356092,8.136654661756253e-05,0.0010736581040631092,0.0011201078582337046,0.009453413455162096
3382,-0.0007552949415060068,0.0055376966803148955,0.008069445415199269,-0.0013354540601772924,-0.007571951140979918,-0.0009030872081411905,-0.00743642046895785
3383,-0.001388128248743305,-0.007599788567960286,-0.0016956655637732616,0.002544997037457456,0.0005452536584430081,-0.0021387610048086447,0.008514074823159426
3384,-0.0012024190057912,-0.0019209101674982356,-0.002762285602847523,-0.011724426963240235,-0.0071422587116743794,-0.0002908140943376889,0.012378938094775683
3385,-0.0011422129135538232,-0.0013610702659713225,-0.0028986594855017213,0.009504779722414975,0.006324121298161789,0.00025447298039561164,-0.009696443575670163
3386,6.353514485929228e-05,0.0003028289022928311,-0.006337559472467891,-0.015746801123906487,-0.004389621520962032,-0.0009894069175230143,-0.01746142655069569
3387,6.35258513384753e-05,-0.00406791695324908,0.0009625591570809811,-0.002904422389103562,-0.002211561657029108,-0.0006976029868850357,-0.0009289725080101766
3388,0.0003809600962726514,0.0027414787419136333,-0.003715014082220177,-0.00037301772231843354,0.009636089038738773,-0.00036761004556843676,0.0073767290587552214
3389,-0.0004444859476111173,0.006965729036003476,0.006628755362020605,0.008799738890764245,0.0019018243550191524,-0.0009941042034076347,0.0027342869872500368
3390,-0.0005721511970219592,0.0020867042278522965,0.0005922467601342934,-0.012159030611946963,0.0075250926557382134,-0.0007378433339545411,0.0021751021187518004
3391,0.002347371988971872,0.002446527108841903,0.005177237470211313,0.004732560046313641,-0.002940755650584151,0.0017687225474966105,0.010891408772214272
3392,-0.0007599205471767404,0.0018074880307831507,0.0037848521808704866,0.012475408679525605,0.001606516561519663,-0.0011046071624317545,-0.0022983274745714466
3393,0.0025909242007142678,-0.0005156579985538644,-0.0008124164243308043,-0.006971009919048251,-0.0045673209024608506,0.001435442197865726,0.004145830335668417
3394,-0.0005674168386642075,-0.00040288759380592836,0.0013338827450201996,0.001556237194120135,0.004567320902460903,-0.0013617142489760615,0.009121431519112735
3395,0.0005044071204671772,0.0010613530732351102,0.0,-0.003650068909849105,0.007419488256554367,0.0006997919638316746,-0.007106953149960274
3396,-0.0018312698853193176,0.0006939655112822454,-0.005888236070017664,-0.005290710974133631,0.0,-7.360923439510533e-05,0.001570056073171101
3397,0.00012654268210337104,0.0016391926933665988,0.00565655055803855,-0.009437029136994117,-0.0023710403674156114,0.0006987845142384169,-0.003496753849420976
3398,-0.001076789903677814,0.0006902502733825588,0.0020230697216221762,-0.006765298953818536,-0.0002642497689699792,-0.0006987845142384547,0.009720825882716057
3399,0.0020246865664149995,0.0007978690011856314,0.003960944679447231,0.004988329134070875,0.0013196439260352015,0.001139543498519936,0.0013710965828675633
3400,-0.0008213908413063885,-0.003017839762532094,-0.00034299947701139054,-0.0038336897822376205,0.002627318853157737,-0.0002570550426659733,0.004256988425558214
3401,-0.0020920729314612544,-0.00036501471463035444,-0.001604255847053601,0.008994322733986653,0.0023510736137501587,-0.0029116470132695815,-0.0030608195114656274
3402,-0.0006996031828373669,0.0018220134204569355,0.007229395481021835,0.00534052833461623,0.006464758874999995,-0.0008513766275470389,-0.004632060900933692
3403,-0.0012749003193384737,0.0019954252976770847,-0.0005083762480909229,-0.001771120061155545,0.0033240246255112384,-0.0008901760367990787,0.0027508847755779125
3404,0.0004466409522170508,0.0002171291513776087,0.0010725416715457513,0.003916283022292108,0.0,-0.0001485402261278417,-0.011109657287756338
3405,-0.0007020707386736135,0.003746425531720114,-0.003850856468762618,0.0033730245549683058,0.007825337511957188,-0.0009667518143979206,0.008703587521878588
3406,0.00012773367206826006,0.0006093349897656848,0.002382499214408635,-0.0004530641744763385,-0.001001833159145041,-0.0010435296785319822,-0.007825337511958458
3407,0.0010205191522772723,0.00014324877903719219,0.0016374640701343373,-0.005882134110634974,-0.0010041495384540125,0.0002984072826522,0.006444431795573314
3408,-0.0012121337514167715,0.0002147846146156311,0.001069483419889133,-0.0056037169876861,0.005742407940571908,-0.0011574721152241986,0.011600070898071005
3409,-0.0016642108101424513,-0.006308601015561983,-0.007256361692586757,-0.0124794928061275,0.0014856154118490336,-0.0003740371275077732,-0.007470456753535661
3410,0.0001282428717130988,0.0023539053934772997,-0.00045757357785134427,0.002884802022567342,-0.002478856512363945,0.0001122449668713115,0.007133663807689759
3411,0.0008966413370269548,-0.006513356740943078,-0.008028280078141027,-0.00636609340950782,-0.0004974736877326036,0.0008222445314888405,-0.0021955435695498425
3412,-0.0013456571621685738,0.00018326981826571052,0.00446564328597929,0.0027816879346776796,-0.006772271799975122,-0.0004109276725603555,0.009213921871909033
3413,-0.001736279948149552,0.0011710990007640497,0.0013825542337537106,-0.011960633497904067,0.0007577108323372935,-0.0022107268678423454,-0.00199370425986228
3414,0.0,0.0,0.0,0.009353277668301309,0.0005044071204676588,0.0,0.0
3415,0.0012225499081734345,0.0,-0.00011504489654261625,-0.002245552391961284,-0.005325721699459222,0.0,0.0
3416,0.0012831874659489058,0.0007668210778478155,0.011692376778140126,0.002057189110268582,0.005577705740124943,0.00030041988705311977,0.016661703814523626
3417,-0.0009620349837382167,0.005474296511670327,0.003402748561094328,0.004594706510262016,0.0035125106239532753,3.753787822827018e-05,-0.004025000838831507
3418,-0.00025690298406835067,0.005014589936275417,-0.0023958830052297824,-0.016062430020976484,-0.001000678972455982,0.0001501190757772599,-0.010642998715829858
3419,0.00032110499200711486,0.0015286442108802297,-0.0009508672988208162,-0.00030094124742812675,0.0017496779771400122,-0.0002627424455320059,0.02417847774470389
3420,0.0007055963890082718,-0.0005681694768215452,-0.003542067968919358,0.005744995309538914,-0.013941200828607779,0.0004878238094234314,-0.004570733524950139
3421,-0.0021202376460103412,-0.0004621856491833559,0.0002257541217312808,0.0032891403219430385,0.0023121322503771202,-0.001615666761248605,0.008161900161506745
3422,-0.0010317319938387825,0.0022352528702824018,-0.00045162565557312626,-0.0019487102452731809,0.003318163813885691,-0.0003012534461579164,0.006175638819432831
3423,0.001224909170380468,-0.0026267175832235617,-0.0036300128850817025,0.010620311630082431,0.0015229512341932503,0.000639913978600278,-0.013704225734327563
3424,0.0006433040457896161,-0.005265542570350047,0.003912333951972513,-0.0017590863676658056,-0.004073131679245441,0.0007891824193829201,0.004250877153658562
3425,-0.0016745766749948706,0.0,-0.004881678041439855,3.019258866598517e-05,-0.001280727798998538,0.0,0.0
3426,0.0004514831287022567,0.00326714208559616,0.005952827433167054,0.0021093841553653397,0.005353859478243929,-0.0008644174965580821,0.0024995434862043506
3427,-0.0010326519518999613,-0.005471045438081377,-0.0011840557960810926,0.0022509206761308327,0.0,-0.0007153840237519992,-0.005802179036290351
3428,-0.00025854710208678106,0.004683436731420494,0.005275123815699513,0.0027919523978797243,0.0,-0.0009053306123675439,0.01914725863596746
3429,0.0012911990539867866,0.005978582857168718,0.0027246014224665558,0.012312038186887983,0.0,0.0009430117960208162,0.008970256557983917
3430,0.000796263447028129,0.0038326624171430945,0.0008890125922266974,0.010359506290285252,-0.001951152318707599,0.0010809864576495857,0.009724502001048883
3431,0.00030132784006947134,0.0016867419771174714,-0.000946576238013161,0.00840697439368252,-0.003902304637415198,0.0012189611192783554,0.010478747444113848
3432,-0.0001936077668891863,-0.0004591784629081514,-0.002782165068253019,0.006454442497079787,-0.005853456956122797,0.0013569357809071249,0.011232992887178814
3433,-0.0005167097360310167,-0.006659395628411639,-0.010166004708898866,-0.003589033502525109,-0.002054619949975217,-0.0020748092886695687,0.015307724491488473
3434,-0.0012296551179103552,-0.010166193583541273,-0.010526763288198916,-0.00269633726149558,-0.0070069945490700905,-0.0004161539846224243,-0.015869554430002427
3435,0.0009710695300961539,-0.004653595399083276,-0.0018775256776326402,-0.0036957089060079278,-0.003414488870301078,0.0019260885152639217,-0.020873180301713916
3436,0.0013558598866679613,0.002443815452234001,0.0004701429221278216,-0.004673132277044772,-0.00798357926335274,0.0013920309774117848,0.002206411935818685
3437,-0.0010326519518999613,-0.014262593793713406,-0.00794282553699402,-0.010300994211049932,0.0029443806467812916,-0.0019953749756795023,-0.005760154085390649
3438,0.002062854319403475,-0.0006873562214082129,-0.004570297040845181,-0.0006445096884412968,-0.005638523789837798,0.0016571832789773551,-0.009165523844505296
3439,0.00032143771869496025,0.0015259835865245425,0.004211227585168539,0.004523298226990416,0.001349160705727229,0.0007136516335516742,-0.02339674225463796
3440,0.0005138060130846397,-0.010484010975416062,-0.005725188826581786,0.0013844740877097072,-0.008707950514649053,0.00246992788144554,0.008725844766312493
3441,-0.0008352437317796945,0.0093782076671444,-0.005248704335387638,0.00509763691472639,-0.006368474386302515,-0.00018662476412149742,0.016186761093274323
3442,0.0009636003107844122,-0.007976000050065372,0.003424956630543564,0.007033973805078908,0.00992716323301083,0.0016767428219985625,-0.019339547947882205
3443,-0.001156577199942472,0.011322887128987196,0.008744682005702055,-0.0005946050332557601,-0.0060395907611582355,3.7187522554844375e-05,0.0017368644494782494
3444,0.0006429231106108831,0.003734672631024786,0.0027971101347384945,-0.0036528257100915573,0.007400589937999221,-0.00029758937825878054,0.006102598986853395
3445,0.0,-0.0011283313229261513,0.0,0.001747511914780086,-0.0029998482231244103,0.0,0.0
3446,-0.0010291343249494963,-0.009210691791203662,-0.012578658891274453,0.0065090667840746125,-0.0005476602010772894,-0.001453675544601902,-0.014696467536429893
3447,-0.001162424586058846,0.002148837303717356,0.007086476784812363,-0.004748188620755437,-0.010538952854402714,-0.0016084306504801122,-0.007620819268523026
3448,0.00019395362372424173,0.0033554086495688083,0.008801558711410177,0.006346083422206336,0.000280642647505491,-0.00033740347306446977,-0.008256797781944727
3449,0.003540551218875842,-0.0019414520281141937,0.00029425740125945147,-0.000361598979797247,0.008886130607549666,0.0021324749283012584,0.005796199234287469
3450,-0.0009627458651179989,-0.005529064635086177,-0.013382346805652208,0.0011445366734356827,-0.0035880904858328518,-0.0010836348900401607,-0.007466564685353542
3451,0.0004495470084693327,-0.007601273247827175,-0.0015803595506695307,0.01834313473591715,-0.008677780773096637,-0.0012739214021525195,-0.008449575511699428
3452,-0.0007066400939134334,0.0018443073255432778,-0.004406633451513751,0.0005623880082491112,-0.007414268402324558,-7.49558997199386e-05,0.01095272066550168
3453,0.0008991607392092461,-0.009941423090400438,0.00048803992426744324,-0.006981585700116672,-0.014921655399717161,0.0023921952937322986,-0.018874251211829597
3454,0.0002565615091029735,-0.0003607263681276397,-0.0047819468991954946,-0.009669992653567862,0.006499766627756901,7.454419549702774e-05,0.00017375254558620463
3455,-0.00019240692121610904,-0.001405679949761779,-0.009346726933505214,0.012074684504584633,0.00029314512210104686,0.0005958933882698668,-0.0017406615763007859
3456,0.0008331483798769474,-0.008489962804847519,-0.008394883086526693,-0.003921396890691834,-0.016424230528662594,0.0015232552301019569,-0.0061478506367487005
3457,-0.0026974899262312314,-0.0007390151787270011,0.0044720332973444315,-0.0062142418296456175,0.0009120643504143956,-0.0012256148641963103,0.007888512213049462
3458,-0.0012904317380118186,0.011435865580376825,0.01499223735975986,-0.002774196061727487,0.0042311557685591914,-0.0014529273507747041,0.013679697291194056
3459,-0.0007113752317867996,-0.0033912285639937827,-0.005997186157936069,-0.002947269701303582,0.013619075178653177,0.00018654460228500203,-0.005249870493962524
3460,-0.0005180966697398,0.001239870892228369,-0.008613868191481097,-0.00460005949117675,-0.0005833372024145645,-0.0011578703000401202,-0.00982179748213678
3461,-0.00045384215122423895,0.0065797447274885896,-0.000699091290333124,-0.00031757006333487807,-0.005876875629807871,-0.0004864787260422011,-0.0015713184325658605
3462,6.486363717545238e-05,0.003916117444529777,0.007816250997913667,-0.00047376148348988556,0.00029574021020511727,-0.0008620303226141641,0.002963289117471064
3463,-0.0012340687517209813,-0.0013666279532168145,-0.0018781684825008467,-0.006008400067778812,0.013104079373797588,-0.0013903447591977446,-0.003488327845820327
3464,-0.0009115629653463528,0.0022234552961486157,0.002938869561787823,0.009137214561786641,-0.0008614108250291201,-0.0007533950747081447,-0.007596151641491172
3465,-6.518491297804824e-05,-0.0014419985276730224,0.00489543088409362,-0.005606798847204624,0.0014347369570092236,-0.00033945464728259443,0.01797818743521268
3466,0.0008466416814552572,-0.006608358003942843,-0.0077088362006348925,0.004910380301866903,-0.0002865684577110527,-7.547041150271524e-05,-0.011258513350351405
3467,-0.0009770408663116127,0.0018589200686201538,0.0018776271438830678,0.009199760493150105,-0.00664380970167306,-3.774012445697339e-05,0.0021005820003505904
3468,0.0014972319533910511,0.008403566304400194,0.016242355466101352,-0.0019462443009202219,0.005495641202374877,0.0011307795363371387,0.010012001402841302
3469,0.001815777692599144,0.009230469609325132,0.003475333108111362,-0.005509542864292746,0.01134733347457999,7.528072161324447e-05,0.01393757421496569
3470,-0.0002589324756408643,0.00238094425346854,0.005220376257197869,-0.002904058416724527,0.001397794840065007,-0.0006779967269667776,-0.0063255968064922065
3471,0.0,-0.0006789388801763832,0.0,-0.003032022419053422,0.001671436887611532,0.00026379118111642826,0.0
3472,-0.0022722687109688706,-0.0058524993300481986,-0.006894651426415086,-0.004655664571890704,-0.0019506361784255217,-0.001887747394992581,-0.017100416985516002
3473,0.0010402268012771924,0.003012106720665931,0.0004191742998045521,0.0035360418850886675,-0.005905033749893979,0.0006427551943593571,0.01843979964127292
3474,0.0014909743853325679,-0.00201847230891929,-0.00669504092505087,0.0032095758048328667,-0.0002832047585871964,0.0016215590168230823,-0.003861913359799506
3475,6.470900435142344e-05,0.00262598348600864,-0.0005473917589223652,-0.004496007180916104,0.0064674377992951235,-0.0004896005604373242,-0.001689863929374184
3476,0.000904915157972911,-0.003925809490171531,0.004299680691376434,0.0005946549790322711,-0.003081108892816625,0.0010538392807091406,0.007553137890445054
3477,0.0,-0.003189541566870883,-0.009195949935678252,0.004510467179743889,-0.005089446704432593,-0.000978480182495473,0.009952074966875533
3478,0.0008385933930859319,-0.0072730906000079915,-0.010654627530821296,0.00036668208777575114,-0.006302537126559091,0.001166396970465918,-0.01161923433433804
3479,0.00032210524498366925,-0.005247977917907751,-0.00341965925813685,-0.0032355445076192456,-0.007568325932969454,0.0023234379239482506,0.00481723813554463
3480,-0.00025766508136635893,-0.0013120088618752727,-0.0001907728921092411,-0.0016838701833179982,0.0,-0.0003365029945064581,-0.009857462775066652
3481,-0.0018726577190276432,-0.0044424372510579214,0.0021572012774590007,-0.011932671172151438,-0.011304193182903115,-0.0008236621953243519,-0.0056126561095661935
3482,0.002259098036891555,0.01436240169730487,0.009638866637828739,0.0011290125236460616,0.0036016334840323814,0.0010106404915359852,0.004766902226105666
3483,0.0009003590884519693,-0.0017158105467747985,-0.010779579488922735,-0.007736130377949116,0.012375578362426622,0.00011214834972699846,-0.007170118930261142
3484,-0.0002570550426636093,-0.006217805385983476,-0.00607057272767199,0.007665966302625921,-0.0037929890171383867,0.0008215375280315148,-0.01080563681477184
3485,-6.428754092284896e-05,0.008788985824477053,0.013369811469171851,-0.0001699958924710995,-0.001467708331360873,0.00018649653823002714,0.006828394969234502
3486,-0.00045027944096113603,0.00015534095914666537,0.0011839587153509336,0.0033677722468332103,0.008156004617912844,-0.00018649653823003422,0.004321373782642674
3487,0.0008358620190306384,0.002439319243099219,-0.0009344358806188123,-0.0031017390066223668,-0.004933568720002423,-0.0006720514300382069,-0.007634618182471622
3488,-6.423999448309606e-05,0.0007715306379882111,-0.004261509628637977,0.006130331882084876,0.008954842652927168,0.0009704074619721868,0.006773776509337173
3489,0.0016031560541211662,0.0068448445054938795,0.008975406325456615,-0.0008160346756189104,0.003984380991588429,0.0008194237938563194,0.00017230489490046886
3490,-6.40127470996433e-05,-0.0006454524239496177,-0.0002468283566892524,0.010788043567566248,0.0025422188605636956,0.00022321114859997148,0.009204387700763967
3491,0.0001280160604424255,-0.006932313617679234,-0.0065299319383288765,-0.0025149750987391345,0.0,-7.439097001732816e-05,-0.006114532503485765
3492,0.0005756057594143207,0.00689431593780132,0.005107940051688726,-0.002663312960783865,0.0016865826319347513,-7.440371474407447e-05,0.0018774795602310732
3493,6.390912849460592e-05,-0.0007987202076117024,0.005170966330103597,0.00552913595478756,0.0011207605752965486,-0.0013414512036873823,-0.008600171761917874
3494,0.0015310044594709158,-0.0019841286539717725,-0.003872441247962526,0.006315777657408631,-0.0008402991629641584,0.002047772365681522,0.007747778000741748
3495,-0.0007648275799482071,-0.001072143508125348,-0.0024146451530769764,0.005251785639306067,-0.008207829814432748,7.428281586555971e-05,0.002552178639069966
3496,0.00019133320607784543,0.00038321230925697817,-0.006253448315977664,-0.0070853464386618215,0.006240785770165665,0.0002598898451833757,0.0032113768260883784
3497,-0.0002551296780104371,0.0016058094041004178,-0.004177157793465105,-0.011633488975298235,0.006984622753651557,-0.0010777004610538837,0.0018484219433151994
3498,-6.380584480764415e-05,-0.0012229349352374506,0.003357555566507209,0.002687848213246253,-0.0027803839004696585,0.00011161035275486767,-0.010179242905433641
3499,-0.0011501111141528151,-0.002225385198847155,-0.00405767139203903,0.001210904043497134,0.0005575026207207867,-0.001714518719011963,-0.0008591387211388903
3500,-0.0010248842087400825,0.004287094743145573,0.002160357400600918,-0.0050679464454033004,0.006634799673514575,-0.0007849710894585641,-0.006236485846085158
3501,0.0019835215236691413,0.005939227064551742,0.008970364534373698,-0.001869236829751011,0.0008222681192287164,0.0010836348900390717,0.0019151120634424575
3502,0.0016566417578384733,0.0038527733523616367,0.006592949137750561,-0.001979498213004801,0.005171853759306363,0.0013414512036873973,-0.0003475746339207675
3503,-0.00019082877578553955,0.0007069868464575092,0.0010383249714038748,-0.0009099635125131471,-0.0005415143867463864,0.00018598539186312968,-0.006833905299399018
3504,0.0008263197904102937,0.0004087827539163749,0.0016440189294195317,0.006225058350973117,0.0027008450348164556,0.0007060189923800465,0.0014546289064921454
3505,0.0003808487369785262,-0.003056586946826668,-0.004336567670091939,-0.004443300024705587,-0.004057592410988688,0.001519615269907413,0.0027635619093565526
3506,0.00012687539731080075,0.0003365319671723478,0.0014707319778326123,-0.002870252758970219,0.005670073775401029,0.0015880508125235408,0.0003496735147865595
3507,-0.0003172580182749119,-0.0014601923143275238,-0.005851038762752685,0.002827296847757975,-0.0005368288469719296,-0.00033190256250559437,-0.0008747122431358215
3508,6.347014726696785e-05,0.001908496335455507,-0.0007447177850618571,-0.016793706339442934,-0.005949332513201262,0.00040562425372245244,0.0
3509,0.0005074275230713858,0.000783420228756904,0.0007447177850618403,-0.015256996770568583,0.00027219962151077523,0.0005525141518323276,0.00017508344599143037
3510,-0.0005074275230713847,0.0037852104227491024,0.004993717172069951,0.004944820140297821,-0.005476673861174766,0.0,0.0
3511,0.00019035480554633016,-0.0012580746963070924,0.00505814207059017,0.00798237491855754,0.004113966493045781,-0.001105732113655782,-0.001754018870129202
3512,0.0006972546635176562,0.0010363261686903698,0.0031392009155705816,-0.0076372337620291865,-0.000273055326130162,0.000737467458415184,0.0031957703982254796
3513,0.0009490013578108267,-0.00022186180911706513,-0.0003610595872947192,0.0023171996331083048,0.006775402346669783,0.0014711886761923814,0.0029558741639540568
3514,0.00012637697802010472,0.0014769423583278678,0.0004813461084626594,0.004637188790728947,-0.0008074891980494205,0.00058708286318151,-0.0028250428685220952
3515,0.0,0.001545402650777468,0.0,0.004112509166293313,0.006152719527232323,-0.00022006308142740545,-0.0005235618257988221
3516,-0.0012020686756751742,-0.0014348341904076704,0.003950879874133373,0.008339232014637212,0.001326091051393833,-0.0013595252720281434,0.014806196177937521
3517,-0.0006340066555225276,-0.00515280108833758,-0.009579749251950653,0.002820417169582099,-0.0031894474945156053,-0.0012899663123789075,0.009803903494044067
3518,0.0002537137398892021,-0.001681358979277576,-0.003581454978700808,-0.0004608308461428098,-0.007820478300182955,0.0006306220362672775,0.006225376422655515
3519,0.000696949496853567,0.0008228110110093689,0.0015819093603218377,0.001875918953731509,0.0008155767315245442,0.0007037309250506988,-0.004907334494742707
3520,-0.0008237878394319842,0.0009704074619734376,-0.000546932184106701,0.004802101963429082,-0.006292250592698644,-0.0005925396766758017,-0.023663918197794707
3521,0.0006338215980560027,0.004303286246328699,0.01057255929382619,-0.009382757430190382,-0.002487216684946735,-0.00103889374558173,-0.006123085058788452
3522,0.0003165642547796238,0.0019520541316070804,0.0030750827084630268,-0.0006748456599519237,0.0019357315544562734,0.0017054440703414113,0.0026347572129681095
3523,-0.0008869620510578889,0.0002938890194396266,-0.0017122637876008232,0.014995040482707679,0.004119169184333874,-0.00037017943078699917,-0.0035165737228361146
3524,-0.00019029919908853757,0.0011636466327742746,0.00035481577292452627,0.011713044504826383,-0.0013687199539048997,0.0002591587284044821,-0.006760968296346541
3525,-0.00038084873697852637,-0.0004723554755330389,0.000767774493122341,0.00023459633320942785,0.0,-0.0012973429070193144,0.006760968296346589
3526,0.0022169240681762675,-0.005009387807670404,-0.0024260671793157667,-0.008651253195187657,-0.0008233073212661089,0.0016303199082219782,0.0
3527,0.0,0.0068957349980538355,0.006069202854582506,-0.012365134546291788,-0.0035858115837888557,0.00025880572623925935,0.0008818165098680263
3528,0.0023313651677627904,-0.0009784267988725474,-0.005239265017154047,0.0030705909525760044,0.002760940524981909,0.0012548672268194985,0.013016793006689583
3529,0.0014429443514093023,-0.0038626882492057957,-0.005843149540554893,-0.006853725077985173,-0.00581838630528114,0.0015818629764156379,0.0008540700528405491
3530,0.0009384743590728636,0.0029911211395901,0.005428378873470016,-0.0022785727050542086,0.00027884076842510765,0.0008804013122017512,-0.0027389573283746137
3531,-0.0007506171799194526,0.0028262213529219467,0.001361333051120253,-0.0036714639354693125,-0.00027884076842516175,7.328627791691769e-05,0.0001716918314144208
3532,-0.00018785717915341374,0.0014422411989338134,0.0031795020025566427,0.004014380654066352,0.010199704491973,-0.0005132638404804474,-0.0003434515654704653
3533,-0.0008149880796225172,0.0003598131787462764,-0.0018813381824600768,0.008503104077051332,0.002716046888051248,-0.0002568595717928498,0.013530517449533947
3534,-0.00037666479542607025,0.0011852728609859627,-0.004144062758954428,0.007117760474299136,0.0018911764710730257,-0.000955382103658866,-0.005530353682672485
3535,0.0006275932911567008,-0.0024459253627310434,-0.004244051146258585,0.00754114693163285,0.004825543889290811,0.0009186754745616856,-0.0008441100459136733
3536,6.27094769555546e-05,0.0,-0.00042068243423757534,-0.00044938136126902397,-0.0013350594033528778,0.0,-0.0008457538834605188
3537,0.0014398244660091947,0.005305958628830905,0.00975048416069465,-0.010944586096000767,-0.0032209874360843932,-0.0003304993468691043,-0.015336729099754516
3538,-0.0013144326701615466,0.0016360306111481958,0.005723705658085039,-0.0003957035212650975,0.009064793407179587,-0.00029398849110807637,0.01278954008587399
3539,-0.002577796023969343,0.000567612538766772,-0.0024437856872004766,-0.014514333850920992,0.0,-0.001546713094187019,0.006927232551868992
3540,0.0,0.0,0.0,0.010440903315036559,0.0,-7.379058413898055e-05,0.00533087760452986
3541,-0.001452808144671474,0.0013804555242698609,0.0038919180122968405,0.001870753655988434,0.0010541133376555211,-0.0014784507279064574,-0.006337743160393022
3542,-0.0010135231715517467,0.0012703837244462772,-0.001970644297373386,-0.001718040885329324,-0.001846380778845199,-3.702583078288739e-05,0.004179959908319792
3543,0.00019021585028564282,0.0021090829725890037,0.008912160847656071,0.0014215181822490935,-0.0015888840231200981,0.0002961182979497163,-0.0008327797027360957
3544,-0.0006978657992666717,0.00195927916182425,0.003570728416345778,-0.011239357515484563,0.005011653036920198,-0.0013341252362458528,0.006289435496165286
3545,0.0005710644897816447,0.00045357130170093257,0.0025326646889018804,0.003363423856631163,0.003916117444530159,0.00025973441530607487,0.0060376308970806185
3546,0.00044364270524337027,-0.0037825887542905514,-0.0021377232685922624,-0.004657344981278119,-0.0020842006738725806,0.0009263569100373,-0.0016235326642157126
3547,0.00018999394334563688,0.0023504827589550144,-0.0006207835896749793,0.004240325042609378,0.0015640874597273094,-0.0005926407495731313,0.007098581959143591
3548,-0.0005702313660614634,0.00027980639247725416,0.0021407736060050937,-0.013002188857203322,-0.004446293694883024,-0.0004821168049647579,0.00493250546239225
3549,-6.340528252761866e-05,0.0018143605611917657,-0.0042921520521788875,0.005925562689688177,0.003143278970341374,-0.00025982320960741547,-0.0039734447519120895
3550,-0.0010157454872100186,0.002707407232725599,0.001020402593723369,0.004199822515676668,0.003120692339553176,-0.0012269789337485874,-0.002401634591608471
3551,-0.00012713538788280406,-0.0004847037131517553,0.0004527438324044693,0.0012573091877276113,0.0005179421984232751,3.723215587220544e-05,-0.0006426852551397276
3552,0.0014598147590432105,0.0020735034943146734,0.0029875654891821225,-0.003066207910712486,-0.0015556833896835907,-0.0004097293756391828,0.010013454514710786
3553,0.001518071392146586,0.002063650743940335,0.003301784401997811,0.0024100386205978246,0.002847842872826145,0.000930644683691603,-0.0001571537856481894
3554,0.0011980545029469786,-0.0030300538680802565,-0.0051031380436263344,0.0030907828296130643,-0.0036277792965774334,0.0015219532442486538,0.0067067817758289915
3555,-6.297317228485063e-05,0.0006560080077196445,0.0020259984064473677,0.0019353104494737629,-0.007877383108747854,0.0007404852295242688,0.00030943676542646696
3556,0.001822524919829671,-0.0008288065147150614,-0.0017440439189089036,-0.004328728396761052,-0.000795654235194291,0.0016246369229777017,-0.003571903948020127
3557,0.0013150012382568664,0.002034654488373109,-0.009575384331656457,-0.00046524988995551536,0.001060548712393816,0.0010307044584653036,-0.010256295475549845
3558,-0.0008762249328642585,-0.0042525692067840164,-0.0009808049591925041,-0.0019064293871715924,-0.0013260910513930573,-0.0008096331979497628,0.0055526991536047916
3559,-0.003333244592278032,0.001075716976726964,0.002074383849415331,0.004937388440988406,0.0,-0.0016607839814662636,0.004079385676356984
3560,0.00012624839679210994,0.006125649714184981,0.005370192247249188,0.005441317988009336,0.0007961404280943834,-0.0003699271790120865,0.003267142085596543
3561,0.0013863155419124608,0.0018754158225037618,0.002716825637187564,-0.0014605494655368886,0.0010592553590223898,0.001588456049037106,0.00046473464242307065
3562,0.0008171112135795113,-0.00027228495055169104,0.0018580073588437267,-0.011131808165948026,-0.004787127878265924,-0.00025819028093273334,-0.014163031667312923
3563,0.0,-0.000545082571589113,-0.004007424394411852,-0.004191462439353304,0.0,0.0004056586972580252,0.01786311353212481
3564,0.0,0.0001363347937427591,0.0,-0.0017385764490588484,-0.004029980806126067,0.0007365919030064203,-0.020269183298003843
3565,0.0004393470095506741,0.002514504454974093,0.004568891158980766,-0.004124850381783903,-0.0021647121797303084,-0.0006997326216852471,0.002406069765879007
3566,0.0009399638946045152,0.000406389126880389,0.008115812054310728,-0.009363128506022339,0.007796272484658507,0.0009940199322209572,-0.004502167491698561
3567,-0.0015049202996528805,0.003170292970677584,0.002963729689891798,0.011181726251621579,-0.0008000514670994501,-0.0007360925184261206,0.0019352181233475948
3568,-0.001132122389730587,0.00026874659391257775,-0.00043779689383059266,-0.0025164923689338678,-0.0026775330304577303,-0.000995708075221603,-0.0055056711939239986
3569,0.0017598063867001552,-0.0014464722501144672,-0.00038343464347639835,-0.007404065407710541,-0.0024239754939689674,0.0016950255835148076,-0.006567905620616063
3570,0.0001881284334816046,0.001379301190989442,0.0006023882563332529,0.0005998888504170987,-0.010109859372458964,0.0004043539418536046,0.005262246668302837
3571,0.00043864968353989027,0.001475368713813782,0.0006015538707713462,0.0019894726063464864,-0.000553241453036231,0.0,0.0037432396185114983
3572,0.000313050169903894,0.0004349469386112238,0.0006007217934761408,0.006452735690669937,0.004406322966833488,7.347846763232959e-05,-0.0016235326642157126
3573,0.0,-0.0001337834379161522,0.0,0.010652501822128275,0.0,-0.0007353447098887271,0.003241018637834489
3574,0.00025027776627171354,-0.006572429495253313,-0.002407888880361147,-0.012645875700123628,-0.003576724850381684,0.0011759546380124188,0.005335232302183119
3575,0.000437639333559897,-0.006914900188183258,-0.009598978473328128,-0.008469963537994361,0.0043979563876891704,7.339154760266047e-05,-0.0037237481456043223
3576,0.0009363161698681444,-0.0006561123305848356,0.0010646538015092158,-0.011837612007906055,-0.0005473151094930544,-0.0001467954997599868,0.0
3577,-0.00043669634841143044,0.00487976461808726,0.005616075017525491,-0.0024830636377160056,0.0062528611174451545,-0.00040394365580087295,0.0008035052836020499
3578,0.001681021525554385,-0.0018835495758377254,-0.0002210431308196118,0.007611327458569953,0.0056315603049281685,0.0009175109718890171,0.005107527967533822
3579,0.0011170770197513542,-0.0057001645166902945,-0.0013286266022879323,0.007483169075497004,0.0010644477924380998,0.0009155766807667661,0.011431522494956737
3580,-0.00018598008216715457,0.00470372118425813,0.008129184265858534,0.0032527618997722756,-0.002666027291240166,-7.317514455477607e-05,0.0
3581,-0.00012403098239448538,0.003801663602895792,0.00021760966603667304,0.006056393419030714,0.0010683756480261394,-0.00021959943931830847,0.0046120201419563855
3582,-0.0011178757315007469,0.00047713437637865246,-0.001525562413423998,0.0025701477567891266,0.0029245530173164776,-0.0005485132904887552,-0.006936527824594807
3583,6.217975268797606e-05,0.003460532109506585,-0.0016804775306920405,-0.009370161389941052,0.0023768075968216167,-0.0012825649001444357,0.0030965869649245813
3584,-0.0021191219405633627,0.0005740839988675061,-0.0003803642874750917,-0.0007850412035220268,-0.002641702074019692,-0.0006610826370976634,0.0015400529680917874
3585,0.0009361816125793533,0.0024901502950825686,0.0013569169380761895,0.003329542699808718,0.004743554848837196,-0.00029413782492935164,-0.005414248881859454
3586,0.0009963743559430337,-0.00043642629303595944,-0.0027726223704254327,-0.010607795803771898,0.0020917294230023476,0.0,0.002947535927978472
3587,-0.002432679221607408,0.004111813131986094,0.0008173162475644016,0.00583180339546533,0.0010420988369081847,-0.0005152210371776276,-0.0013937078593572142
3588,-0.0005633279361747952,0.002355883701629288,0.0018469086477191719,-0.003636223802198963,0.0038857504843835453,-0.001143026421919139,0.009966594961187921
3589,-6.26371216066815e-05,0.0011134082696708208,-0.0007052438330423603,-0.009286791219774021,0.0018015204341111264,-0.000997996184642114,-0.009966594961187883
3590,0.0001878842693823783,0.0005556355371152433,-0.005738574729000142,-0.0018285712387261363,0.0012822403229528333,-0.0009261198585734638,-0.0015538280686212742
3591,-0.00018788426938235847,-0.0021939899846558047,-0.00027516599913333543,-0.001482447872898336,-0.003858134481223603,-0.001039604283148691,0.001553828068621249
3592,0.0,0.00042656708992031884,0.002305993817291217,0.0010769697017498883,0.004881207938802686,7.434003474275933e-05,-0.0037385695594033238
3593,0.0014383731319032934,-0.001083643366111682,-0.0021408732975001896,-0.002092133173706506,0.0015301054532300606,0.0,-0.00141030264186374
3594,-0.0021907240899188265,-0.003234122789693999,-0.0028156227239170095,0.0007158042686251052,0.0012709827095965466,-0.0008184411024140847,0.004372653081488925
3595,0.0005643853710502926,0.0,0.00621413279372419,-0.002425506552879184,0.0,0.0,0.0
3596,-0.0016953612235005495,0.007226911033563377,0.00467046209849006,-0.002032536244647362,0.004042328026358354,-0.0013052525274422182,0.0037132636491615345
3597,-0.0010708550196507564,9.772236648855094e-05,-0.0015151081269124567,-0.008703810346541049,-0.0007550760787646632,-0.0008598783064542771,0.0016913596526862847
3598,-0.00037858013314395804,-0.0001303013756861174,-0.004412990743884625,0.0029538568537161233,0.0007550760787647005,-7.4852547911474e-05,-0.004163337764004122
3599,0.00031550635743110355,0.004698624444917117,0.0,0.0012055566325067486,0.0,0.0009347308543657084,-0.0026419856723419745
3600,0.0007562813959986422,-0.0005159807327419255,0.0002737092684682785,0.006021778764737495,0.0,-0.00037365095818075073,-0.0069136616344488075
3601,0.0012575496897407154,-0.0013250055861842118,0.0010385248364771433,-0.003069036484033385,0.0022573832730140475,0.0005976873221387914,-0.007186504000604404
3602,-0.00081699297152793,-0.003999445872265527,-0.009325784600456948,-0.007343072558693718,-0.0070618544874863935,-0.0015332235977045942,-0.01424043911461003
3603,-0.0003146377605585454,0.0011418077462745453,0.0017257125749754057,0.004932503476333831,0.0,3.746017010912445e-05,0.0006650759062442864
3604,6.29457906597594e-05,-0.0010111633948634118,0.0008880145854889923,0.0033195342039395465,0.004552925026204013,-0.000975016084297514,0.006758942172964349
3605,-0.0005668408225661547,-0.0013409713374850905,0.0012733482362858773,-0.0049246297512127125,-0.007871088840089182,-0.00026287876398925714,0.008904765456916723
3606,-0.0015152025204839567,0.0064379637723255435,0.004126475098761226,0.005580031655356674,-0.0023121322503781606,0.00018778678110881438,0.005889368546155692
3607,-0.0009496931007323995,0.0017715155281954455,0.004846418406508625,0.007796834426457037,0.005375950826010424,-0.0016553170770658469,-0.0070126137218370025
3608,0.0,0.0014440661833082411,0.0,0.006373402575136642,0.004555578294559665,0.0001884222693868551,-0.00209376569631555
3609,0.0007599205471772484,-0.001315510130596152,-0.0038072396276933895,0.015495525418574714,-0.0005038219612649559,0.000489515659815458,0.0
3610,-0.0011403800387909905,0.0,-0.0012582704630703663,0.007081406171360015,0.0010070601194304227,-7.527419758701877e-05,-0.003241018637834469
3611,0.000887220904892866,-0.0022552434754244772,-0.005458041207435485,0.009213185527078246,0.0027574345451891733,-0.0003765668161911112,0.0034024363991795865
3612,-0.0006335442143261354,0.0034746317681786727,0.0027651594871589687,-0.00598681364615057,-0.0012512093987311357,0.0,0.004655206270444141
3613,0.0005069092865000825,-0.0034746317681786493,-0.0030981648570104488,-0.010059301805067809,0.002498824396076199,0.0007904135405318744,0.00634017803101964
3614,-0.001077890354375416,0.0009035032230578201,0.003869264964041879,-0.002585869570223957,0.0,0.00011279887909868291,0.008877764920556759
3615,-6.348870443399787e-05,0.0026672503829627647,0.004870234228312304,0.004802062759588958,0.0022367147220684782,-0.0004513714058524416,-0.0018539813935950283
3616,-0.001526519961471806,-0.00399087703534741,-0.006027398412239045,0.015593553633422267,-0.0012411968491304977,-0.0012436957258785055,-0.002328662318580776
3617,-0.0002549424680811873,0.000613889560695556,0.0015971788942137487,-0.004732799152938712,-0.0019933229802189755,-0.0004531374885358449,0.0007776089488430374
3618,-0.00031888868596495636,0.0013861331285865673,0.003831230105671131,0.006499222351202745,0.0022418462956724896,-0.0009455577040286651,-0.013733152209335207
3619,0.0004463786272598613,0.004609980289338554,0.0026077305183908406,-0.004843342136093955,0.0004966203879098466,0.0005675816297751584,-0.0020898904903498545
3620,0.0012092914908292437,0.0001910246267453394,0.0004872110622686367,0.007681812562627195,-0.0024888004036947506,0.0,0.006398561146692752
3621,-0.0003815178710102561,0.004244469680770753,0.0045746790124886446,-0.0059919427559247925,0.003975263287483922,0.00030240717169515,0.0031642725183533317
3622,0.00025438248312875276,0.00213814685928734,0.0008557529505833796,0.011313006134980324,0.000494359167669881,0.001132155182100053,-0.006671809426205844
3623,0.00044481112577017475,-0.0008791389275418678,-0.0006951707775926672,0.003546333213216692,-0.0057193916108605695,0.0009036039294143498,0.0
3624,0.0011417124545662555,3.142848225873196e-05,0.0009622481378966892,0.0033909998916072524,0.0019979079831001076,0.00041352431611036094,-0.0008011337484904153
3625,0.0006962384790627019,0.0023819342832563793,0.003986575467593489,-0.01007854816099059,-0.0032512839811977075,-3.757685331272865e-05,-0.008420589317127029
3626,6.323909467417526e-05,-0.0016910824671583769,-0.0007413881506183403,-0.0020006914496800525,-0.0002511098548731063,-0.0006393044573393108,0.005524209306429168
3627,-0.0013933916870202821,-0.000973790067600571,-0.0042074354548718405,-0.0026223743758631425,0.0057391085581393825,-0.00150796846610025,0.0027359757680988617
3628,-0.0005077983412828322,-0.001385913360916587,-0.0012863229896980886,-0.0014178041671982398,0.0,-0.0004534134553849779,0.0004409691892153714
3629,-0.00025412199783256777,0.002453825404374918,0.003261969825817827,0.008545167488710877,0.0022252541352155977,-0.0005674333134699901,0.01670342551035159
3630,0.002281762596806945,0.00396590203030469,0.00037276213107156344,0.0055459032748631145,0.0039280718380245196,0.000907537776108441,0.0021537850542150223
3631,0.0007579312253604558,-0.00043541415467955537,5.3225624418678946e-05,-0.005484163802225381,0.0026800866545976126,0.0019974528672977282,-0.0019995885385151175
3632,0.0003154147004087635,3.11154921790746e-05,0.0020177552266217916,-0.012988516900322787,-0.0004860599073717349,-0.00033854320168397466,-0.004805734897830994
3633,0.0,0.0016459390819763217,0.0,0.0010014792683813872,0.0012141312965043166,-0.0005271478665824573,-0.00031188114942009394
3634,0.00025216692936934565,0.0002788805587702887,0.0038501068449524733,-0.005655982635146742,0.00096886706530578,0.0004142414622284376,-0.0061268821524132835
3635,-0.00037830532174658657,-0.0027968972066760153,0.000839318018264048,0.0001581238741935332,-0.0007264475882315299,0.00011290640435404762,0.0015792544016926939
3636,-0.001010428216507857,0.002518016647905767,0.001360441658194414,-0.0021751703205900585,0.004340569543078568,-0.0012058509630590798,0.007036428154417064
3637,0.0014517523995557452,-0.00015501105989736862,-0.0023047885722305623,0.0008626711987965407,0.0026313709257357936,0.001318728022018562,0.012234456417010556
3638,0.0011956241929788822,0.0017020862279000799,-0.0008411468203175752,-0.0016161009781204031,0.00023842684205877798,0.0018395177792058064,0.0022560803042246955
3639,0.003255502206610923,-0.017489462855709497,-0.02052675968606054,-0.0011248095820356244,-0.002629922322920405,0.0011597654253202245,-0.0018039256752467574
3640,-0.0011234988551174973,-0.0019659388248436075,0.004118127593608737,-0.0035052573880753504,-0.01388886128403694,0.0,-0.00652630234117186
3641,6.249291066195556e-05,-0.0051011871159809,-0.0024112310776685424,0.010930264459975065,-0.003480340747422196,0.00048543302975387413,-0.0061603087048165885
3642,0.0011233374094933469,-0.004996479667972589,-0.008994914482544244,0.0015709378504520975,-0.005778953121683139,0.0003730411515256188,-0.008141302954706596
3643,-0.00012467187738884552,-0.0021875521948219877,-0.009357101461465046,0.006509957958013367,-0.013878045941397627,0.0009312034141524789,-0.010881934358723365
3644,-0.0003742305116555328,0.006202427100966831,0.011651260472506867,-0.009195372429794726,0.005191866756304736,-0.00033500325956348453,0.0016174859736187038
3645,0.0008104255943555392,0.001046966261221766,-0.001733489578790874,0.008707981682653004,-0.0018101016815662693,0.00014958907644793326,0.006569420137324746
3646,-0.00018688710690891477,0.00477733622161824,0.004861762311110023,-0.007334063650666019,0.008233317327684047,-0.0004114940056281284,0.002220648646376724
3647,-0.0022489407776308487,-0.0012947597930249534,0.0021373612190960277,-0.0005194914657566744,0.0015265199614726691,-0.0007866637869129628,-0.0039734447519120895
3648,0.0011259261202310605,0.0028433934175845755,0.0008738322503444963,-0.004044571485566012,0.004296227175305273,0.000824088448223045,0.0079108650302501
3649,0.0018078745657823924,-0.011983324222894465,-0.011107315869583457,-0.007491347963811715,-0.003788577226324368,0.0011958895277835596,-0.006317122023693292
3650,-0.0006848599083826681,-0.0025900351701141746,0.0045657019881520395,0.006341621766918727,-0.014443427892273158,0.0004103276492434175,-0.0023928131158882887
3651,-0.00037401565271597193,0.0035490715373870008,0.00287064894912781,-0.004851098002393189,0.006507380990609631,-0.0006716472405142045,0.011367134788437705
3652,-0.0002495228347306253,-0.00045835833479242107,-0.0025937990118484744,-0.0001830882919916655,-0.003111376760224636,-7.469163005831366e-05,0.004649878272470234
3653,-0.0006869279311109775,0.006147390194439924,0.0052268922274943345,-0.005029473548983348,0.0077370421897987795,-0.0005605970597731981,-0.0003084477984081633
3654,0.0005621127321180328,0.0017405323892565625,0.00337762087294779,-0.0003276551663809594,0.0038174387181337476,0.0005232464270343394,-0.0038741959137676453
3655,0.001184298567574423,0.008126229884768075,0.007691588856019797,0.007835643403670725,0.0,-0.0006354527270781412,-0.005797991880269352
3656,-0.0019964729055095944,0.0019215904410978992,-5.331710545102802e-05,-0.004148452781766828,0.0060389545254680875,-0.0008612127738097814,0.003926030008266571
3657,-0.0006257846643313096,0.0031942772465225256,0.0006926123365485231,0.004133477442486879,0.0014967084839009697,-0.0015394538021514382,-0.0028231593363782534
3658,0.0006883135654410999,-0.002691657898526364,-0.001279532912508194,0.003123573562752681,0.0007464243863830306,7.522204607071185e-05,-0.005542575452556145
3659,-0.0006256945065903165,0.0007841800583212715,-0.0019263956361740863,-0.0016226394962574591,-0.000995517872938499,-0.000715136024672413,0.0030176004220532787
3660,0.0,-0.0017270690129326442,-0.003175743770074872,0.012532234420654681,-0.004005049542533603,-0.00033916009681827353,-0.0001582994301858547
3661,-0.0005638968313153158,0.0016016953163609433,0.000431972664635253,-0.0011759476529794183,0.0002514005754149258,-0.0005658560825288348,0.0055064337970669695
3662,-0.0005018570333444795,0.003279123952110926,0.0012933459820023334,-0.005305664360063607,0.001004149538454052,-7.550321331666594e-05,0.0012488706863475626
3663,0.0002510010079428049,0.000932362921224697,0.0008600958016586473,-0.0001391043577304798,-0.007333239718727471,-0.0007935772597459139,-0.003914705448679132
3664,-0.0006906021406004756,0.007296134187677518,0.004487767388196509,0.002724705668926429,0.005826143416590284,-0.0006434834656434233,0.011026842378466245
3665,0.0005023649859220052,0.0009453452413646677,-0.00021265491030957834,-0.0033020761135670123,0.007730970116104322,0.0006434834656434638,0.0057886477162616785
3666,-0.0006909017728653613,0.0026118488122553857,-5.318000152427835e-05,0.002901728551018192,-0.001237659663233052,-0.0007571384098704936,-0.00456355668695578
3667,0.0,0.0,0.0,0.0121761728535272,0.0,0.0,0.0
3668,-0.002079324668878029,0.0,0.00031898237343187704,0.005582621128719327,0.005908859610520124,0.0,0.0
3669,0.0005680765779278911,0.0030775477647630267,0.0011145968989858504,-0.003361219334793132,-0.001960700765528396,-0.0010242351789616154,0.0060741477121939265
3670,-0.0004417731069484199,-0.000601724352446682,-0.002871906378138036,0.0010953584927996822,0.00024557223266893333,-0.00045599214818601414,-0.0018133407634678958
3671,6.313796360701954e-05,0.00021069837009726714,0.0028188951504975043,0.00032990594300464537,-0.0036982438797013815,-0.0012945838434674183,-0.003955073404312808
3672,-0.000695022960722121,0.00261018504791407,0.002853386833584896,-0.009601833324087107,-0.0037300070273092014,-0.0014897314219727512,-0.0033749652720888087
3673,0.0006318849971150947,0.00723791450796267,0.0056511404637624805,-0.002139542476370269,0.006198998793088399,0.0009173623870053527,0.0
3674,0.0013239734606003207,5.883154735470789e-05,-0.0009367649736539925,0.003957343167159944,-0.0009859129816509288,0.0007629912045132006,0.009595534068847432
3675,0.0010060394987341373,-0.0027441329751517365,-0.0030322838907085054,-0.0059841025842848825,0.0014780314274000588,0.0007997007055936612,-0.0012067933625582341
3676,-0.0003141370711307006,-0.00172021531674698,-0.0021563560810569826,-0.0018879423581319283,-0.006940927128902585,-0.0015626919101068355,-0.005319508978613616
3677,0.00012568209663819992,0.0037283805138331673,0.005344907852997988,-0.0017437350341140542,0.0014967084839009697,0.00022903814290382862,-0.00015294752117914139
3678,0.0005023649859220052,-0.0011210651094490489,-0.0007297316583245272,0.00018319594520421046,0.0014915680897460753,0.0004958353206006837,0.003959233777550416
3679,0.0008151057420132413,-0.001272073571966865,-0.0002609158876335539,0.008568205500323858,-0.0014915680897461293,0.0004571922330152507,-0.0038062862563712613
3680,-0.0006268685873348134,0.004216055031763725,0.0017191551151347704,-0.015135764240709821,-0.004254143029089072,-0.0007622546615065076,-0.0033773512736990294
3681,-0.0011306486967864716,0.001639954139297722,0.001712376661692187,0.002171819937681422,0.004751901802091883,-0.001260652501742438,-0.0012346688682573974
3682,-0.00018872795918209304,0.0005258156742574909,-0.0018163743829520507,-0.00403715762734369,-0.0014949910869513415,0.00022948189802301217,0.005986129334396495
3683,0.0019462452433033804,0.0007875317656442899,-0.009622754605743869,0.004725597225865483,0.0,0.0021360038654982625,0.0009136633423897398
3684,-0.0004387129853303164,0.0,0.0018569824721168015,-0.0037867534216308703,-0.0032569107151405523,0.0,-0.0013712168335996663
3685,-0.00018815560200450993,0.00296229830829286,0.005471498914266169,0.005655777686225618,0.004254143029089108,-0.0019448615350928919,-0.0024484602239770053
3686,-0.0008162842372386612,5.7882777894088234e-05,0.0005747055636781089,-0.005197777634195775,0.0,-0.0005354106654396738,0.003667533254339335
3687,0.0010044398392431292,0.002280220841159375,0.0026027554942835347,-0.0007198815159261733,0.0,0.0011846660466442328,0.0046918487131219
3688,6.27004233971618e-05,0.0010925653105722365,-0.0012473761047238775,-0.0009148788420093694,0.006426785765258304,0.0,0.0
3689,0.00012537369656984647,-0.003980940428415256,-0.0017210131081109123,-0.0007622023262573969,-0.0009825671202567023,3.816128308801457e-05,0.0015027505717043724
3690,-0.0012553686495153937,0.0006949639811877126,0.0018250980653253895,0.0048468979063286165,0.00245226220103243,-0.00038176380966007127,-0.001352241305980441
3691,0.0006909017728653795,-0.006588738367237904,-0.005445770187120828,0.0008186339352929669,0.0,0.0,-0.00759010024644672
3692,-0.0006280470825601998,0.006964713369226209,0.003934091294818707,-0.0027630301236730875,-0.005165840640739484,-0.0004967951850379382,0.006686261248202477
3693,-0.000566019968199776,-0.002667771781572011,-0.003828718376212188,0.02129904454365086,0.003450712107879968,-0.0015705484598346282,-0.007913082634369272
3694,-0.0005667586300079316,0.0029278716287833044,-0.003809625146765137,-0.0012755470141361117,-0.003450712107879978,-0.0007681871321048484,0.0033654548836498876
3695,0.0,0.00020219224024684715,0.002226340557223898,0.005848990966709029,0.0002473907682410349,-0.00019225928061885085,-0.0004573928615561304
3696,-0.0013253202350815094,0.0003752503151106279,-0.0035036781895066045,-0.004590606955437539,-0.000990409738021691,-0.0001923444302239606,-0.002140892626517301
3697,-0.001265981021524841,0.006159495945129848,0.005297631947332365,-0.00701488208484491,-0.0029848535494625076,-7.696163087723401e-05,0.0025982854880733874
3698,0.0003801819459900582,0.0007105837540327258,0.005545818653643036,-0.010323657493276538,0.0042225132126956005,-3.848593045225361e-05,0.0022797662948967606
3699,-0.001141545732343877,0.0024638075877766734,0.0026432468463872664,-0.0037537093700751416,0.0032015048665112993,-0.0009632583505847831,-0.0015185137215415233
3700,-0.0006354910146254637,0.0040755371332110235,-0.001397361750289573,-0.004458716800647155,0.00024529482826832774,-0.0009267423775980337,-0.005357004262505352
3701,-6.360027570815203e-05,-0.002412597473987456,-0.005950047513636549,0.004257186174255698,-0.000736300513020925,0.0006566467380163299,-0.009182701680096564
3702,-0.0001272285000769888,0.002580419134569104,0.00277639297182349,-0.00183246814235758,-0.005438021307502903,-0.0007726287074340359,0.005315405583177391
3703,0.0,0.0,0.0,-0.0032276737254661636,0.0034684284445986964,0.0,0.0
3704,-0.0006367021839755651,0.000251610959248237,0.003950521629717775,0.007092744555499456,0.0017238816926146133,-0.00046423786558508857,-0.0031188247637461545
3705,0.0,0.001032871824167363,0.0026824307939221437,0.006172447454212313,-0.0017238816926146605,0.00019349275521550062,-0.0026687256188645966
3706,-0.0005100346821133317,0.00554095908516109,0.0020521927466666742,0.002278095706050436,0.006611884691494716,-0.0006969777418021335,0.003450534078244342
3707,-0.0018539131670876486,0.0054167824993163445,0.002602559762720353,0.003628435709213051,0.0019399004086932947,-0.0014361988179489404,0.003113235424144554
3708,0.0005761997361944936,-0.00021755516141956502,0.0005084820647640251,0.0018850920026193545,0.0014492599051956015,0.00015549390853675514,0.00447491611477144
3709,-0.0012814836146709727,-0.0048965159673464,-0.001986455676276635,-0.004211004394038937,0.0012040331579536625,-0.0010117069828800502,-0.0044749161147714656
3710,0.0003848422776444647,-0.009905537706258174,-0.005187047135482959,-0.006112401569286784,-0.00024053973581044828,0.0012842625876215781,-0.007667440952537294
3711,-0.0031529036341658534,-0.007866788348018563,-0.009255509797799594,-0.0005051270846097729,0.0004804142988820416,-0.003354846956965305,-0.002374497341602942
3712,-0.0005169403757526525,0.0025431667165490748,0.005814213300135393,-0.00791269642348017,-0.0070185645509195866,-0.0005093904373161775,-0.0068797396365699965
3713,-0.00038810948240066155,0.006756613490702999,-5.1569730144762014e-05,0.00031562738673449677,0.0007313408664600025,0.0003918918167949464,0.0043325506226882995
3714,-0.002856783690728594,-0.0010953916749177697,-0.007543185360404698,0.009631786966987773,-0.0007313408664599751,-0.0017269753623092895,-0.003205139875210463
3715,0.0009110166281378796,-0.0023970081927949098,0.005682584948407543,-0.0003734120666633269,-0.0014663868131868896,-0.0009448891013735332,0.0032051398752104927
3716,-0.0005203469029305017,0.009813876446176397,0.0039699540531698335,0.005173500909251329,0.0036567250716658096,-0.000118255816088276,0.0015937430065568418
3717,0.0015591740854087246,0.009257359715336155,0.005152923026507828,0.002415229590462136,0.0031444460756714005,-0.00027605552560149786,0.002379701745355243
3718,0.0007774929396900219,0.0010966700470999681,-0.0010663769309780355,0.010846909400727306,0.004077912420439065,3.944724848437602e-05,-0.0063750793435205545
3719,0.0016153201761999884,0.0006406705670862942,0.001117091531596654,0.0005288259185409824,-0.00047777175544944713,0.0015356546028239485,0.0009622481378969779
3720,-0.0010331125464236631,0.000826136470944433,-0.007570931812737108,0.0047355791416953345,0.0016699066843628347,-0.0011019711841923103,0.003827813088962989
3721,-0.0009059938834251243,-0.0033408460533062945,0.002828954931514727,0.004606147690455749,0.0004759392058830674,-0.0003547996690901956,-0.004148325636280226
3722,0.0009706354675136936,-0.00602464760479147,-0.0034486380072642365,-0.001034727022780822,-0.0009524005613002431,0.0005123954185826554,-0.0019280585802789612
3723,0.0018060690655606966,0.0017918032421584869,-0.0024356415667417712,0.00939147592798098,-0.0031098057771659754,0.0005117915893706101,0.003687957581307746
3724,-0.0005797035101933986,-0.00424714638452751,-0.003600659766015848,-0.00579157015929545,0.00024000800937081136,0.0006290705165101026,-0.003205139875210463
3725,0.0009014269724970316,-0.003571294882350384,0.008817938409725078,-0.006237232109216398,-0.0055540223635405185,0.0016469878194717844,0.0008035052836020499
3726,-0.001223819149654062,0.00854932628442089,-0.0002568118352307322,-0.0006506534319241727,0.0026651348915657704,-0.0003132307974961252,0.005107527967533822
3727,0.0020591864656963736,0.0004055163685062651,-0.0025765054324211473,0.00673585848812206,0.0038475953268660833,7.832888142906342e-05,-0.001748945911469592
3728,0.0009618929334220511,0.0,0.005342069261671136,-0.002119801616385424,0.0009565961618725196,0.0017976761173275513,0.005068410341177259
3729,-0.0012187579309450782,0.004569582413956844,0.001935634251853858,-0.002421942080112872,0.0009544937510312594,-0.002071889031621929,-0.0020519130537208865
3730,0.0,0.0016546605082015027,0.0,0.0006581748323112496,-0.0007156735734961678,-0.0013736676642905048,0.005502447131965251
3731,-0.002964918931383538,-0.006035131453068149,0.0005079468203639598,0.003072056332378828,0.0011921349289133276,-0.0014569029330309391,0.0015594073555232867
3732,-0.001230572019531444,0.003336396791572341,0.0018742544783613155,0.0006169813438330815,-0.002148204620265919,-0.001105779036351855,0.0032566423338410565
3733,0.0009070751837882935,0.0029117807692275355,-0.0005057581588277791,0.012904865570980155,0.0028619179804065743,0.0005532414530375158,0.00023168551197987617
3734,0.003288415767126686,-0.00996440797616301,-0.007246063570997875,0.011952928607965398,-0.00023777415425766863,0.002559429078915211,-0.0008501184849813746
3735,-0.0009002257808228889,-0.0004633637865326162,0.002462924267629701,-0.0015977441465276994,-0.004783027220793201,0.0003531966342178993,0.0043106505944874125
3736,-0.001160181852664835,0.008773924307504776,0.004833741631640167,-0.00393541107991577,-0.0016865826319353344,-0.0018476462038126635,-0.0053950318867057485
3737,0.00012906225411535486,0.0015473374652258593,0.0005056992675523776,0.007073579850581728,0.006707384006986211,0.0007871934036745471,-0.0015538280686212742
3738,0.00180285588674692,-0.0009597672014489927,-0.002381923311299795,0.004412253234743566,0.0,0.0016092994832822714,0.00046673242740611845
3739,-0.0010936982585400409,-0.0020599832324732755,0.0005078874183132301,0.001291711714593369,-0.001190174715557897,-0.00047039753518772866,0.00015546607715920705
3740,0.0020564441236585293,-0.008475760661203825,-0.0015254475883767448,-0.007716272257726219,-0.004311839431057226,0.00121415319546118,-0.0007778875121142362
3741,-0.0005131988566494072,0.006028570195605,0.001169988770132084,0.003119705726123192,0.0021612708895865545,-0.00011735045743414061,0.007104548962875896
3742,0.0021130477221498857,-0.007151167911612002,-0.006809590271581747,-0.007913284877065984,0.0011960747904394753,0.003700787140777825,0.003661092129062428
3743,-0.0002555801055984652,0.003086993746225654,-0.0017062606509473165,-0.012821085945311986,-0.00528754655466316,-0.00011638603363257052,-0.0053494629782224025
3744,0.0007024836912773333,-0.006914614691686452,-0.01064616248739466,0.005952581791265008,0.001448454311759059,0.00034906457223135286,0.0009217431445238481
3745,0.0010197703115883941,-0.006998380497125595,-0.0015956949313460913,0.0038219650175271925,-0.0038733320905170797,0.0005424322898595532,-0.009463479778714274
3746,0.0038660544823536976,-0.013097018982695453,-0.012322770671701313,0.00553520373115318,-0.004153621642804169,0.003009782778277577,-0.005206862697495617
3747,-0.0005682417525255529,0.0015326185323949442,-0.010767724660838002,-0.0037733453384908035,-0.010184094766848605,7.690030686872207e-05,0.002058646795387989
3748,-0.0007588140810521916,0.0017860371336950937,0.007852431902578899,-0.012567659427360257,0.0007533297325195966,0.00023061925414968336,0.0013014055507138082
3749,0.0008219887821450349,0.0030937274843924347,-0.004828318842293096,-0.0005105722153818136,-0.0007533297325196177,-0.0009617225284041224,-0.001459417006668181
3750,0.0001263218397218938,-0.004908631943824731,0.0016154113379434026,0.003068843440672871,-0.011976024703404087,-7.702988347723977e-05,-0.0012661655671245065
3751,6.314714397265988e-05,0.003450451004035852,0.003929792723918684,-0.0011923407376309622,0.004369972468463521,-0.0009254258643001276,-0.0031816587861908533
3752,0.001701511428655945,-0.005243983019406438,-0.015822838248792617,-0.003681984969931822,0.0005112354703402567,0.0018104457146122259,-0.012964977164366457
3753,-0.0008814329999614211,0.0009266187953757478,0.0036419037896961437,0.001457002265015127,-0.003076479088637832,-0.0005000069865296173,0.001805800863263123
3754,-0.00044138825916644804,0.005147126308981368,0.006244901628387279,0.0028205005560356655,0.001284515819298458,-0.0005391136307317728,0.002287485629497034
3755,-0.0027847599354067884,0.00307627731092359,0.01331148589851271,0.0026131506036893358,0.004085104611802076,-0.002395580618397767,-0.0032715369913881532
3756,0.002027049103069796,-0.009643093974061299,-0.010305590532675279,-0.0032355728464435545,0.0027863841868121793,0.001006207590497433,-0.007452328400385738
3757,0.0005052874123251317,-0.0035257754994643667,0.0025994144013677246,-0.009410470850400036,-0.011254432613291454,0.0011581193047012588,-0.001338350772261954
3758,0.0001893313182220165,0.0039028805737379058,-0.0028768656865363774,0.010206450453245487,0.0005179421984239492,0.00011564225388548973,-0.0003352331173037303
3759,0.0013859133609177383,-0.0010741605014960023,-0.007333109341797098,0.003815074534818507,0.0020656137960418618,-7.709141440147235e-05,-0.006419094032127893
3760,0.0011933762887055739,0.001856334011883271,-0.006713095263405338,0.001386596547699177,-0.012013722241026146,0.001423980701537427,-0.001192883376345579
3761,0.002751082796250957,-0.011972391738210835,0.00980697487273024,0.007654103499406429,-0.009639484099552703,0.0035206019155233363,-0.013518637183043051
3762,-0.0011233374094933774,0.007638282709063966,0.008437479243368648,0.010694770108552581,-0.021081009708474,-0.002369440748763095,0.005770859182301271
3763,0.0007492143581560825,0.00014614344853126053,-0.00016495327737849934,-0.009053740769183648,0.012605368383616183,0.0009952107765492382,-0.003488327845820327
3764,0.0011836190581221875,0.0,0.0014275179135248188,-0.001312718502052603,0.004121775467791018,0.0009929354069812047,-0.000525674240380492
3765,-0.0009341678841737873,0.005199802075367501,0.004688637736466727,-0.016647535554703725,0.0008196815555034429,-0.0014519800883884553,0.006957208962526407
3766,-0.00012470767692486723,0.0003463733922046643,-0.005731362083482587,0.007144258386400785,0.01264371777781869,0.0008030100566399514,0.0022373056274559893
3767,-0.0006865330596775643,0.002273421622579819,0.006164952017816905,0.00430100734617944,-0.0034605321095067167,-0.00045868106559400723,0.005966848272016839
3768,0.0008112407366025025,-0.0034290755293629664,-0.006274858251961288,-0.0019399619973399563,0.0018667891029488866,0.0,0.0
3769,0.0026725898613267794,-0.0022333288008973377,-0.011302705716488434,-0.008532205805141833,-0.0007990701093323262,0.0011457956217085152,-0.005966848272016791
3770,-0.000495982331599595,-0.000844110045914398,0.010862802430557117,-0.004806786352321853,-0.006175543365847427,-0.0002289174164751491,0.0005146686147285032
3771,0.001733465664680355,0.004579190114376344,-0.0025934694502651907,-0.0012910106335632702,0.0035013078107119008,0.00015262501717658097,-0.00017148844522910046
3772,-0.0011173963674510528,0.009157193574868012,0.0038569923304821166,0.006852946274545736,0.010599537270986835,-0.0007636620253292388,0.002906134123950601
3773,0.0,-0.0014137202649720155,0.0,-0.01052381344092619,-0.0015735324529138266,-0.0002293607034593871,-0.012794632199681792
3774,-0.0004975449284308586,0.003834605807871952,0.005288693156968317,0.005226046800904549,-0.0034290055237498783,-0.00019122649329382117,-0.00423189201750841
3775,0.0026676268034201115,-0.006220065050565368,-0.0036461250797872823,0.003324404717285756,-0.0061338281412960174,0.0015655772665156018,-0.0019534849133493407
3776,-0.0008667319693081645,0.00048383020125014245,-0.0006562819260271321,-0.0035434730322528836,0.0018760049987551568,0.0003821333127348683,0.004427097274519533
3777,0.0040709623187091025,-0.009635086180031447,-0.0072296703683858675,-0.005718178907862401,-0.003760148873307166,0.00274147874191325,-0.002650839248716979
3778,0.0010424298958037188,-0.0037386533717121005,-0.005600986606001904,0.0021841178621366236,-0.009545317906229846,0.0017802860086975983,-0.005350718384099692
3779,-0.0015338522757100004,0.004436081930138243,0.007100949850983922,-0.0004606983493424451,0.002474619127855315,-0.0008324169303855172,0.008001557632816642
3780,-0.0009845161074283828,-0.0001742521684088939,-0.0025028245853204473,0.0026982971869387385,-0.0013730472451810337,-0.0009099145681806092,-0.004783222330885719
3781,-0.0019757531120108028,0.0031258918051684384,0.0006642282435307158,0.0062938589087666195,0.0,-0.0014446083271141808,0.007768075880348459
3782,0.0006801794372372392,-0.0010683756480260056,0.0022618118773972636,-0.0013696012858654418,0.008724350770127254,-0.0002666369748557447,-0.00830281161205684
3783,-0.0001853978606176392,-0.0017961641157469273,-0.004980495889830367,-0.009141041462270736,0.0,0.0010655670867189798,-0.008101064602517416
3784,0.00030895247934707015,0.005767607767591725,0.018256078601731496,0.0016731459656920233,-0.008724350770127206,-0.002401213046683137,0.0036191416267324777
3785,-0.0009894225709759386,0.008397907775383915,0.005778309045864213,0.007145764719363175,0.016216986083038683,-0.0021456145085794152,0.013309350494482959
3786,-0.0038554459787628866,0.00011238051088842934,-0.0046058358092702836,0.001705404132853517,0.00026521801245818526,-0.002310697028052741,-0.007936566730623415
3787,0.0009982351342825873,0.0037072119982274315,0.0002660303188270268,-0.0024040497387669813,-0.0029263444875406775,-0.00042496461167286487,-0.006274745628878433
3788,0.00012461821660960466,-0.0016007313464074593,-0.0026676649104376603,-0.009990233479819284,0.0,0.0003091064058627672,0.000901961865018944
3789,0.0005603398866529673,5.5295961610633553e-05,-0.0017159453636996225,0.0036806504540609075,0.004250010498203583,0.0009260013783303149,0.0076805056315165455
3790,-6.222429724876768e-05,0.0010768664190656614,0.003158519244830074,0.0022426071133868418,0.0015830922094569647,-0.0016218004300802432,0.0028235417255457174
3791,0.0013048416883442802,0.003433610133527751,0.002446735947087378,0.0053360633910489045,0.009894426944605834,3.8684762142347074e-05,0.0036782571638044412
3792,-0.0003724120410306108,0.0008746571916622576,-0.00474643502446208,0.0023080816946578274,-0.001547369149654172,0.0016216562440739275,0.004856378676108808
3793,0.0003103655401900738,0.004022532250535157,0.010542031526947953,-0.0009934797889973753,0.0015473691496542107,0.0002311716601265879,0.001721343838503055
3794,0.0009916818509626566,-2.705463211610107e-05,0.0027130449906489188,0.0013372906468899722,0.005626980131612171,0.0006158568532205135,-0.005532488599962179
3795,-0.0005575423827041432,-2.7056317605432046e-05,-0.0013022333052452669,0.0015754786732090505,0.003038807606823252,-0.0013483229765270319,-0.0024428038476746656
3796,0.0006194473763097523,-0.0006498578159800283,0.0005213619856672532,0.006432601964959621,-0.0025308607864598107,0.0015790443288120702,-0.011345480637957494
3797,-0.0032308179126897996,0.003320289738905542,0.008513321550267175,-0.0015655142730203351,0.0007608080460790002,-0.002003668983850556,0.0019265170830849185
3798,0.0,-0.0016974648504344753,0.0,-0.005818712612862468,0.0,-0.0001545119581906538,-0.007166663857960088
3799,-0.0005616281172287765,0.0002429015591471835,0.0007657265843270796,0.0033930610920303505,0.001265059099872995,0.0010033465036289263,0.006674646780675812
3800,6.243900260976366e-05,-0.0009183418052579686,-0.0006635516675142826,0.007346916408767718,0.0005049936405078423,-0.0009647133601702968,0.007630293401377312
3801,-0.00012488698343549439,0.0034740512143003996,-0.005086737087874261,0.004680985875245259,0.007505275755885468,-0.00158678372469271,-0.000704166318683253
3802,-0.0007500770118460788,-0.0007516998534424887,0.003602842863653119,0.0015176756315788918,-0.0042370529432544475,-0.001281391953142063,0.0068174009251427215
3803,0.0005626791742437436,-0.0025871792467526697,-0.0051042498516722795,-0.007974658140574261,0.0012504888625209107,0.0002721265248883415,-0.002086286551259486
3804,0.0006867304386324826,-0.0011367554938257524,-0.005112474561514004,0.006679250557286148,-0.006288764415532739,-0.0002721265248883749,0.001391970684905209
3805,0.0031078884734878753,0.0008122717116656581,0.0015714447801624403,-0.00538379000390288,-0.004328975269504221,0.00166894729021509,0.001041057986093279
3806,0.0012369546439581248,-0.001300364961983322,-0.001256700607500896,0.0069695477264837226,0.0035681672234252108,0.0021253943300302944,0.00755911377582461
3807,0.0027703335395416777,-0.003131388557212487,-0.015914697887043684,-0.006085454255805328,-0.007424018079207427,0.003226114629811342,0.001360359708679481
3808,-0.0001841401265244091,-0.004118648323116958,0.008777188031326821,0.008697267186902417,-0.00992417825786113,0.0006117901795703128,-0.005467193923321602
3809,-6.139739628588427e-05,0.0019268976107248148,0.0030279353856864635,0.004324372714213272,0.0007917859657226884,3.820828594410735e-05,0.0
3810,0.0020215450708617497,-0.0008522858392565245,-0.0028147585587745987,-0.004665763647705026,-0.0023797017453555027,0.001677845374626864,-0.00527577201717261
3811,-0.000672803359815745,0.003535659814904515,-0.0008533358646755366,-0.0016031682142648468,-0.002659496871217038,-0.00022841575661708148,0.0031645094026580365
3812,-0.0008578054067921563,0.002422658755957318,0.007095434656784395,0.0017041692466322907,0.005829543660724462,-0.00038096009627324107,0.004511633015140112
3813,0.0,0.0032721990665332476,-0.00026268341809865524,0.005785945999806767,0.006011996748487939,-0.0001524776569319986,-0.002228474700024019
3814,0.0001226474116890852,-0.0017006300973847045,-0.004012474521096128,-0.007645402340222196,-0.0015603411343890706,-0.00045775443700691204,-0.0007310270741676103
3815,-0.002582897480134501,0.002938167090845665,0.006004895052033571,0.003669989650445801,0.0013006732749921712,-0.0020658867375846347,0.0043252088175659825
3816,0.003073141056281241,-0.009286300209428696,-0.01777890221724931,0.00529355651761238,0.0046504315106757005,0.0017604488476122234,-0.0013657070433743836
3817,0.0021992734224167065,-0.0015396629817177184,0.0022286892589845437,-0.0023565555324416764,-0.010139631350879277,0.0006487989424372512,0.014295591122037599
3818,-0.0008539500991031713,-0.0023197776432175637,-0.005785584504664041,-0.005007704618599441,-0.005559468858836432,0.0003049820925191551,-0.002488800403695332
3819,-0.0010392018741798108,0.002787752600068067,0.008164693691839378,-0.0059322355988268086,-0.0008000514670989188,-0.0004575534912088517,0.005456655793429129
3820,0.0011612975966327989,-0.0037302443457690937,-0.013805679295639205,-0.0020603034442403653,-0.00402251546778678,0.0010288182930542145,-0.003464475777642629
3821,0.0018273287066863059,0.002380005028812765,0.0010008070840751015,0.0016966587489095598,-0.01008447934345293,0.0012161925704970856,0.0013230611356920073
3822,0.0013351713425501497,0.0005240605987376589,-0.0046341562022472905,-0.005969237473399131,-0.005270965471948867,0.0006826145899092782,-0.0031488766668138143
3823,0.0,-0.0028763160679804176,0.0,-0.0031011466851465956,-0.009880378600671135,-0.0003790978609286395,-0.006873748491649253
3824,-0.0009706264286698149,0.00011098051089665273,0.008724525201896084,0.006904735594508445,-0.0048813777973757124,-0.0007211988858478207,0.0008441100459137346
3825,-0.0005469321841068458,0.00011095215795233604,-0.0020956472806043084,-0.011786617035219734,0.013643880666546468,-0.0006462999566600877,0.004196114593608339
3826,0.0030298328684094265,-0.009476911535684824,-0.006853464600844073,-0.016729700723837476,-0.003935381456757189,0.0010260276033957872,-0.005040224639522043
3827,0.0002414759483408139,0.0001983791592681245,-0.003552646229067889,0.00629545146712637,-0.005684563905950341,0.00015179814272101662,-0.0035632878620273476
3828,0.0022273104236029155,-0.006882601393880958,-0.009213259621094221,-0.008786481512738248,-0.0034467996947805863,0.001741875747540558,-0.006696113988231541
3829,0.0006000201036000794,0.0038402956166520273,0.0020195754013857016,0.003772775240259815,0.004589680569873009,-7.558863162469427e-05,0.005159995138901154
3830,0.0011377593761574558,-0.002374685056022764,-0.009016013170506007,0.00274053151045195,-0.011859593913345977,0.0010193381487827264,-0.0030886343828743054
3831,0.0,0.0016607839814648923,0.0,-0.005659097167566423,0.0005860925071735829,0.0005276053014933633,-0.003284232628840001
3832,0.00017937405716601638,0.002166630502927678,0.009533818138402353,0.0038327463136428436,0.0,-0.00018835689322598968,-0.0017385711044492905
3833,0.004105286990543406,-0.0034259537264129023,-0.012837799701558236,-0.014901503612114217,0.010130620531079907,-0.00018843862051921628,0.0028649215143022105
3834,-0.002375146646821099,-0.0004014607579796542,0.005999287862363198,-0.004353474132535077,0.0019980721233429518,-0.0011323519762003796,-0.0002596678593988617
3835,-0.002088962574464765,0.01233166945891138,0.016054957541193463,0.005097059629239914,-0.002857210844481665,-0.002007732437963283,-0.0005198019554127779
3836,0.0022080289170624207,0.0002230296528167646,-0.0035609690439086135,-0.011996305007115592,0.011317760524532912,0.0018187197344951781,-0.0003468805950411941
3837,-0.00023970994504099528,0.006033886941476531,0.002546525204221647,-0.003789908368788467,0.004722148340532502,-0.0024266561163962122,-0.0005208409361868509
3838,0.002629560421393884,-0.0023703381455466555,-0.005279378366074044,-0.003928427230654192,-0.0008295981164524013,0.0023888437022933904,-0.0070049015686564796
3839,0.00023826333440960632,-0.0013009053829954782,-0.0041317968487789266,0.009025946978278444,-0.0061326298875688,0.0006046039182739902,0.001234042386355208
3840,-5.955358005821675e-05,0.006929939314815464,0.008054886856105154,-0.0039036296911473803,0.005301444022556762,0.000638364750477459,-0.0007047376506326265
3841,-0.002029696118401038,0.000545287888703814,0.010567841283339019,0.004755887317717113,0.007151305679726239,-0.0021064038336405556,-0.002652998365580225
3842,-0.0033035490878481457,0.0023098656561200315,0.0007175229775679542,0.004867995582952442,0.0002727123994812616,-0.003901158367634764,0.005640267352693804
3843,-0.0007241260233732272,0.0017041255311664157,0.0037886730256856804,0.006196974350871631,-0.001638849046283179,-0.0022122900420701937,-0.0033400671234141946
3844,0.00486458146059476,-0.00010799987171672918,-0.01632103352336491,0.00556570801523706,0.005709117657583936,0.00015293405630519718,0.0012335416584026294
3845,-0.0025155729193805224,0.002369815169436487,0.004067832874412386,-0.009563774107178,-0.0043429810107820065,-0.0016084999198313842,-0.0019399988811239334
3846,-0.0022282369937453063,-0.007449023012647737,-0.003313312046939635,-0.0037483635584420827,-0.011309672928304374,0.00015344739384263854,-0.006769288118202101
3847,-0.0016332564706944255,-0.001203790439605771,-0.008309386535482492,-0.000423501206936647,0.0008375981032245868,-0.0010368236067698716,-0.001078546453093611
3848,0.0013312646068447888,-0.0077954510940321155,-0.006425533737626546,-0.0019846855061943763,-0.009303645564539127,0.0007298745830188854,-0.0007205219104421938
3849,0.001929129132702487,0.002891229863782361,0.007745142796208371,-0.007079672419751796,-0.0019993862168506964,0.0004986820549455707,0.00018024257652629093
3850,0.0015611321288788046,-0.00011084596331306494,0.0025133513792472057,0.005638243626090489,-0.0028723284720988903,3.833645073813107e-05,0.0034104722302626313
3851,0.0011372889355233955,0.0032581212548881944,0.00694976402824944,0.005928598912263335,-0.0014433196464818004,0.0011102875510073885,-0.003771032219343916
3852,-0.004144463960526881,0.005972470871043345,0.009371032892637368,0.002316969426919286,0.008588832628435284,-0.0018776602780949062,0.0003605599890813594
3853,-0.003332121598745232,0.0,0.005234497801323506,0.0032540469401979907,0.0,0.0,0.0
3854,0.0025468333585304728,5.367624304336679e-05,-0.011644864839669852,-0.018995457899379804,0.007587349892256481,-0.0015388251794730024,0.0010798873742255413
3855,0.002652188284706292,0.0028620501797116263,-0.0039707839830395,-0.008700974190240565,-0.009576271506037511,0.00146201327939572,0.000718436031336846
3856,0.005671669827506524,-0.0072856829246623345,-0.00810940985425746,-0.007175487640358201,0.0,0.00469883822601297,0.0017909076178803756
3857,-0.00023731939492305126,-0.0018202604162667409,-0.004430147059900062,0.003982454935573044,0.0,0.00045571303436935904,0.013201456604952767
3858,0.002426397775459544,-0.004900837649161853,-0.014045792360303185,-0.014366768188893406,-0.01713587337769515,0.0019314632730900766,-0.007872623099884525
3859,0.0006486849330028759,0.00019269555498283003,-0.00023898445060425443,0.001667044484160174,-0.00596567734659655,0.0003777130886069376,0.001585982828551326
3860,0.0,0.0028255370257907336,-0.012488948698480563,0.0033279211331448968,0.0020973213395089293,-0.0008314028471843173,0.006199946093601166
3861,0.0011769505357742565,-0.0056418757882227165,0.004101479534038279,-0.0015702307573476247,0.0020872414864161236,0.0018495903505361209,-0.0026961394169384926
3862,-0.0024161910151786693,-0.002026887109618624,0.0052084469535263024,0.0020274053298292346,-0.0059903636891879535,0.00011298473338803083,-0.0010481770540286246
3863,0.0023574191791183785,-0.00220419117395237,-0.008081543595643292,-0.001038219505874972,-0.006992641847789569,-0.000150652844075927,0.005388553795374409
3864,0.00017629165328518904,0.002398960781812842,0.0028730966421169736,-0.00754622700944929,0.0,0.0010158939881493223,0.0058341503133722385
3865,0.0022268555485245637,-0.009164687360256597,-0.006878110670833212,-0.005392661795186088,-0.00617344413327801,0.0007885001189000999,-0.011222704108746671
3866,-0.000292355771324925,-0.00574854073794837,-0.0007434429465772891,0.0060976347049478295,-0.015506513914881274,0.001684837811693638,-0.0026315641933608845
3867,0.001984149162679738,-0.005913197824713349,-0.010544083362708841,-0.0093905006437879,0.008296840524230634,0.0004481883595963993,-0.005801603343503352
3868,0.0007562560701071707,-0.0037812129767382284,-0.005948894372059147,0.00927525318519404,0.0018923536777056093,-0.00011200373547705592,0.0027997592343766337
3869,0.0,-0.03368643705259941,0.0,-0.0033623237455175487,-0.01602744543415109,0.002123147199367944,-0.0071461008746249895
3870,0.0039920775661830355,0.0007946254676022577,-0.0018718227646452696,0.0024034640618149894,-0.02659433127366602,-0.0025714512204969716,0.0034090632208589123
3871,0.001379991570985419,-0.023287075007426154,0.014503272423398713,0.00043667706289072264,0.010291820051266096,0.003907058060654275,-0.002869007836980929
3872,-0.005662781030949356,0.023890019472847957,-0.0008140480019845419,0.004715178018586331,0.008726457835858006,-0.004243590027824145,0.009079657851917266
3873,0.0014516173749437187,-0.0035663358977146517,-0.0027666167404653635,-0.0010772751759481826,0.019492926987278572,0.001269977028198743,0.008721065778697676
3874,-0.00017393811669847448,0.006474074897165832,0.009545317906229984,-0.005061439616002588,-0.019825337628767693,0.00022372859526552247,-0.00017271604200587255
3875,-0.0018596874958499779,0.0015093878875397948,0.0018472783355534474,-0.0015984286346367666,0.012132835729660557,-0.0014188982024017245,0.022716684947292242
3876,-0.0020431930778875285,-0.0013204272687927256,-0.009190446377968358,0.0030142290988659807,-0.0003234968357419493,-0.0009360201948748487,-0.0016425680771834784
3877,0.002799651802634666,0.0008178806219557403,0.012190871370168402,0.001727866109303035,0.004507173698071242,0.0028392686610711946,0.011529900654356617
3878,0.001277166887801268,0.0055273169807353055,0.012214115231465709,-0.0002459513385302105,-0.002569797331744007,0.0004094133483067687,-0.008087654243339024
3879,-0.0008703880565205143,0.001486886982443781,-0.006094203334904583,-0.00043209043912950895,0.012699573919535056,-0.0005956379907145663,0.0004895298078753114
3880,0.0023171695994154964,-0.015551525582887603,-0.00936618715397452,-0.00023091096885259998,-0.0037710322193437217,0.002785019688366897,-0.006241858696966281
3881,-0.0005202862967855642,0.0030660717334627923,-0.005880226049615969,-0.0108529410009893,-0.02201068991124398,-0.001148976897092709,0.002474619127855986
3882,-0.002843656797379363,0.002095437635235442,0.005880226049616017,-0.0022055119393947155,0.003966187217601477,0.0003338872019532045,0.00653086715895842
3883,0.0020330816058497262,-0.00650975261575012,-0.004573514823831684,0.0023392743995825946,-0.005629515493264812,0.0008891129579580662,0.0024239754939667114
3884,0.0009262482463884883,0.0036498239832167445,6.212638332739844e-05,-0.0020164155359432517,0.0,-0.0004072841682123673,-0.0011295051409682775
3885,-0.0017383391397063762,0.010706757723783092,0.005125753349724913,-0.0021027125741110023,-0.0016697232482338368,-0.0019305308810020746,-0.006183390444980618
3886,0.00046423786558645537,0.0034081927790316343,0.008330440082190053,0.005772220370444957,0.003996603191412782,-0.00081935352335785,0.0061833904449806005
3887,-0.0029096617070942426,-0.003501519196474322,-0.009744780883880732,-0.004702711233039875,0.017543074664695887,-0.0019428209498432492,0.01927705552329166
3888,0.0011079690676975772,-0.004849356633481186,-0.002346875778260183,-0.014589427296268078,-0.0006372627436936128,0.001495248445195647,0.0013887559665231673
3889,0.0,0.006123085058789187,0.0,-0.002430908490250086,-0.0006381992065486985,-0.0018323899929081075,0.0009233762838548081
3890,-0.0033324233596746604,0.0030294705536173874,0.003208327285794193,0.003809324093156557,0.005395031886705859,0.0005617572661432116,0.006712096090541498
3891,-0.0012342093860251474,-0.004054373085474599,0.0032458174832499056,0.013669144083706092,-0.015408959314191041,-0.0009741748998400986,0.0031672945105473637
3892,0.004450137444061239,-0.005381428331177294,-0.008751511743315067,0.008394740539165954,0.013195586213674764,0.00044989073281033026,0.007744825634963662
3893,5.825155691180509e-05,-0.005959320027858222,-0.0018716929497693453,-0.0008735823764356264,-0.006065218134375745,0.00026222119857596154,-0.003706239269778798
3894,-0.003332872024241204,0.005045380430367995,0.009707035697312417,0.0013698225878054535,0.012359451232063447,-0.0008997040391386498,-0.0022390210200137315
3895,0.0012308779573441306,0.00806413786802399,0.0037743800613075193,-0.01182545016432701,-0.000312554516479438,-0.0015036610949469079,0.010789561962849333
3896,0.00046798978871470074,-0.0013336673735043622,-0.0001818780574774461,0.008344626673167215,0.0037358895481592407,-0.0003390424197125267,0.017173683291570208
3897,0.003957682811979168,-0.0053760060985965,-0.007399972357629331,-0.003535663140590599,-0.0031110052937284244,0.003266375451432848,0.006130662343903909
3898,0.005824071214791448,-0.010923619481710344,-0.00821915163436253,-0.011870417358182799,-0.010427360047563092,0.0037243559168457516,-0.004030926673204884
3899,-0.0003472504038179495,-0.0016155605338975304,-0.004613138635194405,-0.00358070889516447,-0.018956417637645686,0.0009261198585731147,0.0034771561398979434
3900,-0.0008113323345286564,-0.010053486134202263,-0.002229279202519191,0.0022131464025693126,-0.0013383507722630663,0.0016989175647494025,-0.0034771561398978866
3901,-0.0024431310398437866,0.005268630625439478,0.003877938873975322,-0.00818952618229217,0.0006696909297769101,-0.0021139007166666953,0.013744643378034998
3902,0.001688391425423163,-0.0023958872159590954,-0.015395958673266397,0.002140881543026803,0.00828515172314951,0.0017437843810684888,-0.0006769985500345714
3903,0.0026069913120099694,-0.007636289606422214,-0.0011819330963424555,-0.0001231947199708184,-0.015368946924085193,0.001109404082257345,0.004046251149881822
3904,0.002763649141939396,-0.0032274703624983474,-0.008834313346329883,0.0015331448518116882,-0.007893360768718013,0.001732388518172893,-0.013359766306974667
3905,-0.004964079224215219,0.010007228057396412,0.01781465107242356,0.010708516481360912,0.00241755007838463,-0.002212782378236587,-0.010793092216165326
3906,0.0038146952480460506,0.0003296352962072643,-0.0046622190240559495,-0.004048030240452173,0.009200776450711736,0.0007019350051024533,0.008433167536864844
3907,-0.0004606066791596046,-0.002147115331616969,0.007229801618975164,-0.007857927422975692,-0.01623397004746314,-0.00040624513366015587,0.0
3908,0.0048121764577926315,-0.010931707559578722,-0.009448591176073799,0.005266592979328032,-0.005311454078841062,0.0014754370634079796,-0.005603877517999096
3909,0.0026694441789490058,-0.009996067035403873,-0.00812282802397981,0.008215862482678948,-0.01707609393631104,0.00143374107395768,-0.01931797399383351
3910,-0.003467779848428962,0.011487673934793868,0.0196788739498516,0.002450329066899108,0.0062542429366205165,-0.002429111062018905,0.006438445817818088
3911,0.0026743406682357487,-0.005106201813260549,-0.012145274980924645,0.0019577119680858285,0.012599563190850592,0.0001476062489879251,-0.010288336876010757
3912,0.0,0.002363972690102834,0.008177334340517484,0.00177535430965332,0.0,-0.000553782302140914,-0.012217458922561137
3913,0.0,0.0,0.0,0.005433695667249959,0.005640267352692471,0.0,0.0
3914,-0.00525040459578562,0.0,0.01652612317076781,-0.0071783688970592,0.0,0.0,0.0
3915,0.0012613181937703652,0.011499439089080191,0.0014211826132954726,-0.0013882607665906303,0.011747742837096715,-0.005016076214112066,0.00998074420049181
3916,0.0005149398320325236,-0.00266489628510094,-0.003966187217601821,0.013997021238214918,0.0006812463858124266,-0.0007480743937346685,0.005644125373262179
3917,-0.0011451410244626649,0.0028944301628685103,-0.00293591059110143,0.004232728138899112,-0.004791319477028401,-0.0006743704490163355,0.012652366402693844
3918,0.001316652044360109,-0.0005904752533037247,-0.005424021337097064,-0.004878530341015226,0.007843772759197896,-0.0005627763932563777,-0.0028761329084608157
3919,0.0009135832596469466,0.00022972467179569866,0.00038062621358704,0.006573249751452894,-0.012340689293178579,0.0011248244617419034,-0.004204519561212522
3920,-0.004587256611099963,0.01225997388121559,0.01526401792602498,0.008468237576018476,0.006556815171578428,-0.0022902117820273364,-0.003070264973692442
3921,-0.0010966309443217724,0.0026393229317459065,0.0018327266552831474,0.003407660194339537,0.017125542000652236,-0.0005273307453300231,-0.003535659814906935
3922,0.0,-0.00152439901530265,0.0018857273045883058,-0.017072618610704964,0.007507720286608028,0.0,-0.003863062258124585
3923,0.0032242612613182296,0.0007628683485132273,-0.0009114263196213663,0.00026265712582530885,-0.004554440800974984,0.0008283753683540437,0.005929026992253973
3924,-0.0029354055926038604,0.003321882566138311,-0.0016454030783226337,0.004398055061287531,0.006491817167302032,-0.0020361126045793324,0.0072992387414997075
3925,0.0,-0.004180203748159479,0.0015237349217897382,-0.007536586593025492,-0.0064918171673020685,0.00022670671225096027,-0.001450066395232339
3926,0.002591091767563907,-0.003001532519441245,-0.008230406208231872,-0.006163882163807184,-0.005264239992356987,0.0014330674962462135,0.014989465031708381
3927,-0.002417870540017555,-0.0006733994866325296,0.004503058193847934,0.012008500811358855,-0.0056640666223703425,-0.0004520369722746046,-0.0021099368556929425
3928,0.0024752751375375945,-0.007803749210700573,-0.01188217723660202,0.0021657883608060704,0.0132114972833229,0.002592810578279834,0.002109936855692922
3929,-0.0011495360917486664,-0.0011778371953926497,-0.001010281309104922,0.0005092324871992948,-0.01321149728332288,0.0001498342198419394,-0.006076124073295526
3930,-0.0018456101376111186,0.0027107771407180493,0.0029610386191302467,0.008290218213170641,0.001004924047078753,-0.0019142694297649744,-0.007463274563180507
3931,-0.00307415073776672,0.005917659048099965,0.013841257396087929,0.003284763029310863,0.006640717793640405,-0.0021495103549693984,0.00930922413477209
3932,-0.0008156861462298231,-0.0002891548349550974,-0.0027454262510983843,0.003313598228306425,0.0088068740804369,-0.0016286298876631129,-0.000709052372854721
3933,-0.0008172210404193269,0.008875471715494005,0.00480829858236095,-0.0074709001598940615,0.0012896653334774093,-0.0016728513376849093,0.0022649046478150545
3934,0.000992139945342565,-0.002970086606758779,-0.00042390875196149017,0.0075456368184466955,0.007342161698828545,0.00034269874533865674,-0.004969910985260976
3935,-0.0005833372024136954,-0.006291224608670766,-0.0062858304694911014,0.0015055320286285066,-0.0050944218396892366,-0.0006856681254334625,0.00623874822512656
3936,-0.0006425771971825902,0.0050529677626455485,-0.0006767108531069574,0.00440868904182721,0.0019174180457222371,-3.8124433322293936e-05,0.001124751633920376
3937,-0.002873996525654852,0.004586045591595543,0.00508024142545661,-0.009528715304836715,-0.0015972599170288604,-0.0009924117984705199,-0.013113924578327106
3938,-0.001001561346340278,0.0037590639928018667,0.0037564768071130677,0.0025779816224357883,0.008556242461001819,-0.0003058142768062503,-0.0008691686995221656
3939,0.0011192403829377278,0.0010591793776438998,0.0033652432097133872,-0.0030449408303365897,0.0018787101333554493,-0.0004974079451915637,0.0018810051942727921
3940,0.00023526245532167308,-0.002621503826381362,-0.003666983291262587,0.005928148836918597,0.0,0.0019862227284489636,-0.006986120860664091
3941,0.0015261073318995327,0.0030879688906329424,-0.002057411174635911,0.0009318180863129976,-0.0021926201447847364,0.00019050510543628236,-0.007547989811880752
3942,-0.00023443697298215543,0.0,0.008052736669907825,0.006630887865798133,-0.0015729625377031411,0.0,-0.00981412918932883
3943,-0.003000217631378735,0.005067598944373062,-0.0010730685863173022,0.0028379273964009365,0.008736103112197843,-0.0019853496604691147,0.01070896703730232
3944,0.0004719951361507871,0.0009819422978434797,-0.0021541241943004987,-0.003086370973748466,0.0,0.0,0.0
3945,-0.0008854120944546322,9.194336477633438e-05,0.0036437822436411137,0.005055584687809884,0.0,0.0014517246375101045,0.007386138605248648
3946,0.0010622781045972322,0.00039819647073156795,-0.007257904198485625,-0.004214979992452121,0.0021568411647536227,-0.0009163139720713474,-0.006047329414457989
3947,0.0025857934580676392,0.0016501498900546247,-0.001514806146506174,0.009280430073561505,-0.00556795423894147,0.003464172099465345,-0.005681041528348158
3948,0.0009364844208830316,-0.0057104437617789,0.0024211601768282403,-0.0010329638866360923,-0.009441556232841706,0.0023067635229392022,-0.00030107071008393205
3949,-0.00011695017760336457,0.003263535496294953,0.007954662387170892,0.005694970649318757,0.003801288880148727,-0.0006416379902958723,0.0065758163389632975
3950,-0.004231319357295688,0.0007048992820775712,0.0023052091950895035,0.003414979131301428,0.007504195028850549,-0.0028801484812032833,0.0022191897132571954
3951,-0.001360406026757214,0.0018335003952609087,-0.0010033307706876426,0.0008869255285708139,0.0033965614300105087,-0.001981691141016379,0.0
3952,0.00283429083886398,0.00033530370508744086,0.004526084831401279,-0.000863753609395,0.004284828800062231,-0.001147410130847842,0.009776233494233072
3953,-0.00023548569475063654,0.004395884089154961,-0.0015230197061979229,-0.007704116895968538,0.0,0.0008035052836004136,0.003735271629598334
3954,0.0006472786647604232,0.003215563910660612,0.00029330350402549264,-0.0050419516734560585,0.0,-0.0012249830440565549,-0.00518051250378111
3955,0.002111646697803267,-0.007002467346286342,-0.0013508392909596756,-0.0031672976944883036,-0.0021371300583729854,0.0010338070573891163,-0.0007244279943308688
3956,-0.001289230281787437,-0.004988252038049181,-0.005267109444701632,0.0007770434471325098,-0.008343160182930647,-0.002416055713259445,0.005475583585331752
3957,-0.0032990515377906227,0.002791913670298536,0.001604647875666589,-0.0002770652596457614,0.00248880040369455,-0.0007698211390880363,-0.005185667365017227
3958,0.002359019824669867,-0.008554912812395296,-0.004172501726117993,-0.005327294931326598,0.0012390721155483642,0.001038936481946252,0.000434511774016381
3959,0.0,0.000716786290498247,0.0,0.003069173756218713,-0.010963659659796307,0.0,0.0
3960,-0.0021225403840852103,0.0010574348094845242,0.00500221305198982,0.004231141315991235,0.007235787140553346,-0.0012316051696835474,-0.0005794456922333666
3961,-0.002608383107527086,0.003187780685912429,0.0029503814686666157,0.000469113376770383,-0.005968698037788306,-0.0013897435280055656,-0.004517111327147359
3962,-0.001608389604791979,0.004265193640472981,0.003630854195401312,0.010566583752965769,0.012778872224125857,-0.0027150766050894936,-0.012330721222310754
3963,0.0010274872501761182,3.053358751965361e-05,0.0018041069748305238,-0.0012689277883503487,0.006099741870900451,0.00042778058537612756,0.008357814976267041
3964,0.003487361940979879,-0.0072350734519832935,-0.003908647551434633,0.002484541339850392,0.0030180419018383574,0.00263514904744505,-0.001925921036036645
3965,0.0032218724524265083,-0.0005591775217605157,-0.0011736109882285062,-0.003203464048113362,-0.0075847977761457205,-0.0022466229149788125,0.0004452019681536677
3966,-0.0008330078929592557,-0.0003420743652529131,0.0022856114820379177,0.005265297604707128,0.0057764905893898,0.000892293233065998,-0.0070278141059404355
3967,-0.002628475314181821,0.0,0.012388675987763487,0.00023776799634472336,-0.0009069849768528604,-0.0026400961662074933,0.0028547396185434337
3968,0.0029856743598723197,-0.010166577786747072,-0.014145770017361626,0.006639838854416886,0.004815511367724571,0.0019815752183496116,0.008306431823832037
3969,-0.0028658524576357764,-0.0014993837678994447,-0.002176919254275904,0.006051344447550733,-0.008767816043987763,-0.002488132026463122,-0.0005880765717863363
3970,-0.0037903617142449842,-0.00012784647778737028,-0.0036129718629932463,0.00024368341377761234,-0.005532488599961398,-0.0016014834676725306,0.00014709381407563963
3971,0.0010863402932592056,-0.007805576961044226,-0.007135962180407943,-0.00901480606398317,0.0040027424536735684,-0.0012540546000151525,0.0010282640938609757
3972,-0.004300880147672446,0.002077967992538259,0.0020514087023429635,-0.006284696267313686,-0.009273544128960797,-0.001297047699489015,-0.0014696950807775318
3973,-0.0012192441525733409,0.0025835559944654713,0.007459724486555969,0.012256308734673028,0.0028029142377319753,-0.0011035712892768358,-0.0007367168550411851
3974,0.0007928979471917185,0.0010933743194310225,0.002654439731898058,0.010868509184687764,0.01103418657818369,0.0003155923342821827,0.003963505965417264
3975,0.0015207469909079784,0.0026895350244504567,-0.0003529893030165033,-0.003338747614765051,0.0015105910252382249,0.0010240941195087932,0.00910989032273962
3976,0.0026032924847620873,-0.004814488170711731,-0.0037831798836221596,0.00924746531040421,0.0012047011383716155,-0.00015739584548426423,0.0076592128901720735
3977,-0.002239104218638197,0.000516095701736575,0.0034888028087695895,0.007032060221874842,-0.009117783772740216,-0.0021304459531390567,-0.0026795328242623694
3978,0.0024804795100558177,-0.011111516536299335,-0.007005859218059806,-0.0032240654999193693,-0.005563991173738409,0.0012243111767583298,0.010620342810080775
3979,-0.0009663071307419392,0.0020237735139254265,-0.005178118384238365,-0.01711412290467561,-0.0034356448866754317,0.0007880504464985338,0.00041394234927684805
3980,0.0027122774555953656,-0.002645854750836983,-0.006529949416633176,0.0040785045849123505,0.001565026853628609,0.0006687204067840012,-0.007231455279757282
3981,-0.0005411020755544477,0.0032316398283512887,0.005073805615254726,0.004855942848563722,-0.0006253341352588324,-0.00019657560735071678,-0.00521977887520862
3982,0.003296254905352526,-0.011233942111308558,-0.010892547346523706,0.0005909769521903613,-0.0009396927183697575,0.003251690081045954,0.0049392268745586726
3983,0.0006562593873161165,-0.0034175486612777503,0.0014309551064479312,-0.0029030271726220207,-0.010151976802843545,-0.00015615082663461788,0.003493940662306148
3984,0.00023839412257919328,0.0005042704617763812,-0.005752328889090151,0.011235244667480191,-0.0019302008746381679,-0.003174194417516625,-0.0013942049916071198
3985,0.0,-0.008481921068389959,6.293666874123693e-05,-0.0076232201240657195,-0.0003225358350274844,0.0007466495216576883,0.006238974553317119
3986,0.0012494267292726606,0.002902478150969602,-0.013031728469817414,0.0017434188025264676,-0.005193418920872475,-0.0016522092608206036,0.006421964003126945
3987,0.00023757904416528278,0.0022065269119867148,-0.0037122195681632397,0.005308283561708259,-0.0022917967795844383,0.003454588802622485,-0.0021755561181675677
3988,0.0,-0.005726144242692851,0.0,0.004127577600133614,0.001311078676934305,0.0017559888863549295,-0.002460598547658238
3989,0.0021323830821686532,0.0016437596607156038,-0.004734935256631183,0.002374838894040718,0.003585190567369313,0.0027562021639340436,0.018747505192990368
3990,0.0014157941859027354,0.00023919599120130947,0.016923968607020015,-0.00391866271113432,-0.011845129199631247,-0.00027096229528413685,-0.02191202832915875
3991,0.0011175729274203571,0.002418714979471178,-0.01245073536608203,-0.015489924444336011,0.0033228508074688717,0.00015485629755761257,0.005488786890082088
3992,0.0006457038833481297,-0.0008841641554742949,0.004751414523544718,0.0008170411558907926,-0.002656243643740807,0.0001548011001622018,0.01815943892701716
3993,-0.004718074451206743,-0.011661001973879512,0.0017442866157240022,-0.004539008973130458,0.0013301525923468697,-0.0018612649141792456,0.0005227740407380218
3994,0.0020704672963882597,0.0006987845142385131,-0.007085107900494478,0.0039378119447956725,-0.000997232313948521,0.0019386447775284938,-0.002488800403695041
3995,0.001708083842156251,-0.0024506807256802605,-0.0019704865106454747,-0.0050334348711452105,-0.009759837289155571,0.00027072100020171633,-0.01212187197518748
3996,-0.0021213883901483044,0.0027647673107178694,0.016026968389556702,0.012470669358792125,-0.0006812463858117272,-0.0003094092084941029,-0.011636639713792307
3997,-0.0037971344131137565,0.009728051201239086,0.005171735166830715,-0.006752926944832077,0.006093085659732505,-0.0021331765597530656,-0.0002775931586379699
3998,-0.0011336951077725972,0.0034995168140949666,-0.0014444049296869822,-0.001480788379959778,-0.0030358572841361325,-0.003435027291723854,-0.01382411588550586
3999,0.000716362194427892,0.0027323755541646694,0.005749018099486877,0.00403666670060708,0.0,-0.0020032612353602795,0.0021446684665896304
4000,-0.0011945942944012124,0.001275955016495597,0.010669354861160852,0.005651212247602221,0.01267616123959864,-0.0005515351563689332,-0.002144668466589679
4001,-0.001617932331594647,0.005265451863661332,0.002416109051627961,-0.004859751789313511,0.004903640524999897,-0.0003549285407193345,-0.0028761329084608157
4002,0.004360602919616462,-0.005768670585024546,-0.009746147728030917,-0.0065336272102775855,0.009326193237247312,0.0027921414792058986,-0.008744479615682485
4003,-0.0028623109419192603,-0.001176449530713665,0.002150737592082641,-0.00660230899878991,-0.009651385676180188,-0.001570829027483023,0.002934433339050844
4004,0.003218777020949285,-0.006169444655426297,-0.007044771846972102,-0.0006999957571945183,0.00032519243893282035,0.0031359968875281233,0.00653086715895709
4005,-0.000653744810539073,0.007110859090270563,0.010220614020421558,-0.0002868708052656803,-0.007541732050047343,0.0016762879499543052,-0.008729831258895707
4006,5.947202774180286e-05,-6.71762541006316e-05,0.0025482565761705757,0.004463943486556659,0.007866681172504776,0.0023669447372277187,0.0014672124830068297
4007,0.0027860384427443844,0.0034461358459536326,-0.0018794094994944678,-0.005438045122013736,-0.0006501415613902733,0.0011593559525174336,0.001425775496170406
4008,0.0007674613925064959,-0.00539878099199352,0.0014557370565403138,-0.001290662432238511,-0.010536849988009668,0.0009252615630888446,-0.006138410215898338
4009,-0.0007674613925064947,-0.002538058896388721,-0.008005936571890034,0.0012055870565367017,-0.0026746472953135666,-0.00023113065042832791,-0.008221273379966941
4010,-0.0004729589162273419,0.010429068017160672,0.010059913468294237,9.451092958912737e-05,-0.0013435261508512495,0.0010006789724573762,0.003606618501132017
4011,-0.0009474658394414239,0.0033008784115663467,0.0026437487844440206,-0.00802153971342255,0.010633601921080958,-0.0011548344384113439,0.0007476236687093104
4012,0.004306112993157404,-0.001383314398710896,-0.005667674675659909,0.006396841007902033,-0.003295118098020991,0.0028813486328875476,0.0014913973513044066
4013,-0.0011755169767317256,0.0021718059963196056,0.009840749163058085,-0.006874191621145387,0.0016506841685114484,0.0004209949041650805,-0.009330316539865546
4014,-0.0015329443732116073,0.0025527556232482923,0.011071023269492929,-0.0012764871602517368,0.007189388106816375,-0.0005741851991950283,-0.003053049352940608
4015,0.0030604968854871153,-0.0036373010355511947,-0.00226150251248576,-0.0025458324508373146,-0.002926742890132064,0.0015676447675028243,-0.009290075770230095
4016,-0.0010569638362409718,-0.008003665258943034,0.00011626140663650877,0.0037748685461482336,-0.008900464078774352,0.0003814955286616407,0.005906744706504314
4017,0.001525901100755951,0.0004020314861547446,0.004395028270858226,0.0021954592120854337,-0.0033433150632191625,0.0003430596866983523,-0.005203053790620079
4018,0.0009948136388333276,-0.001711210046184655,0.0,0.007912053500637792,0.0030101393799025922,0.001711245301968502,0.0014818358914700028
4019,0.0011674589877173778,-0.0037478706835207256,-0.0062589559470157975,3.5190261811058746e-06,0.004641359249199369,0.00022765743063898083,-0.004854252426218817
4020,-0.0005249682107387824,-0.006594582866308138,-0.008131106932169544,0.004805448872100816,-0.010682647294470785,-0.0009113466285334046,0.00423093766991687
4021,0.0013985075234906263,0.0005505238980285815,0.0007131273883156039,0.0030855668643404318,0.0003378409208898282,0.0015557286967697443,-0.003916117444530159
4022,-0.0013401463755297641,-0.002586633506387919,-0.005136812113130961,0.0073031190488610735,-0.003730783818228593,-0.0018218987679936027,0.014697030516648606
4023,-0.0009347207953748263,0.0052263128730674025,0.009214724533572295,-0.0008599576538708246,-0.0027335698865333428,-0.001295151594434366,-0.010780913072118427
4024,0.0029724357565391875,-0.004086295680825984,-0.009996532992952351,-0.008829729292974426,0.006801932020945218,0.0,0.0
4025,-0.00023239839051062962,0.0036417597367545914,0.0014422411989346783,0.003057581719446959,-0.0033876496409707807,0.0034956524977311863,-0.0021886737275153396
4026,0.0007548405222337065,0.0005470565760694019,0.0045357538328807305,0.0020548648505411445,0.00033995655896604493,-0.0016303360821314573,-0.00015675671778439301
4027,-0.0005224421317231222,0.0061073667993967505,0.007883643812897736,-0.010398044301128381,0.0003396906562725235,-0.0005701648211653815,-0.005999074054954419
4028,-0.0009983110598795828,-0.001045721033339106,-0.0033360160621775338,-0.002499758057442319,0.009504716701050424,-0.0005328300332419243,-0.002550929401030105
4029,0.0,-0.00010133256477602259,0.0,-0.003525753384902094,-0.007810237446870187,0.002013704455559864,-0.0019230783388652626
4030,0.003046459687395518,0.003465626109690081,-0.0002938591910628189,0.0004479897484538718,-0.00750566882471879,-0.0005689696633308241,-0.0006429231106107934
4031,0.001457072030060814,-6.703109781894064e-05,0.001818729971603819,-0.0038957687365255653,0.0024022671865888165,3.79545101311452e-05,-0.0038776550632032953
4032,0.0010460731237434049,-0.01420692227246219,-0.013195674319076233,0.004466643768118728,-0.003435891986841552,0.0024222151540524302,0.0006081704983553606
4033,-0.0010460731237433762,-0.006349345616138765,-0.0006643822032698249,-0.003224644393143841,-0.014022024489480488,0.0010956066856300025,-0.005668603222936067
4034,-0.000757067340858107,0.004614247495575622,0.009269287445825463,-0.0018851957929052776,0.015743368327983804,-0.0009065116846452857,0.0018023943247760835
4035,0.0018611818254496918,-0.0029656697659071495,-0.014682453092400127,-0.0031714112345576236,-0.008325388784130791,0.0005290284084648886,-0.008253659319414196
4036,-0.0014533661977469171,0.001363233828437647,0.004444973562366631,-0.011470050029665987,-0.0024586085665042395,-0.0007559522916574853,0.003320310376896296
4037,0.0006982227901107686,-0.0024147948310581555,0.0022959416734069722,-0.0024666630263725517,-0.007491096707799419,-0.00018919385265734739,-0.0009934304337174552
4038,-0.002741141262713489,0.00286825684283856,0.002163963141273721,-0.003300722186404987,0.003583308132716028,-0.002847842872824062,0.00820997004483004
4039,0.007655008122359097,-0.01345439814796765,-0.020263383944556443,-0.0005224797113161123,0.0,0.00450992694060022,-0.016916241967757324
4040,-0.0013818210737002767,-0.0036835442138761073,0.013857031336789602,0.011463257858681247,-0.021957219278316047,0.0006404690982811614,-0.005617055727463271
4041,0.0032746746152810305,-0.01150248500157717,-0.02326128808456546,0.005487131609362267,0.005594252730323456,0.0009401538111126859,-0.005343639130962552
4042,-0.0003435421262093832,0.004114106933516576,0.023078593915748766,0.00661751554114216,-0.012022760345599681,-0.0008272278346837791,-0.002086286551259486
4043,-0.010786877603279661,0.022404313812171284,0.023416974414014535,0.005572950901312601,0.017911589308701556,-0.007440241269586624,0.007087151803415304
4044,-0.001647285298343534,-0.007882148877318765,-0.01995885940913176,0.004674733895050382,0.006170606265713095,-0.0009966161945907856,0.0029049906434077265
4045,-0.0010031944391905804,-0.004120269712224335,-0.008851624122583522,-0.003042321151394887,0.0,0.0008817386692807197,-0.006347691841378758
4046,0.0014744852959717612,0.0019584501277385724,-0.0031567186051574387,0.001930381156685224,0.0028737539556852004,0.0020250428227659026,-0.0019051832351756573
4047,-0.003547211241194769,0.009696671776441856,0.002601315284398741,-0.00644286124053753,-0.003234313944767136,-0.0023315315312525666,0.001386416123636628
4048,0.0018954508293918917,-0.007640919961907663,0.0004320417287068266,0.0045716157597332574,-0.0036221601284557076,0.002407763667993334,-0.0030385544973432536
4049,0.006686097071039982,-0.02792972620908234,-0.034659302499256674,-0.023118356458800504,-0.005490521698261,0.005378563113774385,-0.008889507374830581
4050,-0.007455126525509337,0.012672079171879567,0.019531684531254714,0.0038414622988836647,-0.01920470544776509,-0.0011307795363372042,-0.0005338592951315376
4051,0.0018315963395934068,-0.002939896025296638,-0.004171929122040595,-0.0032956064118840177,0.005737130747958076,-0.0005287063910905119,-0.004114870364636574
4052,0.001471487759641743,-0.012190210634088976,-0.022161001882980414,-0.006157606498680019,-0.010771363011102252,0.003237647227976396,-0.020708713360396366
4053,0.001993255710712819,0.003700644878602524,-0.015686192777979564,0.00044708218603052645,-0.007068239809468288,-0.0012771166775211382,0.007754630462403625
4054,0.007365523300763052,-0.027953527602841633,-0.01663947240991595,0.001119868316419226,-0.021506128908468057,0.006125868747715279,-0.016418909462152763
4055,-0.0031744704439004207,-0.010841176835474609,-0.028555460453053388,-0.003581210690346296,-0.010526314659817097,0.0004078056811617492,0.006111544750937145
4056,-0.008304833782563288,-0.012809267615103684,-0.013722800932115203,0.001169722897262868,-0.050088335485341376,-0.003123899107050208,-0.005727043192485429
4057,-0.005347058429508146,-0.018424494342606464,-0.04157807957780914,-0.00500769316992767,0.005701978824469918,-0.001270851443444807,0.008939155373691547
4058,0.0007764326161763563,-0.03470688412398701,0.023644433753854104,0.012072912548025819,-0.05961345906139051,-0.00375949786987179,-0.017673863962003083
4059,0.0,0.05321606102158529,0.0,-0.0017672093767624555,0.0,-0.0025371943189381623,0.007387461164740381
4060,-0.006008597252996481,0.0058871183678265646,0.033448639679555976,-0.0015496023415013068,0.08214940876660042,-0.0012932232698914952,0.007074290616056673
4061,-0.000726650167128327,-0.034542884233765614,-0.05215484946917225,-0.0022505503786989663,-0.009057564623471811,-3.809433640277048e-05,-0.023776204473538055
4062,0.0012708410266556198,-0.004546199599097212,0.030798332331724097,0.006470254944001458,-0.06133900073017602,0.0011413790588071767,0.003193356166352466
4063,-0.001392067679753919,0.018475788831085832,-0.013185322512260556,-0.002313018624404675,0.023092564751549822,0.0011762821344095168,0.007491420572147076
4064,0.004162887920122181,-0.0042250303088353655,0.027249190762800506,-0.006518571423307605,0.019066072072418037,0.00045448105506544966,-0.015924588109010592
4065,0.005607726441889943,-0.014250758522250469,-0.011539129974771516,-0.003897388314351433,0.008525138160848955,0.0033559714543394186,-0.01359211731941589
4066,0.0028358331111943145,-0.018104056273703015,-0.024900020471286862,0.004261627750788417,-0.02909309466458684,0.0032183969298670593,-0.016740561190394063
4067,0.0022319754715417884,-0.014731471748532872,-0.015584098493842352,0.004858568178884344,-0.011175445391691819,0.0016745877125596213,0.002276920486952943
4068,-0.0024675889219987705,-0.014789548476178941,-0.023253351043661084,0.006012531569879733,-0.04381790867077519,0.0004454683511205981,-0.007856797867787053
4069,-5.892334069148285e-05,0.003959696581599426,-0.02040943576640746,0.0057584627889585484,-0.028826326178705897,-0.00044546835112055746,0.013657502956044232
4070,-0.003015740700869128,0.05150051034195908,0.040172302324131104,0.0005306087509645586,0.03391908855956147,0.0012980076155304557,0.016745958149824106
4071,-0.001188383507701969,-0.0037414152198692935,0.0025088259356600786,0.008802549198290002,0.03250602595498871,-0.0008896441797967349,0.006926043780380188
4072,-0.0017886947933121247,0.011305386966764107,0.026512840471119865,-0.0036279701525456687,0.035564424022781975,0.000593298564817266,-0.018369195122289607
4073,-0.0018560900849875445,0.015340340325181008,0.017059200551489878,-0.00230342924606473,-0.027291898056791726,-0.00461940499911295,-0.0033863289064773633
4074,0.0026917311820889803,-0.007515790469698501,0.0037016244412373294,-0.0025595324831049057,0.0,0.002762649362409976,0.0014847689056925642
4075,0.005098246568520607,0.02622444574332625,0.0008805162542411026,-0.0037186342472476934,0.03064554006437998,0.00022323027060619166,0.012316794929324457
4076,0.001353401689259031,-0.02084278478631339,-0.02231427491932041,0.003150709078333215,0.02050698238300025,0.0008175307113261225,-0.0030984279953793353
4077,-0.0002350714438461351,-0.028011608884004734,-0.016996300837122464,-5.2958287764359274e-05,-0.03457246629204671,0.0020371191250022533,-0.01347410389750686
4078,-0.001472086291501434,0.019892104031136327,0.012596630819353527,0.001980244825208928,-0.00695681093583681,0.0011439976822704583,-0.013243697243211817
4079,0.001942102010433723,-0.0024043744038119565,-0.01329752987308481,0.002898282520576284,0.02292709825761976,-0.00014744338349229668,0.0030754416565660805
4080,0.0,-0.011955241027361126,0.0,0.003443008676593462,-0.017451679827728182,0.0006631013820447749,-0.007952715275564324
4081,0.004149248841119522,-0.017329037763434193,-0.04069178610449552,-0.004398371765391408,-0.002480272200532231,0.0012864726826193633,-0.005383884840801036
4082,-0.0010481770540283347,-4.689751982314788e-05,0.03522112094332447,0.0013041843716647772,-0.024034196385187983,0.0007700583872520524,0.0038204676865694243
4083,0.0017455589492089423,0.01083824070040699,-0.03996543957966712,-0.008811306421107733,0.0119276429235695,0.00040281965035954964,-0.004724306684813697
4084,0.0022010170226585348,-0.009854454710451462,0.0030075243478039273,-0.0061419853286187615,0.0005112354703407383,0.00040244637064762754,-0.006839424530307082
4085,0.003681946393482768,-0.008457941501514903,0.004616105267681723,0.004697384230639632,-0.009295599423568572,0.0005481901875300779,0.006613170562227243
4086,0.0029118650564608256,-0.017724790796823542,-0.04110580120070122,0.0005736079810427822,-0.003669377740799302,0.002875771294873862,-0.01007370267173098
4087,0.005316342112763404,-0.010005026816976055,-0.033318612166764135,-0.006628676809128533,-0.031092728518412053,0.004439902466303088,-0.02063375760384223
4088,-0.0009003257578447688,-0.02115624125642794,0.018994040064306706,0.005035905131737521,0.01445928239558308,-0.0003233362714702241,-0.008337925429874772
4089,-0.003961019475266692,0.05069542343368379,0.034059282993277956,0.001532926887193025,0.0,-0.0029932808546750127,0.01196613769237884
4090,0.006544441830977529,-0.006221404754767566,0.004697282162346775,-0.01118608393565564,0.020302823863628302,0.0025977648857109775,0.0016828481467838954
4091,0.003791041372877632,0.007928613914147167,0.0275376406077935,-0.0035500387210562635,-0.009498921401522328,0.0024034861069608094,-0.0016828481467838887
4092,0.0,0.00797237179508336,0.0,0.012932669681045034,0.012619613741074813,3.5772371988527826e-05,-0.004357506274188784
4093,0.00208160199412022,0.00027872146548966244,0.005469892870942178,0.0035543840585956195,0.0061749070840160705,0.0006791158254867316,-0.004155959771158433
4094,0.00579811257896218,-0.02647118045356929,-0.0529411934765935,0.0012049289232129007,-0.005139639652411593,0.003060680162999586,-0.010441469297864445
4095,0.000885186511599329,0.012023265709685867,0.023398925588002984,-0.004469657704728844,-0.027202282852460482,0.0040593513257601325,-0.00659187000091498
4096,0.0023700373206318255,-0.0016835937201829763,0.012729981096399015,-0.00036825206506895956,0.0076385420692597844,0.0017181750732549246,-0.020933906835645288
4097,0.0033401114516591786,0.0038386680751615215,-0.011056776490237927,0.005475627310099679,-0.007088453988238023,-0.0021751606886725367,-0.009485747988860095
4098,-0.004881921806059608,-0.00795477526036799,0.013825120840303247,0.011341445191472455,0.00054939220723378,0.0010491054668484066,-0.026842998141495267
4099,-0.0008282269662314828,0.02126806667968025,0.022347756258384976,0.00036516473089808166,0.024029793941341075,-0.0048116899959713445,0.008657319532498733
4100,0.001985097583708205,0.00488338815387507,-0.010798438484351407,-0.012535343526708464,0.0015556833896838303,-0.0019822751006347166,-0.0031543481691827346
4101,-0.0020956472806028066,0.00446649536852308,0.006985627991380176,-0.005226692907340782,0.013254146636112905,-0.0007101538364387269,0.0040106635604525084
4102,0.004235979507284351,-0.002273084231867625,-0.02104194948392904,-0.015349401421473997,0.0020036689838528244,-3.553819255602704e-05,0.011259074683144254
4103,0.0013664805241916655,-0.006428667548166784,0.02002756547866248,0.010032745571577746,-0.020465245898392884,-0.002423445051806628,-0.017867718963505523
4104,0.0013621944606816631,-0.0017614700540363082,-0.01397893175906463,-0.0017666261531628234,0.018461576914540128,0.0039135509364854005,-0.004072449631124888
4105,0.006533303081172843,0.005033614595048391,0.022209648388619625,0.008420081003201697,-0.004542342787660868,0.0019436296328291707,-0.004701474676380419
4106,0.003097158085028908,0.002609207897661452,0.0033390077888826443,-0.005177990393137631,0.004542342787660832,0.0043503486596381605,0.011084006785579217
4107,0.0015403354953708905,-0.0022420562478490725,0.001256743900264251,-0.004602627919272974,0.0005017845525330203,0.000906669393819814,-0.0046325183971052866
4108,-0.003460107942230334,-0.005322640305188761,-0.0002689962810685222,0.0023671282905498065,-0.003019440773778825,-0.001046325149313655,0.007788950726136421
4109,-0.00010690325762423128,-0.0059031678060735,-0.006142370434980644,-0.005909368442391761,0.006515792462002378,0.0019858672818148446,0.011009679473759311
4110,0.0006944012628441609,0.0025198203302755242,-0.01124270861432333,0.01358379332370558,0.0,0.00017376644968400363,0.0013915246826412715
4111,0.0,0.0,0.0,-0.005099175342734573,-0.00904812897739858,0.0,0.0
4112,0.0003734489970702807,0.0,0.00758854753665214,-0.009519580440531097,0.0,0.0,0.0
4113,0.0017562327594219716,0.0054099666167374124,-0.004333300072851571,-0.002500834254794428,0.009545317906230644,0.001595397590943281,-0.013546345180862781
4114,-0.001702909107577639,0.008103423539915075,0.01323197209286502,0.006642564738624748,0.005382762467923504,-0.0017691640406272285,-0.004031940595053641
4115,-0.010414717255270593,0.01767644460644033,0.015103577270333223,-0.0015009092843427112,0.0,-0.000660947314575869,0.018133649639197096
4116,-0.0002731583723632251,0.0004760814967695976,0.0025964275137297624,0.0011168813389166228,0.014526898964122245,-0.0001741008168840516,-0.005585858121614062
4117,0.0006007217934752741,0.002630658298751911,0.005658081570333416,-0.01221915330310762,-0.004292896389635055,-0.004868155725345741,0.01654655298003919
4118,0.000598801557983809,-0.0014417854058306023,-0.003139061225139252,-0.01449265612168381,-0.003188713971056809,-0.00200971764071026,0.012143190551609293
4119,0.0005968813224923439,-0.005514229110413115,-0.01193620402061192,-0.016766158940259998,-0.0020845315524785626,0.0008487204439252211,0.0077398281231793944
4120,0.0005949610870008788,-0.00958667281499563,-0.02073334681608459,-0.019039661758836188,-0.0009803491339003165,0.0037071585285607025,0.0033364656947494956
4121,0.0027478558982925723,-0.007308451509327911,-0.008653037686564538,0.0006362944585007751,0.0,0.001598973005810941,-0.014360477561689065
4122,-0.00048365411632684646,-0.007808587170352474,0.004256008957921731,-0.008949603354607653,-0.023181309869124967,6.938719968502769e-05,-0.0001431661400483384
4123,0.002573286769582653,-0.018883259718619236,-0.01852744143432204,0.001661218494484913,-0.0005179421984243971,0.0023525927655492908,-0.008531446124728247
4124,0.00010689010191923251,-0.005421974067420386,0.007808179521244806,0.004001879540086979,-0.01744813826240743,0.0012059436418367356,-0.002636534463146981
4125,-0.0031643702121033185,-0.000844013548566538,0.0029156858705285888,0.002172794456469988,0.010658068182055558,-0.00037865014889934176,-0.0024309651976874855
4126,0.0,-0.003542836699549204,0.0,-0.0010495264361493513,0.0005260987704577098,-0.003249273458171714,-0.013428604516590581
4127,0.0006992172251292661,-0.010445881652502308,-0.02937440384978738,0.001291147324759432,-0.011723998571931227,0.000866544207643007,-0.008929446057386622
4128,-0.00540779595738989,0.008134997522590994,0.020376595195548873,0.00010555100764573605,-0.008729831258896297,-0.0009359424950876335,-0.019404152586548245
4129,-0.00201807532114173,-0.0054233662192483805,-0.009677193652926333,-0.006206928041574044,0.008189327789125353,-0.003169411223739357,-0.001629624733508287
4130,-0.000711285609670512,-0.0018912400664159595,-0.0043272453114973925,0.008294057317390495,-0.01709824494294496,-0.004250418713357148,0.0026044724647183983
4131,-0.0009319039476459511,0.005699751599039571,0.007155899887347726,-0.0020385929979093464,-0.00794809470368171,-0.0024425478453634635,0.013422972969432337
4132,0.00377008334104227,0.0028722951443804342,0.004545602269902247,-0.01015925749853966,0.027204329090016684,0.002054075422557131,-0.012126570568263287
4133,-0.0033312912027771407,0.021172557122712123,0.019748334199734593,0.0009645428003584699,0.0016114841565792889,0.00045906645448068236,0.009126524042544062
4134,-0.0032465624020105075,-0.01439513334620564,-0.01629849228436241,0.00392990347233931,0.005328833505067345,-0.0010247382790351451,-0.002383184040843691
4135,-0.0007186189210101128,-0.0033256611779120637,-0.009748990909068242,0.005107461791107771,-0.013446723727246613,-0.0010626246600710394,-0.0035191642290564244
4136,0.003800686220277259,-0.00875765448341294,0.003306333117746892,0.011963091303914418,-0.0043923962974049,0.00024817841185720117,0.008902394795619386
4137,-0.004188127955439543,0.010001553145265097,0.0008710087236263621,-0.0026259808410114874,-0.004995135369377487,-0.0018826028368222013,0.007488021392549728
4138,-0.0016088081213247005,0.008072803563190746,0.00038655497158445736,-0.0023016528230316844,0.012652919094549624,-0.00042738512411335855,0.010391778253077797
4139,0.0009992719063152888,0.007494273877550948,0.001831452088521357,0.00378232964335551,-0.004359328766633039,0.0006764990223121799,-0.0015126956495193657
4140,-0.0019451445744068645,0.014472322553246443,0.01688533061304854,-0.00023016728233872478,0.00760034740446569,-0.0004983707716294726,0.009591434292783828
4141,-0.0010037627316605215,-0.0008353604492895752,-0.002226204696461399,0.0052780127001475,-0.008697051224394252,-0.0011412853263298717,-0.004769239218953729
4142,0.005547328990263695,-0.018845086260474275,-0.01939816183069361,0.003586468644108959,0.0027365842399937916,0.0031668002255629732,-0.015561214061512342
4143,0.0019798187190976394,0.00043640380349627074,0.0008743209165132624,0.0008408087508319033,0.0,0.004830048893811774,0.0015504996186973554
4144,0.0016429823450230922,-0.006149923481007073,0.005496861539426381,-0.0031482617024310103,-0.011611365231360374,0.002935141631512685,-0.008439237128867436
4145,-0.005279572460097923,0.0012271680442673548,-0.009004756165989973,0.009121772801734821,0.0005600187518787949,-0.000592417840493737,-0.0009478966627371269
4146,0.0,-0.007964391043520144,0.0,0.004781180421331166,-0.001682227339863474,0.0019484483080387993,-0.007658587564851276
4147,0.0063714510538499134,-0.012458461867880813,-0.01706073427293721,0.010721520620223031,-0.0045180587647064355,0.002077967992535668,-0.004530683971309927
4148,-0.0027897342071417273,-0.003300674579086758,-0.007492445587710188,0.004567745623433759,-0.003419659258137093,-0.0009684812466267093,-0.0015479981038339157
4149,-0.00391383091991777,0.0,-0.0025959101909631124,0.006091783836863687,-0.0017199803942737656,-0.0021522110929239127,0.0064005008982461736
4150,0.0027598877952744036,-0.0211634150825726,-0.008306575475384432,-0.005519989936171952,-0.009877357106381912,0.002498345232474016,-0.01439059155595101
4151,-0.0005505762424807303,-0.01078637785731977,-0.011510149746712882,0.007141801930538831,-0.0005880765717848395,-0.00010381127858656206,-0.00535346663980618
4152,-0.0011032508966212463,0.004765816032885069,0.012040618216115339,0.008519107701405208,-0.005328833505066701,0.0008988744276721074,0.011298274804432054
4153,-0.004441245217492171,-0.006272912335022299,-0.012367770383676492,-0.01118016503817077,0.010593073497425895,-6.907817445834757e-05,0.0055407927479177495
4154,0.00039042722379367716,0.004007359292455326,-0.00438574271849417,0.0025415473488043087,-0.0017476662695220825,-0.004339335907893058,0.008021921493914619
4155,-0.00016956900660713918,-0.00456687300280231,-0.00845693661126214,-0.0016109617589060796,0.006948859955329722,0.0004881672731277776,-0.006002507077450383
4156,0.004890818618967644,-0.02087308524666873,-0.01894777418734802,0.0039079295631572275,-0.01758517480111436,0.0028829187318877795,-0.010192302990126164
4157,-0.0013436993528993999,0.002109652151177657,-0.015411873874212993,-0.00460665311369884,-0.003001355980663859,-0.0005195946564794513,8.249491560588791e-05
4158,-0.002643515336653052,0.018147134301366524,0.011639476805202064,0.006067463352803437,0.003599146139608703,-0.0034100695373122875,0.01260091101688188
4159,0.005772371142792148,-0.020080590162926383,-0.018256958681041265,0.0016815591832705814,0.008283797120289335,0.004806636617320475,-0.011529900654356082
4160,0.0,-0.006150242504195972,0.003443871202142606,-0.01088138595152701,-0.014905185671470705,0.002539639325776158,-0.0031380989003045937
4161,-0.0009474506410688187,0.0021388006768544234,-0.012553096737467956,-0.008937854971788312,-0.006108321256052294,0.00013873007046603345,-0.0033279433489271084
4162,-0.0028548170822460988,0.024876260598395365,0.025110720583029492,0.003812429240158557,-0.0006155840604058135,-0.00271326229642504,0.0099082886602488
4163,0.0021847817496955056,0.0007828150370585948,0.0,0.002555958996458425,0.019867244831642285,-0.002028599963703019,0.0026044724647183983
4164,0.0014504389242217153,0.011249495678573305,0.03055435028572664,-0.010426570327521553,-0.013271141774792732,0.0016795166864035816,0.0006486849330036462
4165,0.000500948512721316,-0.0005992148082534058,0.0035616353949530165,0.0031975196138631745,0.024415028208632922,-0.002275906472146038,0.0032289701301985445
4166,-0.0016162405532469777,0.0050941039872619154,-0.006364630034669516,0.0026079753425369695,0.009734100557281926,-0.0020409274272901816,0.0025660014494765537
4167,-0.0021269781285481017,-0.0032989341608859906,0.01914373743404236,-0.008453791179985857,0.012831727341460233,-0.0018379870404625078,0.005086962779048921
4168,0.015758194714927648,0.008440475315219919,0.01418835606820657,0.011357738419027161,0.0,-0.000850932394496807,0.001892353677704745
4169,-0.0030408340017085457,-0.004280379425836091,-0.005240103169879824,-0.008490095593415485,-0.0016523589313772171,0.005150912887221798,0.025958538288892042
4170,0.00016344269724535113,-0.0023133734132283774,-0.014799614372320453,-0.006958612535342991,0.0,0.0028315674045085314,-0.0029746313682022115
4171,-0.0010361774433955018,0.018636217091595624,0.03307209510740315,-0.016860460313487185,0.016778571312258198,-0.0014659154189556828,-0.002995146229359567
4172,-0.00043702593061825754,0.00020665928627263124,-0.014493244571368928,-0.0014700033577547396,0.011525982390559533,-0.004321723399980193,-0.009725685244008103
4173,-0.003401945111938346,-0.004569376729462978,0.009306666459841718,0.00818913452291274,0.002063160563772526,-0.0005299937385208432,-0.0006151480942105535
4174,0.0017043035909690468,0.010418203573710193,0.017151370141170536,-0.006987383732201608,0.01367570838200879,0.0012356474511695254,0.009136967059641253
4175,-0.0012638426182202647,-0.004868535943194337,-0.012976898015332469,-0.0012908113495075457,-0.005015003554008099,-0.00014103904707896448,-0.006681585356515308
4176,0.0016477614881206045,-0.024323668505598875,-0.014737233407518781,-0.0026735343477087706,-0.02118929906993936,0.0032673686304259633,-0.007408187847857435
4177,0.0009856643588210814,0.015630721904739905,0.003757437845333675,0.002631491426848087,-0.003723306789647991,0.0011535052781325595,-0.0015594073555213902
4178,0.0007650842228661034,0.0035606691820992457,0.009050271715686899,0.009899986803539805,0.01367141523463202,0.00017450656477241912,-0.0009383391808103956
4179,-0.003233452305648909,0.021467336519832715,0.02289680824030081,0.010936369591291543,0.015257815619965344,-0.006008295853446805,0.012043064442561913
4180,-0.0049235873990824885,0.005425668864737461,0.006706644138178354,-0.013996999377971346,0.0019944672569042195,-0.002519301824636484,0.015848648481045866
4181,-0.0005010127245554013,-0.008064251812389777,-0.010099208397264013,0.012538374959821639,0.006909376126157306,0.0007821924833916443,-0.002650839248716494
4182,0.001279218839173222,-0.0044672117523482015,-0.014243682793029613,-0.0013743742191279636,-0.0004898979446762567,0.00010655354342632401,0.0020631605637736776
4183,0.0019947217190454483,0.008443840034276682,0.006883414855175332,-0.0049808013802184956,-0.013440558055809095,-0.0004619209488224126,0.0029304732100042417
4184,-0.0013842508114301317,0.011764132613961368,0.02509292728041323,0.003479898066111748,0.017344354964676165,-0.00028450343756058073,0.014009555469647089
4185,0.0,0.0,0.0,-0.001477485740539979,0.0009704908662071562,0.0,0.0
4186,0.0027089935220923067,0.0,-0.001028801881118233,0.009753223531607022,-0.0034062486919109675,0.0,0.0
4187,0.0015953580515514672,0.0023054837521193864,-0.010040843110610192,-0.0045814632043782695,-0.002449495957140485,0.0012788003144926254,-0.008207271676969316
4188,0.0007132625271674669,0.003482962603990298,0.004670390584724299,0.003877214309182483,-0.004940832378669742,0.0009920256796084482,0.0022993805236922746
4189,-0.0020331404033535412,0.004961259480410888,0.012060615352812783,-0.0005562710901252018,0.000992673533677257,-0.0008501689147016638,-0.009564429195014462
4190,-0.0032618541002595804,0.006481779518677152,0.004859674382696645,0.012806172483353799,0.008347352720464864,-0.002631880273214889,0.001754727566550503
4191,0.0026004078773585433,-0.01853371866044097,-0.019964644681637198,0.0006306503786857723,-0.00048660451242222457,0.004083246807832834,-0.014466693082688345
4192,-0.0021566842301731803,0.003942913211972047,0.011958565659848371,0.0004578073663808906,-0.007365261010083916,0.0003885672145757568,0.005472325303880142
4193,-0.0016663064893667585,0.0043815584209559565,-0.002141449956537542,-0.014136422935864536,-0.0004954871979587079,-0.0022656431267574217,0.003413232359204482
4194,0.000444973893337085,-0.0010437495303381307,-0.0001867130217502093,-0.008589126993687201,0.003948158844992407,-0.0006038035069795657,-0.0065532646712190045
4195,-0.0018942958043763382,0.009165149826888408,0.011699805902343565,0.002750185444013761,-0.005438021307503733,0.0013130874828684782,0.004181684815259522
4196,0.0026719047532205867,-0.00032568016667022803,-0.006501947107259651,-0.007955399790262439,0.0004971889288339817,0.0009203407576194566,-0.003282213699321886
4197,-0.0021696688685138893,-0.004350231517586107,0.00018449213612272423,0.00048795272091078256,-0.01209250692011071,0.00042411573868960203,-0.00436480540245004
4198,-0.0019564106534384423,0.008979786943050095,0.016202506791775612,0.006589080317516506,0.0,0.0003884092539838575,0.005262417465496437
4199,-0.0006166965860283682,0.0036684368209468137,-0.0060841589956488785,-0.008670166937117191,0.0180147961727577,-0.0010954990909081163,0.008875536730360751
4200,-0.0007299540492436456,0.0,0.0036785828356922816,0.010524120405613915,0.008254028426454207,0.0,0.014401003825993004
4201,0.0005616119777884669,0.01322141632927614,0.015446329783170254,-0.006516810493913988,0.0,0.0,0.0
4202,0.00016834207145516918,-0.0035133327716438305,-0.0004313184205001111,0.006634305870667347,0.0,-0.001737251152255355,0.0028237712087732423
4203,0.0005606694322511851,0.005369672687316494,0.0015507456814494599,0.0005495063773354073,0.0,-0.0004976365536023364,0.0075337263460855345
4204,-0.0030362503294520007,-0.009722751213684041,-0.009652351957112877,-0.005744046554640639,0.015588098424600605,-0.0045764557573887595,-0.0008306559406438471
4205,0.00039478755699824057,0.011219712588811579,0.012651931097216242,-0.007343502077470668,0.004155959771156844,-0.002378714312307907,-0.006703070405441684
4206,0.0031454471417101293,-0.005974492249327311,-0.00532777909921338,-0.010465952851064917,-0.0004598142111930736,0.002737991700354483,-0.0011273062316697064
4207,0.00016786490522903576,-0.002413001579807411,-0.005656655727748259,0.006637379721872396,-0.005090350551569381,-0.0006828813552590651,0.0019708697508273214
4208,0.0015636181855476598,-0.010981596956204286,-0.019894828716938463,0.0053331012865516,0.0009299671260175012,0.0020812301211721464,-0.006224522578724398
4209,-0.00022302965281632383,0.0024746191278556986,0.004379477265491618,-0.0006216892001849563,-0.010816772544101322,0.0011083051035676512,0.0025571878507935682
4210,-0.0005580757410241393,-0.004409118905056451,-0.002458019560453695,-0.005683262722369404,0.007084895816080436,-0.0014306015798833283,-0.00341294080137661
4211,-0.0025202535986097617,0.013990197401030368,0.015161256083182919,0.002361934053477509,-0.00851585092252943,-0.0005376928777754604,-0.0005714401902123485
4212,-0.0006745450207782358,0.009418004562573603,-0.0005293047357253022,-0.00333651599279,0.009451830771673735,-0.0015090913041506551,-0.004887841194636735
4213,0.0011236603471562567,0.004914706342662216,-0.0039014058210147784,0.00550452754532859,0.0023311622364531426,-0.00018000351810126228,-0.0034836642558754975
4214,-0.003662576533668881,-0.010771440585651642,-0.005377218696576171,0.008587177269322292,-0.0023311622364531157,3.6006672650438666e-05,-0.011070127349905517
4215,-0.0026676997752564874,0.0015047413794571673,-0.005444632303114092,-0.002793841287583833,-0.0028140129677285105,-0.00270881880665949,-0.0025489478287480404
4216,0.0,8.835204626410654e-05,0.0,0.0010827545322530463,0.00514517520418167,0.0,0.0
4217,-0.0017113951552654848,0.007662029906413104,0.02007469578572783,0.008225524942942508,-0.00046523248359414297,-0.0017425531303560489,0.0018008090013545135
4218,-0.004365960132321817,-0.0032234643130813556,-0.007386437714164124,0.006362802327720259,0.004169259046376621,0.00025455821313394365,-0.013691677993876123
4219,-0.00011548849473766669,-0.0005687633175524318,0.0001773354381118585,-0.0064854509066643515,0.001380905716385818,-0.002004131299518158,0.0015427884142812471
4220,0.003904451697443569,-0.001183663076767837,0.011719490940810722,-3.051673980148954e-05,0.002748708428151454,0.0029846033921512357,0.00944486815860906
4221,-0.005781723757417178,0.016960730757196573,0.01216733726350349,-0.006640788226488838,0.008143260113351251,-0.003459661562683241,0.011083906857154206
4222,0.0007049283006964195,0.00042197290718002924,0.007239102356634336,0.0014045301849495897,0.0008954528572390967,0.0010590326858219712,-0.0009558673569617257
4223,0.0020495294380247983,-0.010847250049263363,-0.0014050837629434902,-0.006078351935925297,0.0017853857905328274,0.002835684742848518,0.0017630382070266519
4224,-0.004226743649059895,0.005841651672256345,0.005184439086821259,0.0010574161162399084,-0.0026808386477719837,-0.001852004861594595,0.02368169020262076
4225,-0.005999376353451774,-0.0008969058722017768,-0.0004092099444388014,-0.012988520168457949,0.004015077736836732,-0.003344276974243235,0.0016629036854047836
4226,-0.0008381754389176885,-0.005853810086121192,-0.0041961145936078425,0.0030255584018308453,0.0026562436437391037,0.0015834725408129019,0.015621344830996631
4227,0.0016747363396667984,0.000995542677809983,0.000990974718396146,-0.012802867756380695,-0.0026562436437391093,0.0012846243777337567,0.008848635211165471
4228,-0.001075874576403198,-0.00017297400682726496,-0.0008256551572443169,0.0009860938452738366,0.00922663343838091,-0.0019467709293655817,-0.005525784403696981
4229,0.0024467359470874738,0.008056211531124145,-0.0018310641539647397,0.012578881716212322,0.0008677215312260471,0.00029441199798974955,0.013042856565975945
4230,0.0011885461219599625,-0.0037952236112475126,0.0011661155350244908,-0.0036647112336130948,0.005170233466090966,0.0016890067084454979,-0.011193105443922189
4231,0.0017176346937869513,-0.015832339812509873,-0.00992812487848562,-0.0017322115133262,-0.00430424218831676,0.003612907160964826,-0.011218562428860242
4232,0.001121674674518128,-0.002807516047788112,-0.0073814673044803065,-0.003263306693189929,-0.011839149090228488,0.00014534621350741357,0.0005408400224534992
4233,0.000942326340744654,-0.0032309719900294434,0.0013828293693883005,-0.005138132273763233,0.0026589541133630384,0.001161021862804083,0.004034973111789506
4234,-0.005029694606971565,0.002022172589834643,0.0036946830255294803,0.005798212289716338,-0.0044406775637838855,-0.002470892271698031,0.005057731177956708
4235,0.001307400905516267,-0.0010762078368089195,0.0026442444328727225,-8.300449385877242e-05,0.0022260145192495562,0.002180927659419794,0.009942115084956758
4236,0.0029568093646081236,-0.01271063192611316,-0.015671450352454906,0.006020042182495217,0.0017726329993479936,0.001556288404173335,-0.027770138012429967
4237,0.001294645755745059,0.001707189006347641,-0.005411562898715224,-0.009159871698104836,-0.012563113082854358,-0.00028912007851684404,0.007652964228527643
4238,-0.001176791078792849,0.009474235417600875,0.005940223319322713,0.000551579323343101,0.0018171343744490434,0.0008307019941963343,0.014651003860107845
4239,0.003929762823209446,0.0009451461443124134,0.011213269385092888,0.004297416210226541,0.009417182724594091,0.0007931004612915499,0.006693082516786913
4240,0.0007583893746317668,-0.0037476389954904815,0.000857273239088033,-0.0030881392795001294,0.004852502794412578,0.0010073103831035406,-0.00879366451713475
4241,0.0001165578326652484,0.008398283325148312,0.0005135528567298719,-0.003952627106639141,-0.003966187217601237,0.0013275152498749246,-0.002640096166207639
4242,-0.0006998166926969295,-0.006859193494137254,-0.0003423010871994958,0.004624940974326647,0.005280241115431936,-0.00032253583502994524,-0.005328833505069679
4243,0.0,0.008944698462075965,0.006036097598759702,0.0015337660260339326,-0.00043757634120287044,-0.0008253481586519072,0.011899223299710599
4244,0.002154156280647042,-0.01664927961785377,-0.014507874834418918,-0.007991710954407398,-0.0017547275665502425,0.002792669935247471,-0.006570389794640936
4245,0.0,-0.0014743726679786757,0.0,-0.0003992065134625932,-0.0017618461562863782,-0.0002856026288889175,-0.010181336299480323
4246,5.8072405235033066e-05,-0.0037079796807568725,-0.0032419994858316216,0.0037083770617253897,-0.006671321380576392,0.0010700427930519772,0.00491951837697098
4247,0.0015650268536278402,-0.005622013549649548,-0.008526300490199396,0.00498911585920835,-0.0017964637069723631,0.0003916893883272668,-0.0008720102187877958
4248,0.004890431348689726,-0.0029334742621391534,-0.007235394036852481,0.003343286997275353,-0.010476410550915046,0.0008888915500335722,-0.018378321736110436
4249,-0.00275488370980946,0.00598776235237285,0.0010930236018736326,-0.0008191758443751644,-0.005567954238942983,-0.0013874666557649,0.01161136523135941
4250,0.003040848349036058,-0.0039039026068554195,0.00027282661261848783,0.008509202535102916,-0.002341215814902654,0.001494011485650321,-0.005490521698261782
4251,-0.0013169992403668932,0.012939963323045183,0.011483770432614528,0.0029945589297975727,-0.009973302263668158,-0.0003197129371952105,-0.0027715121621076275
4252,-0.0019542135123739447,0.004153339190121577,0.0024721037461733287,0.005559763261099086,0.010442556206570261,-0.0009961702977727767,0.011794007199611146
4253,-0.004051283873512183,0.01266828683736887,0.01607401408810317,0.0010949958483148633,0.0014047273117068397,-0.002321385513340375,0.012535006243471114
4254,0.0011613711477746257,0.0052621138337052,0.00614955424206789,0.008221501802587853,0.0018659297528595344,0.0019294068774229319,0.010326142171141778
4255,-0.0023841626132147177,0.0013925285899430567,-8.365491346474324e-05,-0.00921481247021478,0.002783948519609802,-0.002682052753437087,0.004659925236648425
4256,0.0023261677567627606,0.0033325864964488306,0.004660035319491446,-0.00034525743175712156,0.0,-0.00010762739683509818,0.000507649948980523
4257,0.0028902973835371825,0.003178826423690177,0.00041365321910253927,-0.005257802164017607,0.011411441636720109,0.001397080001696767,0.0
4258,-0.001963307742578919,0.004386205017222001,-0.00024814464930155957,0.0005756413251049728,0.0035892310234433115,-0.0006800673212422518,0.008042720255415605
4259,-0.004479401455410483,0.010961486823931992,0.013441678666345854,0.00518501381946417,0.0031164268768639645,-0.0025507711342423914,0.010091739851662578
4260,0.0012262440576894845,-0.00012396017835142063,0.00526230704988278,-0.0006114131146209618,0.006603692594175649,-0.0007934297674293835,0.006040354420972678
4261,-0.001226244057689458,0.0,0.0012661655671252795,0.009609252257304711,0.006074147712193071,-0.0004695271166927588,0.003822198329094549
4262,5.8471152145482326e-05,-0.004152383501143111,-0.0001580689669502464,-0.0029321420498515443,0.0,0.002450390235217749,-0.0014293852132049052
4263,-0.00029243451505724094,0.005843451097501169,-0.0008704092010629197,-0.005593232947976557,0.0012906234814938997,7.186141853180671e-05,-0.004798882881767343
4264,0.0007015123052881314,0.007104345677130858,0.005509427589085621,-0.0040003001592293684,0.003849016170916391,-0.00021561993752034137,0.01911629044707287
4265,0.004185443008411974,-0.0017855526183039223,-0.0022740035659734137,0.0026315878647397008,0.00717858462712423,0.00468352570561288,0.002302733294660135
4266,-0.004185443008411979,0.007818075973154107,0.008563172743161946,-0.00880801875137942,-0.0008384065961050672,-0.0017816503568684736,0.01777469731655341
4267,-0.0005260279678336529,-0.001800974952067464,0.005743200356928087,0.009060063334577663,0.001675197764240631,-0.0004286858769403761,0.004386850248112494
4268,-0.001992986678089451,-0.003584072350089371,-0.0036668881220903726,-0.0011980134150366068,-0.005891682165404238,0.0003215540714644516,0.018583420125392158
4269,0.0008803864395446057,-0.0011337173595829114,-0.006648283164395988,-0.0030874099381343802,0.0063094739070075415,-0.0011443866487385436,-0.019020116473804242
4270,-0.003000624085554611,0.008868784100796924,0.00863835653196987,0.008844181893955598,0.0008343796647258891,-0.004065413148058359,0.007364771193689055
4271,0.002707360193052429,-0.0049136541514402925,0.0020570077945576974,0.006777200378129281,0.005384740670205425,0.0014074119919739673,-0.010874240649790118
4272,0.001581277589602907,-0.008274071170765908,-0.006894924034958568,0.007216059589419887,0.0012332080654548709,0.00021612067223866728,-0.008001557632818753
4273,0.000350614509277798,0.004764683206042018,0.005753344962065413,-0.007675324675488442,-0.005369377252093758,0.000323979486791058,0.009540441234020505
4274,0.0031428577285278736,0.0032682695268279123,0.004171200580474595,0.004780136226365733,0.002899449370648167,0.0007190902907919564,0.01742142616275722
4275,0.0009268659927876201,-0.0061126484941357185,-0.007230163618978137,-0.007680985882069284,0.0028802202897639417,0.0033995127462699043,-0.0163255525509923
4276,0.0017901932055322098,-0.00931255348036692,-0.013721448051846703,0.009611861098020686,-0.014172094715712036,0.0009969052986376994,-0.00595084216015871
4277,-0.000923049193178951,0.0031953395405120073,0.006134649193419659,0.003102972092977987,0.0016915093706610755,-0.0002490118734161037,0.009656262978210952
4278,0.001729111037546356,0.0014858977951052897,0.004119513221518391,0.004880315202332739,-0.003815203000516665,0.0013145914099607396,-0.012327482974484726
4279,0.00045993595180697863,0.004019375108032381,0.004693457566741386,0.00509118604337474,0.006759583647297202,0.00042550083276711367,-0.008341235293649597
4280,-0.003461451495463371,0.01032738495255261,0.009836358209432522,-0.0032386130588663783,-0.0037893118119358914,-0.001989246974252228,0.005203903411318691
4281,0.001561068180349172,0.0029796655457325722,-0.00037423051165509847,-0.003334727946372269,0.011682016036433132,0.0006403950266821065,-0.001351539934878432
4282,0.0010951754633903858,0.004255119228997055,0.0015696057219435247,-0.009699329398954197,-0.002063160563773467,0.0011006937943494213,-0.004080040798512681
4283,0.00040279053875386323,-3.920863830638892e-05,0.0005219438130711844,-0.005821440158447019,0.005343965453358208,0.001204013522683261,-0.009090082558569402
4284,-0.0004027905387538552,-0.002043742509985203,-0.0004473419951614507,-0.00603456375483719,-0.005343965453358192,-0.0003891686383944101,0.0035897095292301696
4285,0.0005753007622340622,0.0003937750581702014,-0.0022436479137002865,0.008996841820139538,0.0008264407477827419,0.00017693806800317969,0.003960421187795514
4286,0.0017983234055630782,-0.0037553572890299093,-0.00596432912854271,0.002648273953545356,-0.00248405528646521,0.0,0.0
4287,0.0012140020044838057,-0.011628014557935789,-0.010541458970595425,-0.0076957113230419795,0.0016576145386824315,0.00021223057039125158,-0.010701011395981987
4288,0.0017859186723187892,-0.0019208463675157083,-0.0022645992111179737,0.003119058397960908,-0.007930633786421507,0.0006360701441531099,-0.0009380014054642045
4289,-0.0009784652197165412,0.0008184200705342864,0.004672390219659377,0.010557320841126278,-0.004658493521599451,-0.0005653496616801813,0.0004692539429015271
4290,-0.002658718200779902,0.00866189188997377,0.005694233178765452,-0.0014845178023038716,-0.0012792188391724272,-0.0005660865738713588,-0.0009390154618309713
4291,0.0,0.0033135650009707665,0.0,0.004823311100538153,0.005937712360771906,0.0008229003643188517,0.00351088801215553
4292,-0.00011596648450829935,0.0013897435280057838,0.005846871264803676,0.00662344518087912,0.004192064227019711,-0.0012887086070472935,0.006708277169531264
4293,-0.0002900517585295681,0.007506656823456384,0.006958437568654667,0.006512555577470729,-0.0033504079909150363,-0.002769308800166777,-0.00045932789252967537
4294,0.0036405711634262114,0.0039562689555671686,0.0061424627911061454,-0.002544866613488365,0.007524057942535126,0.00208761217078082,-0.008117890222179007
4295,0.0001726016377901367,-0.0011211596537013654,-0.00029403825219708173,-0.0016685777804088336,-0.0033279433489271084,0.0022562663505243156,-0.0027596713759291953
4296,-0.0015558898100007726,0.0006575825074929257,0.003661246451079217,0.0011074892135227608,-0.009285561298040576,-0.0005719105114918606,-0.0021849112411336793
4297,-0.0013297984274877573,0.002159138945341013,0.00384751493309965,0.005169159557987763,0.0008523937611778976,-0.0010743663809331962,0.00570481014098535
4298,-0.0011016086483470208,0.0059208133443494,0.009507608093812616,0.0003348434154502639,0.000425570324992781,-0.0012567958555175596,0.01645316753278706
4299,0.001911535984012851,-0.0009875512852008537,0.0003534010138059559,-0.0051611797839377985,0.007589805470266868,-0.0007198053887808181,0.008026204488344279
4300,-0.0020857299091652137,0.0012148105316810679,-0.00042411573868767204,0.004303322293948936,-0.0016751977642414772,-0.0009375341177862492,-0.011414735191477359
4301,-5.808017152132777e-05,-0.004113677839965945,-0.00028297409823753585,-0.0004718423483668768,0.0,0.00021653373320452344,-0.005706974131397529
4302,0.0008124164243307295,0.003126903271467629,0.0036643594088818913,0.006746935752604672,0.0,-0.0005776633747550975,-0.0004598142111938942
4303,0.0015625243067836127,0.0008351089542795005,-0.0040183365104747735,0.0019852773553981633,0.0,0.0008301496883609183,-0.0034642125868136002
4304,0.0008656460547913372,-0.01005125282121035,-0.01024783309812945,0.004141162688971297,0.005006331885905969,0.0022299227358114453,-0.007719954365700618
4305,0.0010365028354404214,-0.0006991594993834329,-0.0011617983371371905,0.009475675569167149,-0.006266984387650408,0.002004329500117944,-0.005941193637405339
4306,0.0006896301280833624,0.01184878991519322,0.009848695495482241,-0.002489421391842266,-0.012378764270774105,-0.0003929782114000313,0.004285835590087892
4307,0.00040177910396432245,-0.001174230268254478,-0.0029240727520876485,0.0017846562206778676,0.0025902332164932417,0.0009282851716971594,0.0042439537906862205
4308,0.00017207732454018636,-0.001519842257690877,-0.003304274319885723,0.005354232620082093,0.0012893462668686136,-0.00021404361296034817,0.008710570410640054
4309,0.0034273055569846098,-0.011923541764867915,-0.01347438791929443,0.007014925897907365,-0.006049971216408188,0.002561587068945785,-0.0063706160327777995
4310,-0.00022764748622585158,-0.006027313915260532,-0.004110190964811748,0.0017906066780743394,-0.010571584408755988,0.0011690302668515072,-0.012067798261580897
4311,-5.6930521403334054e-05,0.004538123653337169,0.00796073844951763,-0.007864235487010826,-0.002235179827849349,-0.000424737913465989,-0.004098285307002367
4312,-0.00034173993781967075,0.008282154808141534,0.007165290348216861,0.0020883710648296793,-0.0008973029677639862,-0.0009216929856895379,0.007682579230312229
4313,0.0022732032109097507,0.0002310281898081928,0.0007969372994341825,-0.0030903506982221784,0.005799601609491954,0.0014879179445193554,0.004498047925113924
4314,-0.002045346709406287,0.005356060439378053,0.005037440691613492,-0.007855180674159136,0.002210154805117526,0.0002474914686844083,0.015499770337403365
4315,-0.0032009214375794304,-0.00015211715808825677,0.00391740196131391,0.004696220468347144,0.0065637695023889045,-0.002872492653258758,-0.0004547586613460078
4316,0.0,0.00570578240285646,0.0,-0.007679533315073109,0.0,0.0008175793766123881,0.009061614499045505
4317,0.002345842441320714,-0.003694541310766835,-0.0027027912835630124,0.006649709319018858,0.0034605321095062024,0.0008160431373486692,-0.010314661742324994
4318,-0.002805048914876669,0.008695925268700212,0.00812846014830055,-0.007967030322427786,0.0,-0.0022389110884615576,-0.0007421399459252432
4319,-0.0014957832416960545,-0.00029697888628077624,0.0002800093468381078,-0.004111205279349204,0.007263333282266023,-0.0020356754074475824,0.003924631416556901
4320,0.001380905716385722,-0.006057934117085671,-0.004501959141095568,0.006282409869194842,0.0008465782055053826,7.158896940228159e-05,-0.002327749053611168
4321,0.00040193846636067166,0.006169324999216405,0.002256813039026919,0.0020557288756928105,-0.0008465782055054209,0.00010736133264690175,0.009626987795109397
4322,0.0015468588362113618,-0.003990711197681504,-0.00261050186214627,-0.0017806104629001895,0.0037966733661504086,0.0016785383873100938,-0.007865833057876045
4323,-0.002351108106611051,0.0032475650856470923,-0.00807116009128723,0.009629418076667857,-0.0004202172383032031,-0.002645747184933563,0.011249026643113134
4324,-0.00017253306797938934,-0.004748887060928388,0.007362917139309725,-0.0058627833480206755,-0.0025298779223417904,0.00043013653093874345,0.00038655497158224136
4325,-0.0014404473633074274,-0.0026020413227407246,-0.008228908417082221,0.00594857692856849,0.0008449311651550107,-0.001435448280542803,0.0006618662422577767
4326,-0.0018507716677801044,-0.006862239569719886,-0.004575002989907139,0.004855681257791253,0.0033633816266077634,-0.00017976509296961917,0.006563769502386435
4327,0.0031186173932973658,-0.0007692075725062354,-0.006398154822547982,0.005261400257504942,-0.005478799749229387,0.0029387921608763972,-0.003050751504617953
4328,0.0012067734023383937,-0.011981566475213902,-0.015382870981445041,0.005995659083414359,-0.006839424530304731,0.0004640852247743469,-0.01694587691163352
4329,-0.00195550752648775,0.009510906759337088,0.008512870034759198,0.0011346375570288805,-0.008703587521878236,-0.0022178005430771547,0.009724465733884009
4330,0.003273375558504156,-0.016089741720187376,-0.01159407829017018,0.010348923430477767,0.005677132891689347,0.0034292224775224482,-0.009724465733884063
4331,-0.00045793543919001695,-0.004239022322852014,-0.0004640725092377036,0.012740196136736267,-0.00788055964718265,-0.0001779384963247799,0.0033973665967891842
4332,-0.0012618179243435903,0.002387017461259609,0.00523067335469674,-0.0036301815264665866,0.0,-0.0015332880758287095,-0.004023110277110653
4333,-0.0012078921924453022,0.0037761482279429774,-0.0026843894500319476,0.004488948474152511,0.0,-0.0008939414500067517,0.003571660671071171
4334,0.0009780763480015464,0.003862544577063212,0.010639417026780704,0.004415660558965673,-0.005781783565891159,-0.000895785313880403,0.00045144960603951516
4335,0.0012624848480755145,0.0015828518000861012,-0.0005258257795907193,-0.011134596285515354,0.003122829452529357,-0.001005477999421736,-0.003852363476440214
4336,0.0004009313009210037,0.01149870822815848,0.00863259400572933,0.010492633096320418,0.0013315119737206838,0.0017938665814601889,0.0076708552039075825
4337,0.00011448384985314496,-0.002430219279171372,-0.001846022000333042,-0.008509566447409576,0.003091076977142918,0.0009298905413330195,0.0036743503118984084
4338,0.0,0.004004516901390163,0.0,-0.0004896463770847132,0.0,0.0005712522782239194,0.00033249547259381774
4339,0.0013143997247683674,0.0002682131077644346,-0.004537501821535824,0.004341624839208115,-0.0035344608664984053,-0.0012505917454536546,-0.0026671188138820295
4340,0.00011410785191854542,0.001605809404100706,0.003351916422142484,0.0011389058357334056,-0.0013328741364465372,-0.00010736133264684772,-0.0006693468808682179
4341,0.0027296325463627693,0.0084654580715757,0.011134487624744943,-0.01989748110436448,0.0013328741364465229,0.0022846384136540167,0.018148344999571752
4342,0.000170033730812691,-3.742788660117314e-05,-0.0005065503154170094,-0.0010367697688803633,-0.002669851534786922,0.0009602387739744005,0.0027750540547729925
4343,-0.0011348176875128786,-0.0006742541180321405,-0.00021727398863997677,0.003345632387825708,-0.0031357138528581123,0.0,0.005077051276347823
4344,0.0007946836286936348,-0.005697850247740801,-0.01070756607154499,0.0009699170192173809,-0.004973754831747001,0.0006035073675110798,-0.0069963523805379015
4345,-0.00028364868221638083,-0.0031258054288368603,-0.000594415123628376,0.006935063370948049,-0.0031950342456795507,0.0008859901108298659,0.005099406711355039
4346,0.00011348170482742001,0.008148353132576957,0.0073723461369911095,-0.0024245207369147648,0.0,-0.0008859901108298877,-0.0038722085136449554
4347,0.00175518509405027,-0.0005259622396000541,-0.0020516733775805835,-0.004654254288885988,-0.004142745071956719,0.0007443530995776079,-0.003155019038788081
4348,0.001297665542769651,0.0014261324872284255,0.00022028632574820539,-0.0043337604967207686,0.002766216243153019,-0.00028341267464910387,0.004644334092093188
4349,0.0,-0.013509175300081472,0.0,0.0017255203038203954,-0.0027662162431530343,0.0034942814135780465,-0.007876508389916994
4350,0.0023036568352111093,0.0012736483603315964,-0.01364622355017852,0.010003948025969538,-0.015537394589296458,0.0002811422541314967,0.0019421897397849095
4351,0.0002829464442405808,0.0006931461547869677,0.003621027600441103,0.003968194491086474,0.013218678553279701,-7.026850301080617e-05,0.007047962842988476
4352,-0.0014165792515901936,0.010829899931285083,0.008186053360875705,-0.002726392130948789,0.009656495353653056,7.026850301077097e-05,0.010465433678165355
4353,-0.0016490415852255678,-0.0003378993329843127,0.004838577362852213,0.005683028174930226,0.0036229155407877752,-0.0004921184457498286,0.010622972260432392
4354,-0.0013694752598217628,-7.512445649158232e-05,-0.005798018362250439,-0.0007937472975662981,0.014196793621191002,-0.0005631047555867287,-0.00451364007799282
4355,-0.0032123367942664795,-0.00018786801431005734,0.011375724102375322,-0.008662727551019838,0.001742407480257476,-0.0019412602117495582,0.003503417519888678
4356,0.001322229240781399,0.001125990990880305,-0.0002879936988171686,-8.208938676341506e-05,0.006900554023248785,0.0015566127126923639,0.002420597897984565
4357,0.0020615283103592326,-0.008784634273644667,-0.004634063114108768,0.00790998372994178,-0.001285529745451982,0.0013750760255013172,0.0006030472830589942
4358,-0.0004572724633060913,-0.004228052953989767,0.00021832986563219284,-0.00832960521503227,-0.0056150242777967966,0.0003870560759277719,0.009536584067819653
4359,-0.0017764924076706567,0.006440926049634004,-0.0009468898115371053,0.0015989517444675657,-0.007019053500422478,-0.0016208981223294688,-0.0007867655809387079
4360,-0.001841452794764608,0.004053015292034415,0.003500629386816704,-0.008843696210596547,0.011779678449961155,-0.0006712708398583352,0.014329338896280986
4361,-0.0004038607230024085,0.0031555139669537436,0.005772399076379596,-0.012297378771156664,0.00043020754573230244,0.0004947211882944819,-0.003826407853051764
4362,-0.0015033507928090897,0.00041152945327975487,-0.0005020331453817053,0.020622694636849393,-0.0008608416731368135,-0.0018049179364497709,-0.005219716075962982
4363,0.00034738928547625833,0.006642476842444658,0.0029322587733204165,0.004310624743785737,0.004287245891233918,0.001451603174119009,0.008474307543705392
4364,0.003056596846768069,-0.004702326445754106,-0.0030758034720016155,-0.003457451565608095,-0.0012817357515077198,0.002010054781257912,-0.011891276247514002
4365,-0.0018429179518953843,0.0009284164506763037,0.00257657336967979,-0.0011530414842473088,0.0,3.518121286051995e-05,0.005163853891325974
4366,-0.00353487352743744,0.0061148494485427154,0.0042606078982109835,0.006986989582935881,0.0012817357515077271,-0.0016919212317876246,0.004432598089896642
4367,-0.001457072030061069,0.0023347260631557958,0.00519782877046117,-0.008503839864399971,0.0076119774084744685,-0.002195199348355399,-0.0038518610095106647
4368,-0.00035042590543252325,0.00029096021984665037,0.005136353886382007,0.0022296730885669673,0.0,-0.0022777112638212665,0.0019302008746368462
4369,0.0,0.0,0.0,0.005499414789134437,0.006655984408505553,0.0,0.0
4370,-0.0024021745908996304,0.0027183135808240113,0.0015841383171654956,-0.008957443722088709,0.004108776927730442,0.0,0.0
4371,0.0005284459973489845,0.0009023366676413708,-0.0008946724128681101,-9.36676976743298e-06,0.0016326879451030237,-0.0011075756847481945,0.002304973912540466
4372,0.0008207511550018022,-0.003729737488602122,0.0002066265118199909,-0.004545407992687333,-0.005328833505066896,-0.0006444070652487551,-0.004428667542393799
4373,-0.0012317091273126126,0.005421071660020563,0.004521087486546369,0.011490134064596322,0.0049212365892696425,7.164802159342758e-05,0.004380771817843429
4374,0.0025183352503955637,-0.0008988257728455654,-0.0010233949011117817,0.00941336282478754,0.001628097434021359,0.0008588555506420845,0.007078850349206935
4375,-0.000876831474719253,-0.00014398491036178953,-0.00013663504341070257,-0.006174180685039364,0.0008117656230782064,-0.0007872193472789656,0.014276920653705687
4376,-0.0005269498910231433,-0.00014403266259230415,0.0024528777705910563,-0.002829875532159199,-0.0008117656230782414,0.0005726646379836629,-0.013147415512736122
4377,0.0007609447683986915,0.0005758442635682527,0.00277678509443345,-0.008559437124024667,0.004847988744533354,-3.5769425702396534e-05,-0.004725775486275389
4378,0.0,0.0008623373037310219,-0.0021657242045761945,-0.006579918644909226,0.0,0.0010361191188365804,0.008469716620149063
4379,0.002681918331897197,-0.008298757772688972,-0.0029956157653351356,0.0057412101710557295,0.003202185802464301,0.0015317788689962015,-0.008469716620149037
4380,-0.001338888947810343,0.004151081400800559,0.0036058180883616797,0.005657346328823061,-0.006833094399023549,-3.556147243657549e-05,0.002652766863409286
4381,0.0013388889478103572,0.0005794456922325229,0.003172756887020569,0.002756185403058514,0.007231712583872548,0.00031994847246779245,0.006747913632852892
4382,0.0019716968550267783,-0.008478586328151369,-0.006027731676226109,0.006563411895126909,0.002780129634086934,0.0014899841636538188,-0.005663061254052958
4383,0.0,0.0026123608411548252,0.0,0.003956149745210108,-0.0047768893901624,0.00031861834215904334,-0.00014134889690338459
4384,-0.0008107913738645566,0.005069288187562688,0.006565474486800909,0.01118625504690033,-0.003214034886566551,-0.0007438067405536341,-0.001226954693025959
4385,0.0013312162197274776,-0.008383404945846355,-0.005884014309473178,0.0009161154485956493,-0.002426232466126545,0.001910078174470237,-0.0048471930191685145
4386,0.001442360946847611,-0.010702611394273044,-0.008665545559791224,-0.012214593477706061,0.005239811370512563,0.0007757779427114579,-0.0061603087048166865
4387,0.0004030041216231583,-0.00752854550874044,-0.006156339300766402,-0.0045155300840614455,-0.010543614503201171,-0.00014094750043526982,-0.0007762191197769248
4388,-0.0007487341241484797,0.0006933305839986916,-0.00028191788195570174,-0.00844221934154912,-0.002469927881447202,-0.00017624872686235071,0.0015510533697376406
4389,0.0003457300025252975,0.003220987436083307,-0.0038950438835265474,0.0022355707256404,-0.0074952010597967465,7.050807417124427e-05,-0.004083389885133549
4390,-0.0005763696690743788,-0.003606034435244114,0.004669878133485502,0.0023596567890245158,-0.003373177982125967,0.0003523687673232114,-0.008283797120291099
4391,0.00017299123188494484,-0.003752779552945971,-0.008241398935315634,0.0023985536839112205,0.00630336873473934,0.00035208310149192424,-0.014579085839212896
4392,0.0016112706296343836,0.00042720676826691375,-0.00446986978258447,-0.003115981752756076,-0.010984687261304414,0.0003517978984623849,-0.006222090408018657
4393,-0.0010351303462754933,0.004133777556892366,0.00518652750610516,0.0006319671600204856,0.0021341295126859794,-7.033678562694108e-05,0.002291796779585802
4394,0.0005753769812232459,0.005881320114036627,0.0038496479940588546,-0.0016666169161112067,0.007178584627123281,-0.00038705607592781594,0.006394382405507583
4395,-0.0016129804312865349,-0.0022438312913176145,-7.098054798939567e-05,-0.0003677502334141259,0.00208896257446489,-0.0008456852624130169,-0.007434609206786612
4396,0.0025320009713560147,-0.013082847834626578,-0.01538957069912715,0.004946801212696116,-0.0033471802055832283,0.0026723734734453034,-0.00820042993363431
4397,0.002174911017783162,-0.010580460292331442,-0.0006624270985380323,-0.01939219982699047,-0.011922558038014237,0.0015746100869757427,-0.01358291517083996
4398,-0.0013723602684571038,0.004765253962575556,-0.0019933653374225816,-0.005336594887339625,-0.0052115963225948594,-0.0013643319282981969,0.006736752012296309
4399,-0.0009173220189952324,0.008752418133554703,0.00405094033559727,0.003466958865418578,-0.00043713590193250097,-0.0016850829588685617,0.009385904208815691
4400,-0.0012069331025901344,-0.0020343531531661794,0.0002198773898487882,-0.012205192722001825,0.002181292791990187,-0.00028148391613293114,-0.004880956865175594
4401,-0.000518285593187714,0.0011748279893851318,0.008202011382112304,-0.008353891350620493,0.0,-0.0012689402216903938,0.005091933056794498
4402,0.0010934339780067145,-0.004599912135967804,0.005430538119150988,-0.011740384327313898,0.005190832495270994,0.0015855968029099717,-0.002008423965512775
4403,0.0,0.0022470694589297,0.0,-0.0015430633405854734,-0.003887296303323986,-7.034817896717545e-05,0.0017974477738939177
4404,0.0009186560419630357,0.0055479178735152,0.005012639279718775,0.0011312274304357518,0.00043364405190859435,0.0001406849645940654,0.015392752655729036
4405,-0.0023579576904160858,0.004825758371854513,0.004399901324075601,-0.009282031246639495,0.011969503173944384,7.032539597651079e-05,-0.002502262153392059
4406,-0.0017913842096429794,0.0022974545655817286,0.002217914718409218,-0.0030383560381611672,0.0008424725860209598,-0.0017615603039328534,-0.0015391433070202673
4407,5.790207086843371e-05,0.002133380692300742,0.0013115475526403585,0.0044560465302605845,-0.008070251930912627,-0.0015206776435630288,0.005566317427045236
4408,0.0,-0.001789808368566215,0.0011701419540042386,-0.006542906244819324,0.010169311028761242,0.0009554659393800071,0.0030842394479767684
4409,0.003172783787227619,-0.006536070772840711,-0.004005288358699345,0.00046297863559118863,-0.0008384065961051156,0.0030996007004360517,-0.006241647571648289
4410,0.0,0.0020482892287380793,0.0013853105267665133,0.010965299935702654,-0.006766165786509596,0.0012616698147477753,0.0028020739476564845
4411,0.0017781348142707088,-0.004846437852215619,0.0009670948400047636,0.0013625412969884229,-0.0038528102237839275,0.0008390815334088527,-0.01131843092501501
4412,0.0013303297455295974,0.0025268962057078234,-0.0005523618956417039,-0.000571335632373025,0.00042978180835887497,0.00031423809202464663,0.00969033349099398
4413,-0.0003466498642762644,0.0084070766430511,0.008212557646243847,0.0030316526573692633,0.002569797331742568,-3.4904117512844314e-05,0.002439863057098335
4414,-5.780188760783987e-05,0.004764204551883407,0.0049210456175225676,0.001581860831477331,0.0025546807894160756,-0.00045400898869427266,0.004638434193547689
4415,0.00011559608316971674,0.0023626458131715267,0.0013385570217445118,0.00032551321742484325,0.0004243229276521794,-0.0004894641273714961,0.009915829869704356
4416,0.00034660375495180844,-0.0009360201948739788,0.0012011840285295154,0.0005661427118266361,-0.0038339143905803267,0.0007339894805712394,-0.0001961140163858462
4417,-0.0017357916068691068,0.006325511233003342,0.008381902783755668,-0.018722059464380554,0.009312714139809285,-0.0008490608411196194,0.003662481495722496
4418,-0.0005801423276575347,0.0006643976031684693,0.001305364619374323,0.01068264114474127,0.008296230918384702,-0.0004960531457661502,-0.0005352349902666768
4419,0.0006381139598466417,0.000773848078827456,0.0017560414807004502,0.003721338079421433,-0.00041106910963318785,0.0010269106643800365,0.005322895937383484
4420,-0.0006961708387380903,0.0013601006359852535,0.0035553069737516156,-0.0012794104501916946,0.0008217495013740997,-0.00042463409093310134,-0.004350231517587665
4421,-0.00040661560829184933,0.0006234858303760697,0.0010324985116424584,0.007189028363211845,0.004521800717207316,-0.0008859901108309989,0.0001942717464319123
4422,0.00017431045062542606,0.001573068537179463,0.00019332049369072762,-0.002660450459767799,0.0020399026790209494,0.0004963771253613074,0.004636639933013926
4423,0.00017424051664138507,-0.0016463733701508004,-0.001613639672781819,0.002540762781313394,0.0,0.00035420806294594116,-0.006047082963988548
4424,0.0018542287567716346,0.0032137646154416707,0.003477981219133355,-0.012680592102402449,0.0004068332680671842,0.000742897922357891,0.005662581405536802
4425,0.0,0.003984048705969309,0.0020479589115604394,0.0023775588922296175,0.003644450605444436,0.0008827485495893344,0.006301151600448114
4426,-0.0010420293821063666,0.0,-0.0010867756009480345,-0.002061094466484516,-0.0032379980892046196,-0.00028228436606785094,-0.002614378442253203
4427,-0.00040590981969861344,-0.002926499408993861,-0.005280632602029799,0.006357347913086103,0.0024307590428468274,0.0005996351159612796,-0.003494479826782565
4428,0.001100873800886426,0.0008329880453674816,0.006303555452453364,0.0016791559440090162,0.0,0.001337374663994671,-0.0007696847063834638
4429,0.00011571928709660462,0.002093511363626385,0.004699927656121805,0.0016114881606657456,-0.00121367889487255,0.00038636739180890025,-0.00019263450388998216
4430,-0.0045360575176899955,0.0003239526350641223,-0.003870573270441794,0.00029112733076679017,0.001213678894872558,-0.001160134894991266,-0.005428751711399751
4431,-0.001992180015784359,0.006145105065819714,-0.0026851797949608903,0.006552203412173321,0.0012102965990954404,-0.0025066043826530407,-0.0007811053938404707
4432,0.0015242532560084466,0.00010641429756434307,6.412616946226535e-05,0.007843876549428041,0.006398561146692658,0.0004954064536733462,-0.00019549605637329267
4433,0.0,0.0025814102935015288,0.0017278370998762907,0.004830786051546831,0.0027699969743385368,0.0004948419796909238,0.011957352941760896
4434,-0.0001170605079606597,-0.0002468684441254707,0.0014664585736695024,0.0028567681402167514,0.003926739969117044,0.001164187196695141,0.0030330597790429424
4435,0.0012275644649196375,0.0008810293967719411,-0.002745677412843748,-0.010817728861294043,-0.00039108015421101486,0.0004577637156881771,0.005070739123150577
4436,-0.0008179906557386915,0.0038903288417531144,0.0026820212043149935,0.012733412896780488,0.005056777474801252,0.00024628844774893135,0.004458151879308256
4437,0.0,0.0,0.0,-0.009873555056821099,0.003082848663997085,0.0,0.0
4438,-0.003877130552641771,0.0,0.007885583802977792,-0.00802021135037592,0.0019157264495446636,0.0,0.0
4439,0.0008253189325989126,0.002400864925521231,0.0026798768713249474,0.005718639484954582,-0.0026843894500323843,-0.0020802454575339514,0.0031303956573441286
4440,0.0029933247191519605,-0.0015642752482791483,-0.0011197973077252995,0.00019409480219639686,0.0,0.0012352457936611711,-0.0027609405249796395
4441,-0.0007610473423892724,-0.002024523835833531,-0.00012460033994582382,-0.003547749794174008,-0.004640768809358839,0.00045791222578209554,0.0015666873631730452
4442,0.0003514183457312716,0.0024074228548204572,0.0027948972663698265,0.0018003974381795786,0.0015524394793645763,-0.0016224778204268413,0.007930458563428095
4443,0.001286106553287572,0.0014242023367663798,0.0004949930519067836,-0.014034271771758517,0.0019327779203542118,-0.0006719267784036784,0.0018028024306280168
4444,0.0012241044437190942,-0.0006594155704995895,0.0014816030809821122,-0.0028829164738506004,-0.0038741959137673044,0.0009545326005780603,0.0034048431694884813
4445,-0.0010490209977263999,0.0020789627153354265,0.009388539423632632,-0.0006670318489969268,0.0023286623185819837,0.0005646605468336027,0.004792998172560651
4446,0.0004082537564207667,0.001759327127126932,0.0016854138260679634,0.00433057033769609,0.001931059125963818,0.0003525403894405879,0.003078556053932266
4447,0.00249945984980902,-0.007675763039932332,-0.005745119744633347,0.0005208392454955842,-0.006600937259449133,0.0014073067463637053,-0.006801862843581108
4448,-0.0010445356016345552,-0.0028476123419430696,-0.001036139175410319,0.008630931378807105,-0.0074982281983157735,0.000105364397081756,-0.013380655239902136
4449,-5.8103482848078526e-05,0.007448527893571789,0.005156151208341864,0.0012442199425326413,0.0,-0.0006325701615393067,0.005882182225954546
4450,0.0015081698780808742,-0.00048567164951638097,0.0016851802592641792,-0.01051473024250747,0.007498228198315767,0.0009836003147464937,-0.008091400123763044
4451,-0.001333882745020293,-0.002576183238269366,0.0035296529340575686,0.005176564394856018,-0.005908859610520084,0.0007012102627753519,-0.008009947283876153
4452,-0.0013379922288584134,0.0032698337321645167,0.006152755968928402,-0.007882728670389805,0.0,0.0,0.004302758901608597
4453,0.00034943905484776896,0.004756228673773589,-0.0016479550188676442,-0.0057168417589840885,0.008250075425423383,0.0003501810235717856,-0.004114793314645107
4454,0.004113820128674342,-0.011672670793156006,-0.009297725655086493,-0.0035132964526329797,0.0019414179934130454,0.004110952311381832,-0.02934619432817775
4455,-0.002486811871294297,-0.005278410569542761,0.0016235326642126458,-0.0005519909212480395,-0.010588290597561003,-0.002050611983304217,0.005990363689188846
4456,0.001563149192878595,0.0049966298739132576,0.008027853011966691,-0.004918987254211343,0.0,-0.0008369255493306189,0.003161393264052613
4457,0.001730259188680861,-0.003289187660562075,-0.012128414545674197,0.005653183519542859,0.0039517513957679305,0.0015331335886197707,0.009926050973588986
4458,-0.001441403519966509,0.005713555369746759,0.007984351786718727,-0.0009632252598170487,0.0,0.0,0.0
4459,0.0023039549095651185,-0.012187408102521329,-0.012062835792041557,-0.013847954828135728,0.0,0.0024625636570512316,-0.018274302643229698
4460,0.0020059826975980938,-0.0034732166340756304,-0.006842336903064783,0.0007109702027095265,0.0,0.0026549783060277454,-0.007898322048200873
4461,0.004550605950419406,-0.005299236857351135,-0.01950571462198655,-0.005056828579899538,-0.014397820700642699,0.002331235844708069,-0.004519661700007923
4462,-0.000792921809548838,-0.012420449098952943,-0.010923740128093789,-0.007200005312040993,-0.010286944266006398,-0.00020519465626363647,-0.0058211716382111645
4463,-0.002786682724693016,0.017174477931521784,0.02379314065992292,-0.0027854247788490624,0.00455630244999624,-0.004988584170353763,0.01440919547263067
4464,0.00034218870994438973,0.008142809710316636,0.0020141229463616485,-0.0002610379503073126,-0.0053898813659911575,0.0005187258034813713,-0.008226778329269841
4465,-0.0007988601315218667,0.008168123962777251,0.013599856766181818,0.006378027904878776,-0.0016719731214956746,0.00010367085354373096,0.004158416194858245
4466,0.00017130806161365803,0.004218007415816103,-0.002318846356493085,0.004268763154735334,0.011162871569988405,0.00027633468324425717,0.009100799462198153
4467,0.00324207981546948,-0.012386131378593351,-0.008901308664333463,0.0032826441331817737,-0.00699494628018723,0.003199553966733218,-0.013207633676840228
4468,-0.0005670381820080211,-0.001788400163128694,-0.00031237466778909304,-0.007898789460306229,-0.009646725039029705,0.0,-0.023526946196051834
4469,0.0022637240823159483,0.005732521154628053,-0.00781965596665725,-0.005832593582117744,0.0004239087519604776,0.0023587227291292628,0.01266379539495638
4470,5.644219670148179e-05,-0.007204524693217027,-0.006474950945360743,0.0033537447035812446,-0.004685910394455206,0.0001022631334519102,-0.011358953706612456
4471,0.0026445428154390615,-0.01355168631841806,-0.02165135404987035,-0.006417671350911717,-0.0038718932408099522,0.0035979271885825345,-0.0005975658333393929
4472,0.0012882930816408337,-0.0018218792707079252,0.006067547212663023,0.006187212407307616,-0.014053221488155382,0.00030411596941128414,0.012379396381447859
4473,-0.0006156633933862653,-0.0016051127233168874,-0.006135442856029354,-0.006411478460535724,0.0013369773983394008,0.0001688613427330254,0.005251508750673676
4474,0.0018443780249572498,-0.010178208199625715,-0.0012920380869424284,-0.0016267061939552942,-0.014018009157429288,0.002222838183762009,-0.014219560074107934
4475,-0.00184437802495723,0.007740557369690146,0.00013618516320737842,0.000944731861197055,0.0013765288288045531,-0.0018853123395398167,-0.00021579850476636042
4476,-0.003035071498709,0.01194394374590875,0.020218858973232855,0.0071942925810066305,0.007268696564763577,-0.0015209363523733012,0.011502340799712062
4477,0.0011908585015879627,-0.0015394031005118698,-0.005361728372108214,-0.013647679809893667,0.007149041789664721,0.0018582000812929435,-0.004437004840238178
4478,0.0,0.003911107488694935,0.0,-0.0054561807503171605,-0.0017762580258035474,0.0,0.0
4479,0.0002264604311005484,-0.0005097353659156589,-0.013633382034023174,0.0023306396664797397,-0.0008908607880766142,-0.0007760984998267887,-0.010750412320593872
4480,-0.001360537278440106,0.0016363105291681945,0.01251347148665083,0.002169034387360767,-0.006287723839045912,0.0005737716935105204,-0.001963655863405811
4481,-0.0007387412006628885,0.004333591406411774,0.006546619017139662,0.0026478445533654224,0.015551847706156452,-0.00020242110918902565,-0.00738820161002499
4482,0.005257387576278871,-0.009297845284508808,-0.021852552686012338,0.012835722716749683,-0.0008738322503445437,0.0026576839645516036,-0.015279688007524574
4483,0.0002808604391385793,-0.00047750909912639073,-0.012898724502099126,0.008506207257160546,-0.01831230011090706,0.0002017159729283923,-0.003702053162982156
4484,0.0006172543581773966,-0.004804191488738382,-0.0012688372398662684,-0.0031664880260978876,0.0004559522538530253,0.0014763946231075033,0.011012811499231029
4485,-0.0006172543581773488,0.008646073453394477,0.001972148295441059,-0.013132447697842865,-0.0027429216350539055,-0.0015436228712157871,0.0021469004709591595
4486,-0.0035521849910495587,0.006292660663672918,0.012400349894796476,0.008908128190055339,0.002289380535621627,-0.001819107687789845,0.0037037872507625627
4487,0.002934052092374081,-0.0002514005754158575,0.007611050991645265,0.0021915667172387318,0.0085912173288303,0.0020543610402895024,0.0004468050619439644
4488,-0.0016338528675750833,0.0031142618447811787,0.003822862374907326,-0.0009206743746940759,0.007985210321383525,-0.0019193507083077837,0.010424229835560338
4489,-0.0011303871084993957,0.007531613518666483,0.008725844766309752,0.0034610763283381657,-0.0013207140900153738,-0.0015890283306342918,0.004122221609797105
4490,0.0005655613273591413,0.001050374138028053,0.0003271028865212354,-0.020259199793565174,0.010024301611893832,0.0001016012361417768,-0.0017851078135080346
4491,0.0024235560553720844,0.0013616994549297448,0.00039219853529830326,-0.007230843153610171,-0.0034605321095059877,0.0004399975644060215,-0.007655855198252969
4492,-0.0010692062616128812,-0.001360496296689151,-0.0013087081830444307,-0.0006810188610621497,-0.0004345117740183674,-0.0021364625415087,-0.004882258162991724
4493,-0.0004509808109338305,0.0046222311314554525,-0.0030250797911007894,-0.0041085151368042945,0.010734468413830205,-0.0008166630601774166,0.004219718779113012
4494,0.0021941214872169233,-0.0012116150592313647,-0.010689220883500704,0.005231005331457904,-0.005548801048810693,0.0019031637770347595,-0.0022157929795592803
4495,0.001568458494836124,-0.0022591496922468534,-0.0010157355886924433,0.0029792969778631422,-0.008677501105725858,0.001692234380406182,-0.00267396113210237
4496,-0.0001677784382092187,-0.0044130302874925776,-0.0058011440000402936,0.004800365423318288,0.0,0.0012143387599873319,0.0037832707566941644
4497,0.0006148709825491316,-0.00470736576375834,0.007425182596459291,-0.008463349192046651,-0.007960814216923727,0.00020206009137860396,0.007577969289381044
4498,0.0022841530118417833,0.002943659303463566,-0.0017596496769604225,-0.005926754684210478,-0.0022374829599584654,0.0007400837268822464,0.0076619972673549145
4499,0.0014422872534715062,-0.01269621764983429,-0.019132566622714786,0.0013708295904047319,-0.0063269826042975765,0.0008394761996486156,-0.01729442232564255
4500,5.537704590225011e-05,7.278271877346177e-05,-0.004702824592944448,-0.008710990207949765,-0.007808783816318045,-0.00036916962934871537,0.005365484374906877
4501,0.00016608878342758845,-0.004535753832880791,-0.003091588706813045,-0.008206681031491915,-0.008896909686535146,0.0005704026927538541,-0.011136366117959864
4502,-0.000997486807554536,-0.005439158535992496,-0.005153383474874007,0.005148287743063289,0.001888239852386546,-6.70673280457147e-05,0.0033709960857073802
4503,0.0,-0.000857221740123899,0.0,-0.002349566580182672,0.0023488130908681775,0.0008041251769372793,-0.0011768745984896086
4504,0.0014953723900284536,0.006480193070118101,-0.004034518754765614,0.0007053463527479865,0.004196114593608243,-0.0011731807285954995,0.012228221077970586
4505,-0.0009963426080699376,0.00700019693131961,0.01691143923680449,0.0037727620740961813,-0.003727872519244223,-0.0006718146314581316,-0.0008738322503440605
4506,-0.0010541806716932256,0.002775975508455681,0.004583067342881108,-0.002009581953537596,0.012000398485234336,-0.0009422898305905496,0.00021862295045442458
4507,-0.0007784053737482277,0.0026869201930470256,0.004396366354603207,0.0012078247965327633,0.001363563072747344,-0.0004044652044632306,0.003916509846384756
4508,0.0006117216327256039,0.001248229713033119,-0.002576596322265874,0.0008197313337431158,-0.0009085661930970022,0.001850713411995787,-0.0071524122238011
4509,-0.0016145829730628272,0.005906934606057314,0.011578196496252526,-0.004704706855621389,-0.000910470945419761,-0.0019181609166967987,0.004872075913458161
4510,0.0020589308638823763,0.0012628927597479133,0.0,0.0046353108561474265,0.012133175054168818,-0.00033739473566348155,0.002929667827121642
4511,0.0018834228988691892,-0.0018253593844635518,-0.005957305853551717,-0.00435978367570507,-0.005799601609493107,0.0003373947356634269,0.0012957577446170918
4512,0.001544944520027715,-0.010323033324514716,-0.015296604937201213,-0.008193758406560952,-0.012298620483303378,0.001683053113630119,-0.0073394442557352755
4513,-0.0005511352032842688,-0.00014411630525635797,0.001212416616689784,-0.009122238420682634,0.0,-0.0017842440150798223,-0.0013728736282435548
4514,0.0006062102755665937,-0.0011546553345982379,0.009021696317134112,-0.005859133117440237,-0.0051121396060567455,0.0004720226182113841,0.0004397919179912724
4515,0.000990158842367205,0.00018061737914711705,-0.008025770778863229,0.00431486321480479,-0.0009359798491445436,0.0002021384639247095,0.007409117168877408
4516,-0.0011003159721662166,0.008688682264578836,0.015700361557606835,0.00038845103672638414,-0.003291906798942176,-0.0008091189707003397,0.009615768791601477
4517,-0.0017663246794373457,0.0035257092638027064,0.011029649517615153,-0.005539111245365166,0.011184166952513544,-0.0016227743566737884,-0.004888122600206672
4518,0.00016589844802356374,0.000947054529589476,0.008665671269154811,-0.0050666048680954884,0.002294218129224101,-0.0015948637409609577,0.004888122600206691
4519,-0.0014953723900284158,0.0014341822673144184,-0.0011805052080277405,0.0033899474486428,0.0,-0.0005442713730662467,0.0
4520,0.0018269792897519092,-0.002100412679843599,-0.007551985736910489,0.0013843951664950966,0.011292744451321876,0.0007481974130795442,0.0030536045246907615
4521,0.0009381801974076282,-0.0037357379643063247,-0.001673841900518397,0.0032258985056221093,-0.002235179827849155,0.0014248074207462778,0.004955669143552073
4522,0.002473679453463203,0.00010617149103233605,0.001540171698815183,0.0017169551593669325,-0.00677540234666985,0.0011500016365040195,0.014235419558760691
4523,-0.0012625646361441882,0.0107644281329868,0.006304331923691229,0.0007458285932966798,0.0009095175720047352,-0.0009129875290863218,0.010317211119997012
4524,0.001865104847689702,0.0007243129280846051,-0.0019809726390298678,0.006035750649375802,0.005417465032292868,0.003035857284135308,-0.002359233408323166
4525,-0.0012059175490081943,0.002405688966309923,0.00401852899685937,0.01038521625106932,-0.008609144881100489,0.0,0.005485073133071635
4526,0.0009321392622500993,0.0011636867538243824,-0.005145104160114995,0.009586904595631364,0.006360074697240723,0.0015435036078208166,-0.00469723712218442
4527,0.0024033462419835055,-0.004777235918360162,-0.0027958968788764685,-0.001403605098616768,0.0013508392909593555,0.0015046596015386249,-0.0032590756474606274
4528,-0.00021793726810504006,0.004708870002137988,0.005507972367992182,0.0005645741876310238,-0.00451923413939248,-0.0002671143203453457,-0.001340339523206128
4529,0.0016861601666922803,-0.004777992154425303,-0.008860061268763831,0.004339138130632491,-0.000909517572004757,-6.680425823234445e-05,-0.003143640124638319
4530,0.002058014864071717,-0.008375564979327206,-0.01933574771601474,-0.002855706586758258,-0.012000398485234355,0.0036259334002388672,-0.0049357900196972575
4531,-0.0008112096535210375,-0.0030055101397244172,-0.0019747103676561835,-0.009553294180050565,-0.003760148873306194,3.312569940947534e-05,0.003983224540418918
4532,0.0007031358737171773,7.095735362430583e-05,-0.004262001642493369,0.007868985391389324,0.002823159336378614,0.0010917330375115155,-0.010412798525296318
4533,0.0022639207577575537,-0.0003549027589039378,0.004403350539397836,0.0007626460519974617,-0.004241651011913386,0.002339617040724612,0.001078227676844822
4534,-0.001939780067076882,0.0065192087161587645,0.006731208408954048,0.005099187332501662,-0.0004738620021697355,-0.0013165435831466136,0.005250029503209032
4535,-0.0001620401045736314,0.00041950689753300386,-0.001812758536456503,0.0013513384301381973,0.003306227358061882,0.0013165435831466257,-0.007770070870139346
4536,0.001133013142771864,-0.010754440743653707,-0.008537295838455724,0.004853323439352574,0.006074147712193071,0.0014108472137801904,-0.00833204417926815
4537,-0.0014032144094382585,-0.004066423747358186,0.0005696600021923092,-0.009589236170410149,-0.00938037507025496,0.0011123179251618673,-0.0029543956240526185
4538,0.00043224137123999196,0.0011914808074183266,-0.006163358464938834,-0.0032061773846700442,-0.0028540813467563303,-0.0005230888701063055,-0.002761480697959625
4539,0.0026381324056606544,-0.006978519933252217,-0.005155106622735162,-0.01694795183879923,-0.006248949277003058,0.0031940751273143403,-0.0023504309773999016
4540,-0.0016671593674624308,-0.0016887211613695534,0.007027689379536253,0.006538630162281282,-0.006831739466522434,0.0013293581440776624,-0.005823753029027563
4541,0.0009688070288786703,-3.6784354564439616e-05,-0.00375327465808987,0.002904333717252007,0.002941057392644683,-0.0001942862313502955,0.005180512503782221
4542,-0.0035629082124303746,0.004282765069357864,0.012926597800745301,0.005531469316813079,0.004374575697090735,-0.0018500671054171428,0.007445838450269423
4543,0.003132594100531132,-0.0038048113055846986,-0.01184058952814974,-0.0009092007666056714,0.007194440866994258,0.0,0.0
4544,0.0012441651510629618,0.0004040119789820709,0.002235847990511486,-0.0020449729471821547,-0.01598810538413022,0.003175960667235883,-0.0008445204059431317
4545,-0.0029267428901325497,0.011448532158614466,0.014641718536907104,-0.00023753249908406256,0.006368786738377561,-0.0036966975184765482,0.009407468521830255
4546,-0.0008709844622066886,0.0011783536851012598,0.005185460973607589,0.0037683279667384373,0.005316971586816872,-0.0022201239725040322,0.009208001786822713
4547,-0.0018019410904757842,0.003869572215790215,0.0074275127273187415,0.007392741663095215,0.0033499464976353152,-0.002560667301081368,0.0006069805067763788
4548,0.0,0.0008474041359861903,0.0,-0.002824449045731548,0.008497337020643758,0.0009209519880463805,0.007814506010118375
4549,0.0028360408529680054,-0.0025471890138797863,-0.00887321179078193,0.0040264051559557685,-0.0037560837967938834,0.0029807562577678004,-0.004591526603105462
4550,-0.0013066410214539236,0.0018764638119867585,0.0032974114638681835,-0.0007095293143433039,-0.009534839217784375,-0.001189848639885819,-0.0008035052836006984
4551,-0.0028995015480275796,0.0018332126464212827,-0.0005478329101117491,-0.008807682749619431,0.004345395159451353,-0.00119311745893675,-0.010428655553749914
4552,-0.0008241405760596838,0.002595532815241821,0.0015108298921072206,0.004184311266575,0.006200905194656426,-0.002296011113470525,-0.0020126570147785687
4553,0.0017562798383102644,0.002823385924862312,0.00989540223369012,-0.002477110375160145,0.00424165101191328,-0.0003671551769940507,0.006316188333956801
4554,0.0019128335039992968,0.0015260323323075635,-0.0005364144352205662,-0.0007676369453374341,-0.00046925394290102737,0.0016996544409362826,0.006577278863550503
4555,-0.0008733929175947404,-0.00020777983742381988,0.0024086645239521994,-0.0022117200042585747,0.009749403662759585,-0.0015994904239097054,-0.001660206817946556
4556,-0.0009846711201740377,-0.0012140343249067839,-0.0023415764753277487,0.007364669510684647,-0.0009191421037238984,-0.0021083110069939296,0.0027634959334608905
4557,0.0008207142257942387,-0.003027909843142367,6.707768673577021e-05,0.004434225580995006,0.005939943478774983,0.0015069800898276711,0.001100493401790676
4558,0.0008737223757262718,0.0055868623585518615,0.011581872549814574,0.0025295892156276287,0.0,-0.0013728143544706475,0.004621519304126376
4559,0.00342329609323802,-0.0004829711155192589,-0.001504674712006373,0.016561883616935162,-0.001819037138517586,0.0005362488496153175,-0.0037730439216388458
4560,0.0006490080638489453,-0.004161933930243676,-0.004810533544742233,-0.0058911455608525775,0.0,0.0038681275290620375,0.010930559391736306
4561,5.4040251660383915e-05,-0.00283202332166546,-0.005467928442141243,0.009258379478404938,0.0,0.0015905812935312362,0.011325890223915653
4562,-0.0012446302311902079,0.007993802092781953,0.013607906114136927,0.013188278212358174,-0.005503277211068901,-0.0017566023521328818,0.004711420494623326
4563,0.0025395830561491866,-0.00010332554438095125,-0.0011721855480518186,0.004435564113433306,0.0064137481564889185,0.002681758323821876,-0.00376503859495143
4564,0.0016669529459362336,-0.0006894659042961726,0.003830411919434774,-0.008846038891798122,-0.00273715915645252,0.0005937041005302691,0.002356971387539509
4565,-0.000967129024470739,-0.0019363480315147028,0.0023207122683141022,-0.0026075997135677274,0.0036457253495500858,-9.889433764675598e-05,0.005697890827576413
4566,-0.00037668813133227917,-0.0013188845996647434,-0.00206224210332541,0.007504728059048939,-0.009172346889065515,-0.0011554342923118274,0.001805800863262931
4567,5.383259776434994e-05,-0.0013926402246213958,0.003602522654718167,-0.0018700789253136508,0.000463247491287143,-9.918040964943067e-05,0.0020283400847943443
4568,0.0013436508518241755,-0.005827658697945545,-0.005999261652892225,0.005565114548075879,-0.0009269896409593024,0.0014523808628942292,0.0004137232741691246
4569,0.0005898919596716339,0.007498291879348399,0.011537426833181666,-0.002831922407643128,0.007361099646368805,-0.0012870927612222331,0.0027481286503044725
4570,0.001551339947923999,0.001144843727450281,-0.0010766328798339677,0.0058492196583322395,0.008134785881770384,0.0020772580588461413,-0.0032078455153975115
4571,0.0002669132171191808,0.0007269687337701175,-0.00038062621358549403,0.010581603107197064,-0.0008963769578512781,-0.0011528054144140296,-0.006207621480544098
4572,0.0005333348108590418,0.0010019128563751984,0.004231507377886088,-0.014120293009607978,-0.004509848229848579,0.0002967280690229391,0.01594088247460023
4573,0.0,0.0020656137960425335,0.0,-0.007202689503168331,0.0,-0.0003956824951296377,-0.0027070177935004146
4574,-0.0008536503621246931,-0.0005498704311721229,0.0008162842372382191,0.012929687377745275,-0.008237655478845689,-0.00016497416414943005,0.007003453314531887
4575,0.0004270349231994085,0.009220747049997575,0.00814112372003457,-0.007948444510205982,0.00046176982755758713,-0.00033013645216069644,-0.004296435521031498
4576,-0.001764231871923876,0.0012438678495982627,0.0008610855032565759,0.0026214227882170554,0.007775885651288155,-0.0003303876020153523,-0.0010807831755431671
4577,-0.001556324183306988,0.0018758603006575716,-0.0023412158149030415,0.005576715751250631,-0.002728560694070534,-0.002652188284707339,-0.0045324402393309635
4578,0.002359136320048442,0.0022004834275569664,0.0024026566414760905,0.002435005300774909,-0.0013707359571811376,-0.00016630078009099617,0.005253261121657553
4579,0.0004275604400501903,-0.0029364625439076354,-0.007685731587665307,-0.011086806098260975,0.0018266882110324677,-0.0009991441874008058,-0.009833502709043398
4580,0.0,0.0035014525751777847,0.0039218430863887654,0.004881294410395285,-0.007353309750547916,-0.0007341694234860866,0.0007360925184254296
4581,-0.001444706686954812,0.0025168882876441864,-0.002548282625455078,0.006978581998852375,0.0,-0.001907959866163627,-0.00036789030738928
4582,-0.0005899648083470327,0.0027977686633213184,0.003600518042548651,-0.007532126531014109,0.0027721018495506775,0.0007373991585460228,0.0012862549589744
4583,-0.00010735248649474798,0.0021600222225296307,0.0027116530841830478,-0.003183974710227216,0.0,0.0008030100566408176,0.0012824566894907461
4584,-0.0023684933770295505,-0.0017664909879590246,-0.0008609635709331286,0.015796466814856625,-0.0032358439992228386,-0.0019431552860012546,0.0029171863295644083
4585,-0.001730690138561118,-0.0024984082698183054,-0.0012329163196019976,-0.003847767843517593,0.0018520048615936157,-0.0017832763805096955,-0.012348691147900125
4586,0.0022162066585560626,0.001349610648250265,-0.0035953787916211317,-0.0016270991055199369,-0.0013882627119214507,0.0001348426563356796,0.003908397545815008
4587,0.0015607600880284977,0.0012143515057548232,0.0031012305580755102,-0.0027609580482221576,-0.007951763542221955,0.0016820101656372121,0.00018523970505039206
4588,-5.3726044714901304e-05,-0.0023002939471337483,-0.0020443255639928824,-0.00029819042731544837,-0.0018923536777053097,0.0012405069483741853,0.005063374048228885
4589,0.00075156047762848,0.0048817893829390365,0.008363901878640055,0.011526994775709846,0.0004738620021699254,-3.3480667781962707e-05,0.011649308085394244
4590,0.00016087960247018732,-0.0013051684711269083,0.002005421306756347,0.004685012115936078,0.0,0.0017709282119715327,-0.003983354445275295
4591,0.004055863911988129,0.00635817439788865,0.009534773386890173,-0.0017195823307430377,0.008442275202496763,0.0008994021248155816,0.009120897520263679
4592,-0.0011701756744999705,0.0012541184379857313,0.0023660885651350804,0.007312898267337089,0.01326542303031309,-0.0009994507676613555,-0.0033147350801393427
4593,-0.00010653611776792109,0.00028889836884278693,-0.0010040129843728995,-0.00114380875230942,0.003589231023444555,0.0009328922262431107,-0.0037875406490200493
4594,-0.002886398565975452,0.0009616089585987826,-0.0051150037229776004,-0.007293211612194519,-0.0013424878755087719,-0.0007994991569599977,0.007190323267604504
4595,0.001445597218517399,-0.001989677453247301,0.0034562586300956517,-0.010027282995029554,0.005345230329182672,-0.001001448134530251,-0.0038022563385192525
4596,0.0,-0.0003217711356370249,0.0,0.006115630282862772,0.002207907561262315,0.00033407269485843797,0.00309737571000871
4597,-0.003434448498081257,-0.0024856555092061987,-0.0082691017002926,-0.0001806035871456131,-0.005764074672859596,-0.0027806198277409372,-0.010216015849509135
4598,-0.004059615294512001,0.005884359830133162,0.0009064801493917737,-0.007872208191802814,0.004440677563784529,-0.0013801564735610732,-0.0011299753523084381
4599,0.0009777741058554382,-0.007571068430167866,-0.008719718805449727,-0.007621126214830509,-0.0022146630445337117,-0.0021970814904263853,-0.029055782045437233
4600,-0.0007059492976421776,0.00171908119010599,0.0009229184217835903,0.0014858615347115253,0.002214663044533722,0.0008801668403127041,0.00662691302314058
4601,-0.0012518052508887815,0.008113693911444925,0.009122891435060109,-0.005780150153973528,0.006577023455234339,-0.0032928257751875683,0.004645412030440455
4602,0.00010899598046892272,0.0011422963660422379,0.0010819798917142405,0.009999845727713478,0.00260317152162995,0.00010221499640775168,-0.007370368459740689
4603,0.002011507111057942,-0.0019691607436389297,0.002394792293091757,-0.0033546762352952733,0.0030174427820003394,0.0016321766103752197,0.004389742090514887
4604,0.0009752125697398905,-0.005993900678040864,-0.004802863236199878,-0.00438688363109562,0.0,0.003010191474853974,-0.005157725459347615
4605,-0.003859454426947771,0.007233607634693427,0.009907380855005685,-0.002866805835337523,-0.0025850938344924097,-0.003961548880271036,0.00048014872984059737
4606,0.0,0.0021531120777510825,0.0,-0.005576449528396776,0.0017251044804017426,-0.001192134928912534,0.0035366973994074165
4607,0.0010906446764133784,-0.0024388843664117695,-0.003198146461599358,-0.01254820661090398,-0.00172510448040172,-0.00030707864241407275,-0.0020994280835267727
4608,0.0009792438915505383,-0.007852481223895518,0.0,-0.0005550129325404701,0.003443383603771895,-0.0005122807363570586,-0.0007659516657440724
4609,0.0005471771945991963,0.0007432401147142084,-0.003221872452427228,0.003652384862264198,-0.007786364614554938,0.0027931192366731847,0.0024844196529979403
4610,-0.004452086452149886,0.010021643038660875,0.010355628492126028,0.004187284426320297,0.002610996733593638,-0.003785245389928517,0.011981621370777056
4611,-0.001438795471105498,0.00442600932024735,0.005231126330497612,0.0022243441450413536,0.00688687544342582,-0.0007198536807314199,0.0018959806248675635
4612,0.0006646518046210724,0.0,0.0015571294831760783,0.00012621070281433765,0.00085323108368197,-0.0010648266448037393,-0.00613394228512129
4613,0.0024834239709239695,0.00040580978799959855,0.0029832763357092854,0.0014165801148149893,-0.0008532310836819392,0.0009275762740938301,-0.0023462751929500584
4614,-0.006821955132029348,0.0038209338610605955,0.002508402510709571,0.008433927421491154,-0.0008549106735129993,-0.0035633554456796493,0.0004702701941952731
4615,-0.0021856275298001637,-0.0021703917330469892,0.001022003435979598,-0.0026182930757736745,0.003833914390580196,-0.002089297560134973,0.011868734726427674
4616,-5.6186620416246474e-05,-0.0005287361409588581,0.00034013405881825633,0.003970972468808392,0.001694809885118134,0.0021934990598722545,-0.00682200222634501
4617,-0.001971125327111876,0.0022349561650970144,0.005364865800251472,-0.0012017653585599153,-0.002119547798584099,-0.0006255843490681118,-0.0043892085563119925
4618,0.0015776153172343365,0.0012675626551569043,-0.0014053940227012852,0.0055950419175207775,0.002542218860562449,6.95538889851598e-05,0.002340206556513812
4619,-0.004977641674950134,-9.262314368445664e-05,-0.0006198170758121965,0.0023478222742253124,0.0008441100459160445,-0.0025459616923265913,0.004273306385176488
4620,-0.0014816516837233163,-0.0011749395114724575,-0.0016949201241045647,0.0033816224355797974,0.0,0.0002098209954195553,-0.004833806977368973
4621,0.0013109496250938639,0.0008351522114515407,0.0042249618041171316,0.009134558665804319,0.0,-0.0002797838601532265,-0.001685855184505741
4622,0.0037964532041214194,-0.0012654906618114947,0.0006721959013601099,0.005847391581087863,0.0,0.0011878385962346713,0.0035513841780223745
4623,-0.0006775266302422213,0.00141956682687259,0.0013970753922103185,0.005950925935834225,-0.003386328906478578,0.0022618649198805976,0.008114442934428206
4624,0.0005646789014268378,0.0031006912662381674,0.0054886993025898435,-0.0005004315448392398,0.005489453994242762,-0.00024302022084429735,0.011004519554181092
4625,-0.0009038389982452969,-0.00042847943903109853,0.00011017110203773288,0.006417238254587129,-0.0008400282733167848,0.0011791121500471333,0.004254347312935964
4626,-0.001699784877893907,-0.0010730517524649458,-0.000771785268695245,0.016135638998474363,0.0,-0.0008319820205405222,-0.003853727150550574
4627,0.0,0.0,0.0,-0.0010165012882310102,-0.001684946757187853,0.0,0.0
4628,0.0014735309098161977,-0.004815254672094702,0.0012672096632695175,-0.0016663859223281705,0.0025249750305045768,0.0,0.0
4629,-0.003236992490423001,-0.0004347603328130144,-0.0014327708121966585,0.002418512402683489,-0.001681684509420222,0.0,0.0
4630,0.0043670854567460105,0.0012100372031675609,0.0005516252258224603,0.005058955322442661,0.0021010901256974823,-0.0011117944808611644,0.0022189629403802182
4631,-0.0010169512483710155,-0.005079890040154134,-0.0002205660189124362,-0.007194844357842272,-0.0067595836472971816,0.0022899658237616307,0.0003982120738590179
4632,0.0007911677850559497,0.0043356508315540165,0.004117086529516199,-0.014928191827664562,0.0,0.0,0.0
4633,0.0005078478246639267,-0.0009320961123434884,-0.006328929771879639,0.001859479091035122,0.00801537579526077,0.0019335769725383973,0.004400184367229105
4634,-0.003965669836654847,-0.000965272233831445,0.005015703677942961,0.014507908910043851,-0.00041819404473952213,-0.0026262317954465954,-0.0029431893644500046
4635,0.002100650651573697,0.0018042487056285105,-0.0008776953486821208,-0.007816111193316468,0.005405362515803365,0.0019366564173183267,0.00894314849517861
4636,0.003047693082005995,-0.002459363876359959,-0.0034732717475902323,3.8834587754701796e-05,0.001649743605469343,0.0014468458087117293,0.00025899681628739174
4637,0.0008427995695692146,-0.004929330609462912,0.002703830550795107,-0.0005186854928855092,0.0,-0.0005506111443117868,-0.005253188686469074
4638,-0.0012366664584329667,0.003647441067280057,0.0025230616766977005,-0.005881369726443264,-0.0016497436054693636,-0.0008272278346853733,0.0007418990089726264
4639,5.628857267965692e-05,0.008741358828381328,0.0034318839431629125,9.281080285215923e-05,0.0,-0.004264451401388694,0.0022615025124876568
4640,0.001853441921133088,-0.0010138816746432392,-0.00032568016666931123,0.001202518655589601,0.0024722712791849064,0.0009396927183678014,-0.003134456538871377
4641,-0.0007853428575931954,0.0025149891976225486,0.003191963846545466,-0.006205302211635304,-0.0024722712791849467,-0.0009396927183678246,-0.00210227670805582
4642,0.0,-0.0010716899622748746,0.0,0.00545466532111958,-0.00041341695830380876,0.00038308324531390763,-0.006190415078933798
4643,-0.0009555438000079062,0.004119169184334925,0.0014529411992179717,0.0017338827729835584,0.000413416958303799,-0.0018838411755746742,0.0028408571086214578
4644,0.0007870711211372752,-0.003445226846799955,-0.012480115467275552,0.0007020635154420098,0.0024722712791849064,0.0003145415449218952,-0.0035539844969382475
4645,-0.0035531075868845286,-0.0019019778847570003,-0.005508388969323695,0.0015626490879206067,-0.005374488641182957,-0.001855588097658451,-0.004664091308257886
4646,0.001187602031799579,0.0010133798412942352,-0.0021893001567149526,0.00808672974371547,-0.007130055068965412,-0.0004563576594801611,0.0017549093758360559
4647,0.00033871922832605074,0.0004292053678895792,0.003140167455534121,0.009459538906025244,0.003369906195658703,0.0010173711163439815,-0.0008540700528389017
4648,0.0023636663554690526,-0.0007360405381366977,0.0005583627432842263,-0.0005754891138142368,0.00500633188590473,0.0002802351972714189,-0.008909849699566944
4649,-0.002363666355469049,0.004701392053602856,0.007139248140352742,-0.0015048512955381425,-0.0020789627153364985,-0.001719285591247948,0.004386850248112494
4650,0.0015209758086147144,0.0013642293641308182,0.0007677894090465663,0.0011217338859028933,0.002078962715336482,-0.00042208910610323986,0.0072143599458892515
4651,0.0017397618328190373,-0.004441859691202123,-0.010369221338471311,0.01011730950478984,-0.00416792528980099,0.0012299483777307987,0.007448270856446439
4652,-0.0012901234006229552,0.0003362477240598568,0.0037993327049878427,0.001230208472872936,-0.00632786059034647,-0.0005969684539977057,0.008703587521878588
4653,-0.001744948098085801,0.005465569355915839,0.008483444554437452,0.003632281854322026,0.002119547798584114,-0.0016547254138897416,0.00586286127150699
4654,-0.0016387424264835391,-0.0005736848719739878,-0.0007097654813463686,0.003082834396610414,0.007961240933976857,-0.0010948754580252062,-0.0050450211808516455
4655,-0.0014744929976599065,0.0005133326648313549,0.0007643148103002895,0.000375604030153794,-0.0012473761047237324,0.0012712100586454449,0.0007304484722035799
4656,-0.003192936921904852,0.0018069278485360009,0.0013615111843924784,-0.01162994409550595,0.00414406275895533,-0.001766576150045622,0.0027389573283746597
4657,5.72230690468267e-05,0.0037404585948281155,0.003951357372619482,0.0021903323041985966,0.0020572965136802885,0.0004953660914002236,0.0011928833763455513
4658,-0.0022373056274550005,0.0019027170934499762,0.003220987436085317,0.0027298040665533867,0.0020475968241296795,0.00017677961814780175,0.002714349347692785
4659,0.0021228519485997086,0.0009778408185705972,-0.0013391761517828921,0.008375717703468743,-0.0004087477778462367,-0.0015581358203781842,-0.00373662007918069
4660,-0.00154808415440544,0.0005620021323116254,0.0011786928777120875,-0.007606834335388586,-0.0004091328441092604,0.0001773426795466478,-0.0013667815589502288
4661,0.001319086267789673,0.0022701708191616024,0.004894709698843583,-0.0029506023330895586,0.0,0.0005315939485014681,-0.00689918372056996
4662,0.00045787508922677024,0.0014384999539741594,0.00158424719174378,-0.00450484790612661,0.004884338064609383,0.0001062407511894594,0.0029455553538300567
4663,0.00011439338454191033,-0.00014656761028127949,-0.002166588877209302,-0.0056656679068123736,0.0,0.00038932721738040976,-0.002554553443044862
4664,-0.00022881690829765352,0.0011419177180106094,0.0034823945310820384,0.0005642758783794515,0.0028240335209992634,0.0014833199944492704,0.0006508885894898772
4665,0.0015421796979040092,-0.0009367369108119277,0.003193933666793121,0.002468568319662197,0.0012047011383711345,0.0021453631832558467,0.0017309488115490915
4666,0.00011401797962645597,0.000527163101631209,0.0010420988369070302,0.000843820630400642,0.0008012815592273696,-0.001933873292587465,0.008933689028708473
4667,0.0,-0.005241396439831359,0.0,-0.0034790157447927806,0.00040008706827945016,0.002039110031983317,0.0019839506387363736
4668,0.003689382616645453,-0.0026744185351184843,-0.011923799609850351,-0.004982683777165124,-0.008480217478070585,0.001225881443534753,-0.009021530562705542
4669,-0.0009052519836318506,-0.006758999187973441,-0.007989732275474247,0.0013512262188165643,-0.0028639400755901216,0.000698953207765825,0.00042978180835916396
4670,0.0009052519836318042,-0.004656950094366765,0.0027698485156874173,0.00540563500417947,-0.004538986020325442,-6.984472223323074e-05,0.002996622409739923
4671,0.0003954551653163885,0.005896453477117575,0.010536322801845029,0.0024956954846162764,0.0012426173910963134,-0.00034939220058326757,0.0033572518152401786
4672,0.0003421887099448715,0.0050124733809579205,0.0009500855362117923,-0.005449745371885616,0.0045260848314032836,-0.00027971628494932385,0.0050923236964592195
4673,0.000341919305342838,-0.003957152497415792,-0.010567037321366348,0.001067513918645975,0.005288897462196214,-0.0003498988925177193,0.0026695096384669794
4674,-0.0015407612259851998,-0.002325100294184428,0.0032293703036883896,0.0020008054243610333,-0.010228793169979463,-0.0004552904142438936,-0.0009991441874008542
4675,-0.0032131856160648653,0.006043449028952119,0.010175516178976086,0.004790626652874688,0.004120471913926805,-0.004225372865747128,0.0021619145791917996
4676,0.002870050637532169,-0.007225863441796439,-0.0019950700356375296,-0.006676162734395908,0.004487817577725401,0.001483561283248544,-0.003121589570623284
4677,5.720799348334702e-05,-0.00024294496509537117,-0.008555971010579186,0.0023464761065627943,-0.006543166808682406,0.00014264887035809497,-0.0066080873322640725
4678,-0.0010882425946228673,0.0010618823178871093,0.008134785881772277,0.0009121623530865418,-0.0004122396910409582,-0.0012497691557063367,0.0061901749810168
4679,0.00223082279036971,-0.001700260210450215,-0.003437356309214477,8.54747550538159e-05,0.002877494079282925,0.00035744403820564975,-0.0026421357489971905
4680,0.00250314515380452,-0.006096428672623247,-0.010968158367724818,-0.004287307585440941,-0.006027634433589755,0.0014980606378055322,0.00067254288609233
4681,0.0001701447551256905,-0.0033758842495058977,0.0021785572741243654,0.008766228576247696,-0.007813921377704158,0.0009247879439951745,-0.005920366996005784
4682,0.0019236629138347759,-0.0066420592115175444,-0.0016328925687139906,-0.0017646061384742721,0.0003655915555229976,-0.00014214695549557017,0.0014452408741811454
4683,0.0004513909533581056,-0.015621244285540698,-0.005542975689109217,2.3972664812406267e-05,0.008545104488750153,0.0034692766183832668,-0.010958390010210718
4684,0.0032586284769798458,-0.010265921329861387,-0.0037721561414029168,-0.0033344747138663445,0.016724617421977308,0.0017945351502047522,-0.006975534838937736
4685,-0.0010647911851922665,0.01042952821893225,0.0012239924322584984,0.009317406827331093,-0.002904990643407514,-0.0024296750646976063,0.01186575405858677
4686,-0.0008986955755358913,-0.00029354139806413496,0.0058495439694678806,-0.001364462192243951,0.008180858177080889,-0.0010252387825479348,0.006322714794274435
4687,-0.0017465326696097508,0.011526060073256688,0.01034534744172063,-0.006471683055424619,0.0,-0.0013115869929093192,0.0016931580194471847
4688,-0.0005648992496554208,-0.001878618306140402,-0.0029538475961531857,-0.0024763935564161513,0.020029997731097576,-0.0008884551232895264,0.005040224639522075
4689,-0.0002827254067054579,0.0016561557954525065,0.001613679644129796,0.0012690599107273966,-0.007345536325031765,0.0011723773247262225,0.005106231099612381
4690,-0.0017002285133427804,0.00771917365438329,0.003688865564792063,-0.0002031028110840395,-0.001391227506546165,-0.0009945408364693284,-0.00012383058067134443
4691,-0.001194132879329547,0.0010293191088216129,0.002918121846239014,0.0036306665946910814,0.004620197636745955,-0.0012107266274136428,0.0019770647887499904
4692,-0.0003417847620556673,-0.0012479735078954166,-0.0021734648669044796,0.0022389555815655856,-0.002303954909565475,0.0001782598563375597,-0.004585696587587043
4693,-0.0011412290942353182,0.000249881757125745,0.005439644487347635,0.0014702562620901793,0.003680483738368175,-0.0016427571735360394,0.0054478402861342186
4694,0.001312155097846822,0.007890573139694707,0.005942191948806299,-0.00019966451844787212,0.009963396928178523,0.00010732595677899245,-0.0033348841909859148
4695,-0.0003989320368853009,-0.00015334715808437856,0.0014471327793346156,0.009343282329246803,0.0008945306600298182,-0.0005010815412178344,0.002267215675814384
4696,-0.00011404792132370925,0.0072399299880411905,0.0019049163171015854,-0.003661300302124296,-0.0013424878755087235,-0.0006450983752750108,-0.0016064403761818238
4697,0.0008546302828186817,-0.0006641974601440341,0.0012311687392024308,-0.0032435961052314642,0.001789063217585324,0.00025098546608312187,0.0009892817077310477
4698,-0.0017109456740883222,0.001718786167655517,0.0008188444224580679,0.000386252012554551,-0.004486553143816525,-0.0007533919629190984,0.000822683485075118
4699,-0.001316305031363183,0.0010520340727134382,0.0009703767377116641,-0.008727573095693539,-0.0013550540849670695,-0.0012945775379182207,0.0053503829126366025
4700,0.0003437687371342611,-0.0008715042868633122,-0.002147951651192678,0.000608744551413063,0.0,0.0002520258204050179,-0.0007719348265711069
4701,-0.0004010899913454055,0.0006312639367165736,-0.004535215582463288,-0.0052238685527732,0.00762333067920508,-0.0019479974534436309,0.00693853239702277
4702,0.00022923963683631974,-0.0008117937225666367,-0.003537212603177187,-0.008729791849311531,-0.002675333810768555,-0.00036170109686371597,-0.004384209357994679
4703,0.002342755994605166,-0.005085544481410745,-0.006790513246287998,-0.0014122127179906467,-0.006761337631903551,0.001589236404482515,-0.0041839477725357605
4704,0.001138238056619112,0.002762059689322561,0.0012185153566980557,0.01556351192597861,0.004069421067692351,0.0010083126828917964,-0.0032777097612349763
4705,-0.0006825847879067752,-0.0006055417627746757,0.0028474970904953665,-0.003872718443454978,-0.0004502794409626806,-0.00025185878451780677,0.0008217495013719821
4706,0.0021578483608630517,0.002025250253597983,0.003924138033834994,-0.005994828183613965,-0.0036191416267296653,0.0015089664618000661,0.007286239814835132
4707,0.001413812310208521,-0.008465691273530154,-0.00645432301919912,-0.004143715248711293,0.0004540455007428108,0.0046731386148072445,-0.0032006548214644206
4708,0.00022578346331409913,0.0011976309370920575,-5.2869253445643946e-05,0.0012441888447088832,-0.0059399434787747556,-0.0010301865674860141,0.006858485492012024
4709,-0.0011866748805323241,0.01096165019017226,0.00894836842447065,-0.0023464551359626685,0.0077513933704767704,-0.0005338155487142875,0.0032698848360744226
4710,0.0003959186799331713,0.002979938148902149,0.001189636078081125,-0.0065069755391782115,0.0027030864144567198,0.0009248636904668693,0.0021795014951641184
4711,0.0,0.0,0.0,0.01113457325132091,0.00044888322539131983,0.0,0.0
4712,0.0010728205619478935,0.0,0.00015492995535110066,-0.005606475708665444,-0.0008982308929005395,0.0,0.0
4713,0.0012389114472663623,0.004020179097266214,0.0034457792566649622,-0.00715481458444852,-0.004519234139392285,0.0008874384589046327,-0.00011860028708784443
4714,-0.0009006758523633459,0.003253816137790905,0.004535354668643553,-0.0006928508737310025,0.006313841990144139,-0.0014563522221398833,-0.0004747252962079234
4715,0.0018556016968845732,0.003722131500265735,0.001467639918560168,0.007102708477709805,0.006664496231367141,0.00212959473090024,0.003940278180190828
4716,0.0006728033598157211,0.0023390364086768164,0.002619274125847403,0.006792518092680988,0.0,0.0,0.0
4717,0.0003919878253765953,-8.640670159526868e-05,-0.006221293280718036,0.0015959133143143107,0.006997846981706436,0.0,0.0
4718,0.0007829158374016334,-0.00291910343812968,-0.005279150580288476,0.004363957942392012,0.0,7.08069589733273e-05,0.0043710812889248135
4719,0.0007257316766560446,-0.004459722784951517,-0.006232508041746928,0.012387778144512718,0.0,-0.0008859178175131885,-0.007204473243381607
4720,0.0013922384235221601,5.859342722139683e-05,-0.00010463666642605146,0.0046459347520312385,0.0,0.002264351104453855,-0.019129319476966573
4721,0.0007777084128205196,0.0007609960519362314,-0.00020934899508967097,0.010794715158690866,-0.006557162538107646,0.0024631903441676753,-0.003230201750260985
4722,0.0007763182285018935,0.0017219453647581073,0.0056689743945060045,0.000905470818439263,-0.0022079075612622926,0.0016110942804840411,-0.0003326652647552792
4723,-0.0014428401374112008,0.004087712294419311,0.0067166886409238315,-0.007808367397705283,0.0008845104521872467,-0.0007347582111080908,0.007424018079208676
4724,0.0012211764950320898,-0.0035346377093886253,-0.0075442120198521085,0.011201985816687566,0.0013233971090750292,0.0004200140384463615,-0.007590446317267464
4725,-0.0008877876747433723,0.0019157520575207245,0.00401936537509219,-0.0031976787013696813,-0.007105180674965918,-0.00020995624382854963,0.0009976141030719496
4726,0.001164849554573541,-0.0063014209605922,-0.007449665138706061,0.005354731701446385,-0.0017946078507518907,0.001293116139062292,-0.008384323755458136
4727,0.0008854120944541483,-0.0017077364343755432,-0.006995992872529179,-0.0005251856076605872,-0.0036116173369478803,-0.000873305104049328,-0.002717533978566804
4728,0.0006628764684063643,-0.004746110830111291,0.000265056146098541,-0.00044833482052964,0.0,0.0004194056162777001,-0.008082530111868156
4729,-0.001437513283111673,0.0038305939197893386,0.007200303369189959,0.0007320238779393353,0.0040609650044571306,-0.0005942775662562125,0.008763509446850715
4730,0.00022146582932904384,0.0030344614605439827,0.0009372142078945616,-0.007736190667544243,-0.00225140204518983,-3.498284120586575e-05,-0.009110806132214133
4731,0.0007742422458907701,-0.007014210336603775,-0.005022010942204189,-0.00031272882615910106,0.0,0.0018502184281225732,0.0
4732,0.0006073663568199046,-0.009227182569668533,-0.007054954051229434,-0.00020204730754928496,-0.0068250930345382325,0.0018076799538703377,-0.003488327845820327
4733,0.0003309330730885464,0.0009133430956279671,-0.00171467507388511,-0.014192221941227323,0.00045835833479212216,-0.0013898547165721656,0.0045293858319136
4734,0.00022048203641612452,0.002244734456140091,0.004858468255040289,-0.0011949551481225892,-0.0027574345451893377,0.0005564757476695793,0.006194479559859179
4735,0.002198685784093265,-0.000726751498952682,0.007422218338699743,0.003188122621623925,0.005952468790869019,0.0016997848778956338,0.0023853032683725526
4736,0.0004931740277786233,-0.0007886889455005705,0.0024980458485301957,-0.01124201533833546,-0.0013664231992713267,0.0006573144327362928,0.010242873153519442
4737,0.0,0.001333866552085447,0.0,-0.008612431994163231,0.0,0.0,0.0
4738,0.00027684993727926626,0.007531740564366524,0.006489815346511208,0.004977314335681242,0.007686828666291334,-0.0012462823497631878,0.00943887959115408
4739,0.0025937990118478746,-0.006654835829525983,-0.015031870574170778,0.006408204258507266,0.00044795721547891945,0.0014190946085806586,-0.0015453888684436765
4740,-0.001322557495348956,-0.004738136316044379,-0.00047657754427328877,0.0036157727917842594,-0.006313841990144167,-0.00027653263074041976,-0.007727571147855727
4741,0.0013775767494807203,0.001645980495161404,-0.006727587777665126,-0.013490485527044961,-0.0022773753386872825,-0.0018364895552179681,0.002316242727182813
4742,-5.501925413169988e-05,-0.0041267074570054,-0.006014279571286871,-0.002844541497757165,-0.0050526633377152895,0.001248272424117477,0.004595751689147802
4743,-0.00022014674500124126,0.002633394900950476,0.0004907590875839714,-0.005251193674582448,0.002303954909565502,-0.002087790970077598,0.004062653404507526
4744,0.001593541355821864,-0.004788706927084604,-0.00542909446618823,0.002029031378133111,0.0009181704940105964,0.0014277424363423135,-0.0031656031745900502
4745,-0.0016485954830310207,0.00876960294787723,0.0020919282825707505,0.001152803009548373,-0.00045884260148158117,0.001076405023469648,-0.0008970502299174821
4746,0.0009349723350725923,-0.007352050694692025,-0.006388024029874753,0.006991879288316943,0.0013750760254993947,0.0022483536595516384,-0.007243896978837912
4747,-0.0006047522087304839,0.0018420548550428931,-0.0013450865786068479,-0.011085958189390904,-0.0018344039180284415,0.0004827410379271018,-0.00429605727724268
4748,-0.002925668203258819,0.0073513166445698915,0.010097746107929703,-0.006828020231461747,0.003661092129062428,-0.001968809628479438,0.006283678512758269
4749,0.004079465342136906,-0.0073819536226004895,-0.008361126065580085,0.0007243926482329558,0.0018190371385174728,0.00262310108603049,-0.006157947901920535
4750,0.0015883162889494522,-0.0012272547394057488,0.00145118455672318,-0.006854427129655335,-0.007322314349586189,0.000790720430881412,-0.0066718403175720295
4751,-0.0007660481697208837,0.005203744870110434,-0.0008366299676575885,0.003223840290828272,-0.0032427471971632382,-0.001031660510241275,-0.0018336384175337583
4752,-0.000328720451093767,0.000272161714657563,0.004554024786700616,-0.006586698166282914,0.0,-0.0002410738235106049,-0.0014982329054000667
4753,-0.0006033011390004197,0.007016993687156443,0.007612190716228056,0.003418461019850319,0.005084932279169532,-0.0010346919170819086,0.001241759778712911
4754,5.4880202499194336e-05,0.0013068644250570462,-0.0029960854485455543,0.00630643985352376,0.006839424530304113,0.0015167058199523898,0.0017495551794604795
4755,0.0024078888803615254,-0.008354089881527598,0.001963409265068729,-0.008939219818043359,0.0,0.003120117462663196,-0.006954354988880535
4756,0.00136219446068099,-0.001696346649051005,-0.002182114787456339,-0.009309217906528116,0.0031552410434345177,0.0011600299445242983,-0.0012133559572104105
4757,-0.001143956022972024,-0.00048588996820183607,0.004732167794438452,-0.0023225151310192747,-0.0040609650044571175,-0.0019122920491424404,0.0027684204144446055
4758,-0.003835096667925224,0.004564086044076282,0.006816601560846075,0.0007857442392397225,0.0027115248242851877,-0.0017145481483396832,0.0
4759,-0.001654037096083237,0.006001896262828456,0.0022309697103247454,-0.007745859745278878,0.0067056579003073125,-0.0017213438385023136,0.0029222378975087226
4760,-0.0018267464193565876,0.0045136469680469695,0.002693717188840662,-0.0039510584858999396,0.0013287959838113564,-0.0007250038743987818,0.0
4761,-0.0012777461194836063,0.002808326521685946,0.0061692079691516724,-9.329183444118456e-05,0.0017654271542617633,-0.0006223966570253425,-0.005083556590857126
4762,0.0,0.0008156861462292242,0.0,-0.005184467949687628,0.003946165804514091,0.00010379473825420712,0.00025992687972023346
4763,0.0023857821380701694,0.0014527827888050555,0.0021231871725513004,0.001763016680261029,0.0004362576779740589,0.00038036861390279716,0.011960084592687575
4764,0.0012707563399844864,-0.0012200107173589785,0.0014440395079820428,0.004135882800691662,0.005201193685806961,0.0023096240716431135,-0.0036385332596472393
4765,-0.0018244209762967182,0.0026968595202320504,0.006895734998053361,-0.012282685402556432,-0.00043106155588775347,-0.0009292669877736623,0.005991527694566681
4766,0.004354832969197474,-0.0040953670437224666,-0.002847176082080366,0.01054773377785229,0.0034365716956142336,0.004626577986865318,-0.008975795227137697
4767,0.002897311713754098,-0.012012725765374179,-0.009853751208170138,-0.001979337893939827,-0.003436571695614236,0.005453947233999856,-0.010390315718640988
4768,0.00032678292128996106,-0.002889688389297593,-0.002197109990760593,-0.0001740352427120956,-0.006517798399439574,-0.0010448283289447495,0.0024467359470866108
4769,0.0005440923812416659,0.005402488930154448,0.002979106148090701,0.006645470824443614,0.0013114085915462812,-0.001182673896923209,0.00373085157696308
4770,-0.001306968706216265,-0.004196114593608524,-0.0060316005311177884,0.008424376241050677,-0.0008738322503444471,0.0006762079714180665,-0.0009080686456582666
4771,0.001524414940276336,0.0005417770939125973,0.003314638703114145,0.0005067310641052025,0.0021812927919912426,0.0013829434821337754,-0.0023002709590268506
4772,0.00021733741572148147,-0.004657195956577771,-0.007613830918892639,-0.006436252150566753,0.0,0.0014121223434548646,0.00026102043171906636
4773,5.431736382630125e-05,0.005768730878728734,0.00850393987986929,-0.006897839486729204,-0.003934249690191684,-0.0010418367495032776,0.009336324933292643
4774,-0.0012510213527221323,0.00041984002348823435,-0.0003139478319156552,-0.004853441241505486,0.005237785882138474,-0.002835667787454088,-0.0026042804405297035
4775,-0.00202010494723498,0.004977043900813292,0.005668295578083455,-0.0048807450918757975,0.0,-0.0040491571844911,0.0009410501664790743
4776,0.0011476989149572143,0.0012427867198533315,-0.0009309638761122927,-0.003877827514562099,0.0051753678809626615,0.0018421127314218568,0.007707817694731792
4777,-0.0007101225737551059,0.0010624224752373177,-0.004266495019446595,0.003543063726721778,-0.003443383603773336,0.0021054273683562157,0.005340095492401793
4778,0.0014735736426154257,-0.0002358693781827863,-0.004414454329529006,0.007508655247915605,0.0021553120261345524,0.0008122717116650806,0.005520941495231279
4779,-0.0010910556722026935,-0.006836615807945399,-0.0130834404705107,-0.0029663037685487515,-0.0021553120261345125,0.0028982279859294828,-0.0014763566010260894
4780,0.0009275719579052926,-0.002554062154875129,-0.0002178006474449343,-0.005165254963463786,-0.006092407271231645,0.00046997938780483683,-0.001976315046006813
4781,0.004176723019405635,-0.002417622174846065,0.00038107948209117047,-0.007914407630193559,-0.003078556053935104,0.0030758475249089193,-0.0012397795513442702
4782,0.0015626966392477408,-0.012263030216816762,-0.00476018874896922,-0.0011218347953002303,0.005700059880314287,0.0027894832465339995,-0.006420521104397841
4783,0.0027346245766162345,-0.01245895602496068,-0.01448808066705676,-0.003416214421721462,-0.005700059880314317,0.0021462990898127882,-0.00025208154828003745
4784,0.00032059141360032907,-0.006138311778483337,0.002834830443323148,0.011923490303376645,-0.00846778508754791,0.0003292604266146975,-0.00977511966236786
4785,0.003192964868110336,-0.01790097233129014,-0.025186076412291536,-0.0023576880878198995,0.0008991607392092461,0.002559699837678502,-0.007981665393096077
4786,-0.0031929648681103123,-0.0018688130002282035,-0.007490104394653779,0.012248998564225342,-0.01694352552906678,-0.005233915063250058,-0.01315605782238931
4787,0.005255874147757079,-0.038426723677096916,-0.04354266223178341,-0.006836028461140471,-0.008488110225518566,0.007225271459049131,-0.0033067692668324235
4788,0.004148923756578949,0.0025223870675055104,0.03155880852334355,-0.00193651216511221,-0.0062351465951874935,-0.0019586374835214343,0.0031262269728556617
4789,0.000783312570740745,-0.008742222823358101,-0.02091380300805225,-0.002113151041652136,0.0009650992458343457,0.005074199362691317,-0.001537647382044169
4790,-0.0028265619870421715,0.008112998168833183,0.01921942169382183,-0.002021913622248176,-0.0009650992458343633,-0.003767460053063894,0.003204806749507093
4791,0.002200024996574081,0.012414474857683896,0.003569306439145891,-0.009968630735174682,-0.00193665641731712,-0.0007508946117031468,-0.0016671593674628664
4792,-0.0010462411272981213,0.0009708122609747413,0.010474342557041848,-0.007429754354826892,0.0053051623609010655,0.0,-0.005131578127850375
4793,0.001724948756535019,-0.007827949581772926,-0.004528403950531489,-9.538226412241085e-05,0.0009576508442721422,0.0017609201195783598,-0.00013706627284420904
4794,0.000938001405463694,-0.003230061746118829,-0.0021583724746874473,0.0014192102824294966,-0.0014372693158828467,0.0025310120641116574,0.00314163127605405
4795,0.0014550983449767142,-0.022454824607175787,-0.023041700221959737,0.004555276724934053,-0.004825543889290451,0.004025597784953754,-0.00977221017506809
4796,0.0,-0.010245954465963667,-0.008026880030888764,0.0017126185723760463,-0.011306550383345607,-0.00035275905952286885,0.003143725114181488
4797,-0.0006749751211910733,0.00047641779920332416,-0.002463994316368696,-0.0003790462655878119,-0.005009219107853444,-0.00035304582374572904,-0.0042587308149726714
4798,-0.000884245612657412,0.007903272816230836,0.02060693643673408,-0.010401605594963347,0.0065007871976005705,-0.0004176063241820616,0.007013832982874567
4799,-0.002454090166950862,0.009328419754735973,0.003867747790877168,-0.0009046390929986749,-0.004991945557499769,-0.00196491812254371,-0.001650963059856951
4800,0.0013070932695251301,-0.010303617725692674,-0.008992981863808983,-0.0030501254430134886,0.006478408441288367,0.0013216617183385874,0.0007345362967135318
4801,0.0009386771995104748,0.001131026634953974,0.010001796444955541,0.005264695507352708,0.0009881562440663002,0.0009324112391621518,0.0016481783800741214
4802,-0.0017747635737837904,0.009439462132215614,0.020300704415347,0.003019621793363939,0.002951049736882615,0.0,0.0
4803,0.00224334245243962,-0.0036358860329763257,-0.00042091541866312197,0.01641671806527468,0.004389313428861011,0.00016055842613475836,0.008686179185092999
4804,-0.0013127828202429653,0.009353109679193613,0.002997627043827117,0.003173498080355796,0.0,-0.0030284752765053474,0.007284308118999582
4805,0.0019415118216968086,-0.006441969776922363,-0.011196116339131748,-0.0016130635950820005,0.004825543889290429,0.0034456495993966563,-0.001676985145624938
4806,0.0025058532234423572,-0.012312997782973373,-0.017578081557470177,0.011140195512400046,-0.004825543889290451,0.0040545300701118,-0.0034626545067859985
4807,0.0,-0.02480972245180969,0.0,0.005218397734000415,-0.00783416024213958,0.005901988881583855,-0.00882486495408209
4808,-0.00015619294608348606,0.0016601491236554922,-0.0007667404938214436,-0.010082860859852962,-0.009490423830204774,0.00015671146631964514,-0.0007283766602982377
4809,-0.0011993491543516948,0.014101444350757338,0.01852870229477137,-0.012909826121358901,0.008501142122473304,-0.0019384632040771294,0.0037200841182092
4810,0.001251419711563106,-0.0044336712685688106,-0.007666037585935429,-0.006934808692332368,0.000996088697905734,0.0009544238298135613,0.0029712395157654374
4811,0.0018703942474487727,-0.015632247229140427,-0.013373760731753438,-0.001556466991335331,-0.002995146229358742,0.0041747242239095666,-0.009433667929549215
4812,-0.0009861486347913604,-0.00955371745524411,0.003350159478734426,0.005615434401092552,-0.009111407232258945,0.0006919024276019003,0.0021952590056291046
4813,-0.001300984981953509,0.011857450156608891,0.006370870910736515,0.0022934837876015615,0.0035660744332011527,-0.0017633790892864073,-0.0012792188391711698
4814,-0.0005736703687249854,0.017802285005265057,0.006590331043750974,-8.926552912079283e-05,-0.005103401638129022,-0.003325758921040036,-0.0022017511386142625
4815,-0.0018303726132285123,0.01159242435788187,0.008084436234100099,0.0026207468820952317,0.007632788414630268,-0.0017522817671675591,0.002567626882160567
4816,0.00031432653862054294,0.002214900829812794,0.0017695198312617307,0.0017430970719023347,0.008491364452447735,0.0022924688638728554,0.001095781443994114
4817,0.0032867659259497714,-0.013542047175526716,-0.010040869983419364,-0.0015770650649969192,0.0,0.002217247448483199,-0.007357981708256289
4818,-0.0003639702545656383,0.010469241909255023,-0.00747989302747334,-0.000487344002811034,-0.006478408441288169,0.0002211034175061276,-0.0017659939061122362
4819,0.0009872104694937684,-0.00915168466769561,-0.017398680692427632,0.00283663888176906,0.0015036177116782333,0.0007887374255816852,-0.0021474348996127807
4820,0.0033604288039046143,-0.02629405783273071,-0.010216022708690264,-0.005569781200660313,-0.008080130409792243,0.0027336934977511035,-0.017280508205272396
4821,-0.002634443829277695,0.006807658119735687,0.004436416198675683,0.013645034647707277,0.0,-0.0020093180381977214,-0.0043067644360217285
4822,-0.002129535302875812,0.009567071242501743,0.008280096798221778,-0.005621917118609987,-0.011361502390625831,-0.0023665613210289414,-0.0008862150988391353
4823,-0.002558827773126765,0.02680851482389157,0.009667968942763394,-0.003640512392054713,0.01390272954712361,-0.004804156293769771,0.007766368196973646
4824,0.00041879895425071345,-0.009145011141349992,-0.016412629035368463,-0.0037181702891174316,0.0030299737920124205,-0.0020844892388533405,-0.0015033378797846663
4825,0.0009408236528413161,0.0054868810959736985,0.007465807409174999,0.00832303348322324,0.0035084569034078876,0.001155722248312052,0.002325544951173011
4826,0.0002609786040331923,-0.009144202190903625,-0.0159447108562187,0.000233301128605644,-0.001500155142407072,0.0037985647583367406,-0.01649636003205819
4827,0.0031195715257679706,-0.01605030987591932,-0.024531878927422614,-0.004662368590819835,-0.007070066308688484,0.002977234624904037,0.007759906271182293
4828,-0.00015544752844014404,-0.00598296478246087,0.024531878927422614,-0.007670219914039513,-0.003578668128498319,0.0021410921906000685,-0.004509745304548792
4829,-0.0028076120795173143,0.021677700352673603,0.008945134819683731,0.0037786823559027706,-0.00412634440874723,-0.00362715826505926,-0.0024979620338848488
4830,-0.001986664149601292,0.01373269969321755,0.01130149261696522,0.007618614933971172,0.007705012537245571,-0.0037854876802764685,0.012445951728340702
4831,-0.0020484387972822876,-0.0015344755188122566,-0.0087792189351752,0.0008587247303453884,0.0030441326637202625,-0.0004155469543635261,0.0008269035585845987
4832,0.0,0.01625517938558501,0.0,-0.0026520995060399038,0.0,-0.003983791490647465,0.004399792471016776
4833,-0.0022168701806296737,0.00048096680511092356,0.01897123307550188,-0.0060953288480636025,0.008510942336838453,-3.227635406318314e-05,-0.005421490597522783
4834,-0.00111269311399538,0.010701317875145635,0.0044750280879111365,0.007952324191949484,-0.0009926735336785993,-0.0041187180370610855,0.003879386955393372
4835,0.0018000772308000988,-0.004824939247873141,0.000876983241413026,0.012428621751565987,0.002971239515766587,0.004021874579885007,-0.008187122273974758
4836,-0.0010579651563336616,0.002509854068769142,0.009531713681069622,-0.0030393050186477664,-0.0014830787841285955,-0.0028828902346730795,0.0029417214431914107
4837,0.0019552135999671098,-0.010722051905991596,-0.014757034670549701,-0.00882508995471729,0.00590216760417342,0.004011389096498079,-0.00039108015421004965
4838,0.0004742644816551029,0.005283947506173692,0.014940655763512528,0.00048694516277596195,-0.0063976548021327725,0.002184164412082219,-0.0019607007655273786
4839,5.266409779208834e-05,-0.0005880268064673832,-0.009214995453825855,0.0010380901438121221,0.0009904097380210072,-0.0018300981111351762,-0.004692451198377597
4840,-0.0005796566171373558,-0.008879763651631786,-0.0016909605343062792,-0.0011016915842612604,-0.004474739457435825,0.0023744271677115293,-0.019553536375678526
4841,-0.00015822253447355349,0.012724236811075866,0.011639664987482336,-0.0010839780640109296,-0.000500051272174158,-0.003147307956421564,0.007825337511957568
4842,-0.0010034168938869692,0.008017972015848805,0.012108862729622655,0.006245024350411383,0.007932539836581532,-0.0005805645628226792,0.017451121605944173
4843,0.0026356099939309264,-0.0002147669121023207,-0.01101061816090703,-0.001021548386789857,-0.0034526716470331406,0.0017072232287590272,0.0015655557587447655
4844,-0.0017904732992947863,-0.0002865211925818872,0.006351658670353915,-0.0014818676296150793,-0.0014881607316380042,0.0014122366449041187,-0.0020068870604417455
4845,-0.004348814884142614,0.024652376700938894,0.023721236569992636,-0.002068090872421489,0.008366271402471752,-0.0063590279451670225,0.008213277564959176
4846,0.0026568936523558508,-0.004388740349319353,-0.002108921504875778,-0.007296399695110796,0.0062907264384884426,0.0009095175720046391,-0.002946673158054321
4847,0.003377276660084258,-0.012452373947241363,-0.014051929606376332,-0.007439832161474474,-0.0028920938080581903,0.005577668096525933,-0.0042864765210233816
4848,0.003976700149712053,-0.021865441243142367,-0.01039203045580416,0.0015512573244520422,-0.006333065969478922,0.007526625602060388,-0.02085655884173423
4849,5.2083046401782376e-05,0.0060633543585857435,0.007015056143464483,0.01185740439116753,-0.007923494249159313,-0.0011033509993404681,0.0026625069313224005
4850,-0.0008862623797517872,0.015309170516550489,0.008831017610497635,0.0031517144974650734,0.0,-0.0029454542669156343,0.0036598066180130143
4851,0.0007820900401050566,-0.011060426033143141,-0.0004664817654760048,0.0011265830133391495,0.0049690986251065255,0.0029138887269157558,-0.0002025155000089659
4852,0.0008846694320686843,-0.0038110578936746513,-0.0005253916007560336,0.0066465121960660525,-0.000989281707732292,0.0020155835193674033,-0.004121389143631301
4853,-0.0016145762961540988,0.006943651994207478,0.0053409431762996866,-0.004015605466751665,-0.00548170134869459,-0.000597400648491052,0.0032596431716735035
4854,0.0026530619222634296,-0.02019484396262328,-0.022072980221321786,-0.004956052928867195,0.003993540617056628,0.002728757753156718,-0.001983431610036081
4855,-0.0016107129713899286,0.009957739770137626,0.003747588720933278,-0.006660434054757716,-0.012092506920109172,-0.0021313571046657075,0.001221644917780698
4856,0.0,0.010703258575243657,0.0,0.0010503894036269217,0.0,-0.0031218252926151677,0.007858012934136694
4857,0.0003642318997803313,-0.008176047627609415,0.007044381090698224,-0.0038203254577163686,0.006591870000916703,0.0039693519257529225,-0.0022020048561252384
4858,-0.00041628997378950305,0.0028392498735107918,0.0034798005729343006,-0.00023880615606729132,-0.00302997379201242,-0.00043925178911662115,-0.0083584068816624
4859,0.0005203001483738006,-0.0038996200045935568,-0.006987708539572207,-0.002273716045561952,-0.006124112973504375,-0.0008169338633347504,0.007152590794022833
4860,0.0011424708970252575,-0.009773981968225171,-0.006071625317996433,0.004207135884791296,0.0015391433070201842,-0.0011967513238089916,-0.013230340466559852
4861,-0.0019231550581780188,0.0009350528563725999,0.0007258405286823941,0.004421966188825366,-0.0041165661948323615,-0.003387624944898052,0.0028434357277695656
4862,0.0010406006701394782,-0.015130563406310917,-0.010707245756741191,-0.010031501981548884,-0.0015538280686203548,0.001681285291838503,-0.007746644343155779
4863,0.0006750558260868189,-0.002483019703013142,-0.004796129791511561,-0.003548695418623887,-0.0020804565864724857,-0.0006336828758374011,0.00020977876601894135
4864,0.0014504123086608062,-0.0077333821670996115,-0.013679196230642881,0.016502960499347356,0.0,-0.005006791411804912,-0.010131787260160207
4865,0.0,-0.0032999144436568627,0.0,-0.0023447278501267546,-0.008954842652926403,-0.0011240758256564432,-0.0009671290244721404
4866,-0.0020735034943136495,0.0011160290184566303,-0.004809655810984508,0.0073715201730048426,0.0005318977785538578,-0.002063007430222942,-0.005031434265827923
4867,0.00041549343700438327,0.021170342937076012,0.021173737700393262,-0.005882347992141497,0.006856035843658278,-0.0010351903166395515,0.006856429212503825
4868,-0.0008313847610093668,0.0038875966049470244,-0.000747602219161122,0.005333556502711161,0.008805317954632947,-0.0015899326370805735,-0.006203927051091829
4869,-0.0015718239448896316,0.022942843390378494,0.023956693577514735,-0.013773061112368073,-0.002571318831057075,0.0008443625279550852,0.02301471396618516
4870,-0.0004726586520269252,-0.0009991168233102776,-0.0028416316117223306,-0.015653026738617477,0.00868107233159278,0.004133093921474541,0.006749237741090265
4871,0.001782906679893346,-0.00042889755628202643,0.0010677919153522985,-0.0022928523611879105,0.002520578647650706,0.0010592162157376946,-0.0010158939881494838
4872,-0.0003140992050389926,0.0010714507455220432,0.007809466979266551,0.002984813163428989,0.0020059826975987655,-0.0018955735240274185,-0.0022433669516121763
4873,-0.0008387101834729154,-0.00282719172954143,-0.001690884860688033,-0.006769466505719519,-0.0050324373277858755,0.0002253316118692952,-0.00220363476174174
4874,0.0020937462845394043,-0.002303954909563197,0.0023305367539117,-0.006412325972502656,0.006031964769911738,0.001763797624991977,-0.007096388316219511
4875,0.001407593935086726,-0.010632735195716404,-0.014895609422810971,-0.0012367679705800087,-0.0020036689838513794,0.0035379952367392688,-0.0035658283839720708
4876,-0.0018255364496256564,0.008896712303539733,0.014447100256350594,0.00031623821965970556,-0.007086547380227124,-0.004370897795597454,0.0005788138375352725
4877,0.0012005023068596761,-0.015080800665399505,-0.007669077662929795,0.0033100252460422073,0.005577705740125228,0.004275654296133148,-0.010000118804038973
4878,0.001093220130150343,-7.504656695884792e-05,-0.009202900372178807,-0.004251332727070747,-0.004049395135707469,-0.00066728998823743,-0.003240615572454174
4879,0.000934860522939623,-0.0067316236066385995,-0.006307101562234792,0.0021536792922779713,-0.001528310604417718,0.004271939071863381,-0.008872402653200051
4880,-0.00025948168418649727,0.0022049312024902245,0.005455185533610675,-0.001604933819324931,-0.007204102091326914,-0.0006302344480009614,0.0034719495058225945
4881,0.0015028402294557238,-0.004644090777451915,0.0030349143904344613,-0.004719892877579648,0.0015538280686204803,0.0031420660994978204,0.005454662032415717
4882,0.0005170173014228895,3.826888859134913e-05,-0.009230900925673366,-0.006214107191646227,-0.0052011936858078825,-0.0013483035068327775,-0.008539465842644579
4883,-0.002331440336473475,0.014969372740064857,0.019275604317144306,0.0006550985632241708,0.001566909030714263,-0.00242491294630631,0.008972893505269386
4884,-0.0006758639377747157,-0.004945147055165723,0.001533985636327375,0.007338345014551487,0.00569744521886769,0.0006311503536413083,-0.0023892229805652495
4885,0.00015606198235958672,0.005462428275640983,0.0027007720089287464,0.006317119530062845,-0.0030984279953778786,-3.153574280872724e-05,0.005196007925256803
4886,-0.0019286949817072067,0.000627300010702332,0.0008186514806797784,-9.790810938937695e-05,0.0,-0.0006943663253788423,0.0008599893540902711
4887,0.0002611355270205537,0.0011047944953169932,0.0022143064623308356,-0.0036531040223267914,0.0036126903194154585,0.0,0.0
4888,0.0024989442156967143,-0.007643483347389164,-0.007740803305967206,0.001560639799871615,-0.0015446174500433711,0.0029904786576409365,-0.005348721424342442
4889,0.0003632309636819559,0.004802173658361554,0.004649311164889819,0.011313404756916823,-0.0010328054377682343,0.0009087956540046118,-0.002016049769346575
4890,0.001036131904811696,0.0025469725161856287,-0.0028778832219083757,0.0018730903360442345,0.0015482885628612427,0.0006881648372961062,0.005858670415833773
4891,-0.00197076888369455,0.018658192448111195,0.007477948226481018,0.008992341301447406,0.0,-0.0019421741743201888,0.012324251616732406
4892,-0.0005201132141454589,-0.0015186989592288404,-0.0022648289336026496,0.001236526320326026,0.005121456542780779,-0.0014151022031595331,-0.0007863382229763239
4893,0.0003641446429222169,-0.0003893589486870732,0.0,-0.010389980730568482,-0.0020413409235710573,0.0024185991779705316,-0.006608784200476448
4894,0.0008830822003669639,-0.005093690616180423,0.001046773494749743,0.002238328488859305,-0.005145729415250727,0.0007823718237352917,0.005084481277088703
4895,0.00031124785032854863,-0.002011124985335418,0.001507565803485697,0.0007325319132936872,0.0,0.0005936613864559869,0.00999379435019539
4896,-0.00041504672317029933,0.009330069736730609,0.006663027122846236,0.0060544522665942424,0.0015501306709480253,-0.0011568269919383987,0.011125293017721973
4897,0.001606101316207936,7.045660007306076e-05,0.001649905695031474,0.004527168128441216,0.0005154831250929737,0.0018120362918289414,5.0152373971193595e-05
4898,-0.0008282138040950776,0.0029489028084366447,0.0018698858428935177,-0.006743336521898009,-0.002583555994464992,-0.00043669634841292664,-0.0006524330417242938
4899,0.0019128530216100245,-0.0053508629587883235,-0.002153905525962991,-4.3627613243793813e-05,0.00566367161367469,0.0025205425269514657,-0.003935316144834307
4900,0.0,0.006224660046248531,0.0,0.013602530593462246,-0.006182232250691405,-9.309302637899141e-05,0.003935316144834328
4901,0.0001547275648109966,0.007854641649063248,-0.0008531752110053452,0.0014816454043915077,0.0051579523374470325,-0.0004968334383164305,0.012524547669290153
4902,-0.0010842523755684463,0.00249605042307555,0.007171117775654867,-0.0005652843200053397,0.0035744603582976574,-0.0002797187871505827,-0.0036260835337387463
4903,-0.0018131244640664154,0.0029899910315781225,0.002791105248814029,0.00150349488893665,0.005055871789888329,-0.002275511911613799,0.004990258482327605
4904,-0.0015080587475774653,0.0,0.0014443165690252225,0.006137296182162372,0.004997690155509889,-0.002790480588247034,-0.00332045970645031
4905,-0.0008864752063101359,0.001014628174066186,-0.00127741930882732,0.0036901124594576856,0.0009926735336780268,-0.0013862149747824635,0.004486351633243112
4906,0.0003130802600345223,-0.0008453587788128828,0.003214137415092458,0.004871580882586997,0.0004954871979600001,-0.0008212116286519613,-0.0004368427680022432
4907,0.002237161307795845,0.0028339055328621605,0.0032453288160607446,0.001238385683050118,0.004924026465685966,0.003055873095301831,0.0027592786870328408
4908,0.002174065116983176,0.004715730900449827,-0.00016443282151370675,-9.604772314635738e-05,-0.0009803491339013797,0.0015042687236791687,0.004989739611669642
4909,0.000979941649204893,-0.00029947902478807503,0.0022418776579803423,0.0024861106334169644,-0.0009825671202571373,0.0001876677660746289,-0.002295835206799046
4910,0.0009777354868634282,-0.003609949519384791,-0.003394653929835113,-0.01470904733339703,-0.0014780314274004695,0.0024012322046073073,0.002677297226846989
4911,0.0007190307634232425,0.0005702264725266684,-0.0006601057360571458,-0.006134861225535918,0.0004932362618794159,0.00043516484793633506,-0.006869687056144773
4912,-0.0008732637861404376,0.009777714639912873,0.010066789013933092,0.00012665365504610705,-0.0009870333382763815,-0.002367582122447173,0.003712559395000783
4913,0.0006166037219934335,0.0020925167969059475,0.0018785553440926407,0.004899158064852797,0.003934744757955927,0.0009672834360387557,-0.012368903994464433
4914,-0.002781637076966548,0.007085001372492038,0.008958121646353425,0.010458226444706403,-0.002455034699907593,-0.0031908259326846864,0.00996176734815908
4915,0.001186950187325083,-0.0003531241131061213,-0.0016294275016103326,-0.0023660740920335823,0.004409118905055016,0.0019423142724698881,-0.0038793869553933294
4916,-0.0017040290457696085,-0.0002891334453880798,0.0014195219963623522,0.00833012357943772,-0.00048769739196224434,-0.0031685583301595713,0.005421490597522772
4917,-0.00020700404677095045,0.0014757749420886105,0.0004721447994321972,-0.007360770106573898,0.004852502794412102,-0.0012297162021725077,-0.0005776473676726256
4918,-0.0010365028354398476,0.0018536403112793787,-0.002418595375242645,-0.0030831041744226752,0.0,-0.001454924248175865,0.006122314349173444
4919,0.0019672450269260663,-0.008176862876230932,-0.005785371043839272,0.009216649545796003,-0.0019344997771986244,0.004318864323764146,-0.008828207725097608
4920,-0.0008789819289967855,0.004686734716501837,0.00546890674863444,-0.001053560520435628,0.0019344997771985665,-0.0007220714486417621,-0.005610172416384332
4921,0.0013436060847092208,-0.002644212765686475,-0.0015857897922399303,0.0024995198708486393,0.002406069765879391,0.0014116269198533337,0.0005397706249239113
4922,0.0002063401782030345,0.0017431197789677107,-0.003455871981550067,-5.589315083084536e-05,0.009962407476729681,0.001906242556470762,-0.0024096115274482334
4923,-0.001964201195385343,0.003657103227641375,0.007304576644805274,0.013322569863866634,-0.0018800656283040331,-0.001812297035990475,-0.008314253864324937
4924,-0.0002072757380488709,0.003974899447213902,0.00010496543420284566,-0.010928069367805859,0.008396932546069076,-0.0010659077309611437,0.00040193846636047895
4925,0.0,0.005973018621314679,0.0,0.004416059562624118,0.003222125403574369,-0.0010056027228751675,0.003550996718275242
4926,-0.0009339669877006319,-0.0036998815114095735,-0.002631776820540373,0.002241344436736222,0.0,-0.00047217902150822796,0.01435450538826371
4927,0.0013484195844919876,-0.0028749821539736254,-0.0037114880670543683,-0.0016207018016140306,0.004107913272826582,0.003013112488336631,0.0055544483583649445
4928,0.00046578689290356396,-0.002766520058083951,0.006972525295056116,0.01242594955012982,0.0004540455007436778,3.1276834257799165e-05,-0.0013342390890626818
4929,0.0,0.0036847909681750352,-0.0017326648023446448,0.0021529841619622597,0.0031650961259883583,0.0008436242094017962,0.009628309399297118
4930,0.0014459282670677696,-0.0011402137054553477,5.260668432328278e-05,0.0049706597583505955,-0.0009019618650181483,0.0015579528900946395,0.0011188356945465742
4931,0.00010309661339885053,0.0015196206735891473,-0.0008951814254449021,-0.0037776319350093074,0.0062747456288780225,0.0012423507918503448,-0.0017728234212958701
4932,-0.001396862364681466,0.000915534084938273,-0.008624419976362537,0.0071765100697450315,-0.0022305877586861972,-0.00046546517467385603,0.0006539877267493132
4933,-0.001401369726402366,0.004486520731805057,0.004599713618091185,-0.00834458124976902,0.0,-0.0014928498752173525,0.004458151879308256
4934,0.001867489899597901,-0.0026926281512627045,-0.008271502836366547,-0.0008503539471053022,0.0026753338107676477,0.0017101290401917999,-0.00459820922486039
4935,-0.0006734453863010504,-0.003341955879976403,0.0024333316083581602,0.00034163371935472606,-0.0035707866680074617,-0.00021727916497444076,-0.006871295737123047
4936,0.001759117533138429,-0.015496629427355668,-0.010202475102280095,0.0015090445986321159,-0.0022467431479338356,0.00133300099095938,-0.010078003734324386
4937,-0.0006717626736161883,0.002844198499675265,0.004557978487338203,-0.0006527480526058708,-0.0031650961259883635,9.398618220251081e-05,-0.005275489909916921
4938,-0.0010355142767201132,0.010908210356524218,0.005428751711399273,-0.008338075048221382,0.008600171761918136,-0.0006897048011218887,-0.0006885757667421727
4939,-0.0005705870394889248,0.0040485103959682685,0.006829262148165868,-0.007724325535362296,0.006671321380576647,6.27457173517374e-05,0.006158228854990944
4940,5.190253748739687e-05,0.0014143853055334694,-0.0013894015208937014,-0.0004787207378847338,-0.00176902273884684,0.0010965851417549166,-0.002189356755073029
4941,-0.00208095502071989,0.004650580053416308,0.008375522381558554,0.003856739341757041,0.0013274421396405416,-0.0016930357871082764,0.005428751711399749
4942,-0.004560802362255542,0.005337919876526999,-0.004273599817244272,-0.002008229764375674,0.008314203699090424,-0.004928396467262073,-0.004941273287893477
4943,0.00026341632511581826,0.004241816596023025,0.0040110116951494875,0.0010543170718750098,0.0017302591886818215,-0.0002542521737631102,0.004507532993598875
4944,-0.0007907287768611882,0.00048463610207414556,5.253032747820855e-05,0.001295891618937694,0.0,-0.0033188952848472687,0.001251847488664739
4945,-0.0022217305749182253,0.000242115396877799,0.00329666651466976,0.0020211093748760847,0.0008625513895988192,-0.0007374239034127344,0.00320938208867362
4946,-0.00015913080430986193,-0.005357969880283496,-0.003664512307526013,-0.0067267410813891815,0.0,0.0006733497690542345,-0.006152127410164681
4947,0.0021169648639061864,-0.00027577171965106954,-0.0005260350472376913,-0.006944714648423782,-0.0030264546301878347,0.0028421888188532663,-0.006436999897856787
4948,0.0006857976845351349,-0.0061117076439688965,-0.003381796725597921,-0.0022168813932051203,0.001299635329681701,0.002064065693740008,-0.00913501725057943
4949,0.0010003756809920028,0.0017682645570722916,0.0053249520115988625,-0.011025291918063628,-0.004347328411687019,0.0017073334469138418,0.0022020048561252224
4950,5.2587574309101045e-05,0.005598320718004909,0.008458359304279137,-0.003989051726320692,0.0008729540263847997,-0.002531782915411688,0.002588056370737853
4951,0.0018365649150065486,-0.0006422892202055548,-0.003975145150224275,0.005391929670636674,0.009488439577041704,0.0016789551922597483,0.0011893055772987957
4952,-0.00010473760617618792,-0.007377581097648613,-0.003593319767798702,-0.003993314994162333,-0.0004268250779958218,0.0018614226623448235,-0.005177345372344621
4953,0.0012029601337146375,-0.005577193576981068,5.228998644516879e-05,0.0027840281214244074,-0.002140440418964964,0.0009748477312101276,-0.006458029509828707
4954,-0.0015697408001822376,0.0052034461512432215,-0.0018864172213124137,-0.0035322008228058283,-0.0017199803942725069,0.0006277747290025399,-0.001935861306478529
4955,0.0007855796207176943,0.007567642711300197,0.005479306156336234,-0.00307964970465377,0.0012906234814942844,-0.00040795033634849124,0.0007142163886977671
4956,-0.0025715052609180658,-0.006944908905283894,-0.0031225621533442828,-0.0040391375744593,-0.0021531748710931433,0.00021971318166967284,-0.0008163432514595608
4957,0.0015237496697244545,-0.01051855903535109,-0.008331791248375872,0.008829459769534715,-0.010044462887772236,0.000815105742013915,-0.006586582844455781
4958,0.001988579244034911,-0.004421479613922771,-0.0015467673673174032,0.010697642157016107,-0.0017708260289979825,0.0019063797312033378,0.0033572315988973952
4959,0.0,0.0,0.0,-0.004156079694682142,-0.0053562177201368615,0.0,0.0
4960,0.003898307084190597,0.0,-0.007654389081525881,0.009455317782771791,-0.004968581806900239,0.0,0.0
4961,0.0014980139711406766,-0.010198463516571454,-0.008456627063237823,0.002874091452262032,-0.0009095175720059649,0.003200095434404494,-0.00899343231443267
4962,-0.0009291933503307191,0.006933683698901735,0.005455271082572738,0.008712278408839995,-0.0036572383023027576,-0.0016747790534860799,0.005843550675024266
4963,-0.0005170788584436149,0.003425766764654118,0.008459493232962495,6.107678619425897e-05,0.0032017642365336344,-0.00037305183273391525,0.0023258909131027403
4964,0.0012399565365318781,-0.009733499651141987,-0.008788172220827421,-0.006018306173414665,0.004984133264504537,0.0019239944206222125,-0.007539572758495952
4965,0.0005156055240589121,0.0045846623520292016,0.0015863157601730387,-0.003694714279739234,-0.00818589750103823,0.0003095249806047102,-0.0008400282733190555
4966,-0.000928531138149854,0.009473079614887156,0.0056416764023965735,-0.004992402678198796,0.0,-0.0011773703659707668,0.002306179351498354
4967,0.0005160957017372493,-0.005323324715420919,-0.004006734773043672,-0.015050274204333377,0.00908599001370172,0.0013320501702568056,-0.003991126108685489
4968,0.000618506368821253,-0.0048343764517407945,-0.0014165934689450202,-0.006111837007022513,-0.0027058933759260013,0.0007725737297343406,0.0026298644119828376
4969,-0.0003091430776425175,0.005189152699676991,0.002937005811168649,-0.0016870076438843548,-0.0013592952627246254,-0.00027796824453902387,0.0030308244713794516
4970,0.0011324503989082134,-0.012460189585140051,-0.006829099795513251,-0.0013729436716401141,-0.0009085661930965674,0.0018805327268163177,-0.005871767615050673
4971,-0.0007718048626332961,0.001325079538724771,0.004437484589617298,-0.0002854888313872138,-0.0027371591564532482,-0.0016334410584454599,0.005715518474346732
4972,-0.0002575733910409839,0.009228818667303339,0.00692117408008043,0.001200918439482876,0.003191679848807462,-0.0014536808536942396,-0.0025600590958746385
4973,0.0007722623371580975,0.003932627390667131,0.003366433633718702,0.011025943529561686,0.0,0.002163287311693788,0.003236733082442534
4974,0.0007195413180441181,0.003420036777319613,0.0042902785676738895,-0.0021654950371674847,-0.0022773753386868462,-0.0005243799204019479,0.0036256160160488523
4975,0.0004619335467269379,-0.0032596206849620736,-0.005249456954410617,-0.0021301702948556818,0.0,0.0012943784943365488,0.0030837607570618447
4976,-0.001078610230964482,0.0,-0.001228707761437565,0.004257741080227189,-0.007833640707320426,0.0,0.0
4977,0.0007707091319963365,-0.0014136993472716832,0.0016552708227682248,0.00638176938335076,0.001392714657684723,0.001474581251906278,-0.004323422346348185
4978,5.1332011394895304e-05,-0.004626565221345987,-0.005794255687949613,-0.01256479293056707,0.0,0.0003372208760783711,-0.0023339462257671653
4979,0.0013836758428661133,-0.007447011593194578,-0.009666557292007386,-0.007908384497310166,0.0,0.001010094397815654,-0.003918001690900129
4980,5.116268862625421e-05,0.0018160981799959445,0.0035201366531410283,-0.0041293859247095235,-0.01174475255936233,0.0,0.0
4981,0.0009198992229906373,-0.008283298549390946,-0.0011519026797180418,0.007005992722800987,0.002847842872825762,0.0013736262855735535,-0.003160051404475955
4982,0.0,0.002311240598236272,-0.0030314478695335147,0.01152154553614473,-0.006194101996038642,0.0007308280763820913,-0.001058480860062397
4983,-0.0004597060514055399,0.0016671593674630876,0.00336087479954113,0.006014943855638693,-0.0009608288916969093,-0.0010662023989846125,-0.0006363290250551568
4984,0.000969920492024153,0.0021246676561970353,-0.0018149482379546512,0.008224771550228502,-0.004350231517589029,0.0010966268959608084,0.00042432292765169773
4985,0.001171223443485281,-0.006237430522465922,-0.007224514983243886,-0.002323373198687982,0.0014549242481742444,0.0019730344138945304,-0.00490492475310613
4986,-0.00015258926733192866,-0.004830986838114841,0.0003920889378742649,0.001496545915953633,-0.0024275886679680663,-0.0003029609344367096,0.0006429231106125201
4987,0.00015258926733198046,-0.0006799664484429717,-0.003485167276687408,0.0033360643207632746,-0.007365261010083033,-6.0617556370114604e-05,0.0014964628999382975
4988,0.00106662636153674,-0.005065115200626598,-0.010279639244570753,-0.0043063116321159995,0.003943677331785428,0.0017544831237925331,0.0036658507767505888
4989,0.00010144697124026697,-0.004011667312790128,-0.004005953040553847,-0.0012314695908220512,-0.01194011924417043,-0.00042284743215493956,0.002689791654432021
4990,-0.0006090375875812512,0.006756900738735805,0.009917936442554249,-0.005405546607157525,0.001007644261554052,-0.00045350814998847523,-0.003749176206821883
4991,-0.000915160801561917,0.00486428511107569,-0.0024583311505853175,-0.0029119571174454906,0.005003447990359913,-0.001211675423355184,-0.0038888327522531357
4992,0.0015241983891431336,-0.0068528478298993814,0.0035970168629567926,0.011021525241951397,-0.008033421782370894,0.003083116870650014,-0.004140009698989017
4993,-0.0008122400626429167,-0.003935292083091866,0.0027772270319688266,-0.002459437284038821,-0.0005070572460454263,-0.0005424914427992147,0.0015638608784091588
4994,0.0008629546632611711,0.004416124298808261,-0.0019251677398146058,-0.004284876874199944,0.0010135231715532383,0.0009940505746352895,-0.0006464319951677695
4995,0.0,0.00041171861061485793,0.0,0.0027874005056105797,0.0010111633948615233,-6.018076388682433e-05,0.0015068472977061511
4996,5.070867912818846e-05,0.0037560099676652945,0.006701078598292264,0.007386616713733131,0.0025176562212471734,0.00018051727945351295,-0.0008604153025383178
4997,0.002729513410080963,-0.006784383126631665,-0.009947835862765268,-0.008577288338062244,-0.0015088416401028983,0.002698793699688716,-0.0019421897397848935
4998,0.0007098802218772315,-0.0015567987105497832,-0.0013743507732204973,-0.0056746876362763965,-0.0040493951357064946,0.0017601517778740945,-0.0028208084502121646
4999,0.002626585472872325,-0.015343951827651978,-0.011860988102966688,0.002355837628215369,-0.00563029606426298,0.0009516831460738978,-0.00426586600530334
5000,-0.0021202376460100507,-0.004910598504738852,-0.002067932193182565,0.004167302166787792,-0.007797237839862701,0.0,0.0
5001,-0.0005063478268623252,0.0005443424342089232,0.007224214350314201,0.013959806561548637,0.006248949277002302,0.0,0.0
5002,-0.0021331312022675455,0.008155498569766561,0.011666170177988783,0.002487350348608761,0.006160308704817483,-0.005716462966241275,0.00010990623414507502
5003,0.00040711930040470806,0.0033681523797959795,-0.0026732899089304198,-0.00023830279706709936,0.004563556686955645,-0.0008184800531923392,0.003393370493735571
5004,0.0002542558950340738,0.0003177377158445804,0.005302249886241733,-0.0032377764579299283,-0.008660704827999488,0.001423768627692841,-0.0019123521956541148
5005,0.0010155376588198068,-0.00038837767727239574,-0.012124374840236856,-0.012914186686480622,0.008660704827999523,0.0008459892401914329,-0.0023059938172909204
5006,-0.001880615710669262,0.0008469221474647865,0.008768097158766301,0.0020370351583361194,-0.004054120286132235,-0.003911360132050975,-0.0015441597846466157
5007,0.001626953836800891,-0.000952903637859772,-0.006849395610614411,-0.009681689178692,0.002538256681183206,-0.0019536721525452556,-0.0004421988233952651
5008,-0.0007110424634330138,-0.0013446755884070675,0.006449466440299733,0.006080897594046361,-0.0010135231715532448,-0.0007348988262581222,-0.0012183734848584204
5009,0.000913983813809528,0.008279208540174426,0.004209304943904056,0.00926093707032539,-0.0005076499489810502,0.0016517770314902402,-0.005862520158661974
5010,-0.000152197121551493,0.0013184631291443837,0.0010742171923672486,0.004137709922838679,0.008550370204395993,0.0011890551001899027,-0.0012384296923222474
5011,-0.0008634592859334135,0.007419320591504075,0.0066126114739246036,-0.01226040141998464,-0.0035003774677529924,-0.0035462790245838335,0.00016908486953001695
5012,-0.0008651794262698171,0.0019030148592046338,-0.0001668758836684859,-0.0026740751039532056,0.004495325169588074,-0.0030805525806877365,-0.004930387646408043
5013,0.0005600187518777354,-0.006181138443558049,-0.010701611568812377,-0.0009336848876737023,0.003957152497417161,0.003049854967534664,-0.0076471382115597545
5014,-0.0011717730240424604,-0.0028295148170557963,0.004199404425013524,0.0026723300805066717,-0.001974069225717442,-0.0017841844013320029,-0.0023848012456671322
5015,0.0017818800996605663,-0.008989462963192417,-0.00688783456419377,0.003440469279472174,-0.0029780309735348565,0.0036222113328954588,0.0005828674635522268
5016,-0.00040664280302663903,0.001376193294096772,0.003030439198910898,-0.009457693734066016,-0.0014967084839022067,-0.001653873791601975,-0.0044495375228839
5017,0.0003558332701349158,0.004939397623268493,0.006391373599237899,0.0013461844740483098,0.0019944672569035477,-0.0014446271609396823,0.005206097615685947
5018,0.0012177911432655819,-0.006280249379981634,-0.0008430176996507107,0.0017988530565229187,0.006419478181482242,0.0019353207877797502,-0.005206097615685983
5019,-0.0018279696516532691,0.01921756437754485,0.014004463757622137,0.007120560887411424,0.006808787552274114,-0.0023357483678161004,0.01537793185996784
5020,0.002131884626899506,0.005843518397800777,0.0032560028700478446,0.004287191377336846,0.0004822815397369227,0.0020904708565139428,0.00011358558503526148
5021,-0.0014200929964055292,0.005107064823884064,0.006865610892525806,-0.014944877837466557,0.003361057542022175,-0.0005216751160641442,0.015834826265218635
5022,0.0,-0.00082499641446161,0.0,0.010274523747077992,0.0004780347008827996,0.0029072423529281893,-0.005731888547299854
5023,0.001217506645488615,-0.0012901319457611334,-0.0007456615452888107,-4.582732565127318e-05,-0.00047803470088281073,0.002372534937341857,-0.002894565067746303
5024,0.0013151252222356575,-0.009342907088897939,-0.0052557889190408035,-0.002301204402852066,-0.002398098207578438,0.0021785876310726157,-0.010628929701591959
5025,0.0006056402820947913,-0.0005419367190877346,-0.0003238586890596291,0.00033814104690365585,-0.006785989343292014,0.0003620377967805239,0.0069833809082597955
5026,0.0003025037145083943,0.0018263325740916318,-0.006309210509142697,-0.003788402399054339,-0.001958490272388543,9.04623121275341e-05,-0.0035628238568403427
5027,-0.0001512255189924429,0.0023560945745373573,-0.0018667553880341032,0.011436186912776555,0.0,0.0016251077117020066,-0.002163222497472895
5028,0.00020162232576751113,-0.0015468499641721493,-0.001543375846059531,0.005028580635483587,-0.007424018079207427,0.0007802957340252252,-0.0049935949513851465
5029,-0.00035290052128346346,0.007712831988269974,0.0067393292393602205,0.00411570626021362,0.0,-0.00032995403741705294,0.007043231863822772
5030,0.0008565471994422965,6.618324942682727e-05,-0.0025081734708012984,-0.009597738743441343,0.0,0.0007195768001513332,0.0012478105230144792
5031,-0.0008565471994422782,0.0037886730256868274,0.0020185823452200115,0.003647623218079729,0.0024888004036955082,5.991095083329448e-05,-0.0033545201054722166
5032,0.0006551586115983561,0.004470741965587818,0.0022259032110787183,-0.011831983826653748,-0.000993809316744507,0.000837886671621118,0.0017657744751393986
5033,-0.0009074060961268502,0.0040393765835327845,-0.001681947125559823,-0.0007204228020706517,0.0034684284445988876,-0.00047859442204541987,0.007215858324256498
5034,0.0013603991646209794,-0.007690849334453484,-0.0054704650982392525,0.002047142085066664,-0.006463574673957891,0.0018218204617611194,-0.009038712970591965
5035,0.0005530173000464974,-0.013364984680375207,-0.007496159389173583,0.008146812250962412,-0.008089537391621675,-0.0002683130572488125,-0.005746239980045356
5036,0.0006024895512903633,-0.0060860362829224255,-0.006546142633892362,-0.001748934582404511,-0.001533707827875586,-0.002032629821614348,-0.0016226660848486995
5037,-5.017555108185521e-05,0.006187313709299416,0.0017024501687271684,-0.007261575372302502,-0.006709376773111207,-0.0010499267325030925,0.00046423786558732235
5038,-0.0006528102362012831,0.00921791579014709,0.0037782138293608178,0.0030047661823838214,0.004655971142053952,-0.001896288306428567,0.0017364856477433228
5039,-0.0028739624782759964,0.013438059062006928,0.01283449913018112,-0.022452140854593117,0.005623668102516155,-0.0023593155661784226,0.004482634687187673
5040,0.0014141477192334785,-0.0006733497690535998,-0.00449311950064555,5.278495867735854e-05,0.003037036725483376,0.0008786789180240201,0.0
5041,0.0003024334954408448,-0.00038524054735139925,-0.0029844736974588685,-0.0032944265138253035,0.0035165737228371094,0.0028359726547442393,-0.001374350773220449
5042,-0.0017165812146743634,-0.00028915483495736504,-0.0073829043385241775,0.00558001305197421,-0.0025089294612830612,-0.002835972654744183,-0.006937759067555736
5043,0.0015653907929899888,-0.012222519233402371,-0.0012993535655046627,0.002269669532464169,0.0,0.00463653278736323,-0.004923229035412923
5044,-0.002324868366727488,0.019741854432708986,0.010839766295630023,0.008229931894484257,-0.004552925026203785,-0.006882208370383839,0.005098030600220782
5045,0.000708887034696658,0.0028963566817846384,0.002585912580648766,-0.009451012540688232,0.009556373016563686,0.0013366656609054102,0.0037701928026300743
5046,-0.0018251954658630792,0.003904569058764296,0.0038230394927589355,0.006050016724077355,0.0029746313682034015,-0.0027079787102813183,0.006135905797073031
5047,-0.00030494640122594055,-0.0015264104665744498,-0.00043521935938720525,-0.003735380433714655,0.003934744757953251,0.0016754621492114752,0.002101749681773912
5048,-5.0845224187881e-05,-0.00046834306480403933,0.0020634185243032814,0.007652847471142373,0.004868823212365523,-0.00051718027843973,-0.0034133878770832224
5049,0.0009143045101213466,-6.248391952355135e-05,-0.001519462438784372,-0.003478058614667175,-0.004379477265490381,0.0020650360401980963,-0.005113123270479449
5050,-0.00030455434761670025,-0.001972859315046107,-0.0003806977105982627,0.0007779600969600552,0.0,-0.000576007564536882,-0.00482328393733974
5051,-0.001627906722852237,0.003033865259500928,-0.001416948995606874,0.008294093237292622,0.0019518885975223124,-0.002037303248596978,-0.0007017957065599232
5052,-0.0017875378756723537,-0.0009360470939579525,0.0042911066469653635,0.010099082373720928,-0.000487150339248734,-0.0032428450952841623,-0.0039984069009729424
5053,-0.0008196170998908759,0.0031433540549943018,0.003659957807750042,0.004480638440045363,0.008208144484210048,0.0007056960882844952,0.0005903147325936831
5054,0.00046122493415525704,0.002288695772571019,0.003363536679863789,-0.012854645532635253,0.0033352455453632152,0.001407961354921562,0.004693852574866235
5055,0.00010242794432023529,-3.0848064927475e-05,-0.0006919332629470513,0.007287776529913715,0.0018944173196632217,-0.0005809960490628733,-0.0057569974923286065
5056,0.000307138967470706,0.0018470164580501125,-0.0002131245199935541,0.004403121514666789,-0.001420037718260606,-0.0010722947753972721,0.007155317397102282
5057,0.0022966446007381056,-0.0027116530841820342,-0.002244144786761013,-0.0017601727957943633,-0.001900635339434403,0.0028129563516974673,0.0017415922894346303
5058,0.0012199291220996898,-0.005193000581594584,-0.003388111092570893,-0.0011656939214945876,0.0019006353394344507,0.0029462339620966492,0.006954377713663137
5059,-0.00040626240745931586,0.0019351949425653438,0.0016166831495905594,0.004588789788183394,-0.0047672759910370585,0.0008165422141043786,0.003124638569222954
5060,0.0008121451303694817,0.003875578832676069,0.0009671290244720915,-0.009157536347968115,0.0009576508442712763,0.0,0.0
5061,0.000405503747390168,-0.0018559621489703739,0.0021414958672323434,0.004602468713291352,-0.0019174180457220108,0.0002718399321717833,-0.000283130906373161
5062,-0.00035479506826133444,0.0007742816846834117,0.0007470357839796487,0.001677899212982093,0.001917418045722045,-0.0010581124489715099,-0.0049562576241808315
5063,0.0011646684626811436,-0.007081638599322652,-0.0045554845971481645,-0.006084494068192541,-0.004326156787855622,0.0019328854466001731,-0.004318509052766267
5064,0.001983431610039002,0.0030714466784619865,0.0023640980317021425,-0.005603839796400783,-0.007798988155661164,-0.0006031031130342169,0.005462895701501996
5065,0.0,0.004010191920860705,0.0,-0.00065119151428219,-0.002466187671465046,-0.0008457538834609536,0.006184453390310275
5066,-0.0010668759088108993,-0.004729093310954471,0.00664681602773658,0.0025084395869760787,-0.000494922540062554,-0.0007565317070079274,0.0036464906241458783
5067,-0.00015262501717527123,0.0007189013900937944,-0.0011624874445284592,0.0016499842353131851,-0.005481701348694102,-0.0013201850130625896,0.005606026166392843
5068,-0.002040142245688326,0.013104574444475232,0.008020875665224105,-0.008099633564829026,0.001001833159146259,-0.0026834089792172446,0.0007163394715169788
5069,0.0009192501873071769,0.0032002379832495823,0.003414770488274643,0.005646106760650571,0.009403894655233473,0.0007419083280304407,0.011303597562569292
5070,-0.0005615327612671359,-0.0005718956474035699,-0.0028437742545907897,0.009717063609388975,0.0,-0.0008347360470762417,0.007340363165742133
5071,-0.00025548237803902003,0.005774521709960686,0.0012432102437131476,-0.0011085181310852156,-0.0034409476815577124,0.00018563560098933896,0.004512463629257832
5072,-0.0013822079223581682,0.0021642873189393337,0.0033492651400558065,0.0007961279233021226,0.007825337511957473,-0.0024194741234118736,0.0012509691277502212
5073,0.0012799728743572145,0.0018002787082614,0.0052042489713637705,0.01261680508261809,0.0019496979183322887,0.0007769412102930966,0.0029049906434063856
5074,-0.002820936579409241,0.001058968375437177,0.0047641604254912515,-0.008052855404203262,0.00675582817154817,-0.0035854947485316787,0.019116290447074438
5075,0.0005142623240374013,0.0003230593082828499,-0.0030349143904352728,0.014637687654218402,0.0,0.0008444747906828029,-0.0058776844916084425
5076,0.0005649861007263452,-0.002591228407710726,-0.000914625431561763,0.010661516030428364,0.0,0.0012480631677286302,-0.0008031338061426626
5077,0.0006155113564642162,0.002150633379658011,-0.001120497701642937,-0.004819510915839401,0.004762048609927168,0.0003737206241967975,-0.004647066010482411
5078,5.12532580877495e-05,-0.0002645717303298239,-0.0012256672723239981,-0.009858313159462576,-0.008126826230697241,0.001956774442812145,-0.005313787010986306
5079,0.0008703812158593342,0.004415947731084121,0.0010726478984098356,-0.004820900604085665,0.0024060697658791993,-0.00034102434567548443,0.0006164578492879564
5080,0.0008175919240717299,-0.0028901497249997337,-0.0008681296549781948,0.0004846426576299797,-0.0033722425378986155,0.00108414926431376,-0.006204312401286298
5081,0.0007650970595320097,-0.0008796137531044078,-0.00607414771219237,0.005042582424524694,0.001930200874636942,-0.0003404410864462116,0.004146040861912865
5082,0.0015261623362874909,-0.006356579906947098,-0.004533440880219941,-0.0064009857069974516,-0.005328833505067775,0.0037916428705616462,-0.006233999123577038
5083,-0.0004064525162397357,0.0030272819326233776,0.005827448398250423,-0.010304307327657539,0.0019453312790384237,-0.0001841921913128204,0.006852505492397182
5084,-5.0833321519992894e-05,-0.0055063259734062005,-0.0027478880596298297,0.00872754486447059,-0.004389313428861433,3.0704124011770426e-05,0.0015937430065580908
5085,0.00030491071828436323,0.003133774419147078,0.0011427441830467377,0.010706408175104818,-0.003444846813280074,0.0003376021724688863,0.0018945848392638766
5086,0.00020315494787592552,-0.0001784649632266107,0.00020744900413757335,-0.0006789288492697245,-0.0004943591676688685,-0.00018411410516782576,-0.004055258360191191
5087,0.00025381011879216755,0.0007134202539047255,-0.0010902144413754726,-0.006482427740630606,-0.0014864628837894403,0.000552108321708167,-0.0005676715561888357
5088,-0.0009652685913407361,0.0007715517252718059,0.0030560534515678313,-0.007123873950749419,0.003952650555256095,-0.00024529482826758376,0.002728345077116156
5089,-0.0016305807516715427,0.0033962884601037788,-0.0011370324954760864,-0.003440373222541113,0.002452262201031471,-0.002090618844544895,-0.0021606735209272598
5090,0.0,-0.004851511185448328,0.0,0.0007046475419701692,0.0,0.001384623489313317,-0.004405961398651513
5091,0.0004082194937180784,-0.0040046705842929076,-0.0072010106441048076,0.007340460683155003,-0.004918449872498111,0.0002149896704782419,-0.005874604304250373
5092,0.0005606760124935496,-0.0023783820192346786,-0.0010536018799295246,-0.010347897977199946,-0.009501352074860228,0.0,-0.009773039535113503
5093,0.00015278609899096318,0.003996649281013723,0.0018946468910781122,-0.005665642272787548,-0.0020270491030692324,-0.00046082254021489344,0.0016172851928690694
5094,0.00015273236728626386,-0.0010182057059992754,-0.0039035598233885596,0.008040513434741223,0.0,0.00141164243616124,-0.004543662876484782
5095,5.0898855248542965e-05,0.0029283762544239375,0.0037459878986147916,-0.0035076180654889147,0.0010147071950261679,-0.0007973209787479506,-0.006795408766208398
5096,-0.0014784941173987202,0.0054748078876321535,0.0033491968421478415,-0.0012685161642368246,0.007037333084464265,-0.0019997301880476416,-0.002603724955546732
5097,-0.002612382539589541,-5.881959539144987e-05,0.004202129544363805,0.0004265949298991032,0.004464517142505671,-0.003467439432538305,0.007764807350364482
5098,-0.00020555886404469682,0.0019954105893298774,-0.004567192474693862,0.004949106021427727,0.0092770195830601,0.00031072082737933394,0.005046522306788028
5099,0.0012318962952767556,-0.0034389847986451656,-0.009227753735554244,-0.0012060463383930596,0.0004828177060954063,0.0015812274170821927,-0.009049264760462925
5100,-0.0009749629138832026,-0.0025155974087705734,0.002762494092202631,0.0032102320394321983,0.0009640281026175837,-0.001053511674200841,-0.0027630483955586238
5101,0.0009749629138832469,-0.007001523240338758,-0.003562643827670403,0.017164862483803098,-0.0004817465628782696,0.0012082245403243102,-0.0027249503077058776
5102,5.12532580877495e-05,-9.05000139202006e-05,-0.0002136224744994809,0.012991945752060361,-0.0024167813169384354,0.0006800826076112774,-0.0016208164974712887
5103,-0.0016431118465815614,0.0008740445002446877,0.0014399167130933624,-0.00785057439811894,0.00482018801468764,-0.0007729037133475469,-0.00044818835959446615
5104,0.002155312026135032,0.0018028024306275365,-0.0019744330659860086,0.001312944881328849,-0.0062767387882665775,0.0020682933705653585,-0.003150336480633562
5105,0.0,-0.0021341295126847647,0.0,-0.009484085294130478,-0.0009737548516722097,0.0023648921706054095,-0.005969191502372027
5106,0.0,0.004705165137701482,0.0,0.009666580456291998,-0.0034254390238013946,-0.0005823491578785614,0.0030232745116222934
5107,0.0015329859965936253,-0.0009250152206350464,0.0004810943118750554,0.0034582756508492324,0.003912589363050727,0.0005210860061474116,-0.0006826742017235114
5108,-0.0007147201268255664,0.004339414309464463,0.006890342559941218,0.0025472014714904324,0.0014581809397889868,-0.00015319569875883434,0.00789853252598001
5109,-0.00010219896079695632,-0.0002958409391673774,-0.008764266057444297,-0.002964568794008374,0.004345395159449921,0.000459425073950149,-0.0026919165642115845
5110,0.001224803110938486,-0.0005330220684269411,0.0037929890171396747,0.00498624333204771,-0.0009618929334205405,0.0009173946839749306,-0.004865144722657472
5111,-0.0014804057796682858,0.004597934984884746,0.0037074144330847335,0.00274131351844358,-0.001446845808713,-0.0007949633682293433,0.003004725456187073
5112,0.0029049906434068643,-0.00822798672966402,-0.012682203708268601,-0.0016273332695823542,-0.001451682071103682,0.0025326923700759365,0.0001694587321666801
5113,0.0008626521726744029,-0.002998247889706205,-0.004695121208381111,0.0022692218121510973,-0.005855744649052479,0.0001825150192452694,-0.0012442355954083413
5114,0.00015205502235137792,-0.0034131188263407768,0.001424815982022236,-0.009839024564796883,-0.003948158844991469,0.0009417742796557049,0.0006791158254885609
5115,0.0001013404465927533,0.0016646033483708517,-0.000876256502871207,0.010509259795977678,-0.003984380991589509,3.0345839505293744e-05,0.010282284792567762
5116,0.0003545054564897604,-0.0016949279988682417,-0.0033017985842024975,-0.011841570611325939,-0.0010018331591459594,0.0002426904125196843,0.0036296824935244045
5117,0.0,-0.0033487052922823468,-0.0077470046456995295,-0.0027441838309655866,0.0,0.00015161266759049325,-0.0029674798515249468
5118,-5.0625923226078795e-05,-0.003806124845600441,-0.002651068774937924,0.010069916830273135,0.0074580163947016685,3.0316183175289643e-05,-0.0008831614266724738
5119,0.0005059938611568056,-0.0030008001101911974,0.0041106948295466395,0.006283907410915407,0.009748882567016146,0.00024245331091993043,-0.0031609391238740336
5120,-0.0008605406618059674,0.007722771946194438,0.009095504834528862,0.02149642777053626,0.0062214047547682295,-0.001092107403423431,0.005914876582142725
5121,-0.001065380374232945,0.002129495281788326,0.0012604934186131408,-0.002178895550084038,-0.00047541819953362424,-0.0019483312391930373,-0.0025329786735956987
5122,-0.0006608333064991431,0.0018774438579981197,0.0016386429271862378,-0.0037665489062432174,0.004260143519330622,-0.00030521786476745826,-0.008026204488344296
5123,0.0,0.0035808997846898385,0.0,0.009376858128647888,0.006544927684476913,-0.0001832337339194846,0.0031389515824811033
5124,-0.000152642898379737,0.004738942990444358,0.0053640696516727045,0.01578196387446815,0.0,-0.0002749956356784875,0.009064250508877273
5125,0.0007118749687382725,-0.0011873275986832405,0.0009144743816480531,0.004026293387682764,0.0018520048615928474,0.0007329350987641884,0.002671918731508693
5126,0.0005585128847070065,0.002253154116893927,-0.0008067891636657339,-0.002918231508811783,0.0013838391376297518,-0.0004579394630856627,0.002331278642339446
5127,0.0008617459719555184,0.0013875706477115299,0.0034319041215500373,0.004469336149244304,-0.005562011755986012,0.002102534838108223,-0.0020052317186904987
5128,0.00010126955436029107,0.002146410867071533,0.005572376881479663,0.004117027693695891,0.004178172618356217,0.00018234898038453677,0.013108743614862431
5129,0.0002539882415820897,0.0007033585156843614,-0.0007916897408440406,0.008310660799179673,0.0023039549095633916,-0.00027355218996737103,0.006902007969532724
5130,-0.0005081251099167438,0.0007606884543459499,-0.001110795821431632,0.004858669367720707,0.0009181704940110775,-0.000974027841766289,0.005771440177876977
5131,0.00040654763736770597,0.0011385402813006847,0.00031766024717628475,-0.009232783190239149,-0.001838286265944689,0.0005481594356697698,-0.00556399117373836
5132,0.0006091087701175228,0.0019490122993604624,-0.0004765775442735301,-0.00616448433025204,0.001838286265944667,0.0019205978538302992,0.0018625953434986658
5133,0.0003042343255088333,0.0038432112202469253,0.0008997634310128671,0.0003693348916645262,0.0031983957008213195,0.0019419522140204125,-0.003524968595809636
5134,-0.0009641407425524305,-0.0016429278241593384,0.0001585884559906213,0.0013049587887752551,0.0004549968796522705,2.980846851825862e-05,0.0012992724400781078
5135,0.0001523751194751282,0.0006925167612938583,0.0025821139720662964,-0.008845063021405633,-0.0009104709454204856,-0.00029817679297198786,0.007562084907731398
5136,-0.0007624107790485032,0.003474718989207453,0.005066695839099976,-0.0017890193366023694,-0.00045595225385163625,-0.0006567104558674778,-0.002865289727260626
5137,-0.0011206291230533647,0.0021967972678009974,-0.003702803362967412,-0.0026167636681745494,0.0027285606940702523,-0.0009270534722802674,0.004900412860465429
5138,-0.0010212690935552566,-0.0030270516473774405,-0.003206691733343474,0.0046623200672082825,0.007654947992251471,0.0004488213723057964,-0.003056272162097281
5139,0.00015334354843078927,0.0017445588896979186,0.001533956892853754,0.015274009543061436,0.0013369773983393047,-0.0004188855127794873,0.00020442197690040786
5140,-0.0013307796540671269,-0.0002569536502736159,0.005352658036286859,-0.01839292091976947,0.0031037001654439134,-0.000629086788388511,-0.003076479088638366
5141,-0.0014377224638090615,0.0035269376991555993,0.0063681442913936905,-0.010414107806007343,0.004832866565178453,-0.0014714226426861415,-0.001701399208490481
5142,0.0006681059556461299,0.0003681061843672985,0.0006676319253367372,0.004665439654099126,0.009934568525431137,-0.0006020162897785068,-0.002850561758976384
5143,5.135021961629553e-05,0.0011306814038348953,0.0035774047576101675,-0.0018720694801752037,-0.005587240113744424,0.0006320952094779543,-0.005652502551011703
5144,0.0010769544539809884,-0.002375053867192149,-0.0038340648217566483,-0.0044059515168398105,-0.0043473284116867265,0.0011414580033624355,0.004663398718479673
5145,5.121699185130085e-05,0.0,-0.005685240417465548,-0.00558794726603715,0.0,0.0,0.0
5146,0.0013295261212907953,-0.00034035619446023816,-0.0007810585677621156,0.008812269633735935,0.01797337101190005,0.0024529716345636117,-0.0006780555349304774
5147,0.00015314527877837534,-0.00159186531062959,-0.00461072184511647,0.002469789010948011,0.002924553017316861,-2.983099097280356e-05,-0.004143412150499596
5148,-0.00271354935741321,0.008125273429301352,-0.002703842036243008,-0.005331765074932456,0.0,-0.004648754355145994,0.020131517534628603
5149,-0.00164661612193917,-0.0003075641075552688,-0.000796962227369546,0.006819756730806794,0.0,-0.0012985207825483385,-0.008330582327479118
5150,-0.00036103100153237453,0.0007545416145560032,0.001393725607977424,0.004208851731375601,0.010286944266006237,-0.0021222111153109853,-0.011432197071915912
5151,0.0002063401782031309,-0.002688791657216767,4.969328707382881e-05,0.00025828952617197766,-0.0020379881692399156,0.0005770548879453881,0.00021056702565532725
5152,0.0008758536917608813,-0.0012661245523425068,-0.00019880727374151373,-0.011880410399488775,-0.006171981875588966,0.0010609928752108673,0.0014711174837674572
5153,0.0007199673344132403,0.000535036226281803,0.0020829511482921568,-0.008411999318765045,0.003302635550085565,0.0005748839210686027,0.0023017347547069087
5154,-0.0011319137555333635,0.0004781585400821589,0.000939015461828057,-0.004116158411948203,0.0036856895769628913,-0.0032474737823951784,0.0068329027597802275
5155,0.0005663256449397356,-0.00036560327655242716,-0.0006917092186524242,-0.010909385921359814,0.006476086178553585,-0.0002437802376122774,-0.003299499113867439
5156,0.0004114098419241403,0.0009555438000087373,-0.0003957576142684014,0.0004304929043080298,0.0,0.0008222104626985578,-0.009416534486946149
5157,0.0008729540263856659,-0.003297063779015657,0.002122969352442344,0.0063265091871287215,0.0032021858024645885,0.0012455728000802858,-0.0005821288023143834
5158,0.00010258520938298328,0.000932478181377516,-0.0011836332066161226,0.0002566217712245345,-0.012131919648289979,0.0006971750290618371,-0.0011135082249163878
5159,-0.0014384027217194892,0.002392658024647592,0.0042754087775955085,-0.0040871232669443406,0.0016373044158123915,-0.002186203504722386,0.0007426559457994992
5160,0.0009252341852263073,-2.8072427009506274e-05,0.001367088874030422,0.002411987978812053,0.011689373845421795,0.0019741382517684458,-0.0007426559457994438
5161,0.0,0.0008413844709236642,0.0,-0.004982765456585336,-0.007622916402767905,-0.0012137919636715671,-0.0010631449174632345
5162,0.0003592816340722322,-0.0024163435203019717,0.0035924407457220897,-0.00011381701868120137,-0.0008102511340950772,0.000485923946529177,0.006759583647297962
5163,0.00010259732670056288,0.0006756819440018965,-0.0013073147740423746,0.005813072376583005,-0.009842789153013067,0.0013334942230848069,0.0012035399092040024
5164,-0.00020521889662585417,0.0006465435728413493,0.001693912758313779,-0.0042685744091770636,0.006177835066607914,-0.0005753248292054346,-0.000365941805979379
5165,-0.002728345077116443,0.007159704270510994,0.0018316553579455518,0.007483093407953568,0.012495645204252427,-0.002735626582398855,-0.005897396872628713
5166,-0.0006718426120873802,-0.001106624326373949,0.0010569118713977834,0.005642684428900876,-0.004392901179152865,-0.0016190788309369015,-0.0003712598837964517
5167,5.1717116096500794e-05,0.0006643129125551611,0.0007670508352807965,0.005536938426568528,0.0024016345916107857,-0.00021429256229702273,0.002855819109732912
5168,-0.00015516982785389118,-0.00210715304996705,-0.006709434136427288,0.0032243266612600923,0.00908516357870646,-0.0007048495414275985,0.009179617454151811
5169,0.0004136630691634286,-0.0013082426588385764,0.004404205332290054,-0.007614762530790071,0.0003907283051708237,0.0004904511892249622,-0.002847842872826634
5170,-0.0005688883577292044,0.002889565142343926,0.002831791481037349,0.00309521292219048,0.002337016304366098,0.000489897944675196,0.006189574817695707
5171,0.0011886451263406555,-0.012244742158847167,-0.004327114659739962,-0.008612772688771649,0.003096586964922858,0.002167279719322982,-0.0006662924850595766
5172,-0.0009299671260176127,0.0023010914362541286,0.0033692525998471833,0.009631468665835322,-0.007783263546648501,-0.0011586071398638907,-0.0008214580662184859
5173,0.0013426475057131443,-0.006019878659039187,0.001579341417940821,0.001759320255874182,0.014291103426602373,0.0010672504487377623,-0.0029391368299624757
5174,0.00046379717693331105,0.0027492521921053292,-0.0011959430422092412,0.000850019834490296,-0.0019039683362285017,0.0006390936383287417,0.00010346503489234445
5175,-0.00010302324372901342,0.002419791318736858,0.0027695618819404983,-0.008801249825518605,-0.00847806745749246,0.0001824255761518698,0.003913517189063052
5176,-5.152078799569305e-05,-0.0017351890380126775,-9.520869969094512e-05,-0.005043019730763494,0.0,0.00012157449359239155,-0.0026738555997766994
5177,-0.0008767898224630595,0.0026143566702786754,0.001852815236467485,-0.010859250749331023,0.007714136773440526,-0.0010040088469493338,0.002673855599776737
5178,-0.000982040901178324,0.002908390417290001,0.0016560794558549594,0.004118835480840693,-0.0042258089276194415,-0.0015868000409342915,0.004893510724372433
5179,0.0014464442409962165,-0.004327283739988644,0.000849245319419374,0.0010592722141489386,0.0030773874160159383,0.001525876356762552,0.0032319738510541663
5180,-0.00015474594209759934,-0.0028231593363789325,0.0004240007211143349,0.006494735421806703,-0.006565715261836978,-0.0003047466842494193,0.002007837519456844
5181,0.0,0.0023112207915557165,0.0,-0.013840150418337686,0.010001909308268758,0.0008831769093356958,-0.009723416937598338
5182,-0.0006195357425858043,0.0071128001407160645,0.004450497474427399,0.0012090115321110786,-0.0019056392220935959,0.00015209052226900977,-0.0018476276210929858
5183,0.0004131220115596275,-0.0009248361448589864,-0.009280250385361963,0.0037271467507941007,0.0034241529436361043,-0.0009438209707846968,-0.0017005916600831344
5184,0.0010825792441668566,-0.008556407856459128,-0.0032019655676081143,0.01056547850482567,-0.005722012705915919,0.003128039230646181,-0.005351145112475344
5185,0.0003602608932451211,0.005289750002723843,0.004675521289715876,0.007588969481159916,0.003442246411017123,0.0001210239611862484,-0.006106544231305878
5186,0.0020017153907928666,-0.0013589408174880962,-0.009304953340279722,0.003023391144411283,0.009793699086522152,0.0006348230775678729,-0.002392227321112534
5187,0.0005117776716472975,-0.0017616156229554407,0.00024233831436366353,-0.006315466631400767,-0.009412906004780144,0.003669777119773004,-0.0031565737276968066
5188,-0.00030699422713538715,0.003911312641043021,0.006253794664252681,0.008916576409360086,-0.006519333185172184,5.9902687254462896e-05,-0.0017216850373859558
5189,0.00041287654389855245,0.004798262758295842,-0.0005735154110492925,-0.006968976588396881,0.01068616785415144,-0.00014977221306027318,-0.0019450892613958372
5190,0.0007730871594095346,-0.0035866836339201436,0.0028125200575951806,0.007087748035019367,0.002630956876402829,0.0016745057226898656,-0.006767228622582945
5191,-0.0004636871354691202,-0.00047859248303368766,0.0010914908311821009,-0.0031024188371314883,0.002242489398440749,-0.0001791028200110804,0.00010998973894590428
5192,-0.0003609881313722532,0.008148143704892304,0.004667090092861256,-0.00211553551810117,0.0014885857998029211,-0.0011061025308253974,0.0007691491885965192
5193,-0.0011364915016403633,0.0038256803666286325,0.0007027799395981451,0.003907592575819456,0.008825932508501506,-6.0638715807509245e-05,-0.0053017278784082385
5194,-0.0015545696657515845,0.0008212833043299238,0.003218220090821195,0.0006849101808720023,0.0014256554862324166,-0.0010321556923674564,0.005740630878778621
5195,-0.0016122560805877976,0.002046439004278857,0.0030672610970171725,0.00011881665027630663,0.011524244514005381,-0.0005169991992058689,-0.0030816767654134386
5196,-0.00010422233836933843,0.00040813317720729477,9.260997623446494e-05,0.008576612348526398,0.002127160898613165,-0.00030440492022331875,-0.002936867018413261
5197,0.00093710185894421,-0.001662138578473679,-0.0004632474912855088,0.009965122806963777,-0.001062278104598088,0.0013377885965867313,0.006292633084122619
5198,-0.00010402263089364828,0.0015805426210897008,0.0017577178442845763,-0.006440563049150086,-0.0021323830821690813,0.00024279216951258247,-0.0029141854665035963
5199,0.0,0.0034678720559034155,0.003723137903321457,0.002852845893860699,0.004254347312935104,0.0002426565124754109,0.001981575218347308
5200,0.0014540543886936354,-0.0010792611963435052,-0.00018311141070332095,0.00630989842815206,0.00630438544281847,0.000606048775299702,-0.0026993718682707746
5201,0.0009839144679644446,-0.0011361182586276523,-0.0016514862352146147,0.006569799255477206,-0.01162886343741869,0.0015717801857749359,-0.006177676726288172
5202,0.001239661589285738,-0.003317109144991285,-0.0025352931422368634,-0.006872213851263333,0.008838206562013663,0.0023470555002837964,0.0003361846241170904
5203,-0.0006193884794632548,0.0031545636442831017,0.0025812526620334684,-0.008527770989165887,0.0,-0.0014729503382697221,0.0002799551968945209
5204,0.00010329277772681467,-0.004521388219026881,-0.0023039549095649906,0.005578412871431763,0.005563496187227749,0.0007821875576208059,-0.0033150266956057267
5205,0.0003613313779858777,8.213089479707163e-05,0.0018901440331849622,-0.00864555136854186,-0.009783394799504113,-0.0003608345968733074,0.0044888718172093525
5206,0.00020634017820293812,-0.002112958712953238,-0.00013802462595213379,-0.0013344575153763332,0.007358130121602015,0.001021587048111456,-0.0034185560596793883
5207,0.0004123864826453091,5.5012284815680285e-05,0.0015617163719127865,-0.004090151282770291,-0.0038387066319926773,0.0002400245902345808,-0.003956380007718075
5208,0.001337558097013675,-0.004450938833346913,9.169101309370879e-05,-0.0009449300083112596,0.004533022498347846,0.0024228068644372436,0.0015303051411405958
5209,-5.136844076063566e-05,0.0006109002670900854,0.0,0.003347645978008244,-0.005234629245290254,-0.0005073708574413283,-0.003408030687013211
5210,0.0,0.0,0.0,0.0018345532591321208,0.0007016067469423428,0.0,0.0
5211,5.1368440760670414e-05,0.0,-0.005954074677086871,0.0063854238276445305,-0.006711475701315496,0.0,0.0
5212,-0.0004625348448715079,0.006581805765342049,-0.0011633933608699053,0.010056401729375773,-0.006455363008026698,-0.0006873877555018383,-0.004355589506644448
5213,0.0014373825760817518,-0.0037881940773173066,-0.007378225788968777,0.00769714577422612,0.012114003086076493,0.0009859129816513637,-0.0025997086854754516
5214,0.0014326409661330236,-0.0020727447880010187,0.0029286882660858327,0.004800690478114335,0.01144315134190694,0.001489555863789314,0.0025997086854754733
5215,0.0010713878114946532,-0.009550858472054169,-0.001367412233856251,-0.0021154013149685346,0.004426403088094277,0.0009506415602954218,0.0009206033800216518
5216,-0.0009692369273579831,0.001018275922303662,0.004930681777598452,-0.008305226869586202,0.012685906023050598,-0.0010101258066414788,0.0004021511463099773
5217,-0.00020432580094745514,-0.0004805550132224191,-0.001824867716965578,0.0023884562285312956,-0.00032913565948432076,-0.0010721119994830308,0.006384283753117479
5218,-0.0013304660493222969,0.00843099187085702,0.00789901542915742,0.006059964856947023,0.0032801853963665794,-0.0011345524335246138,-0.002098730111924949
5219,0.0004610073366929707,0.0013847804663589605,0.0009199208732986986,-0.015549849775576661,0.006164911256569309,0.0,-0.0026234546180646853
5220,0.0014821479493090347,-0.003888567003552067,-0.002996895094474455,-0.00324179609785714,0.0003220574726029651,0.0017304969275887569,-0.010010828338274077
5221,0.00020403781531182005,-0.0051924539526903134,-0.019008736420863617,0.004822840216136474,-0.005181800258044852,0.0006843267324731819,0.00402046464908847
5222,-0.0004081715355932455,0.0012687548664418436,0.010505711395040904,0.002491115034973483,-0.0006520939391835959,-0.0014293852132057758,0.00940912562520855
5223,0.0004591660148282023,-0.01083226954333448,-0.007903406447013752,0.00582173660918834,0.0029267428901316875,0.0021126353342097548,-0.0032471831564508946
5224,0.00020391806074990877,-0.0021702471216098014,-0.002989161209575083,-0.008854882672077883,-0.003906723332808547,-0.0002672307428589324,0.0029633119901221715
5225,-0.0005099747907541194,-0.0015110964096714471,0.004619685693834785,0.0004896768771449417,0.0022831906685949386,-0.00041601937814500777,-0.005199140939132088
5226,0.00035704522221482494,0.0024094471746611305,0.00224392745113633,-0.0037284188998186374,0.006778423830451376,0.0004754181995319097,0.0004595709232060154
5227,0.0,0.009477974548349588,0.007178584627123091,-0.0026834137975340682,-0.0009618929334219902,-0.0005646170801870988,0.001032259917414301
5228,0.00010195902897051779,0.005879768949252775,0.0014962787648536164,0.005550427950214839,0.009524383511687627,0.00041610479138924275,0.003366419592860333
5229,-0.00025494246808027064,0.004199070122946715,0.003579434242203676,-0.008641098342170658,0.0025049498827361986,-0.00017828180952480005,0.006655552184808672
5230,0.0012732183903853196,-0.0006369782785082874,-0.002600295481871053,0.012066081142365083,0.0006239864319167005,0.0011871653176637462,-0.0137612016219909
5231,5.085117761169928e-05,0.00482324705772975,0.0032017153665046118,0.0004817205518746393,0.0,0.00017779523251999608,0.003796505740467344
5232,-0.000305196415864403,0.0004657020153149353,0.0029946696203374808,0.006181426783033504,-0.0018746553506783703,-0.0004742824654341396,-0.005881401243210519
5233,0.0008641667499687302,0.0,-0.011632752497748743,0.002203840124272404,-0.001568418035105284,0.0,0.0
5234,5.077982840104057e-05,0.0024027418515660025,0.007248932054768741,0.004025119613678731,-0.003787475881773437,0.0017168152094535712,-0.01398121310133251
5235,-0.0025973713980189765,0.007959028287800674,0.006856091722164113,0.0077839564049347314,0.0,-0.0024589200376826065,0.01670116877718048
5236,-0.0005622597502735279,0.00026725815114483713,0.002957335959836641,0.00014988532612455327,0.0,0.0,0.0
5237,-0.0002046387041764226,0.0034329654635902834,0.0032074736956741647,-0.0023282691286829306,0.0149556636906414,-0.0020249642260272926,-0.0009240311611457457
5238,0.0005114160764123989,0.0026690121834353642,0.0017069933345624031,0.0015822091953071923,0.00274774226759945,0.0011029896329570789,0.007110340463574481
5239,-0.00015336159840543298,0.0016565607443032562,-0.0014370216214117822,-0.0008383046474075074,-0.0009139838138097456,8.930893856812584e-05,-0.004344124220423162
5240,-0.0021013876790091993,0.0003148202253870227,0.0034944452599658766,0.005767890349731648,0.01232763538929038,-0.003886998934940035,-0.004213962373165012
5241,-0.0004112150686242471,7.866941093897882e-05,-0.0004911066368551596,-0.005660336340676964,0.004717433831081032,0.0008701194644509843,-0.0015690056553730094
5242,-0.0008236000702805676,0.0027965979682041133,0.005371868367186251,0.0077149972840244805,-0.0002933431262508695,-0.0010203164162850586,-0.001983882582529044
5243,0.00046346720911574004,0.0013785899361289605,0.0007494298355012157,0.008069607980787798,0.00813962613879721,0.00033036475441939266,-0.004054188847640339
5244,0.00210511421899954,-0.00015584730379012804,-0.0007935542431487709,0.00952257332010116,-0.0005763696690730751,0.0017676803012722244,0.0032346546043613015
5245,-0.0020536483799981444,0.0017888763167425669,0.004477754935526823,-0.006385845710622399,0.0034467996947793946,-8.970864119144909e-05,-0.0006450064374607943
5246,-0.00015441581741512867,0.002296562725975993,0.0007418244649515035,0.004403516409856725,0.005684563905950682,-0.0010779515564802765,0.002749263763888358
5247,0.0003602182057719326,0.0016952609534791228,0.0003050892165540241,0.005089460893051874,0.0002822843660663025,-0.0007501547481280397,0.0
5248,-0.0023209189712999367,0.0016886692540910109,-0.0061428815070510845,-0.0016597412142963835,0.007553137890446476,-0.0007514527291004159,0.005101221811533272
5249,0.00020680690005224966,-0.006638829140540374,0.0005740839988654837,-0.01295901159987742,-0.030736465828473523,0.00024060636732014772,-0.007850485575421605
5250,5.168634125766993e-05,-0.0027050830774055733,0.0004410872630876565,0.0012270532493673018,0.000594924040845763,0.00036065979808658,-0.001705077662362293
5251,0.0,0.0031715648428806745,0.0,0.0024817875476284544,-0.016047561128203713,0.0,0.0
5252,-0.002955983167540472,0.004124629869353415,0.003949754727474026,-0.0034683376802952877,0.007036978953683338,-0.002379866814106067,0.0018810835338297536
5253,0.0002601033089086591,-0.005447631733332896,-0.0030689218894695463,-0.001879496995501467,-0.0018247694152481557,-0.001088836934195944,0.0023399543778621834
5254,5.2001973588405654e-05,0.00305496036829233,0.0025880965873807268,-0.001453302119870685,-0.018364164999014373,0.0009377727280377086,0.010831997237311708
5255,-0.0008393180182648396,-0.0036008994494901203,-0.0049704575007982876,-0.004089678358073832,0.0022198378912409392,-0.0003325263309996394,-0.0003985136772165417
