day,gurkor,guitars,slingshots,stocks,sugar,water,tranquillity
2,6.169815688282065,2.815367710065055,2.1265364464486045,10.662704277543616,3.338254497449678,3.897784056514299,7.766913983750171
3,6.1607238555865225,2.813894964308057,2.1277395778662838,10.726619046961735,3.329913612910073,3.8966940815417996,7.812212900072524
4,6.155412205778749,2.8068856686045387,2.118895933478791,10.737988846707145,3.308941403434607,3.898328895144174,7.795780230824736
5,6.141726186560347,2.8109464567000164,2.1205074432158164,10.743113840416747,3.3156713145595975,3.9001443079564404,7.810845230648784
6,6.150854606443431,2.82491619737364,2.1245292547042856,10.72402557056972,3.3156713145595975,3.9025027003109636,7.797151343239071
7,6.1538934945121575,2.821982683052246,2.119298960559933,10.786055888957087,3.293733540162881,3.901777238890841,7.79440880422055
8,6.1538934945121575,2.835517076436596,2.119298960559933,10.885663631883748,3.3165113030052185,3.901777238890841,7.75588048315321
9,6.156930429112702,2.825648956204637,2.0908420341347536,10.84342814448264,3.3064130849670925,3.9072139239316317,7.7544998574777235
10,6.167544366682432,2.8197799378529083,2.0793168724367903,10.860040493955092,3.3064130849670925,3.9090239640537567,7.758640774540931
11,6.19020876651728,2.835152388080052,2.0830304489789295,10.914051729436293,3.3064130849670925,3.911194572148827,7.773799566324695
12,6.191715885818306,2.835517076436596,2.088790042528752,10.812007486003212,3.313149684505175,3.919140077173607,7.782051793278771
13,6.203755678233527,2.8340579562082864,2.0789037193178013,10.730431070158453,3.293733540162881,3.924365435893519,7.769669170616584
14,6.229987172066868,2.821615714395718,2.078077092060417,10.70007339100677,3.294580821371088,3.9252654441939754,7.7544998574777235
15,6.215765111194977,2.815735739737027,2.092071970963401,10.666033128231943,3.294580821371088,3.9216637964465697,7.748974150101173
16,6.209764176405763,2.822349589559486,2.0924817406615235,10.642966776936724,3.300503859888876,3.923825301835075,7.744826498888703
17,6.212765587576485,2.835517076436596,2.096164974305541,10.580460089857551,3.299658559332771,3.933173954845492,7.728206884378297
18,6.2309413155214575,2.843888105851511,2.0973908471186213,10.558532762406784,3.29542781884251,3.9428516337899717,7.72126828690584
19,6.227916824857156,2.849330225907481,2.105539594161059,10.54126322406044,3.300503859888876,3.9394500554307,7.6626604412451975
20,6.241512004850918,2.8409800872260713,2.1118267304202685,10.497411162530552,3.293733540162881,3.944819222666305,7.654240126967475
21,6.2490482430049115,2.836246269918648,2.1079762220517555,10.540752332012197,3.286945044301724,3.946070659381667,7.6612578926143255
22,6.235474469256599,2.8377039247505595,2.1095986045698005,10.454584465739837,3.296241392780167,3.9540766118754367,7.6514306727446115
23,6.239248820795763,2.8460665805285568,2.1225195897775566,10.448510376609827,3.3463585902226964,3.9535435385864495,7.634545653369524
24,6.227160403190201,2.852950796980763,2.1229217210225397,10.431060069415283,3.378417273270377,3.9503431307797396,7.644401151718832
25,6.219589594073592,2.854758840129109,2.1269375887560895,10.531035148004113,3.380050643091205,3.9576280440897285,7.611956339844853
26,6.2188318527597115,2.8518652542934624,2.1277395778662838,10.437611205913692,3.3849445947403822,3.952299336670921,7.614784778669633
27,6.194520330741631,2.8300403211055656,2.119298960559933,10.428675973990297,3.3955166613684704,3.9444669282065443,7.634545653369524
28,6.185371397885815,2.849330225907481,2.1274783908466546,10.386570131427789,3.39957144396674,3.9469612544110704,7.614784778669633
29,6.204411853373277,2.842071048422038,2.1224958188098113,10.209160821163481,3.3857593576736575,3.944823386306808,7.600628869523976
30,6.212006761799651,2.835248994604475,2.1174979641467684,10.186759859351199,3.406854220217141,3.9398291491143,7.604879246487646
31,6.225647200688498,2.8374056357900646,2.120098763831987,10.087048880700152,3.4421706566042514,3.9378648695161074,7.613370730350434
32,6.2211047160603705,2.82876621377246,2.114090627052303,10.071494038546442,3.4381812036175567,3.9367929061341043,7.621849895477189
33,6.2211047160603705,2.8022742503392433,2.1090668029866486,9.986462599717177,3.451720855269694,3.9316063812422497,7.675268361050006
34,6.230941315521457,2.8030044068028186,2.106448243500617,9.956914103581905,3.430984953049701,3.9283826712453487,7.633136371725321
35,6.224133518946599,2.8099285735934916,2.102007149927226,9.950215211029416,3.4301841554304,3.9298158565140473,7.627495852862484
36,6.221630765597267,2.8149154744544993,2.1001868921317453,9.949887196105994,3.435123654355781,3.9304151918704435,7.622790136556194
37,6.223427865136214,2.817954745180017,2.1009806701066585,9.955929428773498,3.4458282633030604,3.9301802957176637,7.619017497300092
38,6.229528544339016,2.819040063284037,2.1043914487160635,9.968353516936007,3.462351838266749,3.9291113176187307,7.616176552243692
39,6.237143466643893,2.832381156947857,2.105393249490254,10.061873226270396,3.4529224082717995,3.9269722241426934,7.584834596887113
40,6.236382519385208,2.8212090682372524,2.1119896211615066,10.152758413826795,3.4236349558066475,3.9228680470189983,7.5633679890822805
41,6.2333375201908785,2.8110683819993336,2.105393249490254,10.203255193656542,3.4458282633030604,3.916790737146451,7.57339560278281
42,6.219610981509748,2.807435138195679,2.088277364649421,10.232684370530725,3.4958691852416384,3.921617838924424,7.577687861556908
43,6.228766385053082,2.801973760278915,2.088277364649421,10.17783491975049,3.5066919043067335,3.921617838924424,7.554759087571278
44,6.239425583175428,2.8081622768446284,2.0828021609072134,10.184949016814379,3.4981920116482126,3.9305365375995964,7.512968031663152
45,6.241706612955324,2.7964984811849476,2.085846251906576,10.127555394607137,3.5259107138897794,3.9351638602699235,7.5071799493432145
46,6.259915899224672,2.8030671448284394,2.081379599918214,10.128973862524461,3.535850780186609,3.934630300161662,7.534621791210619
47,6.259915899224672,2.8030671448284394,2.081379599918214,10.13106783358941,3.5312675860196903,3.934630300161662,7.534621791210619
48,6.265970351202417,2.8030671448284394,2.0907047963533016,10.117513744103219,3.5266766303235237,3.934630300161662,7.534621791210619
49,6.262187212272022,2.8136080175939635,2.0963545747355745,10.136743755908515,3.59250027813853,3.9419141486893547,7.544699190773585
50,6.268238807152476,2.810705332881492,2.098769846834342,10.106616431484317,3.573747010990718,3.93765256241565,7.57339560278281
51,6.273527716805078,2.810705332881492,2.094137386683228,10.079660586142973,3.5865131268819397,3.937830248463205,7.53029752676705
52,6.269750517227784,2.816144670724496,2.091311080922168,10.003991807728099,3.5518313580119263,3.9383632439539844,7.524526804339361
53,6.274282801313357,2.823736831813574,2.085846251906576,10.096904255072255,3.539664205844357,3.9394289531546547,7.499936661822983
54,6.2750377674725195,2.815420216455235,2.0836144849733182,10.170353186282101,3.5228448786483546,3.934452425846986,7.479606817269395
55,6.277301956368287,2.8041599741160286,2.0870622693735585,10.102429124104908,3.5243782305104876,3.927685423915664,7.5115215557137125
56,6.283334598833853,2.811794297068412,2.0825990153988525,10.12290529320081,3.5020589306083094,3.9381855892306747,7.462123771330467
57,6.2765473449487015,2.7939385660113905,2.082192646928415,10.081752962994576,3.5120869831086883,3.9280419605510994,7.463582729705598
58,6.269750517227784,2.785505824823589,2.0703627140746073,10.170048604510892,3.5074632917338517,3.919830926246058,7.504283727136207
59,6.256127990158229,2.7785144822073846,2.074451929523676,10.142619717038484,3.5533484379431175,3.9221537059563643,7.527412885881978
60,6.255370049777752,2.7810929036990237,2.0764926052435215,10.075285001218589,3.5729942119788074,3.9169696568895094,7.53462179121062
61,6.264457452741225,2.774825607195197,2.0801592531370057,10.073844312095327,3.5729942119788074,3.9078311387159395,7.499936661822983
62,6.255370049777752,2.7785144822073846,2.084223457410883,10.163342599377716,3.5947421120951915,3.90944584062209,7.52597002531733
63,6.271261752671645,2.7814609954983354,2.091513124908093,10.126018262218848,3.5947421120951915,3.90944584062209,7.52597002531733
64,6.27503776747252,2.7696504249789013,2.1013823125094335,10.163627561327598,3.5947421120951915,3.9121350816709093,7.569100172922297
65,6.274282801313357,2.775194782144628,2.1083949328480207,10.109950978762773,3.5947421120951915,3.917148565987543,7.606222356651481
66,6.278810824826493,2.7659461405626105,2.107595028404838,10.187932329405218,3.5782594740280587,3.9090870930552732,7.5962511633316705
67,6.27503776747252,2.7585181202413174,2.1051929390123068,10.181659289616851,3.588759833364194,3.9096251983260126,7.544699190773586
68,6.281073242328565,2.7637204647041096,2.111391059980948,10.187269862020608,3.5992203250797257,3.9087283025980035,7.571964145492417
69,6.281073242328565,2.7637204647041096,2.110392966538675,10.180381937002375,3.602201772789605,3.911238935595715,7.581976955715456
70,6.2765473449487015,2.7763019233613786,2.1107922776870485,10.06332718139381,3.5737470109907177,3.9176852294290345,7.579117910914783
71,6.265970351202417,2.783668215089582,2.101382312509434,10.04881491730489,3.5729942119788074,3.916790737146452,7.59910181485739
72,6.2629440782012145,2.7785144822073846,2.101583096217564,9.981701637108767,3.5662097023936377,3.91088040226849,7.57339560278281
73,6.253095510561771,2.7770396981192165,2.102787274102699,10.094562265748136,3.572241206309433,3.9103425219865,7.559065134733461
74,6.245505918137119,2.7677990899876534,2.1059940320296917,10.04576153634553,3.5427110977011322,3.9053176513756545,7.561934058652
75,6.254611989753037,2.7614924516674964,2.1127873591717843,10.012548065032531,3.5578946235629263,3.9010039066684468,7.560499773949848
76,6.256885810946744,2.7614924516674964,2.1207432583375465,9.958536575561501,3.5480349605376595,3.9010039066684468,7.55332302786896
77,6.247784056900885,2.7644626160082675,2.116372334989846,9.962617948511541,3.576756143598751,3.897404367168343,7.556194791787213
78,6.24930221514498,2.7592620946474504,2.119552352629132,9.90064271163593,3.5594083383537622,3.893980789032404,7.5360624945145105
79,6.247784056900885,2.770020498587433,2.12252798531316,9.996540600990194,3.5782594740280578,3.9033412892137855,7.5475752293173946
80,6.255370049777752,2.7715001494234777,2.1282655191874853,9.988633309999958,3.596982126381571,3.899024695608396,7.569100172922297
81,6.256127990158229,2.7799882473517292,2.1278704740071244,10.077876443218333,3.5872622327010757,3.90567685000128,7.567667657161369
82,6.248543196081011,2.7722395891160394,2.120346386574312,10.099407100396535,3.594742112095191,3.899744560113131,7.557630140760219
83,6.248543196081011,2.7722395891160394,2.120346386574312,9.982565634397771,3.5654548297144157,3.899744560113131,7.557630140760219
84,6.2682388071524775,2.7729787719879053,2.1326047276870344,10.028341083897839,3.5760041696496714,3.894701868107412,7.561934058651999
85,6.270532301198572,2.775932940197072,2.132998631157877,9.997417736908815,3.585014303501325,3.8986646984269586,7.566234788095285
86,6.278932446177548,2.777777217653148,2.126684764871945,10.116076543713714,3.602201772789605,3.897944574133881,7.584834596887112
87,6.2613517575669775,2.780724748428357,2.123122460094148,10.098997000664731,3.593328173835241,3.8919969241761168,7.616176552243692
88,6.267474066183711,2.8023382835394,2.1165712684445586,10.279158636794419,3.588138700007194,3.8907337785948783,7.657236018338822
89,6.2613517575669775,2.8008798196859104,2.1083949328480207,10.196201392230583,3.5672823393916246,3.8907337785948783,7.662876918554253
90,6.2690034266089345,2.8128827121814832,2.1093942578446385,10.161879856467277,3.5672823393916246,3.8907337785948783,7.6741425220473
91,6.2682388071524775,2.8128827121814832,2.1081949937997075,10.19459373038388,3.5665345292661637,3.8907337785948783,7.685386624667179
92,6.286556259097018,2.8150578982465806,2.1093942578446385,10.04762147729406,3.5620433728703604,3.9025605113504285,7.657236018338821
93,6.288079577108319,2.8143330795403108,2.111179813911568,9.992374663041526,3.5530388617981323,3.9070281635701516,7.644524160895165
94,6.2918857706782365,2.815420216455235,2.11335949237646,9.98634792902631,3.530396501898938,3.9054205756653086,7.65864675077849
95,6.292646649561165,2.816844000794186,2.1131614607944784,9.971930624232034,3.515957958465373,3.905063216834476,7.66569534136148
96,6.294928567488637,2.806857741596419,2.1163270704557133,9.922770654585895,3.512145483033397,3.90363335534182,7.661467200661749
97,6.289602414576659,2.808287182793586,2.110386476379024,9.879761220235517,3.5037390049524295,3.9111325344119927,7.664286298712883
98,6.297209408429387,2.820399366876344,2.1099896618971785,9.866054311545671,3.4574154664056853,3.9120240468227956,7.731543703499839
99,6.297209408429387,2.8182668483351327,2.1078054424625514,9.822675034503856,3.483763964920715,3.9097055637189904,7.724573289917741
100,6.29644924769417,2.8139954936092137,2.104424019722409,9.649792986187768,3.478360517385149,3.9082779142933752,7.6881943040968626
101,6.304045483372732,2.8139954936092137,2.110386476379024,9.655918777445889,3.4960738881065585,3.9132717197793223,7.7426793699174965
102,6.310871915859235,2.8214648389523904,2.114349287922925,9.69866184480387,3.4922331079485973,3.9116674736183072,7.775961862296647
103,6.319202293399667,2.8271385268883304,2.1234272348682883,9.795082419981126,3.5129084093129963,3.918613030392503,7.814558405453374
104,6.319958891330281,2.821819879866067,2.122246022394071,9.87403540047737,3.4937700800082085,3.920213575452697,7.809059821670102
105,6.318445577452783,2.8186224140454765,2.1285359609132315,9.85792085427146,3.4899259963745144,3.9216355679251267,7.839239906932923
106,6.319958891330281,2.8164881426009356,2.1265729580585733,9.883033749722085,3.5129084093129963,3.913984443167607,7.861094353979457
107,6.326007432293223,2.815420216455235,2.124017520266826,9.8613107854716,3.493770080008208,3.9102407572198743,7.900505089332602
108,6.326007432293223,2.814351762399414,2.124017520266826,9.798237437693194,3.4914642913968805,3.9080994103472695,7.869269399239366
109,6.318445577452783,2.8221748626012513,2.123820782211962,9.785731171467134,3.5090916168783415,3.9132717197793214,7.871991957279427
110,6.319202293399667,2.845827540586533,2.119683786410192,9.819579374465066,3.4906952542639336,3.9134499164776466,7.8406081350936825
111,6.324496003421719,2.8879067050519707,2.126180074162085,9.804452377802283,3.4991425595624053,3.921990961115498,7.8255404805462545
112,6.328273694032752,2.8844593618004515,2.1289282785980674,9.766650902019054,3.5167198076043604,3.9253651064170447,7.844710954725847
113,6.33204844945424,2.8899725405625056,2.132454908534379,9.776746731273144,3.5182428612797536,3.9280262391248417,7.796669532326648
114,6.32751839092781,2.88859553072381,2.132846287531945,9.839840619922057,3.537209038417608,3.926074971544727,7.720387106156665
115,6.335820275989502,2.8958153213146027,2.140459560094027,9.832731025754969,3.5349400929881822,3.9299762449223885,7.724573289917742
116,6.337328187923185,2.8910047373474446,2.1389007402843014,9.88151815639864,3.534183356149061,3.9266072606947318,7.780109140679253
117,6.339589179919702,2.9023273687730895,2.134410868868485,9.839570609760237,3.5462659215367,3.9294445501659654,7.745460028779299
118,6.339589179919702,2.9135927526048597,2.130888456033432,9.857688430536827,3.528880277786943,3.929090034925899,7.73154370349984
119,6.330538899104487,2.900957993597319,2.1330419419541684,9.940070534198503,3.5228068775346157,3.9266072606947318,7.700812366630936
120,6.313145257083547,2.8968448072414885,2.1316718697100736,9.908466526662178,3.5258452810611565,3.922346312362196,7.763502705494344
121,6.299489173789044,2.9023273687730886,2.125787095676936,9.899485559302619,3.528880277786942,3.9271394558708477,7.766273657214727
122,6.294928567488636,2.9050635973097814,2.1267693645557566,9.919410767472861,3.4976086622094087,3.927848903336735,7.803556190022233
123,6.299489173789044,2.9248016828538037,2.1338243259797256,9.877583148991507,3.50450431585364,3.929090034925899,7.753794213734319
124,6.298729371424856,2.9139332426351645,2.1312802097593333,9.932007097183142,3.515957958465369,3.927671557118981,7.764888342359337
125,6.304804451353084,2.904721752338787,2.1324549085343794,9.955579154625525,3.5075633848041483,3.922879260617815,7.771811700677612
126,6.322984103908055,2.9023273687730886,2.1385108040431855,9.985714241484253,3.553038861798132,3.928558183928246,7.780109140679253
127,6.317688743438666,2.9036959028678373,2.1338243259797256,9.926944375673424,3.553790373064267,3.927671557118981,7.762116746412504
128,6.310871915859235,2.892380253443814,2.1363644971931874,9.923861830532973,3.5455123320548587,3.9322791735515676,7.775961862296649
129,6.3139028005733175,2.9129116170069778,2.1387057837395727,9.907165885736072,3.550030744072382,3.939177441443856,7.818679038327652
130,6.309355762234237,2.9166552993096384,2.1410437364388484,9.919107133572696,3.56204337287036,3.940767116269637,7.821424556107602
131,6.312387595168786,2.926495129623671,2.1418223154180045,9.921659084320055,3.5552927749038257,3.9414733703624356,7.8008024772365925
132,6.314660225689318,2.932918617522812,2.1429894931239115,9.904701891356288,3.5432503107846,3.9462362801576565,7.8063086376309005
133,6.320715371295565,2.9251404743740905,2.1464860679045006,9.945199790130125,3.5552927749038257,3.9441203562917515,7.766273657214727
134,6.318445577452783,2.9237850014526114,2.1476499454403437,9.9145349185293,3.554541677380282,3.9483507272294287,7.7385059409575385
135,6.3222279775336085,2.9416790706228024,2.148813001961737,9.801024781598882,3.5762401817624663,3.9495834738296547,7.732936804231673
136,6.321471733346385,2.9534185967750366,2.145321367748162,9.738388381786447,3.5836827855286755,3.9495834738296547,7.706411758837164
137,6.321471733346385,2.960099692150488,2.1464860679045006,9.834734042515665,3.568029945374907,3.950463700356309,7.71340355532625
138,6.338081968659152,2.9510755568770177,2.1517170618206,9.77033424128782,3.5888806519112197,3.9455311364315513,7.709209468636748
139,6.334311896439248,2.956761602538541,2.153457049845058,9.78587877817707,3.577730316105018,3.9483507272294287,7.685386624667179
140,6.337328187923185,2.970748773988724,2.1580880886576295,9.78707236614086,3.577730316105018,3.9460600096135283,7.640280751244218
141,6.346365861994486,2.9684235386628095,2.157702663173358,9.741732713530746,3.565038295971095,3.9462362801576556,7.641695562173032
142,6.350878418561734,2.9520800134513157,2.159243827482619,9.742227384030432,3.5635412442525656,3.9435911442414375,7.653001788329057
143,6.350878418561734,2.9393238323309383,2.161168270218428,9.684406119423615,3.5440045268389504,3.945354824848864,7.633201571803731
144,6.3621415777764865,2.95308402503801,2.1680778541847117,9.682412717769168,3.5507830847194923,3.9450021708905014,7.628949956070492
145,6.368887024336007,2.955424991293419,2.1680778541847117,9.687805835451798,3.5575448282932283,3.9516955884675395,7.62327632949498
146,6.37936148254704,2.9399970083516296,2.1630904833679967,9.782367053584414,3.5642898724922043,3.9499355951014588,7.607645423398878
147,6.371882015474113,2.952749403918501,2.165394206136652,9.848953581681013,3.577730316105018,3.955036765868177,7.62469525171486
148,6.375623177690088,2.9640989384556042,2.169992099631872,9.854437360008847,3.5873965482065726,3.955036765868177,7.62469525171486
149,6.3748694729633275,2.964764796446445,2.17018340322232,9.778904187881013,3.586654196360232,3.9610065559117693,7.626113830063743
150,6.371853492636051,2.95876504496364,2.1736231188003656,9.760287558863675,3.582195875947783,3.9622341762639643,7.613334226148507
151,6.38014297087594,2.964431891803206,2.173432209492368,9.84030815316215,3.5851688919329545,3.964512729139511,7.621857063173307
152,6.399680726540331,2.9570956323962116,2.178388771849401,9.950818717228321,3.5999019203542875,3.9662643020355555,7.610490517154838
153,6.399680726540331,2.9517452440632397,2.178388771849401,9.93239395719923,3.599167133982525,3.970114220006343,7.614755561942081
154,6.4101689480941175,2.936629117746197,2.1669282494098336,9.903266069345332,3.5822128092342065,3.967669548432393,7.620437452518785
155,6.407174595211287,2.923106957937737,2.1553882245251947,9.780117418264195,3.5844301689538303,3.965397738096122,7.593399117662592
156,6.385410797181876,2.9183549056424143,2.160398761075253,9.695282630285178,3.5710990912321927,3.962949275600509,7.560499773949849
157,6.398180580614449,2.9200532236205,2.1722862946445014,9.659653496038183,3.5740671515280558,3.9650480783127042,7.534621791210622
158,6.398930710840604,2.92717215104781,2.170763353320873,9.601026325655042,3.6028391141869616,3.9632991765940604,7.538942825340646
159,6.3808958643384,2.92717215104781,2.1612132687818795,9.579240768086084,3.5822128092342065,3.963998857892953,7.507179949343216
160,6.3808958643384,2.907367796606619,2.167522473349767,9.6503526120198,3.5822128092342065,3.9596232070558717,7.5187503113045
161,6.387666704999785,2.915780866804363,2.166949897821071,9.691259307894997,3.549483846240034,3.962949275600509,7.533180728983195
162,6.387666704999785,2.926169360504959,2.1688577173191876,9.523464197989489,3.5427407030121985,3.9727313368944444,7.533180728983195
163,6.379389961666553,2.9573800985689305,2.166949897821071,9.482090338778274,3.5322180137075607,3.9734288555527715,7.527412885881981
164,6.3748694729633275,2.959028247243211,2.1535334360053326,9.515431714049022,3.5479868124667493,3.977262360519374,7.483969269260422
165,6.3778835958098545,2.942492590543791,2.1688577173191876,9.603621693286916,3.5224102496009593,3.9697651012672632,7.486875731363507
166,6.3808958643384,2.939503294780559,2.17798497790635,9.554418249086718,3.5224102496009593,3.9632991765940604,7.478151929884477
167,6.383906281702915,2.9325128265627254,2.1798802285826677,9.58177176470741,3.5359807999164734,3.9638239526502557,7.4796068172693975
168,6.407174595211286,2.951106193576556,2.1874398585692996,9.437699248089736,3.519385310171157,3.9715102952369263,7.483969269260422
169,6.407923354306106,2.9517674227447426,2.1891360914644156,9.47690392643065,3.5254318090502488,3.974997689660286,7.4912326708261325
170,6.396679976389169,2.950775506611414,2.1891360914644156,9.398370678229083,3.5171143811810928,3.9755204551682253,7.466499532537691
171,6.389921575511795,2.945809397579773,2.1900777037589143,9.288761432373775,3.513325249375795,3.971335820792463,7.472328689841899
172,6.401930086964568,2.9524284590266743,2.194214547525298,9.26884735598306,3.5352286599951803,3.9715102952369263,7.489780724488584
173,6.404927633758185,2.9662659380676732,2.2002137020723467,9.311880039391896,3.533723754492254,3.9739518898950545,7.481061336121571
174,6.39968072654033,2.987842222609725,2.19759169675069,9.405751534692623,3.536732731497515,3.980743193279099,7.467957377517433
175,6.39968072654033,3.003407478053273,2.199652186491638,9.393340766410834,3.549483846240034,3.9854360379863714,7.470871955909044
176,6.398930710840602,3.000173388339922,2.1994649731342073,9.353124875738578,3.5352286599951803,3.984393805764846,7.4635827297056005
177,6.417646870697785,3.0195103269771884,2.1990904841353283,9.337071955723292,3.5389872777945843,3.9887341002302366,7.46212377133047
178,6.417646870697785,3.013082637818022,2.1990904841353283,9.259357110174875,3.5389872777945843,3.9882135897301008,7.47669667370827
179,6.413909328960879,3.0092174359924,2.209544954009329,9.313480254895435,3.5254318090502488,3.991681990005599,7.469414851887673
180,6.412413517644016,3.0027610230642425,2.214376980751207,9.269588145947194,3.5163569802756363,3.991681990005599,7.475241048481915
181,6.420634863917265,3.0011440919390364,2.2232617433571074,9.291917099708295,3.5224102496009593,3.9909886240383825,7.495586312012185
182,6.425859498105291,3.0220764183847213,2.2269501104471106,9.397665490812722,3.5299578335666792,3.9941075363624865,7.527412885881981
183,6.410168948094117,3.0281595389024067,2.223630938725589,9.413262189259058,3.517114381181092,3.9960119776173446,7.499936661822986
184,6.410917251684453,3.0281595389024067,2.208427914567887,9.421799337942959,3.517114381181092,3.9972232794743423,7.467957377517433
185,6.41390932896088,3.0303966804476112,2.2046991233566575,9.418620466372976,3.529204021151999,3.999644449864444,7.467957377517433
186,6.39743033581346,3.0323125195414455,2.206005134199975,9.394948599128584,3.5254318090502488,3.994280716262654,7.495586312012185
187,6.386914851048572,3.0589704600696,2.2061916249747218,9.485879846804426,3.5352286599951803,3.9992986852706434,7.478151929884478
188,6.379389961666553,3.0469485436417543,2.2061916249747218,9.435507579568798,3.5389872777945843,3.992721744898444,7.470871955909044
189,6.386914851048572,3.031035468745777,2.204139095818059,9.450558003675164,3.5118081052412404,3.99376114721613,7.366482057781347
190,6.383906281702915,3.0361394750854,2.209917137065106,9.415727489050273,3.4942992128353083,3.987692990726466,7.341199783923199
191,6.388418443694808,3.0386872919940724,2.2119626860684307,9.548940911604516,3.4735983616299637,3.9904684965728556,7.341199783923199
192,6.382401304219389,3.0444097298754844,2.2182697683487236,9.443270478047069,3.481284041882963,3.993068251496362,7.34269011634918
193,6.365060729043313,3.0494846048799737,2.2182697683487236,9.480964210785574,3.4651184481903146,3.989254522268469,7.2540764745964
194,6.35144679775847,3.0608630380066058,2.2206751365377957,9.522695518606628,3.4635737392589565,3.991508663222067,7.291795921872424
195,6.354475399485874,3.058023598887378,2.2054455386215763,9.487870550638775,3.4635737392589565,3.9918553069861757,7.284272379621912
196,6.346900364851842,3.0323125195414455,2.1889477056881934,9.53682000547721,3.4348331272718475,3.991161980239986,7.279753391600982
197,6.337035179024511,3.0079275973660415,2.189701122132266,9.513468019664117,3.3899338110603376,3.9805692457989292,7.342690116349179
198,6.348416313736164,3.0046998445862325,2.1962791646887445,9.529422132591204,3.401033292708086,3.9798733568428584,7.321789484444057
199,,3.0262402740783787,2.202084073943506,9.497707619951933,3.3531262837303846,3.9878665335639725,7.290292022460063
200,,3.0088950438556954,2.2104752586086214,9.538810626518963,3.36277886791633,3.9828297912543102,7.305312876238569
201,,3.014369604101071,2.2104752586086214,9.565287509132114,3.3603691073073447,3.9819605485159113,7.347158751289477
202,,3.013082637818022,2.2121485229085778,9.538062828611062,3.3931099182175353,3.985609708842999,7.354598618971683
203,,3.034864521651101,2.202084073943506,9.591553349597488,3.3539320481795216,3.988560606561351,7.350135875510971
204,,3.0425038082222207,2.200962099270332,9.588108607879027,3.3795845918806586,3.991508663222067,7.294802509245137
205,,3.0425038082222207,2.1880054598600633,9.661355001085763,3.3595653533787018,3.991508663222067,7.314306110372634
206,,3.045044691818911,2.184986715303972,9.630195421717982,3.3571525873919925,3.9958388954482595,7.3158035829167956
207,,3.039960157573033,2.180259021228599,9.560808775509559,3.341009418537423,3.9960119776173446,7.323284964132552
208,,3.014047929634903,2.164084059330234,9.582570606482342,3.297730679784935,3.9876929907264653,7.356085416503729
209,,3.0162987126376217,2.174758112305888,9.524163509043051,3.297730679784935,3.983003610150573,7.367965732592916
210,,3.0188683601262727,2.180259021228599,9.57678842917439,3.2704055674231567,3.983872556460319,7.311309966627864
211,,3.0329507823049795,2.180259021228599,9.531581272348232,3.284519119851185,3.9859570209871054,7.31730065630186
212,,3.023358400392445,2.1812056280042738,9.49805448829924,3.2402531137136568,3.989948280783977,7.29780748334742
213,,3.0310354687457775,2.1783641998806353,9.506316260133598,3.192609180844353,3.9908152580276846,7.294802509245137
214,,3.0329507823049795,2.1772262758215857,9.5735444842195,3.2131407145288082,3.9873458755348494,7.329262908900923
215,,3.055180721369568,2.1897011221322664,9.617020395366541,3.263736364076482,3.9896014211690085,7.3575718227007805
216,,3.0602323480920517,2.192523431189033,9.648020851745375,3.3026672791729546,3.9866515270419485,7.364997993622292
217,,3.0762623829742184,2.197216791801661,9.618208037052952,3.303489111693954,3.9904684965728556,7.35905783784778
218,,3.075009057427759,2.1996521864916385,9.488144791729239,3.253699144558163,3.9925484769096293,7.364997993622292
219,,3.075009057427759,2.198903208481131,9.441353750522698,3.2395283298762543,3.9937611472161305,7.413768063533441
220,,3.097157515941692,2.198528594831349,9.521839846348485,3.195672615871836,3.997915237341453,7.431399387182532
221,,3.0949830339464603,2.192711416906272,9.595163861687876,3.253699144558163,4.004998830235879,7.469414851887672
222,,3.1008805797540373,2.189324456126143,9.569383059906963,3.278512223712005,4.003272629949768,7.5187503113045
223,,3.095293796063948,2.193634827932901,9.527675118851642,3.286729095417376,4.006034085385531,7.576257460575262
224,,3.0790799363247516,2.187071171959684,9.58671777561934,3.286729095417376,3.9968772420225616,7.556194791787215
225,,3.079388388500969,2.189887305356133,9.479535679890025,3.3071551077462074,4.003445293608074,7.4796068172693975
226,,3.0861641812452083,2.1889491185671597,9.356220396150587,3.324186825988787,3.9991257883707827,7.441659210599717
227,,3.087394063094667,2.1992405262115993,9.265409303178812,3.3427111286548796,4.001718220298158,7.450438702687103
228,,3.1133797050687306,2.198680793964189,9.295498026504635,3.2941014691336425,4.0044810719210355,7.48106133612157
229,,3.1118589563733985,2.1923241441460632,9.303023482467623,3.2809801000318295,4.002927273528599,7.475241048481915
230,,3.1252084901829034,2.1917621099495066,9.256078796059324,3.2924650219168496,4.0039632263919795,7.485422684062713
231,,3.1366781465699685,2.196253139812794,9.34100366953885,3.2924650219168496,4.0082759435414355,7.497036793984024
232,,3.1366781465699685,2.196253139812794,9.406954008302725,3.2619974955210966,4.0082759435414355,7.497036793984024
233,,3.1645206892281057,2.1998000729563616,9.380352265946888,3.2411996746978295,4.0082759435414355,7.497036793984024
234,,3.1453946868205196,2.204269789172384,9.443884688100095,3.2702684388781282,4.0082759435414355,7.497036793984024
235,,3.1363770132385222,2.212248639715922,9.422381831283323,3.2818021883496566,4.012926899232099,7.52741288588198
236,,3.144494434963672,2.2100257576972924,9.394004703100315,3.2875493117053503,4.013443238779024,7.5461373885219
237,,3.1621381758158162,2.205013594773834,9.406378994982246,3.2875493117053503,4.013443238779024,7.5461373885219
238,,3.1468943611892453,2.2092841495118125,9.342377908594193,3.282624008510577,4.007931148600849,7.515859895812435
239,,3.128232132652147,2.2137289461856353,9.36036814344607,3.3258029726697456,4.0058615670616815,7.543260635827095
240,,3.128232132652147,2.2126188372785722,9.351532249411655,3.333063007013294,4.0058615670616815,7.579117910914785
241,,3.130346419353059,2.2181621483547134,9.413108577523538,3.3475216142790116,4.011549570510352,7.567667657161371
242,,3.124603304271694,2.2196373202846016,9.454241394678416,3.3746126156599794,4.010171625529352,7.627532064772193
243,,3.134268024538748,2.2159469913523693,9.441351278545069,3.3785727460732757,4.009310096632769,7.620437452518786
244,,3.1051561312061735,2.2155775180062394,9.556020226965023,3.3990686760681355,4.011377361105056,7.636034269452602
245,,3.0713555111722965,2.2166856974128826,9.492014617752647,3.3833169358131583,4.004135851261319,7.623276329494982
246,,3.080313503646259,2.2194529936345595,9.57130926586516,3.415506310852555,4.002581878291278,7.735722025410973
247,,3.0527128631979075,2.2194529936345595,9.528562667662737,3.393566398705044,4.0008543194398065,7.771811700677612
248,,3.0651577025091554,2.224055192561381,9.47036442835979,3.3785727460732757,4.003617947566873,7.756569683764105
249,,3.068258645293115,2.2249741448153797,9.49270534459374,3.4256305586117666,4.002581878291278,7.746849870708435
250,6.35750461798519,3.0408287429786265,2.228094890844757,9.382295886099259,3.4318415404590064,3.9973962835683894,7.721782829209755
251,6.35523412893508,3.030773933033034,2.2255252789425373,9.336788182322241,3.4480761114081946,3.9928950030935217,7.720387106156666
252,6.354477064408135,3.055518709786343,2.222215802742183,9.376117419802052,3.4480761114081946,3.9935879379668653,7.7078107790817025
253,6.3491743197256865,3.048341523713638,2.219084280500488,9.32858364387835,3.3927794100284467,3.9880400665646696,7.730150275723487
254,6.352962582786215,3.0539603206886086,2.224055192561381,9.29498000995186,3.4310659685319824,3.99376114721613,7.778727034569167
255,6.360530294693778,3.0632951737343013,2.231576059264318,9.370398309320077,3.418625624225822,3.990121695863204,7.85836687672588
256,6.368841254268949,3.089851914171455,2.2350501683525663,9.381029203383203,3.4029917819533857,3.9977422625004233,7.8406081350936825
257,6.364309756132883,3.1112503857621294,2.2407033989771814,9.35833558021946,3.4496170734979374,4.0001630237631085,7.814558405453376
258,6.351447630736767,3.0990462568096153,2.239974993970639,9.33530607475345,3.4954355995664006,3.998434103382835,7.899150360161816
259,6.352962582786215,3.1042406485169862,2.2439774114086477,9.342000331055328,3.5180541539695485,3.9973962835683894,7.9018595159798135
260,6.344624514110681,3.070117253099979,2.2386995422568536,9.292844365228811,3.510535723408401,3.9873458755348494,7.96651984759698
261,6.323335662604841,3.066398569802231,2.206314468740592,9.152786722677211,3.512041086961434,3.9826559624763003,8.013240416372742
262,6.318761604748519,3.032033160114937,2.2203744275773714,9.130322575030318,3.5007302949025063,3.9746491295637543,7.977230268597764
263,6.311892419963414,3.0395742604924747,2.224055192561381,9.144303142883906,3.5165521427125497,3.9741262147506133,8.003924711640565
264,6.320286769816653,3.048341523713638,2.232125071105673,9.17846722592109,3.477964734126566,3.9774364964043025,7.95041895745392
265,6.316472957630704,3.053648518546099,2.223319674496085,9.247750165258083,3.4939209093626546,3.97691405895286,7.932928259854651
266,6.323335662604841,3.0480289726480976,2.2214794912498452,9.291086877540415,3.4939209093626546,3.9779588444846166,7.899150360161816
267,6.318761604748519,3.037691271254308,2.2269941015017913,9.282168143187596,3.4473052938667297,3.9786551696430985,7.861094353979458
268,6.3210491726040905,3.0660884143035334,2.2332225674311887,9.225978514572507,3.412383282244954,3.9746491295637543,7.825540480546256
269,6.3210491726040905,3.066398569802231,2.23559806918087,9.249154354626716,3.4209626784789045,3.9683682262049396,7.961157596784666
270,6.3042485537636574,3.091079885226093,2.230660648354532,9.283372537113625,3.4131643883701144,3.9680189073493715,8.007918885069419
271,6.293526815222674,3.0608095050456083,2.2255252789425373,9.328992456006972,3.4108203708955824,3.9596232070558717,8.033155285395152
272,6.293526815222674,3.0508404309821766,2.2255252789425373,9.227181102776301,3.452696310755911,3.9455786127916777,8.025197062189564
273,6.299656433437885,3.047091068872111,2.23303970016785,9.202047054983804,3.4442197761655544,3.9534866934859867,8.026524146525055
274,6.284317780042641,3.0673287912086633,2.2293782503986943,9.178385967942344,3.4457629848859197,3.9557674175136444,7.971877401077639
275,6.274321447780284,3.029514024090165,2.21853106112474,9.264960631414572,3.480250023822075,3.9374734005285776,8.006587782304837
276,6.277399450939395,3.024467549213835,2.2251578759481014,9.325410266242427,3.477202536090182,3.9263373917482784,8.047718749619797
277,6.2866976997574655,3.03612095134406,2.2277280397869488,9.292688955602259,3.49240536333181,3.937649831922263,8.030503685728515
278,6.264973808139034,3.0149757295036435,2.2235035837245203,9.355553195982951,3.5075224710572,3.9247431722819255,8.011910465165354
279,6.264973808139034,2.9727412839722693,2.2214794912498457,9.255235777735376,3.468039130539254,3.9112470974760702,7.947731343895612
280,6.2564125230405345,2.99619404311906,2.223319674496085,9.268065968877748,3.4657433460856066,3.9263373917482784,7.932928259854651
281,6.253295542164678,3.0222562638746497,2.22864501995688,9.35855910786473,3.4954355995664,3.9427618700418803,7.987921991015923
282,6.262640424006188,3.061431168683861,2.23797028753878,9.392973442379027,3.4817997382564587,3.960645572679782,7.983914780616219
283,6.254074977095066,3.061431168683861,2.235415455007378,9.337698754367338,3.491654817001567,3.944714726558827,7.947731343895613
284,6.254854285513312,3.0524008950573562,2.2372407231538847,9.29818955135379,3.484835937208135,3.941518486889702,7.942352562218853
285,6.239244014816097,3.053648518546099,2.2346848039157807,9.25721447763786,3.502227617356713,3.942051427936886,7.95041895745392
286,6.2431513495352595,3.0339207244798914,2.232673907109367,9.038483563419774,3.5052407912862846,3.940274592607963,7.979904948663776
287,6.237680188133681,3.0704268786011992,2.2388411616386805,9.076613746739921,3.541881790460911,3.9510971061467917,7.982578461483429
288,6.2431513495352595,3.0812382570212375,2.237210807956042,9.025512577672718,3.5396526492908826,3.968579783385676,7.95041895745392
289,6.254854285513312,3.0784926484980466,2.244264538109569,9.002605559474121,3.5463345990527992,3.9650560206266316,8.031829628095528
290,6.250956477731778,3.0726858644134247,2.2493109991827405,9.022412887601742,3.543366869896216,3.960469021673301,8.084635358468285
291,6.235333490102731,3.0564119465207544,2.2525473801488136,9.052628146808917,3.5336993143164364,3.9459567980424923,8.113487954798224
292,6.22828648377481,3.056720046729818,2.245166775665967,9.061341634321943,3.5336993143164364,3.934759758931377,8.095142711864707
293,6.249396467838865,3.0628735767034003,2.248590979248658,9.126255022296444,3.5127590044117314,3.944182254230781,8.092517539427371
294,6.248616272640034,3.0781873839502354,2.251648993200185,9.087581065039203,3.487110827118079,3.939563566164858,8.0964548823358
295,6.223582703678496,3.0693174988402547,2.2363043868129178,9.11645019444299,3.4984563947058174,3.9304832855653644,8.04110325226155
296,6.218089100708775,3.0554874030694985,2.2315832625825425,9.149903751382118,3.4795203238147385,3.9315529719857323,8.063567112598374
297,6.2173037840676475,3.082762219009072,2.2224674225567527,9.175889793538811,3.4939239260217736,3.9381410115751967,8.080690511630076
298,6.202358146756662,3.07604942704826,2.197051381074905,9.268900822826746,3.4665667346474955,3.9368957270050675,8.100389732700824
299,6.18894585707962,3.0671714840701596,2.180267225145828,9.256401593430088,3.46427425447328,3.941873791349547,8.075426810452312
300,6.18815571935391,3.0622589484005,2.1789547259882425,9.239582180384009,3.4242195289333877,3.948971139151919,8.035805745470306
301,6.15882770816155,3.0622589484005,2.1789547259882425,9.225556058085747,3.4420109370744227,3.948971139151919,8.035805745470306
302,6.133315436171005,3.0622589484005,2.1593321015546305,9.23790445580616,3.4257713878145464,3.948971139151919,8.035805745470306
303,6.165184302523765,3.0784926484980457,2.1911028638806296,9.246455730447337,3.465802794052405,3.950211467687261,8.01722854593005
304,6.17073932782932,3.0876323156767045,2.187374333560427,9.253316347724441,3.469620306461569,3.9539294130694027,8.022542035594995
305,6.178663797094584,3.094918755737321,2.1966802133242784,9.152974505536093,3.489383785538547,3.9539294130694027,7.982578461483429
306,6.166772117748106,3.0985536100627167,2.189239632667433,9.079341510740425,3.4961911170964886,3.9512742028110095,8.060928536956716
307,6.169152842570605,3.1100275067644887,2.191289073511861,9.137266895521067,3.4810401494613754,3.9585262835815214,8.070158636344765
308,6.181038557814914,3.1012761101443607,2.180267225145828,9.19026828682762,3.463509655140033,3.9555214249897137,8.064885978771674
309,6.169152842570605,3.1009737638759955,2.1689836297015046,9.212104212928509,3.5037346262446265,3.9510971061467908,8.035805745470306
310,6.165184302523765,3.0864157298570745,2.1733180284119356,9.146506673322026,3.4946798692634724,3.950034308955969,8.02917745812439
311,6.169152842570605,3.101880687524146,2.170869536037829,9.051932785406548,3.5135096734806446,3.941340819013805,8.019885863964424
312,6.140504720585216,3.114240860198687,2.1616081006244263,9.08326994115711,3.5150103852195773,3.9258435894867545,7.990592010537952
313,6.15086992763032,3.090063615948465,2.151532088741864,8.992734504572951,3.504487814164505,3.913316458006704,7.967859675897033
314,6.161212432156748,3.095524950907403,2.1377446451970346,9.02806652958168,3.484077210565772,3.9045162918155145,7.962498600486145
315,6.184993853460167,3.090063615948465,2.1541996444644,9.044280525095504,3.4757169714187808,3.910266261446846,7.941007125211383
316,6.178663797094584,3.1045993883103864,2.1572430204843798,9.05562010271296,3.4810401494613754,3.914212985489217,7.9436977024099455
317,6.192894576245613,3.1003689561148486,2.1695496258259914,9.04795826707798,3.476478075527148,3.893163688194602,7.9705384524596905
318,6.196051191842299,3.1178464051487063,2.1742588000875926,8.964870160597133,3.4680939583200576,3.904156552392841,7.946387093067434
319,6.196051191842299,3.1259390877158104,2.1742588000875926,8.981516571542848,3.476478075527148,3.9160052384786983,7.9705384524596905
320,6.165978276711376,3.115142756079844,2.1691723164510486,8.939582651503294,3.4680939583200576,3.9115225999615353,8.010580226327194
321,6.162801580437097,3.121146723511235,2.175199041833036,8.931634215466778,3.4680939583200576,3.919586542722434,8.014570080121418
322,6.15803253282797,3.135793232867922,2.1877475591183644,8.880992576392474,3.4566183432679223,3.919586542722434,8.014570080121418
323,6.152462556403858,3.129825848367777,2.1847594286249334,8.843015646145387,3.4566183432679223,3.9152884655213405,8.043750301678747
324,6.152462556403858,3.115443312467453,2.184011563739469,8.805658714305654,3.4566183432679223,3.904156552392841,8.075426810452313
325,6.155646203950099,3.1196471425866252,2.183263365127092,8.870413389899385,3.4566183432679223,3.905235641170932,8.055648007844647
326,6.116497605020429,3.1033914598536545,2.1678510599126732,8.952629766916361,3.481799738256458,3.9090093969210145,8.091204537136907
327,6.096397508168402,3.1003689561148486,2.153437924875516,8.860687070366446,3.473432355465455,3.9037967697877356,8.063567112598376
328,6.124513598518099,3.116645160504255,2.1614185532618704,8.77553822178023,3.4863527453156795,3.9185125991013763,8.088577699600682
329,6.108467903951854,3.1154433124674528,2.148287110953458,8.842297085102084,3.5037346262446256,3.9172591801068912,8.079375005098154
330,6.114892763487447,3.1154433124674528,2.1541996444643994,8.756175809756739,3.511257039070277,3.9172591801068912,8.063567112598376
331,6.1277161722778235,3.12743474030396,2.1517227713094833,8.637997042219174,3.5127590044117314,3.9222697263013484,8.080690511630076
332,6.138908049526428,3.135197160081967,2.1454185838019715,8.683812613615437,3.502227617356712,3.9322658857059785,8.136995596770827
333,6.165184302523765,3.128331684813229,2.1572430204843798,8.656724649699397,3.5067461137881666,3.931552971985733,8.16041510723738
334,6.1739107054678115,3.1202470876093664,2.1652053952009656,8.704337901037443,3.507498459494056,3.935293892529699,8.17468403446145
335,6.187365450189666,3.1154433124674528,2.168606192044765,8.767843784885942,3.511257039070276,3.9374294832107832,8.210859347228563
336,6.1794555160879465,3.1094249919447208,2.1674733653297995,8.808370421858433,3.5225014575859754,3.925664996973464,8.164309854654451
337,6.150869927630321,3.1094249919447208,2.166906662658016,8.808390793179553,3.5351888724572333,3.925664996973464,8.168202183407754
338,6.15803253282797,3.0766604693520594,2.168794921568319,8.829615534548982,3.5389091957485026,3.9037967697877356,8.199254237405087
339,6.161212432156748,3.045912368458857,2.168228668799737,8.906742428920877,3.544851139019341,3.8913577186688646,8.172092097649832
340,6.167565825695738,3.052711583850827,2.168606192044765,8.991754582579068,3.531463442341978,3.892441431357387,8.125252849607026
341,6.165184302523765,3.0341214757729333,2.1693609818236372,8.884058291972195,3.551520355168225,3.88955065672609,8.1356919372123
342,6.165184302523765,3.044674021914996,2.1693609818236372,8.850387227577896,3.5530001893461676,3.88955065672609,8.1356919372123
343,6.155540275971706,3.0437448312860425,2.164827099236498,8.918080186491403,3.5603873479607073,3.8785038151612294,8.156517936992266
344,6.162775138708705,3.0400243682828085,2.1712464612902442,8.998152339976846,3.5662827318218624,3.8672337211641956,8.164309854654453
345,6.174007430035443,3.0400243682828085,2.180267225145828,9.053927042045126,3.563336628011973,3.8672337211641956,8.108251973237385
346,6.190806130281673,3.0582599413762734,2.182514832375286,9.075131007975868,3.5589429229047145,3.890273612710305,8.129169553811252
347,6.204361715811393,3.067478177348153,2.183637506174908,9.048869227014146,3.5457192190815827,3.884847170010567,8.174684034461452
348,6.198784680284343,3.042815271015993,2.1761387544736204,9.055355267974603,3.559675697693212,3.879010444699734,8.173388199888523
349,6.197190040608146,3.050550338171532,2.1693609818236372,9.050901484251476,3.5822950003029974,3.8910362005439247,8.192797698962503
350,6.197987427248419,3.0462218526423936,2.1674733653297995,9.050515277761555,3.590276633646443,3.8892172290769076,8.200544750590092
351,6.18920881230669,3.050550338171532,2.1759508542343418,9.103729202357194,3.590276633646443,3.900114490790114,8.244265805248562
352,6.182814163848666,3.01538180356156,2.1727735475777994,9.04931227058399,3.6032878600172413,3.878645269425524,8.335868325980108
353,6.195594866266611,3.011929708731224,2.1768842068423746,9.040798748765495,3.588827147203261,3.879010444699734,8.328284862559325
354,6.178012518069302,3.004147165959956,2.174082582856257,9.08269714773582,3.5822950003029974,3.870416955475861,8.334605039528705
355,6.182814163848667,2.985989762106926,2.1746432838039675,9.019787371089459,3.5852000906439727,3.8606965130731403,8.368626655261442
356,6.169196852700791,2.9800102785712133,2.1660250774069425,9.111914115917987,3.602566619435822,3.857755767875455,8.431158356307765
357,6.167592240673947,2.938992470862759,2.1532026856419337,9.058137347762806,3.568453714712235,3.843377628349104,8.43240283406943
358,6.155540275971706,2.9280566778820183,2.141805635249591,9.162717833448546,3.5449826841002356,3.843931929552254,8.418700395101192
359,6.174808718358112,2.9619773532617675,2.1494124136850186,9.198748571004108,3.5309504646912098,3.8722474381600676,8.414958320911468
360,6.17881312991849,2.974646935612972,2.13703347415884,9.138860055326532,3.559675697693212,3.8819302362719816,8.478281424615302
361,6.157148980283462,2.9591169534344295,2.125330746671279,9.084222538220484,3.539821348018981,3.871515380366348,8.499252733645339
362,6.166789730702349,2.949236783623579,2.128792728129701,9.141682766804355,3.5019175604281734,3.878645269425524,8.46096006203538
363,6.149099975324268,2.9796951358480195,2.1245604193052405,9.208650533536968,3.533170905727631,3.8835713626513555,8.399968300725062
364,6.153931023836935,2.9815853414379125,2.1264855562733835,9.234229837864424,3.518333459614174,3.885758126947354,8.41246240008007
365,6.132152239315555,2.9749627750797036,2.1264855562733835,9.2592859338998,3.5309504646912107,3.873345186957973,8.46715156184806
366,6.135385081727952,2.9800733019066947,2.129176940212117,9.269361325997396,3.5242782030706024,3.8722474381600676,8.488158683190866
367,6.135385081727952,2.996025364792122,2.129176940212117,9.26497291732677,3.529469159630193,3.8764532766555764,8.562985711092525
368,6.141037222966081,2.977803367069178,2.1274472739672747,9.241788003786642,3.5427718822376333,3.8696844465694653,8.575171389636518
369,6.141844118688604,2.975278570875003,2.1280240328630824,9.228008902774858,3.525762349412683,3.8731622569683264,8.525065772906594
370,6.145876527707789,2.986618274526136,2.1339719920498204,9.259940382723139,3.533910648935773,3.8727963632227778,8.520156855790624
371,6.123250454961952,2.9841031900985433,2.1339719920498204,9.206896186624078,3.522050455854244,3.8830244209104827,8.572736058767838
372,6.116765827125161,3.0016511987492294,2.1339719920498204,9.225720828451653,3.5205642707671427,3.898119629531035,8.61764471447613
373,6.12648941688855,2.989130603103653,2.1364598815048463,9.207248509127073,3.5116299454251743,3.902651484484493,8.60311319678534
374,6.128917175329784,2.987874782773852,2.141805635249591,9.225147767269666,3.5205642707671427,3.897393895651151,8.593407728874734
375,6.161168347720441,2.998902508594518,2.15206651701045,9.30688241332066,3.5346501904958174,3.9136805429746575,8.593407728874734
376,6.159561010711137,3.024018436171002,2.1503607975902375,9.374439866743574,3.5435090158278113,3.907899863339062,8.620063532499943
377,6.171602751905925,3.029576673232129,2.150171164398486,9.287208164901394,3.536128669279681,3.9149435848844227,8.586119247246803
378,6.182814163848667,3.0342599723608683,2.1478938646712478,9.236467518854903,3.5420345488117637,3.91872952972412,8.539770479474099
379,6.1643813841889905,3.029576673232129,2.141424372044427,9.236059689379356,3.5390832137483867,3.9046433306316732,8.593407728874736
380,6.158757137288052,3.031179915245268,2.1406615802541267,9.284783396970358,3.5309504646912107,3.9089845890426784,8.58247198249106
381,6.155540275971706,3.054120824831929,2.137224627151628,9.235651592060673,3.5146113412309004,3.9024703418915143,8.5397704794741
382,6.161971811435125,3.044088896388887,2.1379890165215376,9.212766766158822,3.504909720919502,3.9093460771589816,8.520156855790626
383,6.158757137288052,3.0599733089893424,2.137606866342476,9.136374856360334,3.5108840811209077,3.9044623084010746,8.534872577139275
384,6.14668259604976,3.0397938357525436,2.1362686393710177,9.153676391984135,3.4921699605771512,3.897393895651151,8.354787779264148
385,6.157148980283462,3.0400394807489515,2.1379890165215376,9.087227198306921,3.500420230609137,3.8893991760895767,8.377417714277518
386,6.189208812306692,3.0486208223005367,2.1450428096890746,9.10987755347747,3.517589446333886,3.9041002311393864,8.433647072639697
387,6.186811828021954,3.0504555918053247,2.151308636975556,9.163008035070996,3.505657241321257,3.906814745298133,8.460960062035381
388,6.190007538407338,3.076597615796721,2.1494124136850186,9.1471375061411,3.5339106489357723,3.911514092131027,8.401218799937604
389,6.193201101170612,3.069331331645745,2.1509295665084385,9.252336623941488,3.530209913366315,3.9120558513569534,8.431158356307767
390,6.189208812306692,3.066661406004514,2.1444720060954108,9.343088886069992,3.532430960719148,3.9017456619710607,8.397466574556168
391,6.161971811435126,3.068482138082821,2.1437106266436645,9.396667142736016,3.5213074654417844,3.8997518876068322,8.37867259919215
392,6.1635783296053175,3.06629709058306,2.1494124136850186,9.546177296949434,3.527987044311292,3.8937625827940425,8.381181634850634
393,6.157953127166937,3.0483760776738698,2.149032907463312,9.55679078112377,3.5272456824215546,3.8875792067702553,8.418700395101194
394,6.159561010711138,3.0520445634057345,2.1562286574700327,9.587295955855431,3.5383448788901926,3.8886713215023385,8.419947271797176
395,6.150710874031059,3.048008912734928,2.1528240495474367,9.645781312303425,3.5435090158278113,3.8678523836433754,8.429913639227388
396,6.1635783296053175,3.0394253197686334,2.1567954116606236,9.684443658480907,3.5309504646912098,3.8663859190331427,8.498020992907406
397,6.160364747500523,3.0330284384140556,2.1569842866202236,9.686628410581736,3.5368676068070566,3.8651021679150777,8.453522463187927
398,6.182814163848667,3.0516779733033257,2.1607572713005347,9.785036847356471,3.5390832137483867,3.872979315723899,8.434891072145756
399,6.188409951917249,,2.166025077406942,9.777356584418843,3.54424594973213,3.86565241496463,8.446076330743791
400,6.166789730702349,,2.1616991775282464,9.866126110533646,3.54055928185273,3.8680356408017422,8.470863632684061
401,6.167592240673947,,2.1645216938007157,9.985354088108366,3.516100804491997,3.8623494007694408,8.475809766852786
402,6.160364747500523,,2.166025077406942,9.903380491899933,3.5123756034305593,3.8599616003588615,8.473337169871858
403,6.167592240673947,,2.1750169798416845,9.872173382107977,3.510138010359709,3.863634343363842,8.479516901598084
404,6.182014226894689,,2.182845360938897,9.99490542294343,3.5138663011758675,3.862532998087991,8.532422252450155
405,6.167592240673947,,2.1826593957960307,10.055135510372367,3.516100804491997,3.8667526031033246,8.5471104795503
406,6.178012518069304,,2.1887853848299987,9.970801893257711,3.5190772680091267,3.8748082219329567,8.525065772906595
407,6.176410888803033,,2.188414748471325,9.983957507457626,3.526504117506672,3.8748082219329567,8.525065772906595
408,6.186012564390943,,2.1945198273606574,10.00479277154896,3.525020377985441,3.873711013180596,8.562985711092526
409,6.191660004808474,,2.1950737381519922,9.99891317491958,3.525762349412684,3.869501291119461,8.583687961710254
410,6.190047135216899,,2.188229399626111,9.960750000113006,3.526504117506672,3.8610639011043992,8.601900793298379
411,6.186819752739094,,2.1891559394545905,10.024769783551076,3.529469159630193,3.8546280232604104,8.647816642009897
412,6.186819752739094,,2.1891559394545905,10.1077500569609,3.5072701716736505,3.85020674758772,8.634557912506667
413,6.17712442177748,,2.187858640572714,10.091189370567738,3.509498305432626,3.840049632046909,8.657442747671714
414,6.17226931488847,,2.191007488309883,10.11742816037849,3.478134947733767,3.842108972924828,8.642998351104998
415,6.17226931488847,,2.19618101387174,10.111827619722009,3.4736243214696545,3.8510784100823567,8.688631732255605
416,6.14710495188461,,2.1861892111047574,10.138023848075031,3.4668440412568846,3.8336752829668033,8.723248285032321
417,6.143848152831449,,2.1836087020744155,10.130907520501683,3.4683522624335876,3.8391130922917975,8.719675560918065
418,6.14710495188461,,2.1889496465741436,10.193958623803667,3.477383705898259,3.8428574677811222,8.719675560918065
419,6.154424544185231,,2.1931735288805267,10.285350378240484,3.4736243214696545,3.8323612022006914,8.718484229059943
420,6.163355341958722,,2.199032667392933,10.341229579088477,3.4736243214696545,3.845101813759902,8.701783266548023
421,6.132431606429643,,2.1957394079631376,10.331307798552173,3.4600464439135177,3.822957791211357,8.719675560918065
422,6.138958733523355,,2.1944569569183248,10.397825983518398,3.4425952786900336,3.8278513201191076,8.763606692252901
423,6.132431606429643,,2.182686128428103,10.413599363201575,3.4623142413814905,3.821827356036386,8.758871212314991
424,6.126712937804804,,2.1763991096149775,10.474950204384509,3.4630697440444536,3.822581027869491,8.791949851476184
425,6.128347552449172,,2.1763991096149775,10.592655601400201,3.4630697440444536,3.83254896395783,8.794306412491148
426,6.127530316127484,,2.174174505036059,10.697025669204955,3.4630697440444536,3.8385510255638238,8.823694302416623
427,6.126712937804805,,2.176213839028841,10.812794043462088,3.4585335026751234,3.837614009377393,8.763606692252901
428,6.120168790978517,,2.1751017837869817,10.812614971691316,3.434971759863209,3.839113092291797,8.749390234096518
429,6.127530316127484,,2.1843463955893725,10.823527843895258,3.4395485122149543,3.8497720622764984,8.806076899485213
430,6.116074066363388,,2.180839455684457,10.880759607062313,3.44791868485817,3.842483244093032,8.8107793606063
431,6.120168790978517,,2.182686128428103,10.844880499594327,3.4395485122149543,3.8353639537392725,8.796662151243835
432,6.112795713762929,,2.1788057602482165,10.885113674826561,3.4486782978598467,3.8353639537392725,8.78015468460428
433,6.1086945496158895,,2.1592674013269773,10.847302960419176,3.4448780506048267,3.826722767649516,8.822521234288246
434,6.0980147015208015,,2.1573945711762024,10.834234627571071,3.4570196988439275,3.818433434412971,8.858792336049992
435,6.096369484403559,,2.158143957281918,10.819509222151636,3.4486782978598467,3.824087791144418,8.863458402414162
436,6.111155678306125,,2.1663649365515436,10.793379716170067,3.456262473030374,3.827851320119108,8.851787227942989
437,6.111155678306125,,2.1663649365515436,10.870425790905056,3.456262473030374,3.840236904298047,8.85295524738832
438,6.121805682018401,,2.1819477036261565,10.783860641208715,3.4630697440444536,3.847904848867176,8.836584668072398
439,6.116074066363389,,2.182686128428103,10.72248161040994,3.481137803730724,3.84697079942238,8.861125769295665
440,6.12507775488311,,2.1830552188302725,10.812502119870164,3.4818879907141556,3.8626238132219037,8.906468721228814
441,6.131615079090198,,2.1808394556844566,10.74680022835135,3.4721190828287596,3.864296025716328,8.972203352287613
442,6.129164646838113,,2.1812089531631442,10.65777427384223,3.4736243214696545,3.877085132454506,9.01682064738094
443,6.127530316127484,,2.176954798149542,10.657569150858839,3.4758805876721426,3.8730134190441277,9.060019021007722
444,6.1185313294676025,,2.18010021598369,10.76272748784203,3.4660896100668825,3.8646675005084243,9.08942189393382
445,6.0980147015208015,,2.1723184004361618,10.80249722120597,3.471366144658891,3.864110270875922,9.142261123079985
446,6.0996593406597786,,2.16897219625347,10.865037830912481,3.465334964918772,3.854434942519484,9.134416673428827
447,6.0897828248881005,,2.1626331739573743,10.734359863885013,3.4630697440444536,3.847904848867176,9.069079285882822
448,6.0873104337144515,,2.1611381179581413,10.74272534908191,3.453231406472106,3.83311217734974,9.073605000055917
449,6.085661445986802,,2.162072685764004,10.727424163074785,3.456262473030374,3.8321734284601088,9.243451709649017
450,6.086486012592476,3.065432121223256,2.1695303638548173,10.6196189013409,3.4592900810333997,3.843418714324494,9.29405814811537
451,6.098837093302455,3.09231456370496,2.1817630465566564,10.659157425124958,3.4570196988439275,3.8482783859617102,9.263297122361827
452,6.0996593406597786,3.092701928779468,2.1793606496258198,10.639525008314482,3.4698596297887687,3.8415474771108213,9.23019054135378
453,6.0815364282132505,3.0948958048116517,2.171203745396907,10.6976484336786,3.4675982586565888,3.845475705553322,9.329052003929135
454,6.075755273060801,3.0726046979415287,2.1745454783442133,10.714779899235385,3.457776708668701,3.8363016858320544,9.37797475486709
455,6.072448536338773,3.0868848018467894,2.1760285478948886,10.818409501550864,3.457776708668701,3.8407986496893436,9.415797177701553
456,6.060856443290649,3.093605534936161,2.166364936551543,10.803555880522705,3.4623142413814896,3.846410227929825,9.362790019064668
457,6.060027331151042,3.07481726864679,2.166178547276396,10.711838325797155,3.447158853805269,3.8398623478986003,9.345396661157677
458,6.067484028817066,3.0813128410587853,2.167110284850934,10.594555165929075,3.447158853805269,3.8456626336938493,9.309389044373575
459,6.079059667186977,3.11416640057318,2.165992137108173,10.659065320289276,3.428857039115419,3.8579738233529866,9.381224462507967
460,6.07162148558866,3.1084015576525537,2.160390084505625,10.747873682214394,3.422728081289647,3.864667500508425,9.324687124292113
461,6.07162148558866,3.092960137055981,2.160390084505625,10.774754045604091,3.4173534919407165,3.8590904865738613,9.332323918723308
462,6.079059667186977,3.1084015576525537,2.1620726857640036,10.684359440587684,3.4188902119886926,3.8629954974854526,9.350836612872122
463,6.085661445986802,3.1192790607782928,2.1577693066053003,10.699443881000027,3.422728081289647,3.8698632719055146,9.398531527401117
464,6.074102197811568,3.1192790607782928,2.161138117958141,10.807654737506402,3.4196582347216515,3.8698632719055146,9.482315412105109
465,6.064999789735998,3.1077601595119897,2.156832309005542,10.843263669359517,3.4242616604935754,3.8546213049237026,9.497251756986003
466,6.064999789735998,3.098118417976796,2.1534547188533644,10.85403360557211,3.4188902119886926,3.8551803217295784,9.58096805762218
467,6.063342893717427,3.1107091648313236,2.146112833126269,10.805641352388115,3.4065711509888614,3.8592765561946645,9.617754646924205
468,6.068311814148192,3.0910228900618923,2.123314498536271,10.780933393827365,3.394969093951204,3.866152934789314,9.633464354112663
469,6.101303402382144,3.0656933252605523,2.118332668115375,10.796494112598051,3.394969093951204,3.874494687014778,9.540818886629884
470,6.101303402382144,3.0845539485192925,2.118332668115375,10.883894321973896,3.3801985993833066,3.881705328797581,9.550347774596176
471,6.104589795819049,3.0791063489715476,2.123314498536271,11.005549146034953,3.3723907774259363,3.8852118930728237,9.414719282693168
472,6.090606664784926,3.075467630184789,2.12407958352098,10.965157392206963,3.3817573469300806,3.8811512834705244,9.427643430636973
473,6.077308225415746,3.071562769734911,2.1343733019930613,10.908785111405702,3.387982999533345,3.873754145255019,9.359531971188913
474,6.087285602319093,3.0787167541660847,2.1343733019930613,10.897792511369406,3.396519018297681,3.880412396070091,9.527033011628259
475,6.081468057094095,3.076767816110239,2.1210170861211926,11.030747003656911,3.394193786028339,3.879118901947475,9.485518636731653
476,6.102211850994863,3.071953546757493,2.1282811498613863,10.971776495274947,3.393422709793977,3.8850274398305134,9.532338344744728
477,6.096412854936429,3.0907644709507247,2.1282811498613863,11.02603156020443,3.4187487941851518,3.881335976692771,9.501513667927329
478,6.1187409892841025,3.068695090553886,2.123505803445321,10.862656950779977,3.4156919859779817,3.8783795101341036,9.36387570690718
479,6.101383862506693,3.067651432224361,2.1194836752748123,10.803211132883334,3.4141622447618962,3.8783795101341036,9.374723579713995
480,6.1005557276313285,3.0741667278765474,2.102132234506766,10.7784772088895,3.4118659574941774,3.8783795101341036,9.355185607978413
481,6.103039693167418,3.0591545052933036,2.1031010991067225,10.76761004265657,3.393422709793977,3.8783795101341036,9.398531527401117
482,6.091436561912282,3.0473385279658505,2.1015620663533774,10.781522283811679,3.393422709793977,3.8783795101341036,9.333414224993138
483,6.096412854936429,3.0499694548594185,2.1021393756363542,10.689645658544888,3.38260358630999,3.8783795101341036,9.308295070957671
484,6.098899018432269,3.065831505715808,2.1107743551185885,10.673632478932536,3.391108110587884,3.8783795101341036,9.30391750157914
485,6.102211850994863,3.078380416664728,2.126012843183635,10.613049914202398,3.403428961825462,3.8783795101341036,9.397451052013302
486,6.102211850994863,3.086709473821582,2.1222165783517735,10.597804093823543,3.4041970871779976,3.8783795101341036,9.497251756986001
487,6.103039693167418,3.0863896667234876,2.1241158154846103,10.544531868361661,3.416456522038236,3.8783795101341036,9.370386393539775
488,6.103039693167418,3.0953280055855616,2.1275288793224405,10.65611982372496,3.4248517538231913,3.8783795101341036,9.407169512235333
489,6.105522342506488,3.098830312381447,2.1422371011919052,10.775860512133049,3.42103906604535,3.8783795101341036,9.411484632757093
490,6.098070443965123,3.111522727489464,2.14261250699403,10.714616962745932,3.439289805463127,3.8783795101341036,9.481247357286604
491,6.098070443965123,3.1077220917206665,2.148420376779446,10.61494723283489,3.439289805463127,3.8783795101341036,9.516410784236992
492,6.113788359161809,3.114053128876072,2.1532757710349952,10.636446382522925,3.447612712185268,3.8783795101341036,9.516410784236992
493,6.104694938851771,3.100420566783577,2.1461745975732556,10.641807498260416,3.440047517431289,3.8783795101341036,9.531277585841384
494,6.102211850994862,3.0905437975346737,2.154021489796288,10.768274862767225,3.450632743192805,3.8783795101341036,9.590445024419123
495,6.099727446297086,3.0969206027999894,2.154207866949527,10.711916168697684,3.4461014036508613,3.8783795101341036,9.58728739127595
496,6.099727446297086,3.089266378389955,2.154207866949527,10.751232833190967,3.4461014036508613,3.8783795101341036,9.58728739127595
497,6.090606664784925,3.0796637202897474,2.14785921871427,10.723386780378995,3.4461014036508613,3.834613552983875,9.703230558206755
498,6.102211850994862,3.0854299863398333,2.1508498585657736,10.891049913280684,3.4430761936986984,3.8342382808660824,9.632418078451208
499,6.092266311788766,3.0690555481283748,2.1501027065470577,10.798436831174364,3.4408050120665927,3.825405574920546,9.703230558206755
500,6.093925370078278,3.0693777097841926,2.1476721235820055,10.799202564298449,3.431700694375965,3.831610035316519,9.736322280341954
501,6.088116089173936,3.0690555481283748,2.1476721235820055,10.745506689316054,3.4294196937152255,3.8286034477152677,9.761045254517477
502,6.098070443965123,3.0748477334247326,2.1489813439869754,10.735389511631858,3.4332202649676176,3.8413602880813547,9.721862704832333
503,6.105522342506488,3.077738503454979,2.146923530655693,10.763795444845274,3.4347389599790583,3.8389257486262376,9.703230558206755
504,6.102211850994862,3.0713097554686803,2.1456126742764563,10.705968696786517,3.4256136281808445,3.8449148501028625,9.750753937901399
505,6.125336384573329,3.078701307895742,2.154394223101052,10.753279996745206,3.417220835306493,3.8529436205504113,9.7733762084361
506,6.125336384573329,3.0930965746715775,2.154394223101052,10.815305777933899,3.417220835306493,3.851264984081834,9.80820434293065
507,6.125336384573329,3.0831892186829646,2.1662776304918854,10.881262252671391,3.4118659574941765,3.8477180626061753,9.820458235516735
508,6.122864195772689,3.088627410725374,2.1623877624169983,10.94807763364929,3.412631610216705,3.8540621824953902,9.871303093081393
509,6.116265327205548,3.083829654433282,2.1571870496123853,10.879867092627565,3.39804574934827,3.8529436205504113,9.909718217196957
510,6.103039693167418,3.0735618097528947,2.1497290036843246,10.989786600040661,3.381054314408743,3.85313007691493,9.92784732641138
511,6.102211850994861,3.0372673328580837,2.1463618627569017,10.97841865891289,3.302378038917417,3.845101813759902,9.99195990346911
512,6.101383862506693,3.053539668887315,2.1474850072166807,10.902575566246865,3.319101846201767,3.8484651367993754,10.017853151092854
513,6.114614160401339,3.0428126474583546,2.1444882522229154,10.853122338325727,3.3230675583199782,3.8505186174269213,9.95395794184611
514,6.122039843844238,3.0574282567117135,2.1426125069940296,10.772377610081415,3.320688871356339,3.862252082364731,9.937900446668891
515,6.144246815044269,3.0554847685857744,2.142987827138657,10.674993028382344,3.317513831984585,3.867266522818673,9.911734695939323
516,6.140142304148683,3.051917518737745,2.1332015231177754,10.636634412108736,3.373294045165424,3.863738726296316,9.873329797227209
517,6.145887619748631,3.047044316428291,2.139418821870822,10.707693237534816,3.365510451531345,3.8657816459200145,9.93187016513629
518,6.138499498690546,3.06292608689829,2.1392307645982207,10.74077999084413,3.3701834175026932,3.864853220464145,9.865219726069284
519,6.134389977461963,3.059046601750336,2.1448631448900715,10.704258556033862,3.3608290186076553,3.8618803048977663,9.903665571664368
520,6.169615464561231,3.082548609602304,2.1538350916347655,10.736228155884088,3.3545738635535414,3.8680086828500806,9.85710096102087
521,6.1630817353796346,3.0895857976751437,2.160532236821647,10.745753283949645,3.3639509167589305,3.8680086828500806,9.738385651487977
522,6.1630817353796346,3.092458637711903,2.164055963988969,10.735616256613469,3.3545738635535414,3.8739392979822855,9.592549361057623
523,6.161446892706977,3.089266378389955,2.1644264480343547,10.715663245314555,3.3341388911683496,3.8728282086560104,9.346484981454372
524,6.151625947861855,3.1131045423083714,2.167387351579796,10.681176276996288,3.3254440294512126,3.8748648887651957,9.524909800496552
525,6.145067288731541,3.112155579089963,2.1734776333245107,10.689783069822113,3.3341388911683496,3.869307016765263,9.52915560657829
526,6.146707808164168,3.1112062388066564,2.1710810878307742,10.786812231782669,3.3396566414809437,3.86280966117687,9.482315412105109
527,6.161446892706977,3.1134207796605864,2.170527549309107,10.761078465206868,3.3238599612851742,3.8646675005084243,9.402851811874466
528,6.172878951779089,3.115633270610033,2.1810135186024975,10.866824618081663,3.3079648803845814,3.872642986729759,9.40393147905811
529,6.181027853515049,3.1064538668665427,2.1738460272164697,10.830637829347511,3.2983798879380934,3.8698632719055146,9.465207689966816
530,6.1777699729482425,3.1045502640546396,2.1670175267977436,10.832938018955971,3.312743837854173,3.8704194229154325,9.460924461534903
531,6.1777699729482425,3.096283691956673,2.1670175267977436,10.931405232270937,3.3071675127589186,3.8700486671428598,9.50577309019226
532,6.1745098529220135,3.0943719347068317,2.1646116590841857,10.941855476104516,3.3206888713563396,3.866152934789314,9.495119867003151
533,6.195660716466549,3.0879882708281867,2.1668325835734854,10.999268913918527,3.3206888713563396,3.8652246255050016,9.417952485660942
534,6.192412861032563,3.109623165951719,2.1738460272164697,11.056753529463121,3.2927718480279027,3.877455012081683,9.363875706907178
535,6.196472333875071,3.1055022554533074,2.1766063932982136,11.16000654104576,3.272640805049003,3.870790132431829,9.358445626885517
536,6.210248700271998,3.093734340294127,2.169235243802757,11.150828011283084,3.216224073426547,3.8822592711350294,9.315949371329431
537,6.215101454038215,3.0934154788920343,2.178076725782745,11.123076323120326,3.2253042770493057,3.87727007801337,9.201372539529828
538,6.214289355967623,3.1080390426155295,2.1766063932982136,11.030062528846578,3.192958786970447,3.8837359475994973,9.176895926841329
539,6.202091256778261,3.1039153918116726,2.182846401351492,11.082707003515065,3.226128099909403,3.87727007801337,9.258891818362798
540,6.193941798573624,3.0892663783899548,2.179362206951033,11.066117362320968,3.231887203829053,3.8730134190441268,9.439470325810781
541,6.189045412333049,3.0671216524260836,2.179729305925124,11.003461192740946,3.2269775451755565,3.876900175403112,9.331233446502685
542,6.183326576738725,3.054512420414277,2.1635000829609354,11.074877424468495,3.22205813718828,3.870604783454654,9.239034074951343
543,6.195572807352205,3.0454176578231653,2.167202449464409,11.187326637487404,3.1923339076067814,3.8622520823647304,9.291865329813627
544,6.208600794460347,3.014623241738208,2.167202449464409,11.08934499331022,3.1989703989014555,3.8615084808048303,9.31594937132943
545,6.21591341391108,3.0271211948684877,2.1773417212072026,11.099429146679695,3.1647663962452897,3.8694924467187146,9.313763264451058
546,6.221593268944027,3.016271564340965,2.1740576678029595,11.08951565398764,3.1723157680055865,3.8681941938777995,9.3443081757455
547,6.239400425128916,3.0366140754972215,2.1767948271015927,10.989985326947135,3.157193493548864,3.882443895703423,9.307200930041276
548,6.238592444887183,3.029145860129084,2.1758829389905037,10.994415202077647,3.1939947145224634,3.878564375300575,9.221335957058557
549,6.241015976874206,3.0252398617933207,2.182073994626773,11.004907326733688,3.1723157680055865,3.894787789634784,9.196928556598282
550,6.231314480169469,3.0026517211421626,2.1777062178939173,11.059232549577576,3.1546639283564075,3.894787789634784,9.199150897617162
551,6.2296956503550485,3.0167542504456453,2.1767948271015927,11.033619017980696,3.1495968557949925,3.895523127406313,9.11645347070012
552,6.221593268944027,3.0092217461652897,2.172413215342412,11.206543740607422,3.1495968557949925,3.899013515385927,9.156806172348363
553,6.216725235651268,3.007909236390856,2.170401124398116,11.338849213340131,3.1402795412924136,3.8912924629026167,9.296250292707727
554,6.216725235651268,2.9698506273872094,2.1755180443284754,11.295388684077198,3.116398708617962,3.892396692000955,9.350836612872122
555,6.237784328314579,2.977180465506033,2.1833457862577617,11.161456313625543,3.116398708617962,3.8969932607860964,9.357359118295149
556,6.245859366777087,2.9791754369071546,2.1849795303632256,11.07587692111454,3.1402795412924136,3.8953393099146796,9.331233446502685
557,6.227266377716928,2.963501295474077,2.18679293736161,11.007886124744088,3.1915030819414345,3.895890728498617,9.309389044373573
558,6.22888602992877,2.9681814656632137,2.184979530363226,11.06680250682033,3.1773357092740593,3.893316571313112,9.247866595938005
559,6.222404125573317,2.9937523713491467,2.188785425316424,11.001602697542982,3.180676605532335,3.8953393099146796,9.320319581592786
560,6.215101454038215,2.9748507958387873,2.183527392015612,10.909219870398504,3.144519142363024,3.890371960100758,9.34866112697865
561,6.2296956503550485,2.976847800945015,2.1864304126836647,10.99138450859448,3.0853400282777,3.902499838063025,9.392046246103561
562,6.23293276236061,3.0003477834104832,2.1876989067397075,10.911123686890699,3.1078118354572526,3.9079963128196247,9.443766232592562
563,6.233741698257606,2.998371143854925,2.191498652830365,10.916534519584372,3.1292215330845403,3.9101920854843706,9.436246723726828
564,6.241015976874206,3.007909236390856,2.184979530363226,10.962648655076242,3.1172557019025287,3.908179355255047,9.376891192963567
565,6.237784328314579,3.0046246937172345,2.18679293736161,11.15026067930725,3.114683800478598,3.904149838919913,9.357359118295149
566,6.235359159974362,3.0065959801789273,2.1913179071222793,11.097054503404507,3.1563505985502363,3.8997478154519905,9.363875706907178
567,6.240208269103392,3.00856558450937,2.1913179071222793,11.053501244333958,3.1614035788340287,3.895890728498617,9.355185607978413
568,6.2442454471909565,3.00856558450937,2.1967318558673194,11.051530442067595,3.16812456560819,3.902499838063025,9.36170416720984
569,6.254726231199999,3.007909236390856,2.199792060057667,10.992189008807415,3.173990230916242,3.906531571123614,9.287477669787847
570,6.254726231199999,3.007909236390856,2.199792060057667,11.062113883487884,3.1428241958688092,3.906531571123614,9.287477669787847
571,6.252309619775188,3.007909236390856,2.1922214415628667,11.025693925752325,3.1639261283423323,3.906531571123614,9.287477669787847
572,6.25714162701842,2.988793364171527,2.1895093809033446,11.07984115453338,3.153820152595453,3.9098262349171393,9.335594339959789
573,6.255531498123266,2.982828371912942,2.183164160821508,11.114557451874953,3.169801912818879,3.9012158755350055,9.276496689575918
574,6.2627728327275145,2.987800275888957,2.187517751962644,11.137353990017564,3.192333907606781,3.9030499393050886,9.276496689575918
575,6.263576752416494,3.007909236390856,2.1907755534457576,11.131216239312652,3.217951144346147,3.904516382441497,9.396370414783636
576,6.265184188714946,3.0006770584560716,2.196551670883115,11.182943202791742,3.2055890046541418,3.9076301944423846,9.405010984801585
577,6.264380537724916,3.022306046436458,2.1976324921593307,11.217459757726337,3.2097166098125975,3.9059821085155293,9.272099553307092
578,6.262772832727515,3.030446402583297,2.202128479860545,11.244375627814922,3.2080663978466246,3.911655042080491,9.179124587335481
579,6.25714162701842,3.0310964012585866,2.203385215675337,11.31063827962439,3.213837312425399,3.9103749940486803,9.243451709649019
580,6.252309619775188,3.032720604129964,2.206254254254322,11.277784804424295,3.203109114995254,3.911106516887727,9.165742033431098
581,6.249891791049233,3.032720604129964,2.2026671952918786,11.345934062991223,3.2047626524967945,3.911106516887727,9.06455062796859
582,6.25714162701842,3.040501055048572,2.2041029314061684,11.208059252306933,3.227796497209807,3.908911413352737,9.138900290043754
583,6.2732133247426365,3.0366140754972215,2.2116206427001517,11.147322622381758,3.227796497209807,3.916404736275688,9.152333979313184
584,6.291629722786935,3.0375864278221347,2.203744111599977,11.19181284840048,3.227796497209807,3.9215114145100785,9.114204826998666
585,6.320315232584943,3.032071058976698,2.2015895927092792,11.286349879358735,3.227796497209807,3.9238794302901425,9.102950752355936
586,6.3179312506874465,3.034019151085073,2.2066125424796623,11.268830147482456,3.231069602156453,3.9238794302901425,9.102950752355936
587,6.33301006894185,3.0482556579595914,2.206254254254322,11.187689580364363,3.2204161587275157,3.9336959389263093,9.069079285882824
588,6.3242859348911065,3.0588764654317013,2.2098337325132165,11.011595187777187,3.210541301516017,3.9349661144937804,9.030491323749349
589,6.3179312506874465,3.0688100167972916,2.2155452399685758,11.064432978838266,3.180676605532335,3.932425228898407,9.087164532950249
590,6.3171363296154786,3.0806116336373246,2.217326157667527,10.993376966940735,3.173990230916242,3.928428082405474,9.080388063368463
591,6.32666679834997,3.07519659483119,2.224608518529122,10.907227150612732,3.1890089129420844,3.9260636400096303,9.100697761682312
592,6.337762096180752,3.0866491005653147,2.2276189448027415,10.909186643366269,3.16812456560819,3.9371423166753416,9.127685868415975
593,6.339345074275557,3.075834302832631,2.229740765067493,10.97656485209801,3.1764997699356656,3.9364170900698614,9.071342510606005
594,6.327460160201038,3.07519659483119,2.2191052140926306,10.980397328887818,3.1630855696586626,3.9353289237195876,9.100697761682314
595,6.32666679834997,3.0556631161440486,2.2226577645918146,11.059450132646422,3.1411280578492646,3.934058900740854,9.116453470700122
596,6.3242859348911065,3.0806116336373246,2.227088078237854,11.142484959411599,3.121536072629709,3.9385922480991153,9.18023865331129
597,6.333802396003303,3.0726440384997473,2.2323893474790744,11.092833124082109,3.1300739562779927,3.940765842496597,9.269899966244173
598,6.3551466218346455,3.087918187486184,2.2306240810496547,11.11401091192733,3.1343315439825843,3.9498057236297033,9.24124323614723
599,6.361452931811633,3.087918187486184,,11.078809837495326,3.0991939460342097,3.9498057236297033,9.245659496048814
600,6.360665088422961,3.057591653571527,,11.13912471497292,3.1043684190006324,3.949986246442817,9.246763131770313
601,6.360665088422961,3.063367781217337,,11.069294240862462,3.1017825880375542,3.949986246442817,9.246763131770313
602,6.374826873120962,3.0700887170423417,,11.025345231015857,3.1163987086179614,3.957378449701171,9.274298460890781
603,6.375615346241857,3.0866491005653147,,11.00756916851126,3.082733384489351,3.9530534915633124,9.302822689950426
604,6.39371529141772,3.0929877548769458,,11.122795379499122,3.107811835457252,3.956477924569448,9.311576488987843
605,6.407834046330535,3.1030945515787787,,11.165886676024746,3.128368807315096,3.9670871630614695,9.246763131770315
606,6.410183235151353,3.1030945515787787,,11.194438556841911,3.132618751273428,3.9670871630614695,9.172436489521822
607,6.407834046330535,3.115354529907805,,11.112688759759084,3.105287976549348,3.9735424821449064,9.145620347551713
608,6.3874272352315815,3.102464132880847,,11.057613090118402,3.1078635458331205,3.9661503288618487,9.185806343558127
609,6.382705896321871,3.104039866943843,,11.041030043071114,3.0906402202709615,3.9607300453832073,9.163509132222652
610,6.356656809831139,3.0834734058804134,,11.07523291483004,3.056690149017739,3.940408409451231,9.181352543208973
611,6.359030654153472,3.0996251815079523,,11.146210699060864,3.032895498456002,3.9311094205158255,9.167974226302864
612,6.397641239338407,3.096182251663019,,11.104035286036357,3.013325931692823,3.945138088009078,9.100697761682316
613,6.395286047308737,3.097121726979608,,11.118520735668183,3.017788080911493,3.941136533577913,9.127685868415979
614,6.388213683195265,3.097121726979608,,10.99600663530905,3.0311232439468867,3.941136533577913,9.143381043194735
615,6.385853960795978,3.101501045396024,,11.00975032700532,3.019570536289092,3.9351242596958276,9.181352543208973
616,6.399210740134884,3.1139692209853247,,10.932485500384463,3.0240206894951474,3.946046795151143,9.161275522055124
617,6.392929724944006,3.1049362961679257,,10.905511657430809,3.0160042531075177,3.9487712824999996,9.185806343558129
618,6.397641239338407,3.1096127658861565,,10.926234224916866,3.0399710653827974,3.9453198512480947,9.252278738545634
619,6.414096059709192,3.1180074042701125,,10.920533125489655,3.0408540038157015,3.9547565519589503,9.307200930041281
620,6.409400296827911,3.103999900699674,,11.070738653372205,3.064568290503616,3.9384051638641115,9.280891112568868
621,6.399995302532486,3.1049362961679257,,11.081426427296012,3.0593191326397062,3.932752500029967,9.250073009907073
622,6.393715291417721,3.096182251663019,,11.071612457664155,3.02313134142887,3.9358536573953233,9.201372539529833
623,6.403132300076966,3.074154837099352,,11.15988009298123,3.0177880809114934,3.935488980556901,9.183579795078094
624,6.373249545666521,3.0744709628559876,,11.017388406186894,3.001683869719279,3.9247111460215556,9.25338134605005
625,6.385067134211986,3.070674655184658,,10.907320610041717,3.004375716249212,3.9188493817130006,9.239034074951345
626,6.385067134211986,3.0776298945947462,,10.895626659303316,2.998988875081694,3.9208656508012254,9.26769969912065
627,6.385067134211986,3.0833053532176518,,10.706415878016427,3.029349638654514,3.9248941424392134,9.24786659593801
628,6.388213683195265,3.091479294904822,,10.618673752994782,3.029349638654514,3.9374941587819565,9.188032189263616
629,6.417224082166697,3.0833053532176518,,10.689494049847108,3.071549002557056,3.9296481540386177,9.216904508938105
630,6.418005777515408,3.119558739052396,,10.684089503089204,3.1537567386561376,3.9469552297963397,9.236824225468293
631,6.418787348866837,3.1319334145345405,,10.691233809852655,3.1512299270153963,3.9542129241313035,9.285282826914683
632,6.407050734046759,3.1368654927776016,,10.698390159750295,3.1838751450197775,3.9491343625095934,9.350836612872126
633,6.409400296827911,3.139327748146588,,10.83932132525316,3.1813794523713224,3.9505862479246767,9.44591323173106
634,6.409400296827911,3.1337841288133843,,10.795390310161974,3.1755462294457324,3.9464102016961844,9.407169512235336
635,6.398426052421989,3.1362495354457596,,10.790055475859734,3.178881206921606,3.944956313861116,9.452350418387
636,6.382705896321871,3.1417874905165086,,10.814122876113313,3.2078699934457364,3.946955229796339,9.50364368989296
637,6.374038272948077,3.1310075229738126,,10.880157501894178,3.185537525456046,3.9433198553286157,9.463066391416048
638,6.347149863992606,3.1387124201755214,,10.896812209275978,3.1688625517997244,3.939133770345229,9.435171870874472
639,6.351113344236607,3.1282277060430492,,11.009938216143311,3.171371081194396,3.933117507397224,9.409327394709456
640,6.337624333342232,3.1384046972569384,,11.130515326729524,3.18968854072536,3.9332999945355134,9.428719401516632
641,6.346356780994067,3.1592410348288156,,11.129514597127972,3.1813794523713224,3.9433198553286157,9.44376623259257
642,6.351113344236607,3.1595461170302075,,11.103160838588034,3.145323745665136,3.9453198512480947,9.417952485660948
643,6.3415955694689,3.1616806189044695,,11.037542534764924,3.168862551799725,3.9487712824999996,9.435171870874472
644,6.352697834534477,3.1616806189044695,,10.950328976191667,3.183875145019778,3.9462285038726876,9.445913231731062
645,6.3447702275823055,3.147312759345249,,10.831800172493576,3.1913469780581343,3.944592732831179,9.40501098480159
646,6.3542818102131,3.1525194923670847,,10.939916953546627,3.1855375254560467,3.947681781466667,9.389883188965348
647,6.3447702275823055,3.143016421542398,,11.145498186629199,3.1613213978887273,3.9464102016961844,9.368216819524747
648,6.355073605214702,3.166248242127969,,11.052094467114019,3.1946604892590353,3.957654257884231,9.439470325810786
649,6.3415955694689,3.1586307552708646,,11.00016460448087,3.2086932365976937,3.959102075024909,9.50364368989296
650,6.347942817930453,3.1577150478454383,2.230137774223822,11.018226827964277,3.197142687872639,3.9630800205093744,9.514284484754107
651,6.351905653741874,3.1628994919414253,2.236772053767917,11.058538539553087,3.1871987766447156,3.9632607126538724,9.507901869327087
652,6.353489886672281,3.158020322083568,2.2356411869305957,11.173035099388231,3.2062226810161634,3.961634096855932,9.458781899807885
653,6.348735642865729,3.1503769009502904,2.2374179291472203,11.163513815581384,3.197142687872639,3.961272508517382,9.458781899807885
654,6.342389428054273,3.1583255578875757,2.2343478546135023,11.182648950529234,3.1963155673164434,3.9647058636720645,9.456638705718914
655,6.324894541573392,3.1534371654139184,2.2372564830718527,11.054181028872922,3.202099568951732,3.9587401854003628,9.452350418387
656,6.328080116978228,3.1396353532268426,2.239837801717322,11.090088411469548,3.203749643227801,3.951856077754936,9.454494878751104
657,6.328876184510538,3.1577150478454383,2.2395153488132515,11.214869387684082,3.25436318432911,3.945319851248094,9.510030027798749
658,6.336034930971995,3.168680802082752,2.24964372090328,11.158819890805086,3.314250944699841,3.948589726186917,9.50364368989296
659,6.33126360488876,3.167464826285907,2.2517263210847016,11.168249986304426,3.313461698994516,3.948044991992962,9.542937488427965
660,6.3320591511388145,3.1753578320079767,2.253326615526928,11.349641459513265,3.300800310183725,3.951674706034493,9.497251756986007
661,6.340801581414861,3.175660898967477,2.25204649847829,11.43031546313397,3.2912625917941742,3.95982572503803,9.469488395135464
662,6.335240034998078,3.169592385199548,2.2510857883271145,11.466705232636734,3.290466155868703,3.9601874854549655,9.454494878751104
663,6.330467928406722,3.172325087709566,2.25364649680931,11.47373862332247,3.276087143407528,3.960549202831057,9.458781899807885
664,6.347942817930454,3.166856610304732,2.2504450180727247,11.39202243696057,3.2952410113580526,3.9587401854003628,9.484451051764044
665,6.372460691219566,3.168680802082752,2.2536464968093104,11.378440587219707,3.2736826384001696,3.962357144594542,9.445913231731062
666,6.374038272948078,3.157715047845439,2.2457923085418012,11.509683614920448,3.2880753401266163,3.962357144594542,9.445913231731062
667,6.367724890883154,3.151601471232303,2.2427371610836166,11.400951031454781,3.3079301085529154,3.9647058636720645,9.38988318896535
668,6.3732717077446965,3.1659440009333037,2.2498040100776504,11.454311258993654,3.292058776757393,3.9632607126538724,9.265498751354205
669,6.379603236952503,3.1543544907378434,2.253326615526928,11.33674739179512,3.298419248006478,3.9592830036800364,9.239034074951347
670,6.388295747906056,3.158020322083568,2.253006675082936,11.355980006566947,3.3094995346276437,3.9683157426865736,9.192481774804284
671,6.388295747906056,3.1698961703597384,2.253006675082936,11.441894832844968,3.2777119222262785,3.971380780130771,9.15009681498171
672,6.396972879331141,3.171718085511002,2.2622610383491324,11.559898425308507,3.284899088338839,3.9764223708044177,9.17020571145957
673,6.396184682740766,3.170503626940655,2.268931811797247,11.566078113556008,3.2705041690580807,3.975879430887106,9.236824225468295
674,6.389874549889176,3.1744484049800676,2.269882695646268,11.624698256990207,3.2761119841705417,3.9722573606059943,9.223550641226243
675,6.3867164375103975,3.170807298387554,2.2760508349813993,11.783580133350883,3.3142334668258853,3.974068933266374,9.203593482944711
676,6.3867164375103975,3.1732353074427535,2.2808888418892757,11.898397727966833,3.333081729668521,3.975336394375003,9.194705515864046
677,6.39854889312006,3.169592385199548,2.284625235372543,11.829213986935429,3.329166467067925,3.9776888552320244,9.212470283762583
678,6.394607909887168,3.1941461482922966,2.285558090856702,11.840536760128149,3.347905389288273,3.987441275247536,9.150096814981712
679,6.411138843683148,3.190866635815322,2.2902149474396194,11.927886954666953,3.3494608060834077,3.9912255039401914,9.145620347551715
680,6.406421388800352,3.193550199568213,2.2799534969592985,11.893608989321603,3.3494608060834077,3.987801879526994,9.167974226302865
681,6.396184682740766,3.1854906702117662,2.281512127708199,11.887500401942598,3.3181716927198512,3.9869002891666687,9.163509132222654
682,6.401699404701615,3.195337611442748,2.284625235372543,11.918639867016656,3.3322991564877,3.9908653025684777,9.19915089761717
683,6.407994376413659,3.1866863502538467,2.2869564448883506,11.79556936103999,3.303965441700044,3.9991392467012603,9.205813728469213
684,6.389874549889176,3.175003433082985,2.279953496959299,11.942288398972122,3.297625942526542,3.996084084146489,9.258891818362805
685,6.385926591516202,3.1277014436279202,2.27683206453632,11.942824312785746,3.275311633344498,3.9793164209456244,9.221335957058564
686,6.385926591516202,3.1347339516923127,2.269317790394443,11.897644721033883,3.2688996338989047,3.9767842771089876,9.216904508938109
687,6.381184840824929,3.1460041909940486,2.2650767315502836,11.997576063892046,3.284101525918178,3.981846467703894,9.230190541353787
688,6.3803941027244795,3.1212624211697912,2.2551404821174685,11.92122064705183,3.317384534699617,3.9662715212176174,9.18580634355813
689,6.381975451310882,3.118497536606899,2.261455801957764,11.910572243057892,3.301589987542036,3.968449550891729,9.165742033431105
690,6.399336710430879,3.127088947350673,2.261455801957764,11.992149720283368,3.283303711116718,3.9735255744277946,9.174666561109472
691,6.399336710430879,3.125863485759124,2.250071590162865,11.985582324719719,3.2697020296839243,3.9798587501983382,9.152333979313191
692,6.40563470630438,3.125863485759124,2.242918193069034,11.889796818848216,3.3079195957339267,3.9798587501983382,9.147858937937503
693,6.41192464666677,3.1325957999392298,2.228521525716559,11.858440935862324,3.3079195957339267,3.982207732045112,9.169090057306793
694,6.415851781353439,3.119726768250862,2.238452151342752,11.96064307694404,3.3134450898652172,3.9789548146165536,9.143381043194736
695,6.417421758819031,3.1104920986286535,2.236054847495339,11.958676004120488,3.33464615844066,3.9794972080602258,9.156806172348372
696,6.417421758819031,3.0987433345688675,2.236054847495339,11.927282736384672,3.318171692719851,3.9794972080602258,9.084906441298273
697,6.417421758819031,3.085378312063565,2.2083228434080135,11.953339391540561,3.318171692719851,3.979677984477224,8.954965682376166
698,6.415066604929187,3.096572752058129,2.221277554549644,11.92185972935481,3.2872902635228654,3.9771461405177613,8.982525280421505
699,6.420560213762608,3.101221577703986,2.233494027802904,11.808110561444844,3.2936556807692594,3.977507961044776,8.988253014889485
700,6.436222602864338,3.1298439512576843,2.236534576055108,11.781682449966953,3.286493456920809,3.9854571919385804,8.989397991377947
701,6.43387641009146,3.120341147552661,2.233333849559789,11.578656775667392,3.3039654417000435,3.9852767569230383,8.957266535317517
702,6.436222602864338,3.1132662464316176,2.243236752969638,11.606872102048976,3.2848990883388387,3.9838328935480667,8.918046784959744
703,6.429180678137382,3.1237174208403164,2.242121535362159,11.644862677860592,3.291270528430291,3.9885229606894796,8.897192134932874
704,6.42996361034489,3.10987518352836,2.2398889298012743,11.6477505042382,3.2944502317561204,3.9910454085475573,8.911102298189943
705,6.420560213762608,3.090049082249559,2.2347749154427605,11.56682398280794,3.3094995346276437,3.988703204449268,8.87860106688267
706,6.417421758819031,3.070369581501239,2.231731243370189,11.420880160493898,3.308709688020285,3.9861788256175505,8.885578655308072
707,6.42839762171669,3.070683238488514,2.2286821546242614,11.430567836855777,3.294450231756121,3.986539578651395,8.920360049170219
708,6.42996361034489,3.0869362583633495,2.2141646820726377,11.425137748001788,3.2960385853436374,3.993745728823848,8.945754560367574
709,6.4236966716577255,3.0884931811390355,2.2050686616229527,11.463205681039287,3.275311633344498,3.993385823535463,8.950361664850517
710,6.4276144410282585,3.0681728129257384,2.213192436885134,11.46012596724597,3.243086210127987,3.991405588748102,8.927295157893335
711,6.42839762171669,3.0925364035868284,2.21513637148449,11.476233307946321,3.2576390420567796,3.992845886367867,8.92960530192663
712,6.431529102338403,3.1021502541060286,2.211570790789245,11.567047186329688,3.267294072188036,3.998061301276331,8.989397991377947
713,6.440911649324747,3.1126500474504915,2.222083959680385,11.571959426785416,3.252797519940564,4.003267869154342,8.991687374648158
714,6.45027642671523,3.1111088543923033,2.23253273377972,11.65117942779092,3.301589987542036,4.001832455835381,9.044135095934356
715,6.447936893176807,3.1036972438684383,2.2389312109435218,11.6533986470372,3.301589987542036,3.9973424606232637,9.02365935776635
716,6.4432545059320665,3.102769170574855,2.2370141706162663,11.648883601473113,3.2936556807692594,4.003985324470462,9.025937428229547
717,6.4385676821216125,3.106788213983417,2.226753611414094,11.61909009836452,3.296832388377545,4.002191372034821,8.964164479409956
718,6.449496705028626,3.1126500474504915,2.2373338259311564,11.514671147068578,3.283303711116718,4.009539934888701,8.954965682376166
719,6.4432545059320665,3.10987518352836,2.241962159569659,11.694202841891851,3.278511509903735,4.009897952737431,8.930760082063241
720,6.436222602864338,3.1064792972342126,2.238132704067916,11.688151664612247,3.282505643713292,4.009002830025484,8.936531067570918
721,6.4432545059320665,3.118190130064116,2.2350949879651223,11.782059095673917,3.2737101669742112,4.01276059788469,8.906468721228821
722,6.442473677039278,3.1175751985222355,2.2220839596803845,11.81157746930073,3.2833037111167176,4.014190923420003,8.892549113770938
723,6.436222602864338,3.1178826840405742,2.2299666433805876,11.955347894578969,3.2713060522480273,4.016870995982164,8.899512462399409
724,6.447936893176807,3.1221833407193347,2.2373338259311564,11.901712418092398,3.292860880030986,4.014727124377413,8.936531067570918
725,6.451835501877402,3.116652504857958,2.2373338259311564,12.01068466675828,3.305547842683179,4.0145484010902015,8.915732738880982
726,6.449496705028626,3.120648278122477,2.2334940278029034,11.974459543994028,3.3252451974543096,4.009897952737431,8.938838103047374
727,6.444815794057992,3.120955369323525,2.2306085264952062,11.92389184644367,3.3213178952503095,4.01150851804892,8.938838103047374
728,6.444035211587032,3.1141902471411584,2.230287615017161,11.809466451050074,3.313445089865217,4.0175852887291645,8.973350997004797
729,6.444035211587032,3.118190130064117,2.230287615017161,11.660106084067682,3.313445089865217,4.0199055985237075,9.005407759003184
730,6.4479368931768075,3.1264762947645504,2.2349349591675316,11.70624912809062,3.311867602487429,4.022937220029378,9.00769184365715
731,6.454173194894538,3.1490411876433795,2.2341345911946577,11.6079638526748,3.3408943352556633,4.030058734237792,8.980232854056585
732,6.45339408644779,3.1457002812461634,2.243714482362564,11.48050356580391,3.3486832153205857,4.027390088567642,8.936531067570918
733,6.458845275193624,3.149951543006575,2.252449483359826,11.480248930986814,3.3354280144364052,4.027746041068859,8.950361664850517
734,6.473590808686084,3.152074373885341,2.254032930602276,11.520917376997149,3.354897370378791,4.036276639681548,8.956116205090924
735,6.481334072203187,3.157826977297251,2.264132868374121,11.511225836798122,3.3703675377552065,4.042127829910445,8.966462258233367
736,6.494470035848765,3.155709186221824,2.2757382453397614,11.655850770834697,3.3649663646307943,4.04531474312532,8.950361664850517
737,6.486747194926838,3.160547136089194,2.274487327111118,11.624222787845383,3.3688254963606137,4.049912296970187,8.911102298189943
738,6.485201188967074,3.163264248768626,2.2705724194001564,11.693577663291656,3.377295379836685,4.0536454869236005,8.924984234907964
739,6.476689561173959,3.156011841143163,2.2612981988839436,11.814432300737883,3.4078642924082954,4.04688690445991,8.92960530192663
740,6.47436567792722,3.1641692777111343,2.264290214494615,11.810149445825951,3.3949163078230384,4.044571379636164,8.928450327233577
741,6.480560288117339,3.1653754587094385,2.266615241647788,11.848683734763274,3.392624684023905,4.0465307822055285,8.94114436319199
742,6.477463947604158,3.162962497491727,2.267389560699669,11.767346724732171,3.4017791196839124,4.046174619121892,8.922672532243064
743,6.47591505411909,3.1680370661644788,2.2726458212870226,11.663514342468199,3.396442938288317,4.04848894968995,8.94114436319199
744,6.47591505411909,3.1686333784164087,2.2621173799083816,11.664477193895788,3.416208366631835,4.0536454869236005,9.00198021643014
745,6.47591505411909,3.1677388552042527,2.2611853323704083,11.674177039475428,3.397205918444469,4.056841803312138,8.977939665167295
746,6.457290561602161,3.1428586564156062,2.2421240490577117,11.591707169358344,3.401017475683917,4.048310985444023,8.952664059125206
747,6.476689561173959,3.14195456241702,2.253398726696454,11.621452337731347,3.3865038076459983,4.044036782480003,8.94690662620388
748,6.47591505411909,3.1587754640541834,2.25729640298339,11.390388010266957,3.4124189001731464,4.049022781297075,8.966462258233365
749,6.47436567792722,3.1566792337981346,2.2695558237631484,11.430414845543714,3.4267898548822324,4.045105884765972,8.961865933122917
750,6.481334072203187,3.1626636631019904,2.273417466046515,11.414427673170428,3.4313117742405193,4.049022781297075,8.968759270302023
751,6.48597425194861,3.1626636631019904,2.2766546550334636,11.43310016504229,3.4313117742405193,4.049022781297075,8.968759270302023
752,6.490610111571117,3.1632612951092636,2.277886294018019,11.449054108193456,3.448574331780513,4.054711290402105,8.996263864799971
753,6.497555825073035,3.157877301600916,2.2720282596701025,11.421961808628746,3.4395818602303017,4.0563093117325835,8.982525280421504
754,6.50372168355051,3.1509803053163097,2.2709470003942873,11.443301237697273,3.4365775554934888,4.058083929745725,8.991687374648157
755,6.502180932908899,3.1793421042528185,2.275884439728184,11.469562773425173,3.4365775554934888,4.06534931813765,8.973350997004795
756,6.5052619588843905,3.1894129388034536,2.265840577879844,11.475729244262924,3.4365775554934888,4.063755926045789,8.913417910202014
757,6.495241662184491,3.193547736133881,2.2507432827196863,11.537522726371787,3.4916138680307225,4.068180008325701,8.806076899485218
758,6.490610111571117,3.181715448536073,2.256205937651385,11.445212976729369,3.4989648961095994,4.061098462596055,8.838925740603198
759,6.491382335610633,3.19620214193635,2.259941823321207,11.489873023685558,3.49455669644758,4.062870356464046,8.79666215124384
760,6.489837767836997,3.205029493198264,2.2361436401773536,11.54130265108485,3.4989648961095994,4.067826312363791,8.735143622835833
761,6.470490122870068,3.1973809566231104,2.2298258828936706,11.58123659920575,3.49455669644758,4.069064073033322,8.801371165135633
762,6.475915054119092,3.1911858493291843,2.2408667430305673,11.500854091452691,3.482765937199683,4.070124620534922,8.827212288543146
763,6.479012358798448,3.202678631261854,2.2353551922052306,11.529006563328316,3.468696525640595,4.07418672204512,8.763606692252907
764,6.479012358798448,3.2088448605449615,2.2353551922052306,11.60262712022243,3.468696525640595,4.078596074555524,8.73989585453332
765,6.494470035848766,3.2185035837346962,2.226816764579021,11.537139971393112,3.4901412415559605,4.086693099844431,8.73038802106602
766,6.508341085250754,3.2158731334938935,2.225230888528563,11.705504599346844,3.4938212920264413,4.081943034206812,8.70655922858259
767,6.516030611604006,3.22375610031558,2.2309331730463473,11.771128162349449,3.4746295337091713,4.0898558190472984,8.71848422905995
768,6.515262190886507,3.23132344715557,2.2337772085568366,11.790403812120696,3.4790706445659976,4.085462292078662,8.69461291472226
769,6.499098004077186,3.2240475800248563,2.239293817118504,11.761878311866608,3.4672112067780367,4.0849346551522245,8.629729975736119
770,6.494470035848766,3.2257957379136757,2.2465174052230177,11.588180606421176,3.45455238375349,4.0849346551522245,8.682645181714314
771,6.50372168355051,3.24956464583475,2.253554802372334,11.458147869979062,3.4746295337091713,4.090558213019498,8.704171674253269
772,6.4875200179533135,3.2541761409722985,2.2504306091757176,11.526486984721107,3.482765937199683,4.084231001125244,8.663451990605743
773,6.499098004077186,3.2564786995862747,2.2565175692193242,11.652638072465653,3.502632877381276,4.077714700875065,8.656240246945986
774,6.4913823356106315,3.24956464583475,2.261185332370408,11.570270425188172,3.49529189933512,4.070831452269841,8.649020668464546
775,6.502180932908899,3.2625128492104563,2.265840577879844,11.571661496878814,3.5055636639477434,4.078243554857023,8.69461291472226
776,6.510649185355248,3.2656678003088406,2.268627755231798,11.447613583522608,3.5062958620597016,4.0747161725386185,8.713716779741608
777,6.507571481570286,3.270249745304213,2.2706379459764903,11.418935714343064,3.5201699648438165,4.076480360674305,8.780154684604287
778,6.502180932908899,3.2627998271644763,2.2704833982181105,11.451438424687435,3.5223541089279093,4.061984535380064,8.761239369036822
779,6.498326974166578,3.2368388664450856,2.274497195902851,11.50177058902276,3.5018996814578225,4.040292021960519,8.768338841412472
780,6.500639706553362,3.250718318556346,2.279732127710964,11.505709510777029,3.5077596610984907,4.046174619121892,8.763606692252907
781,6.502180932908899,3.249853114028577,2.2778862940180185,11.444159976029104,3.520898208973728,4.054000795304164,8.808428538805503
782,6.502951367668545,3.2356787431221936,2.2781940682555937,11.704003583812353,3.5274435968672493,4.050090169568508,8.831900097736089
783,6.504491880605548,3.247833135736179,2.2818831428817083,11.619964704299237,3.525263559699823,4.050445884241759,8.852955247388323
784,6.516798914301843,3.242052732071585,2.2820366857743126,11.735401761770037,3.525263559699823,4.047599026532777,8.897192134932872
785,6.52140625488184,3.248410439351832,2.274497195902851,11.717496860004522,3.5114156820927063,4.05311244827725,8.827212288543144
786,6.51372499519169,3.2394471656177104,2.2735717540636102,11.778274520034026,3.525990433838573,4.045284032699855,8.815478554792595
787,6.499098004077186,3.239736807805564,2.2774245310715036,11.761680103800058,3.5084912623247084,4.045284032699855,8.845944116899435
788,6.4882927210795165,3.2388677800194445,2.2818831428817083,11.757612548259168,3.5136069166932926,4.042789030988973,8.848281964462899
789,6.4882927210795165,3.217627078213958,2.2818831428817083,11.765628465960308,3.509222664888095,4.022038518791826,8.817826928746571
790,6.447173015507742,3.2082582656152767,2.2728001775399207,11.817227604782543,3.4974963003230197,4.01628964415142,8.799017068527913
791,6.448730907032064,3.224630436489152,2.2843382163097328,11.884638955841012,3.474629533709172,4.023294659076576,8.803724441858147
792,6.459622449217236,3.237998448402354,2.2924462053585692,11.794410665899575,3.477591095103719,4.0216795276941495,8.794306412491151
793,6.450288308473358,3.254464076852828,2.2913774802711324,11.709156771676156,3.4716646806034794,4.029209594685554,8.78723425947896
794,6.447173015507742,3.2478331357361796,2.2874022331751203,11.729380746744845,3.4879307830507265,4.010890322169489,8.751761732981526
795,6.437034745273552,3.254751979553998,2.2880143952962353,11.68390634743659,3.450817682168141,4.014850749713728,8.765973182774765
796,6.424528250090541,3.276536299060907,2.286636730299733,11.643987571790374,3.4463290788738665,4.020961420246871,8.754132395102035
797,6.425315694192188,3.27796287168537,2.284338216309733,11.763498144788498,3.4538058642420792,4.017188612288473,8.773067666269707
798,6.444961092983417,3.276250887434794,2.2840315201000227,11.703524118527765,3.4620060516557194,4.03082079717692,8.815478554792593
799,6.458275533425903,3.274823343238786,2.2889322386616646,,3.4612616255604483,4.033683087641025,8.799017068527913
800,6.447313302994602,3.2673870105306606,2.290155284569986,,3.468696525640595,4.027955856736143,8.801371165135633
801,6.433183231705477,3.265667800308841,2.285870893466196,,3.472406203031809,4.032290868658844,8.777793173280013
802,6.430037721368513,3.2685324963664235,2.2927514362057186,,3.4470777081761312,4.025424290881464,8.784875226903226
803,6.369091482193172,3.2512949549700263,2.2661504847801313,,3.460516990854489,4.004368171925691,8.81312936567369
804,6.38499455867433,3.2362588724980568,2.2722432342167096,,3.4290517854909703,4.005460819174543,8.794306412491151
805,6.380229056710714,3.230451469963517,2.2676756714579698,,3.4418328475970004,3.9990815599440364,8.85061900770403
806,6.379434355514429,3.232764087361848,2.2764955289092854,,3.4290517854909703,4.000358471970183,8.829556598384091
807,6.379434355514429,3.242856547492198,2.28134266006347,,3.442582750721243,4.007281035635453,8.822521234288251
808,6.361120513433993,3.2531948560126405,2.283610141397708,,3.4620060516557194,4.001634853296859,8.841266005738
809,6.366701556403762,3.2637759331671945,2.2994010812265335,,3.476110725238207,4.002546229664417,8.822521234288251
810,6.370684117301848,3.269476874982535,2.2985025462259,,3.4886678052637756,4.001087897672742,8.85061900770403
811,6.38499455867433,3.2714691483014176,2.2934021819984673,,3.4886678052637756,4.010191143938184,8.876273616145637
812,6.390548461918365,3.280556626108919,2.2944534644125145,,3.5048312665741697,4.012008565598586,8.920360049170217
813,6.3842006301074745,3.266057865400618,2.2994010812265335,,3.5048312665741697,4.007462998054316,8.904150754808187
814,6.398471720050985,3.286785294839483,2.295804191986401,,3.5194415244169717,4.021985273678499,8.918046784959742
815,6.396888091016509,3.2814068970041306,2.2964041832035793,,3.533973202496488,4.021804166655313,8.921516388303232
816,6.37863952534415,3.2927165331527477,2.2949038220021447,,3.546985485329458,4.023071692813609,8.911102298189942
817,6.365107623110139,3.2797060680563983,2.2991016203837558,,3.5426549742498628,4.015095723656841,8.916889859699635
818,6.379434355514428,3.270615510443588,2.3038869121086165,,3.554906918911426,4.017273033838187,8.918046784959742
819,6.38261238703446,3.2785715434996456,2.3126760149607484,,3.5678198965459673,4.024157729924915,8.892549113770936
820,6.390548461918364,3.2822568810102175,2.3113381175170096,,3.5678198965459673,4.031027117438864,8.83424278737427
821,6.3873755731880735,3.2700462572683153,2.3123787915525096,,3.5577817464242005,4.026871153785963,8.830728449322715
822,6.377049477849775,3.274596674369088,2.3172766303345917,,3.569250917160018,4.025605185789531,8.816652843616247
823,6.377049477849775,3.274596674369088,2.3172766303345917,,3.579959836808906,4.025605185789531,8.816652843616247
824,6.329908668197139,3.274596674369088,2.3068711565042332,,3.579959836808906,4.025605185789531,8.816652843616247
825,6.341135947900989,3.2811235052622023,2.309106044018888,,3.579959836808906,4.0183611127178995,8.820174488318093
826,6.329908668197139,3.2913055962792357,2.297903268612378,,3.579959836808906,4.022528531022266,8.820174488318093
827,6.322677412455988,3.280556626108919,2.294903822002145,,3.5742536141119774,4.009463874787531,8.823694302416627
828,6.353136512869625,3.292998626037695,2.3016454201875836,,3.5771082075741734,4.016547434599576,8.803724441858147
829,6.359524757751672,3.297507838344549,2.3068711565042337,,3.5877866021880136,4.017998462403242,8.754132395102035
830,6.3587266842865775,3.302571120507199,2.3128246080075407,,3.5927557131197143,4.025605185789531,8.754132395102035
831,6.3515381437436185,3.2856539534920963,2.3120815183721826,,3.5863652086117592,4.017998462403242,8.765973182774765
832,6.34433898991813,3.286785294839484,2.3172766303345917,,3.582808510319767,4.020898472147429,8.749390234096522
833,6.353935501039319,3.2952542368730713,2.322456615289884,,3.5884970239849645,4.0290401793299,8.732766243623377
834,6.361918195769143,3.300322022049548,2.3299777627711347,,3.6097250941455243,4.03409533310085,8.735143622835833
835,6.3587266842865775,3.3028521175559225,2.3393715527470333,,3.6125432360749543,4.03355410417517,8.76123936903682
836,6.352337393790852,3.287350775340354,2.3408348991265564,,3.615358517267879,4.03337367351018,8.765973182774765
837,6.355533084888771,3.295536046842466,2.3447799947361814,,3.6104298982620744,4.031207684923219,8.789592467404185
838,6.358726684286576,3.2980709253294016,2.3488620932882283,,3.613247324253205,4.036800060116975,8.794306412491151
839,6.3515381437436185,3.2760169916731554,2.348425167616219,,3.613247324253205,4.0346364674581086,8.819000810281294
840,6.34273773227855,3.2680528538772635,2.349590067571925,,3.594173815805085,4.032110364357548,8.8084285388055
841,6.341936905961991,3.2680528538772635,2.356128659826672,,3.5778213924463245,4.032110364357548,8.82955659838409
842,6.3138245548065735,3.251761539490931,2.3463847795902955,,3.5671041057934305,4.021079632307019,8.852955247388323
843,6.304955498648904,3.25891991399762,2.348425167616219,,3.5671041057934305,4.010191143938182,8.852955247388323
844,6.311407331222853,3.25891991399762,2.3472595145002404,,3.5671041057934305,4.010191143938182,8.852955247388323
845,6.307375943296918,3.2592058231025423,2.3408348991265564,,3.559218026121894,4.008918310137715,8.873945370193178
846,6.319460060534569,3.248031059659161,2.3408348991265564,,3.5699661472916957,4.014369611729991,8.913417910202012
847,6.314630028175988,3.258347997747389,2.348133824998636,,3.5426549742498636,4.015095723656839,8.899512462399406
848,6.331514153216458,3.274596674369089,2.3583029454082163,,3.5563447110545163,4.023614759098991,8.908785902110594
849,6.336327429538382,3.269761582269312,2.369135424420896,,3.534697744585927,4.019267552042833,8.892549113770936
850,6.345939721298844,3.2907410008719835,2.3770384214140408,11.753200172634251,3.5404871307375836,4.028136603572096,8.85061900770403
851,6.347539926899134,3.2938447158881083,2.3770384214140408,11.658572243203173,3.5977158878159154,4.025062469295339,8.83424278737427
852,6.33552554758369,3.2938447158881083,2.3826216910206797,11.621492675440031,3.6069040834195936,4.025062469295339,8.815478554792593
853,6.345139421360933,3.3039757944794053,2.387760394775247,11.606110490196306,3.591336880948002,4.030665950859077,8.794306412491151
854,6.349939250506028,3.2991967237794224,2.392742583697187,11.668892110645738,3.5948825939145843,4.030304742119825,8.697003887629318
855,6.345939721298846,3.310707428198169,2.3913204807175727,11.650383667324306,3.601253423151637,4.030124121936151,8.706559228582588
856,6.3515381437436185,3.302571120507199,2.3964349087959866,11.5603959536865,3.5892072626288862,4.026509501548408,8.73038802106602
857,6.341936905961992,3.2997594353985304,2.3943056264380185,11.583284946587812,3.581384542499908,4.0290401793299,8.739895854533318
858,6.3491396071966895,3.3036949219201563,2.396151146875264,11.574237628754078,3.578534392187558,4.0315687882893325,8.718484229059948
859,6.3491396071966895,3.3036949219201563,2.396151146875264,11.548531391236532,3.5778213924463245,4.0315687882893325,8.718484229059948
860,6.345939721298846,3.3084655324957155,2.385621020362714,11.55562389112089,3.596299604314286,4.030665950859077,8.701783266548027
861,6.327499445647267,3.3036949219201563,2.3764648120038987,11.526662994873133,3.5948825939145843,4.031207684923219,8.7375201595305
862,6.329908668197139,3.296099572631097,2.3806194027283523,11.335387590193937,3.584943080852048,4.02162304900831,8.74464472276007
863,6.3153801244403915,3.2865025070605998,2.382049832351781,11.332294030934067,3.593464855583315,4.018905008269055,8.725629042601017
864,6.3153801244403915,3.299196723779422,2.3834791439572607,11.299257404306767,3.5635223421578757,4.021804166655312,8.704171674253267
865,6.316996556854889,3.3036949219201563,2.389897275267243,11.20901241318923,3.583520217858337,4.025825659045392,8.649020668464544
866,6.325070649853584,3.30341401825285,2.3930268722044894,11.192196302732823,3.582096618577626,4.022169973314151,8.590979129915604
867,6.335546942222426,3.30341401825285,2.3799037679028117,11.249685022959062,3.582096618577626,4.022169973314151,8.56420529538482
868,6.304860150979608,3.2958178254252424,2.3763213814695234,11.269848185034157,3.5792472069308237,4.015945355495859,8.595835434132402
869,6.297563677594364,3.304818225604089,2.3764648120038987,11.322237627547075,3.5692783917237816,4.017044730504663,8.588549636343853
870,6.295940742992595,3.3143462969361743,2.377038421414041,11.450075827366106,3.566423489224724,4.0203405064268924,8.522611774726881
871,6.291068666428772,3.31322719945733,2.3763213814695234,11.488419765591827,3.6011932889212575,4.019425366200661,8.515244251819649
872,6.294317263269254,3.310707428198169,2.3684152661461972,11.468259051043013,3.599077089002006,4.011543929968521,8.549555322432907
873,6.306480096442026,3.2983524218674294,2.3583029454082163,11.515184091027358,3.6166628506721805,4.0045621130222635,8.539770479474102
874,6.3145717061030355,3.3022900923122505,2.3583029454082163,11.552697598749507,3.6180649044478748,4.005297787760102,8.46343736996935
875,6.309718362334979,3.3053796909882487,2.3396369620566007,11.570649407590475,3.6215669463489717,4.010626174245829,8.522611774726881
876,6.304860150979608,3.299242383225363,2.337037119669049,11.552466294671918,3.6152600885482387,4.00878984165821,8.556884392800075
877,6.304049974899873,3.292250069061004,2.3280531337433867,11.45580411133091,3.6215669463489717,4.005481678944657,8.534872577139279
878,6.308099500060052,3.3017548961868664,2.334578248998416,11.502506053177195,3.629953901156939,4.01227793767841,8.549555322432907
879,6.312145641823852,3.309833881094772,2.3381930700539124,11.463050642675398,3.6376198305556424,4.013745428606407,8.537321985831557
880,6.318612450670004,3.316777963445656,2.3274719699296242,11.40676320969218,3.6376198305556424,4.018326839549026,8.512786564866413
881,6.319420195757957,3.3151131114464096,2.3078926347911404,11.499896694002357,3.6376198305556424,4.019242305584309,8.534872577139279
882,6.335546942222428,3.302312894285864,2.318293587142659,11.518448724353393,3.626462407020825,4.013928815836396,8.527518851284947
883,6.353224827289248,3.3126137894716736,2.330230816896129,11.672691330636065,3.6257635825764645,4.025642977450781,8.526292427011306
884,6.352422676884883,3.311502190888229,2.334578248998416,11.664462353121065,3.625064582642315,4.025642977450781,8.478281424615306
885,6.340374551608117,3.3101120087892464,2.330956122463004,11.53455510060365,3.614558441545963,4.022535736642114,8.49062565962872
886,6.344393904984782,3.310390106046533,2.3280531337433867,11.544437178596718,3.620166659121502,4.021987075401986,8.525065772906597
887,6.344393904984782,3.317055332965416,2.3280531337433867,11.524076063655887,3.6124524352878598,4.025460285057089,8.532422252450157
888,6.296752278402018,3.311502190888229,2.3061286872387545,11.521575568375084,3.6124524352878598,4.015945355495859,8.517701015141029
889,6.295940742992595,3.3037073524971197,2.29728246313608,11.548430761447893,3.5813786810262545,4.015212220979743,8.510327953319624
890,6.304049974899875,3.3056583069348164,2.2999409847511596,11.568988730583065,3.587054549384699,4.019608415957604,8.505407952590334
891,6.316188408003612,3.312613789471673,2.2950639632702186,11.534240760319081,3.5749792911670815,4.023267133362238,8.48815868319087
892,6.321842624486981,3.3051010444470994,2.2748207137013474,11.4155805180321,3.587054549384699,4.027286723247954,8.406218374010038
893,6.331520271025114,3.296447775832359,2.2652127993905413,11.441911099247832,3.5671374938838136,4.030206782183091,8.438621637549014
894,6.323456905479398,3.2874842243069287,2.228547108634233,11.417793666663673,3.5692783917237816,4.027834444352898,8.399968300725066
895,6.336351876515831,3.256994504233131,2.2219220568433404,11.380319721802087,3.5506680266526085,4.032941836749413,8.42493237516874
896,6.336351876515831,3.2669160421178414,2.244770048706488,11.520464736937912,3.5499497040008983,4.0389504678911825,8.448559324742506
897,6.356432110484474,3.273132400439905,2.260237912884062,11.457250572767554,3.5614202341593098,4.047306759245177,8.443592385551726
898,6.344393904984782,3.266916042117841,2.2552487220786905,11.476521885921318,3.555690994111634,4.045129024718015,8.46343736996935
899,6.335546942222428,3.251876635810161,2.2409576635585746,11.422912954157429,3.517427048754469,4.046581017356247,8.46343736996935
900,6.343590299682422,3.2652179954044933,2.223310823802769,11.444652074892664,3.5261379784172737,4.044402773749143,8.526292427011304
901,6.329908668197141,3.2447510311684256,2.213100148754941,11.460702183473762,3.4925921415667633,4.047306759245177,8.510327953319623
902,6.333936673872846,3.250453142445765,2.22176767959871,11.461959679901499,3.5101464164203158,4.0520199554826934,8.517701015141027
903,6.335546942222428,3.2524458059443466,2.2276242232079775,11.60908525983501,3.5225118342805093,4.050026782844778,8.529971010815489
904,6.3226498320913445,3.2530148463662116,2.213255313962444,11.64953005426112,3.5145171532672026,4.045855105883766,8.569081371872812
905,6.332325872099022,3.251022637219136,2.229162089116876,11.676791676440677,3.5094172708039784,4.047125339665413,8.5958354341324
906,6.344393904984782,3.2646517241550206,2.235606088082359,11.658455470245446,3.4933258648289636,4.050208033155736,8.566643785533076
907,6.371638002571117,3.2717209425586358,2.2447700487064886,11.63149396979792,3.5188808212891933,4.054011851839754,8.558105109757374
908,6.392369782934632,3.2793334181553684,2.258425322710165,11.56626946104956,3.5166998689039186,4.062688883513362,8.534872577139275
909,6.3907781399507835,3.28074061174425,2.2538855361054293,11.33143723784492,3.5239628751858083,4.062147276217419,8.510327953319623
910,6.387593303967917,3.2829904875748768,2.257820704714166,11.347339582114992,3.499920361589959,4.063230396775035,8.532422252450155
911,6.386000110039854,3.2914096907408696,2.267469413344915,11.303677255440636,3.48156210671658,4.065395510381942,8.549555322432905
912,6.384406398200175,3.2888868772224846,2.2704736890876194,11.225788534519651,3.497723995345781,4.061786152423213,8.547110479550302
913,6.3955515212047045,3.2869229448130803,2.2661157962321576,11.205737444048628,3.490389766154759,4.064854372805984,8.520156855790628
914,6.396346633672496,3.283833673412314,2.269873248262321,11.290809260906368,3.494059387407146,4.063049902799934,8.512786564866412
915,6.380419849676332,3.2942098659659136,2.2637067618053197,11.331450683473447,3.504307716372243,4.064854372805984,8.538546346974913
916,6.382812167982664,3.2916898479001824,2.2680706832124478,11.415701429345656,3.513789188872143,4.063049902799934,8.534872577139277
917,6.374833224860656,3.2905690328328565,2.268972198905331,11.436557497733364,3.5159724931366605,4.063952268259801,8.4955568135112
918,6.385203318888088,3.3042649211632056,2.271973886977485,11.411399713592584,3.5072286490446287,4.070441610109239,8.480752144146162
919,6.3812174189203645,3.2981249103983017,2.271373962699642,11.453604686357473,3.5290354002690663,4.068820538437874,8.478281424615304
920,6.380419849676331,3.3028707695963564,2.271973886977485,11.545229530764043,3.529759271726247,4.068279994224992,8.475809766852787
921,6.3772282732482815,3.2866422582432744,2.2718239252539587,11.55304158584065,3.5355432959806907,4.057449400584929,8.478281424615304
922,6.374833224860656,3.2981249103983012,2.2797542026812407,11.615877151807917,3.5441962934194815,4.0643131413762195,8.470863632684063
923,6.35883619021542,3.3011967752245117,2.2815447547197185,11.572109906634951,3.5319297267725416,4.057630219132038,8.448559324742506
924,6.342786561754205,3.2964477758323585,2.2785594829012465,11.656922830306417,3.5101464164203158,4.057630219132038,8.448559324742506
925,6.348409944226324,3.3011967752245117,2.2877973208006637,11.611209028523252,3.5130610279746657,4.055097803633485,8.458481808926612
926,6.346000717954066,3.2984043248383657,2.2934352863322847,11.615496819347984,3.4962587525550877,4.055459703395173,8.469626511203236
927,6.334741874695113,3.291969974003722,2.2869054601322296,11.599191577450465,3.4867151125605957,4.056183376745432,8.4955568135112
928,6.31770969937744,3.2846765773294533,2.283929313915044,11.512590509197924,3.455646694387375,4.052563326421828,8.532422252450157
929,6.31770969937744,3.2869229448130803,2.283929313915044,11.535003248569051,3.455646694387375,4.054192870118232,8.527518851284947
930,6.323393731532167,3.2810219561298966,2.280948107468184,11.63108582824449,3.461592507347582,4.052925520998394,8.515244251819647
931,6.3193343881414625,3.2793334181553675,2.2869054601322296,11.619435243308608,3.457134396509166,4.053287673417848,8.522611774726881
932,6.313645594534179,3.2824282069319213,2.2758683755850138,11.672263780986125,3.473444394695345,4.057672586397194,8.483221926430417
933,6.322582134433123,3.2891673143133255,2.2883916430683775,11.417555468910425,3.461598324346666,4.060957224902248,8.46343736996935
934,6.3298816296893055,3.292530133081548,2.291360243323741,11.388636662319149,3.459371300861417,4.063145062744858,8.446076330743793
935,6.322582134433123,3.3037073524971188,2.2928426665003627,11.350158333352026,3.484502490141053,4.063509553219539,8.408716709196959
936,6.324205192967336,3.301754896186866,2.2910636087426397,11.314237440108709,3.485973451963797,4.067516141051205,8.349748051107998
937,6.332312359585683,3.31400260479595,2.296543273346435,11.333950934730245,3.486708629774051,4.0704267973085555,8.340918979854159
938,6.357359073720284,3.327020587516532,2.3053931901482008,11.313203347490262,3.5064826250050998,4.083853458792978,8.343442813535352
939,6.357359073720284,3.3358460652170576,2.310198118992176,11.250511540132196,3.5064826250050998,4.083853458792978,8.290231869355507
940,6.344447820782368,3.3352953638410883,2.31426484355536,11.316142068403204,3.540561746199513,4.086929850043342,8.294047406097
941,6.342023148070676,3.330914656415615,2.307287596917872,11.218254441338814,3.530455310471105,4.0865680782274,8.335868325980112
942,6.335551443402538,3.3333797270694774,2.3084523793610168,11.229144252734397,3.539120270805049,4.085844409415664,8.323224219125215
943,6.338788371575563,3.3429436194670874,2.3096163967546546,11.188950531499895,3.5290084551887584,4.0890996055184585,8.28259392561533
944,6.343639730675085,3.3322844333596056,2.3083068234228015,11.228856521511853,3.5290084551887584,4.082404700207885,8.231438065025948
945,6.354940816172769,3.34267085991016,2.311651590469125,11.232439631893154,3.527560826806481,4.087653268561971,8.25194998585581
946,6.365411291933742,3.35220025320568,2.3149900653766644,11.332191626299728,3.5427225270593548,4.096862276229964,8.25194998585581
947,6.372646960982035,3.354916464008367,2.3145549678031787,11.261346358997397,3.5556513217105716,4.099925960249126,8.292775814595192
948,6.367020144084013,3.3513848307224308,2.3180327705995096,11.277293366493845,3.5520661375088665,4.097943917157622,8.27494679611993
949,6.362191997592676,3.348392734821938,2.3160048790305234,11.19665810037788,3.5570840777008015,4.096501646580654,8.194089536821552
950,6.374253434757233,3.3470315392463523,2.3180327705995087,11.189750220888117,3.5520661375088665,4.102266766847708,8.16820218340776
951,6.380674062565936,3.3633185696623573,2.32684173903899,11.227268749866168,3.5527835513800037,4.1073026038536895,8.192797698962506
952,6.380674062565936,3.3633185696623573,2.323236767285718,11.267958206465776,3.538399246240761,4.1073026038536895,8.127864258906051
953,6.403080271245418,3.3754667470656154,2.3300081069369716,11.338161859158907,3.5282847377065707,4.115199852314688,8.14090494403344
954,6.39429002800979,3.375197406119586,2.3290012344492137,11.386760231885992,3.5304553104711056,4.108560307077593,8.085949750373297
955,6.392690110107507,3.374928037173623,2.3196244943075754,11.35403760314011,3.518132318711342,4.113406757137775,8.113487954798238
956,6.385484016126349,3.364671189325342,2.316729391454129,11.340086717789779,3.509399771741293,4.11484131470065,8.051684650168232
957,6.3774648011639075,3.36223596353559,2.3203475349673104,11.37589463512743,3.509399771741293,4.11071520375821,8.07542681045232
958,6.387086285602636,3.3673743058993466,2.3249680624056808,11.477252714752519,3.518858757133054,4.107482306455772,8.08857769960069
959,6.387086285602636,3.3725024553326843,2.3249680624056808,11.488586519325604,3.5253879321665647,4.108201014476828,8.059608827156564
960,6.3878872240367315,3.3813851801587873,2.3272738469436636,11.364146713660213,3.5513485348477776,4.112689233913141,8.138298984322548
961,6.386285216318899,3.3751974061195864,2.3275618608307083,11.47396077586697,3.547038946577011,4.10694316792206,8.101700796344979
962,6.39668892761772,3.380310105270554,2.325400623871584,11.373851624658917,3.5520661375088665,4.106044398773899,8.17209209764984
963,6.3990866559396355,3.3854127514169696,2.3274178596904007,11.445920386367126,3.566378726609409,4.112868630005816,8.147415094164574
964,6.39429002800979,3.3891661949819656,2.31745360886171,11.34569061304269,3.538399246240761,4.112689233913141,8.127864258906053
965,6.3886880316803225,3.384070921398679,2.306704918367495,11.310672222691593,3.5282847377065707,4.117171082288227,8.166905008973846
966,6.390289254832329,3.35871435367891,2.3107796504879374,11.185970587048995,3.523213291602195,4.111074210171197,8.264736281523609
967,6.389488708592505,3.3597984380708756,2.305830540890079,11.033188701929232,3.5224880227592332,4.107482306455772,8.313090889959769
968,6.394290028009789,3.3649416282740647,2.3072875969178717,10.955520282114103,3.499175892099239,4.1150205885940965,8.339656689903327
969,6.392690110107507,3.3725024553326852,2.2941306504374164,10.775823580656862,3.5137695788869587,4.109997068383334,8.29150396906153
970,6.419022386259868,3.3551879275684184,2.2935436140011727,10.724315134658523,3.511585560709888,4.112330411145176,8.272395706384776
971,6.417430495689681,3.3505691497247176,2.290752514183194,10.609559663912032,3.5123137633274313,4.111253698064712,8.323224219125217
972,6.422204625645466,3.354373451035027,2.3013060271081187,10.535911867705382,3.47639770081447,4.113406757137775,8.345965653159725
973,6.420613762758728,3.353558716816575,2.296330296463564,10.353265765651429,3.4896473239208885,4.112330411145176,8.315625730293199
974,6.423794975378613,3.3576298133110476,2.299405197848706,10.498684506792792,3.4896473239208885,4.11089471206956,8.31435843595776
975,6.433326323145547,3.3781586183002075,2.302182643520475,10.472180352442082,3.4881783799599306,4.122719763578462,8.333341503611795
976,6.432532746717557,3.3880943352018362,2.3109250035787485,10.547695103870367,3.523213291602195,4.126473027705718,8.337131363102268
977,6.439670349661975,3.3811164531801143,2.3135393255837995,10.570518928669763,3.5050228654971267,4.12540112037932,8.419947271797179
978,6.436499354517711,3.3872901504097284,2.31571499138205,10.415501692844412,3.5057528442197197,4.124686313898216,8.378672599192152
979,6.436499354517711,3.3854127514169696,2.31571499138205,10.532832215516267,3.523213291602195,4.130043435453625,8.373651589605233
980,6.447588952706675,3.401460984330944,2.3160048790305234,10.457363988108698,3.530455310471105,4.133253368352324,8.3899555647073
981,6.445214702350795,3.4051914061673467,2.3194798509433108,10.440321422390879,3.520311048244812,4.132540330586854,8.359823550622162
982,6.4539147261049585,3.414494250223247,2.323236767285718,10.473078957072754,3.522488022759233,4.137706228973791,8.323224219125217
983,6.449962064770874,3.4224419199380427,2.3181775315854907,10.421806402190477,3.513769578886958,4.138773987100286,8.356047092717564
984,6.446797662472855,3.4041261146945043,2.313684452886202,10.432261146259629,3.501369997616541,4.139841386524417,8.339656689903329
985,6.452334040052565,3.4115740594506336,2.3200583539251842,10.501416005886735,3.5152246091904775,4.141797354944672,8.413710481052142
986,6.458653761308702,3.401460984330944,2.323525433169498,10.38733501860341,3.531901393795147,4.136281992913225,8.522611774726883
987,6.456284810093878,3.4011943216656997,2.318901159957107,10.324434628037341,3.5290084551887584,4.136994190778846,8.512786564866413
988,6.454704880057612,3.4041261146945043,2.3282816925263763,10.427080495389578,3.5340690738499103,4.140908427579482,8.5763887172986
989,6.456284810093878,3.420589614886744,2.340474757581554,10.385570535776974,3.537678030244404,4.141264028351133,8.534872577139279
990,6.456284810093878,3.4245572422647177,2.3350339903763406,10.302411539544917,3.542002457550295,4.14499543772118,8.588549636343854
991,6.456284810093878,3.4208543098846125,2.338329056112696,10.432053192817985,3.539120270805048,4.14499543772118,8.612804423513573
992,6.456284810093878,3.4353716588466536,2.338329056112696,10.416663609315016,3.524663246161766,4.149786544253033,8.63697056278674
993,6.470481578059496,3.4448308141776014,2.340045822303062,10.518564321865938,3.523213291602195,4.151027507369534,8.573953836831361
994,6.468118268322086,3.4485002517580994,2.3483204973011036,10.561587924318173,3.492582798056347,4.164469837614208,8.547110479550305
995,6.470481578059494,3.471969053390416,2.3511650432387996,10.517831996223062,3.491115462879763,4.167645279437948,8.569081371872814
996,6.4602324335391215,3.4620852779830593,2.361085834739265,10.656388703993361,3.49038149394928,4.161467910505241,8.59340772887474
997,6.443631235649201,3.46703175348401,2.357548936751015,10.60098892179998,3.511585560709887,4.147723731435043,8.559325599948773
998,6.436499354517711,3.435898057602452,2.3504543271178613,10.625570694009037,3.457885580439959,4.13535692197608,8.56664378553308
999,6.446797662472855,3.453733499841449,2.3660259283742904,10.592258081409835,,4.148975653614536,8.525065772906599
1000,6.4444230323504845,3.464429492091468,2.3674349182215613,10.474126763263925,,4.149512041088192,8.511557374727388
1001,6.419022386259868,3.4364243513293338,2.3490320544548955,10.50323083643147,,4.13445890341329,8.569081371872814
1002,6.413448517182571,3.443781467842416,2.3417609494541396,10.447857411922207,,4.132482367705549,8.57151805533058
1003,6.426179538816727,3.427991015635638,2.34333171318522,10.55443366135111,,4.1364342090605595,8.52751885128495
1004,6.419022386259867,3.437476623928208,2.3305830088890973,10.620777545387266,,4.13876707821963,8.542218059012407
1005,6.412651734949032,3.4227064283606676,2.3267406390697256,10.609867854776258,,4.132122865255877,8.576388717298602
1006,6.406272828986437,3.4248054839731674,2.3358351152803745,10.670802328447015,,4.135536495208799,8.59340772887474
1007,6.422999864627606,3.4313542572602103,2.3468570242581235,10.698497460123042,,4.140918976671954,8.615225011779383
1008,6.423794975378612,3.4339692131626585,2.341919652755248,10.724852018483732,,4.143785910723446,8.628522441686695
1009,6.425384812416017,3.4402345485612327,2.339375145420668,10.747825103902738,,4.146829199866141,8.62489851810577
1010,6.425384812416017,3.4402345485612327,2.339375145420668,10.697487935458277,,4.146829199866141,8.62489851810577
1011,6.422999864627605,3.4402345485612327,2.352483217864131,10.679793818946807,,4.146829199866141,8.62489851810577
1012,6.430945211162805,3.4485652802747633,2.35711166734727,10.568991278877718,,4.147187042653401,8.615225011779383
1013,6.429357164964427,3.4607537296709485,2.357671887462917,10.590288624413807,,4.149512041088192,8.62489851810577
1014,6.392690110107507,3.4248054839731674,2.3559907064931425,10.630036614703117,,4.12420347990614,8.636970562786741
1015,6.395889424636164,3.4490850809886866,2.364381050398513,10.590088679020347,,4.129785105575748,8.634557912506672
1016,6.393490134247521,3.462047085234792,2.359631293766431,10.56576351428018,,4.128345627043027,8.62972997573612
1017,6.38788722403673,3.4537587030949353,2.36786560483608,10.455911917536026,,4.127625642544184,8.650224476629866
1018,6.38788722403673,3.4682464502069075,2.361588582968612,10.402912138257705,,4.132302621573182,8.72086668079662
1019,6.397488300456413,3.484707937059592,2.363822900649587,10.341268138981484,,4.140022529376099,8.768338841412472
1020,6.379871944350813,3.4734015832787963,2.368561714586494,10.374177520217536,,4.136434209060559,8.735143622835835
1021,6.380674062565936,3.496477348008624,2.365078496322988,10.394631424766654,,4.150763260761693,8.801371165135635
1022,6.395889424636164,3.5069241505160726,2.375092163780917,10.39839482128547,,4.156655261783443,8.763606692252907
1023,6.3950897914530875,3.504634424141462,2.369257557951379,10.389666657705488,,4.158438570230818,8.784875226903228
1024,6.38788722403673,3.5155567066267412,2.36577567444482,10.524272603844159,,4.164316432655655,8.761239369036822
1025,6.391889955530888,3.522139488924346,2.368840083882905,10.537776281481099,,4.159508077311279,8.761239369036822
1026,6.391889955530888,3.5168238729293475,2.368840083882905,10.496400226835974,,4.159686293668573,8.801371165135635
1027,6.399086655939634,3.5178371779268036,2.3757855168368707,10.558343804012134,,4.161111666626368,8.787234259478963
1028,6.392690110107505,3.531227740723987,2.3768943338094677,10.498263762605424,,4.163782528097569,8.815478554792595
1029,6.388688031680322,3.5339986367559124,2.3678656048360796,10.569743040783779,,4.163782528097569,8.843605464247098
1030,6.3806740625659355,3.5048889344099363,2.3647995501054573,10.617534797570437,,4.155584798184702,8.829556598384093
1031,6.3734502638005015,3.5120054718942577,2.3629853540015153,10.496668340106922,,4.15576323372724,8.841266005738
1032,6.379871944350813,3.531479757394703,2.364381050398513,10.419473290438283,,4.1600426965489135,8.820174488318095
1033,6.383881222777805,3.513274306787556,2.369953135212682,10.421704359814685,,4.153621348150572,8.775430834103085
1034,6.387086285602634,3.523909040506842,2.370509405616299,10.414671453451069,,4.157012003195073,8.777793173280013
1035,6.4014832145569835,3.5347538446887223,2.370648446651864,10.507165747129841,,4.165739742415558,8.801371165135635
1036,6.411854823736781,3.546808705319207,2.3699531352126826,10.501910329933144,,4.168051270690925,8.80607689948522
1037,6.4134485171825695,3.549063056743195,2.3702312916712582,10.633541005506922,,4.167162419006501,8.786054846322317
1038,6.411057783488017,3.571008054731463,2.3566913884149714,10.72501983074533,,4.173556649049128,8.820174488318095
1039,6.40866588794401,3.576962646780694,2.3580919387853325,10.708107282659281,,4.172846809236483,8.79783971251991
1040,6.419818138739497,3.595980364585453,2.3663332243155177,10.826386521755357,,4.180469362296742,8.751761732981528
1041,6.420613762758726,3.606298665585123,2.3548690504822924,10.875923921694959,,4.182593357809665,8.708945930379285
1042,6.420613762758726,3.611688174490035,2.3545885277214382,10.855995677460694,,4.1870138419227585,8.617644714476135
1043,6.419022386259865,3.621216643047217,2.3674478110032973,10.73719953507123,,4.190369348473829,8.636970562786741
1044,6.430945211162803,3.6445333059184026,2.371065506037658,10.6002982330931,,4.191957577988278,8.68743485201994
1045,6.439670349661974,3.639691707001742,2.3741210263329684,10.71809969628016,,4.1993589742496065,8.658645030872735
1046,6.439670349661974,3.6445333059184026,2.3741210263329684,10.635900505966518,,4.198830866590963,8.673055501897162
1047,6.438085106392303,3.6277941905416045,2.3737046661279457,10.653823698339927,,4.201118708637317,8.70655922858259
1048,6.434119772082905,3.6136454006442635,2.3741210263329684,10.678225308578522,,4.1972460242455325,8.754132395102037
1049,6.424589957955683,3.6121776105382586,2.3643810503985137,10.647655328308295,,4.197422156332624,8.761239369036822
1050,6.424589957955683,3.6163343340957628,2.3615885829686123,10.552313044713266,3.4547337554236566,4.196365219358887,8.817826928746573
1051,6.420613762758726,3.606053438565196,2.3622871029576897,10.506949057088134,3.4412965130444837,4.192663206236786,8.871616328272895
1052,6.419818138739497,3.6321706061240593,2.3629853540015158,10.388965589270438,3.461820107004076,4.195131687788731,8.845944116899435
1053,6.3910896704588005,3.6350844046875443,2.3531852604333574,10.449232097049265,3.4547337554236566,4.18983976435454,8.897192134932872
1054,6.387086285602634,3.6484005613671835,2.336543680262282,10.530238197859807,3.4515781803979424,4.1998869954120925,8.866955853513106
1055,6.389502660560458,3.6392070855698773,2.341354517947786,10.544811343901097,3.4182150821979684,4.191781146749822,8.871616328272896
1056,6.386280562615112,3.638722380060488,2.3422021535556468,10.543980064111961,3.4061963578976138,4.195307935509726,8.954965682376164
1057,6.381443441455448,3.6834454542773907,2.3498129637634397,10.540852005253699,3.419014374548642,4.193545024070376,8.94575456036757
1058,6.383862598804652,3.695347776144481,2.3498129637634397,10.611774287566895,3.3965414558453277,4.181792032101625,8.91573273888098
1059,6.376601539609072,3.7057806656130756,2.3510783134076974,10.655901531768524,3.3738731663811574,4.179471971854194,8.952664059125206
1060,6.387086285602634,3.7168827913344322,2.3573917990822215,10.663295196597929,3.3925596749278677,4.176435513302862,8.920360049170217
1061,6.387086285602634,3.7185326067305344,2.362845725294612,10.605694572137905,3.3803880854360804,4.180899899697028,8.878601066882668
1062,6.384668719276402,3.7199459757123217,2.353466001084582,10.592449843494,3.3909400835293497,4.181613625454473,8.920360049170217
1063,6.380636790159572,3.700331889361771,2.347561259153469,10.530474818167008,3.3803880854360804,4.181435208891963,8.899512462399407
1064,6.362047018654207,3.690830783043832,2.3414958183065258,10.49684938896988,3.3599742731573703,4.175005596116882,8.880927723155514
1065,6.367712259536125,3.707909957095143,2.344742666129188,10.430596318333716,3.3624324584296934,4.175184370651158,8.904150754808187
1066,6.363666329294007,3.6729298145348435,2.3324046898052195,10.504248278001446,3.3812013008944826,4.15689773608265,8.904150754808187
1067,6.362856741074384,3.6558782128561464,2.3239434518182964,10.426521684591672,3.408700514411855,4.149697830874412,8.843605464247098
1068,6.359617045574262,3.6623748116469246,2.3134523386599577,10.28082139154912,3.411113064998316,4.14861644094089,8.85529068427993
1069,6.357996391387851,3.6301497766850948,2.322246382858573,10.226694980737946,3.411113064998316,4.143565092539974,8.90646872122882
1070,6.357185862469408,3.6525542203385233,2.315725934673835,10.231284701479725,3.4239426359175544,4.148436173585394,8.87860106688267
1071,6.362047018654207,3.6578280759220414,2.3125989893765895,10.218072957791202,3.3836394200175377,4.1518595102358615,8.87860106688267
1072,6.356375198918313,3.6944710870895943,2.3125989893765895,10.199853719305812,3.4119167547893516,4.157976321509195,8.869286489631104
1073,6.351508386855944,3.7234013780669413,2.3206893159249784,10.147030804836753,3.4119167547893516,4.153659790453781,8.820174488318093
1074,6.333621705984695,3.7088553713027768,2.309751524959303,10.155616865064484,3.391750005151072,4.149697830874412,8.843605464247098
1075,6.333621705984695,3.7088553713027768,2.309751524959303,10.088367053001022,3.39336909307636,4.149697830874412,8.843605464247098
1076,6.332807110964221,3.7088553713027768,2.2894016258924306,10.059158346531188,3.3640699489713386,4.149697830874412,8.843605464247098
1077,6.338506412927259,3.646549137009579,2.2797176098989977,10.112711890656616,3.3640699489713386,4.139409762012141,8.816652843616247
1078,6.340133559353981,3.6092701876883098,2.2723101211304013,10.077185599883924,3.3803880854360804,4.139048172088648,8.828384544823221
1079,6.341760162009981,3.613166666919343,2.2664782412283397,10.059884694917205,3.382826967964724,4.135792009393925,8.765973182774767
1080,6.332807110964221,3.6267614396592673,2.283626559163111,10.154263860395341,3.3640699489713386,4.136877767908173,8.801371165135633
1081,6.342573259581065,3.675971104818709,2.298459069021283,10.071466381759059,3.3476480497390173,4.154559549536742,8.704171674253269
1082,6.337692635642578,3.6681075682603046,2.301181570383276,10.098253809509918,3.37957461506765,4.153479808169395,8.702977577125388
1083,6.337692635642578,3.688080924232264,2.3033279536046365,10.193099440784238,3.3746884273331093,4.154379618026726,8.725629042601017
1084,6.336878722226376,3.679775852818797,2.2987458459155503,10.090614552950619,3.3344345818429986,4.1514993321559315,8.711331780485436
1085,6.325469605196299,3.658785895108756,2.2755093609154664,10.022120694307684,3.3624324584296934,4.145911358435766,8.658645030872734
1086,6.326285431095546,3.6535138408199597,2.279137763427078,9.907072602929974,3.346824198104098,4.147895310287103,8.622481466745443
1087,6.340133559353979,3.684524593656171,2.2857944365549088,9.9265114975374,3.3730576487401382,4.165157596946976,8.63697056278674
1088,6.337692635642578,3.677160639446244,2.2856499947147033,9.90542272768063,3.37957461506765,4.161030336204525,8.617644714476134
1089,6.3441990475231895,3.685236217423163,2.286372085059968,10.023054363465965,3.382826967964724,4.166233397905002,8.62489851810577
1090,6.3482611449682835,3.6842873459455716,2.2856499947147033,10.021930946324463,3.408700514411855,4.16426081958671,8.634557912506672
1091,6.3417601620099795,3.6681075682603046,2.271436582296819,9.919891775397359,3.4135233950219512,4.15779658258084,8.63697056278674
1092,6.3482611449682835,3.679538206191452,2.276090411683038,9.884219930822624,3.420741118074473,4.161748503691683,8.72800895433516
1093,6.340133559353979,3.6833381560386,2.2781225694582887,9.93951532004905,3.4383014587720573,4.164081433925523,8.748204170611793
1094,6.334436164557935,3.698487147682939,2.274637422213975,9.880110171286507,3.432726767759647,4.159773154448398,8.73038802106602
1095,6.331177511328387,3.6776363129758187,2.2654556509976485,9.92566993073524,3.427140259158639,4.157437074357582,8.775430834103084
1096,6.336878722226374,3.6899758086966883,2.269105003341916,9.960415287873076,3.42873761439515,4.15689773608265,8.811954465182568
1097,6.362047018654206,3.713086053433244,2.2875268121248586,10.023680654295523,3.42873761439515,4.166950397563742,8.833071543721017
1098,6.370946594384715,3.722465159530872,2.2894016258924306,10.05137163391389,3.4762149669357,4.171070030703188,8.85061900770403
1099,6.37660153960907,3.722465159530872,2.3018973211285894,9.99776937259793,3.480133391164863,4.171070030703188,8.810779360606306
1100,6.37902308893548,3.7467079336564004,2.3291659471233603,10.048413254949313,3.498084588014486,4.177328887802237,8.801371165135633
1101,6.379830006006437,3.7794823578226953,2.3506015386513024,10.025312531626716,3.498084588014486,4.177328887802237,8.801371165135633
1102,6.37902308893548,3.7698271545936275,2.343344883063943,9.989936999225003,3.5489423651260084,4.182862263847375,8.820174488318093
1103,6.366094289364721,3.7638339468462974,2.336901045485047,9.938351824883977,3.5405320884113625,4.181078346014766,8.88790293268453
1104,6.3733709426410226,3.7638339468462974,2.338584276642554,9.872087408652776,3.5390001492027436,4.181078346014766,8.906468721228817
1105,6.383056345717514,3.7622182655994467,2.3390048379215425,9.840504751306044,3.521320386389984,4.181256782412569,8.890226418590297
1106,6.386280562615111,3.7875038864030244,2.3485112696091246,9.92652193872699,3.5489423651260084,4.190165988008589,8.908785902110592
1107,6.374986507689616,3.7739690388864826,2.3499050513983253,10.005793021314599,3.5481788673207557,4.187495818609017,8.908785902110592
1108,6.381443441455447,3.7872750069290597,2.3540799499744653,9.977024168429951,3.552756649036224,4.194255948292689,8.876273616145635
1109,6.38386259880465,3.7771864154802866,2.3521328651479037,9.85541014209581,3.5390001492027436,4.191944870303145,8.880927723155512
1110,6.37902308893548,3.775807977067394,2.351297757193018,9.94308072077927,3.5626489093559432,4.183040601129698,8.900672330678416
1111,6.377408855797484,3.775807977067394,2.357551679208292,10.005190995885819,3.5762871061766464,4.183040601129698,8.869286489631103
1112,6.381443441455447,3.7569032240479863,2.364475232730333,9.92513928617777,3.5588484322590843,4.178579194157242,8.855290684279929
1113,6.374986507689616,3.7948185390396936,2.3666852004765166,9.95453530657893,3.521320386389984,4.1716069835184495,8.866955853513105
1114,6.371754843975946,3.781317804478221,2.3726112105496684,9.992961141167063,3.523632997767742,4.1626459861037715,8.82252123428825
1115,6.374986507689616,3.8046187784721717,2.3837221012799845,9.848801556091393,3.5359336765998624,4.167488041864224,8.82252123428825
1116,6.374986507689616,3.826832227940784,2.3837221012799845,9.887627476142379,3.542063164689161,4.167488041864224,8.82252123428825
1117,6.3669033413970775,3.8241212400669706,2.380574022780141,9.897658964245284,3.522862347025488,4.163184354587951,8.82955659838409
1118,6.366094289364721,3.8068931957506837,2.3875472502847175,9.840562883181995,3.564167622454494,4.164081433925523,8.850619007704028
1119,6.372562960041029,3.8068931957506837,2.384269040604276,9.663719962702146,3.557326760264496,4.164081433925523,8.796662151243838
1120,6.385535227777227,3.7725890689072217,2.389456834627448,9.696732039895846,3.5451227338248574,4.161928020341927,8.789592467404185
1121,6.388772935426163,3.7936768353834776,2.4006018496991954,9.603939819215991,3.5679607221858216,4.163363790598232,8.735143622835832
1122,6.392817066859075,3.818918170682459,2.3925897005757912,9.527422526453808,3.5770427986491877,4.175541889809709,8.692221085052092
1123,6.392817066859075,3.8186917407661762,2.3989750832157375,9.478945192514225,3.5777982832225974,4.176256808529879,8.725629042601017
1124,6.392008507192439,3.826606407832677,2.4047976979670667,9.526317093880031,3.570234062975477,4.177520605338568,8.74464472276007
1125,6.409766146488761,3.8390008360041805,2.4175969421655914,9.527399944407202,3.572505519775315,4.181669578427072,8.737520159530499
1126,6.401702446089332,3.8223125231519086,2.4155818796866324,9.561642188735457,3.5565656062240087,4.180948403112857,8.751761732981524
1127,6.398473258646238,3.8236691653169372,2.414909705416033,9.60694414752336,3.5808181456864068,4.1843725441115245,8.784875226903226
1128,6.399280754502759,3.8263805703645226,2.4136991771986134,9.545617104435605,3.556624560874013,4.182030105338302,8.799017068527911
1129,6.412987929446305,3.8533581424575223,2.4205484158576245,9.58948696902053,3.576298080934116,4.192827145590212,8.780154684604286
1130,6.4210331772639435,3.8582774040283274,2.4252343044717093,9.394308361675126,3.5732805655335134,4.196597564955599,8.711331780485434
1131,6.425050881572861,3.8573836005972715,2.4260280542721127,9.398928344019915,3.592835467640049,4.199108728442283,8.701783266548027
1132,6.421836980070182,3.8446174716820822,2.42721804509062,9.46794233852257,3.5770519417667908,4.192108469587221,8.706559228582588
1133,6.425854029813151,3.8477581243154884,2.423380904383814,9.46652582730141,3.574035255509473,4.1924678276478735,8.728008954335158
1134,6.424247602537421,3.868357792212258,2.43276131538506,9.525342612541333,3.564965233973006,4.185813196299773,8.706559228582588
1135,6.429065316000541,3.873871023827307,2.428803518358169,9.556199274164264,3.56345063912036,4.192108469587221,8.692221085052092
1136,6.423444192647837,3.8561925134661292,2.416347675618482,9.534213111842444,3.564965233973006,4.191389633061373,8.720866680796618
1137,6.423444192647837,3.8570789467278446,2.425895786131208,9.578157779479517,3.5589018153286176,4.197853391289011,8.689828397768501
1138,6.419425178320941,3.8833299478022796,2.4170123268866317,9.589834677688343,3.588335114806061,4.199108728442283,8.670655922931154
1139,6.412182681382511,3.886403129002744,2.4143522915089672,9.60356078338553,3.5830753934803115,4.2021553710360715,8.689828397768501
1140,6.416207605453971,3.8804734402025005,2.4225860245734445,9.574372376513834,3.5732805655335134,4.201259598415709,8.685040446953318
1141,6.407348424286921,3.863276563908958,2.4276145398607043,9.60087327741338,3.5732805655335134,4.195161735186855,8.739895854533318
1142,6.418620982065755,3.894509909506089,2.4249696459944134,9.652148582903125,3.5391021322980842,4.2021553710360715,8.751761732981524
1143,6.421836980070182,3.9028129752391068,2.4291996760850036,9.719564587519146,3.549019959410371,4.204662212101854,8.76833884141247
1144,6.439487595169991,3.9368764229420488,2.43447375872215,9.874907019722595,3.542920961243508,4.211813910246113,8.757686821135517
1145,6.439487595169991,3.939679782440931,2.43447375872215,9.913165844042183,3.523772855170671,4.211813910246113,8.76123936903682
1146,6.445890398993185,3.961371804697079,2.42721804509062,9.915136996504138,3.5122186425475497,4.218949825135919,8.713716779741608
1147,6.445090501593226,3.9739721035973026,2.438025367448833,9.958844339312492,3.5230041095280678,4.2178804402988375,8.661048945136022
1148,6.448289315761743,3.9726930944657717,2.4307834661166927,9.933069978594967,3.5075830677074347,4.219662552251423,8.668255478636969
1149,6.448289315761743,3.9637249707462976,2.4394703886797804,9.843290667327892,3.5129904638483147,4.216989016412316,8.67305550189716
1150,6.451486064268851,3.9922459714582654,2.4491626005282425,9.868070526179839,3.517616760541956,4.2219778331369975,8.701783266548027
1151,6.447489806019666,4.025118705886746,2.452686534402236,9.872488227966468,3.547496490236624,4.2162757005356815,8.706559228582588
1152,6.446690167116064,4.02176324040699,2.4594548522015445,9.870536633196028,3.5352779282769173,4.21002746916254,8.656240246945984
1153,6.457075414744257,4.055570545411574,2.467363813120756,9.82843423319821,3.5626930271444333,4.211992500074922,8.67305550189716
1154,6.457075414744257,4.0476734413728375,2.465162998085575,9.821710702450698,3.572525667877082,4.218593402757349,8.694612914722258
1155,6.450687070595974,4.015041346549502,2.452816923843759,9.823534625662207,3.5520643449402196,4.218415176857642,8.762423134782312
1156,6.447489806019666,4.022602448594275,2.4469404348120056,9.912452096254688,3.5520643449402196,4.217167320825448,8.765973182774765
1157,6.464252475275307,4.0908622604503995,2.4576350009879993,9.835011325650505,3.5436840838613337,4.222689894613177,8.780154684604286
1158,6.465845968614393,4.127182231774297,2.4608835057370166,9.86219796491352,3.541394073336546,4.226070052802708,8.843605464247096
1159,6.465845968614393,4.092708748929297,2.4581551375614317,9.784171565045316,3.5452096872568064,4.223045866706162,8.871616328272895
1160,6.461063952644611,4.119463530808585,2.4573748789214713,9.788795982568072,3.561177173289109,4.220553240690811,8.943449848725482
1161,6.4666425234888765,4.12576177899906,2.459584774464408,9.902264990183605,3.5740352555094734,4.219484385174027,8.954965682376164
1162,6.475396205580112,4.121090085592537,2.463478293419319,9.97655102614199,3.559660478487795,4.223935625985656,8.977939665167295
1163,6.480958714341841,4.148614598509604,2.474853303677846,9.90299932954815,3.545972168366273,4.229446693028139,8.971055516323588
1164,6.487308261944715,4.128196451147883,2.4711122543690367,9.979718791098804,3.5551053354667923,4.222689894613177,8.977939665167295
1165,6.458671214918853,4.10294731805557,2.4696913041711235,10.011648487392627,3.513762064329089,4.21270676077544,9.064550627968629
1166,6.455479100683267,4.0896306647540275,2.474853303677846,10.11376531889021,3.513762064329089,4.206988251145096,9.078127775777855
1167,6.453083665052188,4.100083875337401,2.4870571879514176,10.155712372584663,3.487402710140203,4.199108728442284,9.025937428229545
1168,6.457075414744257,4.1147825192881085,2.488337274779356,10.134374224503546,3.5114466002517917,4.205020173354826,9.072473847198808
1169,6.449887947992236,4.1383208464356915,2.486416822588232,10.008417835137868,3.4827240555060657,4.204662212101854,9.119825082251536
1170,6.431472410174958,4.0976274209409285,2.46839860651585,10.041941176436797,3.506809695754104,4.199825844529387,9.082647618323005
1171,6.433076487901964,4.091477877219999,2.4659400484916247,10.135058105968184,3.4354797370520522,4.202513610448222,9.09167852490305
1172,6.429065316000543,4.114375146920879,2.457504944437811,10.214904291037104,3.4607812441247363,4.208240040120383,9.012257751121366
1173,6.433878331424433,4.054947818073412,2.4638672046047585,10.193447203964118,3.455267152660745,4.202692715238406,8.967610860067783
1174,6.445890398993185,4.035998888638392,2.467751926880481,10.135735227533694,3.475690683393089,4.210206157704084,8.980232854056581
1175,6.446690167116064,3.9871572595447295,2.458025116858753,10.240097756371004,3.4850644055209408,4.206809384539426,8.980232854056581
1176,6.454680750802208,3.9899146945551442,2.462181344823896,10.226366742086508,3.4536895911392578,4.212528210389491,8.927295157893331
1177,6.454680750802208,4.037669374484336,2.4761416140322288,10.0450268805564,3.444996173095409,4.219662552251422,8.824867167437052
1178,6.451486064268851,4.065103478824132,2.48628872373415,10.015259765622746,3.46863872298433,4.217345615419181,8.820174488318093
1179,6.441089073410728,4.04475891754788,2.4761416140322288,10.026631760532771,3.4607812441247363,4.215562227428613,8.789592467404185
1180,6.4322745141716595,3.991398439615382,2.4756263946850203,10.071105725890762,3.421939044781575,4.204662212101854,8.831900097736087
1181,6.428262690352081,3.9877938111483155,2.4844944363079544,9.940230771185504,3.4259288390966245,4.204662212101854,8.831900097736087
1182,6.428262690352081,3.9508673269696777,2.472274058837203,9.998524837206956,3.434685149899614,4.206988251145096,8.897192134932872
1183,6.428262690352081,3.9493637153450925,2.492683167584055,10.08675406008225,3.409933147020799,4.203409034995585,8.864624419162872
1184,6.428262690352081,3.9054302205282427,2.487057187951418,10.08489356129321,3.403507428413481,4.209312616185386,8.823694302416627
1185,6.4371123688337475,3.920652165399264,2.493066155044223,10.043685483585518,3.3881826577896454,4.207703618529612,8.819000810281294
1186,6.4371123688337475,3.958802636086835,2.493066155044223,10.005502438584019,3.3881826577896454,4.210206157704083,8.801371165135633
1187,6.442735740862399,4.011674896089567,2.5061691993243924,9.89830702262903,3.3889914759785196,4.211278081566782,8.74464472276007
1188,6.439523168678772,3.977805917610308,2.5087031518397276,9.856349271213462,3.42991259015782,4.2094913442543325,8.756502221274772
1189,6.438719699371858,3.993728588495702,2.5135084987475707,9.87884616620161,3.4211403584923747,4.211278081566782,8.79194985147619
1190,6.434700392333361,3.9852468100063794,2.5201907761096147,9.99769846202966,3.4251313645055186,4.208573558382515,8.78723425947896
1191,6.439523168678772,4.011253830991244,2.5274771079033784,10.013814210521845,3.4227374883235444,4.212539418463848,8.754132395102035
1192,6.4379160994431155,4.000708432627152,2.5286052953556246,10.07760005619252,3.43070861740612,4.215780599383294,8.780154684604286
1193,6.43550451533777,3.9605156563660557,2.521700543422853,10.126994533536683,3.4315044041367924,4.216140530268682,8.809604051846676
1194,6.4341641391658095,3.9471947429143337,2.51649636608961,10.155784515268124,3.4320350311715906,4.216380501264242,8.825736020139313
1195,6.43389430185469,3.9604757592960005,2.5129823006354988,10.163793306057626,3.4323003754580528,4.216500491883904,8.828477187492151
1196,6.434694868721569,4.000627829112616,2.5111512903609645,10.150971693391984,3.4323003754580528,4.216500491883904,8.817815072435957
1197,6.462633398946849,4.053728185575584,2.522232831167053,10.125895043956433,3.4323003754580528,4.225115753599896,8.805948547991573
1198,6.465020816025838,4.040482952980318,2.5257510138140007,10.129494200576515,3.4323003754580528,4.225653447957478,8.817815072435959
1199,6.463429332272729,4.054926081095719,2.5233253647701503,10.130760029461971,3.445665381042693,,8.878013465800846
1200,6.465020816025838,4.04399048859718,2.5269627012055143,10.169529176413594,3.445665381042693,,8.872135173274378
1201,6.470586994665168,4.099150471656274,2.5330098191052626,10.140474080872877,3.462277265042146,,8.91200805089111
1202,6.464225137946843,4.091822945077351,2.529746714039891,10.193733185587854,3.462277265042146,,8.91200805089111
1203,6.4721761862828044,4.122100057106861,2.526356952134037,10.282649029109914,3.482897234186143,,8.876838212918765
1204,6.457855115127109,4.096997088709715,2.5249023819165846,10.345149164490445,3.472194757140672,,8.850931190566815
1205,6.46581636656632,4.106460975950125,2.528899828386878,10.301341274116329,3.443164588559046,,8.88388669287294
1206,6.464225137946843,4.103882734827691,2.5348202915936833,10.191059361017588,3.4464984533456056,,8.869782435225488
1207,6.461041149113006,4.120176128882904,2.536749607506391,10.315811153889566,3.428109883315953,,8.88388669287294
1208,6.474559021117818,4.169823375303853,2.5433671000733367,10.262482098601035,3.4339747076501275,,8.96094421652768
1209,6.477734358418148,4.165188482523405,2.5505606977113566,10.18852876787663,3.4053649884711175,,8.965586669832591
1210,6.478527876007312,4.165188482523405,2.557847196918935,10.104027316808239,3.422231960194574,,8.919020352997848
1211,6.486456099067876,4.190388679652459,2.562372692738158,10.047629129893487,3.4331376745101565,,8.909669019098763
1212,6.490415481161446,4.18599290472425,2.5641562096407196,9.933661727605708,3.40790196889263,,8.888581635511141
1213,6.467407085257962,4.161391294498879,2.565106758270081,9.915516522920456,3.4205501363333335,,8.853290455974404
1214,6.466611789624855,4.124663476688764,2.5643938898258916,9.936721193575783,3.4205501363333335,,8.881538009125585
1215,6.455464245317404,4.119320673934202,2.5653443237462947,9.949599435326764,3.4205501363333335,,8.890927895940598
1216,6.455464245317404,4.147853482947852,2.5653443237462947,10.017956049696078,3.38242046732755,,8.876838212918765
1217,6.467407085257962,4.144035588629572,2.562729525468562,9.995643974122181,3.38242046732755,,8.861541443096256
1218,6.4618373379125185,4.122954760977407,2.5560579430601384,9.959620929298845,3.384127014656816,,8.846210200618437
1219,6.462633398946849,4.112897371756196,2.538436192416332,9.87181276734846,3.42894851544452,,8.841485926564664
1220,6.450679042200718,4.067563434275968,2.51724791412044,9.851546219813276,3.4011312082085023,,8.850931190566815
1221,6.453869691103441,4.079283445429067,2.536629081256681,9.809338371784525,3.393493055046888,,8.839122556020659
1222,6.454667032349224,4.127438174818763,2.5548642002087343,9.729516238269314,3.384127014656816,,8.777383561676713
1223,6.455464245317402,4.101732587726162,2.548644990669172,9.66726863781362,3.4205501363333326,,8.772610946410232
1224,6.4721761862828044,4.032796358400262,2.526356952134037,9.655000417474795,3.3849798681043137,,8.777383561676713
1225,6.476146943268686,4.03828872763161,2.5161519416742926,9.541728122716435,3.3994357725157465,,8.763055555643648
1226,6.491998353370964,3.985153947179717,2.533063636078615,9.504039179953066,3.368727514096474,,8.690953160287767
1227,6.478527876007312,3.888496489192174,2.577640960198816,9.465579801075764,3.30002894198235,,8.779768602184816
1228,6.4904154811614445,3.9627398835524437,2.59962184077913,9.443334813043055,3.35323576636476,,8.86271933884258
1229,6.500695179214788,3.9242523088121084,2.568518679362673,9.433978025446256,3.307949312924744,,8.895617998857666
1230,6.503064412036757,3.940159450978815,2.592536936125359,9.372037913986665,3.307949312924744,,8.8603633433708
1231,6.491998353370964,3.9806842816133594,2.6139720604463874,9.20218452505299,3.307949312924744,,8.841485926564665
1232,6.484871464439368,3.948307788005241,2.61282270941652,9.23155775201602,3.318471537478708,,8.84384847449991
1233,6.485663844794169,3.9775516219026676,2.6183081245443516,9.214555072119763,3.316720852345701,,8.850931190566817
1234,6.49516259057359,3.9625149084280715,2.613078177665736,9.148381414826014,3.314968962698147,,8.829660831874268
1235,6.491998353370964,3.9237965842039553,2.593311060291539,9.090649084669304,3.260050113193844,,8.832027500797912
1236,6.4912069801128895,3.926985210006038,2.5899543449981155,9.06677056356464,3.2519773905207376,,8.860363343370802
1237,6.4912069801128895,3.924707964493417,2.5899543449981155,9.019993545809367,3.260945475975207,,8.875662757321892
1238,6.494371719537089,3.9096347753272322,2.5527815387446386,8.910977370297676,3.2130420994186513,,8.8709589058497
1239,6.4967439564487695,3.910092651084007,2.5621078883353885,9.037761735067829,3.2266937089988375,,8.89796184287671
1240,6.498324821093532,3.8977053979542835,2.58179717182971,9.01686208026906,3.190120000271614,,8.933023455268271
1241,6.5014850484490125,3.968358863814387,2.598335547668472,8.979086318074467,3.28056302432139,,8.921356191791638
1242,6.500695179214789,3.9775516219026676,2.5860741566875363,9.0013367891672,3.348051085130761,,8.874487098913464
1243,6.507010636752684,3.990954768277672,2.5812781220282597,8.98201428149831,3.263629644897955,,8.886234568078182
1244,6.5014850484490125,4.012278667056951,2.5951161804541165,9.029319565666022,3.3140925654640396,,8.881538009125586
1245,6.507799507688975,4.016702599786621,2.5931820605008724,8.962851611762149,3.351508700053143,,8.834393343932383
1246,6.500695179214789,3.9706035565008726,2.570477004545001,8.999748665791607,3.351508700053143,,8.789300335991834
1247,6.5014850484490125,3.9806842816133594,2.5721726490755406,8.98692207342649,3.263629644897955,,8.789300335991834
1248,6.499115065591864,4.013606513831528,2.58179717182971,8.973562140054163,3.2867730181711243,,8.79644030974808
1249,6.499115065591864,4.02927612258431,2.58179717182971,8.905031849232046,3.3402543960716455,,8.800007467343075
1250,6.499115065591864,4.0330162402599905,2.5811483383335037,8.911567862363423,3.3402543960716455,4.230963323729772,8.782152799045651
1251,6.500698725483974,4.096997088709715,2.594600598756359,8.956415193704592,3.36615200342071,4.231847459424266,8.748696968818475
1252,6.501490367010056,4.08404571138413,2.5880151980717545,8.934792505927453,3.3558241954516084,4.237500239477017,8.760664586380901
1253,6.503864538569784,4.0732118859324675,2.593440051724216,8.91141279808583,3.3324339292516267,4.235734801244845,8.751092197962409
1254,6.503073273497896,4.111182282855602,2.5859446864445297,8.842696314883327,3.3114615606662583,4.241062483401476,8.74630088517504
1255,6.493568293349438,4.1248770013273734,2.6010358063323675,8.819457543179597,3.318471537478708,4.23715636973234,8.71748092181461
1256,6.4832507383447355,4.133832069013062,2.611161372106802,8.800674856048749,3.2858868120332496,4.241239922692994,8.711461123301453
1257,6.486427647673414,4.12359563745169,2.5989787978795205,8.812990076025644,3.341121865402592,4.240175141855305,8.740306932087618
1258,6.495153715051446,4.08858477281339,2.5854267210159234,8.86007773523605,3.319385572923321,4.24070757580511,8.729504302596734
1259,6.507818984407964,4.05121229345509,2.557515928529423,8.817575342690478,3.2833311455102017,4.249745664531087,8.693369133232665
1260,6.520452227891553,4.070171680752915,2.555413165811061,8.805676669133659,3.2700108780844057,4.2561104475413485,8.690953160287767
1261,6.514139595377895,4.054489394870381,2.5547640515032555,8.738103100532548,3.2691203454151236,4.253990231405424,8.598489561519514
1262,6.515718500397461,4.107749306150396,2.5662863372168268,8.706026261256273,3.2744588107220607,4.253813484588425,8.581315034981623
1263,6.5101901502690795,4.106890477843963,2.5719579327227766,8.68665700865344,3.318512261056528,4.249922631741474,8.635142450024842
1264,6.518085923905407,4.11156502801059,2.5509949444152755,8.613598895247708,3.2833311455102017,4.257876243944003,8.654608054394485
1265,6.525969258381319,4.06407262167991,2.553854930392024,8.597430260716045,3.2068927183875457,4.260346757571164,8.647315141080512
1266,6.525181483151418,4.094533318361949,2.562151263228372,8.659717731760402,3.1580047948259096,4.260699535778437,8.61806303704136
1267,6.5243935840171945,4.09666732771227,2.5541147222929608,8.663424074429383,3.1580047948259096,4.26281540650319,8.61806303704136
1268,6.5243935840171945,4.09666732771227,2.5541147222929608,8.670417584566147,3.1885591067238437,4.26281540650319,8.61806303704136
1269,6.52202914264887,4.09666732771227,2.5542446053366783,8.679081628397833,3.1885591067238437,4.26281540650319,8.61806303704136
1270,6.518874816219737,4.152489971076898,2.573116026389684,8.637890125946655,3.160798370105083,4.259993941308897,8.60338836908178
1271,6.5109802889444355,4.142623478599652,2.5844040239716906,8.731561448832686,3.205979279554197,4.250453475789538,8.703024291068314
1272,6.534626623616932,4.192896162001896,2.5907891453987433,8.742753456698095,3.205979279554197,4.25310640164084,8.703024291068314
1273,6.558944641294428,4.215583238463148,2.592063711985203,8.687736300484785,3.1848758745631938,4.269506656217488,8.544360896779782
1274,6.5605095154120106,4.189375689811128,2.5760725189032803,8.635635793224289,3.175643432107828,4.2675711208144405,8.549300140660616
1275,6.553463748094522,4.180038140408035,2.572344039407115,8.66218344306956,3.1848758745631938,4.270210203963959,8.549300140660616
1276,6.565201223057409,4.158771798576119,2.554893891550715,8.69077900623716,3.1848758745631938,4.281095945720532,8.519608691731003
1277,6.579250210941007,4.138836704869762,2.5176677960008584,8.687240167946927,3.192236805164142,4.284599793592665,8.514646998806949
1278,6.579250210941007,4.091543269101625,2.5213698248762495,8.697779534089461,3.156140621573,4.287400186905415,8.469821198381243
1279,6.574571559632853,4.100717961188927,2.5426511409284203,8.695156663738397,3.161728847491582,4.286350318687222,8.549300140660616
1280,6.566764155426896,4.095173673265516,2.5528154183764875,8.72486349710705,3.1986595308601338,4.287750068570808,8.56902005086188
1281,6.565982749817616,4.095813897766315,2.5426511409284203,8.709813252139632,3.1986595308601338,4.286525319983873,8.55670204469697
1282,6.555813433197224,4.128927677993933,2.560468903958842,8.769339911232253,3.2788988871020046,4.2860002881706425,8.534471235288194
1283,6.555813433197224,4.157097853495254,2.560468903958842,8.764421542294555,3.2948187009524488,4.287225232124776,8.546830983483632
1284,6.551112965105331,4.165667563794019,2.5728587309200655,8.653430536661066,3.308009078503203,4.286350318687222,8.53199648637982
1285,6.555813433197224,4.140941024926236,2.5706703648149833,8.649986907972252,3.336789356073903,4.281446498599837,8.551768369278223
1286,6.556596417835181,4.133780642025951,2.5561918195861146,8.708438842444941,3.320258585606137,4.2812712268337725,8.60338836908178
1287,6.533053668639074,4.123009675044197,2.5528154183764875,8.68113004561294,3.3463112361027987,4.277763826768397,8.637578776017026
1288,6.5432690743606985,4.145775682551509,2.544348861149594,8.6230268172241,3.363533908982665,4.284249576765371,8.619284457330695
1289,6.532267006126549,4.167128391441312,2.5494331901788447,8.593578250381182,3.366107416501659,4.28179701409594,8.649747002153632
1290,6.533840207784691,4.194137762729375,2.5668026114729305,8.617928775868851,3.360098570656372,4.280920655258749,8.613175099417244
1291,6.5518966815101,4.219691103843311,2.5696397053378672,8.667897901156152,3.366107416501659,4.289324076053128,8.635142450024842
1292,6.55737928069577,4.21886994754719,2.5646075107921553,8.656796401342431,3.332449506815038,4.290198199648385,8.61806303704136
1293,6.550329126555312,4.2552119671639055,2.5792810928061924,8.640103565113607,3.348038698678089,4.286525319983873,8.637578776017028
1294,6.552680275822288,4.252774650491751,2.589513761519716,8.67092220405689,3.3652498654921748,4.2907225624676615,8.575170413235348
1295,6.552680275822288,4.247284024630765,2.5979162324757077,8.689972714412361,3.35665865120487,4.283899322643007,8.593587115751953
1296,6.5432690743606985,4.2395407776135325,2.602738001709949,8.662066668216909,3.3686783636850786,4.280219399898402,8.586226609078434
1297,6.5432690743606985,4.258864536231845,2.6096963401173965,8.577649299033803,3.372102322677958,4.285125048929343,8.588681024290944
1298,6.536985131768137,4.247894550727966,2.6137337306397845,8.574277797348993,3.376375913439974,4.284774888024074,8.561632017446817
1299,6.54012808615674,4.266764470005279,2.622411825181106,8.526567885795536,3.3797897197547604,4.289324076053127,8.534471235288194
1300,6.550329126555312,4.263728290193246,2.6249202325604646,8.475073568477203,3.3797897197547604,4.299101042156472,8.56286393299292
1301,6.547976877506543,4.2419880026741845,2.625546846719994,8.567218150790104,3.372957605123005,4.30310820267052,8.56286393299292
1302,6.553463748094521,4.247691054729288,2.6284267662073937,8.502527354661419,3.3376564440340872,4.302237494361044,8.55053437097894
1303,6.553463748094521,4.252368254117742,2.6284267662073937,8.572018696914483,3.342852821635702,4.304848931159492,8.519608691731003
1304,6.5605095154120106,4.2917565274061475,2.6246695323323377,8.566335704449743,3.347175112553124,4.311455353258856,8.45731461887379
1305,6.554247098379393,4.282306087064251,2.6320521208861947,8.566557620930324,3.332449506815038,4.308327640293325,8.428457672060107
1306,6.552680275822287,4.272828401894703,2.625546846719994,8.489116606165087,3.3298420597441085,4.308501479720121,8.42971499842524
1307,6.547976877506543,4.27383796782989,2.6276758792198818,8.613395539816553,3.3411218654025916,4.3046748995703,8.419649537921353
1308,6.540913517404541,4.285123951087611,2.6323019056465866,8.622414728912982,3.3263613209936844,4.3057189516732635,8.37162305301478
1309,6.523605560924694,4.280896248902031,2.6240426452572416,8.523510032613913,3.288639589333542,4.306588743255759,8.390623656799448
1310,6.533053668639074,4.32273247058433,2.639905560924917,8.464612211842496,3.306254320784153,4.31180269451232,8.407045628402848
1311,6.527544437343772,4.318751827724609,2.6492153944169523,8.507983509619043,3.3185122610565276,4.310586840617487,8.42468422625052
1312,6.530693310786463,4.317955125469435,2.644876117356685,8.482658478560781,3.3540756950613795,4.308501479720121,8.45731461887379
1313,6.517296907199779,4.351647681240031,2.6442554632888995,8.47461990504245,3.381494939781498,4.310586840617487,8.47231962911213
1314,6.508609498055553,4.341971219408168,2.647356838666906,8.45872942242507,3.372102322677958,4.304152749805834,8.423425921637234
1315,6.510980288944435,4.31277188669571,2.644131309702457,8.451041345666347,3.366107416501658,4.293517755546028,8.419649537921353
1316,6.50702834566013,4.309777862051562,2.6306777524152083,8.394681396722405,3.3471751125531237,4.297203552259185,8.434741862864696
1317,6.514929110192037,4.341575664918297,2.648224376120155,8.369428303636678,3.378936689341735,4.301936391382358,8.39694475078786
1318,6.522817413819928,4.369348130183864,2.64114934247893,8.288630574726435,3.3600985706563713,4.312778803730971,8.409568378973965
1319,6.524393584017192,4.376010713223072,2.6492153944169523,8.269624476140189,3.361816811404916,4.313826186181034,8.459817861639236
1320,6.530693310786461,4.380705769044731,2.6574962870211905,8.323166007106652,3.342852821635702,4.314175240062549,8.444783902066614
1321,6.54012808615674,4.365226385824552,2.6600848824745507,8.353898451065099,3.3263217871675796,4.321496891175263,8.47231962911213
1322,6.537771054881425,4.385003819623035,2.663408262909957,8.372451592230979,3.366162732601566,4.316966347825945,8.449799093519923
1323,6.544838832206493,4.3951410967382625,2.6718958142971507,8.309504755509565,3.348916432121424,4.320451930405484,8.459817861639236
1324,6.54012808615674,4.411646375189708,2.667292651760021,8.272778306699553,3.3592780509051816,4.318709597165709,8.484797413047104
1325,6.537771054881423,4.399809583304437,2.672863585664099,8.235628637509326,3.3280669348653076,4.320451930405484,8.449799093519923
1326,6.536199085555217,4.41136698228458,2.671411757346634,8.161633487718216,3.3385128844336074,4.314349753209008,8.447291982605593
1327,6.539342532022448,4.448658957558154,2.675884933447499,8.199504625150889,3.3480510777314634,4.319755106956304,8.435997969374728
1328,6.540128086156738,4.439135799130837,2.6721377999416736,8.256388426029469,3.3480510777314634,4.3171407140224325,8.4221673721326
1329,6.539342532022446,4.4547398690061835,2.677574948912485,8.33115404674668,3.329810891370498,4.321671019306808,8.42720010133029
1330,6.5283318411840465,4.474994833306871,2.6815530693688174,8.32989794384031,3.3184538209035854,4.317838087091657,8.446038063604059
1331,6.523605560924692,4.445804799807534,2.6781781892456586,8.28082514245826,3.354965775293421,4.320626113395233,8.439764827958461
1332,6.520452227891551,4.4520808014484885,2.6768508267527005,8.206782084336503,3.3515107493667764,4.317489418897714,8.434741862864698
1333,6.515718500397458,4.451320687790663,2.678901844100551,8.186496949013042,3.289394464079702,4.312080364652238,8.424684226250521
1334,6.525181483151415,4.460430920071398,2.6899661582728545,8.195320632839662,3.3061662364587345,4.314349753209008,8.40704562840285
1335,6.532267006126548,4.475561009502647,2.700732881905275,8.24315433765313,3.2991179731481495,4.309459904711613,8.325790849650227
1336,6.539342532022446,4.497382026714653,2.7066903099645714,8.260122145908753,3.256409930123753,4.316966347825945,8.310440214723908
1337,6.5565964178351805,4.524651907024858,2.699778103877309,8.251777158804318,3.2347797555845488,4.324803764295654,8.320678069895717
1338,6.5479768775065414,4.558717439280831,2.687685996928874,8.333884387728181,3.256409930123753,4.321845138299982,8.336004158795749
1339,6.545623527251015,4.540985650803292,2.668262598312057,8.274423871877977,3.280522305929193,4.320277738268033,8.367816186215556
1340,6.5385568549484345,4.5268837573283145,2.668868581753506,8.254438178462406,3.313194981443143,4.320626113395233,8.364007062129073
1341,6.5385568549484345,4.54024486786926,2.6792635760592467,8.254471223392184,3.313194981443143,4.3209744519370075,8.385562311926533
1342,6.5385568549484345,4.54024486786926,2.6792635760592467,8.302416796337031,3.3140722096185424,4.3209744519370075,8.385562311926533
1343,6.525969258381316,4.54024486786926,2.6823959253529353,8.24728099074248,3.3079252467007882,4.3209744519370075,8.385562311926533
1344,6.532267006126549,4.560559338553105,2.694997602023984,8.091833991940945,3.3026445539717195,4.3209744519370075,8.419649537921353
1345,6.535412916189287,4.555399575509554,2.6971501937016575,8.103178058696086,3.3079252467007882,4.319058137059018,8.447291982605595
1346,6.536985131768136,4.531714522518034,2.6879261325688044,8.048298836456928,3.2635785375213175,4.320277738268033,8.432228918586835
1347,6.537771054881423,4.551709364565378,2.7003748916752817,8.118551960856454,3.2537163963345113,4.320451930405484,8.419649537921353
1348,6.531480220193547,4.580024204203303,2.7019257365009017,8.114712836071861,3.25551240806247,4.314349753209008,8.394417057195549
1349,6.523605560924692,4.563872317615915,2.713342416433872,8.135570654156885,3.2626835833997494,4.311207108526578,8.448545659201
1350,6.523605560924692,4.535425936291832,2.7072851138331298,8.152949472052853,3.2519190923248287,4.311556438623229,8.462320139945849
1351,6.523605560924692,4.51943867162005,2.6882862836409793,8.083675623266382,3.2528179060257374,4.312080364652238,8.477313613578836
1352,6.52675690976081,4.473673392520614,2.6791430058083785,8.145407259277908,3.281410928152179,4.312254988236378,8.444783902066614
1353,6.503864538569782,4.420776349513744,2.6487756376073808,8.179451356937795,3.2402049381319076,4.297203552259185,8.462320139945849
1354,6.503073273497893,4.466490967712218,2.665715507976022,8.240114993954402,3.2220746793755843,4.299833745064377,8.47231962911213
1355,6.502281882996332,4.454739869006185,2.6682625983120576,8.167463915478256,3.2220746793755843,4.296852701420958,8.439764827958461
1356,6.522817413819927,4.514404193883172,2.6899661582728545,8.075860425540991,3.2383978592884506,4.307187159353285,8.40704562840285
1357,6.525181483151415,4.514404193883172,2.695954585834814,8.00819334318465,3.234779755584549,4.307187159353285,8.374159711992558
1358,6.52439358401719,4.548569618429946,2.6882862836409793,7.96231043056462,3.234779755584549,4.307187159353285,8.374159711992558
1359,6.520452227891551,4.501879530783013,2.681553069368817,7.953271439719633,3.234779755584549,4.304737839157317,8.394417057195549
1360,6.527544437343769,4.513097764558391,2.668868581753506,7.972646820131743,3.2047269791772415,4.303687574600279,8.374159711992558
1361,6.527544437343769,4.484607171344306,2.6637727378343223,7.942645659875704,3.200141418598572,4.302461843835186,8.266744863263211
1362,6.520452227891551,4.525023981654317,2.678540048506348,7.871847077278532,3.200141418598572,4.306837367550774,8.286059225193995
1363,6.50939988665768,4.55060154107649,2.668505013198753,7.879992796488131,3.219343660994249,4.3038626418772,8.240900578754427
1364,6.52439358401719,4.538762829494973,2.6718958142971507,7.861185183592357,3.211132441995418,4.300885235598419,8.27962762503034
1365,6.525181483151414,4.558717439280832,2.6700800112646332,7.825066195353085,3.215697602027678,4.305962726104369,8.25641979383557
1366,6.518874816219735,4.56129582700824,2.661341676658154,7.839580345626741,3.20747421791097,4.304562818244027,8.222746576199206
1367,6.520452227891551,4.5719575518724715,2.6552513323050375,7.903333711330797,3.208389283328546,4.302812099036454,8.20974739976629
1368,6.526756909760809,4.547275960904542,2.6463266126938363,7.9399227751583155,3.222074679375585,4.30543783013763,8.188892771790286
1369,6.52439358401719,4.586427668463889,2.6548853327704345,7.950499938853141,3.2492207076430453,4.307187159353285,8.238310339658684
1370,6.532267006126548,4.6110183719173,2.652443654388733,7.974357103820712,3.2429130975672513,4.312254988236378,8.264165171111047
1371,6.5236055609246915,4.6110183719173,2.6420337007822665,8.012634565856338,3.2653674873866314,4.312254988236378,8.305315121087917
1372,6.526756909760809,4.61990175304419,2.630829383061815,8.057138232999378,3.254614563572988,4.315745527494194,8.30018590455069
1373,6.526756909760809,4.639223217099023,2.630829383061815,8.053129453258254,3.259100564938415,4.315745527494194,8.30018590455069
1374,6.534626623616929,4.657365558368367,2.6092309026856304,8.12540020952888,3.26715516151643,4.321671019306807,8.190198212953444
1375,6.539342532022446,4.58697599510679,2.6047330911937974,8.217837924560325,3.2429130975672513,4.320277738268033,8.212349379434016
1376,6.536985131768135,4.615734776012595,2.6198108627746204,8.21465298983955,3.2573071300770935,4.3188838716922024,8.227938758528394
1377,6.5385542488497,4.627317724937073,2.615336743852782,8.096354887709225,3.2492207076430453,4.32445582749295,8.214950285687603
1378,6.544042299969739,4.627317724937073,2.6007265261817074,8.116076230794834,3.214785245511089,4.32445582749295,8.173206284597919
1379,6.539338623485612,4.63886302923202,2.5948272653408475,8.08344628545388,3.2302496997688213,4.327238301677313,8.149602753575268
1380,6.537769751628225,4.657903032762666,2.5901708471378244,8.039989111866136,3.2138725515954243,4.324803764295654,8.2045402152781
1381,6.534630535825321,4.645880133553262,2.6062334852038815,8.073295949810774,3.225711353624945,4.325499528537105,8.181054425512233
1382,6.537769751628225,4.690359959607999,2.611102013164347,8.028820608075215,3.2156976020276784,4.329165165271821,8.144345418630245
1383,6.537769751628225,4.708422859200294,2.6198108627746204,8.0283128904102,3.214785245511089,4.3284672604878125,8.14697463849943
1384,6.535415523919828,4.70612574484158,2.6160831225803873,8.030044481029329,3.2302496997688213,4.325499528537105,8.120632511044981
1385,6.547175639280546,4.714423805955991,2.5985947646145684,8.032507705542246,3.2193436609942494,4.33561384953707,8.141715092681352
1386,6.560470594092045,4.714423805955991,2.578418457315495,7.9928963395679,3.1918116602380486,4.33561384953707,8.117992172085437
1387,6.562813121820241,4.653959675973671,2.5790520813732063,7.944720210794035,3.18534286819317,4.339268362129978,8.094178604695283
1388,6.566714916194822,4.638142544188392,2.5550758110190914,7.947200296983767,3.1667656324668303,4.3423976136021905,8.072934110819322
1389,6.555000454584073,4.6532422342864095,2.5727707422562,7.9663036428937035,3.157423560822813,4.337528618239675,8.067611596750417
1390,6.540122875588974,4.691779932327065,2.5878126226784945,7.962370820221916,3.169561263257041,4.331955320037611,8.141715092681354
1391,6.545609213844961,4.672213812684229,2.568992330988687,8.083201230801926,3.2284531293787255,4.336484335471225,8.143030393996252
1392,6.551871989158202,4.651473856640609,2.571512075308146,7.992203354879148,3.218430866337521,4.334220598325543,8.131182702275597
1393,6.5526542879182195,4.661947489081272,2.5815590452367103,7.896861282131089,3.2166042646570414,4.3378766397287265,8.156168216213567
1394,6.55578226710892,4.693361720028227,2.5945444507723763,7.866714583402816,3.1936567527384785,4.340833355168637,8.15222976514166
1395,6.553436465040999,4.703188391454144,2.605218784228034,7.864187660226808,3.1955004577563275,4.3420500640524855,8.102126591591256
1396,6.551871989158202,4.740322877291725,2.600881464407781,7.905072821676415,3.196421790860885,4.34031177249236,8.080909322092348
1397,6.555000454584071,4.733899503052166,2.600633332907192,7.858805082677133,3.2092843088756022,4.3423976136021905,8.05428525928855
1398,6.551089568708561,4.756590946046836,2.6126323846527617,7.810105848475668,3.224813364045199,4.341354856222139,8.048946674653495
1399,6.55578226710892,4.7196233029984045,2.618420621648496,7.752317403520428,3.2537832423552766,4.339442286551873,
1400,6.557345527926361,4.745695907405338,2.6239469754238067,7.726724119164935,3.3107369022528363,4.342223843356703,
1401,6.561251557714437,4.7432703593919445,2.6163289294257615,7.820989229931859,3.3160111161408268,4.34465580304321,
1402,6.561251557714437,4.768142177656778,2.6163289294257615,7.78528308796938,3.3239020104067536,4.34569752884382,
1403,6.565154560909882,4.7593527686812696,2.627255522965483,7.724657664500351,3.3142542595477074,4.350381274949292,
1404,6.560470594092045,4.768486430436113,2.621247098601095,7.667999903106318,3.3221505879205107,4.3460446985022445,
1405,6.558908303448495,4.786685714385483,2.623333684859079,7.706836484048911,3.325652231619675,4.346391832040461,
1406,6.5659347989286525,4.779657072457927,2.6218610249884917,7.707502344952777,3.325652231619675,4.350381274949292,
1407,6.56359372240747,4.7743337819717935,2.6155901648248996,7.782040358121208,3.2833106696518257,4.350901285823249,
1408,6.555000454584071,4.783601625638806,2.620141558864978,7.778117832241668,3.3089763968951007,4.34448215044242,
1409,6.551089568708561,4.812286446160333,2.62247476417987,7.818702339384979,3.3089763968951007,4.34482944660354,
1410,6.553436465040997,4.818404278816147,2.6275003847145753,7.8667272537886666,3.326526892460681,4.347085990797873,
1411,6.548741576697653,4.810925551341522,2.631047545302083,7.928669952571816,3.334385398055314,4.346738929468882,
1412,6.547958668965108,4.832640018029256,2.6287242478558133,7.999030475706046,3.3300225440108564,4.347606515127681,
1413,6.554218520578843,4.840243886424894,2.6287242478558133,8.116850470757752,3.3300225440108564,4.352287585856057,
1414,6.556563958205618,4.839737445936513,2.606703701857128,8.058399171098117,3.3221505879205107,4.352980520228539,
1415,6.555000454584071,4.802238032953658,2.593299532990759,8.05096911463567,3.299271730342555,4.351767790755053,
1416,6.558126976323276,4.7880555900027515,2.571512075308146,8.071571290444416,3.2904169257918565,4.351767790755053,
1417,6.555000454584071,4.790451644678231,2.5639431607663585,8.079654711035499,3.307214670614304,4.352980520228539,
1418,6.554218520578843,4.725201188037304,2.5522806369525814,8.148511456622195,3.270826282277196,4.353153731372733,
1419,6.5510895687085595,4.730422677055548,2.531188446745505,8.17012835333529,3.288642236730659,4.356096948392442,
1420,6.547175639280544,4.710890626671898,2.5320879191699235,8.111613686848905,3.293962568532325,4.354885349291854,
1421,6.549524362530747,4.738587948572959,2.543615692194695,8.102534736809886,3.2966185416303007,4.3562699981473605,
1422,6.548741576697653,4.723110486655657,2.510774227336809,8.047248782800636,3.3107369022528363,4.357308108690465,
1423,6.558908303448495,4.692307272069441,2.4944692266568698,8.026484390210735,3.2868662993105002,4.36266655530215,
1424,6.562032400273186,4.675040735806642,2.4581005813315393,8.036404947569686,3.275292108529696,4.365428853876144,
1425,6.56359372240747,4.630255073518998,2.4594353681771977,8.049967250839419,3.275292108529696,4.364220628475599,
1426,6.562032400273186,4.603687299221738,2.484882556086185,7.993288642403873,3.264560749681366,4.364220628475599,
1427,6.5721723603237505,4.6277504096569935,2.5055716608918583,7.964875108338922,3.264560749681366,4.369740393094848,
1428,6.569834178766959,4.580184873321663,2.488302503444904,7.958737616226288,3.240245617679266,4.372496872590452,
1429,6.57684547564528,4.510382599342312,2.4594353681771977,7.942481282728044,3.2239025862134376,4.38126808189753,
1430,6.572951513427492,4.554880328901072,2.482643117636031,7.890651178601909,3.227543689264128,4.377659179762179,
1431,6.568274788676094,4.538214369225256,2.464898155584095,7.7948313282870325,3.220256118655093,4.378174974464424,
1432,6.572951513427492,4.582723450440804,2.4694163396686006,7.769154185768051,3.200103668966103,4.383843500280553,
1433,6.57373054624269,4.564550380751467,2.478156328955899,7.750332422224747,3.165833040827139,4.387274328803502,
1434,6.571393086880065,4.622377318208775,2.493814136244935,7.690954888906504,3.1936567527384785,4.386931403214877,
1435,6.571393086880065,4.627929372777865,2.4724666625310907,7.548289485679203,3.224813364045199,4.390187787752283,
1436,6.57840221994964,4.585984646226998,2.4654302665342622,7.465410319723946,3.224813364045199,4.4019872326010345,
1437,6.589286020823367,4.466617768646931,2.4507423156369144,7.47904627140248,3.212947002139902,4.4157863977852765,
1438,6.593167422518352,4.504641055444881,2.4417395452043134,7.467471678974737,3.1890414136247762,4.416806325026375,
1439,6.601696046263013,4.556159038084984,2.426457035819855,7.498466170455982,3.1955004577563275,4.427497093030264,
1440,6.60711588816393,4.498332897597389,2.4025388859141734,7.520820112339126,3.1742135234884654,4.416466383369086,
1441,6.619482402378249,4.41144699492365,2.360094926981538,7.655442427663729,3.137687095548853,4.429529620437511,
1442,6.625654389086051,4.363487305162065,2.3443989144931363,7.64325140549376,3.0736097393888384,4.4296989428896945,
1443,6.634117333587958,4.333794123071029,2.280935182050838,7.598340781358513,3.100598215868082,4.4296989428896945,
1444,6.632579662541924,4.342554873267394,2.3202350663011795,7.5366906834286365,3.1357989869266722,4.416296399758564,
1445,6.627194153426051,4.382753233506484,2.3252662857432824,7.5161643695864555,3.1291789146922904,4.413405373420823,
1446,6.634885995046374,4.3230551119962755,2.3136009152088444,7.48526989172713,3.115883748610804,4.421392205950899,
1447,6.636422970076249,4.346829539431839,2.3123000279988557,7.472521238415685,3.0977212332188864,4.418165750978772,
1448,6.636422970076249,4.385057739639967,2.3123000279988557,7.451394609167778,3.1853428681931706,4.413888067159179,
1449,6.633348556102644,4.439899683999718,2.3629086106829256,7.41323162811894,3.1779289467564356,4.4128606192036415,
1450,6.650234932939782,4.377369904943655,2.3202350663011795,7.364488417947393,3.1779289467564356,4.4292625594172135,7.996438917902491
1451,6.686124513801282,4.301078465306595,2.304184106473884,7.3767841731329815,3.148847081890293,4.448976615972998,7.978836199031579
1452,6.670883090973111,4.306389774364038,2.3337155318754275,7.330819217083019,3.0799148018864937,4.443719356389537,7.976317392993568
1453,6.6678293589498665,4.359040442361088,2.3443007258483757,7.338494089662954,3.1327493719757338,4.436413587474323,7.9599198360084324
1454,6.6647738041112286,4.345275749130981,2.347815320099283,7.3544713003315305,3.1327493719757338,4.443549632459943,7.971276670218082
1455,6.670119828691686,4.354200183985543,2.3450041936605404,7.382528128081438,3.109838045480263,4.439813567439522,7.930800488407962
1456,6.682318402836825,4.2558513764168815,2.335130503499351,7.382617273492316,3.081856763984431,4.447959713500998,7.920639312183555
1457,6.696766639710469,4.260620761998265,2.3576199129410744,7.37212016785218,3.093475216907438,4.448976615972998,7.910461127670274
1458,6.697525948859022,4.185084219463645,2.362502350295943,7.353402176873354,3.0515751099890505,4.454733353449511,7.895161787318791
1459,6.6884068263363,4.227087646966844,2.370425735042539,7.383662892013538,3.082827147565652,4.450670780940212,7.85802801237605
1460,6.699803203796118,4.296564576234815,2.4017798320501047,7.36699586688443,3.082827147565652,4.443889071875616,7.861880036022436
1461,6.709659678631526,4.257044375369486,2.378452870525451,7.392452125616658,3.123229588643337,4.44422847752182,7.879823731087087
1462,6.715715838803987,4.243098850907096,2.3758271820567134,7.370716191279988,3.078943222463954,4.443719356389537,7.905365632632371
1463,6.71268864835783,4.279629139982604,2.3779004078288097,7.339467284225921,3.098299500965587,4.441512286285918,7.895161787318791
1464,6.715715838803987,4.2510750184836255,2.372920700726935,7.390546546757448,3.080885982242208,4.443719356389537,7.918096363659118
1465,6.739116553060376,4.174089322927309,2.3541243779894567,7.466485456716852,3.040735423793499,4.459466930203062,7.864446686596322
1466,6.760162080533563,4.044619839509113,2.3187903344450707,7.487721364491726,3.019900500225263,4.463181582729275,7.900265855839519
1467,6.760162080533563,3.995353617853532,2.3145029420294945,7.492391709058394,3.0338111535206043,4.463012822249701,7.872140099520392
1468,6.779628227055994,3.978899327102221,2.271193551715485,7.47647741166649,2.9988766334877943,4.4705988314408325,7.841307413270521
1469,6.766908617257118,4.0712807783969085,2.2623722555563845,7.3635390437027395,2.9988766334877943,4.465543357246507,7.85417352752412
1470,6.747394636845117,4.022868310893574,2.2377300481193374,7.379214024274834,3.0876731088351215,4.455071683358605,7.895161787318791
1471,6.705870959946074,3.929437673692828,2.209084073592954,7.357743273810688,2.999882124777621,4.421584017712934,7.884940735011216
1472,6.669356452625324,3.9875705044603036,2.2285854328085786,7.369305844212607,2.992834441108349,4.396206773232514,7.938410256090362
1473,6.669356452625324,4.108561569892435,2.2285854328085786,7.414112926662225,3.050591756558074,4.393796331973897,7.95865666224717
1474,6.680033380174559,4.1052285126155,2.221506102364446,7.442404792793087,3.0328202905417836,4.408233242327897,7.95360135365088
1475,6.708902157848044,4.154859543880193,2.245636033032825,7.422257003197954,3.015910665939504,4.4188496798874555,7.9079139147488675
1476,6.708902157848044,4.1605996718630855,2.284196871966588,7.389194881513279,3.002895967950007,4.417310645863196,7.905365632632371
1477,6.7361030546372325,4.196041618490896,2.299847820284296,7.394488880545079,3.0278596377373534,4.42806925859596,7.930800488407962
1478,6.733087799130081,4.190973387506193,2.3322994418522156,7.382739711731,3.056485697850155,4.422779598170252,7.895161787318791
1479,6.723276049513947,4.266572731891819,2.3351305034993506,7.390762898829089,3.0925091834719205,4.418507732670143,7.891330913461005
1480,6.715715838803987,4.21744288727353,2.3485174169868146,7.381020623638976,3.127042032356264,4.42243804671452,7.892608140533522
1481,6.711174386085607,4.181626924153418,2.368343980937545,7.410979725325588,3.130848431149709,4.419533470938366,7.867012246516526
1482,6.697525948859022,4.196851795718213,2.360411487915828,7.447374266303321,3.112713981098859,4.417481684135366,7.8387308887248315
1483,6.701320813788076,4.238703621954006,2.3825910239572066,7.447809021719586,3.0915427567977507,4.413545619124557,7.758304650909122
1484,6.718741252859776,4.279629139982603,2.376794980564165,7.441303239985107,3.0876731088351215,4.421242345942262,7.79476004313358
1485,6.724031461682494,4.227890083640892,2.3794192782353654,7.3827518723965015,3.0925091834719205,4.421242345942262,7.771350009031393
1486,6.732333710376459,4.232700543417836,2.388918070523284,7.360716214027327,3.0721309543769997,4.420900639774324,7.79476004313358
1487,6.711931572846812,4.283180985354658,2.397684776703099,7.378838971236338,3.056485697850155,4.419533470938366,7.828413741353922
1488,6.69068812486493,4.304411973531945,2.4248153498552485,7.367481003563151,3.1011893807339668,4.411832859547743,7.851602501468522
1489,6.6929684106330685,4.28140554244391,2.4207709933287114,7.378471480666733,3.1011893807339668,4.421925655095943,7.8154923477889096
1490,6.67088309097311,4.354200183985543,2.4435739268906236,7.404122982367273,3.146014103371007,4.417652713781816,7.833574527499465
1491,6.666301809570695,4.32044114913905,2.451556165037627,7.469185536428218,3.127994197729238,4.415086362834868,7.825831685648439
1492,6.646402026562863,4.326286165876694,2.457520698937974,7.44277029480533,3.1184554927245562,4.40634619961677,7.828413741353922
1493,6.65942218792201,4.308328692751497,2.44637156971091,7.410799228421913,3.1213210916231726,4.416284235022265,7.825831685648439
1494,6.669356452625312,4.274491907415113,2.440772105635105,7.363211069486727,3.111755720575611,4.418165750978773,7.8154923477889096
1495,6.669356452625312,4.28672899825367,2.440772105635105,7.316117057637877,3.1450690384169824,4.417481684135367,7.818078852158842
1496,6.676222744902531,4.267563675804257,2.4295226881205694,7.367466555569601,3.1107970755118766,4.422438046714521,7.85417352752412
1497,6.672409274368789,4.261017896954574,2.4187455106682254,7.310916181168632,3.1355979692556035,4.422608826737263,7.85417352752412
1498,6.668592962727044,4.313022642065528,2.4200960777861096,7.3514641634544455,3.143177797934916,4.4210714971585485,7.830994688198604
1499,6.665537863874559,4.292240538690718,2.4244113096172226,7.351394725720523,3.1355979692556035,4.4244868403276,7.812904727934623
1500,6.667065641246777,4.281997463293372,2.4312681053516894,7.353986672474748,3.150733891274356,4.435903297673868,7.825831685648439
1501,6.661716423442562,4.3233649441737345,2.4395700416966752,7.390782572446593,3.1336992791869034,4.441682111628636,7.799949849669152
1502,6.669356452625324,4.368070171204497,2.434218175732894,7.40212598093541,3.1807249599893366,4.443719356389537,7.786966883306281
1503,6.664773804111227,4.411238383969421,2.4455726685565953,7.4334295597242726,3.1807249599893366,4.443040409998327,7.781765794249227
1504,6.662480939946459,4.380542599165735,2.4368960224845218,7.385000166558148,3.2103521252302296,4.446264202760519,7.7765601731398455
1505,6.661716423442564,4.385709879029388,2.4449066578191285,7.41404587222425,3.201131991356185,4.446772944404235,7.768743219919796
1506,6.661716423442564,4.424876054117848,2.4449066578191285,7.429764922071844,3.2103521252302296,4.448976615972998,7.794760043133579
1507,6.664773804111227,4.459107270254826,2.461354539199503,7.486207774606811,3.2066682153277393,4.452025508340657,7.798652819776004
1508,6.681512724653039,4.408580230565814,2.4426404515955022,7.424516998671687,3.189093852788499,4.456593753953889,7.784366904601813
1509,6.692894378282377,4.304411973531946,2.4539442447918565,7.429979904182692,3.1844480049067356,4.457439056218377,7.777862003895009
1510,6.709542008936038,4.2812082118041115,2.441172622292134,7.35380857254881,3.191877134922949,4.463519078754941,7.770046756873724
1511,6.708030811336865,4.324728500823928,2.4328778122830705,7.365859682243805,3.167649373946353,4.458960074326947,7.708469641226958
1512,6.696682664987521,4.320051115034261,2.451556165037627,7.4402122052711075,3.162962445986135,4.461662439061475,7.69264480886001
1513,6.681512724653039,4.288501571097794,2.449563781400546,7.386993329466081,3.1779289467564356,4.464700053161963,7.705835108454199
1514,6.695925230981249,4.284758352440938,2.451821656864049,7.4233618055149275,3.175129725492324,4.469064379285029,7.69264480886001
1515,6.706519170148428,4.268158098310759,2.456858904209558,7.326079453476838,3.1946572592793463,4.48028540541202,7.711103001664309
1516,6.711807974392438,4.257044375369486,2.4340841826501367,7.308267822516018,3.173276126543693,4.4817899203009475,7.684716468106733
1517,6.698954297730357,4.2122066258788555,2.43515585842756,7.328411427163833,3.1365859874339312,4.4787802321327606,7.6661754465813
1518,6.704250875846991,4.224277554767909,2.407288132867727,7.278068199973506,3.112769585488882,4.475265596255191,7.67942498278854
1519,6.694410028057696,4.227890083640892,2.417470283107137,7.366823161509237,3.102214807497427,4.471579736342767,7.643582524158725
1520,6.704250875846991,4.275875799422228,2.415063773668092,7.380245449148328,3.109895636539635,4.469232127128792,7.666175446581299
1521,6.703494555560956,4.292124946304874,2.426400545660938,7.316826795785051,3.112769585488882,4.472250187022681,7.634254228073635
1522,6.70122492751328,4.255796141439003,2.4375365656032195,7.299274041447166,3.1204166030279414,4.47643754094326,7.632920401928267
1523,6.689103296471653,4.328443910107131,2.4478181444628913,7.369410449459654,3.1022148074974267,4.472920506805835,7.644913927751642
1524,6.676192633819367,4.348087994632793,2.442420753610668,7.363250917701466,3.0712407199763345,4.461507220260077,7.651566420050226
1525,6.660199129648992,4.389879094584946,2.460003899384669,7.389308260828217,3.0712407199763345,4.4630199856752935,7.6289171006608765
1526,6.660199129648992,4.389879094584946,2.460003899384669,7.371000207883114,3.076107219589362,4.4630199856752935,7.6289171006608765
1527,6.661724475817973,4.4153845866124435,2.471462546129291,7.398869264043583,3.0712407199763345,4.4630199856752935,7.6289171006608765
1528,6.670867015004653,4.40445024197784,2.4789771558354543,7.3916286569353,3.08677837066793,4.468225517012685,7.660867271763646
1529,6.676952984872887,4.401805614719538,2.4820779858850557,7.436800651828241,3.07221482327624,4.470070743355014,7.658211386886981
1530,6.671628156743119,4.499048765742244,2.5064502323198803,7.435150100666821,3.041828309226996,4.48412897001818,7.604839607095675
1531,6.6632493671803505,4.482293910905115,2.503643991284117,7.5023235775346455,3.0230072266246575,4.483460832293339,7.594106561287834
1532,6.6685829107578565,4.555525044487546,2.5191546121377195,7.606461163044856,3.0546189861922137,4.486800225103775,7.586043791373962
1533,6.660199129648994,4.52174956460545,2.5173810247211037,7.6596534536749585,3.0516734882158807,4.484462990257146,7.591420210665511
1534,6.644155441125381,4.533771936781773,2.5216854905563326,7.590011405375445,3.0368901192366504,4.48780141185892,7.610198737972201
1535,6.636497824053058,4.494453887810142,2.5268634740155145,7.53375350362034,3.0438006640628954,4.473925741203807,7.660867271763646
1536,6.647979942076045,4.466755152596838,2.5134479918495543,7.538063923534033,3.0408415068227943,4.486800225103775,7.660867271763646
1537,6.659436285894658,4.38779235457917,2.5120504709562743,7.573634286501864,3.0447862174675118,4.491136601735893,7.620902278116082
1538,6.673150100983568,4.353076854752661,2.4923778285163087,7.549097009430935,3.075134722127444,4.496133345965341,7.591420210665512
1539,6.660199129648992,4.385514435630169,2.51065193659678,7.5745748748944175,3.075134722127444,4.493968978645152,7.6034990555158775
1540,6.660199129648992,4.4151963621913035,2.51065193659678,7.6141811850428365,3.079022311902025,4.49746459002763,7.588732621221703
1541,6.657910256811276,4.3976455852715475,2.5197876421826226,7.64192768166957,3.081933813648959,4.498795321008467,7.586043791373962
1542,6.650273267648863,4.46248819499195,2.5229496898750705,7.6193444861836985,3.100290725855414,4.492136529805893,7.5401423525586795
1543,6.6624869783265375,4.450959404311076,2.500450099508105,7.642654163052143,3.130891564550434,4.499626767565361,7.556384340472178
1544,6.675432169950033,4.388551318671062,2.4949441404037,7.619193646815821,3.1108540038096075,4.503116659831075,7.583353719536532
1545,6.6739109035785145,4.3760064730879185,2.5000664752767965,7.560962208698304,3.117551834515385,4.50228605269666,7.563138431387418
1546,6.6693443920585915,4.389310111828509,2.5111606119346392,7.531363544179398,3.117551834515385,4.5019537539484045,7.571232983959967
1547,6.6739109035785145,4.400104403702189,2.4945594128403945,7.553501767026433,3.1413210736073602,4.503282757311668,7.548269036973358
1548,6.675432169950033,4.4334057057290135,2.5007058064095875,7.515775212834639,3.126135885961184,4.502452190091265,7.5428525146375645
1549,6.676952984872887,4.455426771893957,2.5064502323198807,7.586534476988799,3.1601691282282562,4.500125539454764,7.541497592178352
1550,6.660199129648992,4.4811863264710405,2.504282133039944,7.665684594033008,3.1432125071555053,4.491136601735893,7.553680501130103
1551,6.651037480625113,4.443127425971164,2.4930197291095006,7.70142933070256,3.129941181745932,4.493968978645152,7.561788241815284
1552,6.643390196757791,4.419522882568967,2.497122805133732,7.699549558320453,3.122324547008631,4.486466431510521,7.553680501130103
1553,6.628061129990462,4.408036073954912,2.483368510255096,7.681066349614791,3.1156400822419066,4.475600478384083,7.590076570895122
1554,6.621916555544399,4.424031638225809,2.4723710608069394,7.730568854188042,3.081933813648959,4.478947506146145,7.612876460876126
1555,6.625757784385037,4.405205469949309,2.464178711566378,7.765504067400685,3.1022148074974267,4.4687288589901435,7.652896014700329
1556,6.631130636526299,4.325738588809515,2.4429480122420086,7.879446746477028,3.088713422894904,4.479282029762891,7.599475552381289
1557,6.629596114659877,4.312566991078059,2.4295890513280325,7.747570893878462,3.0983650875238626,4.480118196464236,7.569884674769115
1558,6.62729346398386,4.331918947374142,2.4546413964107567,7.715802396690952,3.0983650875238626,4.483293777596007,7.561788241815285
1559,6.603438117043449,4.340013279314625,2.4283940007432276,7.7859021792120995,3.0974016835091427,4.4693998667715595,7.559086920159616
1560,6.603438117043449,4.338087841644103,2.4283940007432276,7.659743013500379,3.1041373359278945,4.4603301628506955,7.527930889770661
1561,6.604980559489818,4.34212997640637,2.4238724359626733,7.7426855437370286,3.124230973541183,4.460666506251549,7.499336656843943
1562,6.612685743834036,4.314701242462342,2.405002856887396,7.682900364253874,3.1165961493194847,4.466043514463173,7.499336656843943
1563,6.602666719802533,4.329023335330762,2.415465075468371,7.708585521961971,3.109895636539635,4.4630199856752935,7.49387401431042
1564,6.5972636488337155,4.319159330188837,2.420273939412923,7.731272370821907,3.1108540038096075,4.466547176755637,7.521135580520592
1565,6.604980559489818,4.343476265956715,2.4323745293046883,7.744759136577009,3.129941181745932,4.472250187022681,7.458239673398309
1566,6.594946281610961,4.388171857998577,2.4339643671582034,7.673322455113816,3.1422669757581643,4.475767907209507,7.471971389076471
1567,6.581019746575532,4.4067154201480365,2.415465075468371,7.688517233601787,3.130891564550434,4.470741488811479,7.485670311611615
1568,6.560057674433117,4.345398594367642,2.4150637736680927,7.675358577783974,3.149820879511833,4.44921224090951,7.510246420935553
1569,6.566277747402977,4.343476265956715,2.4186723684667677,7.69940717491692,3.1394281554340964,4.448706020637117,7.481564065243462
1570,6.547604621803107,4.291148349946884,2.4270652676658355,7.733191712123003,3.128990422897227,4.435517862668952,7.438959763073969
1571,6.555393511303512,4.302848460643585,2.4190728906930232,7.679053817716613,3.091613043919153,4.438735065616026,7.436200173071184
1572,6.54838405384995,4.249866823518124,2.416401108765911,7.6534204213920995,3.118507138251481,4.431110442486255,7.44447494638355
1573,6.541364809453709,4.268606220663318,2.425735586366419,7.625079930525103,3.118507138251481,4.428734849240383,7.458239673398309
1574,6.555393511303512,4.3222570769102475,2.433964367158204,7.580731190228735,3.186312982716611,4.453259305194428,7.405756203517066
1575,6.558505694101923,4.2973935725382,2.440970027330411,7.5631164439438106,3.176075607955511,4.445937851971568,7.4251484490668584
1576,6.573262364388927,4.298173394419677,2.4270652676658355,7.485136813855374,3.2029732423865496,4.44150329745486,7.4196145435410354
1577,6.569383215845938,4.277249315150062,2.4380652004749375,7.5161105763085745,3.23504908582403,4.444915004711077,7.455489375926296
1578,6.570159284230416,4.2995376394302065,2.4370077813525963,7.524997678037032,3.245103436643178,4.458697669369373,7.451361450038005
1579,6.5771385332882,4.393101517323198,2.424804244260795,7.547508110706249,3.246015457735705,4.454449686429809,7.433439248458997
1580,6.580237327315912,4.397645585271548,2.431258517171172,7.617736423782083,3.2741242701914457,4.454619707068665,7.436200173071186
1581,6.58720267302546,4.412936853360448,2.4275730983837494,7.569904551526254,3.284921117772229,4.464636003778665,7.436200173071186
1582,6.58256017598612,4.403317083637311,2.431258517171172,7.601564109216814,3.308157104262282,4.465822436608194,7.5047941211981115
1583,6.58642921950838,4.390068734158028,2.434542931376629,7.664041161610497,3.270514997861608,4.468532742495329,7.588732621221705
1584,6.5755884228803785,4.419164878432892,2.412757995168895,7.64725009190387,3.321466313075923,4.464975026490801,7.631586272105341
1585,6.570935233226153,4.390822761397383,2.403438065041172,7.706834614286702,3.321466313075923,4.462940386983502,7.711103001664312
1586,6.572486773254641,4.325733159977859,2.3779006634855966,7.692977618071759,3.2885098116753797,4.4568292066335475,7.679424982788543
1587,6.57791341006788,4.297747996787176,2.3940708195821685,7.675411354876278,3.2532996429447776,4.458018346398651,7.668827739512159
1588,6.568607028021862,4.326309675267247,2.4203125853406946,7.712321053759895,3.299245408807294,4.459716401113353,7.697924461652635
1589,6.568607028021862,4.302783478230902,2.422295536963555,7.678292969916856,3.2938833074294624,4.451217686797572,7.67677745826794
1590,6.560061064363601,4.327078206688387,2.4384766255798613,7.698060263316349,3.295671937294042,4.44934513114543,7.6342542280736385
1591,6.571711062883966,4.3172660765260105,2.4349366733505438,7.68457952352635,3.2804280562642414,4.454789719255178,7.583353719536535
1592,6.563947389993551,4.317458750489316,2.423352247100326,7.609150841786215,3.269611868740214,4.458358024737662,7.612876460876127
1593,6.560838569389832,4.3397333955590165,2.4351991219311167,7.690311896102654,3.3241198301315493,4.457169003021007,7.620902278116085
1594,6.5771385332882,4.3397333955590165,2.4351991219311167,7.678988417360689,3.3250037229205796,4.457169003021007,7.620902278116085
1595,6.5794628070312875,4.3397333955590165,2.445667009382624,7.713723118549054,3.3285362374167735,4.457169003021007,7.620902278116085
1596,6.591068167428512,4.385729799796186,2.4397860216044713,7.706238917767376,3.3347064145458756,4.476819764334109,7.650236524382043
1597,6.588749225273113,4.37817047985178,2.422031265589622,7.687306446658012,3.3391045952741107,4.475637127603802,7.6781013691704905
1598,6.607271094375235,4.400797742615128,2.431915862285659,7.636195743310788,3.364466604401069,4.4911480058276165,7.671478838112514
1599,6.606500699932573,4.433340612962295,2.452829961325224,7.556797023182281,3.3696829061056666,4.488118761929215,7.697924461652635
1600,6.606500699932573,4.433340612962295,2.4754419464438864,7.559673832656623,3.343495242824768,4.49367034420596,7.711103001664312
1601,6.5964749037687795,4.454679157028666,2.487732742367222,7.433869267640462,3.360111625315594,4.486434697272418,7.809021203704494
1602,6.595702866302404,4.441892055347547,2.4873498518947694,7.434899373443175,3.360111625315594,4.487108421931649,7.786966883306285
1603,6.591068167428512,4.443748228885346,2.4888809534695735,7.485545064552489,3.3583675734777185,4.481377555886986,7.825831685648443
1604,6.5817860117429845,4.4324098131390475,2.495501595528949,7.434480636021358,3.364466604401069,4.481883604534501,7.830994688198606
1605,6.588749225273113,4.466865718839872,2.4664295503441176,7.412407656393602,3.349629561393683,4.484075622477734,7.8695767170647954
1606,6.594158438129255,4.409806341726051,2.4760840546765377,7.428839186718287,3.360983209212092,4.4854238631139784,7.820664242374313
1607,6.593386047323042,4.438176674021757,2.510062738580388,7.366242154389643,3.332063875268763,4.487613628967435,7.828413741353925
1608,6.577138533288202,4.456898124548515,2.51182789737888,7.386154405553593,3.3513795382787,4.484581274589676,7.828413741353925
1609,6.578688167965422,4.448198929966956,2.5110715986598615,7.418510137985976,3.3783534442378955,4.486266245514792,7.818078852158844
1610,6.583334221649377,4.475149970002105,2.5297659890291375,7.4563814241221715,3.38267786295839,4.482220928955446,7.812904727934625
1611,6.587202673025462,4.508453240151724,2.5273921546343003,7.499096313308055,3.3809489600260165,4.487782014850321,7.861880036022438
1612,6.5817860117429845,4.4993359685604,2.5230116826832445,7.560836016634463,3.3809489600260165,4.483401304102297,7.878543803627044
1613,6.591840912022488,4.4969615327797126,2.514220888741145,7.558162509878197,3.3809489600260165,4.492493482524322,7.935874722944809
1614,6.564724295525136,4.514275712270092,2.5124579198005135,7.52810041520799,3.3592397468293815,4.481040148764789,7.953601353650884
1615,6.563170364665379,4.516819970287702,2.526141600778564,7.507244373068833,3.3592397468293815,4.481040148764789,7.953601353650884
1616,6.556171737416035,4.509909776202415,2.512709871157029,7.5754927783350325,3.3592397468293815,4.4766508411454335,7.935874722944809
1617,6.560061064363603,4.483597719637393,2.5174907088102354,7.51430839336449,3.3592397468293815,4.478508539785442,7.920639312183557
1618,6.541364809453709,4.474414401027951,2.5133396056220576,7.585591487740319,3.410185297519019,4.469717828237843,7.9611827487135916
1619,6.535898606602031,4.481028861290339,2.5272671355193377,7.625455473541078,3.381813555407741,4.471748452128143,7.929531268834241
1620,6.539803644465411,4.471470548728111,2.547539908743783,7.565583658596541,3.3800840765477713,4.469548555333347,7.904091090237605
1621,6.5304264423833756,4.487630627989649,2.5545797740237797,7.541830736982107,3.3566223410729266,4.468363411109839,7.971276670218084
1622,6.535898606602031,4.459669811900377,2.5585209268786415,7.478830584415944,3.3826778629583902,4.4693792740778475,7.993927334512721
1623,6.553058110593214,4.459669811900377,2.5617173003704634,7.482330194301992,3.3766216563464684,4.4693792740778475,7.996438917902493
1624,6.516327662945722,4.436317463179477,2.5342558411206513,7.5387067198456,3.366206541595659,4.454959722990524,7.9813539697427265
1625,6.5116192303470815,4.410181179960813,2.5386110636649244,7.569883523824695,3.3329450249368753,4.45597956799281,7.953601353650882
1626,6.505334413194991,4.427006145747151,2.546054599707657,7.570431240419577,3.3329450249368753,4.462092263820127,7.935874722944809
1627,6.516327662945722,4.448569559940248,2.5554425778118186,7.525782390151836,3.307267341980776,4.460055911008445,7.935874722944809
1628,6.513974000790641,4.465759639200866,2.5580287152703916,7.47092634281968,3.3134891446224164,4.463109986424563,7.9231811976928554
1629,6.52181523939398,4.463730899185891,2.565644180865941,7.432898924698261,3.319695766520636,4.471917616573226,7.8849407350112175
1630,6.52651409385607,4.463730899185891,2.5298908473191744,7.44135638721386,3.327653566706749,4.471917616573226,7.877263605258399
1631,6.525731257485157,4.4333406129622945,2.514850130412639,7.439374128104326,3.3152640097351087,4.471748452128143,7.864446686596324
1632,6.517111970960496,4.439663312569053,2.518621281566053,7.470135975834169,3.3143767319338564,4.470394836368582,7.840019288866972
1633,6.502189036729955,4.395155148733262,2.514850130412639,7.456876665852642,3.301030255383,4.4609045384993085,7.7661352909337324
1634,6.502189036729955,4.3921419033609395,2.532012211401583,7.380774132341406,3.2903022471074617,4.46175295575287,7.721624748870256
1635,6.502189036729955,4.393272185858446,2.532012211401583,7.454190035899223,3.301030255383,4.46175295575287,7.721624748870256
1636,6.477600675713916,4.367938349256944,2.5327603756381376,7.4833447564027775,3.336466593108618,4.443721295271844,7.749155872476239
1637,6.478395746758737,4.385729799796185,2.5208804461265952,7.467502721049088,3.326770590915466,4.439454633511299,7.776560173139847
1638,6.481574760688498,4.385729799796185,2.5181188864137956,7.468208614488241,3.3117130402724646,4.439454633511299,7.7661352909337324
1639,6.482369196889257,4.418043217215159,2.536123558018577,7.608198776984105,3.321466313075923,4.435866505408018,7.797355508834801
1640,6.483163506289497,4.451162844327216,2.5516187037332516,7.682182044465529,3.341739885501009,4.443592505616161,7.810315991263489
1641,6.479190690722424,4.448940149695605,2.5348786125970104,7.621734846004607,3.3452494005397244,4.441533950434573,7.8232485197626085
1642,6.4752146995299915,4.462623807321626,2.5493949602343773,7.673267840205914,3.349629561393683,4.436553970758079,7.856743457774276
1643,6.4664563059966405,4.44653059706622,2.536123558018577,7.674341478218095,3.389605861868724,4.4181162443374316,7.879823731087089
1644,6.450492242920538,4.485064778312483,2.523387539886695,7.66198452478764,3.389605861868724,4.413447870823406,7.890053417059151
1645,6.458480699453089,4.475517695438286,2.511560985499473,7.594765070761836,3.403367579623598,4.425192994198739,7.935874722944807
1646,6.461672480865263,4.498788166726811,2.518292321375238,7.543671205566884,3.404225281997298,4.4288119685546965,7.9079139147488675
1647,6.4664563059966405,4.509181584782731,2.536991869621281,7.5381511351948,3.3982154417081984,4.430189612681565,7.882382773915678
1648,6.491892556843744,4.524441566915895,2.5348955931997565,7.648356396945082,3.426427513931573,4.4418771292658,7.890053417059149
1649,6.483163506289499,4.533794405772119,2.5463359923214584,7.7295442349760926,3.4230239898521804,4.438615534730498,7.9485418561791175
1650,6.473623412302832,4.544555008934474,2.55770982674062,7.692589482373115,3.4450686997321602,4.423295801468819,7.978836199031579
1651,6.467253162101503,4.544017766927575,2.5527036912259615,7.754371919205016,3.4476005143228656,4.416733692599467,7.970015840599805
1652,6.456085514348685,4.51741037630954,2.5431443508488085,7.759813240434664,3.4349171169324024,4.407386685395282,7.946010533609898
1653,6.44969268830915,4.488596064402556,2.5376079922839803,7.736631846186049,3.4391516868249212,4.39157656228792,7.973797550449525
1654,6.4536891712005575,4.494596188352556,2.536991869621281,7.777133453959348,3.4221724197879473,4.399577742224072,7.976317392993568
1655,6.464862209942833,4.499134799979697,2.55600185049022,7.805940946666219,3.442534459156496,4.3987089669474875,8.048946674653495
1656,6.471235525676706,4.5063841991312605,2.562459944760026,7.770458083344706,3.454340208238102,4.404265272254767,8.051435926187764
1657,6.493478015068493,4.502398911159658,2.5736201548976685,7.695302232420107,3.4298266399532973,4.4059997462775815,8.051435926187764
1658,6.485148725405139,4.544913124317084,2.566348928136164,7.748826286324389,3.460223421119304,4.396449104537543,8.073794230566453
1659,6.4871331532412215,4.561703270536985,2.5736201548976685,7.7159529343874915,3.4660936331696166,4.390705724169902,8.051435926187764
1660,6.4871331532412215,4.596279608280419,2.5736201548976685,7.726358570948938,3.4802962215781483,4.39296943559587,8.010234297626605
1661,6.481177495020404,4.592748912690264,2.572773224115928,7.802961338343182,3.4777953708115943,4.381984939182288,8.011486889015075
1662,6.476407830746506,4.58461486587973,2.5541702246778413,7.888490210887461,3.4686054781440205,4.370263522505188,8.087418027465183
1663,6.487529943931674,4.590805522214701,2.5617299040469574,7.873937657352493,3.461901947698977,4.376041868515919,8.096072174100467
1664,6.485545674246777,4.601040450812815,2.5711993884324458,7.755349651858331,3.457703640755236,4.374116857921473,8.077512780156548
1665,6.50416669540631,4.602449839099691,2.5709571484697396,7.755104389611937,3.4894460454201486,4.389311915031821,8.1501959857815
1666,6.507724508515328,4.577349077216147,2.5668345115103803,7.632828535293524,3.4836270524619115,4.388266179714904,8.155093148999375
1667,6.502980194211851,4.588684236978234,2.584958241428434,7.615036136171518,3.496080883523875,4.3907057241699015,8.181959349314715
1668,6.504957539597192,4.589214678029566,2.5939583400012154,7.652538454887863,3.504351436332759,4.3725410280580945,8.164876000895392
1669,6.5124643217901825,4.58549991194836,2.58868322425713,7.651730210516372,3.491936034141426,4.380762224264241,8.162431719656077
1670,6.514437918366404,4.590098569019733,2.579538533556843,7.624398005751401,3.5109496180362534,4.384952541050124,8.172203132080654
1671,6.51680520667483,4.544555008934475,2.555635662116954,7.691062823898044,3.5109496180362534,4.394535730757331,8.13056889048026
1672,6.515621702563997,4.522640054834715,2.557587877705753,7.6357841018064265,3.488615534677429,4.401488261660837,8.113344414369429
1673,6.49585525739245,4.4976830933062395,2.550746604453802,7.65259126474977,3.4408436144885695,4.3938396893633,8.113344414369429
1674,6.485545674246777,4.474737706699837,2.542161257021675,7.547728052744671,3.4272777071403073,4.390008891654736,8.155093148999374
1675,6.482369196889255,4.435411859390412,2.5277265376396754,7.5550578773577834,3.4238752840516407,4.393665656571855,8.179521715980721
1676,6.489116790670041,4.441874696803706,2.540316620122651,7.559647640887019,3.4213205736113905,4.390705724169902,8.1697617060814
1677,6.488323430491623,4.445746526945015,2.5419154061756934,7.557922724800501,3.4391516868249212,4.39209895720666,8.128111161534559
1678,6.476805477531715,4.374616024903369,2.5251243044510594,7.530629756946987,3.4652558244068468,4.379888584227903,8.066350431024894
1679,6.472031615398789,4.401418834451809,2.533784885063618,7.463106172219288,3.4433794759661778,4.371490063704371,8.05641142417973
1680,6.470439308365825,4.415577548800311,2.528716947212049,7.485464180264566,3.4585438332523024,4.362719197142053,8.048946674653495
1681,6.465659321962707,4.398991001174813,2.512684506309788,7.499161834576869,3.4627408135856372,4.360962265709317,8.07379423056645
1682,6.467253162101501,4.406455691493411,2.495636521282671,7.433941884561984,3.4374586742435227,4.363597317343314,8.125652464187144
1683,6.476805477531715,4.35347327557079,2.503427153673172,7.432719230404247,3.404225281997297,4.3525161300804704,8.164876000895392
1684,6.452090964978418,4.365948533678193,2.493116646003779,7.412807182290128,3.393053108743713,4.342281812526779,8.203855617756732
1685,6.436080455493151,4.396374458050225,2.486169823561797,7.432866530665017,3.401651329663604,4.34916696354666,8.208711127338363
1686,6.43367440133994,4.360283725295474,2.4772916776359044,7.432386838402376,3.394775022630155,4.348814224239305,8.179521715980721
1687,6.440889052156165,4.365948533678193,2.4952587512900335,7.501327828777698,3.401651329663604,4.354453587851308,8.215987385010864
1688,6.440889052156165,4.411298920382986,2.4952587512900335,7.532204806622919,3.4230239898521804,4.365879353318383,8.22446575746528
1689,6.459278837412414,4.442428084530666,2.5046807524188823,7.535194892335791,3.4221724197879473,4.367809093969292,8.208711127338363
1690,6.460874728061336,4.448693547240215,2.5060587677524047,7.55746166524936,3.4560224574694374,4.363070472847718,8.223255258476534
1691,6.47601015215584,4.454947536752595,2.5149295869838237,7.6517333790148845,3.453498683307856,4.368335194169501,8.240181174279721
1692,6.476805477531715,4.449061746004835,2.5021727367044613,7.599910592760878,3.460223421119305,4.373591663475165,8.196565326727814
1693,6.472031615398789,4.4291219069694225,2.5024236856270146,7.548135557934182,3.4669311782270573,4.37429190448462,8.190483625872893
1694,6.47601015215584,4.454212366883263,2.514181516905985,7.572992299314676,3.482794733726759,4.38128629937008,8.166097784160835
1695,6.47441911959779,4.473458465395301,2.5158019692405698,7.538928491747126,3.490276298764657,4.379713828979894,8.179521715980721
1696,6.485545674246776,4.480944399836923,2.511311225287404,7.534631777371036,3.4752921753586667,4.3788399164642815,8.23293276043184
1697,6.50298019421185,4.5118112955386565,2.517794507616082,7.578237601082891,3.454340208238102,4.3947097186693105,8.249832826038375
1698,6.498231367029906,4.498771930516344,2.5096869946152593,7.54968514349465,3.441689172077089,4.3847780486505705,8.242595467420415
1699,6.483163506289496,4.512172799690153,2.4985302867565857,7.548678128948562,3.4408436144885695,4.38023806747926,8.208711127338363
1700,6.464758180207279,4.501311216665358,2.48490404603399,7.568855840250905,3.462740813585638,4.38023806747926,8.208711127338363
1701,6.463154489473527,4.464856904352291,2.4905934487676773,7.593602087055708,3.4315245586003615,4.362367884590363,8.249832826038375
1702,6.463154489473527,4.475468487899185,2.50091750003294,7.636810257539037,3.450972504442736,4.365177353913707,8.29787202226249
1703,6.457537485721875,4.430417848143522,2.485283867466852,7.610010312290856,3.44084361448857,4.350224957942498,8.305046706758347
1704,6.476769380412553,4.484225767205349,2.514181516905985,7.561326754600257,3.435764574816735,4.360962265709317,8.284697404919818
1705,6.476769380412553,4.506203149269784,2.514181516905985,7.565432297389909,3.452656891188556,4.36289483959997,8.290689248025934
1706,6.468765141673509,4.5016738195338535,2.517670034141994,7.594004023657403,3.444224222745169,4.34440183449708,8.330094757982778
1707,6.473169068377998,4.502761399939051,2.506434418856646,7.656369224974345,3.4366117605065,4.355087650806227,8.347926329623206
1708,6.465960608275192,4.51741037630954,2.5154281393875944,7.787968333579067,3.448477510558003,4.342796007094107,8.355045083505019
1709,6.479967470670868,4.5398961597637095,2.526611722317635,7.748805635707545,3.447631720597456,4.346719998918361,8.357416246505394
1710,6.476769380412553,4.524081339252823,2.517150362567401,7.7880824394544526,3.4628148044158458,4.340117907964399,8.355045083505019
1711,6.468765141673509,4.5060220899325305,2.5162879400907596,7.829920350379623,3.4391589113588705,4.332607754155776,8.343176097301571
1712,6.475169563650202,4.500223179704909,2.505413040448032,7.8691663926908415,3.4391589113588705,4.3299214430581845,8.357416246505394
1713,6.480766672055258,4.472361593466608,2.495099383607832,7.792490116602514,3.398967245405815,4.341189405864504,8.359786533521238
1714,6.487155667034161,4.481978869164878,2.509374653130613,7.821962863591956,3.411861406272908,4.346006889104132,8.402302919652094
1715,6.479168140871537,4.484695863818303,2.497714106330369,7.877668863775313,3.435762163541455,4.341725025652158,8.388161975238546
1716,6.475169563650202,4.459070885017298,2.483602100132641,7.896089760959556,3.451013260642852,4.3395820297753085,8.421109427352661
1717,6.477968905269593,4.444079792614936,2.488609421099418,7.846912102802754,3.406711369831961,4.342260559382606,8.409361780486767
1718,6.492739321747063,4.464721180472816,2.466098520741137,7.814599374384141,3.406711369831961,4.350639381915055,8.368075652607834
1719,6.508260904443471,4.419070261233711,2.4615387587234863,7.715835489089372,3.3633938690657783,4.357931439769893,8.309825347888667
1720,6.495528804957945,4.442247100540914,2.4736738141787176,7.744967918899076,3.370373445419945,4.344401834497081,8.293084406523684
1721,6.484760754749733,4.398706270726454,2.462806462434082,7.745785474407998,3.4144326312820126,4.346006889104132,8.376354090064524
1722,6.469566146080386,4.400748195385131,2.468753317889194,7.7711227485494145,3.4084291749402844,4.336722555829772,8.326522472833325
1723,6.482764114075438,4.400933763709264,2.481720960688025,7.7456131262633825,3.440007415772715,4.345293626842018,8.31698660534696
1724,6.464357306107231,4.3953622736345475,2.471152076978871,7.785491860713315,3.44678566027276,4.328129362265224,8.331285076353549
1725,6.474369462160253,4.448291252721986,2.487233716718442,7.815804466051032,3.4527024132508437,4.331354412375486,8.309825347888667
1726,6.456734536959042,4.467815778897797,2.4807169264379993,7.75422977635567,3.4560774931347997,4.336186130991596,8.355045083505019
1727,6.455529869880468,4.483428199879198,2.488609421099418,7.758037688183508,3.4661770658129907,4.332965765073877,8.347926329623206
1728,6.4543249099056,4.501493591429495,2.4809679846211186,7.707317128747977,3.480419519229629,4.3301005980045,8.321756318277021
1729,6.456734536959042,4.5104909724898805,2.4879842237585006,7.789257794630202,3.4837596689701997,4.324901178864251,8.259469791804884
1730,6.456734536959042,4.511928385212943,2.4879842237585006,7.691434762165389,3.4837596689701997,4.326336314407887,8.189266579647827
1731,6.451110249868241,4.483790437213512,2.4779530991273626,7.657434414563069,3.4837596689701997,4.316457200132104,8.307436474890373
1732,6.44105096247634,4.460165218317819,2.459127775876873,7.690866769306689,3.456920592541161,4.313397690716417,8.314600412191949
1733,6.433795585282615,4.433804002228196,2.4615387587234863,7.67297622582994,3.462814804415845,4.301312005036416,8.293084406523684
1734,6.449100027287034,4.424234341502873,2.4536599400949526,7.706603821478015,3.4383101341718354,4.306728968160779,8.300264481375722
1735,6.443064456692494,4.408162994121537,2.4381878672033954,7.741494847948622,3.4161453810547764,4.307991649815448,8.305046706758347
1736,6.4370215124773535,4.459800479414649,2.4439568480350746,7.659812473530147,3.410145853072611,4.304382707706842,8.31698660534696
1737,6.434602264585253,4.4649032930173815,2.4467707932824956,7.701403263116975,3.4323610357702052,4.2998659799563335,8.32890421801531
1738,6.432988774211487,4.445911500745648,2.450728757727326,7.725597206474423,3.4178570130017327,4.306368113390957,8.309825347888667
1739,6.430971169655281,4.483609323311481,2.463566676840069,7.767313442422533,3.4246924027793084,4.306548545699123,8.324139839892707
1740,6.4289527402411,4.471998149783053,2.4582387424714796,7.780206435951656,3.4450927275732277,4.298961892522285,8.31460041219195
1741,6.427337402184393,4.49247272404865,2.4551874435297902,7.82222661774536,3.447631720597455,4.30167341237867,8.273897839032847
1742,6.439036648046423,4.481978869164878,2.4596356070494947,7.760499790218868,3.4187124104210347,4.318075797418213,8.211137479793978
1743,6.452315991864495,4.5241223886919,2.4749334279508624,7.779161505887871,3.426398475731223,4.330100598004499,8.289491330709652
1744,6.471968384566656,4.541977363267881,2.4874839185048727,7.772101194348109,3.4703739276146592,4.346363463061594,8.297872022262492
1745,6.464758180207279,4.546960400333565,2.4939776948406145,7.736114697720855,3.4670169676188594,4.34582858783411,8.300264481375724
1746,6.470367021326451,4.553356728838005,2.495473133930878,7.7407282494161835,3.4737266631081964,4.353664848850188,8.309825347888667
1747,6.473569231854633,4.553356728838005,2.5115994845308394,7.751104462756737,3.4737266631081964,4.347789377997149,8.343176097301575
1748,6.483163506289497,4.582700686371204,2.5115994845308394,7.827226133470871,3.503713575108107,4.358642009415349,8.331285076353549
1749,6.491144630209748,4.592018153385233,2.5248949092677315,7.771351896125393,3.502056403274114,4.367865718656705,8.307436474890375
1750,6.487953715247919,4.58868076296875,2.5297960643405495,7.757904132323918,3.4887620863022692,4.3722911760388445,8.264282786733292
1751,6.485559186841838,4.602711639383452,2.5279595816056455,7.719679000948847,3.4945864564910085,4.365030358110611,8.301460374152052
1752,6.481565745081814,4.612151072538446,2.5294289067338687,7.753158598747695,3.5218755025345576,4.362724859957409,8.276299329016645
1753,6.481565745081814,4.637027342969236,2.5294289067338687,7.7545563335110685,3.4995687285730854,4.365384909371533,8.24742129232929
1754,6.492739321747063,4.631996567641258,2.5400484338360196,7.799017104814087,3.497908998256772,4.3827121908197055,8.215987385010866
1755,6.491144630209748,4.651041298802727,2.5468535092123057,7.820283479620719,3.4912597947970236,4.376887470785848,8.241388436008497
1756,6.487155667034161,4.678220035849022,2.5603930771615824,7.762514993215539,3.485428180588272,4.387470381473981,8.264282786733292
1757,6.474369462160253,4.666204262766581,2.553272283368403,7.849395863388178,3.49541747762394,4.36999066674836,8.278699911666033
1758,6.471968384566656,4.692927459743101,2.566287408028478,7.920172958021477,3.525164585371685,4.359707581047489,8.269092133261239
1759,6.470367021326451,4.693439426171831,2.5631620026882107,7.956484737920979,3.525986231722788,4.360240239668324,8.278699911666033
1760,6.466361352911204,4.6512139670137405,2.5652060982489573,7.9529321556152395,3.5399162430625912,4.355976594645167,8.30146037415205
1761,6.467964008048175,4.64412771118194,2.543453936070773,7.9546728154560125,3.5399162430625912,4.354554171035219,8.29787202226249
1762,6.469566146080386,4.647931842020315,2.5521837848202766,8.00305103722447,3.540733433373913,4.347254731289371,8.31460041219195
1763,6.469566146080386,4.695657107250758,2.5521837848202766,8.007327720670693,3.5358266003366117,4.346541735751866,8.345551653703684
1764,6.46555983128403,4.697702987257316,2.5538767436848744,8.022468569797287,3.551334631846578,4.3377951462977755,8.403479932844846
1765,6.449380312452727,4.670328493101079,2.550004971642303,8.025872640936994,3.540733433373913,4.337258894252325,8.4187616060783
1766,6.456577729930957,4.666204262766583,2.53834345034612,8.103302638774318,3.51940606221011,4.352063472334189,8.432835765828578
1767,6.45118064747677,4.6842128743913864,2.5428462463464974,8.165932322860595,3.5210526064156347,4.353131141937807,8.409361780486767
1768,6.446228149991442,4.692074020653541,2.5596701069920393,8.238896110148493,3.5136352395810544,4.341903546455651,8.41171301967894
1769,6.4597233160269,4.74612390545629,2.5741989469633846,8.328335332140593,3.5119841638340334,4.351707506639014,8.449217044457463
1770,6.464213552377266,4.753516329969285,2.5682082725392616,8.374043745554136,3.520229459711254,4.364143815799353,8.449217044457463
1771,6.4731818577379645,4.756200774645858,2.5765901388059445,8.247912561556042,3.5235205438598136,4.3673471527342835,8.432835765828578
1772,6.468699729567692,4.745451122905439,2.5751557707734176,8.24516888692676,3.5086789755091026,4.362362860008965,8.435178485915825
1773,6.4740777983789775,4.7441051849370846,2.5677282318825876,8.234278651070467,3.4921008702517304,4.369303241810711,8.416412931613909
1774,6.487497575829497,4.736524997904032,2.573481024975979,8.24552313428966,3.4937632935416087,4.3790666233417825,8.409361780486767
1775,6.482581192207095,4.745114685033597,2.5806724731768242,8.375961776714512,3.482104606630863,4.370547432080638,8.435178485915825
1776,6.459723316026899,4.772600114547188,2.5603273589593107,8.42113342481443,3.4837732456610815,4.359689649150934,8.449217044457463
1777,6.45253046938493,4.774603157040026,2.5523449754935994,8.434556074818012,3.4770924289871608,4.3673471527342835,8.500433741514842
1778,6.439466746368657,4.81344583964052,2.569579635288739,8.48517558632829,3.4804349253784386,4.341096361768995,8.53973666039106
1779,6.438564526985027,4.8310751026087795,2.5719450340919074,8.50740027863156,3.48544084426767,4.333737736873507,8.525891986643357
1780,6.427272860276595,4.830097897224703,2.5678037231425725,8.592677713714906,3.4812698963950357,4.332120249149389,8.537431245413782
1781,6.422296331687438,4.844079984540532,2.5995289403150634,8.57942543569588,3.484607174905119,4.3407377813914065,8.516645911327066
1782,6.420485439020449,4.865116451140594,2.6030229212840874,8.544053802375057,3.5095052044933603,4.336252267010608,8.57651361651999
1783,6.417314774956542,4.961809940862054,2.6111518785401193,8.502951111949775,3.5095052044933603,4.338226637615065,8.581096307833064
1784,6.417314774956542,4.961809940862054,2.6111518785401193,8.377144186252233,3.5267978304712986,4.338226637615065,8.581096307833064
1785,6.420032611887337,4.982201674257351,2.61231046946668,8.32925140475378,3.522690565377592,4.338226637615065,8.581096307833064
1786,6.413688658394598,4.977035615607482,2.624320357281123,8.283984357393098,3.5374476694286994,4.338226637615065,8.581096307833064
1787,6.418673880799509,4.983453001740461,2.642772637389167,8.225854544085573,3.5358119517193805,4.330681821588365,8.619921176793127
1788,6.4218436708793645,5.013207783262955,2.6367168519527673,8.189880688731092,3.5407161526076965,4.322759320859716,8.633569815509844
1789,6.387319050225906,4.947628393103531,2.641631420245527,8.172441163886468,3.5407161526076965,4.322759320859716,8.633569815509844
1790,6.4014307532167125,4.89180736428507,2.596612609710647,8.155463208970664,3.5537509610016373,4.305589098913183,8.603962101293387
1791,6.38138913693457,4.860272406239202,2.5902987305962473,8.167815902055473,3.5037162703259117,4.299059133086966,8.642653315931618
1792,6.3909646660931525,4.851699190497918,2.5826720017595384,8.201643664281619,3.462839891245795,4.297787916419479,8.649457788991874
1793,6.4014307532167125,4.955356013896527,2.6192480044477042,8.188198461682413,3.487107404244114,4.312648701958006,8.667569049666973
1794,6.395062748727629,4.996099712615511,2.6496065022612068,8.219599429894798,3.487107404244114,4.314094966124326,8.638113120983359
1795,6.37179485494853,4.989391226229034,2.6247808472747116,8.17725942567631,3.5415326595461663,4.297969548786396,8.653990233342514
1796,6.367219528555048,4.987516992328793,2.6185553280951903,8.215477724803812,3.524334219629319,4.298514385906328,8.665307838200563
1797,6.385039163277093,5.011345144257464,2.6418597150471785,8.247696802505295,3.5480559072823037,4.300692835403875,8.642653315931618
1798,6.374080914157624,5.079061679097129,2.6599275961964346,8.207062271823089,3.546426560470698,4.295971042534807,8.672089168884387
1799,6.374080914157624,5.102789843431251,2.6599275961964346,8.113073157201825,3.5796354422170213,4.295971042534807,8.746232608156284
1800,6.359890085684549,5.0465823675826105,2.677612703548413,8.229411128010215,3.566723787896861,4.284866368775066,8.799645078612198
1801,6.365846095266589,5.0481205311891495,2.6935894248895775,8.191481881569967,3.5504981016515864,4.291970392695165,8.857036039782692
1802,6.358056005002814,5.0518096352918205,2.710106224745461,8.24649878808002,3.559434151302708,4.297969548786397,8.83502005297393
1803,6.355762434574187,5.012431793246375,2.723533053704858,8.186221738357819,3.5349937231166213,4.293607609073219,8.808506174443915
1804,6.372709406818389,4.99204482212484,2.689021326941606,8.240784500850426,3.559434151302708,4.2974246216860745,8.782999121990008
1805,6.369965238065826,4.97327409045084,2.6962587573770556,8.27722015099443,3.5496842800398256,4.303051201500872,8.795210169012615
1806,6.373623787758547,5.005285330156324,2.6895789532147147,8.300376588452659,3.5618661895406585,4.301055770599049,8.797427987836363
1807,6.372709406818389,5.057950355991726,2.6845548832896142,8.248241938717616,3.569149358607437,4.291606456341551,8.781887929919254
1808,6.38138913693457,5.037957342460091,2.6473311003022544,8.268104064389046,3.585265257969524,4.299966845301205,8.77744132904209
1809,6.378649831507443,4.96416840347909,2.6261616862654678,8.234573154784517,3.5948896706201627,4.302869848498493,8.779664996166813
1810,6.3868631576419865,5.021268822544373,2.653014840524332,8.194729561043925,3.5924867157285,4.31427570474259,8.806291989258503
1811,6.391420177639337,5.063162343586735,2.66760613825948,8.275768397157174,3.610856189485362,4.314094966124326,8.74176236658554
1812,6.410513614384494,5.118227022630704,2.693478127914492,8.308271103986778,3.621185302488694,4.3243813706310075,8.752932395752413
1813,6.399612165561126,5.1308946037473255,2.7045783189318033,8.343872860378344,3.618805069063463,4.309030274677344,8.721609327314473
1814,6.377736389102593,5.105366929824049,2.7165002511514658,8.379929161067846,3.629895440676967,4.303957817213214,8.701395446362604
1815,6.3886864737347375,5.174615887756168,2.7276976112640017,8.458768623345732,3.625147835660894,4.312106189987959,8.678863599232123
1816,6.374080914157624,5.206798306338827,2.7203492493438515,8.500982477760136,3.6346349710682455,4.309392295508599,8.692391836423695
1817,6.361265194197141,5.212849812019614,2.7389443170481766,8.459589384997566,3.6180112045955597,4.299240695501121,8.719366354357074
1818,6.366761760339113,5.223160555086619,2.7212280248654337,8.43506872915658,3.6180112045955597,4.298877560684136,8.721609327314473
1819,6.385039163277091,5.206059690913732,2.732727862797358,8.345247699113365,3.6124477883068042,4.30758179500782,8.717122629578007
1820,6.378649831507443,5.1433714935539765,2.7380729411130766,8.380616523270396,3.586068577744808,4.302869848498492,8.647190406241565
1821,6.378649831507443,5.168058560704842,2.7494811503338004,8.304815011865552,3.610856189485362,4.299785322826616,8.60852576994775
1822,6.372252152255198,5.202512435204815,2.7694326718804647,8.301921520656865,3.6172171131656916,4.300329860308651,8.60852576994775
1823,6.3868631576419865,5.189478793594082,2.7358929193725747,8.291962638080685,3.6195987067488478,4.305589098913182,8.626749012141916
1824,6.3868631576419865,5.180865073380196,2.7358929193725747,8.326587272026892,3.6004884446324175,4.3106590565644884,8.59711068029855
1825,6.416861656347169,5.1992580142495735,2.7269310783534113,8.325225310540834,3.590081665369727,4.323660557479473,8.626749012141916
1826,6.4014307532167125,5.223601851777475,2.7565125838889935,8.220430980516499,3.5956901907972956,4.319151924373096,8.63129699448142
1827,6.419579743146544,5.202512435204814,2.7642740750476746,8.189066116643952,3.6052783835420086,4.327443082033015,8.66078310793794
1828,6.419579743146544,5.246628965802757,2.7593186252749398,8.24392950051065,3.618805069063462,4.314456433498594,8.640383606904765
1829,6.405009021255997,5.187698172936407,2.767821955590187,8.208797154096885,3.615628248701106,4.314275704742589,8.532817981057715
1830,6.408655747696655,5.216682615532657,2.8108906199494386,8.171630903452451,3.632266212825394,4.31535992939685,8.493473324815387
1831,6.4122997731419655,5.227571338714083,2.83392975013646,8.200090114973618,3.6393664647301374,4.316805010538205,8.571927733382525
1832,6.409567007059981,5.294605621233747,2.8203453542116073,8.098237326524186,3.6393664647301374,4.314817861429796,8.552401977706102
1833,6.415486084093848,5.29908347872121,2.849499399930833,8.053669245983366,3.6291047349398076,4.319693284022731,8.550101010275139
1834,6.408655747696655,5.301536986748143,2.8572428279747575,8.090270161687394,3.620392117830932,4.322398757673508,8.55585191766663
1835,6.413665587462803,5.325704326535475,2.836324325698776,8.059955660457208,3.631476179443867,4.321497178259107,8.535125019232854
1836,6.413210358121185,5.301536986748143,2.8447365053230236,8.083721838942413,3.618805069063462,4.321315488639483,8.47953015542187
1837,6.420488983491444,5.2977839634451565,2.8756142153739135,8.110528607909654,3.6108279470954683,4.339977518911224,8.50970276481041
1838,6.4122997731419655,5.303844820449811,2.8577580850620565,8.120054606246878,3.6259649457817664,4.333828809167853,8.532817981057715
1839,6.418215568017167,5.218155794412614,2.826327598961963,8.127348085422303,3.5714037583088,4.3378086823488315,8.517802385759868
1840,6.432747349995264,5.207093714297343,2.7890909110374107,8.054776003289913,3.560848686511461,4.3378086823488315,8.561597794274537
1841,6.437732785554691,5.144722041371184,2.765352723195578,7.970918127306445,3.5575927615319154,4.342144944594733,8.551251594801476
1842,6.444070621215648,5.1903688055551545,2.8136063458535903,7.906233259140673,3.5762616514263095,4.348098111068203,8.56963359295525
1843,6.454013704620039,5.22745837019948,2.799035091075676,7.873488710076242,3.5964109877655304,4.355299866668302,8.581096307833063
1844,6.453110612480918,5.268110504143168,2.7284298468432926,7.922993705976686,3.5964109877655304,4.354040679405507,8.553552159086735
1845,6.458977771848386,5.250448185676514,2.760041409866969,7.963353171193255,3.603628858688488,4.355120011807338,8.553552159086735
1846,6.460781655591746,5.246238365949923,2.7901398414494807,7.992941217154433,3.6132234926581916,4.354220592341113,8.512017966683956
1847,6.4643874562979695,5.233873814898615,2.796631777604955,8.046845884431809,3.6108279470954683,4.363383344555972,8.512017966683956
1848,6.445427672869609,5.2776334582274105,2.7917122746486256,8.091158057139632,3.6283474829724303,4.354760273057463,8.503911167478678
1849,6.4481406602410285,5.276480352952438,2.7927599228482425,8.08965280737314,3.652848676275024,4.34521305410782,8.486505470131169
1850,6.451303934148456,5.283106232329916,2.756209005144677,8.094489247170255,3.677917690208908,4.351880968401024,8.502752231323191
1851,6.4567219939252976,5.2730190660536005,2.725728921085836,8.200029007244735,3.6934734479288975,4.34575419233556,8.493473324815387
1852,6.477436576284603,5.203455393957747,2.698087426366358,8.171896856983336,3.6740153371960993,4.355479711855202,8.474875790224738
1853,6.485518836340087,5.1763523856625,2.7210751563635,8.079723815368018,3.6716713315738763,4.359613484419253,8.405833315241175
1854,6.490451543311593,5.138034996082435,2.6570376252360686,8.186218125940856,3.6957994596986774,4.363383344555973,8.369258939618618
1855,6.511472866399257,5.168955425850431,2.632865831589587,8.174759896690537,3.688038653242696,4.37556149924957,8.326522472833322
1856,6.504326605550064,5.099040277774965,2.6831344589619808,7.9628739249450655,3.6794771222118645,4.368940634650381,8.326522472833322
1857,6.498512729024942,5.140869516950639,2.7181477185582072,7.893735108512487,3.659136910651163,4.362845052875444,8.257061923794517
1858,6.508347634921646,5.160060833250051,2.7365118040952123,7.859517135402805,3.6732342184712747,4.3662527737954075,8.269092133261235
1859,6.517717474838347,5.164510623795358,2.662395136854457,7.837990805664786,3.6903691276011372,4.367686567712581,8.2858962250813
1860,6.498512729024942,5.137587253927983,2.656366946393314,7.780781446472088,3.6849283669782484,4.3626656030893916,8.309825347888665
1861,6.4796829658099675,5.130266924691316,2.6056519667961324,7.82224628022663,3.7012194184071454,4.362845052875443,8.309825347888665
1862,6.490899729116096,5.137139460939774,2.6097747896936845,7.8599505797002465,3.6833719407285463,4.364997700832377,8.273897839032843
1863,6.498065227074612,5.062392859296329,2.525403691543457,7.86276979270496,3.678697513845736,4.359972701662113,8.19413335193608
1864,6.478335253852638,5.0563020822202915,2.540865132481961,7.9041064612577365,3.5600350688900093,4.362486143688044,8.159986484614487
1865,6.47563873375146,5.068929816309788,2.603931613658957,7.838485380502357,3.5412545863932303,4.35781681959957,8.17952171598072
1866,6.49179597981474,5.06360986972944,2.5899996044811107,7.823523162668593,3.5689715809562563,4.355120011807338,8.226886059476016
1867,6.489555050742025,5.060871060126541,2.58189500016181,7.912112004261388,3.5730240119828616,4.3515208808134975,8.202641155327564
1868,6.489555050742025,5.060871060126541,2.58189500016181,8.053500210026252,3.5412545863932303,4.3515208808134975,8.202641155327564
1869,6.489106743956878,5.060871060126541,2.555617203583797,8.098954642918075,3.519041048452279,4.3515208808134975,8.202641155327564
1870,6.468891026258297,5.092100673022894,2.6181090182639393,8.099820814275233,3.492475068568163,4.345934552241079,8.264282786733286
1871,6.470241301114077,5.1155853019646464,2.586877460855066,7.992224558259139,3.484955801146468,4.355120011807338,8.297872022262487
1872,6.449044659023423,5.060871060126541,2.6220926511434954,8.075108673478095,3.484955801146468,4.349539704907674,8.211137479793974
1873,6.452659004670167,5.133555285100117,2.640767369392173,8.023566074827233,3.4857923188325026,4.352601027169709,8.252243441875034
1874,6.446332167247646,5.133555285100117,2.6726246373571105,8.014180237394513,3.5115958180678613,4.352601027169709,8.252243441875034
1875,6.4372797719503785,5.168955425850431,2.631168621896581,8.073465180936317,3.5140798447047135,4.346836205556298,8.290689248025933
1876,6.424124268795049,5.109276346430903,2.6112615036546254,8.070683837188705,3.5140798447047135,4.336723734193087,8.22083356391648
1877,6.412755086684505,5.117836045776351,2.637836111213028,8.05299747215907,3.5140798447047135,4.328394024854997,8.225676024424086
1878,6.403640801358577,5.151889876117711,2.664177856538533,8.033041072879596,3.5140798447047135,4.32984416956078,8.245008839779839
1879,6.395880351843311,5.122033988040537,2.6141174742411564,8.054014543390956,3.4916406358381815,4.333828809167853,8.22325525847653
1880,6.403184643429321,5.078184379551992,2.603243057701548,8.012876228850367,3.4597375817146983,4.3396161441971515,8.237765959384776
1881,6.416851015096176,5.037053373732965,2.5657025617153413,7.928690665347594,3.4563570271238224,4.340338854434219,8.232932760431837
1882,6.421852529610928,5.083030458863544,2.6074853808542717,7.969477599649688,3.3782535738591997,4.330387810753113,8.20871112733836
1883,6.404096916965531,5.079244974060423,2.6009461559844627,7.979409842990227,3.418024996300654,4.3316559612705525,8.22809586274401
1884,6.412299773141965,5.060262173530499,2.6209552750514096,7.998867013111974,3.415449577523583,4.3341908125432,8.258265972111902
1885,6.4186703350228465,5.115885475666323,2.648301532420609,8.042336077563501,3.4419413750569277,4.338893277148755,8.34555165370368
1886,6.408200054715864,5.063914062810911,2.6198172556789583,7.954124963501839,3.4205978898491143,4.327487362952075,8.352673043623508
1887,6.393595531170078,5.04714795614578,2.5980713080268227,7.988392777565197,3.393888623002988,4.32331352747258,8.336044136150587
1888,6.404552990261058,4.996563673345824,2.5729414886059314,7.876309663808195,3.37563855568941,4.325854747694832,8.327713456336928
1889,6.422306961187423,4.973278065704013,2.5567925828997238,7.872050523634677,3.3272207168283012,4.335819340575421,8.330094757982774
1890,6.419125060062393,4.976857740372339,2.5231335973841613,7.862053851719774,3.3236635203888434,4.338531784790882,8.324139839892702
1891,6.415486084093848,4.950632845947799,2.539087376051478,7.930481737153906,3.3013177627592913,4.344491399890195,8.29547866429024
1892,6.433654167135909,4.981521847062901,2.517626532385393,7.908646889998588,3.322773446083235,4.353140969436215,8.252243441875034
1893,6.446784352450667,4.980278641580525,2.5218181154812247,7.943729618388664,3.3031126738973042,4.360152295827726,8.28109958792918
1894,6.446784352450667,5.003521850579217,2.5218181154812247,7.941744583860398,3.326331882238092,4.360152295827726,8.28109958792918
1895,6.4372612986697835,5.033376075994746,2.5749217269252282,7.880407105209134,3.3298853666916624,4.354760273057463,8.201426458635064
1896,6.453575330937177,5.033376075994746,2.563830127870007,7.916564699289964,3.333433918467985,4.361229658529975,8.218410939757353
1897,6.468933856146628,5.033376075994746,2.6047346293084006,8.027376256906676,3.3660275005119527,4.361229658529975,8.213562898686984
1898,6.477045644480665,5.1290704763271595,2.650096610298759,8.036318446605561,3.3730208960950665,4.376991322660736,8.130568890480257
1899,6.483345676202346,5.115285105317902,2.6575963558697917,8.077765792042559,3.4111515825986896,4.377170007811926,8.179521715980718
1900,6.47299140549026,5.104011121306579,2.640203995095903,8.054138545387048,3.4068465220471498,4.3725211019797205,8.189266579647825
1901,6.481996340812603,5.0842410387119825,2.6609455313751034,8.053190978009113,3.4068465220471498,4.373776794219614,8.155093148999372
1902,6.483795373384624,5.076971918127084,2.6575963558697913,8.160914568801376,3.387819493604138,4.365156880977458,8.22083356391648
1903,6.481546481034478,5.066042748258114,2.6804844124383362,8.144162912399747,3.3747662963475342,4.3696491829917,8.252243441875034
1904,6.488739363467213,5.066042748258114,2.640611126844283,8.114302950000324,3.39042228195299,4.3696491829917,8.19778096172587
1905,6.483345676202346,5.076668743832386,2.659653544529212,8.11182822831764,3.3799954554855303,4.373597438364714,8.254653140805551
1906,6.496370438334173,5.1026560622346615,2.6483824728687417,8.131552276621209,3.3537433071476603,4.373238697909783,8.30026448137572
1907,6.495473270887643,5.1002459102734905,2.6535837531630793,8.098757819910679,3.3334339184679855,4.370367393210726,8.439861385281482
1908,6.508018960261095,5.073774905827644,2.6517039730034635,8.054599167783243,3.337862700399635,4.378615785761445,8.470218093030986
1909,6.502198097096265,5.0628049256328,2.669876158023531,8.010158240697496,3.3642761919206063,4.377720201837429,8.449217044457459
1910,6.499060972816329,5.060396406378092,2.679720699030325,8.04125973476983,3.38347571534722,4.377541056412017,8.416412931613907
1911,6.483795373384624,5.034864680009434,2.6813568808440813,8.032743329758068,3.4033973646963376,4.365336688687607,8.466722629537223
1912,6.4806466394448865,5.011451326731883,2.646830580971391,7.97004568267754,3.402534363627149,4.359397932171864,8.458559229128621
1913,6.471188459356698,4.986666925795811,2.6379397968223413,7.922682158951832,3.393022470165559,4.356695010580872,8.430492197673724
1914,6.487840821182948,5.001831955077544,2.6631767714854635,7.861869509159361,3.3886873790687813,4.3619186909631305,8.51086046829359
1915,6.488290112586168,5.004582804751414,2.630016404164453,7.889040515307697,3.423168265009992,4.360298421083265,8.463225285280894
1916,6.484245029943339,5.009620920203993,2.668011318048737,7.8755270490138285,3.422311752689506,4.356154164089025,8.514332348588445
1917,6.499060972816329,4.951820699770999,2.6411672110196163,7.900616706122646,3.433424717541,4.365336688687606,8.474875790224738
1918,6.501750057196538,4.954298196551661,2.6561242276360257,7.884343313382548,3.4283014873817024,4.358857522505848,8.472547358540094
1919,6.51249193684006,4.978523528820587,2.669876158023531,8.00036176599922,3.439389261894473,4.356334455971317,8.470218093030986
1920,6.51249193684006,4.972828215587,2.669876158023531,7.8542245149910785,3.433424717541,4.353989902904824,8.465557057230358
1921,6.515620640931242,4.9808300235184575,2.6575587489708203,7.879179477520282,3.430864348123747,4.359397932171863,8.49579428907264
1922,6.503541975571895,4.975907817693083,2.675351172709105,7.9240198513741715,3.416308331453769,4.349837814056466,8.470218093030986
1923,6.51249193684006,5.000914567141979,2.6824469466102148,7.866596111973626,3.4214549610532967,4.356875273311035,8.444540902544734
1924,6.508466438120031,5.008400165049798,2.687345118046912,7.896885357989198,3.4419413750569277,4.352365786940517,8.456224943259755
1925,6.504437693635875,4.986206441277401,2.6835364356755136,7.893817102475249,3.432571537468799,4.358136840497901,8.509702764810408
1926,6.4986126511625955,5.008247543401952,2.7094057620731125,7.894132560022333,3.4171668042946255,4.353989902904824,8.507386742163185
1927,6.513386052055917,5.044250901314866,2.711126129245426,7.9387929522715375,3.393022470165559,4.357416003220449,8.498114427701648
1928,6.492780799565473,5.0847140778111815,2.71327459055886,8.04044572998331,3.402534363627149,4.348392398509027,8.498114427701648
1929,6.482895938386367,5.111705864574035,2.7197067174412872,8.02801054453939,3.418024996300654,4.347850206299961,8.530510130096673
1930,6.484245029943337,5.104268151647763,2.6954829929860704,7.948760809197724,3.38347571534722,4.348392398509027,8.548950224029186
1931,6.484245029943337,5.095622679868787,2.678410816030197,7.984301283047567,3.386951318434733,4.34893450267133,8.505069897936517
1932,6.5138330497157035,5.1327524929325765,2.7003503944627316,8.044612036192564,3.386951318434733,4.356695010580872,8.509702764810408
1933,6.516067438928602,5.101438116170715,2.6625166289755877,8.074136368460987,3.370400587678452,4.356695010580872,8.493473324815385
1934,6.508018960261095,5.0788736810467014,2.644278468108147,8.14012209231223,3.3502227550085717,4.357416003220449,8.50275223132319
1935,6.510703226546182,5.086658936017683,2.650043900783032,8.108772842694949,3.3528636205113465,4.36191869096313,8.488828916160294
1936,6.511150464127176,5.067166566767296,2.645721360699104,8.09849383583028,3.3440501661879236,4.368930818972903,8.465557057230358
1937,6.5174075935428695,5.039106438771232,2.613737483616449,8.128024543520189,3.3120682353562487,4.36713423545326,8.449217044457459
1938,6.513386052055917,5.021807222602494,2.593343588953838,8.081942340212303,3.281489229702733,4.3637180718407516,8.451553851761297
1939,6.513386052055917,5.052256607915215,2.6193657937858923,8.050322288978972,3.2905214946498336,4.364437553640558,8.446879394998781
1940,6.522318425571357,5.029100551057102,2.6092234427425667,7.986508869107738,3.3156416419698074,4.371982804344831,8.444540902544734
1941,6.527224446008947,5.0189164652390135,2.613737483616449,8.025470743141453,3.320101357901033,4.3694696064092895,8.456224943259755
1942,6.531234892964317,4.982059585347226,2.610917399433609,8.019205897571732,3.2751473257026973,4.367852984370633,8.432835765828575
1943,6.540135532382646,4.987894613802088,2.6212758346095297,8.072624725542333,3.2796788869968903,4.366595072629425,8.442201566253399
1944,6.531234892964317,5.021807222602494,2.63504187393223,8.037023181835343,3.305802660910547,4.3694696064092895,8.42814778060104
1945,6.53924617848545,5.025151709724864,2.6300164041644534,7.971471208480145,3.287815208552275,4.36713423545326,8.388161975238544
1946,6.540580150262414,5.053614427077519,2.6235206229790684,7.973296977732931,3.308489799729266,4.3709059499987,8.362155945447629
1947,6.545468350880297,5.062654436904511,2.616328465135107,7.927726499713223,3.3022153771817413,4.373776794219614,8.369258939618618
1948,6.5334615336527095,5.076475088369514,2.640054890087454,8.03066378395355,3.3209923651398854,4.37126493984234,8.381079844557133
1949,6.538356667006988,5.075575235423332,2.645055537672701,8.058980049339459,3.314748760717208,4.37252110197972,8.404656731338415
1950,6.533016284596305,5.067166566767295,2.6344841049603467,8.01895894050396,3.328997458757838,4.364077832054256,8.411713019678936
1951,6.5298984337913675,5.077974381736449,2.642278922088759,8.041009358879643,3.335206350514493,4.3646173999520945,8.378717401301998
1952,6.531680300202717,5.060245824341175,2.647828361768621,8.065253037906272,3.313855566067256,4.364437553640557,8.402302919652092
1953,6.538356667006988,5.045309207302648,2.6453884764721796,8.069611822008685,3.3307729663337424,4.367134235453259,8.388161975238544
1954,6.5352421347632665,5.0354709305236165,2.6456104053522185,8.073524823130157,3.3058026609105466,4.357416003220449,8.371624860108252
1955,6.53791185215062,5.053312730555475,2.650597408671281,8.134108230310416,3.34493287311471,4.361378688121425,8.411713019678938
1956,6.549020421346992,5.042738533714273,2.650486719138792,8.129709066821986,3.339632071616475,4.365336688687605,8.39759271771905
1957,6.549020421346992,5.041528214108613,2.6632867745159214,8.200053380193843,3.363400092143319,4.364437553640557,8.407009684661379
1958,6.549020421346992,5.074675174620353,2.6658152126327197,8.20066729290272,3.387819493604138,4.361018637837526,8.381079844557133
1959,6.539246178485452,5.0800724242401705,2.6652658179411035,8.255423170501723,3.4051225122370035,4.361018637837526,8.381079844557133
1960,6.533016284596305,5.062654436904512,2.6788475363986155,8.201308988771416,3.4033973646963367,4.3521852808765065,8.446879394998781
1961,6.533907302471503,5.029707706712927,2.6811387984123707,8.243603470618655,3.3852140979099943,4.354711478978835,8.500433741514838
1962,6.549474568461786,5.049086513213225,2.687997329337433,8.200966673153651,3.3799954554855294,4.354891848663977,8.505069897936517
1963,6.560121470012827,5.082319075168554,2.6987291977970687,8.15142709776708,3.367777623007838,4.37126493984234,8.502752231323191
1964,6.560121470012827,5.110070777519235,2.6987291977970687,8.139070135583333,3.3704005876784513,4.3676733115849755,8.516645911327064
1965,6.5605646025713025,5.092935714335152,2.6930992024624683,8.049514312393812,3.3414002225916186,4.366415332416562,8.542041264953856
1966,6.552582242647303,5.069570897461104,2.686257640804063,8.032849247185693,3.3422838412158034,4.35579355116216,8.615365369981658
1967,6.547697891941976,5.085162977241918,2.704451762508023,8.082565126078057,3.341399684363295,4.360308743426685,8.606244329651831
1968,6.552138406737278,5.051049258372242,2.682119987472402,8.120845329720959,3.349346156220942,4.3547089974707704,8.622197904479496
1969,6.545476162834612,5.038500758004689,2.6817973839925684,8.176429129246559,3.349346156220942,4.355070554458668,8.603962101293385
1970,6.54592058723689,5.014347690717092,2.680614071851432,8.13225906130287,3.3120497241428275,4.3554320723518885,8.653990233342512
1971,6.554800835046055,4.974060354466956,2.6846989978652327,8.157390735295802,3.3218705869957317,4.359045103648404,8.649457788991874
1972,6.546809318151006,4.98390318730012,2.6959444183722603,8.044649850239544,3.3209793441339253,4.356877753212056,8.622197904479496
1973,6.540140001099915,4.974939143234607,2.6688515521600307,7.990447528083169,3.3209793441339253,4.354528204312674,8.594825292139591
1974,6.53702461936881,4.933030922917533,2.6432594886988676,8.015554547471579,3.3111550363184894,4.3489187592228875,8.585675813462775
1975,6.539695064920483,4.946540928781025,2.6629991578663996,8.03049680134767,3.3138381559916037,4.354528204312674,8.603962101293385
1976,6.533016284596305,4.889253659358086,2.655823401164236,7.900607181772972,3.341399684363295,4.354528204312674,8.535125019232854
1977,6.53702461936881,4.862865758759939,2.630617301847895,7.880135803708144,3.328989346118485,4.360669695758933,8.53743124541378
1978,6.543698072032833,4.879438478144088,2.6520078077399134,8.009091494095777,3.2841665262226374,4.365358539124793,8.548950224029188
1979,6.54592058723689,4.895938199721682,2.637772582867079,8.005701497863937,3.304883384069229,4.3599477521688295,8.562746366973144
1980,6.552582242647303,4.889564832197808,2.6237685607594186,8.081394596863493,3.3012926118577193,4.3635559144875975,8.50970276481041
1981,6.55080666397454,4.896869981495724,2.6245429717511843,8.143854466423894,3.2769206293874573,4.358142211588548,8.539736660391057
1982,6.550362671344173,4.918546341155451,2.6563679032659793,8.15943932682525,3.2769206293874573,4.36409680371887,8.523581692561217
1983,6.5530260394011615,4.904935768652737,2.651243830535801,8.074207073495344,3.2841665262226374,4.367160194673822,8.507386742163186
1984,6.552582242647303,4.926720000335301,2.6322707695873304,8.186907993197835,3.296796979902273,4.366439648652513,8.437520358784312
1985,6.544142653731435,4.926720000335301,2.6146746240506333,8.15896705695803,3.2994953165108423,4.366439648652513,8.388161975238544
1986,6.540584897853954,4.910973789683941,2.6212219687244303,8.164149714954753,3.3245424486199737,4.363555914487597,8.389341573306035
1987,6.547697891941976,4.925487372494427,2.6106691212459605,8.226393825926825,3.3120497241428275,4.362654238309791,8.39759271771905
1988,6.554357194821314,4.879906450945637,2.5798035655344083,8.226241615657923,3.3048833840692287,4.3667999410218705,8.369258939618618
1989,6.554357194821314,4.863962452572545,2.5798035655344083,8.19240690028614,3.3048833840692287,4.370400737155835,8.333665048761372
1990,6.558348549742158,4.863179132721912,2.5507465782760335,8.218725007408,3.2904896470025107,4.3721996869105,8.369258939618618
1991,6.563222579575877,4.826176006565167,2.5403876082131007,8.260040862173426,3.2523102144748104,4.3734583782923195,8.385802130645873
1992,6.574282422420618,4.787200657471091,2.513544408145939,8.223288956392116,3.2614533934790457,4.379026919783815,8.336044136150589
1993,6.57384049399099,4.846533917398333,2.553041140890607,8.178149065574091,3.244971492095865,4.373638152830123,8.366892147604966
1994,6.570303672508006,4.843699967485401,2.5627632028600997,8.108546366559269,3.26236587618089,4.3721996869105,8.350300125962773
1995,6.583995075311115,4.814605914061022,2.5322924297567915,8.16366267573402,3.2458900145514136,4.370760604266014,8.269092133261237
1996,6.583553995950449,4.798219119761872,2.5241634011854823,8.142222060707516,3.1986060523787527,4.371300332576597,8.281099587929182
1997,6.58531808250928,4.829971990019056,2.557279014824723,8.156986670004974,3.196733185971013,4.372379528862584,8.31221332668059
1998,6.591047117182953,4.8405485990211,2.572437459364412,8.101462776069614,3.2366895026401377,4.374536881174142,8.297872022262489
1999,6.599408672366052,4.844644857391892,2.5796904482755263,8.15033894573268,3.2200421761078055,4.3721996869105,8.305046706758345
2000,6.592808592627202,4.901525430153318,2.5650437752169863,8.155475886667073,3.2283798166034194,4.372559361179788,8.297872022262489
2001,6.583995075311115,4.883024776884983,2.5378470331984033,8.180310077567052,3.1911059924748675,4.366439648652513,8.252243441875034
2002,6.583553995950449,4.876785527244188,2.5578509991645775,8.180306388133138,3.1976697977809097,4.370940523348744,8.191700436578577
2003,6.576049749310696,4.934876033890896,2.559337379278709,8.237996757376974,3.1788691853241473,4.37166010323057,8.20628384032493
2004,6.573398526859755,4.941633765550135,2.5607084251333565,8.238116324794042,3.1637237522717365,4.369500900469276,8.232932760431837
2005,6.566764369311488,4.98162618470138,2.591645121849537,8.286152748755205,3.167518956120777,4.370040831443144,8.269092133261237
2006,6.571630271131228,4.975851701890213,2.588043742060111,8.311703543734877,3.2060832746081673,4.374357154746581,8.230514774419442
2007,6.57472431215803,4.982840754754457,2.612450332345529,8.346236552545257,3.1976697977809097,4.370580675535532,8.225676024424086
2008,6.557905222117776,4.996629437894841,2.61311787881833,8.317458530070857,3.1976697977809097,4.369680887116447,8.273897839032843
2009,6.551250617410465,4.997234397116985,2.6092207207514084,8.29742250539219,3.2523102144748104,4.369500900469276,8.266687915568948
2010,6.552138406737278,4.979651685269443,2.6144523057954476,8.221102923572099,3.240373790986551,4.366079317554243,8.264282786733288
2011,6.554357194821314,4.959850330017681,2.5916451218495373,8.334412533783166,3.246808198559059,4.365178320293847,8.302656042563633
2012,6.56499378556327,4.934107346875304,2.5809343829753195,8.41967880358609,3.210745026417426,4.36878085728823,8.272696753493799
2013,6.5680918991419714,4.903075967054041,2.548794083944148,8.376081588590532,3.21260726058952,4.371120432785123,8.225676024424086
2014,6.57384049399099,4.87475553094787,2.5413106335621203,8.377160966638336,3.175091647300266,4.376872450032782,8.203855617756728
2015,6.5756079755937,4.9391778019955925,2.5710745556971437,8.451856690200069,3.1882875426420485,4.374177418699834,8.249832826038372
2016,6.582671721731428,4.93518346503071,2.577539991540646,8.427790128404457,3.1948588892045606,4.374716597983911,8.269092133261235
2017,6.588844410190085,4.893763143446275,2.546724611211762,8.429599899109341,3.177925349127164,4.37615398639302,8.207497600713642
2018,6.583553995950449,4.868189543301545,2.554187415484961,8.46311438011295,3.176981147651993,4.375076002755833,8.220833563916479
2019,6.589285028321282,4.825384687027434,2.5259082051689985,8.415921798413851,3.172254647375547,4.378667937380808,8.232932760431835
2020,6.589285028321282,4.847478087835347,2.5183360093202456,8.409645262737847,3.151348185460134,4.376333616706858,8.27869991166603
2021,6.600288033537815,4.79710280702526,2.4960299758037796,8.449797195019029,3.14082688809639,4.384944604104517,8.290689248025933
2022,6.600288033537815,4.825859499032276,2.4960299758037796,8.448823050714331,3.14082688809639,4.384048654017264,8.28109958792918
2023,6.595009575214021,4.844329920763814,2.5363442258735067,8.473695598958928,3.14848328194749,4.385482059716839,8.319371907068282
2024,6.594569455244703,4.853138087117668,2.529973321377799,8.502162120125933,3.1901668695749734,4.387631024708088,8.350300125962772
2025,6.604682552135372,4.833290290636602,2.4960299758037796,8.54312702692092,3.1807557634462515,4.390315304502783,8.359786533521234
2026,6.6108200332481895,4.823484830134187,2.4788306469862773,8.63444580839556,3.1665707105921532,4.392818704985577,8.347926329623203
2027,6.628751531530204,4.754429480852854,2.4727441405443775,8.622102293849847,3.1798126566337914,4.404595501424379,8.319371907068282
2028,6.616074830094018,4.793592190684034,2.4930755960533,8.634528520837135,3.2051498641961635,4.403882923682021,8.340799659512722
2029,6.616074830094018,4.767798259825079,2.4847789712324597,8.551896942786303,3.2032819803526773,4.407444311949226,8.34555165370368
2030,6.632243000049207,4.829497704614764,2.530553358024353,8.59170640573261,3.1882875426420485,4.4083340735021945,8.34555165370368
2031,6.649664544557777,4.824751509670476,2.504865904232625,8.637267971964363,3.201412676664784,4.409401478679279,8.366892147604966
2032,6.650099321679838,4.8111119268064675,2.504513246469883,8.592110025871564,3.180811414973757,4.405499069155988,8.456224943259754
2033,6.641396733195924,4.844959767354233,2.5255593699792334,8.583970184521732,3.1845700164870565,4.40194751266385,8.50275223132319
2034,6.638347315567495,4.878814423452139,2.5636203973030423,8.56544648445502,3.218140699185824,4.402302836272505,8.58109630783306
2035,6.642267660457578,4.8630224490289535,2.5387089191938843,8.54770757466403,3.219992385281195,4.4007035857195325,8.523581692561216
2036,6.655313761825061,4.822851327852333,2.5198142677138153,8.568222596114662,3.2329155400596834,4.4076282140852046,8.518958655701848
2037,6.666160121213739,4.7804775625676985,2.5036364862323497,8.509516500324743,3.2032769673542267,4.409578754053188,8.55815087132172
2038,6.672224053998466,4.737324154651037,2.490245006125677,8.519392044725263,3.169500746172959,4.4163083519101045,8.551251594801474
2039,6.677848427980915,4.74132653354717,2.511742342990304,8.535699183512076,3.1723333389081727,4.418961098325073,8.525891986643353
2040,6.6713582174252855,4.7844329890494395,2.4919970390093997,8.538266799347214,3.1333318457668176,4.413299394627634,8.523581692561216
2041,6.684762274974075,4.704498737101239,2.4596174906858943,8.619363786081111,3.1053590061465064,4.4168390672250855,8.435178485915822
2042,6.693391506864542,4.6904085235451545,2.4702753205199377,8.629701773758201,3.0444266934645965,4.412236771468105,8.397592717719048
2043,6.697700693521963,4.7090218428031765,2.504564599824439,8.610808765800055,3.0672146799849065,4.41577755350719,8.421109427352658
2044,6.694684642235423,4.7090218428031765,2.516359001146818,8.585661743553766,3.0672146799849065,4.41577755350719,8.421109427352658
2045,6.680010006498672,4.731873840419589,2.544625771153651,8.5869348759669,3.1053590061465064,4.412768124712119,8.416412931613905
2046,6.675253330103263,4.728021630968563,2.5748402079770742,8.546060353727823,3.106329053590587,4.409224194021139,8.444540902544732
2047,6.680010006498672,4.7622274352919405,2.5501849130938234,8.633010494439045,3.0917366766096146,4.417015953872316,8.43752035878431
2048,6.716189183568728,4.71095858531582,2.5018950642494455,8.63338370286222,3.0917366766096146,4.43254599771437,8.40230291965209
2049,6.677416002896637,4.758725712266188,2.5481446149464966,8.617981496536348,3.0917366766096146,4.433074182351417,8.314600412191945
2050,6.698992745512623,4.741486537175564,2.5272795845917,8.579498285208471,3.080978316482743,4.430784789867442,8.319371907068282
2051,6.71404276572819,4.738445264640228,2.501314239273686,8.56504853818964,3.097584373679066,4.435537960857794,8.33366504876137
2052,6.721336944235463,4.738445264640228,2.5041005990385288,8.561294183522904,3.097584373679066,4.434834206068013,8.444540902544732
2053,6.7101769595545635,4.739886184271553,2.501314239273686,8.560379517514615,3.0711553478436406,4.427964959035376,8.430492197673722
2054,6.692098045989019,4.730590224602913,2.534944658221512,8.620839428513209,3.0573340423872306,4.423201183220042,8.45388981774946
2055,6.686489281935036,4.7709671026296325,2.544398531262733,8.605148179010499,3.0384453468441697,4.423024618715519,8.43986138528148
2056,6.665293258408884,4.776200908148005,2.5495050500220446,8.713260825564001,3.053370119012811,4.417900248735193,8.449217044457457
2057,6.665293258408884,4.785539745431369,2.5495050500220446,8.794616121864394,3.0662284820511445,4.4184307150021995,8.432835765828573
2058,6.670059188046595,4.781585511615253,2.5659818596857282,8.860536692352005,3.0731232141174187,4.415246671980317,8.38580213064587
2059,6.683466638257271,4.821251173478019,2.5731612975983356,8.864833192258438,3.0848961025640578,4.419491398739707,8.439861385281478
2060,6.6981314135910575,4.822346936163719,2.574952084640434,8.815647127736543,3.1014748631879274,4.420021616281935,8.498114427701646
2061,6.683466638257271,4.826726747266347,2.554033019222225,8.824209065558883,3.1198685035529796,4.415069692993149,8.488828916160292
2062,6.674388005386495,4.825163123471751,2.563620397303042,8.879566483667794,3.1150417843725657,4.412768124712119,8.486505470131167
2063,6.663559092091804,4.839367859926023,2.590108740813128,8.783639037979436,3.1140752708828843,4.416485266245312,8.532817981057713
2064,6.659655066908044,4.836250598552899,2.5846612264402506,8.763286611723146,3.099530413546303,4.414007624955382,8.512017966683954
2065,6.666160121213739,4.850879051119315,2.5769647828921296,8.817353040098867,3.0956367399815248,4.414715707293477,8.525891986643353
2066,6.667026837207952,4.835938728446809,2.579868403895294,8.77084396453551,3.0888074182682277,4.414892704764648,8.565042910524275
2067,6.663125458648239,4.8511896707223485,2.602063112616331,8.696300532138167,3.1034177261952998,4.417546558459379,8.571927733382521
2068,6.677416002896637,4.845905609538083,2.6097732596539163,8.676591141381817,3.0966107562849,4.421965038829591,8.59482529213959
2069,6.689510146816321,4.857241582626822,2.5995232737419927,8.77198946737379,3.1005028369205445,4.424436877779078,8.574221074313856
2070,6.7032972429596205,4.842482507935924,2.602614824343088,8.855305209833876,3.085874536932235,4.426554166066126,8.548950224029186
2071,6.691235557790737,4.815924276929421,2.5793103458878788,8.834037946419695,3.089784239658525,4.426554166066126,8.544345059890224
2072,6.69080425938199,4.814356081287211,2.5832134550797017,8.765580154364363,3.0553529180466454,4.431489382417555,8.53051013009667
2073,6.682170674289816,4.82782089145624,2.595984198393045,8.852201607166428,3.0503927718243546,4.42990384388647,8.495794289072638
2074,6.686920942899254,4.800212271557243,2.597090834299653,8.87182431182962,3.0523780902602615,4.432369917949136,8.500433741514836
2075,6.686057584668861,4.812159488903387,2.5837704152733885,8.821391283450629,3.033449149733923,4.42673054721663,8.544345059890224
2076,6.698992745512623,4.771760584157066,2.5726013436123156,8.777800723195739,3.0662284820511445,4.433074182351417,8.507386742163183
2077,6.692529235795375,4.791226376507259,2.5943230914317894,8.82728301986733,3.0662284820511445,4.4320177310815,8.493473324815385
2078,6.688215708064636,4.792331089790822,2.5826563384214047,8.879832886507984,3.0444266934645965,4.428317565804667,8.500433741514836
2079,6.678713168743219,4.766679328706774,2.5943230914317894,8.838246723170288,3.0464170773960357,4.427083282057354,8.479530155421868
2080,6.667026837207952,4.790121331337619,2.597865114116194,8.835942222099188,3.0503927718243546,4.419668147126723,8.502752231323187
2081,6.683466638257271,4.7542641136798585,2.573497193815843,8.740335031752844,3.035448914036426,4.423201183220042,8.537431245413776
2082,6.683466638257271,4.758407207348473,2.573497193815843,8.650330171001166,3.033449149733923,4.424789850808658,8.49115153411629
2083,6.683466638257271,4.751073915440702,2.5594528172930753,8.607254796169752,3.0384453468441697,4.421965038829591,8.488828916160292
2084,6.6769835413322545,4.719983035734843,2.540759091539043,8.703716563973616,3.030446279437688,4.417900248735193,8.43752035878431
2085,6.6787131687432195,4.690246246444774,2.5304865776900023,8.769984738537515,3.027439528228938,4.417192831292883,8.38580213064587
2086,6.687352567569966,4.6267217249521275,2.5295708343353374,8.770069955929776,3.0444266934645965,4.420905128122093,8.366892147604965
2087,6.695546551758696,4.663860139936758,2.552336256903712,8.789523059876148,3.042434613070057,4.420375048620898,8.425802513758889
2088,6.707598142917122,4.6684345930998035,2.527852650651609,8.80682659910716,3.0173888161264126,4.430432438855335,8.428147780601037
2089,6.719233834555282,4.670230103156155,2.519123708226113,8.775251579633006,3.0042573322100723,4.430080051337933,8.444540902544732
2090,6.725256836107659,4.636454542013063,2.5203895457019154,8.660008134223943,2.9849295716815707,4.432193829071948,8.43517848591582
2091,6.707166686325992,4.6618978698300015,2.524411711822759,8.66608719738415,2.936404096418976,4.43254599771437,8.456224943259754
2092,6.706303664668037,4.66467743516324,2.5215395888556236,8.607818689985562,2.9436974089007863,4.430432438855335,8.467887992870528
2093,6.706735193579092,4.700293632341166,2.5380250489687457,8.654940418051865,2.990031607432326,4.431489382417555,8.486505470131167
2094,6.71665039416742,4.705953210090914,2.54121439284216,8.594292424683932,2.986971748236388,4.430076818849026,8.435178485915822
2095,6.721385713607735,4.686836736437007,2.533345497315414,8.586576973858765,2.9818507892722805,4.435370911338222,8.414063403100812
2096,6.712772804909104,4.672024714488972,2.5094298636209866,8.569873177568054,2.9849247378753914,4.433783548127426,8.399948248735187
2097,6.71578895968362,4.614973879133938,2.4782360468133082,8.465208841500681,2.929997671356708,4.436781279888325,8.383441420711666
2098,6.711479626609894,4.590192443079535,2.4921627634418964,8.531525285092595,2.8919103087588316,4.434136359476875,8.376354090064519
2099,6.726976403672693,4.532981429449219,2.4653797242294737,8.54826332185516,2.8908429828058293,4.44100888573718,8.364524483178172
2100,6.734278186637141,4.551255908801821,2.464206632543628,8.469323192015489,2.9352367537513775,4.442416923309534,8.347926329623201
2101,6.741998262450389,4.511583099681412,2.44177814860763,8.404964721815805,2.9373289796388518,4.445758684901677,8.266687915568946
2102,6.730843338753259,4.486362677172385,2.465027873077259,8.425249006566654,2.9173738197672625,4.443296651670375,8.291886939924826
2103,6.738997379603687,4.524632201192608,2.438925943324464,8.407211228505233,2.9173738197672625,4.440480721702248,8.307436474890368
2104,6.743283822633192,4.470591589310055,2.4267553017461854,8.44699444921113,2.978772707365985,4.445758684901677,8.2882931878585
2105,6.754839528225772,4.385343670810348,2.4171537735185793,8.440547035992726,2.9890169329046543,4.454537197758861,8.261876745797926
2106,6.741141044907736,4.444721313482535,2.4443888631401465,8.488058015752122,3.0425642756553803,4.451906011220978,8.297872022262485
2107,6.734278186637141,4.511243506665181,2.454795589660082,8.383780240424974,3.093934325654454,4.4469890357682065,8.259469791804879
2108,6.710186123661995,4.565829575297061,2.4618582642676925,8.429736453826926,3.0752940322600546,4.440832840150363,8.3241398398927
2109,6.713203792236985,4.52750657245762,2.43702205681202,8.482553491370663,3.0910008519540213,4.442944787553799,8.271495440764847
2110,6.716650394167419,4.552095122380216,2.4405902573822407,8.513470118950421,3.024516787572409,4.437838673181348,8.29068924802593
2111,6.726976403672691,4.530378568666654,2.459271684367934,8.495725488077571,3.0164504833181884,4.4411849222342505,8.24983282603837
2112,6.717942276123438,4.497632381623492,2.43225384359387,8.523024379490018,3.033558013896827,4.433254262525426,8.237765959384774
2113,6.722676410403549,4.436227733015903,2.3958536033039035,8.534925883521352,3.041565294936348,4.437486245217018,8.237765959384774
2114,6.7286953988634295,4.4552655020027325,2.3948795447393865,8.54392857588136,3.0425642756553803,4.430253421379363,8.269092133261234
2115,6.719233834555281,4.518537432495253,2.444151675542379,8.633273248310509,3.062454871948537,4.430606598932625,8.281099587929178
2116,6.739426183719634,4.489610763515084,2.4200394430157073,8.577144212687074,3.052530677212671,4.437662463756423,8.218410939757351
2117,6.7334196886325515,4.520739555897939,2.43940161255826,8.625557512414153,2.9971795043702105,4.435194574191516,8.254653140805548
2118,6.7045771872143956,4.555617620787687,2.4612707160968954,8.661573473787401,2.9890169329046543,4.4249513507740605,8.331285076353543
2119,6.697665479029878,4.5750116370043274,2.456563738307114,8.560190455027604,3.0315518873351497,4.416805398981749,8.30265604256363
2120,6.687713590667433,4.600429060118776,2.468894644442402,8.548665781960327,3.052530677212671,4.414854552541429,8.305046706758342
2121,6.687713590667433,4.600429060118776,2.468894644442402,8.57517151507147,3.0574980195230506,4.414854552541429,8.305046706758342
2122,6.664272143948653,4.600429060118776,2.450072396902857,8.593818160992035,3.047552783346032,4.414854552541429,8.305046706758342
2123,6.6829471659464605,4.569672270294073,2.4671379997039367,8.518892168464959,3.021495210370287,4.411659834056951,8.30265604256363
2124,6.695936099693615,4.650722592104932,2.5002400747768547,8.505701780226593,3.094911345509198,4.408995264844677,8.35030012596277
2125,6.672966669241642,4.653332863681052,2.5077101188881934,8.42597429524923,3.106604389474972,4.3986724710712,8.336044136150587
2126,6.6716634312621155,4.633053112380587,2.494474043608066,8.403826356020327,3.1017392653945572,4.400276351867808,8.366892147604966
2127,6.68684729715119,4.6110071026528425,2.4782360468133082,8.546599086099206,3.0949113455091983,4.408462099239581,8.33366504876137
2128,6.684247539046816,4.639280148247937,2.4869521477153107,8.542944151565958,3.1027130852407065,4.401879471525009,8.328904218015305
2129,6.672966669241644,4.639934992570469,2.5056443952341296,8.551342298301105,3.1027130852407065,4.405261340193971,8.37635409006452
2130,6.68684729715119,4.6438615330376765,2.5225638941498256,8.543391907856467,3.1133989364418486,4.410061344182537,8.397592717719048
2131,6.660354782987012,4.652680474614087,2.5378693288795287,8.537257703870553,3.1163049803507463,4.399028954854716,8.383441420711666
2132,6.659919335372717,4.681273698559934,2.5360616335394046,8.525755727350749,3.1163049803507463,4.394391726867898,8.407009684661377
2133,6.668621252340798,4.681273698559934,2.549690945609782,8.435064209251971,3.154719903510771,4.394391726867898,8.411713019678936
2134,6.668621252340798,4.668954603778264,2.550813093995334,8.405368429017347,3.1489965463557743,4.392785046645948,8.444540902544734
2135,6.687280462181758,4.618919938198515,2.5373046042899823,8.413414671738328,3.1489965463557743,4.398494215066414,8.435178485915822
2136,6.6907444675264145,4.641244320189796,2.555519111235627,8.449395829829621,3.1489965463557743,4.4022356170736305,8.404656731338415
2137,6.691610103925004,4.634692862693202,2.5432823781174068,8.410336794804508,3.171809364112429,4.4022356170736305,8.404656731338415
2138,6.688146682616745,4.630099655290598,2.5480065158168346,8.326235808959948,3.1461297800787955,4.404193747091872,8.395236325733574
2139,6.699394276909726,4.61463601287486,2.5429445021756605,8.346657416787286,3.135589072195616,4.405972881740481,8.372807493809
2140,6.676440350708596,4.652027966369276,2.5471075598848723,8.414393333274253,3.1182403835121906,4.405795010386847,8.340799659512722
2141,6.636349856356277,4.636987244380985,2.5395625213441515,8.360490686678402,3.128857247233873,4.392427902630665,8.357416246505391
2142,6.6490210682805815,4.609356367571501,2.5389982872755343,8.46380246014138,3.1085476627786983,4.38294976753013,8.316986605346957
2143,6.637224744843202,4.608695857879229,2.5485681535468636,8.425314785547934,3.1259663963373665,4.385277063278988,8.30743647489037
2144,6.6437816260068665,4.651375338886328,2.5642290365361107,8.474835051598914,3.0910008519540213,4.386171748767793,8.347926329623203
2145,6.646838621112114,4.646150019200486,2.5755611190740346,8.576932256181495,3.1192074985745766,4.388139220545464,8.355045083505015
2146,6.649893785925212,4.653332863681052,2.579987388985725,8.50076020807828,3.106604389474972,4.3884968192518,8.395236325733574
2147,6.652074927597592,4.671876108638196,2.60120652627268,8.448238448717365,3.1375089962558755,4.388675604372216,8.411713019678936
2148,6.652511044155857,4.679655178004615,2.604484637774756,8.436841751728716,3.124037226148343,4.380262424491026,8.37635409006452
2149,6.652947123475931,4.6692793330181175,2.579766310397966,8.414952324086848,3.124037226148343,4.3761376557448415,8.350300125962772
2150,6.636349856356277,4.6692793330181175,2.59265814946927,8.486359806882541,3.1104893549692774,4.3761376557448415,8.399948248735189
2151,6.636787319378357,4.6660307157544425,2.5839625917399536,8.464481158331564,3.098815413559123,4.372367134705391,8.388161975238543
2152,6.636787319378357,4.662453830580004,2.5839625917399536,8.447275014694313,3.094911345509198,4.372367134705391,8.388161975238543
2153,6.634161977574818,4.631412605767168,2.567346293444882,8.471382000918133,3.0997904300056507,4.380620860974927,8.324139839892702
2154,6.635927641435785,4.6070440439417935,2.555631021712084,8.470691856828788,3.06740129557201,4.3791868857344,8.343176097301567
2155,6.6583864328656635,4.639116418353519,2.558203202999659,8.510818633534187,3.0495452110511208,4.378469668696389,8.302656042563632
2156,6.663217564891147,4.636167992134324,2.5709028465377806,8.500522145931212,3.041565294936348,4.390641614885101,8.314600412191945
2157,6.672427987154412,4.636167992134324,2.583631629099044,8.461335787170253,3.0505407893263135,4.390641614885101,8.302656042563632
2158,6.68555707716421,4.675443608233721,2.6028462542493687,8.502309812847582,3.032555166700714,4.39760279385731,8.324139839892702
2159,6.685994135259703,4.656918875934055,2.5940854276614744,8.567279812493666,3.0345604294383253,4.39474652878269,8.326522472833322
2160,6.677245891409058,4.659850212793821,2.599127602686478,8.598268515442578,3.047562643519251,4.388132137014755,8.321756318277016
2161,6.668482692339826,4.648763635365995,2.588700335216265,8.593003965705066,3.070391210160526,4.389742238065522,8.309825347888664
2162,6.68030947429645,4.645496315853696,2.5786231187141184,8.685427673530736,3.0425703564212982,4.390457591666943,8.273897839032841
2163,6.689052500486661,4.610181831351555,2.5810375512218684,8.722441290851192,3.001224418044255,4.3890267325840195,8.276299329016638
2164,6.686431156143341,4.629114624082903,2.57664548139898,8.863720651103053,3.0144141253248247,4.387953189391291,8.264282786733284
2165,6.6960362186902795,4.629114624082903,2.5514222308395182,8.796817964398542,3.003258516510939,4.387953189391291,8.295478664290238
2166,6.692982009927561,4.5665514001455705,2.5545373098397537,8.78582086360777,3.0002066950753234,4.398316482645937,8.249832826038372
2167,6.695163772801022,4.546167466245309,2.5472982621814593,8.736651236692035,2.9869351548896654,4.401526217126814,8.269092133261234
2168,6.697344609962877,4.564898595889771,2.5426064363713916,8.725685756761541,2.9746159577187816,4.398138074591172,8.271495440764847
2169,6.703881578030974,4.5456688089931445,2.5545373098397537,8.704315015744912,2.9746159577187816,4.403486221528095,8.23051477441944
2170,6.704317080738221,4.56026659180526,2.559755097487462,8.758943540315208,3.0214852392453513,4.406691052510559,8.206283840324929
2171,6.71910230539304,4.5556284511038845,2.5393602493234484,8.754683522985648,3.0245091274598717,4.412025701085046,8.23051477441944
2172,6.716930665945065,4.554302137759757,2.529926855866011,8.72814280796186,3.0052908220016312,4.4077586550808485,8.206283840324929
2173,6.700832026652207,4.534847021230749,2.5445068662925094,8.777615781509263,3.018457403878455,4.402951787583411,8.228095862744008
2174,6.697780666405472,4.531844264788992,2.5534253498660107,8.757300460272605,3.0002066950753234,4.405979130251065,8.240181174279716
2175,6.677683658200405,4.577110947285413,2.568935805071139,8.785510860280919,2.9889819279574645,4.396888954165055,8.203855617756728
2176,6.663656532497559,4.604025997710169,2.59110254524669,8.822716999656384,3.010363770076464,4.388132137014756,8.218410939757353
2177,6.678121387612657,4.621151120773992,2.558424213994069,8.744092919562437,2.9961312987884483,4.390815211540492,8.247421292329285
2178,6.668044138541128,4.606804264071711,2.5565372505434993,8.683902554453185,3.001224418044254,4.383118005527441,8.211137479793972
2179,6.668044138541128,4.586324589358301,2.5565372505434993,8.700275843902759,2.98078384623366,4.386342232821329,8.201426458635062
2180,6.662778559612245,4.580733471429252,2.543389190351787,8.655990300113993,2.979757019531032,4.385267833480027,8.164876000895388
2181,6.67461850520491,4.537014068996688,2.5225956401278085,8.703071120467612,2.946651915186393,4.3915303374890025,8.179521715980718
2182,6.679871931647269,4.542009809790099,2.5293638986290112,8.724630001820753,2.9424796163801448,4.386521266053332,8.145294986662938
2183,6.6916725074092405,4.516959062696209,2.508760064409389,8.729524896578788,2.9456095621271854,4.388490003747879,8.190483625872888
2184,6.692109045335207,4.516456200604474,2.5109213161482886,8.65696774105679,2.9193928969848897,4.391887843586218,8.178302544388332
2185,6.702574848743764,4.546333669497628,2.539472276797782,8.633873543500926,2.9611947268746084,4.395996442206922,8.181959349314711
2186,6.702574848743764,4.559935499817481,2.543948108276053,8.653771552559311,2.950816532805361,4.3917090952762035,8.16854063662555
2187,6.71388883337595,4.529673994559564,2.52835016410692,8.72446548901231,2.9518564916033685,4.399386733077612,8.164876000895388
2188,6.713019408567018,4.531009705712293,2.5445068662925094,8.70160022003981,2.9299162377906236,4.398138074591171,8.184396037027799
2189,6.735144104366419,4.487671578595591,2.5234994410762552,8.664134042536883,2.9035145992119347,4.404020570997633,8.167319329361433
2190,6.729080092542923,4.5129341219850705,2.5381275219675854,8.61063316874545,2.9098794629989104,4.404376757064957,8.140390143316251
2191,6.7277797350456705,4.4962815914786045,2.5316147493440813,8.52354409799819,2.9098794629989104,4.408292330077143,8.131797392132198
2192,6.731246627950414,4.513269712304865,2.523160565138474,8.444878516047408,2.871413950000281,4.409715052131733,8.113344414369424
2193,6.735576975978786,4.465456435195552,2.507279914729398,8.479748885238639,2.900325341407463,4.410248418780997,8.098542575244428
2194,6.72170706650723,4.434866604887136,2.5095565971297487,8.459437828445163,2.9035145992119347,4.40918160143674,8.051435926187759
2195,6.726045415614789,4.467327365465346,2.522030550275556,8.474721591034902,2.8949997367733813,4.412203378028727,8.07131395761521
2196,6.737308100174763,4.498135839398957,2.5256442802347743,8.504430289905029,2.89926123977201,4.418061497043027,8.056411424179727
2197,6.740768611493636,4.508736497189949,2.529926855866011,8.491677183222764,2.871413950000281,4.417706747537544,8.051435926187759
2198,6.75027310649079,4.529005946547606,2.5266594290416338,8.442586845599077,2.902452020456711,4.421784128995907,8.06138292283053
2199,6.742930256465882,4.527335264699751,2.5400323176341937,8.450803273454824,2.916226243597083,4.417884126928442,8.03897962549094
2200,6.7303801227999696,4.5030195450452215,2.5372305029086344,8.52736172160394,2.960159039649875,4.4161099153636805,8.046456419937448
2201,6.727779735045671,4.495438422148811,2.5333011782132346,8.524526615622376,2.9414353368903177,4.419302828221107,8.043965160919884
2202,6.729080092542923,4.496787394231063,2.5144423761005257,8.57539597127893,2.9424796163801457,4.420720936516464,8.026498132863825
2203,6.727779735045671,4.493076451401439,2.5141019090658507,8.5944529667437,2.947693788172999,4.419302828221107,8.021498450416363
2204,6.749841462136022,4.449255725146617,2.498718271878851,8.390945914895298,2.9320150051938265,4.421075371014826,7.996438917902489
2205,6.740336174132899,4.410057057778558,2.5015763942778992,8.330688855315923,2.889661340144677,4.429570720871414,8.002713385206802
2206,6.748114525049606,4.386980072586119,2.5035174904124724,8.288149127825362,2.8917982392804795,4.433986988566313,8.013991306789102
2207,6.753724967819098,4.397583837647539,2.508418592379959,8.378206326590336,2.864937510643428,4.434163520116606,7.976317392993565
2208,6.751136287358151,4.414895364098276,2.5175038811399224,8.232185263879876,2.909879462998911,4.4308078538072095,8.013991306789102
2209,6.745523039504935,4.389590649764095,2.5118305923218274,8.209862084471435,2.8864521265210104,4.430277709078814,8.021498450416363
2210,6.755881214651902,4.35883146169362,2.5220305502755562,8.279265615624007,2.868178111449748,4.434869554789737,8.073794230566447
2211,6.771809659559,4.3039547706057,2.504088028080954,8.175283848002632,2.855186939549371,4.439455215855484,8.096072174100463
2212,6.761913941992592,4.294839030856545,2.5129665849541643,8.10218991253443,2.8366498836787035,4.437692230502898,8.058897672866722
2213,6.764066789242951,4.3091270329992595,2.49298921502972,8.11116627001713,2.8453928001050297,4.431691244789359,8.041472896478998
2214,6.7627751880179305,4.306095998628002,2.512398672271173,8.184249151367876,2.8530142482325744,4.427979459755376,8.096072174100463
2215,6.767079276787129,4.316603590327325,2.4987182718788516,8.204707893071296,2.8530142482325744,4.428686778863614,8.101011995179022
2216,6.762344582864926,4.372323292439459,2.5171639534092303,8.120057869340801,2.8278717250741447,4.423201201194678,8.118270551156956
2217,6.761052553057145,4.37109900331693,2.5129665849541643,8.109097213777678,2.8333622252562694,4.423201201194678,8.118270551156956
2218,6.77825325339154,4.3357519927532655,2.499976370117423,8.12773419617597,2.8333622252562694,4.432397792461391,8.091128423863152
2219,6.787689450188462,4.332037324490214,2.4973448593558505,8.10879034946466,2.806880025039151,4.432927606954427,8.109647253470687
2220,6.786395045576678,4.283902683178161,2.4859764577550916,8.081145616995052,2.795749170896138,4.438926416014959,8.05143592618776
2221,6.780350233906296,4.29000283191666,2.4870127469880217,8.116186399066706,2.7744399866333174,4.434869554789736,8.06138292283053
2222,6.780350233906296,4.25902626214586,2.4870127469880217,8.104228301418125,2.738060906195303,4.435928332359675,8.023998798876146
2223,6.749151122824655,4.29752274555283,2.482056499346248,8.0946493319794,2.7800683017313275,4.417529358868977,8.04645641993745
2224,6.753929807207772,4.2425181486143595,2.473380893699448,8.04932738447157,2.767666314942785,4.4182414253990805,8.052680176111085
2225,6.7773251940293875,4.176560825572569,2.4474657581201953,8.051110607095847,2.768796759468513,4.42393258458659,7.996438917902489
2226,6.79113962487558,4.116414196497575,2.4293951937189093,7.9710773778684825,2.751776500243694,4.43156509525109,7.963707791552534
2227,6.783373516814913,4.10181529153889,2.4184444193726997,8.008040343844222,2.751776500243694,4.426064312338668,7.981353969742721
2228,6.809645325858073,3.939340810922084,2.4184444193726997,8.010096350446894,2.7323195823367756,4.437411010848241,8.018997086344003
2229,6.809645325858073,3.965071065183953,2.4184444193726997,8.089844693837518,2.614014408818763,4.430855816612243,7.968754751115662
2230,6.833220350511677,3.97755830859647,2.4184444193726997,8.127630061612125,2.654028372325526,4.430855816612243,7.9700158405998
2231,6.847741165169038,3.8898609984836177,2.4184444193726997,8.163726601652156,2.6956260392729146,4.438118925211948,8.00396750991319
2232,6.834503215651067,3.9208559740214888,2.3638324358168488,8.160201756085852,2.635938279003459,4.434046406805653,7.9611827487135844
2233,6.81651447056573,3.9085368717448667,2.3492110081120665,8.142269531733673,2.6600228329128135,4.4303237605617305,7.973797550449522
2234,6.8203744051319495,3.845754402945677,2.3206099712173898,8.167061840475869,2.6932715431720666,4.428017221948058,7.94347816021124
2235,6.809645325858073,3.737542891138544,2.2791381163706617,8.19439222320913,2.667193038906197,4.426241895956411,7.930800488407958
2236,6.819945664034333,3.747726898429553,2.2639289994896057,8.211023683881196,2.643193671678423,4.421621701920558,7.935874722944804
2237,6.814368831706726,3.8490793194584074,2.2994250339034052,8.245643153141621,2.643193671678423,4.420732481875924,7.8977143586699325
2238,6.819945664034333,3.835547633089245,2.3092923824393505,8.179067489898028,2.667193038906197,4.427839731071258,7.879823731087083
2239,6.834503215651067,3.8507153167865873,2.2959965341137987,8.168643712602776,2.6564282710685383,4.433160431778038,7.8977143586699325
2240,6.8464615302111795,3.8957581257507905,2.306388495364723,8.163916575350244,2.662415696632905,4.4359947406188,7.895161787318789
2241,6.842620754808963,3.939934150262783,2.330610033452827,8.139323795470863,2.662415696632905,4.433160431778039,7.874702395160134
2242,6.850299501080078,3.934969239634548,2.31470866732445,8.067275273099868,2.699152768981867,4.438826692521129,7.8772636052583955
2243,6.857967051841583,3.938743315137489,2.323741013314796,8.083879672547797,2.716697093477652,4.448014323924702,7.874702395160136
2244,6.862221981297114,3.938743315137489,2.350444261617823,8.144152357024804,2.692093289071197,4.448014323924702,7.838730888724828
2245,6.86094586335912,4.046591652865577,2.360280100010395,8.034457109181318,2.721350722322567,4.450660012608784,7.836153260570915
2246,6.863072554886214,4.02119033057107,2.3553688685690632,8.031863160594174,2.7190252047402224,4.454888858513416,7.823248519762603
2247,6.863072554886214,4.018290571827397,2.3553688685690632,8.00412507203557,2.7190252047402224,4.450660012608784,7.825831685648437
2248,6.848594082125336,4.019257460872624,2.337825274157156,7.977776619961794,2.696802283383598,4.447131972043431,7.802543066984898
2249,6.850725769414457,4.0687438004246435,2.370062835409428,7.961665171623054,2.6944491262204,4.449249233663862,7.779163550884232
2250,6.834930767668217,4.0997968858541185,2.3969382659221177,7.9690651022654295,2.7398624399295004,4.445013396576548,7.7869668833062775
2251,6.837495348513051,4.061313654768281,2.3894721223640882,8.018247276077577,2.7718716476972802,4.44995469596099,7.798652819776002
2252,6.851152003202623,4.045441551806354,2.394894113997134,8.015753372083296,2.7547841132729785,4.454184414017145,7.794760043133577
2253,6.856689902264618,4.080898704254998,2.4038954024578505,7.963818801222861,2.7707367469967226,4.455241026355682,7.82841374135392
2254,6.857967051841583,4.0752069728736435,2.371281982885217,7.917932763593419,2.7876971408668636,4.455593157941124,7.849030378313296
2255,6.858392699527184,4.043523769686801,2.370062835409428,7.881927575386925,2.752495326992037,4.459815912690414,7.798652819776002
2256,6.847314654793979,4.0287169854804645,2.3779727498953256,7.997957584896857,2.7604952698902396,4.457001321921328,7.743921676297019
2257,6.84902048872212,4.062267226966763,2.3954955710232713,8.06690153139664,2.766191076817792,4.461398103703875,7.755692148591839
2258,6.845181583638662,4.105256177650204,2.388265057161666,8.09012606313041,2.796687971835867,4.459640068552399,7.7817657942492255
2259,6.856264116873234,4.135766793578948,2.385848539734098,8.104157905849172,2.7854435237299637,4.465964777310419,7.7583046509091185
2260,6.866473476948267,4.100362079285879,2.4101106131125833,8.157500867790574,2.8089892333766926,4.474379616759401,7.755692148591839
2261,6.869022729300074,4.142280017010678,2.4080810160517454,8.245124046538042,2.7910731237939883,4.474904859997991,7.775258058447454
2262,6.877935423194362,4.090362011626659,2.382823402273454,8.245731770215164,2.776405209936836,4.479453608319071,7.7530784994696536
2263,6.8931794241203175,4.047741328298947,2.367011387145793,8.280852761017735,2.761635655594446,4.487486687686939,7.776560173139844
2264,6.917647252442603,4.0440992287112305,2.38621122057847,8.25620638037487,2.7456140476669306,4.492018849736452,7.72950382015658
2265,6.918488961034884,4.071216591629214,2.3997002741496023,8.208521922262255,2.7421649688033196,4.5069675867509815,7.716366211300721
2266,6.898251010315649,4.0488905785421325,2.3960968314066493,8.195783219453528,2.7456140476669306,4.493934510959565,7.69792446165263
2267,6.90964435791489,4.120267488079814,2.4080810160517454,8.18294224905215,2.7536400298883077,4.498632084649987,7.69792446165263
2268,6.915542397095622,4.105820392396635,2.4247295039884795,8.161624677421553,2.7752727236823787,4.496545063315828,7.700562520117048
2269,6.930678777967193,4.158782419810973,2.420581360400239,8.199522379872286,2.7364039130965296,4.504364900578075,7.676777458267935
2270,6.910487336421363,4.1951929865355035,2.4165428492965377,8.16408599353115,2.7479103016696786,4.499327478229495,7.700562520117048
2271,6.907536325340425,4.1768554866995,2.413448634104948,8.266366321955015,2.7259940083331475,4.496197103737351,7.802543066984899
2272,6.907536325340425,4.145438774529875,2.413448634104948,8.311349470759463,2.712033057782529,4.498632084649987,7.84130741327052
2273,6.892333687108497,4.191899945765616,2.4353539430155915,8.217010673578656,2.714366380512712,4.485916472491192,7.951072129124875
2274,6.864773290253544,4.190435289922649,2.449076101901261,8.214623541231376,2.7201882872416223,4.473679167482572,8.001459004442053
2275,6.819945664034333,4.218695247531207,2.4435758423416236,8.149118670864512,2.7604952698902396,4.464033465733374,7.9409447347749085
2276,6.79113962487558,4.223048978555502,2.4427552740885674,8.21557834748955,2.766191076817792,4.454888858513415,8.028996453517783
2277,6.818230348447947,4.273595186485789,2.459912436950029,8.206953681951282,2.784315824013207,4.467719571534949,7.978836199031579
2278,6.7984636753249985,4.251386586300204,2.4488423760497358,8.262210428193448,2.7775370947981264,4.464560295001186,7.964969921984447
2279,6.778189670584359,4.237880303094596,2.4429897587956924,8.298352721762813,2.7786683791493263,4.453127475088147,7.971276670218082
2280,6.778189670584359,4.249409163176343,2.4429897587956924,8.205241087344914,2.7820586379412644,4.453303654268062,7.913007272637293
2281,6.768672516430412,4.262867908672523,2.4613061495826916,8.235452795921537,2.7820586379412644,4.457177301674455,7.914279945024969
2282,6.768672516430412,4.252464675945987,2.461654417154621,8.188369172546023,2.8190019550420096,4.46227678298003,8.026498132863829
2283,6.785963505900726,4.2237740321501125,2.4622347205262898,8.216231230252863,2.806757862354195,4.444836789244642,8.036485346829807
2284,6.785531930475106,4.180163971887944,2.4435758423416236,8.292229421426729,2.7797990638713763,4.451893966523953,8.06883269146854
2285,6.823838578455283,4.177958694296597,2.473803587691407,8.210964473930199,2.7797990638713763,4.459112481941143,8.186831780134577
2286,6.828607242061186,4.195924316252805,2.4628148458022037,8.252886240807939,2.7786683791493263,4.464033465733374,8.206283840324932
2287,6.8359684743934706,4.204869665048397,2.4505946122605984,8.163768204018952,2.7467624872293688,4.467544132513152,8.063867175180741
2288,6.8476386667239835,4.213790293895786,2.4812857151874375,8.216434236787396,2.7547841132729785,4.4731537367618035,8.026498132863829
2289,6.796879080036185,4.302031192872583,2.5035577084773624,8.260875509514864,2.786570629059086,4.444130268494643,8.051435926187764
2290,6.7750356558863665,4.301854227683698,2.5167979189709366,8.310560482190816,2.797809180595562,4.436156462876344,8.003967509913194
2291,6.745620845694121,4.284643316104794,2.5086608704882996,8.125402426655285,2.7955661772591927,4.420865476063271,7.933338134123138
2292,6.753100109054027,4.25192567563131,2.4915973230421664,8.082886566462019,2.77187164769728,4.425317626787435,7.904091090237603
2293,6.7649568109821825,4.253183204632492,2.4950221983289977,8.038884669481716,2.763914588705481,4.43047482317451,7.951072129124875
2294,6.786842478327512,4.224861308659971,2.4955924157530407,8.04935033050488,2.791073123793988,4.443245210438234,7.913007272637293
2295,6.761007586229508,4.188237055010699,2.47898665480041,8.0427686996675,2.7559604210344144,4.43491441430305,7.897714358669936
2296,6.746501319659764,4.1761198040557,2.48885300115392,7.946984269358575,2.7628018290472554,4.436156462876344,7.869576717064794
2297,6.735925734761783,4.237338884960564,2.5124678885126643,7.934669811226612,2.7387593637328944,4.420152589803291,7.935874722944807
2298,6.757494639938457,4.21706108865617,2.5164132099763368,7.900470723198617,2.7502423025332825,4.428875151031384,7.9561295309585836
2299,6.775035655886367,4.201951462105679,2.511903612107902,7.790209380704372,2.7502423025332825,4.434204468781786,7.9409447347749085
2300,6.772846264437453,4.191350777951433,2.4931890246220045,7.762201226615525,2.7559604210344144,4.429230698767009,7.9079139147488675
2301,6.7632019708235696,4.211103440101071,2.515286797757271,7.712185745767015,2.7364552396114568,4.420152589803291,7.96118274871359
2302,6.745180552569246,4.211103440101071,2.533231212976493,7.819955340031081,2.7364552396114568,4.420152589803291,7.96118274871359
2303,6.763640736463593,4.246500252001627,2.5366888409041457,7.734654559865484,2.7548180340074495,4.4096200711742695,7.938410256090362
2304,6.76144653736312,4.257204949499333,2.5360201017893975,7.74747619867728,2.753675029569409,4.403893787487371,7.925722021415983
2305,6.75529783997157,4.26040952967675,2.5212493161247553,7.727077275795518,2.753675029569409,4.410692671482469,7.884940735011216
2306,6.762763168102197,4.301083733658295,2.5429193650168957,7.679318683356279,2.753675029569409,4.41783467447734,7.901541201997002
2307,6.76144653736312,4.306703149862031,2.551564601068475,7.754690003766356,2.7955620175229376,4.413908435668617,7.915552350888244
2308,6.783346951074666,4.281693644993004,2.5350165622076344,7.798014050054182,2.7955620175229376,4.430297118978621,8.087418027465185
2309,6.782035523271931,4.28240074365685,2.5479116641432964,7.836598878163856,2.7786799090795085,4.426563183913008,8.078751801278758
2310,6.783784020292439,4.3060012451841025,2.538248339800758,7.812420493988566,2.7786799090795085,4.4208654760632715,8.110879884352206
2311,6.803414302789115,4.279571435797614,2.5438078177187013,7.8335097595186065,2.7696212407186964,4.4290529295465015,8.036485346829808
2312,6.8208017128832,4.277447854890368,2.5315559582426266,7.704297619805734,2.7559604210344144,4.436156462876344,8.012739225354679
2313,6.822537280246098,4.223905210866004,2.510661622453469,7.711136152147309,2.7559604210344144,4.44253699861662,8.043965160919887
2314,6.831206503945989,4.224085156699649,2.5186640662848023,7.751523080686091,2.7318393939142247,4.4430681712681706,8.018997086344008
2315,6.829473805869339,4.1953473142883695,2.4941006207821097,7.738232028784861,2.7295276568935547,4.439702679555327,8.051435926187764
2316,6.811245792269567,4.24471271580631,2.5085144805545703,7.775224188360943,2.720255098994675,4.433316828616072,8.02399879887615
2317,6.8208017128832,4.239523307468728,2.4903374843329615,7.768836469703516,2.720255098994675,4.434914414303051,7.996438917902491
2318,6.8208017128832,4.224984736128761,2.4903374843329615,7.848507429919472,2.7295276568935547,4.437220715520338,7.993927334512721
2319,6.818197282729804,4.211284098788037,2.481757235902717,7.928840504425558,2.705098761063834,4.429763950674347,7.993927334512721
2320,6.800365550216992,4.257383064165888,2.4962639241181996,7.894279922672633,2.707437701708939,4.435446776310176,8.042719154447553
2321,6.794262697859509,4.257561169126471,2.5051193740850244,7.902473895828384,2.700412959782715,4.423893573527145,8.058897672866726
2322,6.786842478327512,4.2536406156566136,2.5022855334298852,7.896722816644816,2.7190931319133074,4.409441271413344,7.9889010816736725
2323,6.788152696619632,4.249893873215002,2.5102097913770733,7.961035563379525,2.7190931319133074,4.4126582234368,7.94094473477491
2324,6.809941358643456,4.223545289238628,2.4909081325854396,8.004391109848639,2.702757183170591,4.417656307676774,7.932069443453418
2325,6.811245792269569,4.2212048241593205,2.5054591544348512,7.93130159362483,2.6862915968915946,4.420152589803291,7.942211579073389
2326,6.799058396800061,4.2373735440434475,2.5122421977618132,7.944225083873617,2.693364333549502,4.4235374669016725,8.013991306789107
2327,6.809941358643456,4.231454356651903,2.5062517419215466,7.965502585033042,2.672072870107323,4.426385275131982,8.016494705516484
2328,6.827307127702434,4.199701523833112,2.4829035011485647,7.994152341458457,2.660148200720227,4.433671912460263,7.993927334512721
2329,6.829473805869338,4.170378506108627,2.4783142952780786,7.909692403701485,2.6409225705974424,4.435446776310176,8.018997086344008
2330,6.823404848303649,4.12263495117986,2.4652895923020126,7.96086102064337,2.6324537660557676,4.432784133378299,7.972537240118649
2331,6.817763085035566,4.142630600519511,2.452058162676543,7.910889171026805,2.646950124958361,4.4194395537472,8.003967509913195
2332,6.828607242061186,4.125790788413398,2.476590486323344,7.965759271413127,2.667311334704233,4.422468922906955,7.993927334512721
2333,6.825573140072792,4.1747666630267535,2.4842781101978386,7.979570345924487,2.667311334704233,4.420687268536893,7.964969921984449
2334,6.8116805311731,4.146688400921107,2.487481684574316,7.914487492054454,2.683928620544531,4.416229035429048,7.993927334512721
2335,6.806026103576758,4.169463549445369,2.4971740584860056,7.929553587814205,2.6957165433251182,4.412479584021561,8.058897672866728
2336,6.813853683776254,4.1822492301537375,2.4826743032479883,7.903168902791318,2.7074377017089386,4.41783467447734,7.996438917902493
2337,6.832505651913998,4.1396762179281525,2.4783142952780786,7.968138752187916,2.7074377017089386,4.42424964281763,7.973797550449527
2338,6.832505651913998,4.137458627330202,2.4783142952780786,7.903954011963524,2.7132735691001497,4.4235374669016725,7.96623179195649
2339,6.829040541869568,4.110352944667255,2.4581050595231035,7.95414182472367,2.6732615282730983,4.418904678348996,7.9599198360084324
2340,6.830340226475776,4.113334788020653,2.477624959162812,8.030385931023673,2.681562931180886,4.4205090516523535,7.968754751115669
2341,6.832505651913998,4.130055452335814,2.453222535496573,8.027298184678775,2.7341485855729633,4.415336685069563,7.973797550449527
2342,6.841158428057507,4.0976485559696485,2.469679567919331,7.981653971964868,2.7364552396114568,4.424605674783958,7.9485418561791175
2343,6.837266443912919,4.143922280271784,2.4771652629271723,7.912224995030151,2.7353022293123894,4.417299545930228,7.9674934016173715
2344,6.823404848303649,4.15607528286373,2.4837054768576534,7.905651613700823,2.7248965156054616,4.413908435668617,7.96623179195649
2345,6.844615549862379,4.17641067380121,2.489766665702081,7.947951907476165,2.767350535460172,4.417121150981532,8.05268017611109
2346,6.83586281010252,4.210561403457536,2.480495547084066,7.966355717732639,2.767350535460172,4.421400042506919,8.040226386873691
2347,6.8151482464032025,4.232172408310211,2.501377821029432,8.047062273055541,2.7978029475032895,4.4117649321359975,8.063867175180743
2348,6.8098687398302395,4.2767396893386875,2.521473957308228,7.976320933839115,2.857446613182897,4.409977642368133,8.087418027465185
2349,6.8089883036012395,4.27106885729421,2.522035446244993,7.9646316792083445,2.8628875084227636,4.402460700347331,8.068832691468542
2350,6.803966982901833,4.294750437468881,2.5376915192124074,7.939602493800527,2.856356813697423,4.393612461755602,8.07999057492529
2351,6.768859191585419,4.28963975439706,2.5408076676729645,7.907572941849359,2.884616338260293,4.388908038332788,8.123192797381195
2352,6.748945165167784,4.31581438533989,2.545583511598113,7.874273064959614,2.9189097471325134,4.388183697706591,8.114576313772199
2353,6.74885609159948,4.318263133225518,2.548348154622691,7.855832265808303,2.92103569563409,4.390537235665756,8.12811116153456
2354,6.7524178406367446,4.294574338882471,2.547795538612133,7.832431112368892,2.887853901458175,4.390175259871424,8.103480434982123
2355,6.763976659499588,4.273551052428532,2.538821314289317,7.869329939616098,2.859636107430421,4.388183697706591,8.091128423863156
2356,6.733780601565342,4.291226676948027,2.5450301134893967,8.03649919270137,2.8770435569878163,4.384015713226382,8.110879884352208
2357,6.743954685005364,4.327900494642021,2.545251491540507,8.083950585572884,2.884616338260293,4.384378351562431,8.121962600100495
2358,6.753752865784667,4.340150337314225,2.553865751886113,8.159119575342398,2.8705318746696005,4.387278052853058,8.131797392132203
2359,6.748945165167784,4.354585197122593,2.5626617502148066,8.219617849900711,2.90290041338077,4.3880025882136735,8.174643608382752
2360,6.733780601565342,4.319073363203941,2.5466898379441574,8.283100788200233,2.8705318746696005,4.382201935148468,8.157540294739807
2361,6.739494830747648,4.316299219723994,2.558818347007858,8.24233300129909,2.8705318746696005,4.385828514363253,8.11334441436943
2362,6.738066865202812,4.316819548520157,2.5519915121863352,8.3481946336507,2.853072608572385,4.38093170843308,8.028996453517784
2363,6.735477672443187,4.304134940231302,2.5389323591758886,8.316633846910928,2.840988172040706,4.377118146775018,7.993927334512723
2364,6.749301444128751,4.324614698368861,2.5522121040333814,8.240810624776579,2.8365771927155943,4.384015713226382,8.023998798876152
2365,6.751527632828665,4.312307314802719,2.559367864947526,8.218602095219035,2.8508803998632697,4.384559656079984,8.027747419786454
2366,6.738066865202812,4.31352275181523,2.5632101951365507,8.322846521200384,2.851976778586134,4.380024109838872,8.046456419937455
2367,6.738066865202812,4.31352275181523,2.5632101951365507,8.341047339347321,2.8299439213216706,4.380024109838872,8.046456419937455
2368,6.738602398472907,4.31352275181523,2.554967409383054,8.344360715809952,2.825510465009297,4.380024109838872,8.046456419937455
2369,6.755977144131542,4.297338231507502,2.550557059354976,8.434438420263291,2.83878379835169,4.382746171237373,8.063867175180743
2370,6.771963870389015,4.287904222815516,2.5450301134893962,8.318716850022367,2.860728117429168,4.388726967775165,8.023998798876152
2371,6.772407244599096,4.275283329086303,2.545251491540507,8.315169711346986,2.8629105100459764,4.397226789033223,8.016494705516484
2372,6.788785587383426,4.279495681251606,2.5428149519482237,8.355926346040858,2.856356813697423,4.399213020589648,7.971276670218084
2373,6.782151927936577,4.248478592051986,2.5582686753051713,8.379638246134283,2.856356813697423,4.392708274591491,7.97631739299357
2374,6.788785587383426,4.243871465096901,2.556618736426793,8.306899042120033,2.833263085646213,4.3939740687623035,7.996438917902493
2375,6.785248686974575,4.280197215017877,2.5736017473016166,8.306560939274272,2.842089523855288,4.392165645905846,7.9813539697427265
2376,6.789669437522206,4.2511335921860605,2.55551800617114,8.330729956902392,2.833263085646213,4.398129766404538,7.988901081673674
2377,6.801145878998805,4.249009764962437,2.5828533428287876,8.278758502702644,2.8188432395179013,4.397226789033223,7.96623179195649
2378,6.806874651384377,4.267194507170733,2.5736017473016166,8.290730452104194,2.8365771927155943,4.4030016769694535,7.943478160211244
2379,6.7989408305279655,4.3036126128198635,2.599829019521239,8.317939298758121,2.8552626253711497,4.393612461755603,7.995183254672039
2380,6.790994931793697,4.297163772764926,2.59098081658107,8.336231209232945,2.875959610065035,4.390175259871424,8.053924175657954
2381,6.793644909834036,4.2758101687430745,2.5850239242098194,8.416755863273739,2.879209856469288,4.391984750270795,8.036485346829807
2382,6.7971761208119155,4.283001853535954,2.5855661987314265,8.411165241865971,2.8727045718898827,4.389813245196761,8.051435926187764
2383,6.80290924751554,4.262261082339589,2.569233029304602,8.425877114602333,2.8943148838585073,4.39596221478507,8.063867175180741
2384,6.803349996625555,4.253079220399325,2.574910480493138,8.430880080572658,2.8996847198708227,4.39180384493009,8.038979625490946
2385,6.818313394808919,4.242452576222781,2.563210195136551,8.5095758862062,2.8921633118993535,4.398129766404538,8.038979625490946
2386,6.8222671409070115,4.196897395290575,2.570872431823913,8.453606939519537,2.8889320391386435,4.404624087596209,8.021498450416368
2387,6.830165692092295,4.181568416283406,2.547795538612133,8.433352882740873,2.879209856469288,4.40732637680505,8.03149376197431
2388,6.823145345913167,4.17795094507487,2.5489006145804276,8.577743026868962,2.879209856469288,4.400476378163618,8.042719154447553
2389,6.826217904595394,4.195097771829396,2.570872431823914,8.553162063578359,2.8727045718898827,4.4017392634607875,8.028996453517783
2390,6.8332341398326575,4.195097771829396,2.5763272977095584,8.47634114153615,2.879209856469288,4.4017392634607875,7.957393227280404
2391,6.821827983178427,4.167618700000846,2.576871957246291,8.435919353758525,2.879209856469288,4.395058657272673,7.986386409890087
2392,6.834110509594732,4.140084711349128,2.5719646107448773,8.455170918140093,2.879209856469288,4.407326376805051,7.96118274871359
2393,6.830604151701376,4.144111122919193,2.5505570593549765,8.38929386312999,2.879209856469288,4.407326376805051,7.96118274871359
2394,6.83367234301309,4.135869820072262,2.542814951948224,8.457267039233292,2.8530726085723854,4.4058854245603785,7.977576925502081
2395,6.805993710593435,4.186265043383794,2.5699982533339725,8.46155145942353,2.880292210468792,4.397768604436582,7.995183254672037
2396,6.814796445037821,4.186265043383794,2.548237643908706,8.45414132606346,2.8878539014581754,4.397768604436582,7.982612467218608
2397,6.829727195816635,4.125951933366804,2.5275730180872573,8.46871947760989,2.880292210468792,4.395420109311197,7.954865573132019
2398,6.812157180395478,4.171429195264211,2.547795538612133,8.490762648423782,2.8552626253711497,4.391622929882291,7.943478160211243
2399,6.79496939407641,4.193837436829812,2.5785050368252986,8.456319918495495,2.860728117429168,4.385466032221273,7.957393227280402
2400,6.802468461206549,4.207315449214491,2.5779608266900795,8.394590628929686,2.8878539014581754,4.385647278170419,7.952336872365207
2401,6.817434378919059,4.197976687053938,2.561344858210048,8.30147672241049,2.898611789192523,4.388908038332788,7.932069443453418
2402,6.805553184494948,4.188430404190996,2.5664976596626268,8.302229599990664,2.905041633817041,4.386190957485802,7.913007272637293
2403,6.818313394808919,4.188430404190996,2.554196314124502,8.302680627746383,2.9114529940251646,4.386190957485802,7.895161787318791
2404,6.827972843878425,4.175597399253143,2.5372660210910465,8.298591596668768,2.905041633817041,4.3963235700617735,7.896438207345288
2405,6.838490164337042,4.156159892508282,2.5283547060853984,8.33906650992062,2.9274014808686193,4.398490889745081,7.900265855839519
2406,6.831042574652355,4.131649326201034,2.5461367530421386,8.417320810978977,2.917846016145967,4.405344909178292,7.913007272637293
2407,6.836738740983453,4.141366395434527,2.5331496133887157,8.500232866183886,2.9252815572439475,4.399213020589647,7.918096363659118
2408,6.836738740983453,4.16162159319523,2.5331496133887157,8.45325866440927,2.922097914472157,4.396504233192663,7.914279945024971
2409,6.838927928889574,4.142830544861457,2.5289128619778225,8.425855640773285,2.918909747132514,4.399213020589647,7.976317392993568
2410,6.851170549070994,4.133852023271066,2.516933099935963,8.491625081836965,2.909317918707983,4.401919637121371,7.998949474158353
2411,6.861641588406508,4.084661750242098,2.519626605510003,8.391375290456974,2.9050416338170413,4.4049845175928315,7.998949474158353
2412,6.85810596388642,4.108243042451204,2.519065767862597,8.364142639602077,2.9029004133807703,4.397949190249702,8.03149376197431
2413,6.860316007355609,4.079252121981162,2.488307475088708,8.295958785035644,2.923159630581408,4.397949190249702,8.03149376197431
2414,6.865616331553949,4.041875979417124,2.48602624347663,8.240079629149756,2.891086743656147,4.397949190249702,8.03149376197431
2415,6.861199765122004,4.033740378659816,2.488535448448637,8.232318780075262,2.892163311899354,4.406425853581076,8.061382922830536
2416,6.868264495965597,4.041687021625625,2.4671010743174056,8.182337734766538,2.882455330575391,4.407690326939159,8.070073448760104
2417,6.860316007355607,4.025773290909671,2.4768739264101547,8.156101853071139,2.86726880658171,4.4058837917134746,8.020247895403125
2418,6.8651748414490115,4.022542671635028,2.4775618782988165,8.118006238761897,2.859636107430422,4.409134861004781,8.048946674653495
2419,6.874879095235975,4.037716246666949,2.460981803216372,8.141955038242028,2.8683570332226287,4.4096764023757595,8.023998798876152
2420,6.882805687933957,3.996766830550319,2.4595935535612297,8.187228488612107,2.8541678905814765,4.414185882411735,8.016494705516484
2421,6.891599090083801,3.9819675859059056,2.4494980668786397,8.17207699970129,2.834385903681412,4.421208713008565,7.993927334512721
2422,6.914393817288316,3.910621735512246,2.451242533016952,8.129363245243173,2.8043711621808396,4.4285760549564195,7.978836199031581
2423,6.902570332294665,3.981196835200968,2.4811878304392176,8.112527003949689,2.781865335165935,4.42336666278856,7.951072129124877
2424,6.905200052568356,3.9558465036572605,2.4903075915671233,8.129222629340427,2.7998888391121253,4.428396553610932,7.953601353650882
2425,6.929245290979113,3.9318501305056137,2.4660440277767113,8.100432259622272,2.7591198019295042,4.43306051227996,7.9485418561791175
2426,6.907828468974118,3.888049917115159,2.4614310122365595,8.074214878001774,2.7682472330672017,4.428037522484477,7.913007272637294
2427,6.92444494247394,3.880356678873993,2.4587734214630235,8.092806889370165,2.73843792804726,4.432701973148362,7.91809636365912
2428,6.910455583299663,3.8467872790618025,2.4525191089591356,8.110915161355079,2.753395128285488,4.436285666201606,7.900265855839521
2429,6.9113309990320975,3.8676886460121245,2.4378443149023967,8.165349789807916,2.7579761052916614,4.430729332319971,7.93333813412314
2430,6.936219893212666,3.828150313732705,2.439013184922079,8.190853493463436,2.7163840145956435,4.441832949933911,7.956129530958585
2431,6.916143205972978,3.8799616181042453,2.4557646757451748,8.172060954836,2.7349711229200993,4.436822894990917,7.964969921984449
2432,6.913081397328686,3.94135654212626,2.462469922264969,8.137491315519098,2.772796282119061,4.433777477248658,8.008981451045466
2433,6.9152685836882295,3.927389096959891,2.4190421815636935,8.141227031461007,2.7716599315368153,4.431805460009824,8.015243133461905
2434,6.932733734580887,3.8690768442655257,2.386273591602203,8.177624452600833,2.780733809986954,4.440044489907339,7.978836199031579
2435,6.9301176163222244,3.8433893116618854,2.3778383802502385,8.265409380042177,2.7908960389998367,4.435390096519755,7.986386409890088
2436,6.9301176163222244,3.889034796410089,2.3778383802502385,8.277440393300047,2.777335630472314,4.43001172467749,7.968754751115669
2437,6.907828468974117,3.9729329794417434,2.4149037676504537,8.213075616143362,2.8010102958792333,4.4239059360081985,8.00647499172923
2438,6.918329131611968,3.957763342272396,2.389876818227486,8.27856468809289,2.7942727572273336,4.428576054956419,7.964969921984449
2439,6.933169629284192,3.9308870200120194,2.383867497863682,8.33700483689463,2.812192851045646,4.428037522484477,7.96623179195649
2440,6.953182330453618,3.865108840210488,2.3608499734972996,8.393007811386724,2.7875139906462576,4.437001952425618,7.9813539697427265
2441,6.958390710298934,3.845988109117224,2.3480034080806087,8.3152500459767,2.763688425722816,4.442905575859289,7.978836199031579
2442,6.963594016973028,3.836381146504557,2.341237569010476,8.268372451390906,2.7739320264103573,4.447549728661416,7.9674934016173715
2443,6.960992996927656,3.7581630901579755,2.331722385140356,8.202354368238725,2.7522483317757542,4.452009310945491,7.973797550449525
2444,6.944925320171027,3.769261604978484,2.330110928898421,8.18970830061841,2.7338142483648764,4.444692536526575,7.983870706303969
2445,6.956655148045486,3.8112147505462532,2.340621229061533,8.248678517158567,2.739592260135524,4.445764263879598,7.983870706303969
2446,6.9674931759254,3.8219116639648654,2.3045049949260408,8.247785631005375,2.7511009124969448,4.445407058823898,7.951072129124877
2447,6.975715413460503,3.7466082443716444,2.2797993573185464,8.202343154232185,2.7245362002179196,4.451652758496027,7.914279945024971
2448,6.995138951904361,3.664814895432582,2.256033885821815,8.075903935690645,2.721046301805386,4.458420905556667,7.8887756511707146
2449,7.002888728059934,3.5875811445354913,2.2148005124896613,8.035838500443319,2.731498584154081,4.454325995787176,7.843882835514754
2450,7.008908617143411,3.6335754494210315,2.262102433374515,8.1464667079234,2.6917340884599588,4.46890290220317,7.8232485197626085
2451,7.013633809475153,3.5583297757305297,2.2547399595197746,8.014565042867325,2.6929145646629924,4.46570840184756,7.856743457774276
2452,7.019212787005325,3.5954455669550933,2.272127101446468,8.065837250449945,2.658402838782406,4.469257663107991,7.85545862954409
2453,6.9886722515026,3.7104059429085994,2.3060140942653926,8.14212058922477,2.672753971283832,4.458776753185643,7.874702395160139
2454,6.983061466427294,3.7268993998604274,2.3139158486784908,8.151665311388205,2.7011590945320316,4.4569971449371515,7.836153260570919
2455,7.007189336214083,3.654155612492822,2.2916253236027377,8.152160489785178,2.687005425546088,4.4658859521814716,7.828413741353923
2456,7.019212787005325,3.616741579138134,2.2814572518891807,8.092360945670064,2.6763261047218516,4.473866221051325,7.8232485197626085
2457,7.049154664825305,3.572224581523719,2.2489052837272583,8.113265896878788,2.6703690899636343,4.4857137145360815,7.8154923477889096
2458,7.055975299106543,3.4972848756922312,2.224049628919237,8.124726186320546,2.672753971283832,4.493119764495555,7.7765601731398455
2459,7.028212799873215,3.5829831760754813,2.2605550340745952,8.206557317381847,2.6439500742768387,4.4857137145360815,7.8154923477889096
2460,7.047874838569941,3.5416956349323767,2.2695621710281837,8.197269596336541,2.689371110764536,4.492591288251405,7.785667035324898
2461,7.029925386681117,3.638305134211935,2.2832409235655833,8.220711167475748,2.6787040809157903,4.488536943868415,7.802543066984901
2462,7.057679116301869,3.6692797728957913,2.27660667679077,8.3079266035774,2.703508662118957,4.492238925763479,7.829704353301491
2463,7.063638261563323,3.6413107684001744,2.279161287222918,8.280951685639563,2.673945373124266,4.4966408722670765,7.797355508834801
2464,7.081052487808879,3.6455989340443886,2.252408451590128,8.32738654446114,2.66798143101535,4.50103721275582,7.803839254743909
2465,7.079355994735206,3.609588745848923,2.282349314694973,8.231632001136852,2.6631977442983277,4.506129970518221,7.780464814278658
2466,7.059382397881051,3.633790609076159,2.286802832448886,8.222147741508868,2.6775154366926754,4.492943614744181,7.869576717064794
2467,7.032065356260994,3.648168682767024,2.3000960852295163,8.25003762566654,2.6810793105143764,4.491534092761394,7.807726136440408
2468,7.03762531111743,3.7137540972996406,2.3151668662826848,8.201829873825385,2.654799253349935,4.4846544066088905,7.810315991263487
2469,7.065764941414641,3.687068932974461,2.302994607233803,8.167249674860763,2.658402838782406,4.4940003783532365,7.8322847462098
2470,7.061936316988233,3.723149767132418,2.3307308915125,8.21686751343324,2.654799253349935,4.477407062170904,7.812904727934623
2471,7.044460487672032,3.7285643269657816,2.331350639395687,8.272076144093027,2.6787040809157903,4.47510593056683,7.841307413270521
2472,7.058956627674791,3.703278016468339,2.308275334253014,8.21899793258334,2.688188607132376,4.481121023974889,7.8232485197626085
2473,7.0653396721495225,3.6906555401997463,2.32452156837662,8.225230765278516,2.714048957467517,4.481121023974889,7.8232485197626085
2474,7.05000771420574,3.7154267009597026,2.304504994926041,8.264208193275836,2.6917340884599583,4.480413911837022,7.842595262098744
2475,7.060659507847569,3.652873774867102,2.2864215450364394,8.346766487024597,2.6787040809157903,4.491181622226861,7.846457156761776
2476,7.073141726747977,3.6383051342119357,2.2960554264203115,8.374592615115953,2.656001156154378,4.492062731018148,7.81419867738053
2477,7.076150380254541,3.657570985989389,2.287565158947722,8.48295946431329,2.6535966413444587,4.4950568183718325,7.81290472793462
2478,7.076150380254541,3.615225851718305,2.287565158947722,8.436839504998215,2.6439500742768387,4.5020915024909804,7.825831685648441
2479,7.111698170871261,3.5229437539924593,2.257326846172358,8.416645644244783,2.612277392619355,4.514542926886251,7.805135162127662
2480,7.117671405854389,3.533451850633811,2.2775012150254286,8.336038316755864,2.592535313391153,4.512616762034888,7.8232485197626085
2481,7.127896073395646,3.499319492412598,2.263133267384686,8.327189450517398,2.6073601200506094,4.518248361535234,7.81290472793462
2482,7.104436159726988,3.554125382153838,2.2898501554106674,8.313858368725596,2.5950137783885174,4.515257713502729,7.84774390491822
2483,7.1022984330830115,3.528761780776723,2.28553155215902,8.19265797055464,2.6232974040359225,4.515433705401014,7.897714358669938
2484,7.112125047240768,3.555675122697277,2.2944112602504445,8.214831657577546,2.6232974040359225,4.509973795777042,7.913007272637294
2485,7.098020463507084,3.5950092423969586,2.286802832448886,8.267563073616422,2.630610704162523,4.500088847855614,7.9155523508882455
2486,7.11553885742546,3.5318893953695594,2.278395295831599,8.35895117941695,2.6318309121344883,4.510855008657874,7.895161787318793
2487,7.1291728140136446,3.5042865241885006,2.284768341660207,8.532396126894215,2.606049963666881,4.513673384158763,7.872140099520392
2488,7.134701918337727,3.479586546496716,2.2771237915960767,8.502564354911017,2.606049963666881,4.523870832619586,7.843882835514756
2489,7.138526492601408,3.461999346308129,2.260444865997191,8.605777285228038,2.659694882643261,4.523695268166055,7.854173527524122
2490,7.139376035595324,3.395632205547605,2.245035440496552,8.571533367392309,2.651254907847925,4.527029476434112,7.8232485197626085
2491,7.153374528789264,3.3467621888326633,2.2226481795097732,8.486212594407874,2.66089774791617,4.527555638028616,7.802543066984903
2492,7.156339322016203,3.3732426581127197,2.2259394888677444,8.539699287320538,2.639136737040592,4.52422193490418,7.818078852158844
2493,7.173672504739198,3.296361661936249,2.204764322542016,8.593985020817223,2.639136737040592,4.531411725185142,7.7999498496691535
2494,7.178313598785189,3.2773836421956135,2.196754973580883,8.602425940085128,2.622048523321927,4.536663147675172,7.768743219919798
2495,7.15676273331308,3.3127912407915825,2.2219891554300606,8.619084469478492,2.606049963666881,4.529834751783161,7.789565731724233
2496,7.156339322016203,3.336761342092548,2.2360371139399087,8.615725283611043,2.626945649100517,4.527555638028616,7.811610499284546
2497,7.172406072833344,3.2737175803594543,2.209153354157917,8.60422391457406,2.65487631966288,4.530010006363683,7.773955659646369
2498,7.1896888363867175,3.23352973812752,2.2130010267374534,8.643449625055874,2.620822378959634,4.538411863271038,7.771350009031395
2499,7.170294705469379,3.266369368524191,2.2353832270653995,8.687178124133059,2.5986226891414463,4.53281287943444,7.780464814278659
2500,7.171983864130966,3.289079301505613,2.21339856467214,8.744241014365842,2.594898661633575,4.521236433291348,7.80772613644041
2501,7.173672504739198,3.289079301505613,2.2007643941659825,8.701707008277385,2.5736630207820697,4.521236433291348,7.815492347788911
2502,7.1757825776564585,3.1756907808959607,2.1806211067382066,8.589884866650142,2.5824346595325576,4.528958346368132,7.7791635508842365
2503,7.185057311974248,3.1670236653272132,2.149255328851163,8.627230779886611,2.5432888579199115,4.532112372841977,7.776560173139847
2504,7.18126498833589,3.137993748948193,2.155713226676454,8.533415873802964,2.5509265913744175,4.535438524142123,7.7648308985564505
2505,7.195998295347596,3.133596064545506,2.113627534437406,8.55900982218047,2.52406257782121,4.537712482370765,7.7674393979972995
2506,7.1833721567609246,3.186101494754313,2.13959005964827,8.496809420162728,2.516318413689805,4.528607722340005,7.768743219919798
2507,7.160148849690006,3.2834819026883886,2.1670564606692664,8.562659611934231,2.529208207083875,4.511383628769474,7.841307413270523
2508,7.160148849690006,3.2582613849601536,2.1670564606692664,8.606566225489203,2.529208207083875,4.513849456524011,7.815492347788913
2509,7.118950535518888,3.3360455010290795,2.2087548206473695,8.634426134672745,2.568633124601394,4.495666780142097,7.842595262098744
2510,7.113405476148593,3.3300723609442295,2.186689481164815,8.59122129656132,2.5698918009760705,4.4944275854303415,7.8297043533014925
2511,7.098020463507086,3.4080569104897056,2.2120730762854333,8.573437256323533,2.5799324404473007,4.495843771640033,7.872140099520394
2512,7.101870787168257,3.4052702291932393,2.2167077705115474,8.514747835939202,2.598622689141447,4.495843771640033,7.833574527499467
2513,7.086453136073727,3.452474638671042,2.2265969904263625,8.495486234644652,2.5761731736484035,4.488934365414056,7.872140099520394
2514,7.084308337957499,3.394327013007231,2.2159141481418407,8.537949338395375,2.5483839929383603,4.487870149742183,7.851602501468523
2515,7.0860242440990096,3.3439087791048796,2.2285679793282642,8.474826387825146,2.5521966535306246,4.496551646888185,7.850316577109351
2516,7.103581169626265,3.3633443008364474,2.221066093755865,8.448941148808991,2.5369011813047244,4.491061811418778,7.877263605258401
2517,7.114685604906873,3.3777080807472175,2.241650290450821,8.514580024238269,2.5471114536899733,4.498674402194411,7.88749761563831
2518,7.120229365875864,3.4082889999777914,2.23184792432655,8.529473985959111,2.5585346526730652,4.502916003228181,7.8926081405335236
2519,7.148288298920614,3.3384308604631583,2.228961904713846,8.49119588196146,2.543288857919912,4.512088330102619,7.8695767170647954
2520,7.144894858398105,3.388955037576858,2.2468554627867015,8.579731255240967,2.5597998004273412,4.505564363125943,7.873421383112543
2521,7.157186111982668,3.4073605184673745,2.2419109230172367,8.561881183323882,2.5330584983620654,4.515257713502729,7.913007272637294
2522,7.1444705307026375,3.4022479684779783,2.2649510897131817,8.529525984811745,2.5521966535306246,4.504328714248744,7.973797550449527
2523,7.132576000452192,3.4794947166532935,2.27520742374888,8.542667025474579,2.5521966535306246,4.502916003228181,7.977576925502082
2524,7.12704474746467,3.4943635087213396,2.2761019902914694,8.609894202279138,2.581183944945137,4.496197727410245,7.958656662247174
2525,7.133851650210522,3.4661325009161312,2.2923797189208153,8.66966143439518,2.584933724485585,4.4974362868719,7.975057601358588
2526,7.158879300527313,3.407824800411981,2.263664789442085,8.720157764650576,2.569891800976075,4.509444960376066,7.963707791552541
2527,7.165646844342105,3.3605092200348126,2.2526925694494184,8.608384854695196,2.5445638876782177,4.520885028954502,7.976317392993572
2528,7.165646844342105,3.336284136946768,2.2526925694494184,8.662566891631881,2.516318413689805,4.523519694836729,8.033990059367612
2529,7.167337429921603,3.378647190330605,2.247894613867588,8.691900549131251,2.5227740337316495,4.528958346368132,8.02649813286383
2530,7.171983864130968,3.3590905106181057,2.253339921452062,8.708639015062458,2.512434664583646,4.5280817199861385,8.006474991729231
2531,7.136402058739335,3.405734882343704,2.2726489913112244,8.689193074303326,2.5007362257200105,4.51684131905088,7.976317392993572
2532,7.13087467168367,3.4110724696807293,2.2713683671131717,8.676572769110074,2.529208207083875,4.519303268956767,8.006474991729231
2533,7.135127002909104,3.4235616341537605,2.2643080585552693,8.797802009059726,2.5059443145947284,4.518248361535234,7.9926711572789895
2534,7.141499317197198,3.4281722200485154,2.2572189569147745,8.757067392432676,2.504643614714835,4.5191274733278215,7.980095213729404
2535,7.119376845551374,3.4249456588633,2.2847683416602074,8.593121973372194,2.517611262943287,4.522466068399187,8.006474991729231
2536,7.106573048821116,3.460450257671936,2.3034838909011652,8.639979593535157,2.5432888579199115,4.512440627013757,8.02649813286383
2537,7.101015394694546,3.4749726495281266,2.3081319296754206,8.708181832457628,2.557268689506619,4.510678784021218,8.01399130678911
2538,7.101015394694546,3.4629519409993748,2.317765990306554,8.719865954164517,2.5749184956461155,4.507857969259783,7.9926711572789895
2539,7.122786129442039,3.4110724696807297,2.3075045288937184,8.755407974322674,2.5635903657157786,4.51684131905088,7.935874722944811
2540,7.085142739218803,3.4761038847438908,2.332058152122354,8.844932171932047,2.571149674855428,4.507857969259783,7.981353969742728
2541,7.085142739218803,3.495037406069725,2.332058152122354,8.850681684114285,2.6134497671425607,4.509444960376066,7.981353969742728
2542,7.0946863403404,3.4858127793879694,2.325361299364404,8.834205563797005,2.606049963666881,4.515433705401014,8.022748751526507
2543,7.0920851989559885,3.4918911021662344,2.3318105671746365,8.764300151627575,2.6109862009802702,4.509444960376066,8.000204367474199
2544,7.089916631480527,3.457035069998769,2.3135184321931668,8.728229248338657,2.6085196032708344,4.517369026881511,7.978836199031583
2545,7.103780568067389,3.4733881138788902,2.3049927007476585,8.789195660367302,2.5836845855878994,4.518072512438376,7.988901081673676
2546,7.115450909831634,3.4281722200485154,2.294909541500559,8.787155862650017,2.5749184956461155,4.522129323204535,7.973797550449529
2547,7.1266655004691835,3.4126947949300526,2.299328011177392,8.895423690887899,2.5749184956461155,4.525477029559053,7.997694324349503
2548,7.1365669731965795,3.354355832506914,2.2726489913112244,8.899688530104314,2.5673736443128,4.529173377018153,7.98135396974273
2549,7.137857150866101,3.3959597655391245,2.2936450845392664,8.982190462592259,2.5648522662989035,4.530404619981941,7.997694324349503
2550,7.149025990431608,3.407360518467375,2.293392084165964,8.929706443864672,2.5471114536899724,4.53427140611121,7.993927334512724
2551,7.148167655853315,3.3741833868382574,2.294403867639334,8.915038276329405,2.554751861313513,4.543919628856032,8.003967509913199
2552,7.139576915381346,3.348662702832926,2.277506813146218,8.908948791111293,2.525299784181376,4.539361979855207,8.00898145104547
2553,7.12580365575455,3.412231375950215,2.2968045271542126,8.947631173663432,2.517542690589143,4.533920057594658,7.988901081673678
2554,7.132264185081533,3.3898900908127647,2.285912153265416,8.894764994867854,2.529166716805096,4.539011144532104,8.007728349127701
2555,7.147309187000835,3.338430860463159,2.2681626846806404,8.94467865296197,2.498012428132882,4.544970548697983,7.996438917902497
2556,7.168730759193799,3.297331060871128,2.2655938831592874,8.927505792989294,2.5123539502350845,4.547596464479628,7.968754751115672
2557,7.168730759193799,3.3353066754174856,2.2771237915960767,8.95874286792947,2.5110545822688457,4.546546335229155,7.973797550449529
2558,7.1674478160002515,3.3100526814738296,2.2854038846106577,8.949140714664091,2.5110545822688457,4.547071439342821,7.973797550449529
2559,7.1674478160002515,3.3100526814738296,2.2854038846106577,8.873158555571369,2.530453984265528,4.547071439342821,7.973797550449529
2560,7.181543777635056,3.3100526814738296,2.280313077889918,8.889685915503264,2.530453984265528,4.547071439342821,7.973797550449529
2561,7.203257829230968,3.2453015435327512,2.264951089713182,8.841283353913422,2.545835147397607,4.559824708845584,7.973797550449529
2562,7.209628110714228,3.262927498280854,2.2662364391366396,8.874832452263785,2.527878595351642,4.55947592311669,7.949807123779651
2563,7.158887205885291,3.3560845885174655,2.2879437574024633,8.880173572241569,2.527878595351642,4.542517909712854,7.921910387738239
2564,7.159743866926102,3.3640676981468864,2.2898462544683693,9.011452881146221,2.527878595351642,4.541992119752989,7.907913914748871
2565,7.154601896266626,3.386243706952065,2.2961730916083454,9.013771763343666,2.5522083688408577,4.544269970645662,7.910461127670279
2566,7.162313049319842,3.3666451917663283,2.291746694799904,8.954252384776854,2.539441075569501,4.5486462779541315,7.909187654781365
2567,7.170013403383023,3.3265199672662673,2.2840053860212675,8.889473274532753,2.5265896183352767,4.55947592311669,7.930800488407965
2568,7.13656697319658,3.32580620577493,2.297435736660419,8.814595390121912,2.5265896183352767,4.553191827110537,7.92063931218356
2569,7.136136846451818,3.336728707973749,2.298949718572042,8.82558278247943,2.5201318445310954,4.554414619288121,7.9180963636591235
2570,7.1434444139614435,3.3513770648568575,2.3024773020638523,8.823223622890353,2.5201318445310954,4.550395266067149,7.906639907417647
2571,7.153744433055921,3.375296138721112,2.3005884014173144,8.797535047880356,2.5317403992981142,4.554414619288121,7.963707791552543
2572,7.1563164212277774,3.3357807740083176,2.2986974784487395,8.782337594499449,2.536877566289569,4.556160723792469,7.985128687145581
2573,7.1563164212277774,3.340990076630159,2.2968045271542126,8.843177433681246,2.533025963463334,4.5573824784944845,7.988901081673676
2574,7.170013403383023,3.2777641317035986,2.27942066359895,8.848628400407794,2.545835147397607,4.568185163862628,7.966231791956494
2575,7.170013403383023,3.2772790713672375,2.27942066359895,8.891652505432397,2.525299784181376,4.572184160846859,7.993927334512724
2576,7.176849130491526,3.257554967163312,2.2646939057890534,8.951614798349675,2.525299784181376,4.576005029868239,8.002713385206809
2577,7.189643311258765,3.217384407172182,2.2585100407958514,8.924969111813963,2.536877566289569,4.576178607004914,8.041472896479005
2578,7.184529200169112,3.2228443087583183,2.2617335519301234,8.89409122940244,2.5623626203274616,4.582421681640134,8.063867175180745
2579,7.194327087357165,3.1770548570063513,2.2416502904508206,8.910874368398925,2.5547518613135125,4.591938375315114,8.07751278015655
2580,7.183676387208476,3.137331221835243,2.22462372624832,8.9865912388855,2.5381597424968905,4.586750639999592,8.053924175657956
2581,7.178983556755417,3.1560009285804376,2.2347290909467894,8.981439778455824,2.5278785953516416,4.585539068227075,8.048946674653497
2582,7.167020101790313,3.1762970361535485,2.2412592675737018,9.01779493632201,2.5032399123611118,4.583980720120794,8.104714287670673
2583,7.176849130491526,3.1503896097259583,2.223306949158343,8.994128646590612,2.4993206345142003,4.5794749445650345,8.115807969615577
2584,7.1785567376349135,3.191157857292368,2.237997281723254,8.870485041247015,2.500627949561001,4.583287899411109,8.079990574925292
2585,7.173859543851654,3.1939185637993077,2.230930172846227,8.875004019513561,2.524009091310564,4.582421681640134,8.099777407795493
2586,7.18708684823467,3.1280707407579316,2.2338128811495657,9.00082847077995,2.518837700903035,4.59159276379811,8.071313957615217
2587,7.173005078112539,3.183612799295593,2.2252817342316606,9.07354808682699,2.533025963463334,4.581381938693421,8.068832691468543
2588,7.18410281017236,3.129359053735946,2.218029652623378,9.229302801888757,2.5214251230767775,4.591765573792198,8.04396516091989
2589,7.190921098854892,3.093805972304973,2.2020987552421913,9.176321682617328,2.522717538138679,4.594184024760195,8.03274203698306
2590,7.17941034282396,3.096941375688086,2.209020520060574,9.189537642050823,2.522717538138679,4.588999596565632,8.10224633752972
2591,7.185808172427099,3.1252340166041925,2.2087548206473695,9.142188914878565,2.522717538138679,4.594356707807453,8.068832691468543
2592,7.197305605250504,3.1055424878457902,2.1924677252123956,9.157573838161216,2.544558007098782,4.60142944701669,8.055167924967748
2593,7.212598401101238,3.091189970846292,2.192065235570963,9.21991246300322,2.5381597424968905,4.608660038917454,7.983870706303972
2594,7.197730976752321,3.14706770216042,2.2023655010980416,9.197948293792209,2.5496615702734053,4.598843503046247,7.993927334512724
2595,7.197730976752321,3.167691885856045,2.2023655010980416,9.202308643880814,2.5598289753095664,4.59660081852917,8.023998798876153
2596,7.199857343261083,3.176802276219359,2.220670342888092,9.194276911573981,2.5509353835624045,4.5971184876048765,8.008981451045468
2597,7.213022598244296,3.121877194328499,2.2060955333453953,9.146098159770625,2.540721567040109,4.606939810102084,7.993927334512724
2598,7.221076178115573,3.1076229380334914,2.2040983243570875,9.181401407349364,2.5432800312833987,4.610207530061424,8.016494705516486
2599,7.21132561464461,3.1337341590751384,2.2116752279731187,9.092204331787544,2.529166716805096,4.605046591511297,8.041472896479005
2600,7.22192324293416,3.1003334032345786,2.200096818265443,9.173919440664363,2.5381597424968905,4.610551325107591,8.078751801278761
2601,7.2265797879520015,3.0473357879615754,2.2112772864166588,9.238690147261655,2.5071512133549394,4.613300484207154,8.098542575244437
2602,7.235036234858733,3.039589783570273,2.2020987552421913,9.195040639478274,2.509754337892926,4.613472235802895,8.118270551156963
2603,7.238455659946119,3.0561191250245594,2.2078245446697595,9.115171974162527,2.5110545822688457,4.605046591511296,8.123192797381197
2604,7.2504071115894035,3.0783296665634667,2.2074256986239984,8.997142020028644,2.5071512133549394,4.613987440624493,8.088655072604318
2605,7.2559472863041385,3.0820111731143385,2.2054300587764657,8.945012650893743,2.5265896183352767,4.6146742638419465,8.096072174100469
2606,7.261907472684043,3.061426394559812,2.193406493618846,8.89525027278989,2.520131844531095,4.613300484207154,8.0725542181715
2607,7.270410987660238,3.067250582830128,2.1931383274841885,8.937782249460238,2.5214251230767775,4.6150176255230475,8.02649813286383
2608,7.264034567116002,3.0253664637925493,2.190051341787908,8.880196362455628,2.5058483299017373,4.6221044028497005,8.03399005936761
2609,7.2716853978879366,3.0245587634515494,2.1909914589526425,8.94776811926407,2.474310349649544,4.625211204389679,8.048946674653497
2610,7.281022197202287,2.964266629847499,2.172902777187378,8.940897699298631,2.4676737325597435,4.631244438469765,8.03399005936761
2611,7.2746578909311195,2.9484548492792473,2.169098204770381,8.89352271251587,2.43819233652904,4.627280896149357,8.071313957615217
2612,7.2716853978879366,2.892651222915266,2.168417901636894,8.832795340744799,2.454330276201129,4.624693592918257,8.056411424179734
2613,7.238455659946119,2.974471888612092,2.1954163798711015,8.729099210707329,2.442178587283351,4.604794633692689,8.015243133461906
2614,7.246995030704726,3.001556089032989,2.195282462020041,8.701696700828922,2.4623880568238494,4.5962818255410065,8.003967509913197
2615,7.22733482144033,3.0582434725414602,2.2168731549392344,8.72174645256655,2.43267254018758,4.5769213525538355,8.023998798876153
2616,7.2123291700001815,3.100072649662275,2.229670849063874,8.717851840840137,2.455675631848793,4.578669911468744,7.997694324349501
2617,7.200295303822618,3.1182568890331885,2.2280928168593186,8.717880180558053,2.4717456029955076,4.565885363472118,8.01899708634401
2618,7.1938377998117256,3.1182568890331885,2.233347278333537,8.81070377767818,2.490323556197058,4.572546143845424,7.996438917902495
2619,7.174852087770492,3.167870483898618,2.2470642057849353,8.881842174441454,2.490323556197058,4.559036112702456,8.01899708634401
2620,7.199004406592949,3.0924105343310107,2.226118227043659,8.751050467254052,2.517856712155339,4.5702688787434615,7.991414722825141
2621,7.200295303822618,3.1239057505037975,2.237670117566605,8.747831670301617,2.4916436544804363,4.569918399058958,7.991414722825141
2622,7.205026016532925,3.103558831401493,2.224800565343681,8.692665205394789,2.5152514059308317,4.571320107797646,7.93333813412314
2623,7.210182183884045,3.106143992771341,2.230722062838422,8.717824405913284,2.508722711974481,4.573421621778957,7.907913914748869
2624,7.221337434592486,3.0801649964558466,2.229407944729882,8.695535556598179,2.5021718113893914,4.582164422343537,7.926992035491149
2625,7.236318765916468,3.0163521743028467,2.2193874927188624,8.669786736065557,2.4475890403449885,4.595412016422995,7.902816280077733
2626,7.23589128846456,3.0227857848329345,2.2300651298703005,8.677961143296104,2.4664040967349523,4.598368493120513,7.89771435866994
2627,7.214904454931842,3.096045954010365,2.2470642057849353,8.68151424934204,2.475741886677417,4.5811164336532615,7.879823731087089
2628,7.2204801352880965,3.085122944734621,2.2464134913377514,8.707434593619523,2.4650663636714856,4.576746448800148,7.86701224651653
2629,7.215762617209175,3.1305645705517167,2.243156229681098,8.731058186456512,2.4784014144739235,4.574996932179666,7.879823731087089
2630,7.203306225598742,3.212043997933489,2.2470642057849357,8.66673170394378,2.4784014144739235,4.565358973173392,7.887497615638308
2631,7.218765138796304,3.1911795937793257,2.24524158620146,8.59914552154945,2.479729785382182,4.569743146086312,7.8849407350112175
2632,7.22733482144033,3.179427542062255,2.2409377678858173,8.661450275568868,2.4730786322339586,4.580417601000211,7.877263605258401
2633,7.221766034534148,3.159798288432036,2.242764944115064,8.55485338185386,2.4730786322339586,4.581815127472634,7.855458629544092
2634,7.215762617209173,3.1736558655141986,2.2379317583267935,8.532655849284769,2.4448857633217305,4.574296881466147,7.895161787318795
2635,7.205885711515697,3.2021306520328534,2.2530392990189494,8.427773141295763,2.43267254018758,4.568165475202446,7.88110338779715
2636,7.215333552689266,3.2261020391800805,2.259768993117376,8.413304653373176,2.4462378882389553,4.573946803771199,7.913007272637294
2637,7.220908801512836,3.225856094317384,2.2514825701119796,8.444470783761789,2.4502884338558863,4.582513682534626,7.951072129124877
2638,7.218336306739647,3.2556830723637256,2.265185517998689,8.465081477789788,2.4408235322611027,4.577271133944958,7.968754751115669
2639,7.218336306739647,3.2556830723637256,2.265185517998689,8.45706249153827,2.448939221574506,4.577271133944958,7.968754751115669
2640,7.213187731384411,3.2556830723637256,2.274175755448902,8.507277381556058,2.462388056823849,4.577271133944958,7.968754751115669
2641,7.21404615967593,3.284677860174403,2.2859215549916856,8.47906349978208,2.4340335085192075,4.584433994109562,7.94094473477491
2642,7.211470475466128,3.284677860174403,2.298347518965402,8.485571352218866,2.438110478409698,4.579019518887423,7.951072129124877
2643,7.22861913261058,3.257140803169743,2.2911308540760023,8.44463133652544,2.442178587283351,4.59088554788627,7.925722021415985
2644,7.235463778114317,3.229297102539177,2.2824825791551038,8.497757747958042,2.424485817035214,4.590537117162075,7.9231811976928554
2645,7.2333257326426965,3.281312319684835,2.2948061846872227,8.491323919030284,2.4148888965505826,4.589491618237865,7.905365632632373
2646,7.226906651648373,3.265869400052493,2.299610560102553,8.46894978048446,2.4148888965505826,4.586178823141785,7.9308004884079635
2647,7.243580855932916,3.267321214226423,2.30754702757112,8.446713095902831,2.438110478409698,4.596803608110455,7.96118274871359
2648,7.245714960733701,3.267321214226423,2.3086779088438707,8.529130317004649,2.4448857633217305,4.596803608110455,7.966231791956487
2649,7.233325732642698,3.294269028480217,2.3272964324901024,8.541188992308411,2.4529839592564366,4.594367962322398,7.9460105336099
2650,7.240591732567234,3.310966605164688,2.3342440556392163,8.53829521023134,2.4529839592564366,4.594367962322398,7.9460105336099
2651,7.259353887601565,3.3327465743468183,2.3422746332408875,8.630463769685157,2.475741886677417,4.5971514203006905,7.973797550449527
2652,7.279749915722143,3.304300762248301,2.3377077872647094,8.602500851921878,2.475741886677417,4.611901875379208,8.023998798876152
2653,7.28568475366154,3.249356390971599,2.330649547289035,8.593179619308197,2.470411636654856,4.61951332213038,8.025248592607802
2654,7.28653207370277,3.2748089050178146,2.3422746332408875,8.561860815056113,2.482383750174124,4.6177848827337895,8.03523782926942
2655,7.294152185852458,3.2721545369936047,2.355049472584528,8.465090516218712,2.496914960923659,4.619167701646552,8.041472896479004
2656,7.295844136457522,3.2564120440173383,2.35981683533751,8.511902962255933,2.4942811215770178,4.623658143524589,8.051435926187766
2657,7.308939461891788,3.265869400052493,2.35981683533751,8.587336986845754,2.496914960923659,4.622449737346413,8.066350431024896
2658,7.305562949994426,3.2952261460318613,2.3665187947984085,8.571994605218032,2.482383750174124,4.629349382765778,8.07875180127876
2659,7.322004296244907,3.2992898618346462,2.3527223509894273,8.561882620316931,2.479729785382182,4.633138484639652,8.05268017611109
2660,7.326212286974252,3.224379911927673,2.3327575478736886,8.507205768917949,2.4744107261899404,4.64551105235336,8.061382922830536
2661,7.341335051744006,3.2273313973152837,2.3312698052086676,8.45978671376609,2.475741886677417,4.647740417390491,8.066350431024896
2662,7.33293853127619,3.212043997933489,2.335234376160324,8.45103732612393,2.4650663636714856,4.648426095693987,8.086180735805089
2663,7.3425934512418625,3.2339594170758708,2.346829910093133,8.360533306644669,2.4744107261899404,4.651510019013059,8.068832691468542
2664,7.3430128553182605,3.2201926068483027,2.3557837310855976,8.297550696433165,2.4903235561970574,4.660062530365835,8.038979625490947
2665,7.3430128553182605,3.221671288748106,2.3557837310855976,8.295982312024838,2.4942811215770173,4.660062530365835,8.038979625490947
2666,7.335458801996169,3.2391023361844944,2.3792452541460483,8.305401956146499,2.482383750174124,4.655104566792369,8.063867175180743
2667,7.334198807648754,3.2600537181909313,2.3852744189313126,8.242507687824633,2.4982305244993994,4.6429369751627,8.035237829269422
2668,7.350556799583872,3.2600537181909313,2.393442365085256,8.228524249956903,2.513947433683076,4.6429369751627,8.04396516091989
2669,7.348452052263892,3.297617357067066,2.4110952997569197,8.250890311481651,2.517856712155339,4.65236619186294,8.071313957615217
2670,7.333274632561202,3.3303881691543764,2.415008534491392,8.219720272257849,2.5411482107719015,4.645339505007099,8.117039382032795
2671,7.354763940823499,3.3121550959260277,2.4183223893743033,8.153128855743148,2.5424340418278994,4.6651842380199815,8.107181259293315
2672,7.363588748901266,3.334631734464152,2.434100311780644,8.118013413900727,2.5437190263618175,4.659208199318831,8.07875180127876
2673,7.353081460586864,3.3199852429245356,2.4497461267988903,8.083796113141188,2.5501313049631307,4.663307129298115,8.067591685602762
2674,7.346767688852924,3.3611127467579363,2.4401873395474074,8.068457215406283,2.5679749153035303,4.659192585279299,8.08618073580509
2675,7.363588748901266,3.3611127467579363,2.419504476519651,8.07752604386264,2.570510843473732,4.659192585279299,8.028996453517784
2676,7.382452811077091,3.3655386807978522,2.434569248651891,8.153725174168303,2.5679749153035303,4.679377087208443,7.996438917902493
2677,7.379522526156923,3.385246747124987,2.4460216569977633,8.096296313631356,2.579361037303503,4.68005932145097,7.981353969742728
2678,7.384126579591802,3.403430595975545,2.4499812641603618,8.108682948454287,2.585658466419279,4.680570912131147,8.000204367474197
2679,7.397498975782198,3.376454601306065,2.4340924368360612,8.145121299915914,2.5906820623171036,4.688916604921886,7.963707791552541
2680,7.382034291706016,3.4230828777247893,2.4488175394800558,8.167519327818724,2.573043517002939,4.681082429984627,7.958656662247172
2681,7.361068781300385,3.4342146794977806,2.4511442692669885,8.172410201596971,2.6006913713257345,4.66861475998223,8.03274203698306
2682,7.343397452117318,3.4421372792747404,2.4499812641603618,8.215519111176402,2.606921790891537,4.654042739998105,8.053924175657956
2683,7.349714994869625,3.408929802842652,2.434796264049803,8.257203397518447,2.6143727855619807,4.658849492929617,8.026498132863829
2684,7.341290030621522,3.4148450342814276,2.4258614513974908,8.236835004228011,2.606921790891537,4.648713423600533,8.000204367474197
2685,7.360648677439162,3.38995648110166,2.406433545436622,8.205912891273158,2.613132874559541,4.657133537284362,7.9674934016173715
2686,7.370722564117408,3.407334954476164,2.4083379435772403,8.20943007135764,2.585658466419279,4.657991618034048,7.985128687145581
2687,7.348873064545699,3.392020514442064,2.41237829022913,8.255889221801693,2.5894273533800396,4.663992427007424,7.978836199031581
2688,7.314668705284005,3.4091575589939564,2.431979362919426,8.316443228848158,2.5869155568198323,4.636822735370841,7.9611827487135916
2689,7.311279180764949,3.3966014078006896,2.423739024150833,8.250703000018593,2.606921790891537,4.627316124750816,7.985128687145581
2690,7.321018555365764,3.399117472413118,2.422322726617116,8.293914500470587,2.6056772591769333,4.639928481203646,7.951072129124879
2691,7.317209506660294,3.3696879386185037,2.4293934648287925,8.244326659141516,2.62796156852565,4.637685714308163,7.9498071237796495
2692,7.320595455214152,3.411661569714272,2.4548610643794175,8.255308867136652,2.668189027848517,4.630430178027784,7.996438917902495
2693,7.30152287723064,3.4066511502842682,2.4462548061998706,8.282808271928454,2.6669816097463337,4.6205596275405805,7.956129530958589
2694,7.30152287723064,3.4125715257634424,2.4462548061998706,8.272276735182684,2.6669816097463337,4.629565436908726,7.976317392993572
2695,7.29089890305759,3.4605778122537494,2.4675819957033878,8.326965869675787,2.695765639639397,4.618825118154378,8.028996453517786
2696,7.2862179602686625,3.4552120383140186,2.4859341138983515,8.344206616386684,2.699335569790239,4.6193455600491395,8.03897962549095
2697,7.291324249222991,3.4496111241800005,2.4964071339905587,8.371315923521667,2.717093709743335,4.624545783914222,8.068832691468543
2698,7.298974960305597,3.423013387679069,2.475173724379542,8.379753679502665,2.7076415819216213,4.633887040859695,8.066350431024897
2699,7.3108553462627555,3.4473674386472704,2.4898112633354135,8.396930852168893,2.668189027848517,4.633195937050517,8.06138292283054
2700,7.294725855649265,3.481046942602216,2.4975420605937706,8.421309063049687,2.686215587333041,4.636477485210295,8.09112842386316
2701,7.255053747266856,3.4794950191505327,2.497315129019149,8.43714283165224,2.6898020332274184,4.609618018959109,8.063867175180745
2702,7.2477712548834905,3.475500212784834,2.488671741958856,8.419358123381649,2.68262289330595,4.611878580403695,8.056411424179734
2703,7.246056341527512,3.4518529104184337,2.453003583793422,8.465885265364506,2.65729651830037,4.613790236459344,8.033990059367612
2704,7.24176674348308,3.466824216488789,2.4629661032194923,8.462443855830292,2.6585096688344514,4.614485128371082,8.056411424179734
2705,7.202578299334536,3.4284448812002255,2.4523065560300585,8.43063591035078,2.6585096688344514,4.607878142427294,8.03274203698306
2706,7.210351878456631,3.4401748296213013,2.4641211323498426,8.431334821522876,2.6560826459048017,4.605092558675195,8.016494705516486
2707,7.2189764048278295,3.439049213934232,2.472416608720144,8.417033424564588,2.67301159888933,4.622293289206506,8.051435926187768
2708,7.207761898775402,3.4677153638021716,2.4682734100114754,8.418286893172422,2.6693957346569204,4.610661534405206,8.137936277446936
2709,7.205170706259107,3.4621407896736205,2.476550783206459,8.394184934319691,2.6766211030001323,4.617263333957006,8.137936277446936
2710,7.181361319392148,3.4865821837304964,2.491177792896383,8.435609110435975,2.7005241807662426,4.603350453695032,8.14284304603974
2711,7.159191273021288,3.489235037981315,2.4907223915523726,8.43289743305962,2.69814627666731,4.603350453695032,8.172203132080655
2712,7.1700701001796805,3.4984994056716197,2.485249093011814,8.404732259056404,2.6693957346569204,4.603698943389651,8.125652464187148
2713,7.133431483306011,3.5121172597742416,2.4877596352735556,8.435675644982629,2.6657734791887355,4.590606982936424,8.189266579647832
2714,7.132118424383759,3.49497389438855,2.4733360921162473,8.475751543096267,2.6669816097463332,4.588507752195398,8.167319329361444
2715,7.162674839501777,3.479051446810912,2.463197165486621,8.52257746528096,2.6500024142395615,4.598642475214594,8.130568890480264
2716,7.139992060771259,3.4958557064097002,2.4425209392304343,8.57591614512792,2.6451251131497453,4.593054506159195,8.128111161534564
2717,7.177889562150746,3.466601383033375,2.4373746994054235,8.506849480873779,2.637787119614799,4.5984679850514585,8.118270551156964
2718,7.1856979439226105,3.4475918927957707,2.4429880791766707,8.473994156748537,2.6304224390810855,4.6036989433896505,8.150195985781505
2719,7.186998266690671,3.443324004218549,2.4415863100439372,8.447233387507682,2.635335204585021,4.619692478884224,8.078751801278761
2720,7.174415616231722,3.453421033085217,2.4557891185074507,8.46999237648856,2.654868050457684,4.606137409734035,8.07627351142179
2721,7.178757706500523,3.471499416356877,2.4719566999450167,8.512628147605012,2.6657734791887355,4.608922171011177,8.07627351142179
2722,7.130805050498056,3.475944375510099,2.4760918744367677,8.439445331802265,2.6838211540791357,4.593229264245519,8.093600790667304
2723,7.124671801695357,3.5024600823573704,2.478156092303309,8.427617907168413,2.70408593161668,4.584655909966286,8.123192797381197
2724,7.136494063773448,3.498719596498779,2.482963911749931,8.33875326444349,2.7017121106771227,4.594277630935365,8.104714287670674
2725,7.1465447953983,3.526538508683196,2.5043375594498545,8.234283705735793,2.720627236373241,4.59637343001045,8.09236473025429
2726,7.171808718173316,3.5230495078277686,2.5234622618600473,8.296123150474802,2.7428687897554362,4.600735684855779,8.137936277446936
2727,7.155269619666279,3.5230495078277686,2.523014436562145,8.240840531937717,2.7498438198521793,4.593054506159195,8.128111161534564
2728,7.135181738953674,3.5480274578485096,2.532174249973719,8.317944231804208,2.757952338201292,4.5862321729413305,8.08122910123292
2729,7.150036389296602,3.542616975169757,2.5133610332235277,8.36110301356083,2.75332270809916,4.591131595279193,8.120732160058004
2730,7.136056657095789,3.5243584104031065,2.5124605849164956,8.489386930125233,2.746359189174664,4.591131595279193,8.120732160058004
2731,7.148727301900685,3.502240197812132,2.5165092982220316,8.481325055007444,2.756795880030702,4.593928209998091,8.105947895729676
2732,7.137368772380556,3.5173702625035372,2.5268176572031162,8.537537158897837,2.7475213724017626,4.588857710856145,8.115807969615577
2733,7.164850948333987,3.5234858790600345,2.5346244289286144,8.531085591769704,2.7451963649778905,4.595500331697875,8.08989187135839
2734,7.161310821137324,3.5208665948010456,2.537516123146378,8.437614453195755,2.75332270809916,4.595500331697875,8.110879884352212
2735,7.161310821137324,3.5538587336750327,2.537516123146378,8.406239027615028,2.7912188110950344,4.585356558426411,8.123192797381197
2736,7.121326247587664,3.5504046688113062,2.5626923901749765,8.491558305612024,2.8014384681447826,4.565861539561681,8.123192797381197
2737,7.128901275356029,3.588374717456957,2.5701390084449476,8.407792411872794,2.795766888631219,4.565685415723871,8.155093148999379
2738,7.151563697526244,3.595608687872414,2.5731971084616627,8.465693415710959,2.7912188110950344,4.573602245260418,8.115807969615577
2739,7.19441051367847,3.568275370535311,2.567076161344594,8.514252856026433,2.7912188110950344,4.578519276742091,8.155093148999379
2740,7.189568309457181,3.5843239178959934,2.582560376717073,8.491993866493539,2.7957668886312184,4.585764317627803,8.130568890480264
2741,7.195290458449234,3.5622597505778804,2.574288140469131,8.480704824106239,2.8228553396378726,4.579226767377628,8.016494705516488
2742,7.218120009005217,3.5391486100458156,2.5505863575971635,8.451959041950005,2.8127369833419853,4.587352697925371,7.985128687145583
2743,7.205399765396063,3.5467299224210223,2.5618189281243686,8.433265528902908,2.7797448283864914,4.584528415094459,8.078751801278761
2744,7.222061738685144,3.519337506139524,2.565548893352788,8.482664036804316,2.7991464785982427,4.602494568957269,8.066350431024897
2745,7.229062347229271,3.530675866029624,2.5624776712292925,8.434804916968602,2.7991464785982427,4.59897899753844,8.073794230566456
2746,7.21899619122062,3.548675993834845,2.5803986162380923,8.392870517980016,2.821750005759452,4.595635959220647,8.058897672866731
2747,7.236054136181384,3.543266801366844,2.5784396053643386,8.44351081787209,2.827364153543598,4.600737220649647,8.06138292283054
2748,7.234307014099072,3.5740636625032876,2.591246912640245,8.431761660348934,2.840779211630192,4.59897899753844,8.086180735805092
2749,7.2391102783455565,3.5582641808935587,2.588432051702363,8.382537616932126,2.822873998972226,4.602318873458342,8.129340146991652
2750,7.226875605923184,3.501576393877052,2.5727693204193485,8.375600834233149,2.76824922706185,4.610917701463302,8.128111161534564
2751,7.232122338305888,3.477636950143014,2.5895151622137202,8.31283720185308,2.76824922706185,4.611969184388505,8.115807969615577
2752,7.249575743787838,3.430899625830784,2.560940260611873,8.320351152441633,2.77170442952009,4.61372096233955,8.131797392132206
2753,7.25480110421993,3.4427732604907506,2.5314978362353266,8.377139849656164,2.750888302509271,4.6130203551407964,8.130568890480266
2754,7.274786390123244,3.4421025920125436,2.510642337416468,8.314886550998025,2.754371894784019,4.622117463170483,8.07131395761522
2755,7.265237144202544,3.434938177005675,2.531051684176569,8.234737385566497,2.736896110497195,4.620719426360748,8.098542575244437
2756,7.296428723697933,3.408123078627183,2.515821118158919,8.190918261502398,2.7462345547961857,4.626831775975955,8.08989187135839
2757,7.296428723697933,3.4376271119937107,2.5457209875814937,8.269654963019216,2.761321916563189,4.627878551659762,8.09607217410047
2758,7.279988194631767,3.422353397093897,2.5558802832833782,8.258110706083869,2.7957353963048743,4.61231960931248,8.113344414369434
2759,7.236927491202964,3.422353397093897,2.5747339522526436,8.22228142804123,2.8014175286611893,4.61231960931248,8.13425367045273
2760,7.251318075589964,3.476975028239615,2.5845279566270447,8.128607842116162,2.805952448816209,4.602318873458342,8.130568890480266
2761,7.230373978535087,3.4505851859878223,2.589948241227566,8.15836336565067,2.8195002679966716,4.599506556397901,8.183177811310427
2762,7.2347438461432265,3.4736629537342902,2.581268666193273,8.227630585578234,2.774004784347269,4.600385646050255,8.209924420323663
2763,7.222937298127694,3.5094363240682798,2.5925447368011096,8.181547314348443,2.7785980550895006,4.591408640852811,8.252243441875041
2764,7.2347438461432265,3.50660066301832,2.5929771568407882,8.29815907783677,2.8070846881090654,4.598451359838107,8.235349821760941
2765,7.2347438461432265,3.5359038042216424,2.5929771568407882,8.336706156231381,2.8070846881090654,4.58823482195267,8.282299086461778
2766,7.213737018306229,3.5337440479877436,2.6157624120688188,8.428804758253413,2.829605751506393,4.588058414820664,8.223255258476538
2767,7.201446151043087,3.5451712380234763,2.6016059106684684,8.447812838908312,2.8183745217663985,4.578342381831187,8.254653140805559
2768,7.183840222026618,3.551188920772587,2.6114831169312223,8.461047142315113,2.8183745217663985,4.57692690192141,8.295478664290249
2769,7.203203661946602,3.5216175049530722,2.5899482412275656,8.403260760201016,2.8329638179027192,4.58064132166764,8.307436474890379
2770,7.2084728462729055,3.5432341548174846,2.5968647178823745,8.47330546578067,2.8485666979909547,4.583468724539775,8.312213326680597
2771,7.20935055599788,3.5524766971429163,2.6007447129335524,8.519279655101284,2.8374331905430092,4.590351018813143,8.278699911666038
2772,7.2316852999803505,3.512704536514698,2.5758245711162453,8.536265620122366,2.8161212703925456,4.593522933468957,8.28829318785851
2773,7.225125592120107,3.5181427726211307,2.5651104405663694,8.56019622992098,2.7485627116218465,4.585234698246768,8.252243441875043
2774,7.251318075589964,3.4965427166487593,2.5620385336733245,8.639874956858517,2.7647883978874286,4.592818310130108,8.247421292329296
2775,7.238673789505638,3.525521248346525,2.5790928243570423,8.644746687228425,2.770553318995767,4.588058414820663,8.285896225081308
2776,7.258716909631622,3.55976263943284,2.6050469942402175,8.6647974461489,2.777450664957372,4.582585405234221,8.261876745797936
2777,7.239546732906092,3.5687361894051612,2.6127678641395518,8.623471892454855,2.802552154886543,4.583998609703968,8.308631023223244
2778,7.222937298127694,3.579380811683552,2.616830811927347,8.690482876235809,2.793458326351992,4.576218948089041,8.343176097301578
2779,7.232122338305888,3.5798057392808897,2.6076239265227708,8.758406884038278,2.785469474358838,4.584528415094459,8.331285076353554
2780,7.217681865941094,3.625734979802071,2.6276961978707054,8.809224232838362,2.785469474358838,4.574448439060567,8.300264481375727
2781,7.230373978535087,3.6146385926492672,2.6300320514125133,8.829702194242616,2.8183745217663985,4.5799341156597295,8.33961110981532
2782,7.218558117429195,3.6152678748693794,2.635542445483063,8.850693042186116,2.814993763556772,4.578873039858995,8.312213326680597
2783,7.207156020609658,3.622808160680527,2.643990789514686,8.844627968168393,2.7774506649573723,4.564872226468391,8.297872022262496
2784,7.200127651125685,3.6353300734357807,2.6359657005986685,8.85898924872728,2.791178836048897,4.5602521113357835,8.316986605346965
2785,7.198369161854785,3.623853806703058,2.6174715791998993,8.867267540933804,2.779744828386492,4.5616743344403705,8.28109958792919
2786,7.198369161854785,3.619040575762229,2.6174715791998993,8.845080911162576,2.746234554796186,4.563628948633304,8.309825347888673
2787,7.210228126553711,3.633455369154636,2.6346956695243557,8.899309624499022,2.7450695117046036,4.567180001559288,8.347926329623212
2788,7.24216474081908,3.6271972359435645,2.6374463968428277,8.88490022199358,2.756691104917744,4.57303138889138,8.328904218015316
2789,7.25915182929021,3.6390757089809873,2.615976137512178,8.914352120540672,2.7380656854367937,4.580994871343517,8.3574162465054
2790,7.269579736094801,3.5889258397705293,2.602251565359355,8.881218726481857,2.6859744995630597,4.585764317627803,8.305046706758352
2791,7.272617541014181,3.5676694510250533,2.589948241227566,8.888512965556963,2.7050680133538663,4.588411220250401,8.314600412191954
2792,7.2582819560262966,3.581929392456318,2.600744712933553,8.808107977063338,2.6703298310032473,4.582938759568621,8.328904218015316
2793,7.274352687684772,3.5823539263255793,2.593193331639806,8.728032655967638,2.7015013631591303,4.584528415094459,8.28109958792919
2794,7.275220058884514,3.573424911927209,2.606765317778371,8.690869155280726,2.697928568699336,4.588940362150174,8.306241702774104
2795,7.257846968466883,3.619668861339189,2.631941196255253,8.750333096045667,2.697928568699336,4.577280825353323,8.326522472833332
2796,7.265671555538222,3.616106695951989,2.6382920230351594,8.722466792204887,2.7180936318885838,4.575864917668684,8.309825347888673
2797,7.252021592376126,3.6131697122332764,2.6448336913023733,8.786906445481904,2.7345550054218566,4.573208551441596,8.31340698103855
2798,7.252021592376126,3.6207156884085907,2.6448336913023733,8.758371381520153,2.7357258841605874,4.568244616383609,8.331285076353554
2799,7.231704914144991,3.6171548660144226,2.6507242327070673,8.747975023685527,2.7345550054218566,4.56913154859521,8.378717401302005
2800,7.2166403203550455,3.6521460604353995,2.665793593545306,8.748856712466258,2.764788397887429,4.565937542231425,8.399948248735198
2801,7.221961910026765,3.651318008170093,2.662454444880809,8.742621400236548,2.762478039932316,4.568244616383609,8.432835765828582
2802,7.213977607690013,3.676054030298798,2.642092979564751,8.780418886943515,2.757849757466545,4.5675349090819255,8.43752035878432
2803,7.226835550805022,3.6630947490947943,2.643990789514686,8.798613647858982,2.7670962437798456,4.574448439060567,8.423456396294249
2804,7.266111320929046,3.6509038902945674,2.6308807830243457,8.785958934242895,2.762478039932316,4.590066476395287,8.409361780486774
2805,7.254666131929611,3.651525044167455,2.6397710199371422,8.78511451826917,2.726340502026216,4.58474993033162,8.407009684661388
2806,7.233916849896014,3.663300918550781,2.6196059958983864,8.763813535810225,2.7322112867048958,4.586345737112939,8.42814778060105
2807,7.246728741324534,3.6519390702969736,2.6091256063479342,8.728504668824787,2.7121829973476697,4.585991175892103,8.425802513758901
2808,7.268749185538879,3.662682364831579,2.6412489382460462,8.623917938185393,2.7275159759375076,4.585281946308205,8.395236325733585
2809,7.266111320929048,3.6616511394814655,2.6473602996555896,8.691169430493133,2.7368961104971956,4.593783291149337,8.423456396294249
2810,7.259951447346197,3.6649497303885537,2.621098740758539,8.727717446357797,2.7705533189957676,4.599086241316522,8.442201566253408
2811,7.269628196691058,3.670096050510954,2.6296075517883173,8.654584562666889,2.746234554796186,4.596258993007968,8.459726057458498
2812,7.27928819656844,3.6434392798204844,2.628333517019151,8.697310472798117,2.7298649462544513,4.604204866583741,8.446879394998792
2813,7.2863031763998265,3.6725629485010893,2.6456762433209358,8.69566256169541,2.7310384447037026,4.60314644891698,8.460892676191085
2814,7.288493554280644,3.6719495875693675,2.6418820021645195,8.673938516332006,2.750888302509271,4.600499016864087,8.477203388910606
2815,7.283235205652533,3.6776691092158633,2.654921345029539,8.750838451415365,2.755531817677965,4.602793572574474,8.44921704445747
2816,7.261271993298357,3.6815436238766392,2.6622455669259706,8.818941833594916,2.755531817677965,4.605262967413705,8.470218093030995
2817,7.261271993298357,3.6815436238766392,2.6622455669259706,8.70976540823995,2.7590077762851655,4.605262967413705,8.470218093030995
2818,7.290683075051648,3.6815436238766392,2.664333386742425,8.666770334572716,2.7590077762851655,4.605262967413705,8.470218093030995
2819,7.2727036460231185,3.7069025383519345,2.6807528025384544,8.74129742483435,2.770553318995767,4.60314644891698,8.498114427701658
2820,7.265671555538222,3.7107373472491565,2.684269004368917,8.700615061176379,2.8002823035236846,4.599792699742269,8.50970276481042
2821,7.245404741532528,3.7306357401967194,2.680338736649719,8.631845336719135,2.8002823035236846,4.592898690611728,8.560449020831207
2822,7.24275579606129,3.7384366588666946,2.6947817854891065,8.680141714267027,2.8183745217663985,4.595021359261383,8.546648045986831
2823,7.268309628034589,3.7368381995685276,2.6929304723551786,8.71833849538507,2.816121270392545,4.606497018285488,8.530510130096683
2824,7.276216372199484,3.7306357401967194,2.7066729426779603,8.624684461136505,2.8036861830734403,4.607730638680305,8.525891986643364
2825,7.2775330751680665,3.7434261155791897,2.7142232641456214,8.694285013522043,2.819500267996671,4.611252900066517,8.533971601694024
2826,7.316455011931664,3.726025221153822,2.706059551385239,8.67106733560016,2.8251202382463907,4.6239041212150385,8.560449020831207
2827,7.317762291992297,3.718391518440829,2.7260041483210817,8.692153424726433,2.8251202382463907,4.6267093867683355,8.560449020831207
2828,7.33038368191061,3.7111407111209807,2.7199188861667265,8.774980578892064,2.8161212703925456,4.624430277358628,8.547799235965757
2829,7.337335106145709,3.7388361346112107,2.7280286413233514,8.698243482608092,2.817248189513389,4.625657671875852,8.581096307833073
2830,7.336466647279251,3.7545711805710367,2.731667805367122,8.778102050038461,2.7945971634276945,4.623553307121661,8.551251594801487
2831,7.326469729537449,3.7648817219650197,2.7367117480278242,8.859099612416001,2.814993763556771,4.621447694036093,8.569633592955261
2832,7.326469729537449,3.774958381969537,2.7367117480278242,8.828722294898888,2.836316707349,4.6207455452461454,8.551251594801487
2833,7.319504859010668,3.767058089423273,2.751571322753588,8.838057489636045,2.8385491017813784,4.626534122578977,8.581096307833073
2834,7.324294134207187,3.7794913141943676,2.749168766547748,8.857549097586318,2.830725683554679,4.624430277358628,8.587964373560176
2835,7.339071622310887,3.7769300928106704,2.7411404221180993,8.758285464671856,2.834082021843793,4.627410357060949,8.606244329651842
2836,7.353324624365067,3.7741706984725374,2.7301104273184253,8.661479253865682,2.834822278786333,4.629925017055827,8.610044675855972
2837,7.367049971044252,3.771213568158005,2.7161152277662697,8.567073399230711,2.832944403799072,4.6319734966802395,8.599346220496036
2838,7.38024460641713,3.7680591699213752,2.6992009248028626,8.475012573491679,2.828453598081235,4.6335551760829485,8.574202976140649
2839,7.349409092949109,3.7755452622480585,2.6811515864265,8.463840178950106,2.8228269968276916,4.63706750366066,8.628938050672337
2840,7.35205874019764,3.7486629527085804,2.672167328679808,8.454564315585209,2.813793925321176,4.6161178480636345,8.617572240480781
2841,7.364407347781478,3.7401109690533003,2.671366822480985,8.527882723044064,2.8126621333060267,4.6215872388549135,8.64481750052411
2842,7.362204217796871,3.7544162501595078,2.673767404664343,8.482925380001179,2.8126621333060267,4.623525965026906,8.622120906550572
2843,7.375410143442532,3.73333085939255,2.667760671430245,8.48955970808952,2.7944721484176926,4.629335799838645,8.64934751329467
2844,7.371011592340385,3.720925665906916,2.640306384024056,8.432470269189022,2.7703611410940536,4.628983958992371,8.683224568415174
2845,7.358677422490668,3.7241321599108677,2.649229223182702,8.386092767390263,2.7749747640334124,4.630215249599763,8.680971453776055
2846,7.3811231565880755,3.72853522611834,2.678161195410986,8.466359746785038,2.7738222953135914,4.638120526418027,8.696727294216169
2847,7.386830415643952,3.7560013470505695,2.6823465271584923,8.523984049989794,2.766894345052387,4.637945044251667,8.680971453776055
2848,7.378926525674084,3.759762464312474,2.6946538704943053,8.547689802053622,2.7645800007477614,4.637418545853631,8.683224568415174
2849,7.3986656372762285,3.764703848543772,2.701963818706421,8.562760714793717,2.7645800007477614,4.643030520348381,8.676462937803832
2850,7.3934085854150515,3.7577835401570625,2.6940600392950356,8.55741385144363,2.7749747640334124,4.6419789482558595,8.7793976037865
2851,7.403917828025775,3.729934782177914,2.6811515864265,8.563784595358793,2.7853190534987147,4.644081782303189,8.786056243224785
2852,7.403917828025775,3.739911782554513,2.6811515864265,8.54864286585531,2.7841721594978206,4.643030520348381,8.797139391539789
2853,7.402605235387467,3.7524336523638184,2.701766591182832,8.493138251572278,2.7990340849598674,4.647233709869918,8.832483844943035
2854,7.401730005175727,3.7548126060988176,2.6944559457027566,8.542206124796865,2.801311425529791,4.647758760460559,8.836888960782387
2855,7.403480330827342,3.7672700327273834,2.6737674046643436,8.593290628242151,2.810396767795329,4.645833197053383,8.841291218112946
2856,7.393408585415052,3.740110969053301,2.671166647102684,8.566103590216144,2.80585888663611,4.639874872643872,8.801567561883006
2857,7.4047927214155065,3.738118481865846,2.653474081860422,8.505850812713698,2.8228269968276916,4.642504773085168,8.776065815898251
2858,7.410039256562668,3.7066532208473477,2.654281624018727,8.543242266333072,2.7990340849598674,4.6486336731261835,8.807098697187502
2859,7.412660710515971,3.7092718365696786,2.66876301677562,8.554606863949804,2.7990340849598674,4.650732588889442,8.803780559195351
2860,7.406104809089794,3.71550653061153,2.6755660005531308,8.593383713687698,2.8171857487226952,4.649508371352824,8.78161788101981
2861,7.418938323352288,3.7197223022740054,2.6813507913872874,8.60017544686597,2.8396632778995845,4.6557998814863,8.79713939153979
2862,7.416285486624083,3.7339297495324053,2.6990034342485862,8.540678096952663,2.8663340667399444,4.6556252668413425,8.832483844943036
2863,7.404332394847764,3.743495027705597,2.69207936945797,8.557637087717053,2.8773520187500274,4.648283733800751,8.79713939153979
2864,7.402559427782725,3.74329607573432,2.6918811980561674,8.61811115379496,2.87405240925839,4.644607297058043,8.694478736611577
2865,7.410976101652099,3.7662833083394123,2.706494886483956,8.61894870202039,2.882840441428576,4.64968328527827,8.61529673422048
2866,7.456827370179208,3.7633211128172546,2.709444615152597,8.641803026748477,2.899224616252083,4.666747989546491,8.683224568415174
2867,7.468671169511085,3.765691112040284,2.692475655265952,8.781859302032919,2.895957437453313,4.6737613625569985,8.67420753504229
2868,7.479178490617209,3.73153343767278,2.6835407748923417,8.887576252026417,2.895957437453313,4.675862703129901,8.628938050672339
2869,7.475240499601918,3.715707422937528,2.657508597130043,8.840219064129352,2.8839364937397565,4.674987294074948,8.617572240480783
2870,7.475240499601918,3.6821634249185218,2.646189766778351,8.801363391272622,2.870713046840751,4.675512565127892,8.701222139045727
2871,7.473051558690725,3.6707571705403454,2.675968683577259,8.795226511991343,2.8551847112629,4.676387846106067,8.658398279627656
2872,7.469985637591802,3.631087843567367,2.645176087416576,8.721443274497028,2.8685014144523215,4.678137768167994,8.658398279627656
2873,7.487483170019265,3.63025970196311,2.646392441961586,8.663073670576534,2.861853152196366,4.673761362556999,8.719171349679625
2874,7.486172702593158,3.667285409489541,2.666157404724022,8.622175555244713,2.8828375563642568,4.679187312259187,8.662919044812808
2875,7.472175748438091,3.640387536440154,2.6595232176610573,8.66793081101007,2.886132733657595,4.680236549794119,8.689979347492375
2876,7.466479719474683,3.6303136988334765,2.645987071372854,8.631060466730673,2.8839364937397565,4.679012409539315,8.707958740899636
2877,7.480490554256849,3.5877674924745317,2.6260239102753493,8.606195650506995,2.8685014144523215,4.683033019717093,8.665178275443685
2878,7.481802318196573,3.597163093083251,2.6284789961621584,8.709223670170008,2.8673947648777265,4.6814602731289146,8.5856436138971
2879,7.482676661083309,3.6086033706403016,2.6252048836034367,8.669350420430545,2.874026340075519,4.685827316130241,8.63801667794908
2880,7.478741069437921,3.639771814324114,2.6512505941604334,8.779366035423678,2.895988985805786,4.688793879769997,8.610743371522663
2881,7.455949076640701,3.6323725401656364,2.655491985251037,8.82892596867569,2.9198999726688504,4.681809831845272,8.695603110086521
2882,7.447598557401951,3.662260229037333,2.6791622366078793,8.879282165023534,2.9209807832382113,4.6721845491530285,8.701222139045727
2883,7.445838998675994,3.6538992560966723,2.6881176297643585,8.951213036343463,2.9198999726688504,4.6741116714433835,8.701222139045727
2884,7.462094304077371,3.650629668344862,2.6918871510890585,8.90584283316877,2.923140843043376,4.6770879172725115,8.797139391539789
2885,7.446718845734305,3.675464706379637,2.7033518031328914,8.84540135656123,2.91448808530208,4.673936521275186,8.83028021347596
2886,7.391909989322257,3.716510642255451,2.718474963545704,8.879877106506198,2.9306847308748734,4.651446304422994,8.845690622062657
2887,7.37723429707563,3.7294656147335177,2.722580487499841,8.828904491922499,2.94676561065969,4.6488014490852585,8.808204381385668
2888,7.388355732192587,3.7175092670338286,2.706896947076165,8.800318591136833,2.9595484853245253,4.654089202266545,8.839090446440432
2889,7.389244505253401,3.709910933717752,2.715537494521525,8.783496222294332,2.949968095019138,4.657961919914876,8.847889255618076
2890,7.383909776386001,3.717309570033504,2.7063065097975914,8.832856000400968,2.9616719814840002,4.655321885822829,8.841291218112945
2891,7.383909776386001,3.717309570033504,2.7063065097975914,8.823634077667217,2.9360577738126272,4.655321885822829,8.841291218112945
2892,7.376788985316249,3.717309570033504,2.709257020408938,8.823963158473505,2.956359514777858,4.655321885822829,8.841291218112945
2893,7.3526899464777955,3.7262821407699507,2.681155691787906,8.879390799896054,2.962732986228073,4.6440357637579215,8.841291218112945
2894,7.3432902603892325,3.7151119800860113,2.676967202017725,8.884938428306558,2.9595484853245253,4.642092360813323,8.906985508559858
2895,7.34149806629779,3.704900954883213,2.668764976872807,8.865885926368055,2.9285319170414836,4.644742193150056,8.963414284180434
2896,7.354478588951853,3.722098447163363,2.6771668474953367,8.87767484253341,2.934984190128326,4.647742957952219,9.030095736460684
2897,7.348215858798616,3.7181082742120477,2.6845401418662385,8.880778590969024,2.9209807832382113,4.648448653591616,9.038653163359308
2898,7.339705302134438,3.7320495833679987,2.6587176080621537,8.884785825489198,2.9456971078771645,4.645448482616961,9.047200049938638
2899,7.335220894364327,3.725684844890964,2.6773664735816185,8.806228293942198,2.941418039158105,4.640501515230335,8.797139391539789
2900,7.34732061536569,3.7441433595767335,2.6958476543203225,8.720664002856727,2.944628099997845,4.642975857142035,8.777176594910689
2901,7.327139948705167,3.748690121797696,2.6906975190359557,8.743202187039257,2.9616719814840002,4.638556183159146,8.772732379560026
2902,7.330732912638342,3.7573683178542425,2.694066366372949,8.733383993534673,2.9690886481795795,4.6383792820885175,8.79049168684709
2903,7.33836035460019,3.7654313857559787,2.6906975190359557,8.722528379626116,2.955295528336333,4.6383792820885175,8.79049168684709
2904,7.324893180344468,3.7344327185002553,2.667561894601046,8.806981350655093,2.9478336090053894,4.6369637570303786,8.665178275443685
2905,7.312294653555162,3.701288298699528,2.643553147135351,8.822404420436142,2.9478336090053894,4.634662327563098,8.662919044812808
2906,7.322195872813272,3.6962630877368956,2.6241806319693017,8.824534681177647,2.919899972668851,4.642622484890933,8.676462937803832
2907,7.322195872813272,3.7040985390102046,2.6382696058566015,8.868455545691459,2.919899972668851,4.642622484890933,8.676462937803832
2908,7.315897116565362,3.6950557122009307,2.645784355739522,8.861928202643089,2.919899972668851,4.644565598923012,8.719171349679625
2909,7.309591288424943,3.7137126316814943,2.649632499214541,8.919979381790657,2.919899972668851,4.641738900946892,8.68547692177348
2910,7.302827171334469,3.6567570224122017,2.6327682237546677,9.02027409165472,2.9014458500387748,4.634131017014135,8.662919044812808
2911,7.263887681738613,3.6494025890561588,2.6000628210534513,9.099636001191115,2.8916138317120863,4.622599745562286,8.617572240480783
2912,7.266613214423699,3.619376354331356,2.5790063060641715,9.043247801109809,2.820403061278373,4.625796769914677,8.430653154686215
2913,7.269791320497958,3.6346355113729487,2.6027569637932686,9.006063672409509,2.828305716391546,4.624731414989778,8.516699064323596
2914,7.26615905145251,3.5998714333620554,2.6108176798079143,9.10004783768597,2.854071330692624,4.619933356825588,8.535155235461351
2915,7.255703079894928,3.626397704479283,2.59778031830581,9.15598185004723,2.8204030612783724,4.616909024261802,8.514388377821808
2916,7.2725139717093406,3.626397704479283,2.59070873830352,9.262441732707503,2.8249223902096876,4.623132782949445,8.553559567477903
2917,7.294247556633417,3.60216103458245,2.5808917170213364,9.224060161198857,2.7827527808628125,4.628103943191867,8.481952602838751
2918,7.284749505457196,3.6123372167419956,2.593831648778953,9.215384471883521,2.802230667758637,4.6252641324069526,8.569621149076717
2919,7.271606568846232,3.6473562617527464,2.585910729497442,9.167994036737586,2.8328086338902367,4.618866239867874,8.589071935308516
2920,7.286559901512015,3.6352523669031744,2.589458200168596,9.238094930317585,2.8215337775577822,4.621711171954728,8.56044790921747
2921,7.277502053524872,3.6325783407058814,2.5977803183058104,9.174178952043398,2.846261772727584,4.620822375760625,8.606186870273236
2922,7.282938523157171,3.64858423752894,2.6147329765659237,9.28950165653132,2.851842870626208,4.622599745562286,8.640284393572324
2923,7.287012408986438,3.6494025890561588,2.638066117401385,9.267860826206062,2.8384242029496884,4.623132782949444,8.601627224477395
2924,7.3019246723063045,3.653695018509127,2.645176087416576,9.368379644281232,2.8574097774544094,4.628636155075392,8.65161136118718
2925,7.31882316356556,3.664906083236337,2.646189766778351,9.425894726993619,2.8562975265856534,4.635370618236754,8.67420753504229
2926,7.302839406728669,3.6681591073899846,2.647608068706114,9.509821035902373,2.8784363399073407,4.628813541323868,8.701222139045727
2927,7.302839406728669,3.671408378087566,2.647608068706114,9.476815072769048,2.8673947648777265,4.628813541323868,8.701222139045727
2928,7.295975256608999,3.649607139591881,2.6593218450635834,9.392252440432936,2.8751296661298515,4.622777433586997,8.76383513970451
2929,7.289102684220654,3.6689717764825387,2.657307025642653,9.422492306722743,2.866287558685079,4.62046679492418,8.70122213904573
2930,7.293685336366066,3.6710024241080297,2.633584188032557,9.469518616277417,2.846261772727584,4.621177920958537,8.705713961396988
2931,7.279007616481974,3.6932436847541332,2.647202940583606,9.47241703999727,2.8551847112629,4.619044114995053,8.653874437722406
2932,7.284516276108548,3.710711712826082,2.6689654219106558,9.504419392703134,2.885034885921552,4.623152076847478,8.703468427679596
2933,7.284516276108548,3.708709342729206,2.6681635240641004,9.534765841359919,2.894896004699664,4.624936665012059,8.660659046448279
2934,7.274872555405771,3.698073188410922,2.647405514739255,9.541117733531816,2.88942301764542,4.619401517985296,8.613020444816561
2935,7.281303551062012,3.708108357027873,2.651663159591056,9.45131799069598,2.9079764918975397,4.618507942958106,8.594781846599183
2936,7.281303551062012,3.7061041544144167,2.651663159591056,9.450851661825311,2.895988985805786,4.613320760790322,8.590214313086511
2937,7.264291242596306,3.671611333153092,2.628032297595157,9.548008221511878,2.8905186950443276,4.615468102011279,8.610743371522663
2938,7.30741084185328,3.7057031444450184,2.6490285257728012,9.428312618004524,2.888326798775774,4.63206606494831,8.615296734220482
2939,7.2982642410456116,3.7002839676123807,2.651460616507984,9.454139829900555,2.904713561665807,4.6247582465593995,8.68547692177348
2940,7.306496852869061,3.69948024701211,2.650042250254351,9.443575665486563,2.903624856680398,4.622795051522827,8.7281279320266
2941,7.302839406728669,3.6968812183190756,2.653080397277432,9.47661584447444,2.8872300376941413,4.627790141839897,8.759382104444681
2942,7.3083246819515475,3.6946801797292923,2.648825720231171,9.502413567057529,2.905801735386135,4.6302850553874055,8.76383513970451
2943,7.3051255900846215,3.676204206100289,2.6573262051463775,9.458835283463914,2.900355546940807,4.62672035666044,8.743773208270433
2944,7.3083246819515475,3.6828453461660735,2.676624076616703,9.531609279163547,2.903624856680398,4.6279684080541985,8.761608990580543
2945,7.321102847790469,3.699080551261129,2.671616068631848,9.481368411965244,2.9198999726688504,4.636159005529594,8.80820438138567
2946,7.321102847790469,3.700479240377252,2.685010161847035,9.436501770772608,2.927454736688577,4.631531855749172,8.803780559195351
2947,7.300094755525185,3.7292986594311097,2.6834154437129567,9.481677596946685,2.933910094668914,4.625471866584053,8.79713939153979
2948,7.310151915758558,3.7281118831886895,2.6921711755092343,9.43711483831171,2.9328354867586106,4.6279684080541985,8.71693033076126
2949,7.330667440473023,3.725538845026182,2.6981197890363897,9.425260289717578,2.936057773812627,4.634735908016372,8.792708315848383
2950,7.341124329911337,3.707661646778321,2.677424225862431,9.404287281406404,2.933910094668914,4.635981149458441,8.77495485372478
2951,7.365599352096598,3.7034741148021375,2.680621712599883,9.391992690415996,2.920980783238211,4.642378377861367,8.787165377539974
2952,7.365599352096598,3.699879886520768,2.680621712599883,9.449468030109568,2.897081429854026,4.644153349121084,8.81041520757436
2953,7.361980109179227,3.674995046122592,2.659748418631868,9.381574497677263,2.891613831712086,4.644153349121084,8.774954853724779
2954,7.363337596825575,3.677010025030354,2.6585376712229873,9.290147929926727,2.880638043031965,4.648941363305444,8.82807586545182
2955,7.364694758561017,3.6634820815417752,2.6362120478130313,9.23386532381045,2.870713046840751,4.649472968472893,8.867645019526087
2956,7.367408105164817,3.6612548505710927,2.64395230591624,9.253245238290457,2.886132733657595,4.6507130727349,8.854480890256102
2957,7.371023877080775,3.6525314188518214,2.636824197128274,9.255874822952848,2.9025356197114127,4.6523068598717074,8.832483844943036
2958,7.362885137166484,3.6592285625529506,2.636824197128274,9.251616043255595,2.9047135616658073,4.645217907856214,8.786056243224786
2959,7.361980109179228,3.6541564371295885,2.6317172835144134,9.357909767851138,2.8784363399073403,4.646991466556581,8.81041520757436
2960,7.361980109179228,3.640925799240048,2.6329441196302334,9.322069749712933,2.8828375563642568,4.6468141503637455,8.79713939153979
2961,7.389518557186938,3.630910381536507,2.6229030682328753,9.26027556431844,2.8861327336575946,4.655669188131694,8.841291218112946
2962,7.388617776401434,3.6157164845785066,2.620847713963113,9.316814081196386,2.8861327336575946,4.656907143630832,8.821458515579906
2963,7.3674081051648175,3.6323433582625335,2.6441555984795255,9.261371734815958,2.8640714733416655,4.653722962721953,8.77495485372478
2964,7.360169618303663,3.6394972228485822,2.6066081649671977,9.342921490767626,2.885034885921552,4.642378377861368,8.7281279320266
2965,7.365147073418937,3.621269826546167,2.605572372263714,9.371414729969153,2.871818031196869,4.648586915865544,8.750467176252135
2966,7.371927459136484,3.6105645765790317,2.5899706516782737,9.354665512790016,2.8607431512446815,4.649295775547796,8.665178275443687
2967,7.365147073418937,3.5960880383104894,2.576139157285617,9.49485213700994,2.8551847112629,4.645395303418024,8.66291904481281
2968,7.340670085962635,3.6237344212367466,2.5970585604942102,9.497362066041156,2.84737913240386,4.642200832111735,8.642551334186473
2969,7.346118598953679,3.616334071197503,2.5947681730496774,9.495021848661994,2.8640714733416655,4.642555914766678,8.692229421272671
2970,7.349748018536836,3.6527345976365395,2.6113659213563114,9.443697000661725,2.851842870626208,4.645395303418024,8.707958740899636
2971,7.371023877080775,3.652125017110034,2.615081521641023,9.345735784822851,2.8740263400755195,4.654253856604871,8.741540401627496
2972,7.375991794315207,3.6443921629114358,2.6126052196210097,9.361409525070997,2.865179795098832,4.656907143630833,8.716930330761262
2973,7.381857355788803,3.638884752172156,2.595601345817883,9.350742092534908,2.8551847112629,4.659205067272175,8.748236594900389
2974,7.379602089273497,3.628452134673863,2.593517760097971,9.43436770672514,2.8440253375784024,4.66185468455504,8.719171349679625
2975,7.386365198366599,3.618391701744804,2.572560798066713,9.402988518327165,2.84737913240386,4.665208053034515,8.712446040062586
2976,7.429459439950661,3.57819799070758,2.5496746098977785,9.464840683144793,2.8384242029496884,4.677887156820875,8.70571396139699
2977,7.422299690610875,3.565647237091465,2.545193349852681,9.563519943792365,2.8283057163915464,4.677535563841329,8.659528759140166
2978,7.411991762000519,3.579449914640349,2.563480586907252,9.521530784911864,2.831683778866576,4.678238715381752,8.70571396139699
2979,7.415579245459637,3.5610308483294792,2.5613628972871116,9.592964370589556,2.842906260483186,4.67524936987427,8.70122213904573
2980,7.420956235754745,3.5416409235376602,2.546261248421396,9.513426521925325,2.8417866092895414,4.679644605624812,8.77495485372478
2981,7.4303537768292145,3.5490337899581452,2.546474758137681,9.550537663062027,2.814740600980551,4.6829813919333585,8.799353839550399
2982,7.423195151239293,3.5702558537039613,2.56475010761119,9.61979694551143,2.8033709403537683,4.675601186802803,8.81483469340825
2983,7.43527012531496,3.5746477706602184,2.5710854699996926,9.622435642356296,2.8067881387084457,4.6794688994322335,8.77717659491069
2984,7.429906625918045,3.581535188003121,2.594768173049678,9.769140200328154,2.810199926417784,4.677359754441629,8.781617881019812
2985,7.433482852271854,3.5779892812423073,2.5855801740332387,9.764483011625279,2.8271785269747047,4.679293184645481,8.821458515579907
2986,7.4285649628167985,3.5863253250214293,2.6072293833273754,9.875639938615503,2.8294323209533876,4.681401195125932,8.819251294865571
2987,7.419612464018612,3.6012669333154763,2.601631459376849,9.844073912533439,2.8328086338902367,4.673841757179087,8.768285229614445
2988,7.420508347061798,3.6105645765790317,2.6055723722637145,9.77008524944233,2.839545581341525,4.673489767713194,8.768285229614445
2989,7.4236428287937475,3.6231184772891436,2.6099191044140415,9.777599178581845,2.851842870626208,4.678414481758084,8.721411618571503
2990,7.431247973513333,3.6251710936988464,2.6047433517654293,9.814404301043915,2.852957384079456,4.681225574811309,8.748236594900389
2991,7.431247973513333,3.6360247785060515,2.6132245816946393,9.755536712357392,2.860743151244682,4.680698662367402,8.750467176252137
2992,7.4398273031144555,3.627632236804611,2.601216173944398,9.706109568392177,2.8596325889949394,4.680698662367402,8.750467176252137
2993,7.452447087017869,3.60767532084012,2.610332587274561,9.623124144140053,2.850727789533834,4.688594252726663,8.731483565599937
2994,7.455597686529193,3.6157164845785066,2.619201917570574,9.626104275227291,2.8551847112629005,4.685438096239711,8.741540401627498
2995,7.442984862281934,3.6278372339003377,2.6382518261271106,9.578676805450023,2.8540713306926246,4.679820303224363,8.707958740899638
2996,7.421750521334338,3.6417418008936053,2.626187278212565,9.522954286470522,2.8384242029496884,4.668382034772193,8.642551334186475
2997,7.421750521334338,3.652125017110035,2.626187278212565,9.574993495513763,2.869607508182657,4.67032030729269,8.667436739062373
2998,7.430796072391195,3.6515153040221304,2.6400858718195637,9.54654245332919,2.872922462019535,4.670672607916814,8.682098106300252
2999,7.451096298830837,3.643984578335732,2.63376159686737,9.503187645924283,2.8707130468407516,4.673690653419332,8.680971453776056
3000,7.4456899534636785,3.6409257992400486,2.6451839642941537,9.622448032316234,2.8573622907238097,4.6804277098206395,8.683224568415175
3001,7.451546596999897,3.6472435939731542,2.654923676486738,9.692474173275732,2.84729564840253,4.682198521211996,8.752697017203122
3002,7.456947412709909,3.6753981570231726,2.661996313267651,9.667672021713624,2.8684935399078255,4.682729594546867,8.750467176252135
3003,7.460994683172646,3.674390271755146,2.6601799743507573,9.631457457071548,2.8740381222710463,4.684322344024205,8.730365207745526
3004,7.452447087017869,3.671969876632269,2.6524931149554107,9.63601641748322,2.856246056485053,4.683614542470632,8.763835139704511
3005,7.473567940748228,3.67761423830325,2.6638110392871712,9.569686802533605,2.855129253730752,4.686798553108645,8.77495485372478
3006,7.462792552404388,3.686616635616532,2.662803057052719,9.548596065347507,2.8517754263440724,4.690156399321931,8.763835139704511
3007,7.478051718369307,3.679817473835681,2.658362018562693,9.491889475012064,2.8517754263440724,4.691392711506414,8.841291218112948
3008,7.47984424922289,3.689810596238884,2.6662281718667478,9.484505877972106,2.848416453329418,4.691039522761127,8.961252500221335
3009,7.488351139902445,3.665767425974513,2.6462006970088208,9.50700568849283,2.8405587154931102,4.699682697623055,8.9677358159181
3010,7.478499903551537,3.648409326206545,2.6459973911767354,9.509768551591877,2.8405587154931102,4.70232443168215,8.989302903746218
3011,7.477155243021825,3.656092422046734,2.6472169211196217,9.497772651013758,2.827022038049107,4.699506513238289,8.961252500221335
3012,7.484323130100893,3.641922965787284,2.635397313061134,9.539572596906748,2.8292840114087445,4.70197231217268,8.984994880022928
3013,7.482084126210458,3.648409326206546,2.6472169211196217,9.513001974758158,2.8202219308595122,4.700915747496823,8.95259856332472
3014,7.465937466711917,3.6605309336772263,2.6587661486715053,9.602495478827104,2.8190865017095894,4.695804651797728,8.954763068892545
3015,7.460994683172646,3.6467891448388916,2.6601799743507573,9.591489418042126,2.8292840114087445,4.696157373804831,9.060000695085385
3016,7.447492636616613,3.688413681760209,2.6878551742549637,9.604885115670214,2.839433868445603,4.691392711506414,8.989302903746218
3017,7.4506459652114305,3.707709917643306,2.6948154840760328,9.62030609811942,2.8773581943274498,4.690509674687933,8.993608239865367
3018,7.452447087017869,3.7081064027005457,2.6940212054026804,9.716291565402242,2.872930320755083,4.695275504069135,9.036514796194563
3019,7.441631836333276,3.712068220023809,2.7005649082812915,9.63536821971642,2.8850856880358955,4.696157373804831,9.068521387292687
3020,7.436667997375143,3.7081064027005457,2.6814708528514735,9.777068807949643,2.882880585527608,4.69209898511091,9.062131846539295
3021,7.458746552751043,3.699768588731614,2.66642947076225,9.682459211531555,2.880673283792118,4.703908544620632,9.129987086344352
3022,7.458746552751043,3.699172093624825,2.66642947076225,9.587469029473654,2.880673283792118,4.70302856768298,9.071713959680169
3023,7.466835696769821,3.6758103113701295,2.6690445571803094,9.527446635584337,2.880673283792118,4.709711022517667,9.071713959680169
3024,7.474016476189287,3.6647611650849115,2.6518850211064446,9.572155302824067,2.8662717937209896,4.709711022517667,8.788274329526818
3025,7.487008783606423,3.6591194406511773,2.644573680242225,9.502854615662468,2.850656341487783,4.7141006474266165,8.828075865451822
3026,7.478051718369309,3.6697888763617272,2.6569469325593777,9.456044658109771,2.850656341487783,4.709183909320691,8.896080321802303
3027,7.478948053749509,3.6647611650849115,2.660381869558641,9.473051624524047,2.839433868445603,4.713925164651688,8.841291218112948
3028,7.479396168970774,3.6691860247760975,2.6486387817594887,9.466977676079699,2.8495366840867193,4.71129190122547,8.902625521829275
3029,7.489693182830845,3.6575054368253115,2.6541138114490948,9.502972157819032,2.8281533192986803,4.717257883519925,8.819251294865571
3030,7.487903722632397,3.6540725946665837,2.6696475648712337,9.425366567434631,2.819086501709589,4.717608517648246,8.8522843890785
3031,7.492376329394102,3.6544766764785646,2.6498567285856445,9.413455832529202,2.8258901668096454,4.7179591178335585,8.821458515579907
3032,7.497738870999805,3.6325723731483426,2.6626014009558734,9.361393435771094,2.8076992865641484,4.723214053623755,8.839090446440435
3033,7.494611329135885,3.6362350309870517,2.675868284802739,9.314062592439322,2.8076992865641484,4.722688902753434,8.852284389078502
3034,7.474913441899054,3.665767425974513,2.6890500371724446,9.314086303441842,2.806557253411932,4.717608517648246,8.880783742362862
3035,7.4776034981952595,3.6762112836699052,2.685662793407158,9.33301910870164,2.8247577047279067,4.717783821983218,8.88952884307416
3036,7.487903722632397,3.674807631272055,2.681470852851474,9.313838732047827,2.815676634795416,4.718309684084924,8.98930290374622
3037,7.475361872182929,3.688613283162427,2.6894481711610565,9.311633692676676,2.811121761001748,4.717257883519925,8.982839858857576
3038,7.478948053749509,3.706916781802469,2.68606158148797,9.231146079391415,2.834928664489549,4.7141006474266165,8.967735815918102
3039,7.4802922945134105,3.700563720730483,2.7070880223313196,9.127371905349376,2.834928664489549,4.71638114963867,8.975291975993244
3040,7.479396168970774,3.7185932038550944,2.7190922961715884,9.040453599119505,2.8383084406530683,4.722513835559034,8.987149228125338
3041,7.454697692221983,3.7166175116668407,2.7249707907285816,8.975617456504223,2.849536684086719,4.713047623108917,9.023670727520374
3042,7.4506459652114305,3.719580537400203,2.721445678895815,8.997534266392764,2.8416829826242536,4.71480249345233,9.004359852283224
3043,7.451546596999897,3.7183956961657127,2.725362103262534,8.894975544160863,2.8428066706657606,4.722338759910625,8.965575389216115
3044,7.442984862281936,3.72687622075229,2.735510655752229,8.829584995800136,2.843929780442427,4.719010714822226,8.952598563324722
3045,7.442984862281936,3.7441538061230037,2.735510655752229,8.873669759511662,2.824757704727906,4.727237686141783,8.950433375871738
3046,7.453797556360204,3.744740985345273,2.758167426736676,8.843265114406787,2.8461742684908127,4.734573700452731,8.973133918826404
3047,7.456497539343425,3.7451323715420974,2.763553723572279,8.948552674626711,2.868493539907825,4.733701141872067,8.954763068892547
3048,7.451996859726336,3.7367057954335943,2.75411869489789,8.994000075643934,2.864047802016334,4.736841373041877,8.939597189479562
3049,7.465937466711918,3.7570441548453966,2.7608622861624186,8.862064151175403,2.8618215585011875,4.7361437782626705,9.000061214922859
3050,7.469080656368517,3.7566543844408447,2.7579748055147513,8.841907961613476,2.854011881658784,4.72985939272214,8.994684154500526
3051,7.451546596999899,3.7365095339482717,2.7446413744903984,8.790769359039645,2.8551292537307518,4.733526605013751,8.950433375871738
3052,7.455597686529194,3.743762286660829,2.758552616622491,8.831817251894767,2.824757704727906,4.737015750828406,8.92113630357849
3053,7.452447087017869,3.7298286365737696,2.7660498618418647,8.873674241127564,2.824757704727906,4.740153122314165,8.933087256819384
3054,7.450195596133953,3.736902043492587,2.77256439178504,8.821077454129892,2.8292840114087445,4.740501552204821,9.03223608330861
3055,7.450195596133953,3.7506061939545594,2.77256439178504,8.808054458929236,2.8304141152276707,4.743809973794481,9.057868890441393
3056,7.4443375679221395,3.740432215544007,2.773903145506929,8.772622594111768,2.827022038049106,4.7452020946313,9.064262345356678
3057,7.426727350315944,3.7484570054216126,2.7763871720588824,8.830275466139335,2.8405587154931093,4.7368413730418775,9.05786889044139
3058,7.425817564937433,3.7341533479435087,2.785153649444016,8.91182521717913,2.8315436316018334,4.741372481019297,9.034375769698629
3059,7.4226321721296955,3.756264561351985,2.796723620444304,8.968789266928498,2.820221930859512,4.744332081463012,9.053603319364656
3060,7.418534048802571,3.7652171980514395,2.7942631200363452,8.883312857414909,2.8416829826242536,4.7361437782626705,8.982839858857576
3061,7.447159268238608,3.7617172974834077,2.7927475621564977,8.942463116664186,2.8517754263440716,4.748680071375309,8.969895564875433
3062,7.451689788326781,3.7673539416556117,2.7872446623723603,8.879518248160995,2.838308440653068,4.754758559413112,9.003285443569933
3063,7.452595461878644,3.7601604238083985,2.765282131886992,8.893976097800449,2.831543631601833,4.759614071840482,9.021527733187616
3064,7.473837660805169,3.767936416004452,2.778868307046089,8.846095974703301,2.83380090539137,4.765011239975154,8.963414284180438
3065,7.468421601297086,3.7525586106039444,2.7699013980790994,8.866079949766107,2.817950476560391,4.76622885377214,8.926571138726036
3066,7.472484125289887,3.7560696300447827,2.7800103082070513,8.780434525230026,2.817950476560391,4.768836662737202,8.926571138726036
3067,7.473837660805169,3.7733671972120955,2.79215383209393,8.779148717903354,2.8213567648747695,4.770921573235062,8.974213031907668
3068,7.477896352823237,3.777046579422092,2.8006512245107205,8.679073626734523,2.83718243128491,4.771268942949602,8.954763068892545
3069,7.48735549277926,3.770847030077878,2.8094905705540727,8.689381967589396,2.8394338684456026,4.780808731832161,8.978527795007823
3070,7.467066786787303,3.7737547206710222,2.799897260665107,8.691732420481499,2.838308440653068,4.77439378914636,9.036514796194563
3071,7.462096391888469,3.746089162779623,2.7946120917555666,8.659579876216307,2.8517754263440716,4.767967599512687,9.042927921943312
3072,7.462096391888469,3.762565661571748,2.793856004241522,8.665722870788672,2.8551292537307513,4.771616279724786,9.074905069219472
3073,7.467970032033285,3.769515687125726,2.8061095741264737,8.736893064829529,2.859593056853928,4.767967599512687,9.110969313201585
3074,7.462548424170808,3.771828656529944,2.808364160835411,8.747648911582997,2.8696035728906533,4.766402765526501,9.195101230856304
3075,7.461192220302217,3.778756504619812,2.8106163923170517,8.674210105479876,2.8696035728906533,4.771442615454072,9.222229174520042
3076,7.461192220302217,3.778756504619812,2.8106163923170517,8.621825649466562,2.8839834113061453,4.771442615454072,9.222229174520042
3077,7.447612481801894,3.77894870873488,2.804605204489754,8.614939298982124,2.885085688035895,4.771442615454072,9.222229174520042
3078,7.447612481801894,3.7843252628605963,2.819601901430649,8.592893039095369,2.8916878606002197,4.771442615454072,9.222229174520042
3079,7.440356748783795,3.7801016661133953,2.8201622579825476,8.598006361034692,2.896078423104614,4.751066767959825,9.30093649757128
3080,7.452595461878644,3.781062114134015,2.815488179796676,8.545706141198117,2.8971747098135863,4.7587428140059,9.305054988906983
3081,7.458026495205165,3.79237148795823,2.7989544337962515,8.576256216284982,2.8971747098135863,4.7587428140059,9.305054988906983
3082,7.444439232055457,3.7910319950154374,2.771430349834646,8.593032961196064,2.903741113882637,4.76327108832036,9.325182035537066
3083,7.444439232055457,3.788159575077581,2.747027138041164,8.581852794257049,2.8927863150580695,4.763967248338709,9.365566828750737
3084,7.446706018745436,3.798296134384551,2.751274668111491,8.517473250100238,2.8960784231046146,4.766576669015664,9.318429058936237
3085,7.44307872837792,3.8038276685472936,2.738506313245403,8.486129599016891,2.8960784231046146,4.769184230269506,9.367803782187652
3086,7.444439232055457,3.802874703411434,2.7524316039369587,8.410735969418711,2.8960784231046146,4.771789935762827,9.338668913319989
3087,7.449424976913921,3.7749097447813447,2.7363707042503473,8.487904474912632,2.9048336353591586,4.771789935762827,9.385674418950181
3088,7.451236897778008,3.761985737671253,2.739282360696908,8.581192998663845,2.8960784231046146,4.770574170572544,9.425722158292926
3089,7.4616443239348715,3.7637251602182054,2.7363707042503473,8.512793837284109,2.885085688035895,4.777689350312831,9.387905133634247
3090,7.456669219911752,3.76720086756834,2.747027138041163,8.58771725184113,2.8949815955687006,4.778902758290173,9.39459313869502
3091,7.456669219911752,3.7741397798679865,2.747027138041163,8.610106198307317,2.8982704564330435,4.780635502410282,9.387905133634247
3092,7.459383448825184,3.780677973064222,2.7612804828410855,8.66748498552567,2.8916878606002197,4.781328371047581,9.40127494764869
3093,7.459835695252005,3.775102204048286,2.745673855799484,8.658346348876128,2.8883892314827206,4.785136813033794,9.416841828210837
3094,7.463904307068166,3.754629931857098,2.736176450303841,8.703044856333088,2.8773581943274498,4.7780360792653305,9.409062581394643
3095,7.47067891433408,3.752691071011907,2.736176450303841,8.71059711492178,2.872930320755083,4.778556111250263,9.4567178377032
3096,7.471581590828522,3.7561800820497604,2.726440750562878,8.728711655273882,2.876252058286646,4.781674756326684,9.430158239256102
3097,7.460287905968591,3.7693228562179937,2.7287814456290636,8.639699120219708,2.874038122271046,4.77994250294389,9.338668913319989
3098,7.458026495205163,3.764304735093384,2.744126182878182,8.694386705842966,2.885085688035895,4.779076069528326,9.392364492916306
3099,7.454859018774743,3.7627589436673063,2.7478000524364856,8.695685517881788,2.881777209942701,4.773699609133471,9.392364492916306
3100,7.468873134998414,3.7565674894145924,2.745480458830681,8.652874925130341,2.876252058286646,4.782194272969915,9.410174415270575
3101,7.469324633145032,3.7785642877693797,2.7597442016806393,8.652128537471764,2.88618741647274,4.781847936710084,9.439022256087181
3102,7.470227522805126,3.7891173635512088,2.7666487201099903,8.583000089566356,2.8839834113061458,4.783579291405994,9.425722158292924
3103,7.468421601297086,3.7917974950277267,2.7754386300236726,8.630041540540056,2.889489319559119,4.780115765079451,9.38567441895018
3104,7.462096391888469,3.7898833673315155,2.7689452447140193,8.591210822766628,2.88618741647274,4.779595954128426,9.390135158092722
3105,7.481051130577672,3.8123903985919125,2.7857111708548343,8.63172139538175,2.880673283792118,4.788941310841159,9.376744646113057
3106,7.483753847182296,3.8177057002799417,2.7843823293357484,8.662740280191281,2.8982704564330435,4.79118757383801,9.376744646113057
3107,7.485554952139889,3.822254012866202,2.7868495210445747,8.673185678835749,2.8982704564330435,4.796021025440592,9.343158905243346
3108,7.500841609185395,3.8184642424839548,2.761664379206972,8.62726348389349,2.8971747098135863,4.797055939854773,9.358851788963566
3109,7.485104728824438,3.8167572463628425,2.7633910532937525,8.596947203470796,2.9026480567067745,4.796711000699987,9.425722158292926
3110,7.478797894782031,3.8288743591969516,2.7834326508254104,8.57929864085164,2.9026480567067745,4.794468108169998,9.410174415270577
3111,7.481952177416714,3.8256606262721813,2.7811516986221836,8.664460944954987,2.91464234143996,4.79118757383801,9.447875443389464
3112,7.477445528747251,3.8256606262721813,2.7826726040206635,8.651544303908224,2.913554608779303,4.78548283928349,9.483180625100848
3113,7.4648080507861785,3.8184642424839548,2.7857111708548343,8.624352134088097,2.9124663468958163,4.781155166149745,9.482079929117132
3114,7.4616443239348715,3.8197912192479775,2.7752479305103392,8.525686649890888,2.910288232605757,4.778382775446366,9.570703067341194
3115,7.445799411937952,3.815808485342325,2.770283739069122,8.562597677936735,2.9168162219379883,4.761878370543711,9.62271982517883
3116,7.445799411937952,3.816188026620553,2.770283739069122,8.521763586508419,2.9157295455894814,4.759091342071802,9.605421667873644
3117,7.44307872837792,3.793901582803248,2.7485726837416924,8.538334490526616,2.9091983787679228,4.7597882984797195,9.6893708396825
3118,7.445346054607842,3.7933278914468618,2.7549361276279885,8.512930945083433,2.8982704564330435,4.757174026076652,9.685088793118751
3119,7.441717900691917,3.795621979254867,2.765499526102461,8.393357922288718,2.9037411138826372,4.75577898196879,9.56852770422529
3120,7.444439232055456,3.81409994072552,2.786090688235285,8.389473590491106,2.9157295455894814,4.758917082194927,9.524884411337657
3121,7.428863365690814,3.803446519814683,2.778677914077653,8.43048454426205,2.9287350284452676,4.755604563973129,9.583741743222923
3122,7.426569207162504,3.8235792767610617,2.7876080848052207,8.455621638859888,2.92981542600722,4.755430137644423,9.55764121211612
3123,7.4261102646690915,3.820549222158406,2.78514176847138,8.44696783757554,2.930895304859303,4.749669386734193,9.572877786588553
3124,7.42381499781056,3.8207386922799556,2.786280421675364,8.370791231975637,2.9362869425231333,4.752638182191134,9.644285725246593
3125,7.436656610687789,3.8400007422631064,2.801028107305302,8.401157232724449,2.940590985723973,4.7622265997272075,9.693650422684685
3126,7.438488769989229,3.8400007422631064,2.798577187193039,8.40309175610099,2.944886838657107,4.76692445120278,9.674372872817866
3127,7.425192268828688,3.827929508443602,2.78647013828752,8.418645868241429,2.941665715109163,4.759731453010466,9.732056452686495
3128,7.399889211403805,3.8120103647125285,2.7727672818939535,8.433967910147974,2.950245202719084,4.753228034270396,9.763911319641656
3129,7.409563663060823,3.815239081205832,2.7672406323327663,8.466164663220919,2.939461562566946,4.7516443681209894,9.776615433542986
3130,7.393430413203741,3.8099192956346895,2.7659044577305036,8.423233443673789,2.9470155067720354,4.751820364978033,9.776615433542986
3131,7.398044589952398,3.8146695663534307,2.774099152661252,8.37158148976078,2.940542245313885,4.751468362772277,9.719276404645885
3132,7.393891999672162,3.818843439991075,2.7664772069237484,8.427919599221765,2.9351336469290317,4.760960528072284,9.729927962990285
3133,7.4012722845252155,3.795430874254041,2.759593992102419,8.325225532854564,2.940542245313885,4.767450213211055,9.759671827141185
3134,7.410023940907448,3.7944751611823406,2.7588278091729572,8.291729677894713,2.9318822469926964,4.765171365399903,9.697927546044117
3135,7.404498146623253,3.794285039654649,2.752111850514641,8.181510391105887,2.940542245313885,4.762891097129059,9.759671827141185
3136,7.403115858495514,3.7950454513286638,2.7538408492227004,8.176283383274548,2.940542245313885,4.758326289388431,9.710744197301091
3137,7.385115429122798,3.801500954002425,2.7457600488266727,8.156449719646737,2.9383803620429227,4.765522049765482,9.721407932562458
3138,7.384190789043785,3.8011216138092934,2.7351309714567478,8.186881191297617,2.9253653174999514,4.756569074405236,9.642131962087133
3139,7.386039918428861,3.8092665886673123,2.741128507801062,8.261998189521819,2.9253653174999514,4.760784971225314,9.624879248123348
3140,7.386039918428861,3.8092665886673123,2.741128507801062,8.114702618915148,2.9286261434765777,4.760784971225314,9.624879248123348
3141,7.38049071963597,3.8092665886673123,2.742480426474361,8.087086627708626,2.9383803620429227,4.760784971225314,9.624879248123348
3142,7.387888444994209,3.806806548195001,2.724253070729361,8.030000821061877,2.9133682438203956,4.7623646793932535,9.629196201827446
3143,7.395276533918069,3.8160682321000543,2.740742085764666,8.072804029837469,2.908989681103355,4.767800679261678,9.670082172779862
3144,7.410484181515643,3.8066172285306767,2.7397757200532733,8.144708414218934,2.9220997500575776,4.775677311489128,9.710744197301091
3145,7.41876215417903,3.806427896600808,2.7355184262615366,8.11817406016644,2.929712035098183,4.776551448682057,9.61191322908827
3146,7.419221688837408,3.8075637042409602,2.7413216922127,8.196373517721774,2.9253653174999514,4.781791901757101,9.629196201827446
3147,7.416463924513092,3.8141804713627256,2.7430595545309404,8.200479615513194,2.9351336469290312,4.779696618607265,9.61623776584643
3148,7.42381499781056,3.8170116564691576,2.745760048826673,8.198314312552759,2.9416224109694458,4.779172610843041,9.661493324757858
3149,7.416923644657107,3.822665835720102,2.7513429522939026,8.234984137068366,2.9405422453138845,4.786327584111497,9.672227832716212
3150,7.412784826271626,3.8258650405804016,2.730670092406496,8.110361938377245,2.9470155067720354,4.785106989740345,9.648591373068921
3151,7.421059456830905,3.8266172884062026,2.725810519533734,8.14331941417763,2.9329665686626316,4.7865019216395925,9.700065186579618
3152,7.438488769989229,3.8141804713627256,2.7372610889586713,8.135574998511583,2.9242773227908248,4.788593327162508,9.659344558195194
3153,7.438946717976051,3.823983577600202,2.7168392974537006,8.188747231823346,2.9242773227908248,4.7941646001295775,9.509547571871462
3154,7.443981724160864,3.822665835720103,2.6932525108430423,8.168201008608268,2.9122744069917337,4.791380018432166,9.458926754140034
3155,7.459516496302904,3.7811365610675667,2.6755836645034434,8.137882113650194,2.8869668983186405,4.798337526879412,9.46334257240729
3156,7.464533438772278,3.7488711792932796,2.683543468553879,8.165466538726458,2.8365979249265703,4.800595889753794,9.458926754140034
3157,7.474099061113374,3.7488711792932796,2.701341508628539,8.22096720353521,2.8557622722399234,4.804761543266242,9.480979066676051
3158,7.472278267470627,3.7287147668017155,2.68413921478725,8.131839122177993,2.8568843758372044,4.8042410938578755,9.51831542165029
3159,7.4544951548288205,3.756200910765382,2.7107716434736187,8.098503873219013,2.8467646888313034,4.79746855701397,9.44123656675028
3160,7.463165617391248,3.7536954689398843,2.6934501800664283,8.08199660192607,2.8568843758372044,4.8016377444719085,9.487581745854623
3161,7.461341347433796,3.7642805773179853,2.7033096543798782,8.128679933468682,2.858005905638826,4.805281919251975,9.385674418950181
3162,7.460428994547054,3.758511695750474,2.6871153659128737,8.155171471795548,2.853516340403568,4.80510846874637,9.37004004004449
3163,7.4677237530091745,3.7506088547583394,2.68592542092109,8.124608943202915,2.8523925105323413,4.809788773132009,9.331928648141131
3164,7.480921897114572,3.74036073227345,2.656151881409929,8.185346731346893,2.8467646888313034,4.813771025034969,9.338668913319989
3165,7.473188736524336,3.7448125176268494,2.6691935419827484,8.075414176528408,2.8467646888313034,4.812213263756927,9.390135158092724
3166,7.475919277151132,3.7569713781363054,2.6817551953576513,8.114012031701852,2.8512681036011505,4.812213263756927,9.390135158092724
3167,7.471822978749697,3.7656249936049075,2.6871153659128737,8.125092513745773,2.8512681036011505,4.816019966106877,9.313923530766374
3168,7.478648519306941,3.7759752597529554,2.6997656461362176,8.12982176835245,2.8512681036011505,4.811867005372203,9.24599690842533
3169,7.485465955082577,3.775401214389635,2.7009476552809826,8.109258608406117,2.8512681036011505,4.815847019206308,9.266443017814007
3170,7.46225355502718,3.7853352906134137,2.7033096543798782,8.080040014216257,2.8703050936546615,4.806149049477908,9.24599690842533
3171,7.459060192651764,3.7872418000297507,2.7152751419048395,7.989470694652488,2.8714198006609126,4.811347556932034,9.284568130984223
3172,7.471822978749697,3.767160704182015,2.7013415086285386,7.820174576592287,2.8680739863048683,4.819304421400454,9.277776618395096
3173,7.475919277151132,3.7662009806601446,2.7025226201196473,7.762085150906837,2.8602472470986404,4.825864599670345,9.218643468989024
3174,7.480921897114572,3.7696544960687914,2.6817551953576513,7.65565697716182,2.8591268624561486,4.82379421983295,9.20950212716367
3175,7.4895525373160075,3.7706130748036433,2.677576505566893,7.6924823058300875,2.8546395940337517,4.826726916550154,9.131896633688543
3176,7.4900064227416845,3.775209840668055,2.695820738409524,7.732855948426897,2.8445094976536516,4.82707178711972,9.133630539210449
3177,7.492728983251614,3.7679282537548477,2.7033096543798782,7.74311599858175,2.829793627216466,4.827933823160012,9.182006924087496
3178,7.503606362128811,3.7988445363435877,2.726199700659834,7.75091518037306,2.8309291564591414,4.831379964162624,9.19347627650854
3179,7.494089780401375,3.805291647322155,2.729893317881116,7.750063137110754,2.8591268624561486,4.8272442103695505,9.177413954102528
3180,7.491821606276013,3.8173889411828412,2.726977845882917,7.753215962659954,2.855762272239923,4.824311923297724,9.142870802994832
3181,7.50541726260806,3.8283091421166446,2.736873955485291,7.801900004387864,2.868073986304868,4.830346458118355,9.1751163459107
3182,7.520335527565526,3.8224775385736303,2.7326107706015006,7.755973787929276,2.8647230800443495,4.8348229062862185,9.18889077318496
3183,7.511750936945635,3.816634323173308,2.7234739112244775,7.6889087050300144,2.8546395940337517,4.8332739776664795,9.20950212716367
3184,7.506322499455659,3.836941226197465,2.7380351420211873,7.605295852589737,2.855762272239923,4.832240999267343,9.223209715156665
3185,7.5085849696771705,3.841060685724314,2.7461455513827002,7.520251108358878,2.8691898224663177,4.831035494147599,9.18889077318496
3186,7.5085849696771705,3.8509612820146875,2.7461455513827002,7.548654981760415,2.878096238943727,4.831035494147599,9.18889077318496
3187,7.52031277199231,3.8505882764959343,2.7413216922127006,7.55367591857005,2.878096238943727,4.8398095071085985,9.18889077318496
3188,7.539656641223293,3.8712193565733846,2.756335798312946,7.5817551594615225,2.884752564005355,4.8461620218433294,9.2072149442138
3189,7.5423506497956225,3.8730709877330876,2.7594024723489783,7.56791362097634,2.881426905147947,4.8494199128675515,9.26190451821671
3190,7.523466189506705,3.8608288330204656,2.7507660948941246,7.561421121112262,2.881426905147947,4.845990474859225,9.300389881669405
3191,7.5293179730710875,3.863058438884102,2.754992729904033,7.565939357137558,2.8792070186722443,4.8499340561512945,9.264174130036585
3192,7.540105729723216,3.880466008541515,2.755760301969285,7.480923417139507,2.8725339442742714,4.858150712864475,9.218643468989022
3193,7.533815317017373,3.878803729874762,2.7484570879136347,7.3905556315861896,2.8825360134431834,4.863967446690969,9.165918409352688
3194,7.528868046197739,3.885262944647559,2.7597455457687117,7.386141917664569,2.8680739863048683,4.863283595378699,9.165918409352688
3195,7.512196064533343,3.888947652550135,2.7633680340745173,7.40833410849922,2.8836445661391052,4.860718036669633,9.131318569874248
3196,7.5045197820693526,3.8900521785306323,2.7671745090982607,7.449259308754962,2.88696689831864,4.8540393149729875,9.096547108137486
3197,7.496380789866606,3.895201240435644,2.777418079175877,7.495010868620996,2.888073236296243,4.851295861066919,9.122063058094009
3198,7.494570561148033,3.8780646414205378,2.7817661708457955,7.43905729723391,2.8946997035962334,4.833758625918192,9.170518879746233
3199,7.5045197820693526,3.8856316202691374,2.79250390285519,7.42451528390672,2.8969041401547377,4.835653882964892,9.200348950781393
3200,7.500451724004736,3.8988048056814044,2.7921280505606654,7.509883698828911,2.9078936982477708,4.837031644221647,9.280041175303216
3201,7.495928286071268,3.8922254723630427,2.788742409909001,7.588623654010292,2.9024056943492065,4.836859452020185,9.313923530766374
3202,7.506778573647809,3.896613302313981,2.7928796892671346,7.625536950538431,2.904602516770822,4.849408563614679,9.275511341264272
3203,7.531567082307477,3.9024537497906575,2.7951330259922225,7.661500509031651,2.9089896811033547,4.86054693670056,9.280041175303218
3204,7.527067988366023,3.8953341835985897,2.7732507218638776,7.658131531870307,2.913368243820395,4.857465794648811,9.195767911359313
3205,7.537410675884926,3.878471793195125,2.7612715585136938,7.661580479505268,2.908989681103354,4.862086554090594,9.220926960252852
3206,7.540105729723216,3.8596642029630157,2.7656527379751545,7.681756073249097,2.8969041401547377,4.864309325387208,9.191183897340224
3207,7.525267369630339,3.881778466332624,2.790812048242587,7.650453550531029,2.906797177062405,4.8572945454378464,9.145755891966374
3208,7.520763365658376,3.882696335740051,2.7913761481959316,7.715925422679358,2.9122744069917332,4.854896230223067,9.18889077318496
3209,7.527067988366023,3.892042506262953,2.7862938913378077,7.6643613467263085,2.9122744069917332,4.863112612978216,9.131318569874248
3210,7.5045197820693526,3.8982570802849312,2.794382176727801,7.725768907647107,2.9188294220185536,4.859520172088117,9.077931335556633
3211,7.5045197820693526,3.9011771250419747,2.794382176727801,7.795772235684497,2.9210101706147964,4.856952023420458,9.084918073331334
3212,7.488683380597581,3.895516948340051,2.812144387158446,7.827568555690392,2.917738251437033,4.849923375977483,9.098870592315063
3213,7.495928286071268,3.898622241686446,2.8013175345236814,7.862812627392427,2.917738251437033,4.848550384776031,9.182006924087494
3214,7.502260104547752,3.8768170787214804,2.804870258483222,7.868887170604081,2.9155543141251745,4.854896230223067,9.170518879746233
3215,7.486417474430481,3.8977092546254264,2.82994633428037,7.857495627455418,2.913368243820395,4.855238941164226,9.295872960517485
3216,7.487777125311203,3.9113749334441485,2.844303729934684,7.931970633152463,2.9264527853805795,4.846661694538443,9.358851788963566
3217,7.480975651512752,3.917368172695328,2.842651926127641,7.925628171769914,2.9264527853805795,4.846661694538443,9.345402847574473
3218,7.4768908980450135,3.9202696909003416,2.839528436366638,7.878597911052398,2.925365317499951,4.844256519525219,9.362210093071774
3219,7.472803235695913,3.9282344785673144,2.8306849195222554,7.876330340847434,2.93405036840984,4.8377203331952785,9.416841828210837
3220,7.475528667420792,3.9345551155870866,2.83105411802631,7.831267185517941,2.9362164049134005,4.838925231702719,9.419062933196601
3221,7.47007650858392,3.9350962692569253,2.8238434002633768,7.808301887054447,2.9362164049134005,4.842193702189114,9.378978127623974
3222,7.476436857092848,3.952720937525881,2.8400799656105153,7.82098331468458,2.935133646929031,4.840301780209397,9.383443013448849
3223,7.480521933486729,3.9659618322920096,2.8545536672883256,7.779821503703608,2.9372986430546346,4.837548172924659,9.399048365473329
3224,7.457790160349346,3.976655571705571,2.83658458741519,7.762583277594721,2.936216404913401,4.837376004672854,9.35213046733537
3225,7.46780324522844,3.9777228866676597,2.855101418940688,7.749841927066753,2.927539727138159,4.84563109566208,9.403500843130702
3226,7.46325401228393,3.9780785754348007,2.8466874651544365,7.752406336386984,2.9340503684098405,4.848207057835121,9.392364492916307
3227,7.46461916137292,3.978434222780761,2.849983735546654,7.781602563050003,2.932966568662631,4.84563109566208,9.378978127623974
3228,7.4591566120996236,3.9832314145918324,2.8523612902876416,7.795780567583795,2.9416224109694458,4.847520308928044,9.427940538633058
3229,7.473257564228166,3.9991679690767934,2.86475588608877,7.840116158062752,2.9437811937417693,4.847005164068802,9.465549475367038
3230,7.455056278023555,3.99280328905194,2.862937533745371,7.861166416824979,2.950245202719083,4.8444283693265655,9.458926754140034
3231,7.445933891100371,3.9974013264060004,2.8638468979017273,7.894810848499333,2.955617818481022,4.837031644221646,9.485381517974872
3232,7.442737614133043,4.00869032425887,2.872738836829406,7.889437008484474,2.954544313285533,4.831345079748312,9.520505740889941
3233,7.44958459202561,4.006224396118061,2.8654828062294087,7.944308025119233,2.9534702997790263,4.833758625918191,9.546738543807248
3234,7.445020851497115,3.977545026746978,2.8455876028747986,7.9466937197937355,2.9470155067720354,4.830482718256735,9.51393281241659
3235,7.429476806162833,3.9718480299126395,2.828283598766195,7.901391206831079,2.9329665686626316,4.824267786399339,9.518315421650287
3236,7.423980547288345,3.9707786574733057,2.8240285901194535,7.949086056983117,2.937298643054634,4.8261678994600725,9.48097906667605
3237,7.431765351543586,4.002345366706514,2.8255095398565344,7.974487118449181,2.950245202719083,4.824958849379768,9.425722158292924
3238,7.431307715908986,4.018534337269944,2.8234729730841566,7.89295973565333,2.974854742394682,4.829965205089949,9.51393281241659
3239,7.444107666016205,4.014495065335876,2.832899170556526,7.855491151698581,2.987589859093371,4.8323796489496145,9.568527704225287
3240,7.460067398815508,4.005343228192474,2.8180946488438967,7.943996529394195,2.987589859093371,4.8399576908920565,9.590252424411226
3241,7.454144693658324,4.012561366952028,2.8321613374246937,7.854603857308648,2.988647929705222,4.840989863274439,9.611913229088268
3242,7.464164147812579,3.9858932723297524,2.809908805990402,7.870259187198844,2.9939309795491202,4.8480353824880265,9.637822554749064
3243,7.4536888470165845,3.990501681830224,2.808790146108492,7.878384931677048,2.9918192177743665,4.84872203637188,9.511740521331228
3244,7.472348871180704,3.980922595529752,2.8044965635801264,7.813241767748829,2.990762608424683,4.855067589632562,9.540189150517552
3245,7.471894470674637,4.002521792468408,2.8102815637302005,7.853381829133698,2.9897055126084315,4.854724862934723,9.531447505076203
3246,7.471894470674637,4.004814406208957,2.8180946488438967,7.862944020714805,3.01180318252272,4.858150712864474,9.601090783666745
3247,7.475982780220733,3.9981081054951892,2.8173517612008747,7.788480628747262,3.009707742281147,4.858664318994564,9.596757353251236
3248,7.476890898045013,4.000050909319546,2.811771951073091,7.832695620503686,3.012850190857553,4.858664318994564,9.524884411337656
3249,7.480068179611402,3.9764776495980017,2.8188372814824887,7.837417450379068,3.006561014042493,4.863967446690968,9.51393281241659
3250,7.471894470674637,3.953617412691888,2.798883337823453,7.936311601123841,3.005511150801571,4.8615734188619,9.529260461364885
3251,7.476436857092848,3.971848029912638,2.8147496427860106,7.999953864189367,2.9939309795491202,4.8615734188619,9.529260461364885
3252,7.496833258085326,3.9631038178921068,2.808417130490849,8.009840977229263,3.009707742281147,4.861915516852589,9.487581745854623
3253,7.511859500479587,3.97238257552086,2.834742659131617,7.9885509064384985,3.005511150801575,4.870457797967699,9.45450824897676
3254,7.5173138918204865,3.9702438305511616,2.834926922112767,7.922565151348989,3.0159883758424875,4.876766543553821,9.487581745854623
3255,7.515041855429842,3.9748758837639855,2.82939223052812,7.8939387326533765,3.0212092528397676,4.877107254048057,9.50296476776651
3256,7.515041855429842,3.995456844080823,2.82939223052812,7.9599656994387455,3.0284987978476843,4.878299496696477,9.47437039251957
3257,7.504578943904066,4.020113483133746,2.8463209059052588,7.930262544299766,3.023294316377396,4.874892081344008,9.452297987394028
3258,7.495009228220194,4.0262469393038,2.849983735546654,7.997094489845299,3.023294316377396,4.872334482482817,9.44123656675028
3259,7.4945531303972315,4.024846079759223,2.843600935182954,7.977165895647664,3.0180615076015154,4.877487365239594,9.399048365473327
3260,7.496833258085324,4.035511642811566,2.851803976139166,7.981656069161578,3.0358051700688833,4.8804041870941655,9.421283356152813
3261,7.485880392580204,4.025721691384188,2.8568926164490467,7.971490713342307,3.0503168054963727,4.8676908111403066,9.4567178377032
3262,7.495465289892557,3.996340852460683,2.8457914247507934,8.043166985394139,3.054446504497344,4.872850090186619,9.465549475367038
3263,7.48862056538114,3.9959872796772373,2.8326153618471834,7.99115675650698,3.0482492223504303,4.873365626834205,9.439022256087183
3264,7.478109465344687,3.9922723023287827,2.828389479030769,8.1320877501384,3.062684157210328,4.868379126536631,9.38567441895018
3265,7.4680373301540355,4.0248459019087495,2.841042582821824,8.16057611899714,3.0595984227696715,4.86596946773392,9.316176649640061
3266,7.4735334139915635,4.004747043967341,2.835000275962588,8.153411710112385,3.0595984227696715,4.873537456597825,9.367803782187652
3267,7.4717019711590975,4.009302618782717,2.818250609730137,8.215397903356234,3.0811141412161054,4.874911810710655,9.363329179134528
3268,7.48359591680001,3.9767398317662477,2.7982020702090264,8.279644150086702,3.085190235040038,4.88434686486123,9.45008705238768
3269,7.486793928667836,3.9806303521434048,2.8034177790305743,8.280711611273945,3.0821338230014486,4.884175530287737,9.463342572407289
3270,7.470328005195544,3.993504462523047,2.8123297045537337,8.315822547767604,3.0821338230014486,4.877144060328038,9.454508248976758
3271,7.46115980744432,4.0189172606488,2.8202821826594513,8.275374524738028,3.1034464756566025,4.8670023689384685,9.49967113722082
3272,7.457947469122111,4.020313259691065,2.8169567967506035,8.3296096037475,3.099401634291971,4.867174491380482,9.452297987394028
3273,7.463911807116078,4.03580136093616,2.8145519454122887,8.310584987176833,3.115539995745641,4.868034984685116,9.447875443389464
3274,7.457947469122111,4.046545234362578,2.827653702962783,8.27497091886788,3.132568535913671,4.861835003962186,9.485381517974872
3275,7.448759413389373,4.0418710232238695,2.832798909639763,8.217980556504248,3.1255714179852405,4.862524399270587,9.447875443389464
3276,7.437714222400824,4.053284482722144,2.8425048657180496,8.208839708718896,3.1265722552860677,4.857350827217429,9.47437039251957
3277,7.439096039614414,4.071184844814845,2.8221274143826722,8.192744592545719,3.143523056335022,4.857005667156205,9.458926754140034
3278,7.441398325618212,4.049138982087919,2.7897930496752683,8.205610878173797,3.136557764542983,4.8580410515120525,9.51393281241659
3279,7.440477522569809,4.016822076983075,2.780410802399312,8.272024201703758,3.098389349024196,4.856833075143525,9.529260461364885
3280,7.444619968122431,4.027109731591281,2.7890439823693214,8.259122274396903,3.0923065689372944,4.859938509983662,9.56417504427545
3281,7.444619968122431,4.0321538489869075,2.7890439823693214,8.282789658656954,3.0923065689372944,4.860800672184873,9.55764121211612
3282,7.439096039614414,4.034064986254754,2.760192973093646,8.312035860519092,3.1235684900306406,4.856315251164992,9.624879248123348
3283,7.427570661397776,4.007025674671708,2.7422709807547294,8.31810145185492,3.1165450311109795,4.850614433775591,9.661493324757858
3284,7.421568248008697,4.0000090991111605,2.745905802284867,8.272944004066435,3.1145345378887654,4.841786873761961,9.61191322908827
3285,7.418333558445399,4.0166474140808015,2.7662596069195304,8.243829970268655,3.1115156244449587,4.838145896031115,9.643208921990066
3286,7.41740902391041,4.010352948169071,2.769097384407581,8.281825853733242,3.105466323579103,4.8412669524519965,9.754369085816245
3287,7.420644238401771,4.001062607361128,2.75258516989742,8.35221384498324,3.103446475656602,4.842999740759201,9.736311613935708
3288,7.424801102178482,3.9848689150781897,2.776834715101262,8.381461806370048,3.087225653854431,4.845943628917778,9.719276404645885
3289,7.4243393781303295,3.972312759168055,2.7560120666656274,8.404467422736273,3.089259326152677,4.842653247706949,9.708609619130808
3290,7.437253542344656,3.975677919938129,2.7670167182740952,8.457728937933343,3.0902755086530727,4.850960186305617,9.601090783666747
3291,7.426186049967067,3.9964947918088027,2.7929736670395866,8.447152304691127,3.0780524552026445,4.847674240174308,9.624879248123348
3292,7.41324675965567,3.9677017758145525,2.7851070722558724,8.483983941589358,3.0983893490241954,4.83606373390765,9.697927546044117
3293,7.397959014085663,3.9801001183101827,2.7764579357901207,8.405328634903686,3.1084928908115614,4.8292886284152114,9.661493324757858
3294,7.404913086023227,3.9607721842855326,2.7525851698974195,8.417568021932507,3.111515624444958,4.823720306297365,9.674372872817866
3295,7.4035229522661234,3.9710720265931454,2.767584374752994,8.444547379497266,3.1014249139044834,4.823372008104137,9.65289451958492
3296,7.404913086023227,3.9931524672883105,2.779658439896017,8.47922962908746,3.1325685359136703,4.826505513357148,9.727798866608953
3297,7.401668911529511,3.9938564173490216,2.7886693504271993,8.501154897030386,3.156405536663231,4.824068571734992,9.734184336175776
3298,7.3951749998727685,4.015249754551193,2.81121772591295,8.459957205999428,3.154428075912849,4.816573634070035,9.761791873179455
3299,7.384490275740722,4.023103365169151,2.8160321705053772,8.329104238749172,3.154428075912849,4.81517755012631,9.79352087621627
3300,7.383095130877729,4.016996729992981,2.8138114524627253,8.390284284694847,3.174130558299477,4.810811385704052,9.820911434217857
3301,7.386349934978991,4.032327637495387,2.8171416745655176,8.41966685670099,3.17216747952704,4.809762737918769,9.80406750326273
3302,7.401205306813394,4.026761558002952,2.81399659949598,8.366666162841183,3.17216747952704,4.816573634070034,9.791409774838263
3303,7.387744279276204,4.035627767258459,2.818620128503257,8.317095203277596,3.174130558299477,4.806789950673529,9.797741301624782
3304,7.398886715613906,4.044295566657865,2.823418142085463,8.294199949695486,3.174130558299477,4.806964886806185,9.81459937259209
3305,7.398886715613906,4.051903263000996,2.823418142085463,8.195758374642212,3.1858759697026797,4.8078394431071505,9.877483844195764
3306,7.391460855894133,4.053284482722145,2.8267336320330845,8.242414904086086,3.1809889131071802,4.8029392556051,9.878527503938777
3307,7.401668911529511,4.060181404066583,2.808249644858947,8.262321527276379,3.178051978813356,4.8113355979587284,9.778730696073051
3308,7.416484339244315,4.049311821662257,2.8084352696415964,8.303808347877641,3.187828060578538,4.8231978467215,9.772383119101919
3309,7.422030196622458,4.057596847975017,2.8283894790307693,8.308947809051451,3.213064895723238,4.821804260655269,9.776615433542984
3310,7.41278409791831,4.069811533512232,2.8375657258060154,8.265280777091593,3.2323035466549603,4.807314734195788,9.854486886482848
3311,7.422030196622458,4.081978652208404,2.851258062891197,8.210432118388757,3.237089959101594,4.812383799338283,9.902492153129488
3312,7.429877600267371,4.083688538623551,2.8554399244675563,8.228923573268967,3.2361334142634828,4.813606325195087,9.862857498484036
3313,7.420644238401769,4.092905854524947,2.8576186017485266,8.185364205097146,3.2361334142634828,4.814828446747917,9.88791398591859
3314,7.420644238401769,4.088983269413727,2.8576186017485266,8.220922494013026,3.239001945049802,4.827027506651073,9.952263515471593
3315,7.429877600267371,4.09034820261865,2.8572556391334407,8.27750873881066,3.2437754897366875,4.828419129423584,9.981147679374581
3316,7.433105748058052,4.077014697691915,2.839213349413829,8.348685846557247,3.264671233720286,4.829810229942781,10.007871538938186
3317,7.418333558445399,4.090518777556907,2.8415910537746374,8.373871179148145,3.2580415190882515,4.820758726708686,10.018125232833693
3318,7.414163591419857,4.084714022986232,2.846521100068693,8.345942460737618,3.2532952287660275,4.822849499378877,10.056965187822614
3319,7.407670897052612,4.116170062576833,2.8677572779254397,8.296530813345134,3.2788190304209324,4.827375461335127,10.164289074302786
3320,7.408134906767365,4.121410514016098,2.871366939609011,8.283364720412743,3.3003591576330105,4.831895902682192,10.174337944127108
3321,7.398847508753921,4.114647012464882,2.8630558513095563,8.370475201037033,3.3189419529472852,4.827549426426775,10.214404765331768
3322,7.415090514745287,4.1298446129128275,2.8661309977623772,8.401364766692451,3.3068786111767516,4.83589016768267,10.221395436790347
3323,7.411381915326909,4.108886628924464,2.858707129452815,8.3447172891773,3.3105965079804065,4.830690154179737,10.267180044568143
3324,7.424351459368322,4.109395321193167,2.860326845897049,8.33738864926837,3.2853778274496945,4.8346774827907355,10.244321058177714
3325,7.408134906767365,4.119382982270686,2.8660761857788724,8.389219764459892,3.30687620612098,4.824787977243903,10.307765071087076
3326,7.40535028036403,4.119382982270686,2.8691244212369567,8.334574194712726,3.337407428283934,4.827393037560598,10.238346907232646
3327,7.4095267088196595,4.127316740296276,2.8693035978583494,8.25974690988947,3.3401649879308906,4.830690154179737,10.254267904076025
3328,7.426201843386729,4.124618118064633,2.867331852770756,8.21033801640213,3.3105965079804065,4.836582952663857,10.20640778773206
3329,7.423888769491995,4.121241602661749,2.8547427814061055,8.239011273088815,3.2863163511596563,4.836236576331923,10.218400197538756
3330,7.429438571092191,4.135810021663853,2.849686852624146,8.248763228173,3.2816202354070674,4.840563960368257,10.264202197651993
3331,7.429900810839149,4.13530877491682,2.834266442070953,8.358160103032514,3.3068762061209798,4.841774725227846,10.232368212071696
3332,7.425276726458041,4.139984004325034,2.8335380809858344,8.284678588229012,3.322650047799018,4.83987191758389,10.244321058177714
3333,7.421111841061624,4.149480246415954,2.8480592490410794,8.230799667034812,3.353908527617006,4.833117734062284,10.254267904076025
3334,7.432673463036801,4.156127409203587,2.8565456462142844,8.315793910391418,3.3520802951927435,4.838660532458413,10.274123982649323
3335,7.445594730671947,4.161269451162523,2.8590671697371417,8.395672615950433,3.3520802951927435,4.842120585614738,10.32748731576831
3336,7.452044424423251,4.163920172892819,2.8424437625092405,8.425672762845142,3.357561103386627,4.842120585614738,10.32748731576831
3337,7.4446727516247275,4.171363569480655,2.8467924970071055,8.443527079299933,3.38117775913773,4.845922928076602,10.315659863091449
3338,7.445133759738607,4.1730153096382345,2.841536684742786,8.465120710404692,3.3929059030805453,4.8428122098688595,10.329456843096093
3339,7.440522004104749,4.155795379934863,2.8326272865362636,8.616817679090481,3.3639406863894052,4.846095669497271,10.352071341865694
3340,7.440522004104749,4.169380356036643,2.8326272865362636,8.60219456474572,3.3639406863894052,4.846095669497271,10.352071341865694
3341,7.447438242765796,4.177800547076475,2.8561851918348418,8.635491550060467,3.3639406863894052,4.843503705485323,10.338313669042043
3342,7.4506629593940135,4.189814651920286,2.862664329298997,8.605813229465483,3.3893028730638743,4.851791643185731,10.384406276446184
3343,7.451123484807241,4.19145692777248,2.869661907384616,8.593339111493416,3.3938058821806765,4.851964112495344,10.370704463223369
3344,7.445594730671948,4.200147031862725,2.8841247652484223,8.70791721171163,3.3983011221155217,4.855411823130919,10.384406276446184
3345,7.445133759738609,4.2006382244353135,2.89247365426798,8.801302512606703,3.3983011221155217,4.855239513333449,10.421478727652149
3346,7.434521149608465,4.1880071794738924,2.9034392984399857,8.691255474687862,3.373934024299145,4.850066510672034,10.450625560661402
3347,7.427589237375354,4.192277751470347,2.9011445228116792,8.710348034178024,3.3929059030805453,4.847131949632445,10.500897416665856
3348,7.437753162599521,4.197526073472561,2.89743257490398,8.760433091996482,3.398301122115521,4.851446680606475,10.521110894848015
3349,7.449281160634281,4.175491324311978,2.8976094747976977,8.78839802375024,3.396503956069791,4.853860748095251,10.573812704298435
3350,7.449281160634281,4.190307422709578,2.8976094747976977,8.703105213311872,3.3784637292363437,4.852309027159637,10.589080037185395
3351,7.452965215813697,4.171528781833648,2.8915869667652077,8.702299067181237,3.33832694451598,4.8529987606971865,10.556602559828667
3352,7.450202396899621,4.148149148515101,2.8891023555711697,8.64508177055172,3.2994192005773377,4.849893953456361,10.59479790061287
3353,7.442367153056564,4.167395913052427,2.90837388495931,8.62052493542788,3.3300393864754567,4.8396988867467,10.598607577549288
3354,7.445133759738607,4.123925883985617,2.894245967905692,8.489606838465127,3.3346468975554835,4.83779501544703,10.525916177363616
3355,7.4460556644330325,4.126272764601711,2.8983169337382657,8.501547433945412,3.300352526700807,4.83606337604749,10.623327121982955
3356,7.440060623728386,4.131463250978631,2.9125948670343846,8.411699939648152,3.3291168873037127,4.8358901676826695,10.657430995996748
3357,7.4225004744358625,4.1577870375238435,2.915053431149041,8.37568090797656,3.3291168873037127,4.827393037560597,10.743945972802008
3358,7.4141635914198565,4.202438624112945,2.9332331305799566,8.366944349439631,3.3520802951927435,4.818180277217739,10.70362299416846
3359,7.417870379557344,4.225103128255446,2.9398392242710356,8.247400729746484,3.40099455226755,4.818876380429303,10.736458955984364
3360,7.412309291778761,4.241796074358242,2.9356692075474604,8.31922822772235,3.4099526507663307,4.8199202897251805,10.771961951623647
3361,7.410918170413328,4.24050259976876,2.930968696990779,8.29032997635523,3.4188801995115257,4.820789989223455,10.788726078059598
3362,7.403028716032673,4.25663426056156,2.9448677373773005,8.260425979871414,3.4027886298550887,4.813652409569392,10.897794180825285
3363,7.403957455550904,4.228513512571681,2.9260836993192645,8.285203949220147,3.4233326074683883,4.813826660914964,10.972757649479586
3364,7.407206849474937,4.24050259976876,2.921188055455455,8.27216099745169,3.4215525498986925,4.819224382922274,11.003645214305768
3365,7.405350280364028,4.235647486418563,2.932188290435125,8.33621739942492,3.424222184295362,4.818702366906211,11.066884190595113
3366,7.403493104761788,4.228351194558757,2.9108370934059566,8.32353737988471,3.4251114601932446,4.81591703653936,10.969116367406803
3367,7.396988206105888,4.243896875468213,2.9185609873790184,8.250858085788327,3.3856948469188026,4.816961781279048,10.947235529942503
3368,7.400241586437319,4.261940265818945,2.9118919234395952,8.240094556322068,3.4036852067741106,4.8213117108373025,11.030805463663476
3369,7.39280254777154,4.251158441233424,2.90854991853975,8.234888328732547,3.386597322891212,4.819572352684719,10.803599090037354
3370,7.394198110148579,4.253897498594773,2.9013211279568805,8.254240261132104,3.352994573715177,4.8193983718942714,10.678202458229908
3371,7.388148192887055,4.271084971521864,2.915053431149041,8.297246192180836,3.3730271322917673,4.8173099639422645,10.727090610571983
3372,7.389544900318583,4.268199926638183,2.925734364294229,8.27058164399571,3.3520802951927435,4.8162653175861365,10.489324067526868
3373,7.390941263960767,4.273327141551006,2.9368862591621983,8.20841293619506,3.3593854518123583,4.8167876776532275,10.421478727652149
3374,7.401170781544587,4.279405320593989,2.933755368899216,8.167150008292804,3.335567405132185,4.825482839118325,10.37266330868427
3375,7.401170781544587,4.277487110976097,2.933755368899216,8.13665478035703,3.3105965079804065,4.828608105931124,10.516302751839568
3376,7.396523285314382,4.27444765212055,2.9288764260669766,8.09082454794608,3.3502507630082796,4.827913829923807,10.623327121982953
3377,7.402564289354981,4.295983108586394,2.9361908815598863,8.118663365153697,3.33832694451598,4.831557329383977,10.604318750711956
3378,7.392802547771539,4.29932044810492,2.935321357776836,8.018619870863393,3.3648507695646974,4.822528775373902,10.547025556750517
3379,7.392337284047732,4.298049478677603,2.945733592563091,8.046379491769704,3.368487900227127,4.819572352684718,10.632814714730639
3380,7.388613800244173,4.313585265579435,2.949020822993093,8.047943617202005,3.3739340242991442,4.814871996495034,10.495112820103998
3381,7.400260155623026,4.276367637729151,2.9311429650960865,8.048598477222999,3.377558421240315,4.82026819405215,10.59479790061287
3382,7.394672886845193,4.300114555528959,2.9548913525487728,8.037857117600392,3.3520802951927435,4.815917036539359,10.516302751839568
3383,7.384415253623086,4.267558460502796,2.9498850907100005,8.05833949288903,3.353908527617006,4.805627947852158,10.60622158498839
3384,7.37554142847264,4.259368732449837,2.94174790937734,7.964411780319188,3.3300393864754567,4.804230606705877,10.73833134767893
3385,7.367121799228601,4.253575375793389,2.933233130579957,8.040472658238699,3.351165691730385,4.805453309152644,10.634710910404614
3386,7.36758988524911,4.2548636764127465,2.9147023730805772,7.9148525872218904,3.336487581932079,4.80070111172291,10.450625560661402
3387,7.368057932535278,4.237590401273857,2.917509297238505,7.89189786340454,3.3291168873037127,4.79735329614707,10.440921724820257
3388,7.370865403327816,4.249223604079004,2.906690816959995,7.888954594618601,3.361351612966334,4.795590064993865,10.518226352603753
3389,7.36758988524911,4.278925873198133,2.926022561213351,7.958681675279243,3.3677503960817767,4.790825117571975,10.547025556750516
3390,7.3633757155631745,4.287864048329002,2.927756001856944,7.862497757756725,3.3931886223176044,4.787291542967377,10.569991381838529
3391,7.3806806000166345,4.298367266927871,2.942952995210372,7.899795688243291,3.3832247415530277,4.795766426109926,10.685742681832789
3392,7.375073999731719,4.306143539957867,2.954112742948231,7.998966177929388,3.3886643163452574,4.790471912883255,10.661211546930014
3393,7.3942070328558005,4.303923615008786,2.9517137478599893,7.943399209328346,3.3732224897141356,4.79735329614707,10.705502869891841
3394,7.390012625378041,4.302189966835731,2.955653614972713,7.955770646574202,3.3886643163452574,4.790825117571975,10.803599090037352
3395,7.393741140632393,4.306758533380882,2.955653614972713,7.92678446843897,3.413899973510819,4.794178871817647,10.727090610571981
3396,7.3802135952154195,4.3097483125502976,2.9383011665389396,7.884956889246773,3.413899973510819,4.793825988969216,10.743945972802006
3397,7.381147566330613,4.316818613704345,2.9549689121726175,7.810896326818457,3.4058150674702654,4.797177011019061,10.706442646527552
3398,7.373203898751697,4.319799327533518,2.9609530714518897,7.758231625164341,3.404915200525585,4.793825988969216,10.811025604137168
3399,7.388147448534277,4.323247336855261,2.9727045007830015,7.7970289244073046,3.409411442255165,4.799291875924472,10.825858730901263
3400,7.382081383532004,4.310220136028109,2.971685039541254,7.76719475829671,3.4183808307778634,4.798058352295066,10.872042518394839
3401,7.3666536744648985,4.308647129357919,2.9669215184159086,7.837370533386771,3.426427150789821,4.784108418520883,10.838816034600509
3402,7.361501742471526,4.316504698375971,2.988448286436963,7.879338197792208,3.448649931184289,4.7800370737994955,10.788726078059595
3403,7.352122541592726,4.325126560328558,2.986929416420923,7.865395294763853,3.4601324019154323,4.775783892662209,10.818445478957878
3404,7.355407034045335,4.326065773349776,2.9901347413049852,7.8962588044931055,3.4601324019154323,4.775074549327169,10.698921422300996
3405,7.350244830323827,4.342303454253843,2.9786423036597514,7.922938048911513,3.4873153248556603,4.770460468037815,10.79244683419627
3406,7.351183764052055,4.344950177973494,2.9857473771633667,7.919349262561607,3.483823366198876,4.765484947462356,10.708321877516978
3407,7.358689617157184,4.345572631363245,2.9906404362268657,7.872903322671048,3.4803268423838394,4.766907215073001,10.777553767995903
3408,7.349775304866886,4.346506093749247,2.993840587537618,7.828909181062701,3.5003697911967993,4.761392844876213,10.903302090468495
3409,7.337553901668764,4.319172031492904,2.972194827097254,7.731815465513218,3.5055738591704273,4.759612240200468,10.82215293176672
3410,7.338494950992607,4.329350929214319,2.970835140378229,7.754152425769477,3.4968948060878793,4.760146512702828,10.899630553546572
3411,7.345077899748179,4.301243956891451,2.9470799281454934,7.704945561048436,3.495155625567223,4.764062126717483,10.875726190911504
3412,7.335200590292284,4.3020323173288775,2.96026996491984,7.726408152429285,3.4715654513842766,4.762104843934189,10.976397358253223
3413,7.322475678792825,4.307073374289201,2.964365529210394,7.634545876891821,3.474196890941189,4.751588759186719,10.954535468395092
3414,7.322475678792825,4.307073374289201,2.964365529210394,7.706288897517516,3.4759497426291586,4.751588759186719,10.954535468395092
3415,7.331433245181833,4.307073374289201,2.9640245137011947,7.689003437017639,3.457487008987869,4.751588759186719,10.954535468395092
3416,7.3408468868713195,4.310377395571122,2.9988844054441075,7.704837452354886,3.476825736854104,4.7530164453870025,11.138585731413716
3417,7.333788131285204,4.33403838405585,3.0091062363368457,7.740320373537937,3.4890595973968312,4.7531948668883075,11.093843019632605
3418,7.331904301220895,4.355826392627268,3.0019053994701648,7.616985202189325,3.4855699151410997,4.7539084656697685,10.976397358253223
3419,7.3342589903239155,4.362489993265627,2.9990523424459337,7.614693282044888,3.491673878487315,4.752659576208983,11.24502434687298
3420,7.3394358431530895,4.36001206361717,2.988448286436963,7.658565561587031,3.4433334961472486,4.754978602300425,11.193743621644861
3421,7.3238909802031475,4.357997394222605,2.989123017113957,7.683797130722416,3.451304149624079,4.747302344229577,11.28547970061543
3422,7.3163385842536925,4.367749515574925,2.9877733572652123,7.668838216559658,3.46277516298995,4.745872418434275,11.355390396563665
3423,7.325305925447165,4.35629172589994,2.976947362618502,7.750717691425462,3.4680528184840593,4.748910340436195,11.200835013058667
3424,7.330019840463386,4.333413771648737,2.988616987708783,7.737095494418067,3.4539557118593014,4.752659576208984,11.24854972956651
3425,7.317755431923528,4.333413771648737,2.9740630744475838,7.737329100886375,3.4495349662527746,4.752659576208984,11.24854972956651
3426,7.321060020967978,4.347594803264716,2.9918199581009195,7.75366732603518,3.4680528184840593,4.748553069240066,11.276701136948933
3427,7.313503816183634,4.323873862889572,2.9882795727592226,7.771139873417012,3.4680528184840593,4.7451572450424075,11.211461148088242
3428,7.31161317538624,4.344171947856932,3.0040847680316265,7.792866842238735,3.4680528184840593,4.7408632529625,11.428198233297232
3429,7.321060020967978,4.370221732598837,3.0122808621383705,7.889405993747809,3.4680528184840593,4.745336051552821,11.53117326919704
3430,7.326891834978205,4.387003455985566,3.014960008477097,7.971561153478302,3.4612927163250147,4.750468469098694,11.643855186505082
3431,7.329099964137949,4.394409443107319,3.0121074692604237,8.038860358945554,3.4478120177099894,4.756262636175629,11.766509714863801
3432,7.327681130813592,4.392392088132269,3.003738935796374,8.09091453048904,3.4276893495127347,4.762720959904361,11.899427972082778
3433,7.32389582466726,4.363238591536614,2.9733576016764722,8.061928015075512,3.42065398057256,4.752849466491784,12.082982453509645
3434,7.314895493469156,4.319105774841546,2.9422219364398545,8.040219617901156,3.396769254573098,4.75087196074998,11.89274439488956
3435,7.322002215600907,4.2990530987883995,2.936703021778118,8.01056014679684,3.3851908022558357,4.760031378764345,11.647077837492875
3436,7.3319365579613835,4.309572039120525,2.9380840165252136,7.9732130714951,3.3582724585055326,4.766662103913718,11.672804460377852
3437,7.324369127297094,4.248542617184031,2.914839762499742,7.8915026217636495,3.3681750623023445,4.757160308608969,11.60576058497656
3438,7.339493828452368,4.245623358384476,2.9015484746606592,7.886418110551936,3.3492369687056502,4.765050330928672,11.499873705229271
3439,7.341853397811941,4.252107055693597,2.913793320456768,7.922171532343161,3.353758677187819,4.7684521305868595,11.233937278394459
3440,7.3456266555131595,4.207760788221201,2.8971589663410984,7.933147169537581,3.3246810993850455,4.780244420513425,11.332391795922334
3441,7.339493828452367,4.247407660426571,2.8819924725533372,7.973690723761608,3.303575230387376,4.7793523917659195,11.517319164368253
3442,7.346569575535006,4.213665081004035,2.8918800944540615,8.029975175056073,3.3365336822508276,4.787372858833801,11.296719443247962
3443,7.3380776124182345,4.261647069799713,2.9172795595445984,8.025201930638277,3.3164431147219195,4.787550892680265,11.316357362910125
3444,7.342796949025439,4.277592683764589,2.92545093455678,7.995940742244328,3.341077793410218,4.7861263803571115,11.385627703464214
3445,7.342796949025439,4.272768863898084,2.92545093455678,8.009925960069664,3.331070085435849,4.7861263803571115,11.385627703464214
3446,7.335244111752718,4.233594395726665,2.888883154119116,8.062233153909325,3.329246290378625,4.779173959990649,11.219522763156375
3447,7.326722397537101,4.242701482612694,2.9094278663616087,8.024042889231012,3.2943437617853157,4.7714931687753115,11.13434577933316
3448,7.328143579713386,4.256961390394869,2.9351483908555043,8.075126052358494,3.295268424884298,4.769883521973943,11.042790235750667
3449,7.35413523263432,4.24870472162649,2.936012207079234,8.0722066228794,3.324681099385046,4.780066032110553,11.106982303350165
3450,7.347058476453068,4.225278181712068,2.896983205778409,8.081450848563357,3.312773218815961,4.774888991299089,11.024360137242589
3451,7.350362067116221,4.193282445927623,2.892408546456418,8.23105792689624,3.2841500713905645,4.768810030901164,10.931601411600761
3452,7.34516984130834,4.201023283508262,2.8796908039947025,8.235688277074196,3.2598905457365412,4.7684525938508795,11.051990277592928
3453,7.351777299790922,4.159466044944283,2.8810965510790454,8.178390361459476,3.2116087007481644,4.779873318559874,10.845348475766594
3454,7.353663724851228,4.1579658864541695,2.8673521889562834,8.099686532759304,3.232551395386162,4.780229643651802,10.847233046391759
3455,7.3522489651634135,4.152125223189141,2.8406766895286557,8.198080535027803,3.23349914096637,4.783078999762786,10.828368108118564
3456,7.358377031917159,4.1170230533864185,2.8169293583320245,8.165995557588646,3.180825154593901,4.790370401788443,10.7620011345047
3457,7.338554631382756,4.113981634824459,2.8295549702554994,8.115407432630937,3.18372759522742,4.784502849033428,10.847233046391759
3458,7.3290908350801125,4.161298615444223,2.8722959206682637,8.092924901186215,3.1972269814708834,4.777556361577018,10.996639498519544
3459,7.3238789554093655,4.147210602054447,2.8551217770735424,8.069107983510214,3.2410681163176296,4.778447672060377,10.939059840404312
3460,7.3200854608962835,4.152355796793336,2.830633754130972,8.032074849358883,3.2391780320416554,4.77291805133019,10.832144519808459
3461,7.316764051318409,4.179767319470907,2.8286555742720574,8.029524507817758,3.2201976130138066,4.770596692928596,10.81513713696667
3462,7.3172386586393445,4.196167871468785,2.850851688423314,8.025721329346089,3.221150095769564,4.766486065919441,10.847233046391759
3463,7.308214252575888,4.190437187907338,2.845502333701048,7.977644162827703,3.263638077250035,4.7598636118118804,10.80946026153749
3464,7.301555390567518,4.199764803591429,2.85387719418106,8.05087164738865,3.2608279545901198,4.756278904530422,10.727661035219741
3465,7.301079454826864,4.193713113241002,2.867882405539127,8.005858337723978,3.2655097427311444,4.754664637553222,10.92226904402064
3466,7.307263470466244,4.1660909248004945,2.84585936490055,8.045266822945646,3.2645740847119704,4.754305814596897,10.799990162989642
3467,7.30012746208827,4.17384255742883,2.8512078473483404,8.119622855234537,3.24295676592828,4.754126389889524,10.82270027180229
3468,7.311065632634218,4.209065512034916,2.8978963176595967,8.103835453580544,3.2608279545901198,4.7595052993315825,10.93160141160076
3469,7.324352962286725,4.248097025799761,2.907984993276227,8.059309795426486,3.298040388447588,4.7598636118118804,11.085028132051397
3470,7.3224566949549255,4.258223558572667,2.9232054628142268,8.035939040425847,3.302653595692409,4.756637533621071,11.015130020206245
3471,7.3224566949549255,4.25533346624731,2.9232054628142268,8.011610793629766,3.308178388624385,4.757892458165944,11.015130020206245
3472,7.305836995082466,4.230501864330865,2.9031202997636965,7.9743981131891015,3.301731625863338,4.748919231329921,10.828368108118562
3473,7.313440676621532,4.243263797932333,2.904337468267654,8.00264583205108,3.2822922407786703,4.751972605014228,11.02989337899251
3474,7.324352962286725,4.2347075256611095,2.8849577564283235,8.028372193757576,3.281362811612601,4.7596844599637205,10.987379032595742
3475,7.324826929209231,4.245842411305831,2.8833789864698693,7.992357596334501,3.302653595692409,4.757354686160436,10.968827536257145
3476,7.331458276077633,4.229206718519803,2.895803286544555,7.997111704960457,3.2924934206693766,4.762370816034093,11.051990277592926
3477,7.331458276077633,4.215738977273925,2.8692956925536013,8.033263885158636,3.2757790204833253,4.7577132096283,11.16252964907285
3478,7.337608967153636,4.1851887576736795,2.83888670158112,8.036210079256989,3.255198225326882,4.763265829552365,11.033580199004133
3479,7.339972830173495,4.163282511516315,2.82919525655348,8.010250583072574,3.2306548175886682,4.7743458489066795,11.086859809563396
3480,7.338081819111204,4.157823829669227,2.8286555742720574,7.996773710790913,3.2306548175886682,4.772739537511168,10.978108388848288
3481,7.324352962286725,4.139393925361569,2.834764140024431,7.901917906750881,3.1943405100974647,4.7688100309011645,10.916664634359694
3482,7.34091809777281,4.1992745491500525,2.8622201634210045,7.9108443090902565,3.2058660968486863,4.773632019652948,10.968827536257145
3483,7.34753053643765,4.192075567400377,2.83153233177313,7.84988109982513,3.2457870569281817,4.7741674046268665,10.890461022646898
3484,7.345642059393805,4.166090924800494,2.8143953770147885,7.910289271486362,3.23349914096637,4.778091173856021,10.7734161670527
3485,7.34516984130834,4.202868018820238,2.8522759765751315,7.908944669093631,3.2287567883842416,4.778982354417755,10.847233046391757
3486,7.341863206849058,4.203520947081387,2.8556549534660443,7.9356250950337515,3.2551982253268825,4.778091173856021,10.894209423029741
3487,7.348002556919909,4.213787192851219,2.8529877733633278,7.911048991167997,3.239178032041655,4.774881129628004,10.811352984776804
3488,7.347530536437649,4.217039513243549,2.8408556075279905,7.959695303691726,3.268314623737357,4.779516958864074,10.884835268972667
3489,7.359319221526063,4.246003506916953,2.8664682107366612,7.953202565826471,3.281362811612601,4.783435013837809,10.886710940958787
3490,7.358848146363479,4.243263797932333,2.8657607724102148,8.039466534706937,3.289715366553527,4.784502849033428,10.987379032595742
3491,7.359790257413956,4.213949886530845,2.847108514878591,8.01927288047768,3.289715366553527,4.784146938463868,10.920401323739062
3492,7.364027814538349,4.243102566816125,2.861688579841378,7.997943463143737,3.295268424884298,4.783790993401747,10.940923412887114
3493,7.364498458177238,4.239714868144833,2.8765246003580462,8.042287659483597,3.298963702193685,4.777378073486695,10.847233046391759
3494,7.375782173663777,4.231311068257339,2.86540696792719,8.093241698011301,3.296192750133479,4.787171079787691,10.931601411600761
3495,7.370143128757089,4.226776926624237,2.8584963735547864,8.135857475049615,3.269248887587706,4.787526697543509,10.959536443647139
3496,7.371553416784328,4.228396989965284,2.840676689528656,8.078415843500583,3.2897153665535273,4.7887710888110675,10.994788218076897
3497,7.36967295462572,4.235192444258001,2.828835483267533,7.984980226736699,3.312773218815961,4.783613007933076,11.015130020206247
3498,7.3692027414182295,4.2300162451829175,2.838349418436414,8.006471511288634,3.3035752303873767,4.784146938463868,10.90357308194628
3499,7.360732211401939,4.220613296112398,2.8268556639101727,8.016172452284772,3.3054174957222258,4.775951456644466,10.894209423029743
3500,7.353192177684451,4.23874630638103,2.832969283888452,7.975649689926656,3.327421192987513,4.772203943863366,10.826479258787286
3501,7.367791867249109,4.263996091043299,2.8584963735547864,7.960755236752096,3.330158350538226,4.777378073486695,10.847233046391759
3502,7.380007774816909,4.280455989325486,2.877404556610582,7.9450125224647135,3.347426057059182,4.783790993401746,10.843463478477648
3503,7.378599591333192,4.2834832854099405,2.8803937892434237,7.93778613933394,3.345613868398114,4.7846807913863945,10.769612907268716
3504,7.384699193965138,4.285234657444659,2.8851331058527805,7.987353440834353,3.3546620663930837,4.788060059671014,10.785290096997695
3505,7.387512182953777,4.272156462628568,2.872648620375152,7.951941963263407,3.3410777934102187,4.795341600019645,10.81513713696667
3506,7.388449535959387,4.273594421793046,2.8768766249308495,7.929150604031968,3.3600757600260813,4.802962896044875,10.818919565251205
3507,7.386105862895679,4.267358705844005,2.8600930568181355,7.951600387686866,3.3582724585055335,4.801369044868335,10.80946026153749
3508,7.386574675000155,4.275510720867203,2.8579638875653,7.819178584498345,3.338352293577811,4.803316991644526,10.80946026153749
3509,7.390323777409903,4.278861554838374,2.8600930568181355,7.7007868497966285,3.3392611154934726,4.805971625552015,10.811352984776805
3510,7.386574675000155,4.295088638281052,2.8744112734371012,7.7389601579972025,3.3210230589563032,4.805971625552015,10.811352984776805
3511,7.387980878820649,4.289688493551811,2.8889872867234447,7.800982653534132,3.33471377881557,4.800660445300746,10.7924062889185
3512,7.393133979245267,4.294136314291653,2.8980706480476983,7.741631652651317,3.333803341762645,4.8042020819184215,10.82695151136118
3513,7.400153403624872,4.293183715116965,2.897024460734908,7.759591358752603,3.3564678947772735,4.8112751712682105,10.859001962822795
3514,7.401088671745842,4.299529184790898,2.8984192678507616,7.795657607194296,3.35375867718782,4.814100617775773,10.828368108118564
3515,7.401088671745842,4.306178825452894,2.8984192678507616,7.827783333956254,3.374457023955477,4.813041328519028,10.82270027180229
3516,7.3921973999179516,4.300004603395842,2.909893225391698,7.893333976465948,3.378934829551031,4.806502323176274,10.984135466596161
3517,7.387512182953777,4.277904522554823,2.8821502753624655,7.9156278954357875,3.3681750623023445,4.800306094421401,11.092352478461018
3518,7.389386734087825,4.270717872735471,2.871846446273178,7.91198097030732,3.341937052933836,4.803334227928877,11.161621938570955
3519,7.394538558526393,4.27423331249901,2.8763930422511814,7.92683713549535,3.34466377080511,4.806715672442412,11.106982303350165
3520,7.388449535959387,4.278383073553572,2.87482028045846,7.9649941593013285,3.32368438121785,4.803868346352139,10.84723304639176
3521,7.393133979245267,4.296833851607201,2.905375728354068,7.890610060854506,3.3154279300173504,4.798880229083073,10.781017444557751
3522,7.395474751676784,4.305229695785177,2.9143237499199746,7.885286913254114,3.3218519240360522,4.8070714337493845,10.809460261537492
3523,7.388918154378825,4.30649514146012,2.909337928636398,8.004418065739353,3.3355634147038433,4.805292284104905,10.771514755811651
3524,7.387512182953777,4.311509296817243,2.9103703907783407,8.098725405604354,3.331001085488393,4.806537778926322,10.698934518858666
3525,7.384699193965138,4.309473212708676,2.912605756948674,8.100625559764062,3.331001085488393,4.800306094421401,10.771514755811651
3526,7.401088671745842,4.287939370852647,2.905548144298305,8.030847267053742,3.3282597765322777,4.808138511950967,10.771514755811651
3527,7.401088671745842,4.317610047430381,2.923236127072547,7.932156181807053,3.316346635975406,4.809383046769833,10.781017444557751
3528,7.418363441152101,4.3133876480441,2.907960569584768,7.956550021398405,3.3255155233495417,4.815421972168776,10.922269044020641
3529,7.429075453336337,4.296758513519045,2.8910184669419223,7.90220446247601,3.3062225707241484,4.823045337872694,10.931601411600763
3530,7.436050722704689,4.309629879050847,2.906754682939957,7.884219213208549,3.307144608911298,4.827293423052455,10.901701188213911
3531,7.430471189590151,4.321827074907114,2.910714438823093,7.855325659983472,3.306222570724148,4.827647210383565,10.90357308194628
3532,7.429075453336337,4.328064688959981,2.919983789360666,7.886923307402898,3.340117629871119,4.825169989424232,10.899828875715615
3533,7.423023311945785,4.329622263874721,2.914495476670481,7.954272570234736,3.349201877001557,4.823930757488028,11.048311458323603
3534,7.420227846898234,4.334757090126366,2.9024426156595977,8.011091147768848,3.3555418018569863,4.819324261205471,10.987379032595745
3535,7.424886193734513,4.324167553705573,2.8901506031647917,8.07173232783857,3.371773247373623,4.823753690500707,10.978108388848291
3536,7.425351819063584,4.324167553705573,2.888935023278219,8.06810585667259,3.367274733353639,4.823753690500707,10.968827536257148
3537,7.436050722704689,4.347172385220203,2.9172413142239124,7.9802852342973285,3.3564462323384463,4.822159706476388,10.801885047923284
3538,7.426282955640201,4.354290313300823,2.933986621730005,7.9771280320286415,3.387010042040622,4.820742255387762,10.940923412887116
3539,7.407164165721677,4.356762564654141,2.9268253410989202,7.862181536441248,3.387010042040622,4.813291713628243,11.016976849492977
3540,7.407164165721677,4.356762564654141,2.9268253410989202,7.944699846933628,3.387010042040622,4.812936551125048,11.075863824823193
3541,7.396410790479752,4.362781034763843,2.938238500496828,7.959576334000668,3.390582216908527,4.805826119084558,11.005889817485452
3542,7.388918154378825,4.368326962766196,2.9324539790405972,7.945913196703953,3.3843276869729304,4.805648182674043,11.05199027759293
3543,7.390323777409903,4.377549849279726,2.958705284755528,7.957216488801866,3.378954652476805,4.807071433749384,11.04279023575067
3544,7.3851681223870385,4.386135099183481,2.96928890215792,7.868283200559414,3.3959313058376295,4.800662474564879,11.112462021068863
3545,7.389386734087825,4.388124975431119,2.9768186464454076,7.894792127374892,3.409256245650228,4.801909533770878,11.17975791456491
3546,7.392665708901473,4.371557856299384,2.9704618289376863,7.858108846536825,3.4021580710652417,4.806359876833635,11.161621938570956
3547,7.394070404048903,4.381845213061471,2.9686183872289074,7.891500528025114,3.407483507478695,4.803512275999002,11.241135509609752
3548,7.389855275095236,4.383071452909805,2.974980334433231,7.789557922469183,3.3923664673488023,4.801196980174248,11.296719443247966
3549,7.389386734087823,4.391031143581722,2.962238630711727,7.835852461401174,3.403046397732279,4.79994967981071,11.25192161245518
3550,7.3818848085279445,4.402935560840005,2.9652628493916184,7.868830854222312,3.4136828464667532,4.794063854300898,11.224931032017583
3551,7.380946369395181,4.400801958749097,2.966605657809316,7.878730629787235,3.415451394828349,4.794242350956469,11.2177192520539
3552,7.391729052285865,4.409936503971301,2.9754818389768016,7.854609802237854,3.410142164636515,4.792278411400687,11.330611651695929
3553,7.40295874628063,4.4190464693788805,2.985322475391036,7.873562544457753,3.4198675553147515,4.796740395765999,11.328831143091653
3554,7.411833209325463,4.405676786190416,2.970126768566398,7.897935662983263,3.407483507478695,4.80404636863745,11.405066502542123
3555,7.411366477371775,4.408567893632716,2.9761503404796117,7.913235420516078,3.3807468999612165,4.807605011413976,11.408596195510366
3556,7.424886193734513,4.404915557590934,2.9709643272085136,7.879055205446898,3.378058064205771,4.815421972168776,11.367918477418053
3557,7.434656350749573,4.41388716276439,2.9426519691197934,7.875390328487519,3.3816425597662563,4.820387807779713,11.251921612455178
3558,7.428144772707901,4.395156656747758,2.9397672163964477,7.860390755286378,3.3771611658536407,4.8164866412536105,11.31457393183242
3559,7.403426168776429,4.399887145256031,2.945871751416589,7.899296525155997,3.3771611658536407,4.80849413614218,11.360824715917326
3560,7.4043608984638265,4.426922031273619,2.961734203143708,7.942396262778593,3.3798509309632667,4.806715672442412,11.39800284451748
3561,7.4146327974568,4.435232140915932,2.9697916589524986,7.930804467417808,3.3834329529776683,4.8143569963752055,11.40330112234503
3562,7.420693853001169,4.434024658348884,2.9753146830298767,7.8430098365822865,3.367274733353638,4.813114136643856,11.24293412951483
3563,7.420693853001169,4.431608407373593,2.9634151934653663,7.8102049536853295,3.367274733353638,4.8150670143284096,11.445572425441167
3564,7.420693853001169,4.432212630979176,2.9634151934653663,7.796638112203389,3.3537319876405975,4.8186150602741336,11.215915363179118
3565,7.423954828951839,4.4433714729846026,2.9769856924027467,7.764544382929951,3.3464799752510728,4.815244497509003,11.242934129514829
3566,7.430936359125341,4.4451775778037375,3.0012446562120316,7.692183248030932,3.3726720124655056,4.8200333262193285,11.192430330553815
3567,7.419761802670486,4.4592924553585105,3.010152728144429,7.778677813457511,3.3699747803800015,4.8164866412536105,11.214111096312891
3568,7.411366477371777,4.460491036067175,3.008835181060146,7.759127439600136,3.3609636308025905,4.8116932134341415,11.15253953978882
3569,7.424420530366802,4.454043723615028,3.007681710569622,7.70189050700494,3.352826603287247,4.8198560727041855,11.079530732589438
3570,7.425817406362616,4.460191430222599,3.009494048521603,7.706512171351083,3.3191007668169736,4.821805394587784,11.137987628681449
3571,7.4290754533363375,4.466776713782515,3.011304965943138,7.721859327517846,3.317265010541025,4.821805394587784,11.179757914564906
3572,7.431401490733438,4.468719947210714,3.0131144659116003,7.771847551748311,3.3319142023772645,4.822159706476388,11.161621938570951
3573,7.431401490733438,4.468122146481902,3.0131144659116003,7.855079700193068,3.3319142023772645,4.8186150602741336,11.197855648649986
3574,7.433261638065857,4.438852021977421,3.0058679489988562,7.756370784471492,3.3200181491869585,4.824284866066885,11.257758465450515
3575,7.43651543767873,4.408263682835219,2.9771527261513757,7.690952045004948,3.33465159926434,4.82463894079217,11.215915363179116
3576,7.4434816280999385,4.405372315311108,2.98032405100092,7.600446281651774,3.3328269934218877,4.823930757488028,11.215915363179116
3577,7.440231796499922,4.426922031273619,2.997108862712265,7.581597301153046,3.3537319876405975,4.821982554771071,11.22493103201758
3578,7.452749504625611,4.418591552057521,2.9964464455999176,7.639523488812954,3.3726720124655047,4.82640880692828,11.282409342283607
3579,7.461079451561123,4.393476501242369,2.992467930705581,7.696905767609768,3.3762639571234185,4.830829777843855,11.412124466566365
3580,7.459691968417779,4.414190868846574,3.0168933989799838,7.721982732023509,3.367274733353638,4.83047629410981,11.412124466566365
3581,7.458766792870978,4.431004076438972,3.017549975581121,7.768892004542757,3.370874170111882,4.829415640687694,11.46487897338215
3582,7.450433477159811,4.433118765260962,3.0129500244061918,7.788884886225461,3.380746899961216,4.826767368396156,11.385627703464213
3583,7.450896757674023,4.4484862896633555,3.0078910814995603,7.716242644058111,3.3887918417280294,4.820580694241923,11.42093893372975
3584,7.435124116855061,4.451040827650965,3.0067472047102743,7.710187452744469,3.3798514773800963,4.817394945181949,11.438541335469496
3585,7.442088002562765,4.462138399858189,3.010829880220208,7.735901635571464,3.3959220739880887,4.815978175483941,11.376777578887792
3586,7.449506803540955,4.460191430222599,3.0024935480317376,7.654274478197468,3.4030328584343263,4.815978175483941,11.410360508678297
3587,7.431406568088428,4.478568659891712,3.004948537906645,7.699043116155219,3.406581003455863,4.8134975213108255,11.394468876278095
3588,7.4272214280773685,4.4891320850189755,3.0105035315511164,7.671098509534548,3.4198438786639436,4.80799870970429,11.508600740644352
3589,7.426756222875286,4.494133105378154,3.008381140990532,7.60018839260899,3.4260103501372483,4.803202738914581,11.394468876278095
3590,7.428151724634412,4.496630899307302,2.991166761242821,7.586303605235637,3.43040613637996,4.798756456686248,11.376777578887792
3591,7.426756222875286,4.486776150712448,2.990343807082084,7.5750656375016705,3.417196666521625,4.793770241214653,11.394468876278095
3592,7.426756222875286,4.488690470021963,2.997247478265072,7.583228148281477,3.4339174897267393,4.7941266235075055,11.351949392340051
3593,7.4374463558404,4.4838289649162055,2.990837614973649,7.567379609516307,3.4391757674375123,4.7941266235075055,11.335950992066488
3594,7.421170797079744,4.46935113563379,2.982428388781069,7.572798311276662,3.4435496793676066,4.790204518453575,11.385627703464213
3595,7.425360379471979,4.46935113563379,3.0010192982020265,7.554452697046855,3.4435496793676066,4.790204518453575,11.385627703464213
3596,7.412782376556005,4.501767733514846,3.0150682270482823,7.539113592055808,3.457497809211582,4.7839561706219,11.427984132563935
3597,7.404848610053491,4.502207678407025,3.0105035315511164,7.473779318190414,3.4548881207041378,4.779844318591289,11.447329319059524
3598,7.40204581205608,4.501621072771494,2.9972474782650713,7.495888429952604,3.457497809211582,4.779486548455592,11.399769293531644
3599,7.404381573022121,4.522822268809743,2.9972474782650713,7.504930597293137,3.457497809211582,4.7839561706219,11.369691017073604
3600,7.409983487099366,4.520489181627201,2.99806796496205,7.550259973755991,3.457497809211582,4.782168974729374,11.29135592368439
3601,7.4193077711810185,4.5145034746325905,3.0011831503238082,7.527123471976827,3.465311522887775,4.785028070835529,11.210501427728804
3602,7.4132487243147365,4.496484020281083,2.9733248648056394,7.472053696293089,3.440926201296505,4.777697174269556,11.051990277592926
3603,7.41091660324357,4.501621072771494,2.9784603988676723,7.509000672761639,3.440926201296505,4.777876150970663,11.059343134875679
3604,7.411383103930648,4.497071498894089,2.9811064898539774,7.533968475141956,3.456628198194982,4.773219915195944,11.13434577933316
3605,7.407183219880983,4.4910450964309945,2.984904894377631,7.4969576768824115,3.429527566216785,4.771965301957202,11.233937278394459
3606,7.395968335752511,4.520051553133678,2.9972474782650713,7.538907870894205,3.421607204917263,4.772861498105081,11.300293280933907
3607,7.388947769869968,4.528065991403266,3.011808649876879,7.5979172314926124,3.4400511293919287,4.764967434352593,11.221325896705375
3608,7.388947769869968,4.534609541900115,3.011808649876879,7.646496459789214,3.455758302112098,4.765865344920646,11.197855648649988
3609,7.394564917124804,4.528648139112045,3.000363773152661,7.765905705261183,3.4540176537119356,4.768198881744366,11.197855648649988
3610,7.386137109263038,4.528648139112045,2.9965908781973627,7.821094414054474,3.4574978092115813,4.767839972908066,11.161621938570953
3611,7.392693152411994,4.518446442922127,2.9802799151487984,7.893484567818656,3.467044789648285,4.766044900592904,11.199663327332457
3612,7.388011037756929,4.534173687844934,2.9885322687092333,7.846368923709158,3.4627095033627127,4.766044900592904,11.251921612455174
3613,7.391757038521807,4.518446442922127,2.9792876311605117,7.767835588122185,3.4713730261492795,4.769813536211221,11.323487428945414
3614,7.383793827413323,4.5225307186468235,2.9908376149736484,7.74777492675359,3.4713730261492795,4.770351596177325,11.424462240549794
3615,7.383325054790452,4.534609541900115,3.0054392224601987,7.7850697024583,3.4791461872338854,4.768198881744366,11.403301122345027
3616,7.3720628598819395,4.516548536412709,2.987378726442585,7.90741804798327,3.4748305607736523,4.762272379321785,11.376777578887792
3617,7.370183647537286,4.519322049637894,2.9921539170952274,7.870082247657484,3.467910999915476,4.7601149040294795,11.385627703464213
3618,7.367833754055737,4.525590775290089,3.003639535237076,7.921398238492873,3.475694244503581,4.7556160679996395,11.230335908795077
3619,7.371123331716711,4.54650182228572,3.011482439365102,7.883124956744429,3.4774207738068847,4.758316034471303,11.206890244544752
3620,7.380042560326293,4.5473703990564545,3.012950024406191,7.943914834357506,3.468776928445885,4.758316034471303,11.278828121052156
3621,7.377227479236731,4.566712594485208,3.0267648788180503,7.896457673696395,3.4825936744283617,4.759755200961485,11.314573931832415
3622,7.379104355393592,4.5764873428762485,3.029356150379828,7.986297569277275,3.4843157521659713,4.765147034097768,11.2393365147617
3623,7.382387393220835,4.572465742733361,3.027250962326551,8.014669920768698,3.4644444658856384,4.769454785639519,11.2393365147617
3624,7.390820770181783,4.572609450650084,3.030165330875978,8.041893797595975,3.4713730261492786,4.771427479018199,11.230335908795077
3625,7.395968335752511,4.583514087773313,3.042269424557623,7.961250251211584,3.46010493444573,4.771248187156361,11.136166897928064
3626,7.396436064883532,4.575769537643606,3.0400147579500953,7.945338168796534,3.4592361770791284,4.768198881744366,11.197855648649986
3627,7.386137109263038,4.571315867538015,3.027250962326551,7.924529813149097,3.4791461872338854,4.7610140068345155,11.22853465973735
3628,7.382387393220835,4.5649848079636195,3.0233594432299484,7.9133023428147995,3.4791461872338854,4.758855788342167,11.233487189438584
3629,7.380511604537374,4.576200238382444,3.033237652958354,7.981212575647209,3.4868967920084515,4.756156221018512,11.42270076408881
3630,7.397371407580931,4.5943850359269,3.0343685398527267,8.02559857507254,3.5006205093268727,4.760474571694953,11.447329319059522
3631,7.402980231639267,4.592385011101366,3.0345300503111856,7.981705346714196,3.5100150591171757,4.769992898317586,11.424462240549794
3632,7.405315608717931,4.5925279076444,3.0406591706333486,7.878705189585758,3.508309396083457,4.768378322966954,11.369691017073603
3633,7.405315608717931,4.600093153071288,3.0406591706333486,7.8865995018300366,3.512571531191301,4.765865344920646,11.366145577677242
3634,7.407183219880983,4.601376208521507,3.052388598605746,7.842118941214764,3.515976395226369,4.767839972908066,11.29671944324796
3635,7.404381573022121,4.5885246129307085,3.0549515987909577,7.84335906548768,3.5134231501654205,4.768378322966954,11.314573931832415
3636,7.39690375549008,4.600093153071288,3.05911051054668,7.82631696508956,3.5287065530238295,4.762631834774455,11.394468876278093
3637,7.407650026841617,4.599380143019654,3.0520680264367326,7.833071416344387,3.5380041161567823,4.768916593866703,11.534730270552272
3638,7.416512089219213,4.607215350826001,3.0495018685299864,7.82042260559745,3.538847771876477,4.777697174269556,11.560782925720863
3639,7.440695904564203,4.527338169643823,2.9875435537168586,7.811631064646776,3.529553104607476,4.783241396642192,11.539946931517939
3640,7.43234098548399,4.518446442922128,2.999872006911015,7.784297221210013,3.4808704867783895,4.783241396642192,11.464878973382149
3641,7.432805468618506,4.495455692059919,2.9926473359748407,7.8698483449406105,3.468776928445885,4.785563903670614,11.394468876278093
3642,7.441159708495474,4.473050259851769,2.9658494322188744,7.882221103455824,3.4487888399274085,4.787349448960168,11.302079647799943
3643,7.440232062971522,4.463275923771284,2.9382271121278793,7.933701416984194,3.401256977534276,4.791809521406832,11.179757914564904
3644,7.437448222051356,4.491045096430995,2.972661373269467,7.861082468536236,3.418961771260489,4.790204518453574,11.197855648649984
3645,7.443478163526619,4.4957495313871965,2.96751275958101,7.929835546494251,3.4127787004907377,4.790921134321104,11.271661231547183
3646,7.442087203407602,4.517278623375886,2.981975229331341,7.871890374378929,3.4409931805023493,4.788950104554172,11.29671944324796
3647,7.425369195975761,4.511433617396363,2.9883556036962227,7.867802056525127,3.44624993653038,4.785184292337839,11.251921612455174
3648,7.433734321478808,4.524279652558956,2.990968066459101,7.836044434950959,3.461087659452465,4.789129332743623,11.34128705860006
3649,7.447185736258992,4.470387292330807,2.9579302597288732,7.777561231948341,3.447999869273888,4.794860028316283,11.269868581464724
3650,7.442087203407602,4.458823813392464,2.9714661647370333,7.827040306517107,3.398556854631217,4.796827895667734,11.242934129514827
3651,7.439304266768023,4.474676612798348,2.9800084560538496,7.789162515641292,3.4207446728988877,4.793607201154753,11.371463196846312
3652,7.437448222051355,4.4726260774532545,2.972288928844209,7.787736541723804,3.4101179878042696,4.793249172190089,11.424462240549794
3653,7.43234098548399,4.500205739764183,2.98786543564239,7.748666659608074,3.4366045462304338,4.790562843841639,11.420938933729749
3654,7.436519973402495,4.508045314149994,2.997974374774782,7.746128184839385,3.4497486459194295,4.79307014464405,11.376777578887792
3655,7.44533225050833,4.544827976475062,3.0211224697601105,7.807062501074849,3.4497486459194295,4.790025342665876,11.311005970738757
3656,7.43048267471795,4.5535696707592805,3.020961396548826,7.774742356573068,3.4706445523263993,4.785901887494893,11.355500606088079
3657,7.42583424722055,4.568138290466803,3.023054476443118,7.806945588540522,3.4758429847710093,4.77853988082599,11.323487428945413
3658,7.430947309160706,4.555858958250151,3.019188852368221,7.831369282130628,3.478438407260897,4.778899345892735,11.260899754164457
3659,7.426299260531488,4.55943297314619,3.0133782986478126,7.818672097286406,3.4749772827480565,4.775483004532193,11.294931972008259
3660,7.426299260531488,4.551565313692765,3.003823760701252,7.917274090004479,3.461087659452465,4.773863625883854,11.293144132223846
3661,7.422112774394143,4.558861376012447,3.0051216107529473,7.9079692621878275,3.4619578882650415,4.771163070248958,11.355500606088077
3662,7.418388869408151,4.573834984286487,3.009010787196874,7.866123339886017,3.4654359576393188,4.7708028457051235,11.369691017073603
3663,7.420251126196073,4.578101447070417,3.011599938041359,7.865029203952296,3.4401160370235764,4.767018346900748,11.325269031923183
3664,7.4151284539523346,4.611626040800904,3.0251456703431225,7.8864883152155585,3.4602171455362862,4.763951836144396,11.450842053008001
3665,7.418854490690548,4.615987680836529,3.024502426658811,7.860489479221255,3.487071652827344,4.767018346900748,11.51731916436825
3666,7.4137305612400946,4.628059701061256,3.024341587891892,7.883331610773119,3.482758514549044,4.763410420232039,11.464878973382149
3667,7.4137305612400946,4.628059701061256,3.024341587891892,7.979907186396947,3.482758514549044,4.763410420232039,11.464878973382149
3668,7.398331024262698,4.628059701061256,3.0253064534290344,8.024580566114816,3.50339856519641,4.763410420232039,11.464878973382149
3669,7.402535036820815,4.64232471522165,3.0286803305276964,7.997653470051741,3.4965361786893667,4.758534065401185,11.534730270552272
3670,7.399265518164186,4.639532155648346,3.0199947222657912,8.00641856728811,3.4973949363245747,4.756364705873531,11.513832826776653
3671,7.399732707469727,4.640509800502026,3.0285197807207527,8.009060368104574,3.484484604398984,4.75021117696064,11.468384707349879
3672,7.394591510166872,4.6526382116106895,3.0371736597490284,7.932526725011809,3.4715116619622424,4.74313990656394,11.429744548509916
3673,7.399265518164186,4.686435773607876,3.054385742856578,7.915572890330804,3.4930983975116137,4.747493081124543,11.429744548509916
3674,7.409068437308597,4.686711491986405,3.051525841013716,7.946959591635372,3.489656203585986,4.751116758830242,11.539946931517939
3675,7.416526003479426,4.673868162397813,3.0422867631965906,7.89954617506758,3.494817838715511,4.75491774987968,11.526028999879587
3676,7.414196563623592,4.665835014149664,3.0357335776744674,7.884646356658452,3.4706445523263993,4.747493081124543,11.464878973382149
3677,7.4151284539523346,4.683263492307179,3.052002733751956,7.870909602685004,3.4758429847710093,4.748580562655913,11.463125582654353
3678,7.418854490690549,4.678016190840455,3.0497764031466015,7.872351653494182,3.4810313096600782,4.7509356604436785,11.50860074064435
3679,7.424904106788534,4.672069193385939,3.04898077183023,7.940093378308817,3.4758429847710084,4.753108247934408,11.46487897338215
3680,7.420251126196073,4.691808475929206,3.0542269509257953,7.82081892891197,3.4610876594524647,4.749486549519386,11.426223363309317
3681,7.411866170043537,4.699509139301607,3.059461418286888,7.837822797377395,3.477573546775738,4.743502869881555,11.412124466566363
3682,7.410467475658054,4.701980864647383,3.0539093347986515,7.806244058353619,3.4723784895687797,4.744591542834003,11.480643797784188
3683,7.424904106788534,4.70568528242162,3.0246632542852585,7.843220522748063,3.4723784895687797,4.754736840049405,11.49113803453894
3684,7.421647419369818,4.70568528242162,3.0302852192621748,7.81357634361887,3.4610876594524647,4.754736840049405,11.475391990716128
3685,7.420251126196073,4.719645593066679,3.0469108636697255,7.85789339992805,3.4758429847710093,4.7454985217965975,11.447329319059524
3686,7.414196563623592,4.719918787170822,3.048662443568254,7.817155781619612,3.4758429847710093,4.7429584113369945,11.489389862085016
3687,7.421647419369818,4.730693524079217,3.056607701790392,7.81153038071931,3.4758429847710093,4.7485805626559126,11.543422999656233
3688,7.422112774394143,4.735864940259111,3.052797339353251,7.804387044991886,3.4982534193830173,4.7485805626559126,11.543422999656233
3689,7.423043370443942,4.717049221032707,3.0475479535423866,7.798440789443959,3.494817838715511,4.748761778040715,11.560782925720865
3690,7.413730561240093,4.720328539711011,3.053115106170788,7.836330786074334,3.50339856519641,4.746949218659964,11.545160522529217
3691,7.418854490690548,4.689329763510291,3.036533733099971,7.842748498904342,3.50339856519641,4.746949218659964,11.457863313183184
3692,7.41419656362359,4.722103598911147,3.0485032632000957,7.821108658082657,3.4853472318064354,4.744591542834002,11.534730270552274
3693,7.410001167771345,4.709522892868013,3.03685371838047,7.989477482330475,3.4973949363245738,4.737145780389721,11.443815180467597
3694,7.405802675539379,4.723331977079302,3.025306453429034,7.979293024941347,3.4853472318064354,4.733508163322515,11.482393704883377
3695,7.405802675539379,4.72428709470861,3.032049319056808,8.026100592842656,3.48620958119994,4.732598189926449,11.477142940891712
3696,7.395994116573009,4.726060217591226,3.0214445826284164,7.989340360082277,3.482758514549043,4.731687988563016,11.452597893726342
3697,7.386636852695108,4.755260202613513,3.0374935572223145,7.933492192692242,3.4723784895687797,4.731323844151368,11.482393704883377
3698,7.389445652561755,4.758640414079134,3.0543857428565775,7.852010852965601,3.487071652827344,4.73114175825485,11.508600740644352
3699,7.381015075272957,4.770379243609247,3.06246991786724,7.822591935828872,3.4982534193830173,4.7265866406781445,11.49113803453894
3700,7.376325996605293,4.789860773239103,3.0581935280702126,7.787790855475034,3.499111628107541,4.722208341627834,11.429744548509918
3701,7.375856875156481,4.778318696028506,3.0400511587765453,7.821015602821064,3.4965361786893667,4.7253101826270285,11.325269031923185
3702,7.374918515643774,4.790664683082879,3.0485032632000957,7.8066969641194035,3.477573546775738,4.721660682364286,11.385627703464213
3703,7.374918515643774,4.790664683082879,3.0485032632000957,7.781540114337247,3.489656203585986,4.721660682364286,11.385627703464213
3704,7.370224383458909,4.7918702184758235,3.060570261053895,7.836928787267708,3.495677146234198,4.719469217406953,11.35017324269596
3705,7.370224383458909,4.79682216313137,3.068791049888323,7.885451416042106,3.489656203585985,4.720382488861839,11.319923127167453
3706,7.366466271873479,4.823474931233276,3.075095267143887,7.903435706242617,3.51280585509418,4.717093633596905,11.359050373808465
3707,7.352822134488023,4.849673537844664,3.0831088096911947,7.932164904088675,3.5196269626036534,4.7103238118648205,11.394468876278095
3708,7.3570600494877025,4.84861858109511,3.0846769138672765,7.947131867332005,3.524731514859812,4.711056295471695,11.445572425441165
3709,7.3476381358854725,4.824935272960397,3.078555421951381,7.913736822806564,3.5289779643966055,4.706292497111191,11.394468876278095
3710,7.350466361856549,4.777377625579624,3.0626281533259276,7.865512419036947,3.5281292070533947,4.712340495269255,11.307436543004831
3711,7.3273275461477025,4.7399424473131,3.0344127438663544,7.861540338966828,3.5298245779803765,4.69655780315966,11.280618916784551
3712,7.323540733555225,4.752012252441484,3.0521068556239284,7.799579817524479,3.5051370133024284,4.694166030751142,11.2032775450005
3713,7.320698949449135,4.784228476259859,3.051949463355384,7.802041967060383,3.5077014008492045,4.696005996515485,11.251921612455174
3714,7.299815140551043,4.778990741425348,3.0290146523564396,7.877552640788309,3.5051370133024284,4.687903108615997,11.215915363179116
3715,7.3064684236920465,4.767549179701721,3.0462762843227265,7.874611616717576,3.500000893297377,4.683475652117474,11.251921612455174
3716,7.302667514457854,4.81456765769889,3.058393898475456,7.915456491473581,3.5128228632366647,4.6829218366287,11.269868581464724
3717,7.314062525495248,4.859344781573376,3.074194240831331,7.934597241562271,3.523886130110844,4.681629268598221,11.29671944324796
3718,7.319751368700412,4.864676802643363,3.0709177383154045,8.021131565524266,3.538285568999922,4.681813949633847,11.224931032017578
3719,7.331584665479548,4.86779445647709,3.074350151317915,8.025374469572078,3.5365954798629153,4.689009122010965,11.23573739937077
3720,7.324014224608539,4.871817580606616,3.0511623433686523,8.063469395089703,3.5425061980950217,4.683844815057421,11.278828121052157
3721,7.317381717478047,4.855568745611261,3.0598061648527866,8.100696597196938,3.5441926169663747,4.682183283239867,11.23213678160832
3722,7.3244876757920565,4.826403598081932,3.0492721754161343,8.0923189225751,3.540818732828221,4.68458302725958,11.210501427728804
3723,7.337728159419252,4.835059316052895,3.041854278693309,8.168675731282892,3.5298245779803774,4.686981171075213,11.251921612455174
3724,7.333475685354553,4.81456765769889,3.0309212911740286,8.121503006605595,3.530671865824633,4.689930540324729,11.215915363179116
3725,7.340089258518268,4.797404083197336,3.057765951781949,8.07100495502273,3.5111167902552305,4.697661163172159,11.22493103201758
3726,7.3311118112299605,4.838594480207815,3.0569807821209123,8.06575523600872,3.52048687083939,4.696189941447658,11.282409342283607
3727,7.346223490993601,4.840557007361653,3.049114592520652,8.120268412285666,3.5340583717509753,4.69655780315966,11.262694263921135
3728,7.353293171049476,4.840557007361653,3.065446758802212,8.103073285747277,3.537440655907327,4.705008286296163,11.319923127167453
3729,7.344336745644576,4.8627269466408904,3.0713860888767495,8.083471857921237,3.540818732828221,4.695270122914649,11.296719443247964
3730,7.344336745644576,4.870779769388235,3.0713860888767495,8.088793946896201,3.538285568999922,4.688824810044136,11.359050373808467
3731,7.322593631802066,4.841472498770765,3.0729465859659197,8.113681385796214,3.5425061980950217,4.681998621180622,11.376777578887793
3732,7.3135881950240496,4.857652548606254,3.0787114706092735,8.118688920459938,3.534904338011841,4.676824226652838,11.41388806937245
3733,7.320225179046886,4.871817580606616,3.077154780851791,8.224138452186173,3.545035434564549,4.679412355547674,11.416532808235491
3734,7.344336745644576,4.823513861301025,3.0549381106023348,8.32303084138705,3.5441926169663738,4.691404319346838,11.406831526864385
3735,7.337728159419254,4.82127933739257,3.062471465043671,8.30974338538305,3.5272811235112926,4.6930616002179715,11.456108523620353
3736,7.329219996831172,4.863766996552755,3.0773104959878963,8.277105393274132,3.5213370863943223,4.684398488415395,11.394468876278095
3737,7.330165983529144,4.871298710997882,3.078867083201083,8.335861723008376,3.545035434564549,4.688087467785275,11.376777578887792
3738,7.343393136165708,4.866625641154907,3.0715421850592177,8.372722916519189,3.545035434564549,4.695638078492143,11.382088729249883
3739,7.33536607027505,4.85661079268689,3.073102578908488,8.383545048826296,3.540818732828221,4.693429781343374,11.383858395492467
3740,7.350466361856548,4.815621276035055,3.068418295713266,8.319104273765008,3.5255841591189774,4.699131784962547,11.375006477551514
3741,7.3466950787156735,4.844740271696919,3.072010411619191,8.345097956242029,3.5332121416298916,4.698580372052949,11.456108523620353
3742,7.3622354089645405,4.810218303838962,3.0511623433686523,8.279321416280712,3.537440655907327,4.716001033070369,11.498127262669763
3743,7.360354008495784,4.825090360824038,3.0459607040607177,8.173849104414439,3.5187856368590023,4.715452188355073,11.436782683127968
3744,7.365526353680142,4.7918418030822325,3.013704916311263,8.22264971046056,3.523886130110843,4.717098472969179,11.447329319059524
3745,7.373041329908417,4.758423743404613,3.0088997974232425,8.254136522423833,3.510263348689517,4.719657873583378,11.33950873317231
3746,7.401601080594508,4.69650891219757,2.9720493314787935,8.299951530426696,3.495713281528226,4.733884417234082,11.280618916784551
3747,7.397396376582305,4.703712387473783,2.9402188013368984,8.268691960675385,3.4602932726887192,4.734248468396091,11.303865646960853
3748,7.391785257216063,4.712120899185899,2.9633975549438545,8.165424132874,3.46290099660893,4.735340403152581,11.318586137044461
3749,7.3978637196492345,4.726721490601596,2.9491238135093725,8.161256158301496,3.4602932726887192,4.730788508787727,11.302079647799943
3750,7.398798290431421,4.703576605835956,2.9538917115761714,8.186340245612548,3.4190998739010587,4.73042411073509,11.287778399497702
3751,7.399265518164185,4.71983409816888,2.96552273251388,8.176585155496984,3.4340739405168126,4.726048478887628,11.251921612455174
3752,7.4118661700435355,4.695148151217597,2.918969023170683,8.146534448923857,3.435830009767173,4.734612483096444,11.106982303350163
3753,7.40533598499305,4.69950078004399,2.929619008858487,8.158412619227176,3.42527599351939,4.732245735520856,11.127057421959783
3754,7.402068077895058,4.72375206281526,2.947971436285915,8.181455908084386,3.4296786417488208,4.729695204915546,11.152539539788819
3755,7.381483769753304,4.738306008617573,2.9874756631388664,8.202863242642502,3.443717894168623,4.7183783993238695,11.116113211665544
3756,7.396461575052946,4.692833677847358,2.9568460613799363,8.17636517240699,3.4533267960820404,4.723128456855313,11.033580199004133
3757,7.400199858356779,4.676316934118223,2.9645421279141093,8.099782630338655,3.4146794472843873,4.728601571748057,11.018823275596596
3758,7.401601080594508,4.6946037029617464,2.9560257944374815,8.182875983202175,3.416448511961302,4.729148429510864,11.015130020206247
3759,7.4118661700435355,4.689563652490028,2.9344282195419447,8.214153890824756,3.4235128687456675,4.728783866822025,10.944649317969565
3760,7.420716595279377,4.698277134062936,2.914795096604396,8.225551508374481,3.3826298066464084,4.735522360393874,10.931601411600761
3761,7.441159708495473,4.6423629011546765,2.943521045977451,8.288752295087864,3.3501796530514008,4.7522236314998905,10.784815466718157
3762,7.432805468618504,4.677958352428735,2.968462015196031,8.377874315665691,3.280293704582073,4.740976848734721,10.847233046391757
3763,7.43837631981724,4.678642055352579,2.967972398040938,8.302365547609245,3.3219047252755662,4.745697468602208,10.80946026153749
3764,7.447185736258992,4.678642055352579,2.9722122573235255,8.291474029057104,3.335625127462426,4.75041197986484,10.803779499971409
3765,7.440232062971521,4.703033428219847,2.9861806045447343,8.154584022448642,3.338360398728036,4.743519481354656,10.879205725307036
3766,7.439304266768022,4.7046627160167125,2.969114674481499,8.213051080943357,3.3808376547899313,4.747330104981833,10.90357308194628
3767,7.43419869122162,4.715370565078133,2.987475663138866,8.24845154824023,3.369158377440861,4.745153093865611,10.968827536257146
3768,7.440232062971521,4.699228894582091,2.968788368200759,8.232465376995691,3.375453759833369,4.745153093865611,10.968827536257146
3769,7.460143347245422,4.688745681937484,2.9354219475728494,8.162523093401983,3.3727576129770944,4.750593185526334,10.90357308194628
3770,7.45644416539424,4.684789534551402,2.96748267565263,8.123381736230865,3.3519931838834554,4.749505816471185,10.909186253137573
3771,7.469380864758177,4.70629126916881,2.9597965711358767,8.112901130771121,3.363750114104611,4.750230765199253,10.907315614149379
3772,7.461039267016222,4.749585614155224,2.9712345276862586,8.168689344836809,3.3995939371909847,4.746604579118849,10.939059840404312
3773,7.461039267016222,4.742875772759178,2.9712345276862586,8.083174343311462,3.3942487723021824,4.7455160193947235,10.799990162989642
3774,7.457327988108654,4.761097746458212,2.9869901018753184,8.12552796533967,3.3826298066464084,4.744608637767933,10.75438234258079
3775,7.477247913782552,4.731575319653946,2.9761189931065384,8.15258545894858,3.361944840614149,4.752042506819543,10.733394325483916
3776,7.47076995170718,4.73386515259358,2.9741664607775755,8.123748114581653,3.3682577856474216,4.753858767569698,10.78101744455775
3777,7.501245164305275,4.688472983777107,2.9527417577348376,8.07742763008267,3.3556164165390108,4.76690925096081,10.752476545754934
3778,7.5090687635887265,4.670977134285532,2.936249719655334,8.09508896424643,3.3237383761286274,4.775403271454524,10.695096720369774
3779,7.4975597901662026,4.691743999248619,2.9571740851764683,8.091360429053774,3.3319735479445267,4.771429798944282,10.78101744455775
3780,7.490181954181487,4.690926523908623,2.949782051513532,8.113222806469093,3.327401730222624,4.767090180099789,10.729572575375629
3781,7.475397813591156,4.705612794576383,2.9517420309291875,8.16444731693435,3.327401730222624,4.760208573739203,10.813245276495815
3782,7.48048415508548,4.7005881170571095,2.958425872059955,8.1532729333625,3.3565581505545032,4.758939495324553,10.723836623279569
3783,7.47909741787977,4.69215266735225,2.9437280757029387,8.07908313005866,3.3565581505545032,4.7640131673073265,10.637313069647718
3784,7.4814084605531015,4.719293356711693,2.9979625550098534,8.09261193007673,3.327401730222625,4.752587479980031,10.675880761046134
3785,7.474009846940769,4.759092427648275,3.015335854969262,8.150646936195589,3.3818020703270655,4.742401191162084,10.818919565251205
3786,7.44524968298574,4.759627286939977,3.001479647315302,8.164558942590796,3.3826991041001837,4.731455589678413,10.733394325483916
3787,7.452685503533998,4.777304981560015,3.002278238122804,8.144954511253642,3.372814630964427,4.729445315669008,10.666255865021283
3788,7.45361430178179,4.769663917002046,2.9942798390831626,8.06398961649394,3.372814630964427,4.730907443477154,10.675880761046134
3789,7.457792029539243,4.769927667446996,2.9891462242366136,8.09372503280494,3.387179632636056,4.735290299242624,10.758192617057455
3790,7.457327988108653,4.775067009068997,2.9986024260477313,8.111896446191997,3.392546097007705,4.727616827500563,10.788611747435692
3791,7.4670649717807756,4.791490908036536,3.005948197311239,8.155297732876578,3.4262800101792994,4.727799717770545,10.828368108118564
3792,7.464284664616193,4.795683653358163,2.991714465968503,8.17414256562916,3.4209823899375658,4.735472803575816,10.881082661408701
3793,7.4666016809006654,4.8150132965096155,3.0234200411437024,8.166025752810176,3.4262800101792994,4.736567637227683,10.899828875715615
3794,7.474009846940768,4.814883029858411,3.031633852923183,8.176953407768519,3.445613964596533,4.739485583294128,10.839692202838428
3795,7.46984393112758,4.81475275861626,3.027688527775045,8.189846176948928,3.456100447654914,4.7330995321824485,10.813245276495815
3796,7.474472539793902,4.811624870355458,3.0292674610399937,8.24269800269516,3.447364597830702,4.740579209973703,10.691257127193538
3797,7.450362848008253,4.827627410874072,3.055166676749375,8.229804036800981,3.4499883785246714,4.731090168069296,10.711873869565386
3798,7.450362848008253,4.81943963423066,3.055166676749375,8.182056222373744,3.4499883785246714,4.730359214535036,10.635379900934247
3799,7.446179689548917,4.820610425819825,3.0575069950009115,8.209865591758861,3.454355579518629,4.735107785746642,10.706604741048746
3800,7.446644636097234,4.816185489851756,3.0554788540984967,8.270404904311576,3.456100447654914,4.7305419667113044,10.78861174743569
3801,7.445714705181257,4.832946261934187,3.039975899644928,8.309209303417669,3.4821370181572093,4.723041572035411,10.78101744455775
3802,7.440131939757887,4.829314702029921,3.050948209005065,8.32182956220237,3.4674142318940846,4.716993380450241,10.854767067594475
3803,7.444319525077053,4.816836547827793,3.035415083263343,8.255729728430577,3.471752906939853,4.718277174136019,10.832144519808459
3804,7.449433521657407,4.811364093429788,3.0199362022739615,8.311056380417874,3.4499883785246714,4.716993380450241,10.847233046391759
3805,7.472621544463415,4.815273816040979,3.0246855959830636,8.266431631082842,3.4350857439950993,4.7248723667480865,10.858531525147045
3806,7.4818705575109075,4.809016272115444,3.020886859194452,8.324246157387323,3.447364597830702,4.734925263086599,10.940923412887114
3807,7.502626571721283,4.793980926629769,2.9731908975782186,8.273743160875329,3.4218660686164593,4.750225341382088,10.95581713238488
3808,7.501245164305273,4.774276810142252,2.9994020148185196,8.3460159480779,3.3880748123417455,4.753132371752337,10.896082993383317
3809,7.5007846215214915,4.783485221704588,3.0084977740512513,8.382185380404664,3.3907585047437605,4.753313984262656,10.896082993383317
3810,7.515963132553707,4.779410061835041,3.0000414859804665,8.34316718020188,3.3826991041001837,4.761296004570669,10.83874911684554
3811,7.510908068028758,4.7963383386087095,2.9974825349625864,8.329802395633642,3.373714778604786,4.760208573739202,10.873102767896272
3812,7.5044679330642845,4.80797231657031,3.0188266096202327,8.34400989125692,3.393439433213613,4.7583954696047615,10.922269044020641
3813,7.5044679330642845,4.823730727364238,3.018033718072061,8.39242781859155,3.4139022295507218,4.757669975924994,10.89795614419195
3814,7.505388393077244,4.81553431721393,3.0059481973112385,8.328508985255406,3.4085795311657043,4.7554926297666515,10.889992354425075
3815,7.48602775834015,4.829703967876563,3.0240529047993996,8.359130683322585,3.4130158639518933,4.745678461582562,10.937195854288579
3816,7.509068763588725,4.785061489449508,2.9707636795401235,8.403497539660629,3.4289248235643264,4.7540403439348875,10.92226904402064
3817,7.5256014322131675,4.777699776141974,2.977391972102324,8.38371754652159,3.394332463190043,4.757125761081796,11.07953073258944
3818,7.51917768729349,4.766629420361666,2.9602157543853376,8.341839309877745,3.375514135985668,4.758576820513111,11.051990277592928
3819,7.511367802474885,4.77993614322964,2.9844839456415335,8.2925000445303,3.372814630964428,4.756400015116132,11.112462021068861
3820,7.520095802773318,4.762139027889478,2.9435642295917965,8.275432566256734,3.3592746825244832,4.76129600457067,11.074029777795385
3821,7.5338500526513075,4.773486440817297,2.946511644175885,8.289485069101211,3.3255683872499664,4.767090180099789,11.088691092979332
3822,7.5439157515617135,4.775988692588051,2.932888638912155,8.240150555395212,3.308085547306253,4.77034537630395,11.053829089212211
3823,7.5439157515617135,4.762271176983644,2.932888638912155,8.214636222108133,3.275561349936322,4.768537291318132,10.97810838884829
3824,7.536596980028722,4.762799725600649,2.958588646922673,8.271552382621808,3.2596110588589124,4.765099467362921,10.987379032595745
3825,7.532476099605491,4.763328197825124,2.952394980806845,8.174631071646765,3.3043895849533884,4.762020778769,11.033580199004136
3826,7.555332851857004,4.718399785431904,2.9322300251519517,8.039009557128788,3.2914111058379354,4.76690925096081,10.978108388848291
3827,7.557157503318292,4.719335910465208,2.9218313315871556,8.089778390326755,3.27275394820947,4.767632913855578,10.939059840404312
3828,7.574008398118744,4.686966124496834,2.8950353695833413,8.019009064041928,3.261492839441719,4.775944775014478,10.866055344781795
3829,7.578554319108055,4.7050000656291635,2.9008880197467852,8.049320125347421,3.2764964543177255,4.775583781527893,10.922269044020641
3830,7.5871817974088165,4.693840427841489,2.874851126017725,8.071409795682062,3.237868048271557,4.780454198138121,10.888586192096474
3831,7.5871817974088165,4.7016423597040555,2.874851126017725,8.02586190489623,3.2397662946935304,4.78297705659483,10.852884200955245
3832,7.588542863056558,4.711840124859701,2.902390502937781,8.05668202264356,3.2397662946935304,4.782076234736745,10.834032082706134
3833,7.6197600432484,4.695725198882977,2.865368344993781,7.937515432188591,3.27275394820947,4.781175191786165,10.865115238447032
3834,7.601683471484482,4.693840427841489,2.882610182186196,7.903034773863558,3.279299683888234,4.7757642827141416,10.86229428350246
3835,7.585820413645247,4.7520816843920315,2.929263875679604,7.9434198484909455,3.2699434060634722,4.766185444937014,10.85664950890316
3836,7.6025886300189045,4.753141657718606,2.918851407937459,7.84869745650758,3.3071620610918404,4.774861687899569,10.852884200955247
3837,7.600766432324414,4.781908277085205,2.926293808723874,7.8190079082037744,3.322815901720945,4.763288787982938,10.84723304639176
3838,7.620779408039751,4.770586960462586,2.910885505417014,7.7883517592707925,3.3200604430272636,4.774681142265598,10.771514755811651
3839,7.622595376683093,4.7643849132186675,2.8988831306208747,7.858967215574347,3.2997620460209753,4.777568806051176,10.784815466718161
3840,7.622141437356067,4.797516478816611,2.9223276007656596,7.828348518718413,3.31730200226333,4.78061961122958,10.77721767874172
3841,7.606686496189575,4.800133219822118,2.953374053082163,7.865667935284934,3.3411100708371975,4.7705602939649125,10.748663631522716
3842,7.581598895829176,4.8112336980625825,2.955493927264871,7.904051321328953,3.3420213572354496,4.751985837261508,10.809460261537494
3843,7.576110850028127,4.819439634230658,2.9667125658419593,7.953184606251811,3.3365487743150033,4.741484686392342,10.773416167052703
3844,7.613055245067387,4.818919163474308,2.9186857404098925,7.997573121734102,3.35565200324106,4.742209876330047,10.786713824619186
3845,7.593928117387897,4.830352653486337,2.930582647123827,7.921450727897039,3.3411100708371975,4.734588163529647,10.765807897163144
3846,7.5770258839131985,4.794504926442731,2.920888780605219,7.891813830292504,3.3035360839720633,4.73531472948766,10.693177148262743
3847,7.564660757819472,4.788736819742041,2.896718545683476,7.888472345221879,3.306304278685413,4.730407587750439,10.681650277227517
3848,7.574738029218218,4.751551582220937,2.8781652541748945,7.872831734473031,3.275686246061907,4.733861452306707,10.673956686196393
3849,7.589364780933228,4.765309288817212,2.900543604952883,7.817291500090913,3.269143427121409,4.736222732778735,10.675880761046136
3850,7.601222035092596,4.764781102792795,2.9078428591758834,7.861491782953066,3.259766846133195,4.736404306228634,10.71235271385499
3851,7.609871738483232,4.780330654786289,2.928122067110872,7.9082378469982215,3.2550653542951578,4.741665997420967,10.672032159463066
3852,7.5783981649152246,4.8089664685368225,2.955690566224851,7.926582235797937,3.2831429701872095,4.732771112924588,10.675880761046137
3853,7.55318804562325,4.8089664685368225,2.971202685653388,7.952417718608185,3.2831429701872095,4.732771112924588,10.675880761046137
3854,7.5724492740593785,4.80922460271755,2.93680410409549,7.802783586380049,3.308148065896027,4.725493806254753,10.687415737005214
3855,7.592559491564097,4.823008560636572,2.9251658112628722,7.735186275476665,3.2766195456131877,4.732407593744252,10.695096720369778
3856,7.63574433145915,4.787997344699476,2.90154036648729,7.679881199698665,3.2766195456131877,4.754696736975631,10.71426781226348
3857,7.6339324362420635,4.779289869999731,2.8887145470734366,7.710526962668678,3.2766195456131877,4.7568640080424744,10.856649508903162
3858,7.652477883140206,4.755924647615232,2.848423881906292,7.600543553995363,3.2209501421124638,4.766060594744792,10.771514755811653
3859,7.657443540642611,4.7568411814578235,2.8477432342251316,7.6132245651717865,3.201792194699728,4.767861138235535,10.788611747435695
3860,7.657443540642611,4.770300818738822,2.8123990801258754,7.6386029813550875,3.2085144286726024,4.763898772299629,10.855708341398524
3861,7.666461278595233,4.743463152624947,2.823957765045905,7.626618024047424,3.2152183670331755,4.772718187137841,10.82647925878729
3862,7.647960004043184,4.733858425443034,2.8387045699020623,7.642095954795926,3.1960156128385524,4.773257461894083,10.815137136966673
3863,7.666010719830017,4.723435587666361,2.815855905759217,7.634165898991515,3.173744976357622,4.772538411246815,10.873572384574965
3864,7.667362292665922,4.734780526987988,2.823957765045905,7.576773570213557,3.173744976357622,4.777389267887872,10.937195854288582
3865,7.684455425835541,4.691585978336542,2.804600916592854,7.536024564405194,3.1542123927441543,4.78115772541299,10.815137136966673
3866,7.682209159312799,4.664693575308191,2.802516630693274,7.582116873544709,3.105678820140581,4.789219990629897,10.786713824619186
3867,7.697466940034572,4.637191711521874,2.773121904272754,7.511250257424187,3.1315533319518147,4.791366944365142,10.724314771927197
3868,7.703290397867542,4.619690610593545,2.756673867307733,7.581243104195087,3.137484949005043,4.790830323421668,10.754382342580794
3869,7.703290397867542,4.466661664475734,2.756673867307733,7.555795316310449,3.0875999128951506,4.801012766993768,10.677804384305787
3870,7.734103994863112,4.4702123981543584,2.751518688703729,7.573977239859009,3.0065695084113835,4.788683056273341,10.714267812263481
3871,7.744784360897746,4.367316943693368,2.79171550189307,7.577285344228595,3.037672358694625,4.807429316524925,10.683572547475121
3872,7.701051285211744,4.47290850069746,2.789443836214546,7.6130979585987815,3.0642964766187997,4.7870717824820375,10.781017444557754
3873,7.7122383827908525,4.456985017666037,2.781737179798683,7.604900973153122,3.124614562193017,4.793155115707232,10.875450587152883
3874,7.710897047229093,4.485933478626938,2.808416876030363,7.566506473778284,3.0632780411400673,4.79422760153656,10.873572384574967
3875,7.696570513974901,4.492709604898869,2.8136095984077785,7.554421614132325,3.1006706710258767,4.7874299043714466,11.123410910265974
3876,7.680860988639118,4.486781223485392,2.7878697318714027,7.577226724233517,3.0996677761005356,4.782950869859804,11.105154948030366
3877,7.702394854549714,4.490452375980634,2.8220643004720007,7.590330474996123,3.1136700488071396,4.796550249382197,11.233937278394464
3878,7.7122383827908525,4.515341250633874,2.8567446829754464,7.588463852614456,3.105678820140581,4.798514423132158,11.143447496176345
3879,7.705528663066981,4.5220600465679945,2.8393880411714503,7.585185658225293,3.1453711220882163,4.795657096693316,11.148903881310835
3880,7.7234043823708305,4.452279120366395,2.8129179567654274,7.583434357861038,3.1335321628232826,4.809031711764581,11.079530732589443
3881,7.719387046079283,4.465951076415224,2.796425899353966,7.501576793323093,3.0653144713859963,4.803509418531569,11.106982303350168
3882,7.697466940034572,4.475319009910297,2.8129179567654274,7.485050207631327,3.077496224047289,4.8051135166298895,11.179757914564911
3883,7.713132437703564,4.4462804098775095,2.8000824089495047,7.502580289803838,3.060220085144818,4.809387705158617,11.20689024454476
3884,7.720280022806219,4.462538201745131,2.800256373346425,7.4874672125903885,3.060220085144818,4.807429316524925,11.194239150482172
3885,7.706871215776706,4.510574213190846,2.8146466458191544,7.47173976208298,3.0551146280602905,4.798157378532121,11.12523436072153
3886,7.710449867828891,4.525973346354683,2.8381918257479253,7.514993004068113,3.0673491408944615,4.79422760153656,11.194239150482172
3887,7.688047674311306,4.5101532771014545,2.81066859005205,7.479735130828681,3.1216346510418886,4.784922317890923,11.41212446656637
3888,7.696570513974903,4.488334880738931,2.804080034302343,7.37140225778967,3.119645983298588,4.792082317202043,11.42798413256394
3889,7.696570513974903,4.515901647687329,2.804080034302343,7.353504815791483,3.117655662885343,4.7833093936821465,11.438541335469502
3890,7.670964970556152,4.529603182471076,2.813090887942415,7.381570119837018,3.134520968120844,4.785997207369009,11.515576167430302
3891,7.661503233672923,4.511275659653358,2.8222365019961266,7.483162624826372,3.086591482148383,4.781337079277339,11.55210721035786
3892,7.695673951894944,4.487063758744398,2.797645427594893,7.546246248333061,3.127590776106557,4.783488642467629,11.641923623699412
3893,7.69612224994103,4.460403427443852,2.7924139917201765,7.539656859208435,3.1086786668249045,4.784743139063442,11.598855728450935
3894,7.670514756352633,4.482964726917889,2.8196520404967855,7.549991928468068,3.1473386451344614,4.7804402223010385,11.572914698759536
3895,7.679962036919646,4.5192621294599915,2.83031458853445,7.461235700664134,3.1463550839422876,4.773257461894083,11.698457436651875
3896,7.683557021873153,4.513238954354447,2.8297998632250763,7.523757424532566,3.15813150301883,4.771639399445696,11.901098102509936
3897,7.714026357645989,4.489040857050718,2.808936711039042,7.497202924274744,3.148321806115954,4.787250847788802,11.97428382575313
3898,7.759084479998902,4.440271138767624,2.7859442529661242,7.40873411620113,3.1156636859952815,4.8051135166298895,11.92611351640385
3899,7.756390602532053,4.433103403470162,2.773121904272754,7.382253034864961,3.057158143658537,4.809565688984735,11.967654655901846
3900,7.750100144208167,4.388758543592343,2.766946726940099,7.398609134157046,3.053069330439523,4.817743689519917,11.92611351640385
3901,7.731188744903947,4.411942310987429,2.777697609374168,7.338265461247053,3.055114628060291,4.807570214328586,12.091165384714513
3902,7.744253043410464,4.401384447582386,2.735259815304076,7.353992647345125,3.0805318637179457,4.815960893820958,12.08298245350965
3903,7.76446858323157,4.367902204029453,2.732028830981057,7.353086730083525,3.033549294103564,4.821306705280791,12.13197228088981
3904,7.785956529064124,4.353827653933677,2.7079995296860795,7.364368723403774,3.009698649820153,4.829666320619705,11.970969838557526
3905,7.7474021965695785,4.39761613541834,2.756673867307734,7.443653943144061,3.0169835492834953,4.818991135379404,11.842460809581185
3906,7.777012616370073,4.399065983863227,2.743851563380868,7.413582712571744,3.044870233321819,4.822374941413621,11.942752559822331
3907,7.773431297268132,4.3896308146674565,2.7637609495904067,7.355555602664372,2.9958389640450247,4.820416272937693,11.942752559822331
3908,7.810928569738555,4.341905986507057,2.737770283221124,7.394396510007899,2.979968886862918,4.82753374316635,11.87601400923253
3909,7.831807262395174,4.298720206776965,2.715621921487604,7.455398102086814,2.9295146647438974,4.834460140723681,11.648795248664362
3910,7.8046953152953105,4.348387235969568,2.7695915924809533,7.473688680578169,2.947893975571354,4.822730951635858,11.724037346880994
3911,7.825595664250011,4.326240085211929,2.7361575845952935,7.488334341669259,2.985271125413057,4.82344286940197,11.604034872568905
3912,7.825595664250011,4.33647929646371,2.7586237916254497,7.501640596478298,2.985271125413057,4.820772471583278,11.46312558265436
3913,7.825595664250011,4.33647929646371,2.7586237916254497,7.542513172490558,3.002156426723744,4.820772471583278,11.46312558265436
3914,7.784615795395658,4.33647929646371,2.80459193962303,7.488564095377623,3.002156426723744,4.820772471583278,11.46312558265436
3915,7.794440867898676,4.3866341999294685,2.8085806105685633,7.478175228542541,3.03763296499861,4.796651655955032,11.578108962175465
3916,7.798455569546164,4.374959837137954,2.7974633152621027,7.583583385214971,3.0397030465151555,4.793064745480761,11.643642025185965
3917,7.7895303494392145,4.387641196653236,2.7892622577631903,7.615750661645613,3.025173693286103,4.789833533895447,11.791897564298498
3918,7.79979320532088,4.385051167855446,2.774174195738392,7.578687471430977,3.048995773648639,4.787138687024169,11.758031225052608
3919,7.806922221801182,4.3860586380117335,2.7752303201399124,7.6286681647969505,3.011600281809592,4.79252640727279,11.708698136409412
3920,7.771191881003782,4.4401625811384715,2.8179164375417955,7.693543842840912,3.031411667046487,4.781563065808031,11.672804460377858
3921,7.7626744226206155,4.451897082817334,2.8230856435331444,7.7198055460149435,3.0837733159497955,4.779042265298917,11.631606269032657
3922,7.7626744226206155,4.44511578530288,2.8284142357712603,7.589126937308517,3.1070125511137006,4.779042265298917,11.586759328886155
3923,7.787743706287725,4.448508117227771,2.8258375190160936,7.591120537382566,3.092894021789733,4.783002746351813,11.655661597559858
3924,7.76491703901261,4.463310110417731,2.8211917004337184,7.624580228330502,3.1130378385402167,4.773273922024258,11.74105031143716
3925,7.76491703901261,4.4446915066555235,2.82549372548928,7.567332914842894,3.092894021789733,4.774356177934498,11.724037346880992
3926,7.785062740037141,4.431370622094383,2.802334201270217,7.520832226071246,3.0766550657704075,4.781203057437056,11.901098102509936
3927,7.766262203976103,4.428387543906774,2.814981730164741,7.611690590488492,3.0592779455443635,4.779042265298904,11.87601400923253
3928,7.785509651257658,4.39396400911752,2.781731551789856,7.6281937661174055,3.0999637562639424,4.791449494485153,11.901098102509936
3929,7.776565068965937,4.388791681550226,2.778922639530826,7.632079279432603,3.0592779455443635,4.792167471369481,11.829004799560034
3930,7.762225798061028,4.4007048574031895,2.7871633312682684,7.695613876032365,3.062353832776207,4.783002746351813,11.74105031143716
3931,7.738400186421472,4.426823933994306,2.826009395350435,7.720933706034915,3.082757733654953,4.77273267418823,11.850860712152157
3932,7.732090654244253,4.425544081496982,2.8182614355632847,7.746560212809719,3.1100270955006692,4.76496598535672,11.842460809581183
3933,7.725774408311238,4.464997698556198,2.8318451090366783,7.6889020821250895,3.114040577099674,4.757001569133582,11.869313251741943
3934,7.733443261369091,4.451755943007161,2.8306449195141523,7.74713918647031,3.1369885071716803,4.758632066971722,11.810470164994936
3935,7.728933371733066,4.423836861159335,2.8129077701895793,7.758811536989825,3.1210480027124063,4.755370343000604,11.884383036937914
3936,7.723968530707497,4.446246937219868,2.811004888895532,7.7930932375428865,3.127038097396983,4.755189050656895,11.89775753626186
3937,7.70180174088232,4.4666844562626755,2.8253218082908327,7.7191877421461665,3.122047391573214,4.750472285812727,11.742749842331607
3938,7.694091775607582,4.483506606930984,2.8359550233453,7.739113339161571,3.1488749940972407,4.749019745681228,11.732547845992542
3939,7.7027081348219895,4.488257960492232,2.8455147781587447,7.715584037809401,3.154796377997637,4.7466581329190225,11.75463759838928
3940,7.7045205060335045,4.4765073838952105,2.835099431135009,7.761459010834875,3.154796377997637,4.756095422363626,11.672804460377856
3941,7.7162874077602694,4.4903520644053385,2.8292724621751484,7.768694649343211,3.147886685839898,4.757001569133581,11.585029928595587
3942,7.71447863672742,4.4903520644053385,2.852147829318764,7.820379160149598,3.142939070237255,4.757001569133581,11.471889045949204
3943,7.69136820739872,4.513165122680813,2.849088920582547,7.842604350239861,3.1705163938109515,4.74756662661249,11.595401291497572
3944,7.694999352656996,4.5175989669452745,2.842958234707053,7.818436478508218,3.1705163938109515,4.74756662661249,11.595401291497572
3945,7.6881891225383,4.518014349290539,2.8533362515763505,7.85806333030251,3.1705163938109515,4.754463791233151,11.68136360660101
3946,7.696360456853537,4.519813764895836,2.8327019817725687,7.825011456013724,3.1773620739511914,4.750109205020319,11.61093571781356
3947,7.7162874077602694,4.527278292183666,2.8284142357712603,7.897968942452081,3.159719828509415,4.766592935553069,11.54516052252922
3948,7.7235169753650466,4.501499199185486,2.8352705764826966,7.889814837929549,3.1300275473110446,4.777601029919457,11.541685136047459
3949,7.722613761499595,4.51621399968525,2.857914138238794,7.934875289047492,3.1419483290342978,4.774536522853399,11.61783122470304
3950,7.690005952080252,4.519398597969994,2.8645098274900076,7.96201904386781,3.165614809949498,4.76080493274011,11.643642025185962
3951,7.679551534376005,4.527692518215249,2.861637217966895,7.969083894351785,3.1763852960695207,4.751379829686847,11.643642025185962
3952,7.7013484918032304,4.5292109248415615,2.874618585997826,7.962203541267143,3.190024763790163,4.745931174853422,11.758031225052605
3953,7.6995351479197724,4.549164636051534,2.8702438175184892,7.901097480789703,3.190024763790163,4.749746088074236,11.802032793252074
3954,7.704520506033505,4.56381630975079,2.871085793558801,7.861360788545028,3.190024763790163,4.743931291893267,11.74105031143716
3955,7.720806920843425,4.5319699666868285,2.8672100364130255,7.836500908746303,3.183214545733409,4.74883813747137,11.732547845992542
3956,7.710859436438122,4.509419648359106,2.8521478293187643,7.842592576864779,3.1567669585241585,4.737378529058631,11.796966596568545
3957,7.6854628291489915,4.522027150059253,2.8567281962293536,7.840419967907305,3.1646333062291454,4.733732998306454,11.735949795034985
3958,7.703614389852745,4.483506606930983,2.844833325840394,7.798762796890218,3.168556945448807,4.738653601868861,11.74105031143716
3959,7.703614389852745,4.486721475049241,2.844833325840394,7.822735324105021,3.1340077046180226,4.738653601868861,11.74105031143716
3960,7.68728049801165,4.4914683998568625,2.8590994395563905,7.855904545085084,3.1567669585241585,4.732821044036909,11.734248981102983
3961,7.667255253526282,4.505809061371129,2.8675473296811056,7.859590719543088,3.1379812885393314,4.726248204959926,11.68136360660101
3962,7.654933231841356,4.525068252417733,2.8779779004154085,7.943080064909249,3.1783384608504885,4.713433483376305,11.538208385882477
3963,7.662802620293844,4.525206421094633,2.8831747668608925,7.933007262071092,3.197784753427994,4.715450230042736,11.635046711429178
3964,7.689572237054113,4.492584374009499,2.8719274480897936,7.952741651865062,3.2074503801033827,4.727892530683093,11.612660094560196
3965,7.714387011569101,4.490072924051562,2.8685588995487548,7.927306092601226,3.1832145457334087,4.71728266163418,11.61783122470304
3966,7.707963542070956,4.488537247878829,2.8751228091225105,7.969155797272774,3.20165556551139,4.721493739510361,11.53646949895577
3967,7.6877299535712424,4.488537247878829,2.9109633238952357,7.971050832759718,3.1987530284901244,4.709044982178924,11.56945016870675
3968,7.710717311084952,4.4431353667359375,2.8700753836993873,8.024153427027555,3.214193807847422,4.718385560490533,11.665951252755182
3969,7.6886511671878415,4.436478393614352,2.8638342570145268,8.072857557425333,3.1861355324562193,4.706660187451487,11.659092796982073
3970,7.659563559271996,4.4359112417329065,2.8535059735574935,8.074825018622963,3.168556945448807,4.699128581454298,11.660807903547932
3971,7.667888973092699,4.401421177682458,2.833215943393161,8.002359160661968,3.1812652799786223,4.693239311145739,11.672804460377856
3972,7.6349811187288,4.410576699157228,2.839033992793309,7.9522244695839435,3.1519000463608795,4.687155901982854,11.655661597559858
3973,7.62567788525377,4.421986403485971,2.8602915935323083,8.050289115519673,3.1607469446332854,4.681986144423743,11.647077837492878
3974,7.631726667311472,4.426823933994304,2.8678941509842772,8.13826095210069,3.1958163414635985,4.683463976544117,11.693332705150482
3975,7.6433414219894065,4.438746057309314,2.8668819936776564,8.111134661875514,3.200647561027089,4.688262741235379,11.800344375818463
3976,7.663265197727396,4.417427127969963,2.856056553595576,8.186489984149606,3.204505708277965,4.687524886226549,11.891072735946086
3977,7.64612554419082,4.419707531526063,2.8660381735491547,8.244260760450004,3.1754205158760693,4.677548998120884,11.859252866465406
3978,7.665115143854368,4.370869711806946,2.8460292851589966,8.217723525638494,3.157801565449089,4.683279280747874,11.985873383886753
3979,7.657711865929096,4.379724319000156,2.8313302979868236,8.078281016804867,3.146971096124155,4.686971395671478,11.990835871494443
3980,7.678509897450539,4.368151521325552,2.8129020874823016,8.111295602274966,3.1519000463608795,4.690106717299713,11.904437447800623
3981,7.674356163706186,4.382290647735005,2.8272104741796626,8.150779378040516,3.1499296718064085,4.689184847334763,11.842460809581185
3982,7.6996945357804405,4.333335741422497,2.7965820637680037,8.155597724420922,3.1469710961241555,4.704457440604009,11.901098102509936
3983,7.704749191000072,4.318551632755341,2.8005867117051237,8.13195613530917,3.1151847387368434,4.703722893037388,11.94275255982233
3984,7.706586176877773,4.32072989995314,2.7845230618500794,8.223835831044031,3.109177605781169,4.6888160332405215,11.926113516403849
3985,7.706586176877773,4.284236794588508,2.7846983159705228,8.161382072066107,3.1081749462913395,4.692318242787721,12.000752829430095
3986,7.71622100939386,4.296689761768583,2.74864431685043,8.175623189533963,3.0920747354729894,4.68457195214099,12.078069227954252
3987,7.718054439589513,4.3061809908356885,2.738459661166424,8.219137105643059,3.0849964426544703,4.7007832074401135,12.051821272852106
3988,7.718054439589513,4.281593639888349,2.738459661166424,8.253132342577548,3.0890437683102805,4.709044982178924,12.022203033174005
3989,7.73452984800195,4.288637338284843,2.7255238811762,8.272755493951268,3.1001384552902933,4.72204196507727,12.249715327341223
3990,7.745488105879876,4.289663285840257,2.7720430963136153,8.240400790466829,3.0636335442681824,4.720762643079824,11.984218626493325
3991,7.754149092437273,4.300051316464924,2.7377430945207597,8.113741111784416,3.073830473519531,4.721493739510361,12.050178302284198
3992,7.759157593448578,4.2962510455034595,2.7507821993870896,8.120373081128001,3.065676465173034,4.722224688510042,12.27100172566908
3993,7.7226355348888225,4.246443421380992,2.7555845390710623,8.083598158836963,3.0697569959331226,4.713443551926208,12.277418363904927
3994,7.738641563467161,4.249411807294709,2.736129925683361,8.115492604173777,3.0666972609476773,4.722590107749006,12.2469003125465
3995,7.751871107450629,4.239010605900642,2.7307437270321238,8.074746433328906,3.03691237889509,4.7238687851411205,12.099341108609693
3996,7.73544380858254,4.2507467001626775,2.7748618660768005,8.17607442702102,3.034844197863354,4.722407402733525,11.95936146128238
3997,7.706126983882956,4.2922999701756,2.7892498902284246,8.121047997558481,3.0533922134648575,4.712344410841545,11.956042085098426
3998,7.69739553575665,4.307347259857463,2.785223992150302,8.109031343307368,3.044136606931179,4.696185148824469,11.791897564298496
3999,7.70291163444041,4.319132643928911,2.8012824111338364,8.141830956119243,3.044136606931179,4.686786879898645,11.81721441358612
4000,7.693715274205006,4.324647180294845,2.831330297986823,8.187972425757007,3.0829701837399845,4.6842026648722,11.791897564298495
4001,7.681277428022741,4.3474784575961065,2.8381793714703214,8.148277444112741,3.09812508800419,4.682540402665523,11.758031225052605
4002,7.714845564267123,4.32247148434181,2.8106524148227985,8.095213176726052,3.1271539552553294,4.69563298762075,11.655661597559858
4003,7.692794850447825,4.317389304842536,2.816703895870844,8.041942127395512,3.097117764946501,4.68826274123538,11.689914591525072
4004,7.717596135229237,4.290835406099314,2.7969305905533353,8.036314771819026,3.09812508800419,4.702988196021903,11.766509714863803
4005,7.712552445628577,4.321455671222639,2.825663522543047,8.034009718371141,3.0748477448056377,4.710878369717641,11.664237131260435
4006,7.7130111404012025,4.321165381768772,2.832873220374954,8.069953248982493,3.099131984619026,4.72204196507727,11.68136360660101
4007,7.73452984800195,4.336082392947967,2.827554091510054,8.026187586759315,3.097117764946501,4.727519667227265,11.698030487384852
4008,7.740468079439698,4.3127359117210515,2.8316732642692153,8.015835170141687,3.064655226457323,4.731895883724346,11.626443118637695
4009,7.73452984800195,4.3018038129962255,2.809093574110451,8.025504784880143,3.056469306748807,4.730802323933442,11.531250788572239
4010,7.730872598080165,4.34690237678999,2.8374954329853144,8.026263318642085,3.052365617630024,4.735538707746463,11.572914698759535
4011,7.723551329258151,4.361274680566545,2.8450069830376883,7.96213786496406,3.08499644265447,4.7300731011051464,11.581570118799569
4012,7.7568815242809315,4.355245837358372,2.8289280172229363,8.01323364652997,3.0748477448056373,4.743721744575798,11.598855728450934
4013,7.747768535648457,4.364714865107103,2.856904215849022,7.958338040567897,3.079927538712828,4.745719247696856,11.491138034538944
4014,7.735900736129067,4.375871149097843,2.8887087986895814,7.948185805219724,3.1021501207944744,4.742995108100456,11.456108523620355
4015,7.759612702930245,4.359983699669773,2.8821833579149976,7.9279767911683905,3.0930841982678894,4.750436270589787,11.350173242695963
4016,7.751415405806468,4.325227125135323,2.882518464085953,7.957960417912082,3.0656764651730337,4.752248886516661,11.417414210529627
4017,7.76325232779602,4.326966352212996,2.8952150948147546,7.975450988312515,3.0554440574807273,4.753879471208727,11.358163067354376
4018,7.770979159835124,4.319568335507104,2.8952150948147546,8.038803476871609,3.064655226457323,4.762021489628444,11.375006477551516
4019,7.780056757128878,4.303409451595328,2.877150662294947,8.038831765681282,3.0789124531995062,4.763105722617587,11.319923127167455
4020,7.775973546525299,4.2751236304638,2.853851096600495,8.077554927291992,3.046196574631815,4.75876685968029,11.367918477418053
4021,7.786855911793764,4.277477836153185,2.855886981816129,8.102517254780865,3.047225878348468,4.766175971634823,11.323487428945416
4022,7.776427374510821,4.266427865931946,2.8412544414550154,8.161907505957927,3.0358785177873697,4.75750038692236,11.491138034538945
4023,7.769161982215758,4.288783921794221,2.867556816921586,8.154891628239234,3.0275910640196004,4.7513426911462195,11.367918477418053
4024,7.792289672848862,4.271294440510844,2.839033992793308,8.083203103641594,3.0482547293786397,4.7513426911462195,11.367918477418053
4025,7.790478967681132,4.286877826879867,2.8431315186829584,8.107955980373415,3.0379457817493747,4.7679807976688515,11.343065020884946
4026,7.796361756898063,4.289223633171745,2.8560565535955758,8.124633863656802,3.038978726911957,4.760213719729616,11.341287058600063
4027,7.792289672848862,4.3154996521527185,2.8786616744551847,8.040591257401356,3.04001121494344,4.75750038692236,11.273453510334472
4028,7.784514425590087,4.310989202144343,2.8690744133914645,8.020516825683695,3.06904341315624,4.7549661230589555,11.244732374693092
4029,7.784514425590087,4.310552380684261,2.8690744133914645,7.992288254070127,3.045166817676985,4.764550866708643,11.223128652919636
4030,7.8082657953993815,4.325517059575041,2.868231433370026,7.995869519399822,3.0223963646649383,4.761840752865481,11.215915363179121
4031,7.8196512938244505,4.325227125135323,2.8734527184579943,7.964780058899353,3.0296656962190944,4.762021489628444,11.172508125719697
4032,7.827835500773119,4.264213394452877,2.835784646598608,8.000435464832442,3.019273954804355,4.773570111221227,11.179304982168686
4033,7.8196512938244505,4.237224202355348,2.833901227471456,7.974678456383655,2.977233059529092,4.778802932583002,11.11611321166555
4034,7.8137335315679115,4.2568209809424875,2.860291593532308,7.959658788063951,3.0244756390824086,4.774472854815569,11.13616689792807
4035,7.8282898521835405,4.2442153569584695,2.8186022958844545,7.934455423002093,2.999400229620863,4.776999354827426,11.044631042750517
4036,7.8169207440661514,4.250005160439582,2.8311587945507424,7.843966769106296,2.9920349364185395,4.773389535815283,11.081363593799587
4037,7.8223806021550075,4.2397546513654385,2.8376664377371066,7.824642189707845,2.9697050554285536,4.772486525283482,11.07036049626931
4038,7.800967713198306,4.251932813355365,2.8438136921327346,7.798857796600369,2.980365512149299,4.75891456812016,11.161621938570958
4039,7.86091333378142,4.1951087404293235,2.7867683214579393,7.794784115930626,2.980365512149299,4.780425394807498,10.974397274615404
4040,7.850058459552468,4.179684297650948,2.825653451432849,7.884651840558115,2.9156381895813217,4.783488090225704,10.912926278179016
4041,7.875806982726539,4.131882985679721,2.7606836822322114,7.9280348782698224,2.931994715095443,4.787987419483508,10.85476706759448
4042,7.873101775952928,4.148917009992041,2.8251372681774463,7.980672746151023,2.8969551037967674,4.784028300790358,10.832144519808462
4043,7.788631992396477,4.242919750059334,2.8920741056751753,8.025272805062507,2.949311668738919,4.7485660633837465,10.909186253137577
4044,7.775812455037776,4.209607881934042,2.8349238295299513,8.062876645354626,2.9675669750306426,4.7438359230026625,10.940923412887118
4045,7.768015714699854,4.19229884551443,2.809940882324082,8.038384061240096,2.9675669750306426,4.748020591197461,10.871693759312393
4046,7.779477988050129,4.20051729881256,2.8010846752924574,8.053916193006147,2.9761072978796896,4.757645278130533,10.851000908719316
4047,7.75193142190902,4.241446453944116,2.8083806651419128,8.002192730997928,2.9664971819883994,4.746565599479252,10.866055344781797
4048,7.766638760867684,4.209161401892624,2.809594264923344,8.038859430570051,2.9557714909865656,4.7580079774204345,10.83308835480819
4049,7.818741248585278,4.093227217676118,2.713883895667877,7.855145971541967,2.939587234144183,4.783668169243296,10.737214303883794
4050,7.760668282929297,4.145426958144409,2.7674116618268987,7.885379251467431,2.8836719638708317,4.778261952364656,10.731483672035493
4051,7.774895720032517,4.13325773080342,2.7558902664554985,7.859434919681076,2.9002635154032457,4.7757363224493075,10.687415737005214
4052,7.7863448054456885,4.083178307970141,2.6954887283343805,7.811188306416976,2.869191369354434,4.791223529443092,10.468369023882211
4053,7.801880459816936,4.09831669448382,2.653536666785066,7.814681330336707,2.8489827405490997,4.785108483612565,10.549862926374763
4054,7.859557542328336,3.9853406812148844,2.6097485326587475,7.823437646406821,2.788366299282046,4.814511397373594,10.378059950446968
4055,7.834647168749443,3.942368254859084,2.536279918901483,7.795470376106117,2.7591690177112516,4.816475182867686,10.441680139053995
4056,7.769851158730505,3.892191454945485,2.5017127759354896,7.804594251462627,2.624370921499116,4.801452477269992,10.38205109792366
4057,7.728416186926166,3.8211363824243385,2.3998291038503647,7.76560893286187,2.6393777726355157,4.795354420141702,10.475273911619842
4058,7.73441911145671,3.690791658222637,2.457247845923545,7.859930673800976,2.486633376853328,4.777360141334316,10.291761806411412
4059,7.73441911145671,3.892521069618516,2.457247845923545,7.846052796782482,2.486633376853328,4.765254414109442,10.36807332420464
4060,7.688085441610322,3.915504388283425,2.540829497467619,7.833903950368521,2.6995339497300206,4.759095859265691,10.441680139053997
4061,7.682500922280958,3.78256091780705,2.4117093068500526,7.8162931792632975,2.6751931471320094,4.75891456812016,10.196344746641909
4062,7.692270366030441,3.7654036705646123,2.487141562985128,7.8670305537176395,2.5160308028426583,4.76434939455939,10.228957351129695
4063,7.681569654855083,3.8356191191930153,2.4545630504282814,7.848854993835741,2.574808458493824,4.769956910998433,10.305874522376584
4064,7.7136138202372155,3.8194476985885406,2.522367520241376,7.797858066104162,2.6243709214991155,4.772125258747123,10.143057552842162
4065,7.75699116689397,3.7654036705646123,2.49342887805919,7.767525931648042,2.6468396847639144,4.7881672781153855,10.006124636875953
4066,7.779019919458409,3.6978479520285625,2.4321090486701165,7.800698870866731,2.570944296245294,4.803602325714748,9.840010793971743
4067,7.796401891963413,3.6437724928765647,2.3945006295036926,7.838691317884393,2.5423727956385718,4.811653118143085,9.86244124262377
4068,7.7771872936381365,3.590279288176182,2.339462852142656,7.885963667737674,2.4333767646281257,4.813797034811847,9.785257640318786
4069,7.776729049282388,3.6045238883358532,2.292199683230902,7.931505696264391,2.364232823105421,4.811653118143086,9.919816603615438
4070,7.753311778924233,3.7950219795634177,2.386157231925713,7.935715339333113,2.4458009842194395,4.817902735681847,10.087332126642945
4071,7.744103343736065,3.780849755189444,2.3921512008441312,8.005878217076615,2.5266105377790686,4.813618422593898,10.157439935198791
4072,7.73026388737788,3.823836256402897,2.456422162094256,7.9768857535565925,2.6180849624822526,4.816475182867686,9.972559192922823
4073,7.715929128639319,3.88294743956171,2.4986862310546125,7.95853270720597,2.5475986818492395,4.794277243439319,9.938845941751202
4074,7.736726313331913,3.8538734142013062,2.507952568748884,7.938188630992497,2.5475986818492395,4.8075404627856955,9.953613791873291
4075,7.776270769751419,3.9562759648846835,2.510161834254888,7.908724228509645,2.6268798213530307,4.808613771137153,10.076968519756194
4076,7.786802312843893,3.874669563006868,2.4547697089659053,7.93368161381875,2.681305343875142,4.812546567946007,10.04579407920591
4077,7.7849720731082455,3.7676398699186517,2.413400264147058,7.933261470749941,2.590190119582012,4.82236029106727,9.911343838436796
4078,7.773520353467475,3.8433365411374822,2.443993256078571,7.9489868356218825,2.5722331905344533,4.827880216852468,9.78094637952264
4079,7.788631992396475,3.8341068214300753,2.4117093068500526,7.972058663411099,2.6318882795513883,4.827168430333595,9.811073412679264
4080,7.788631992396475,3.7885420618016505,2.4117093068500526,7.999553836457867,2.586355872063855,4.830370393887015,9.733358172465236
4081,7.8210161030705665,3.723455842867565,2.3155424180576607,7.964446089787281,2.5799489542282705,4.836588532320709,9.681095706739761
4082,7.8128225883293805,3.7232812261179418,2.39855167607764,7.974839972202809,2.5186811646539704,4.840314422277998,9.718152762626595
4083,7.826472240387326,3.7638545186276664,2.3045827656092652,7.9048798860625915,2.5489029733953514,4.842264588797538,9.672349508067413
4084,7.843717410510299,3.726945940376564,2.3115242875542057,7.8564770267660275,2.550206396155393,4.84421373279367,9.606421913973422
4085,7.872650790431526,3.6955565814386184,2.3222191924067115,7.893468732166985,2.5266105377790686,4.846870011234655,9.670161348159823
4086,7.89560829552703,3.630630712670163,2.228697815616578,7.897997787656873,2.5173564380891347,4.8608285620630065,9.573236035998349
4087,7.93769582714446,3.5944872646087025,2.1556641440307844,7.8458176465921134,2.4402892805517715,4.882458147878179,9.377728171528455
4088,7.9305525312625065,3.519240203940203,2.197000242159547,7.885428093456415,2.4758304430223435,4.880879727259104,9.299862443756554
4089,7.8992015900713595,3.702249243466205,2.2731173847245274,7.8975251477789445,2.4758304430223435,4.866291727300064,9.411814358443175
4090,7.951066985304928,3.6792875534658904,2.2838199753337944,7.80967503400911,2.526610537779069,4.878949643099094,9.427666347298148
4091,7.981267017821556,3.7085751555760647,2.3475849277208067,7.781999538844904,2.5027240902173533,4.890690234304904,9.411814358443175
4092,7.981267017821556,3.7382594654993784,2.3475849277208067,7.883295167957355,2.53450762771442,4.8908651890245,9.370891543788606
4093,7.997898142847654,3.739301543874043,2.3604611494532026,7.911365283064057,2.550206396155393,4.894187781059406,9.332027310546252
4094,8.044405553986865,3.64161644203478,2.238745823370124,7.920903661295601,2.5371328796009607,4.909190271716018,9.23509417673716
4095,8.05152950582496,3.685664836273057,2.291747746090913,7.885578936740404,2.469047313149163,4.929158902176379,9.174417841447726
4096,8.070634562147301,3.679464894655866,2.3211081336734054,7.882675590627095,2.4879794498296883,4.9376353400510515,8.984357724238926
4097,8.097636450625421,3.6936162829447206,2.2955855187699368,7.925956571488936,2.4704058802791398,4.926906862076135,8.899537299617887
4098,8.058200761956854,3.664350949413355,2.3275426626477422,8.016360057590092,2.471763474910278,4.932078419279931,8.66382480477007
4099,8.05152950582496,3.743119265555216,2.3801435859053273,8.019287884090257,2.531878828991853,4.90840379005578,8.739155916732205
4100,8.067528452073093,3.761443074556367,2.3545800234925793,7.919390785950959,2.535820696184473,4.898683620646668,8.711633007506098
4101,8.050639460876559,3.778281118157065,2.3710858281961387,7.878106546305465,2.5696545597240092,4.895206036635932,8.746642595472045
4102,8.084814135162182,3.769702520555027,2.3217148128104568,7.758105653472115,2.5748084584938247,4.895032072952396,8.8456781759804
4103,8.095869427920446,3.745546086331511,2.36868185613844,7.8363325125320396,2.522649909450349,4.883183594563852,8.689029727070473
4104,8.106905091062705,3.7389542264507374,2.3358005721689516,7.822500863844021,2.5696545597240092,4.902331626252987,8.653716046562193
4105,8.160043354249337,3.7578221280492303,2.3882582586765135,7.888645033609844,2.558008777459232,4.91186920903348,8.613126310287111
4106,8.185355476085897,3.7676398699186517,2.3962459997476664,7.8479032766532155,2.5696545597240092,4.933284100010437,8.709125304678665
4107,8.197973385079685,3.7592020719520844,2.3992593604060852,7.81186529625129,2.5709442962452944,4.937758986029483,8.668873427247911
4108,8.16965653019861,3.739246347174024,2.398614055357038,7.830378886973429,2.5631931901019795,4.932595186598864,8.73665849982199
4109,8.168783213982866,3.717237971995483,2.3839260351091243,7.784242745075807,2.579948954228272,4.942400398696941,8.833377756617214
4110,8.174457597284007,3.726616555019438,2.357274348637999,7.890703724673416,2.579948954228272,4.943259296688806,8.8456781759804
4111,8.174457597284007,3.726616555019438,2.357274348637999,7.850570054077059,2.5567105339883587,4.943259296688806,8.8456781759804
4112,8.177510910368177,3.726616555019438,2.3752306821653977,7.776190513655929,2.5567105339883587,4.943259296688806,8.8456781759804
4113,8.191885141472675,3.746832059472439,2.364960363135327,7.756767846605833,2.5812319952157226,4.951152055031859,8.726659519970822
4114,8.177946976739138,3.7773175782983976,2.396461403492329,7.808464187248263,2.5951636155841573,4.942400398696941,8.691544984623384
4115,8.093217951520808,3.844680739832044,2.4329312628614024,7.79675318163017,2.5951636155841573,4.9391348117352125,8.850592110370044
4116,8.091007523190235,3.846511556967765,2.4392564003584467,7.805466094502045,2.63313845573678,4.938274979180735,8.801291779065481
4117,8.095869427920444,3.8566437358233467,2.4530970308263735,7.710670249647756,2.621858893485316,4.914293108669679,8.948134338575212
4118,8.100718698877722,3.8510872897335253,2.445408682466738,7.5997280228481,2.6135118506402426,4.904426684801459,9.057455650343217
4119,8.105555309865634,3.829909954095151,2.416393296792135,7.473371987519253,2.608069576991056,4.908590938888403,9.127830794753253
4120,8.110379234745034,3.793369291993574,2.366809175142422,7.332427537777473,2.605514011118172,4.92682163481192,9.158336351139624
4121,8.13269603579701,3.765746698609642,2.3464174386211987,7.337094605444302,2.605514011118172,4.934705791207259,9.027758094544332
4122,8.12876357493456,3.736456045392166,2.356425093487146,7.271723478107235,2.545809471782204,4.9350482085029315,9.02646571777915
4123,8.149708151338109,3.666561570112041,2.3131685197605316,7.2838134388887354,2.5444912310433425,4.9466720349196684,8.949784477851587
4124,8.150579321031895,3.646735365516427,2.331300852958343,7.3130207860263745,2.5004796726729177,4.95264104102752,8.92621914169928
4125,8.124828634457117,3.6436587699866863,2.338108113008735,7.328927752076016,2.527272481679051,4.950766077759852,8.904546167415187
4126,8.124828634457117,3.6307727220360113,2.338108113008735,7.321239883667835,2.5286024264347486,4.934705791207259,8.78576982368677
4127,8.130511641186114,3.5930435004388945,2.2704265011048967,7.330698788063061,2.499130198958959,4.938983785194813,8.707666992442931
4128,8.086662164574635,3.622392114009886,2.317164627631451,7.3314725915440375,2.477408166818376,4.934363342959104,8.54033085188426
4129,8.070359127141666,3.6027997313414306,2.294849126666342,7.286107602983389,2.497779775402198,4.918749073489037,8.52642465151725
4130,8.064620837852884,3.595992411305472,2.2849402061693453,7.3467903020852825,2.455435165857297,4.8978866987032665,8.548660433416178
4131,8.057108886609972,3.6165471977431745,2.301349651684913,7.331828442570982,2.435996487181742,4.885937974706088,8.66418246134643
4132,8.087542190599493,3.6269499213930483,2.3118344837701494,7.257719592333966,2.5031757779536385,4.895984374314996,8.559750124126504
4133,8.06064505841202,3.7045604330505717,2.3579431499353363,7.264723350683126,2.5072128580325854,4.898232472476651,8.638228461924067
4134,8.034518105569349,3.6516147857336745,2.3198237201513363,7.2933291844712915,2.520609039224056,4.89321563707314,8.617666484932082
4135,8.028746422906053,3.6394909233075494,2.2973176637157158,7.3306748742690155,2.4869419690343197,4.888018747130861,8.587392801575884
4136,8.05931923082402,3.6077566808960864,2.304925931992902,7.418899071990086,2.476042289717296,4.889231998405811,8.66418246134643
4137,8.02563635398494,3.644020898027524,2.3069344171640536,7.3994427423206535,2.4637049622629856,4.880036175133202,8.72930355475568
4138,8.012735025703378,3.6735574237945285,2.307826346510883,7.382431378680461,2.4950760713436395,4.87795096589226,8.820489513141192
4139,8.0207459285758,3.7011914885212236,2.312056892731987,7.410407040960765,2.484222887935804,4.88125201140271,8.80715688367569
4140,8.005159581913315,3.7551458060013796,2.3514282011017547,7.4087016039865485,2.5031757779536385,4.878819944157222,8.892036558431172
4141,7.997128332472751,3.7520102155701878,2.346199263099785,7.447908200585211,2.481499924620108,4.873254994746746,8.849729275908023
4142,8.041614309405086,3.6819653332821214,2.3011258937380545,7.474667847444442,2.4883000585312254,4.8887120815986265,8.713082695025879
4143,8.057551018638671,3.6835725076208967,2.3031386960278297,7.480955256463984,2.4883000585312254,4.912381917195287,8.726602805176427
4144,8.070800313905101,3.6609883352090664,2.315833589616965,7.45744028659448,2.459574591430379,4.926821634811919,8.653266819911943
4145,8.028302223426437,3.6654837408493934,2.295073682051614,7.5257765627279,2.4609523850823565,4.92390376216377,8.645068303458636
4146,8.028302223426437,3.6364063405686093,2.295073682051614,7.561844813984249,2.456815983857146,4.93350708687078,8.579112178613292
4147,8.07961746075327,3.5913833517786355,2.256250160406432,7.643355467350262,2.4457409824609337,4.943769415390657,8.54033085188426
4148,8.057108886609972,3.5795489056176146,2.2394085002447603,7.678348229009959,2.4373916657128696,4.938983785194812,8.527120663230884
4149,8.02563635398494,3.5795489056176146,2.233602735779116,7.725265827487368,2.4332030030761054,4.928365480020314,8.581873542703514
4150,8.047816803504572,3.5045894234179276,2.2151259915475108,7.682739917145284,2.409287692569006,4.940693631998657,8.459259664875855
4151,8.043387086329144,3.4669907390078403,2.1897757321913556,7.737804921544192,2.4078712634475283,4.940180758897082,8.414094303957361
4152,8.03451810556935,3.483553214564828,2.2163013577615764,7.8040057004486,2.3950742452551297,4.944623357419308,8.509698115711192
4153,7.998913962346821,3.4617695854643875,2.1890594594855686,7.717241551275405,2.4205802980033884,4.944281803661485,8.556979456409637
4154,8.002037565848747,3.4756699733031184,2.1794798301507146,7.7368802318271,2.4163536259457987,4.922873386841105,8.625898937580319
4155,8.000680783325256,3.459833219681376,2.161125826095427,7.724426447618783,2.4332030030761054,4.925277159192073,8.574277003665115
4156,8.039906506623426,3.388364309092263,2.120562804998634,7.754672022387456,2.3907887271728323,4.939496820189011,8.48732922626692
4157,8.029110544341238,3.3955201246327458,2.0881315139260828,7.719031094095198,2.3836238766400224,4.93693095069931,8.488029416655838
4158,8.00791349718127,3.457701585569451,2.11257826997564,7.766008404814464,2.3922183444090366,4.920124344989996,8.595663036683039
4159,8.054271815954568,3.3889613789105972,2.0743589615457148,7.779078393464887,2.4121173015124437,4.943830522677465,8.497125054009992
4160,8.054271815954568,3.3681824079459957,2.0815151019764633,7.694890112395925,2.376430862458119,4.956402025877845,8.470502029911456
4161,8.04664440482755,3.3753939880770174,2.0555489602635992,7.626420741010349,2.361959103381217,4.957089675577897,8.442359533309792
4162,8.023705465742786,3.460414277617548,2.1078187959430954,7.655551424492272,2.3605055664388326,4.943658021102074,8.52642465151725
4163,8.041254674624321,3.4631242024951043,2.1078187959430954,7.675143727924407,2.4078712634475283,4.9336394818597835,8.54866043341618
4164,8.052926485982494,3.5023025584471186,2.1732158239874546,7.595534051236111,2.376127168630885,4.941932573938117,8.554207619630242
4165,8.056961598136034,3.5002045555310963,2.180969826655433,7.619859790631329,2.4348543764847315,4.93069798689223,8.581873542703514
4166,8.043950127730653,3.5180804536992696,2.1671328409490167,7.639758132993732,2.4586712235610273,4.920645052279612,8.603922919921843
4167,8.026859004407992,3.5064936604520662,2.209019517589978,7.575445439130804,2.490423504957629,4.9116092768056365,8.647802267249794
4168,8.15434968482825,3.536215389946336,2.240585276642982,7.661975831429681,2.490423504957629,4.907431607072229,8.66418246134643
4169,8.129591323156502,3.5211113948217077,2.2288750867296208,7.5972002885558885,2.486311829353759,4.932774573453252,8.892036558431174
4170,8.130920154080759,3.5129751640344575,2.196131488918809,7.544517826398821,2.486311829353759,4.946761850762918,8.865625328868056
4171,8.122499441452709,3.5790575824045856,2.2699765329195976,7.418380140859302,2.5283805290977552,4.939515628763883,8.839111211244385
4172,8.118950474127221,3.5797973043226627,2.2373144692268467,7.407483108442551,2.557691191151603,4.918214470497538,8.753561486949817
4173,8.091377178259913,3.5634771766258857,2.2582336014602187,7.468393043525473,2.5629735660715443,4.915608538248358,8.748178406149263
4174,8.105179099431801,3.600796268684008,2.2972994606690254,7.416390408230586,2.5982648115154507,4.921686251591792,8.828476505990492
4175,8.094941899125306,3.5833082676492447,2.267680238326027,7.406823423234041,2.5852671232192055,4.920992150601668,8.769684915883605
4176,8.108291428034608,3.4972005384858504,2.2345059543569845,7.387047474023867,2.531063422230291,4.937097142129506,8.70495749513266
4177,8.116287421941895,3.5522937592634736,2.2429177651268457,7.406512025289114,2.5216570189346545,4.942795395592499,8.691393499031584
4178,8.122499441452709,3.564964847567272,2.263308913873556,7.480200552474632,2.556368375152282,4.943658021102075,8.683241849079984
4179,8.096278142411803,3.642322508287553,2.315729303713936,7.562455757155855,2.5956720541290887,4.914044114755889,8.788446914394273
4180,8.056513382336632,3.6621382523377584,2.3313122723781037,7.457341427357321,2.600854203146139,4.901679735792086,8.92884151388617
4181,8.052477977595505,3.6327246062261698,2.3078863546211896,7.551433015501675,2.6188867080258538,4.905515292713754,8.905203933909634
4182,8.062785450477623,3.616532649548962,2.2752465607339323,7.541061649349369,2.617604035025339,4.906038020599285,8.923595765605427
4183,8.078884514970428,3.64719936292438,2.290962052783203,7.50359450473901,2.582657353563492,4.903772342184298,8.949784477851589
4184,8.067709049133446,3.6903588692240286,2.349176325690643,7.52975173459541,2.6278426012047498,4.902377400538188,9.076049372320876
4185,8.067709049133446,3.6903588692240286,2.349176325690643,7.518634848320528,2.63039413636757,4.902377400538188,9.076049372320876
4186,8.089594050465239,3.6903588692240286,2.3467607314646974,7.592324546552424,2.621449602083727,4.902377400538188,9.076049372320876
4187,8.10251014962936,3.698876746777775,2.323315178679018,7.557620150167419,2.615036229852953,4.908650572512012,9.001864613024608
4188,8.108291428034608,3.7117822578233253,2.3341913462203725,7.586979542705985,2.6021476405761956,4.9135224960692625,9.02258714055055
4189,8.09182288023801,3.730243129459928,2.362513578674629,7.582760298955467,2.604732006173162,4.909346947193848,8.93670261762138
4190,8.06547153508333,3.7545002727763506,2.3740225677111844,7.680490876931316,2.6265656226426017,4.8964431219192655,8.952397862470757
4191,8.08647234429846,3.6855562887150595,2.327096045037916,7.685336109074502,2.625287834872312,4.9164773822455725,8.823818571282311
4192,8.069051169654667,3.7001168038592405,2.3550918370148137,7.688855318056782,2.6060229373298536,4.918388135371485,8.872237738813263
4193,8.055616853280368,3.716364651252081,2.3500539218496446,7.580927064453181,2.604732006173162,4.907257436954323,8.902572488085475
4194,8.059202190106287,3.7124877210167924,2.3496151771415703,7.516092354532916,2.615036229852953,4.90429531206493,8.844422319146322
4195,8.043950127730652,3.746669629091894,2.3772666617375444,7.536791452454619,2.6008542031461395,4.910739310692567,8.881484342501144
4196,8.065471535083327,3.7454496117811367,2.361859940762475,7.477071127810166,2.6021476405761956,4.915260944633082,8.852381200414863
4197,8.047991102815997,3.729191427904241,2.3622957255463652,7.480720475293532,2.570870642018166,4.917346026286186,8.813826482258293
4198,8.032261319258934,3.762829578069028,2.400882595946225,7.530174291999579,2.570870642018166,4.919256339955575,8.860330771848895
4199,8.027309378204771,3.776658630638366,2.3863195912438235,7.465168635982591,2.617604035025339,4.913870249874265,8.939320984787567
4200,8.021451949306677,3.776658630638366,2.395114031153326,7.544147833892423,2.639299226330038,4.913870249874265,9.068987604289203
4201,8.025958158052624,3.8269229573162877,2.4323969532296883,7.495143900223606,2.639299226330038,4.913870249874265,9.068987604289203
4202,8.027309378204771,3.8135012946652758,2.431348041841455,7.545034288460586,2.639299226330038,4.905341033960852,9.094632541055581
4203,8.031811307125388,3.8340336250223577,2.4351213692968905,7.549181472266929,2.639299226330038,4.902900564238301,9.16340775537067
4204,8.007461701852757,3.796936903274377,2.411729794251444,7.505942923444073,2.6807632152081795,4.880513921535174,9.1557992767336
4205,8.010623572188255,3.839777323244566,2.44243667449335,7.45102490806925,2.6919275424648723,4.868918369938446,9.094632541055581
4206,8.035860234693397,3.816904996691315,2.429458514511571,7.373449491125561,2.6906900404576533,4.882267694855912,9.084385881763877
4207,8.037209286836216,3.807705902082771,2.4157546995128567,7.422552653155103,2.677028285985705,4.878934823383123,9.102307678065017
4208,8.049786243654914,3.766119968441586,2.3681686017307157,7.462243622164019,2.679518992245056,4.889099583430106,9.045826126115294
4209,8.047991102816004,3.7754512218405174,2.3785626859976667,7.457605867665287,2.650691436409869,4.894521201298682,9.068987604289205
4210,8.04350096725195,3.7588414526152056,2.372723311977557,7.415342544780067,2.6695379931883565,4.887524097762387,9.038088444961348
4211,8.023254828412357,3.8117979587813204,2.4089708625933173,7.432877795255362,2.6469011284903172,4.884896817263368,9.032925193366443
4212,8.017844606741605,3.8478670722795862,2.40769612030085,7.408119206301454,2.672037796656845,4.877530621483715,8.988881416678689
4213,8.026859004407992,3.866824756551829,2.3983210205677135,7.449009841096206,2.678274016258471,4.876652727826546,8.957621652662196
4214,7.997513791327972,3.8253970022785184,2.385459334974378,7.513251240463981,2.672037796656845,4.876828323026227,8.859006488514394
4215,7.976207257937281,3.8311575684348855,2.3725066792426994,7.49228970418183,2.6645292172215713,4.8636357549531395,8.83645409780479
4216,7.976207257937281,3.8314960739992263,2.3725066792426994,7.500406408222056,2.678274016258471,4.8636357549531395,8.83645409780479
4217,7.962568489468647,3.8609658665477133,2.420615296394644,7.562355621327788,2.677028285985705,4.855167991150287,8.852381200414863
4218,7.9278800122485364,3.848540218438781,2.4028014437272387,7.610626802414103,2.6882128097714935,4.856404071359089,8.73200321635677
4219,7.926964486186842,3.8463519323038398,2.40322758335767,7.561428166034062,2.6919275424648723,4.846680946420524,8.745485247038644
4220,7.9579754371143485,3.8418018409601222,2.43155787127114,7.561197419419027,2.6993370450047136,4.861167975077292,8.828476505990492
4221,7.912097376407582,3.90751732357367,2.4613241770813157,7.511151464830033,2.721408192276122,4.844379037850494,8.926874828820745
4222,7.917676804083266,3.9091665379559766,2.4792066029944677,7.521708515899064,2.7238461764046313,4.8495121111605455,8.918345997437335
4223,7.933920956522085,3.8669919835339757,2.475725556205486,7.476127593162317,2.7287136365176816,4.863283314832517,8.934083250787419
4224,7.900457077945429,3.8896477127333773,2.488594133902026,7.484037152076934,2.721408192276122,4.85428482568497,9.14818255337411
4225,7.853201157335084,3.8861606288857824,2.4875759847673447,7.387459145017283,2.732356822814706,4.838077868098688,9.16340775537067
4226,7.8466215548239395,3.8634782365801508,2.4771597001205796,7.4098441806419215,2.739624276047925,4.845744900218536,9.307676409170742
4227,7.859773587104613,3.8673264092416866,2.479615719482386,7.315581628567348,2.7323568228147055,4.851973862327305,9.390402107368969
4228,7.851322003763014,3.866657520148852,2.4775692569280494,7.32279903652182,2.757683939978588,4.842537368987832,9.338655870802608
4229,7.870555635755971,3.8979339466436844,2.473036819530909,7.41549343312288,2.7600778801961514,4.8439632799823285,9.461256412462069
4230,7.879915715475875,3.8831684525932944,2.475922348287822,7.3883675257032015,2.7743850811350663,4.852151679642044,9.355946046308894
4231,7.893462162686275,3.8221729350872624,2.4514627021457955,7.375580388620908,2.762469118812831,4.869713759169662,9.251572337660933
4232,7.902321026741337,3.8114571726107416,2.4334339316115208,7.351550836995451,2.7299566746541246,4.870421605065537,9.256577311574867
4233,7.909771101647475,3.799162334079965,2.436801283220378,7.313874472339504,2.7372251631898714,4.876079554896254,9.294002806790667
4234,7.8700872510793,3.806852668987904,2.4458211440608477,7.356405050697694,2.7250969774321194,4.864046160340979,9.341128448509643
4235,7.88038333936884,3.802757908114055,2.452297051172186,7.35579446136102,2.73116983950216,4.874665869347977,9.434462221321521
4236,7.903718612599446,3.7547283417467106,2.4141655679118887,7.400210212513081,2.736015494801884,4.8822581616805225,9.17607029839847
4237,7.91395775495679,3.7611438473757395,2.401136444849193,7.332734741539514,2.701857636527533,4.880846806852819,9.24656383435076
4238,7.9046501576956505,3.7969471462547255,2.415442179113612,7.336780442066313,2.70677173835322,4.884903020547787,9.383032537431415
4239,7.93577467394452,3.8005375126533716,2.4426796078687416,7.3683774854649,2.732382302820796,4.888778776115355,9.446044585650371
4240,7.941795363861774,3.786321125649137,2.444774549568661,7.3456580080367315,2.7456734170849524,4.893705774829105,9.363343394743744
4241,7.942721096266489,3.818253624623028,2.446030392966034,7.316680667116368,2.734805129353432,4.900206557863206,9.338655870802608
4242,7.937164591951894,3.7921531008061646,2.4451932573875816,7.350598256295447,2.749283751508345,4.898626320504534,9.289024085712832
4243,7.937164591951894,3.8262249207256906,2.45999731696308,7.36188100450809,2.7480809931519237,4.894584916303156,9.400216497223278
4244,7.954280913905529,3.7630484131722435,2.424565624540072,7.303281446686735,2.7432630879698667,4.908272980671242,9.338655870802608
4245,7.954280913905529,3.7575043654440945,2.424565624540072,7.300366511032928,2.7384341356273367,4.9068713651667215,9.244058257017612
4246,7.9547428515429,3.7435974148857345,2.4167179120455375,7.327489282393387,2.7202259652390537,4.912124737672891,9.289646615932734
4247,7.967201984615163,3.7226099107903843,2.3961998448320383,7.364138322513915,2.7153435648583546,4.914049141666485,9.281549480060415
4248,8.00626046753215,3.711705731812737,2.378924965406356,7.38879995289639,2.687045003385771,4.918419140364682,9.112528099561622
4249,7.984234504407445,3.7339972151071037,2.3815266081100557,7.382749704902896,2.6721252346091857,4.91159972975475,9.2189536688619
4250,8.008550302308583,3.7194484705633846,2.382176440589173,7.445839056771365,2.665876530387339,4.9189432004127465,9.1684755062401
4251,7.998009989959185,3.767890742022438,2.4096904880936885,7.468169478803889,2.6394210813332513,4.917370802005696,9.143100145170415
4252,7.982395432823245,3.78357261382877,2.4156548622147223,7.509806371479909,2.667127797018453,4.9124747023490185,9.251572337660935
4253,7.950121901694199,3.8318088873450886,2.454797882440203,7.518034082110723,2.670877016978059,4.90108418075138,9.368270734211055
4254,7.959360307462689,3.852025446166803,2.469940307032194,7.580098394202747,2.675865338351584,4.910549494561024,9.465510019005812
4255,7.940406501648282,3.857393238264352,2.4697336930318046,7.510570046324273,2.683325188800721,4.897396787779364,9.509721519159775
4256,7.958898718889219,3.87026977905729,2.481269597255568,7.507977413787628,2.683325188800721,4.8968697220756905,9.514550354379072
4257,7.981935578682911,3.882592270051257,2.4822961947249693,7.468605549332283,2.7141211767047304,4.903715821996424,9.514550354379072
4258,7.96627995619176,3.899659518608845,2.4816803026245915,7.4729060249743835,2.7238802880091963,4.900382098819806,9.59138177388722
4259,7.930675592813908,3.9426407236326964,2.5152634531186306,7.511753772004981,2.732382302820796,4.887898274074045,9.688665559254416
4260,7.940406501648282,3.9421520234757246,2.528534429070608,7.5071623909932885,2.7504858248562956,4.884021608217646,9.747365639265581
4261,7.930675592813908,3.9421520234757246,2.5317379999975973,7.579648318159885,2.767243524886124,4.881728965905061,9.784693295333462
4262,7.931139322110372,3.925816635324185,2.5313378424144304,7.557456263630851,2.767243524886124,4.893705774829105,9.770717190419814
4263,7.928820322323176,3.948824108906259,2.5291355012734336,7.515303644855025,2.7708173000613607,4.894057456103967,9.723940989475585
4264,7.934384438765597,3.9769778087884204,2.543108045196886,7.485300225839339,2.7815027717405596,4.89300231350004,9.911614767807572
4265,7.967662946709205,3.96988304157405,2.537331578775293,7.5050243926336755,2.8015418648864787,4.915972564504984,9.934464871887931
4266,7.934384438765595,4.001041529805304,2.559152482133488,7.43921026856755,2.7991940180703523,4.907221817931231,10.112625664418099
4267,7.930211828194405,3.9938422390450232,2.573892494488631,7.5069162317824984,2.8038871514968875,4.9051186120824015,10.157085687253504
4268,7.914422760593256,3.979553640486386,2.564471601908765,7.497928230379387,2.7874161082934497,4.906696126557642,10.347603834395455
4269,7.921393579125315,3.975044507964655,2.5474788175429057,7.474814750998465,2.8050588371364196,4.901084180751379,10.15265109337932
4270,7.8976600802223835,4.010455111894992,2.5695801700723533,7.541216574355665,2.8074002978862618,4.881199695394185,10.227699062034663
4271,7.919070861011584,3.9907974574940224,2.574871256548322,7.592498487793239,2.8225581944932077,4.888074391010441,10.117083123326614
4272,7.931603016091243,3.957913544822716,2.557178779070333,7.6474845621076755,2.826041143182674,4.889130919098447,10.036453710277552
4273,7.934384438765597,3.976816747144,2.5719335145578808,7.589012318920867,2.810907727023506,4.890715153840393,10.132664122234088
4274,7.95936030746269,3.9898353186444813,2.582683970694,7.625375673281664,2.8190696384701113,4.894233284397711,10.310736213155879
4275,7.966740987778432,3.9655212451911885,2.564078085857819,7.56702963479446,2.8272008843095384,4.910899605466075,10.143774328041316
4276,7.98101576685894,3.9287635362295883,2.529135501273434,7.640113546099294,2.7874161082934497,4.915797748390503,10.083589580680572
4277,7.973652295640495,3.9413373478024507,2.544698548445585,7.663857424464632,2.7921350386929027,4.914573808777914,10.181431004440443
4278,7.987451552620106,3.947198125457284,2.5552030897034754,7.701350879885402,2.7815027717405596,4.921038713713771,10.05669003785174
4279,7.991126113719075,3.9630953223458554,2.567224014763297,7.740659869782622,2.800368261987617,4.923133065327114,9.973153702429922
4280,7.963513036516832,4.004235804489381,2.5926007525097408,7.715631418255226,2.789776873165455,4.913349471991017,10.025188305099425
4281,7.97595433165036,4.016184881238424,2.5916307037258592,7.68994473938766,2.822558194493208,4.916496964268864,10.011648014932977
4282,7.984694186095021,4.033310636980113,2.595701736229744,7.615717989069555,2.816740806903243,4.92191150129437,9.970883299971721
4283,7.987910993174261,4.0331524994623695,2.5970569003205384,7.57151233765076,2.8318336644025064,4.927841118252558,9.880657847273644
4284,7.984694186095021,4.024918191518703,2.595895387521298,7.525959148778421,2.816740806903243,4.925923730152201,9.916190276296655
4285,7.989289108350894,4.026503416004147,2.590077641178646,7.593974515752858,2.8190696384701113,4.926795390692837,9.95554043653958
4286,8.003669360244592,4.011410813845525,2.574675542908349,7.61411209380921,2.8120756040122985,4.926795390692837,9.95554043653958
4287,8.01339173118599,3.9650362152852603,2.547677256980844,7.555740976867268,2.816740806903243,4.927841118252558,9.84957406972112
4288,8.027715784096879,3.957427299992232,2.5419143169121616,7.579344565564084,2.794490612781671,4.930976567940263,9.84033948710332
4289,8.019864784999523,3.960667463648852,2.553818922328999,7.659786013851797,2.7815027717405596,4.9281896298773,9.844958188794369
4290,7.998570544763591,3.9951233481740083,2.5684024443515563,7.64842336126916,2.7779468958503566,4.925400637374419,9.83571795987189
4291,7.998570544763591,4.008383405974165,2.5684024443515563,7.685403197503923,2.794490612781671,4.929455419465348,9.870310754328306
4292,7.997643032437634,4.013957903534126,2.583463550066563,7.736475996504134,2.806229885613525,4.923106879425944,9.936746118899578
4293,7.9953236384004045,4.044202684591751,2.6015031106793933,7.787024648195416,2.7968436032983233,4.909492136635134,9.93218294232355
4294,8.024484231480482,4.060234329962576,2.6175319245370128,7.767232903506469,2.8179665822343583,4.919751957709467,9.851880953886763
4295,8.025869390138142,4.055684709949021,2.6167623831676954,7.754283477834819,2.8086041365748105,4.930864760511722,9.824730480442478
4296,8.013391731185992,4.058352534331379,2.6263605550710594,7.762876020340937,2.782645378041484,4.928045553368382,9.803287750136233
4297,8.002742617619546,4.067124547932435,2.636484980976696,7.803107456893686,2.7850182987890424,4.922753870014483,9.859373472598932
4298,7.993931581189494,4.0912766627544315,2.6616711874869865,7.805720713537151,2.786203772164822,4.916570859557731,10.02293324456599
4299,8.009226883163349,4.087238311595658,2.662611991013731,7.765537770486694,2.8074309700478253,4.913033158739501,10.103703060290096
4300,7.992539208144951,4.092206548864558,2.6614829747960207,7.799027388928086,2.8027319049940855,4.908429181061672,9.989027704954657
4301,7.9920750135772325,4.0754071069044775,2.6607299505994497,7.795348345562403,2.8027319049940855,4.909492136635134,9.932182942323548
4302,7.99857054476359,4.088170455197893,2.670497706783326,7.848120886301312,2.8027319049940855,4.9066569218178735,9.927617033273872
4303,8.011078274930727,4.0915859489078406,2.6597882797981978,7.86371705922131,2.8027319049940855,4.910731872707999,9.893285158181122
4304,8.018016035623402,4.050666375086794,2.6326704005028554,7.896349512417294,2.8167984927213867,4.921694643884022,9.817203499556674
4305,8.02633104049757,4.047835303012611,2.629613544478283,7.971528381348343,2.7992008601842135,4.931569234309983,9.759050512721538
4306,8.03186814926013,4.096082524257239,2.6556397593097367,7.951708568239146,2.764763796478741,4.929631615798752,9.800965955923647
4307,8.035095834413106,4.091275602944561,2.647885817519946,7.965912305024172,2.771934462339403,4.934209844351707,9.842649190842554
4308,8.036478611175566,4.0850622322630405,2.6391509156146213,8.008678039214356,2.7755107507320296,4.933153821271047,9.928758766953417
4309,8.06406933288747,4.036643059785406,2.6038284809180055,8.065055834034194,2.7587696831310553,4.945806723144906,9.865707508090527
4310,8.06223377671289,4.012386120429118,2.5931482126286687,8.07951011397272,2.7297587326019404,4.951591901763861,9.747365639265581
4311,8.06177480260525,4.030636204035567,2.61387397403814,8.016220133658061,2.7236640448469327,4.949489219527215,9.70749990026893
4312,8.059020242883832,4.0641571783906505,2.6326704005028554,8.032978468554678,2.7212211891710294,4.9449294117250675,9.782365750566802
4313,8.077360871667,4.065096221735235,2.6347693099806713,8.008192066998646,2.7370490412129924,4.952292537436157,9.826466409617531
4314,8.060856752264275,4.086927535518536,2.6480752900209423,7.945532693980449,2.743105033177958,4.953518339271093,9.979960873681627
4315,8.035095834413106,4.086305890999118,2.658469210646177,7.982934421890289,2.7611693625280984,4.939309810950161,9.975423431833114
4316,8.035095834413106,4.109688106726363,2.658469210646177,7.921864007323482,2.7611693625280984,4.943349740042612,10.066227668582522
4317,8.053967029012178,4.094532707604566,2.6512936246598366,7.974717636111467,2.770741029745836,4.947385373074855,9.962931583074118
4318,8.031406913443318,4.130293720235767,2.6729323849871784,7.911435240005715,2.770741029745836,4.936321007791129,9.95554043653958
4319,8.019402649701378,4.1290672923273295,2.673680935834167,7.878976473723608,2.7909391091775873,4.9262824815693955,9.994689034965674
4320,8.030484338284932,4.104129287366634,2.6616711874869865,7.928631245779064,2.7933028578081727,4.926635161679088,9.971450963715368
4321,8.033712747611478,4.129527258392937,2.667684865049069,7.94494712674361,2.7909391091775873,4.927164120189849,10.06790955832728
4322,8.046149383542959,4.113080346985976,2.6607299505994493,7.930812858310149,2.8015555341561917,4.935441499312012,9.989027704954657
4323,8.027254237469768,4.126459556282953,2.639341205313729,8.007550849144321,2.80037851954491,4.922400827626038,10.102028929035633
4324,8.025869390138142,4.106909922131159,2.658846174529127,7.960741663502512,2.7933028578081727,4.924518587472208,10.105934673385033
4325,8.014316870132873,4.096237463915242,2.6370565482401913,8.008237875073874,2.795664003808902,4.917454766820848,10.112625664418097
4326,7.999497917012326,4.068224327459029,2.6250195622660053,8.047217886298743,2.8050827192417267,4.916570859557732,10.17922092722691
4327,8.02448423148048,4.065096221735235,2.6082778956936723,8.089669099039734,2.789756256391553,4.931040891251849,10.148213974969151
4328,8.034173811006026,4.016680627657984,2.5684621189585974,8.138317691508284,2.7707410297458366,4.933329845566094,9.977692488733307
4329,8.018478275020527,4.0550651490452365,2.5904204347026916,8.147556973038792,2.7467302840786885,4.922400827626038,10.075193521821415
4330,8.04476877168178,3.9903422815302494,2.5605603320510046,8.232313227844092,2.76236818413686,4.939309810950161,9.977692488733307
4331,8.041085630345973,3.973462932766971,2.5593723220753617,8.337865463416875,2.7406847279966136,4.938430995779362,10.011648014932975
4332,8.030945643120631,3.9829589872842,2.572794635952168,8.307652370926077,2.7406847279966136,4.930864760511723,9.971450963715368
4333,8.021250982811315,3.9980276636781125,2.5658975145959113,8.3450288220787,2.7406847279966136,4.926458825735194,10.007129280448025
4334,8.029100216628223,4.013500085973409,2.5933429109154646,8.381959112519525,2.7248844031221,4.922047752252052,10.011648014932975
4335,8.039243235351902,4.01985789221425,2.591979622815012,8.289147053021749,2.7334070528555907,4.917101228752075,9.97315370242992
4336,8.042467065824761,4.066347840167268,2.614451988417834,8.376579930119231,2.7370490412129924,4.92592976856777,10.04995049236261
4337,8.043387851123292,4.056477721384468,2.609630104549586,8.305601293626136,2.745522559891983,4.930512474444035,10.08694545569437
4338,8.043387851123292,4.072754523593199,2.609630104549586,8.301535481529516,2.745522559891983,4.933329845566094,10.090299877024737
4339,8.053967029012176,4.073847036247691,2.5978157273461324,8.337655988285968,2.7358357467612264,4.927164120189848,10.063423705288676
4340,8.054886102325023,4.0803941134015265,2.606537998539876,8.347157202814694,2.7321916511526902,4.926635161679088,10.056690037851737
4341,8.07690301696008,4.115083140774851,2.635722640125712,8.182711255603934,2.7358357467612264,4.9379036088818165,10.240868530530559
4342,8.078276479677651,4.114929124791967,2.6343878520881967,8.174232064190825,2.7285412134872566,4.942647452636059,10.26932696285159
4343,8.069114308324211,4.112155552035668,2.633815530309518,8.201625838928255,2.7199986894611667,4.942647452636059,10.321597440083243
4344,8.075529249950039,4.088791730492743,2.6057642251113093,8.209584594456977,2.7065036711137043,4.9456312770781885,10.249635934823099
4345,8.07323896155409,4.076030917403729,2.604215779702571,8.266716461447663,2.6978700988224715,4.950014999161937,10.302036489416238
4346,8.074155178460872,4.109379540359422,2.623485905585085,8.246697913459302,2.6978700988224715,4.9456312770781885,10.262221990782528
4347,8.088339259479564,4.107218730195098,2.618108887225001,8.208404866241633,2.68671662970703,4.949313943480689,10.229895507172166
4348,8.0988420317038,4.113080346985976,2.6186856843401025,8.172908577254773,2.694158957687454,4.947911443930751,10.277517059234487
4349,8.0988420317038,4.057889653279207,2.6186856843401025,8.187023271039333,2.68671662970703,4.965231081145783,10.196884079926859
4350,8.117520490626923,4.063061270494297,2.5831932338212518,8.26933687032752,2.64529468116609,4.966627213650944,10.216707607859584
4351,8.119817639155475,4.065878542068287,2.5925640034869883,8.302216400381338,2.680494113685255,4.966278228453105,10.288968931896676
4352,8.108323417121492,4.110150899700584,2.61387397403814,8.279612130970891,2.7065036711137047,4.966627213650944,10.397212875825854
4353,8.094963473199272,4.108762317066896,2.6265520526756765,8.326799356154133,2.71632688892465,4.964183646097591,10.508250912588277
4354,8.08388520842973,4.10845366012496,2.611367318866346,8.320192604060493,2.755165057593196,4.961389077570125,10.460927331269625
4355,8.057958711149501,4.1076818855920925,2.641243120275107,8.24842832832621,2.7599698625473277,4.951767072788053,10.497640600760704
4356,8.06862022670892,4.112309703340267,2.640482568421751,8.247751247693923,2.779081046730085,4.959481058650466,10.523081946744648
4357,8.08527107293022,4.076342776024088,2.628274713379856,8.31324952953682,2.7755107507320296,4.966305413080917,10.529429776550424
4358,8.081574746288807,4.0591441668444235,2.6288486068916392,8.244291040106205,2.7599698625473277,4.968228023821045,10.630324901551665
4359,8.067230634984826,4.085373193180342,2.6263605550710594,8.257483808135639,2.740665315503348,4.960181555360453,10.621964617028235
4360,8.052388879975613,4.101964873660794,2.635570581049032,8.184779092937905,2.7731403689815166,4.9568530474120855,10.775266078964437
4361,8.049137492978593,4.114929124791966,2.6508281402311935,8.084744108968325,2.7743336515548065,4.959305914334494,10.734114298179696
4362,8.03704590697211,4.116622887817758,2.6494976706399482,8.253204400107474,2.7719464171951937,4.950362847316245,10.678231242936969
4363,8.039838375615835,4.144058479282484,2.657278084948875,8.288857655905899,2.783855944376879,4.957554027845949,10.769106366544499
4364,8.064450515776112,4.124617508221791,2.64911737659041,8.260248817362287,2.780290062433293,4.967529004789506,10.64180632780579
4365,8.049602081573928,4.128448649141108,2.6559518228211627,8.250729896715479,2.780290062433293,4.96770377155905,10.69690118930274
4366,8.021197988284625,4.153770832854629,2.6672919328614064,8.308579522580255,2.783855944376879,4.959305914334494,10.744421494482982
4367,8.009519035652183,4.163480079683903,2.6811921537977357,8.238224261735114,2.8051274493317866,4.948431189684302,10.7031150806125
4368,8.006712784412318,4.164691663015944,2.694999133950331,8.256613301824654,2.8051274493317866,4.937172918637996,10.72379419370322
4369,8.006712784412318,4.164691663015944,2.694999133950331,8.302144927018198,2.823860608546386,4.937172918637996,10.72379419370322
4370,7.987502345057349,4.176028001804742,2.6992717686718257,8.228111003427436,2.8354870908163945,4.937172918637996,10.72379419370322
4371,7.991724424172561,4.179797885592264,2.69685788466429,8.228033932966998,2.8401203377020083,4.931707653118214,10.74854076871172
4372,7.99828633370321,4.164237373075473,2.697415184576358,8.19071903173522,2.8250260624465544,4.928530649614495,10.701044305732584
4373,7.988440836062504,4.1868733023461875,2.709638044102159,8.285374250685157,2.8389629493018624,4.92888378173536,10.748025971892126
4374,8.008583760888923,4.183111723469665,2.706866432812298,8.363735728514659,2.8435888222590315,4.933118799303623,10.824379568297424
4375,8.001564660313313,4.18250946186246,2.7064966052660204,8.312255600268909,2.845898087075197,4.929236880903494,10.980026814415787
4376,7.997349347414425,4.1819070872702,2.7131434592528256,8.288766203239252,2.843588822259031,4.932060488970512,10.836612668041582
4377,8.003437204529149,4.184315907963406,2.7206877451523157,8.218121799559508,2.8574079793565033,4.931884075154421,10.78552208593454
4378,8.003437204529149,4.187925755891004,2.7148018617501966,8.164224740294472,2.8574079793565033,4.936996742745504,10.87726035174864
4379,8.02493057833986,4.153314986304383,2.7066815272668374,8.21123208080368,2.866572596191645,4.9445649249433306,10.78552208593454
4380,8.014193277112543,4.170591568336457,2.7164589456796073,8.257817515189858,2.847051804699723,4.944389092060498,10.814171544895439
4381,8.02493057833986,4.173008899943348,2.7250912964416063,8.280608985617338,2.867715491931056,4.945971294895982,10.887391403296995
4382,8.04076891779395,4.137777252077177,2.7087145841125766,8.335136781577479,2.875699205489374,4.953346206685761,10.825909690547062
4383,8.04076891779395,4.148600750626462,2.7087145841125766,8.368177144049781,2.861995066103569,4.954924685095008,10.824379568297422
4384,8.034252173933016,4.1696845983060395,2.726557088768749,8.462311230209766,2.852811280525273,4.951240549027772,10.811106689262719
4385,8.04495462279658,4.134874561016207,2.7105610943235257,8.47006723641469,2.8458980870751964,4.960706843340033,10.758829968421844
4386,8.05656672357084,4.090856579274497,2.6871740806317237,8.367238094947444,2.8608491925096575,4.964556743430058,10.692755981547549
4387,8.059814207497322,4.060174021784141,2.670681743531626,8.329540755398693,2.8308439612353236,4.963857050877419,10.684459280357185
4388,8.053781808179297,4.062990040713018,2.66992893671095,8.259516939422895,2.823860608546385,4.962982254485015,10.70104430573258
4389,8.056566723570839,4.07609797950753,2.6595496733020894,8.278002328699339,2.802774327195058,4.963332197142671,10.657436863341564
4390,8.051924500821208,4.06142589974344,2.6719984907732135,8.297558637107674,2.7933359980770467,4.965081428559953,10.569517474494688
4391,8.053317533647407,4.0462128271791595,2.650067978434469,8.31748466421407,2.8109990347064238,4.96682985760658,10.416541407139357
4392,8.06630406726096,4.04794176596566,2.6382489540841805,8.291607870517257,2.7802900624332922,4.968577485300357,10.351929962340092
4393,8.057958711149501,4.064709690346475,2.651967850816863,8.296849550505547,2.7862298974435378,4.9682280238210454,10.375681688759343
4394,8.062596409191947,4.088685986230164,2.6621966695774715,8.283033397009802,2.8063030467526318,4.966305413080917,10.442240339138499
4395,8.049602081573928,4.0795219497946515,2.662007712105241,8.279987869575711,2.81217143607872,4.962107257193919,10.364894238255454
4396,8.070009506770997,4.026497794667067,2.621354178789041,8.321048800007336,2.8027743271950576,4.975385595437523,10.2802452028928
4397,8.08758015973814,3.9841201773157526,2.61961829775694,8.161239890143621,2.76955650182174,4.983226058999229,10.14155355513616
4398,8.076488698540066,4.003150828709806,2.6144016425221412,8.117802665594983,2.755160237684658,4.976431920365026,10.210105335366588
4399,8.069083354682506,4.03834185726266,2.6250139079038566,8.145995597141717,2.753956121429586,4.968053281073792,10.306387546981536
4400,8.059350385576971,4.030134794634117,2.625591152569443,8.047176431176258,2.759969862547327,4.96665505077958,10.25620508277831
4401,8.055174422645868,4.034872292119271,2.647214838723537,7.98023120947307,2.759969862547327,4.960356659404602,10.308562178765246
4402,8.063987041188604,4.016354856036307,2.661629744737595,7.88708806607906,2.774333651554806,4.9682280238210454,10.28787899269133
4403,8.063987041188604,4.025390031901611,2.661629744737595,7.87492717454625,2.763569929050559,4.967878530320136,10.306387546981536
4404,8.07139847536447,4.047784629460521,2.6750050292762424,7.883840548754963,2.7647685945906324,4.968577485300358,10.466258491623
4405,8.052388879975613,4.06736546822212,2.6868007183509337,7.811001066575767,2.7980603464515212,4.9689269147661905,10.440101908074217
4406,8.037976870263513,4.076720798194739,2.692766426480014,7.787304481881443,2.8004186288420865,4.960181555360454,10.424045454858804
4407,8.038442299244416,4.085427279450853,2.6963004346998245,7.822082501688231,2.777909494354596,4.952644450367172,10.482230789521742
4408,8.038442299244416,4.078121687272168,2.6994573356099556,7.771070414875012,2.8063030467526313,4.957378794841631,10.51461040680437
4409,8.063987041188604,4.051553714959966,2.6886668544884142,7.77466908744275,2.8039512098031336,4.972768528319348,10.44918630378888
4410,8.063987041188604,4.059860973723878,2.692394074067093,7.860389783555224,2.785043250389744,4.979046479785412,10.478506756358659
4411,8.078338653057354,4.04023271182079,2.6949991339503314,7.87110718904144,2.7743336515548056,4.98322605899923,10.360575160733687
4412,8.089092658862867,4.050454870257938,2.693510930171318,7.866611429454231,2.77552626595219,4.984792224509681,10.461460606557988
4413,8.086289061951874,4.084650897691842,2.7157226265336463,7.890496450148287,2.7826679783911628,4.984618237772544,10.487016301335403
4414,8.08582167268847,4.1041574397737355,2.7291197583756546,7.90298799476148,2.789785894950035,4.982355689934777,10.535772625419916
4415,8.086756416028335,4.113865574090886,2.732775286812227,7.905560940552137,2.790969916254431,4.979917602281647,10.640763228544909
4416,8.089559801971493,4.1100167144207385,2.7360598251128567,7.910037883436247,2.780290062433292,4.983574151185888,10.638676630343012
4417,8.075530191726392,4.136097070146448,2.759089594389066,7.763323368207318,2.8063030467526313,4.979344589357054,10.677712026213836
4418,8.070846593552028,4.138845996215151,2.7626935640627592,7.846700718085733,2.829681627818473,4.976875182338847,10.671998470305335
4419,8.075998356962419,4.142050073812637,2.7675492306879454,7.8759553436811816,2.828518672155131,4.981988613608068,10.728955862259669
4420,8.070378038990336,4.147687511624643,2.777406229713826,7.865885207401671,2.8308439612353227,4.979873540499945,10.682383793403874
4421,8.067097164387482,4.1502743423593245,2.7802753784532444,7.922637030069823,2.843673457842974,4.975463375759537,10.684459280357183
4422,8.068503466292443,4.1568081460611195,2.7808129146187075,7.901587260091557,2.8494801955241806,4.977933695021601,10.734114298179694
4423,8.069909448990952,4.149970118342554,2.7763293030167553,7.921688844780636,2.8494801955241806,4.9796972315841845,10.669400081792807
4424,8.084886788571476,4.163328599473498,2.78600213540497,7.8218713497765915,2.850639694709847,4.983398012792631,10.729987807875261
4425,8.084886788571476,4.179948588832714,2.791713599731711,7.84049043477287,2.8610476644169838,4.987799042375902,10.797812550303588
4426,8.076466486849597,4.179948588832714,2.7886812815298567,7.824347085522034,2.851798579886599,4.986391263391497,10.769619851198996
4427,8.073188835054644,4.1677338536831225,2.7739940931901663,7.8742476316394034,2.858739046957219,4.989382175333246,10.732051311369473
4428,8.082081290970557,4.171206972491913,2.791535346830721,7.887480828545971,2.858739046957219,4.996059312565393,10.723794193703219
4429,8.083016597771277,4.179948588832714,2.804686240927917,7.900201657498389,2.855271560343278,4.997989999924614,10.721728619885678
4430,8.04643460131272,4.181302913549185,2.7938514792279183,7.902501956943228,2.858739046957219,4.992195019450377,10.66368072366169
4431,8.030420611772971,4.207076569069487,2.786359548777429,7.954450760942989,2.8622010637144037,4.9796972315841845,10.655354517375901
4432,8.04267034000996,4.207524285988702,2.786538233071145,8.01708983615416,2.880573748925725,4.98216481690843,10.653271641192168
4433,8.04267034000996,4.2183996633570855,2.7913570791020876,8.055912378107255,2.888563990858582,4.984630811298029,10.781421208110661
4434,8.041728916037458,4.217358402128051,2.7954534914983387,8.078959155905718,2.899928929510998,4.990437233894413,10.814171544895437
4435,8.051606718270392,4.221075656121623,2.7877886054556167,7.992034179374695,2.898795046592049,4.992722197932424,10.869146652050835
4436,8.045023272176945,4.237529012221422,2.7952755491915773,8.094450722720012,2.9134907331809123,4.993951999169297,10.917711132102788
4437,8.045023272176945,4.237529012221422,2.7952755491915773,8.014922974730013,2.922486443277125,4.993951999169297,10.917711132102788
4438,8.01389205554464,4.237529012221422,2.817405066195422,7.950898685869845,2.9280904940551875,4.993951999169297,10.917711132102788
4439,8.020508802469557,4.247714969658931,2.8249654908483057,7.996497265688394,2.92024089922263,4.983574151185888,10.951941436864582
4440,8.044552757457767,4.2410755685494195,2.8218038726134056,7.9980494948783765,2.92024089922263,4.989733893808393,10.921745481723914
4441,8.038432801044662,4.2324980955502935,2.821452296795305,7.9697246907972925,2.906720133980597,4.992019277174325,10.938869853119396
4442,8.041258150212567,4.2426997831593125,2.8293489961982097,7.9840862871248754,2.9112361455824103,4.983926403647197,11.025965002992406
4443,8.051606718270392,4.248746550993045,2.830749850970834,7.872818060869374,2.9168683596817337,4.980578694868534,11.045860567997753
4444,8.061468760686811,4.245945784898087,2.834947007163514,7.85015406888109,2.9055897021732213,4.985335089308165,11.083534090726468
4445,8.053016544735442,4.254782129909515,2.86168835357136,7.844919512099743,2.9123637235690114,4.988150906261397,11.13678496309223
4446,8.056304890184366,4.26227427216274,2.866515549457025,7.87896615532332,2.917993103699147,4.989909740936392,11.17112300854063
4447,8.076466486849595,4.229683305122801,2.8500942905920055,7.883070898973944,2.8987950465920487,4.996937018186099,11.095396395006754
4448,8.068034734468071,4.217655939505397,2.8471427256240185,7.951403606219137,2.877140506631239,4.997463545180388,10.947921576289533
4449,8.067565967168898,4.249188557421182,2.8618609360803284,7.961303058427953,2.877140506631239,4.994303298502582,11.012509017318166
4450,8.079742406911814,4.247125348067094,2.8666877535210245,7.878030664978414,2.8987950465920487,4.999218113509478,10.923761928788439
4451,8.068972162649423,4.2361980563309265,2.8768240446325604,7.918917533471027,2.881716979262692,5.002724845891203,10.836612668041578
4452,8.058183160011328,4.250072390653024,2.8945790059051544,7.85674024051739,2.881716979262692,5.002724845891203,10.883340456774608
4453,8.060999495958779,4.270334855082601,2.889812798231447,7.811952643603069,2.9055897021732213,5.004477011968135,10.838649769748933
4454,8.09422930180081,4.220778432720379,2.863068634252724,7.784555094130082,2.9112361455824103,5.025092523967713,10.525198444118985
4455,8.07412548385124,4.19855812676942,2.8677206950648104,7.78025927612751,2.880573748925724,5.014798567083705,10.588437433866147
4456,8.086756416028335,4.219589266387435,2.8908349902301915,7.74208225303773,2.880573748925724,5.010603309842031,10.621964617028231
4457,8.100760712661424,4.205733045786957,2.855985506767613,7.785973610896288,2.8919795819237795,5.018291125794179,10.727923787338675
4458,8.089092658862867,4.229831512820032,2.8788799768765747,7.778477575207035,2.8919795819237795,5.018291125794179,10.727923787338675
4459,8.107751049399871,4.178593692289936,2.8443611365761177,7.671503961484278,2.8919795819237795,5.0306642156490025,10.53365889523318
4460,8.124031381294154,4.16410570569318,2.8249654908483053,7.676960111561095,2.8919795819237795,5.044038266057271,10.450788364813814
4461,8.161084890857788,4.142097488141183,2.770396454352407,7.638237030770312,2.8506396947098462,5.055810825840203,10.40366091719051
4462,8.154616353519323,4.090968954091964,2.7402980562708485,7.583439192663671,2.8214656362735644,5.054773506905451,10.343275349222482
4463,8.131923658356463,4.161836020627872,2.806280201856483,7.562345484334579,2.8343504182560055,5.029620135822406,10.493392562360153
4464,8.134706786972922,4.195863410654054,2.811938091134582,7.560371682799594,2.819114701987719,5.032229806361774,10.407419871845805
4465,8.128210889041588,4.230276095331032,2.8504412718326217,7.608746046899882,2.8144051561936987,5.032751528964274,10.450788364813814
4466,8.129603436367262,4.2481571158998,2.8438391940353656,7.641295405001809,2.8459980048905287,5.034142444934189,10.5463330007771
4467,8.156003031248911,4.195863410654055,2.818637633412497,7.666420273973202,2.8261598659795344,5.050275250491164,10.407956721017488
4468,8.151379577079027,4.188366233820344,2.8177572999222416,7.60610336320613,2.7990277572400615,5.050275250491164,10.165947317269328
4469,8.16985295275564,4.2124450821733435,2.7958093318566544,7.561869178955256,2.800214541129603,5.0622015093523975,10.295505411238187
4470,8.170314090216706,4.1822054793418735,2.777765084430795,7.587272331697455,2.787123681954974,5.062719212411427,10.179220927226906
4471,8.191949430827068,4.125911840947438,2.718269117440741,7.538735624328928,2.7763531013343083,5.080967315501786,10.173139989651997
4472,8.202509863609604,4.118401770989349,2.7348124817156236,7.585523978400621,2.7376092717156686,5.082512753786807,10.299860062723836
4473,8.197461432779182,4.111796574367701,2.718084565075391,7.537045131411302,2.741271841278227,5.083371066180722,10.354092143461367
4474,8.21259460185857,4.0701581146791215,2.714574964051113,7.5247945401696725,2.7031127496199834,5.0946831452917944,10.207903341662165
4475,8.197461432779182,4.101785656553917,2.714944674059569,7.531906812386832,2.7068362243945834,5.085087124882118,10.205700729053037
4476,8.172619269163956,4.1510708978594835,2.770396454352407,7.586288939596906,2.726583075552872,5.077358909570475,10.323767899629583
4477,8.182357499577272,4.144685642450822,2.7555820918653677,7.483457001994206,2.746145374432025,5.086802429566505,10.278062763427814
4478,8.182357499577272,4.160927695007763,2.7555820918653677,7.442737096555143,2.741271841278227,5.086802429566505,10.278062763427814
4479,8.18421068961323,4.158807263481982,2.7182691174407414,7.4601036646046435,2.738830837144245,5.082856101399771,10.168161153131269
4480,8.173083337180753,4.1656179342625155,2.752497813796666,7.476302447494126,2.7216638523867696,5.085773337186566,10.148213974969147
4481,8.167047773417423,4.183709192091729,2.7705764808335713,7.496124765836544,2.7643215977427973,5.084743973492555,10.073513216072001
4482,8.2100981760825,4.144989992809443,2.7106890421916097,7.59296311029716,2.7619070994672357,5.098275589429298,9.920763036391088
4483,8.21240439170881,4.143011194856702,2.675949142879703,7.657825905299915,2.71179050335943,5.09930409677977,9.884103743407353
4484,8.217475098907771,4.123155110143491,2.6725559521138704,7.633615841931533,2.7130272322746563,5.1068382422472345,9.993557103156997
4485,8.212404391708812,4.158958769579857,2.67783182947559,7.534023160301761,2.705595807749581,5.098961291022016,10.015035323158891
4486,8.183284162927919,4.185212201168182,2.711244618103219,7.6014370242713305,2.711797041912973,5.089694162845358,10.052197661519397
4487,8.207329602985586,4.1841601686589005,2.7319587673714163,7.618114348716453,2.735195044398818,5.100160979869874,10.056690037851732
4488,8.193930982646352,4.197211050408177,2.7424226580164066,7.611103773775655,2.7571235875929876,5.090381370532994,10.162071592696991
4489,8.184673901723809,4.228942165146473,2.7664573212837293,7.637492024412234,2.7534846191703237,5.082299033553371,10.204048363150271
4490,8.189304145979795,4.233386470310951,2.767362385475444,7.484319364248633,2.781225187090514,5.082815427650316,10.18584928517872
4491,8.209175453519546,4.239154996968538,2.768447953814908,7.43039661323784,2.7716173018126673,5.085052346142064,10.1081656447645
4492,8.20040284242306,4.233391563747833,2.764827233073622,7.425338095667495,2.7704132630654064,5.07419991931259,10.058935246080164
4493,8.196705451887956,4.253004571032509,2.756476047954183,7.39489356543723,2.800312365111681,5.070057699307781,10.101470804968487
4494,8.214709764045432,4.247854687115727,2.72716838372172,7.433677644527141,2.784817018977007,5.079716037252807,10.079112816360368
4495,8.227604304990157,4.238268979357913,2.7243997080972404,7.455857802099791,2.7607563106061375,5.088319384760881,10.052197661519397
4496,8.226224006185088,4.219606579141419,2.708640827040845,7.491734686277241,2.7607563106061375,5.094502081397314,10.090299877024732
4497,8.231283627970344,4.199790026069368,2.7288278331249747,7.428597074271314,2.7388656917032037,5.095531580960295,10.16705431368984
4498,8.250106628383183,4.212170990782962,2.724030274359219,7.384699814405591,2.732744377110726,5.09930409677977,10.245253454295025
4499,8.262014237045001,4.159030407140079,2.6724079917405277,7.394829921166134,2.715508932648948,5.103586638498212,10.069591082167864
4500,8.2624717756551,4.159333123696706,2.659869631677392,7.3306933820788025,2.694386687297449,5.1017028970419895,10.123764519181934
4501,8.263844193508877,4.140510133035226,2.651659107084685,7.270778905519252,2.670521293827029,5.104613752212984,10.01164801493297
4502,8.255605227759121,4.11805037845627,2.638029240989013,7.308307488522201,2.675568642363335,5.104271410888004,10.045454189430385
4503,8.255605227759121,4.114521808744341,2.638029240989013,7.2911562903207345,2.681860439250869,5.108377534736947,10.03363890348322
4504,8.267959666821033,4.141271281723663,2.6274075037474773,7.296300894968198,2.6931374763013176,5.102387998749876,10.157085687253497
4505,8.259726048756548,4.170362700274635,2.672218588081972,7.323880094431906,2.6831164931918012,5.098961291022017,10.148213974969146
4506,8.251023393094101,4.181955608361818,2.684493653064812,7.309176935713599,2.7155089326489477,5.094158854649734,10.15043284998986
4507,8.24460325120664,4.193207298760085,2.696321651696912,7.31801047446848,2.7192142259796976,5.092098861272924,10.190265070918961
4508,8.249648196262335,4.198444652733712,2.6893832617990276,7.324011736330206,2.716744761867864,5.101531602889029,10.117640125840346
4509,8.236339201879995,4.2233179809832135,2.7207024295243647,7.289635336952562,2.714272370387159,5.091755423493181,10.16705431368984
4510,8.253314724585083,4.228654947982675,2.7207024295243647,7.3235034968507025,2.747405712045856,5.090037781795936,10.196884079926853
4511,8.26887385414,4.220943173510931,2.704542555463471,7.291644106345982,2.731517969278103,5.091755423493181,10.210105335366585
4512,8.281658678867247,4.17759436701177,2.663487041973783,7.232142241007665,2.698129801478675,5.100332333985861,10.135443161000591
4513,8.277095622773665,4.176992350927946,2.6667182563149785,7.16646891448193,2.698129801478675,5.091240210239803,10.121538025555179
4514,8.282114804378061,4.172172147799535,2.6908854291180964,7.124602389672125,2.6843717816798396,5.0936439580408175,10.12599037515838
4515,8.290319474878308,4.172925782655948,2.6693754320847893,7.155410493020488,2.681860439250869,5.094673683476328,10.201293645193424
4516,8.281202520630748,4.209340979842737,2.7116163224274743,7.158190559569614,2.6730465198970537,5.090553153573757,10.299860062723834
4517,8.26658813891431,4.224208085475284,2.7416900465286558,7.118650156188499,2.7031101232506565,5.08229903355337,10.249635934823093
4518,8.267959666821035,4.228210535846785,2.765551871235328,7.08267398413756,2.7093187667687326,5.074199919312588,10.299860062723834
4519,8.255605227759123,4.234278910957597,2.7622890491164367,7.10672461890166,2.7093187667687326,5.071438928987447,10.299860062723834
4520,8.270701833928827,4.225394511561898,2.7415068538091556,7.116569947453888,2.7400878177666512,5.075234786322948,10.331359831456584
4521,8.278464883608414,4.209638992439673,2.7369218431286906,7.139564348674019,2.7339700684318338,5.082471172512702,10.382685704565919
4522,8.298968501330865,4.210085959815384,2.7411404205261873,7.15183319002936,2.7155089326489477,5.08831938476088,10.53154461241006
4523,8.288497128967837,4.255649922596678,2.7584760670048967,7.157169221351989,2.717979859245373,5.083675932648065,10.640763228544905
4524,8.303970470359673,4.258733461441732,2.753017010296954,7.200498741675516,2.7327443771107256,5.099132697653347,10.615688774321445
4525,8.293962602187767,4.26899098279637,2.764102347438355,7.275667122577196,2.7093187667687326,5.099132697653347,10.674076587932353
4526,8.301697334732795,4.27396164263983,2.749917276078766,7.3457536688709375,2.7266051495767014,5.107009304590773,10.624055491586043
4527,8.321673182648658,4.253592612137444,2.74223952904533,7.335450364145203,2.730290843773488,5.1146993992125624,10.589487251907624
4528,8.319859777540621,4.2736694593240365,2.757385381775975,7.33959293936093,2.717979859245373,5.11333337220958,10.575303251425101
4529,8.333900227587195,4.253298604822466,2.7330626877436583,7.3715096423613184,2.7155089326489477,5.112991791176215,10.542110504155318
4530,8.3510691790501,4.217823594987317,2.680724506688251,7.350488802681957,2.683116493191801,5.131564810804201,10.490205062898577
4531,8.344297458128874,4.205165914326962,2.675436075490533,7.280601777957685,2.6730465198970537,5.131734800293119,10.532073234947367
4532,8.350166696206761,4.205464312358436,2.66405762724875,7.338118730225904,2.6806036185637874,5.137340344036233,10.422973878874052
4533,8.369092226788498,4.2039720462918435,2.675814272156753,7.343717252078538,2.669257513632512,5.149373824427954,10.434218278707469
4534,8.352873763718632,4.2314681465245245,2.693886491386938,7.381259879160356,2.6679929535599425,5.142598910075762,10.489142282679317
4535,8.35152037283523,4.23324364899041,2.68900754916157,7.391241201851449,2.6768285430393624,5.149373824427955,10.407956721017486
4536,8.360988117706638,4.187961410028629,2.666148412649357,7.427200476433121,2.6931374763013176,5.15664393144005,10.32159744008324
4537,8.349264086291369,4.17096596306188,2.6676676434413764,7.356319686440813,2.6679929535599425,5.162382950133633,10.29114835923641
4538,8.352873763718632,4.175938550738385,2.6512764158828372,7.332771790165848,2.6603891407496443,5.159683271216746,10.26276875458248
4539,8.374938843178397,4.146898127762318,2.6376439718142803,7.209543510088173,2.6438163391799527,5.1761900351064885,10.238675151255768
4540,8.360988117706638,4.1399010828316785,2.6562458017237285,7.256838502468555,2.625816031469775,5.183075621175897,10.179220927226904
4541,8.369092226788498,4.139748802043178,2.6462948676464326,7.277945419140132,2.6335500746784932,5.1820687187634595,10.232091338188354
4542,8.339326976278278,4.157516393660989,2.6807245066882515,7.318314698699125,2.645095974626175,5.172490406880747,10.308562178765243
4543,8.365491663041778,4.141727883481226,2.649170326868062,7.311663905276201,2.6641945807206917,5.172490406880747,10.308562178765243
4544,8.375906193595004,4.143401529223535,2.6551000955803916,7.296727028351031,2.621937859588665,5.188944147350574,10.299860062723836
4545,8.351427907991713,4.19110996959393,2.694261318053215,7.2949940243753835,2.6386897105174483,5.169797601695492,10.397212875825849
4546,8.344157110881913,4.196051490329067,2.7082685906666337,7.322535815032832,2.6527569130526003,5.1583327415215745,10.493392562360151
4547,8.329134969889719,4.212319870127637,2.728459180200482,7.376870022553249,2.6616584082243606,5.14514086475428,10.499763780502455
4548,8.329134969889719,4.215890920255308,2.728459180200482,7.356063825910495,2.6843717816798396,5.149881475064636,10.582135676327628
4549,8.352790264770334,4.205165914326962,2.7043560781407914,7.385742027363269,2.6743079684208846,5.165254917357723,10.533658895233177
4550,8.341883293666516,4.213064164060944,2.7132881711750567,7.380503485555935,2.648930051367803,5.159112700698359,10.525198444118983
4551,8.317731021838737,4.220794690250894,2.7118021497031695,7.315783786000202,2.660465744611684,5.1529609438765345,10.416005134244099
4552,8.31087886616049,4.231764130989305,2.7159023180009125,7.346459435996797,2.6770142954390765,5.14114326024017,10.395062370814115
4553,8.325487920190133,4.243728916930072,2.7429106727463495,7.328283965724028,2.6883933718089845,5.139256009354673,10.460927331269621
4554,8.341428433334384,4.250209928325589,2.741439730419587,7.322660662809684,2.6871321285640204,5.147998396067679,10.529958537384417
4555,8.33414626937621,4.249326912137322,2.7480508978887603,7.30648288468984,2.7134581875425696,5.1397708036626,10.51249113219265
4556,8.32594391520682,4.24417121363895,2.741623654431005,7.360491349557674,2.7109652797194808,5.128945983357383,10.541582537162641
4557,8.332779940649145,4.231339682009196,2.741807562371635,7.393201897966649,2.7271161804852135,5.1366810296526335,10.553189864911564
4558,8.340063658445542,4.255045754024066,2.773747432836519,7.411927335604196,2.7271161804852135,5.129634158330564,10.602074509247817
4559,8.368663090016419,4.2529911860180984,2.769576983588439,7.5357049796851365,2.7221599640094105,5.132385656424825,10.562147786469211
4560,8.374096182715254,4.23532730115422,2.7562858349933435,7.491441553903961,2.7221599640094105,5.152276824658274,10.678231242936963
4561,8.374548733208258,4.223349723856955,2.7412557903334935,7.561122229983428,2.7221599640094105,5.160478460749998,10.799859190011118
4562,8.364132000517257,4.257245643858149,2.7788135031168877,7.661500869355184,2.707220309350361,5.151421509207787,10.850861921250283
4563,8.385400403432156,4.256805784359186,2.775558126413311,7.69555942628313,2.7246395401851706,5.165254917357724,10.810084819179522
4564,8.399390128204498,4.253871873441654,2.7862100449378575,7.627784420435416,2.7171919653683156,5.168322460898929,10.835593930108235
4565,8.391270761094317,4.24564286669489,2.7926835454318892,7.607920122290342,2.7271161804852135,5.167811368344909,10.897510189904184
4566,8.388110464252343,4.24004704463524,2.7869302901848103,7.665230273473027,2.7022164937245687,5.1618437501329995,10.917206701849276
4567,8.388562030183342,4.23414629433139,2.796988376055468,7.650909082932902,2.703468578726428,5.161331821742367,10.939372982594865
4568,8.399840904438374,4.2095428945899815,2.7802587438444233,7.69360596470002,2.70096365255897,5.168833487626624,10.943899792161249
4569,8.404797364794753,4.241225911700849,2.8125215325809294,7.671849091002532,2.7209190719537393,5.162184998989364,10.974016399928564
4570,8.417846181659403,4.24608423306129,2.809495108889676,7.716854917687797,2.7431434386805402,5.172919334512366,10.938869853119392
4571,8.420093315946543,4.249172125804427,2.808425944893122,7.7989451709307245,2.740685649827242,5.166959401077023,10.87117581650407
4572,8.424585242566563,4.25343155942056,2.820334998854089,7.689595620657591,2.7283534026841187,5.168492810454375,11.045860567997751
4573,8.424585242566563,4.262226586767945,2.820334998854089,7.634408836218414,2.7283534026841187,5.166448132871316,11.015999662132332
4574,8.417396661027649,4.259883558636906,2.8226381337358495,7.733760263129116,2.7059704852826822,5.165595872711361,11.093420491614609
4575,8.420991950966876,4.2993445175662055,2.845711373612703,7.672532553700014,2.7072203093503613,5.163890802685018,11.045860567997751
4576,8.40614846609836,4.3046956613538665,2.8481628297281616,7.692671890705215,2.7283534026841187,5.162184998989363,11.033928836705128
4577,8.393075949127878,4.312778247582611,2.8415024655849983,7.735691577999423,2.7209190719537393,5.14851205204115,10.984031377693587
4578,8.412899733747393,4.322278893816829,2.8483378285826166,7.754550980050483,2.7171919653683156,5.147655921660136,11.041885190233117
4579,8.41649752594165,4.309605300613516,2.826530179777673,7.669052604677431,2.722159964009411,5.142515239736158,10.933836899549297
4580,8.41649752594165,4.3247216282995415,2.8376371532891183,7.706579022524601,2.702216493724569,5.13874114786828,10.941888177968107
4581,8.404346934818676,4.335620178977129,2.8304152574579753,7.760548110991458,2.702216493724569,5.128945983357382,10.937863503727609
4582,8.399390128204498,4.34776722563976,2.8406245870688434,7.7023142683195935,2.7097177053223636,5.132729458604029,10.95194143686458
4583,8.398488481187087,4.357168649452359,2.8483378285826166,7.6778292949321605,2.7097177053223636,5.136852747276873,10.965995837577037
4584,8.378620255011391,4.349478544550329,2.8458865688485813,7.800074852579752,2.70096365255897,5.126880736428125,10.998032396310876
4585,8.364132000517257,4.338625334905109,2.842379990956857,7.770119642689669,2.7059704852826827,5.117746238193336,10.863056195927314
4586,8.382689201250342,4.344484742926211,2.832178907587941,7.75748716790047,2.702216493724569,5.118436375219455,10.905596415997218
4587,8.395782783298168,4.349763679108848,2.8409757808777987,7.736098611310884,2.680814312441515,5.127052881729057,10.907616752578216
4588,8.395331723213882,4.339769443293326,2.8351738340170667,7.733792124663434,2.6757460605930854,5.133416972987118,10.962986155875551
4589,8.401643694350545,4.361007080343839,2.8589863939140496,7.823455286675717,2.677014295439077,5.133245105635992,11.091444129687149
4590,8.402995456180726,4.355318944195654,2.86472561900281,7.860194263558527,2.677014295439077,5.142343768373869,11.047350854283662
4591,8.43714607051129,4.383099043371609,2.892170762282622,7.846689626881736,2.6997100539643566,5.146970883792481,11.14857352838285
4592,8.427278901703765,4.388599417036513,2.899021996568914,7.904281996766987,2.735761439664123,5.141829309594677,11.111680140299066
4593,8.426381139949108,4.389867459408466,2.896112801521559,7.895246178447532,2.745598362429882,5.146628320318123,11.069673800664907
4594,8.402094313103213,4.3940908255724205,2.8813369951272336,7.837873945561964,2.7419149029703522,5.14251523973616,11.149555176054394
4595,8.414249140647687,4.385356694062929,2.8913128706550464,7.75967408671299,2.756610309847899,5.137367855292,11.107242202577456
4596,8.414249140647687,4.38394583985756,2.8913128706550464,7.80727479033598,2.762703374581079,5.139084396324677,11.14169883980919
4597,8.385400403432156,4.373062392582595,2.8675028897302797,7.805864895822849,2.7468247527752516,5.124814405260317,11.028454505739484
4598,8.351427907991715,4.39887092413353,2.870103402656745,7.74465674001589,2.759049639126652,5.1177462381933365,11.01599966213233
4599,8.359597711407291,4.365692527790963,2.845185703589036,7.685858074129618,2.752946035060738,5.106514475727544,10.700526530448393
4600,8.353698341847254,4.373203962230262,2.847812789995019,7.697286683566139,2.759049639126652,5.111011039011317,10.771673470987134
4601,8.343247680859434,4.408831139145763,2.873911945774942,7.6529235470668775,2.777255778792254,5.094209048320382,10.821828738262989
4602,8.344157110881914,4.4138702084418435,2.8770231435340166,7.729835514897772,2.78449487015415,5.094729779492771,10.742361085732357
4603,8.360958334471563,4.405187140483925,2.8839212728819503,7.7039478660114336,2.792909613219819,5.103052068149938,10.789620933723096
4604,8.369116023228194,4.378861860667261,2.870103402656745,7.670225565209324,2.792909613219819,5.118436375219456,10.73411429817969
4605,8.3368780518498,4.410651668133954,2.898679935711762,7.648268006867139,2.785699003864817,5.098199550380025,10.739269507060381
4606,8.3368780518498,4.420158526504425,2.898679935711762,7.605736523897257,2.790508773181917,5.0921254299264,10.777318297466337
4607,8.3459755837005,4.409391406194812,2.889424340994762,7.510894463912131,2.785699003864817,5.090561987024624,10.754715827199831
4608,8.354152332171962,4.374902332590688,2.889424340994762,7.506726976961269,2.795307767975995,5.087954858029437,10.746481388690913
4609,8.358724784665114,4.37815514416251,2.8801299649941297,7.5341945635011145,2.773626999207424,5.1021859879881175,10.77321335121018
4610,8.321593735944955,4.422252044817997,2.910110486569311,7.5658085211865265,2.7808783928054814,5.0829094681936615,10.903070309473867
4611,8.309629273836247,4.441868352542362,2.9253735288056473,7.582656213659734,2.800096054786001,5.079251833742915,10.923761928788435
4612,8.315154119774856,4.441868352542362,2.9299322625248814,7.583613286424803,2.802486203306743,5.073846189602402,10.856961288665495
4613,8.335829835495579,4.443671271993267,2.9386861111912985,7.5943636948144375,2.800096054786001,5.078554752384235,10.831517730190361
4614,8.279156708925644,4.460682725145932,2.94606677177459,7.658684865803448,2.797703245746633,5.060490260867744,10.836612668041576
4615,8.261081316332382,4.451011794885398,2.9490792012323923,7.638658413251681,2.808449988362887,5.049928428160291,10.965995837577035
4616,8.260617167131842,4.44865900614264,2.9500824541214503,7.669051620866433,2.813213812913201,5.0610175990165684,10.891440387431324
4617,8.244350492510092,4.458612682887194,2.9659517809295433,7.659840756053154,2.8072573864643067,5.057852495739025,10.843740343391989
4618,8.257367171083738,4.464267837191849,2.9617863777269884,7.702818003801107,2.814403128309972,5.058204301284597,10.869146652050834
4619,8.216367082656616,4.463854361819508,2.9599511807571277,7.720924098113358,2.8167797972077633,5.045342686438246,10.915693228899688
4620,8.204202302743264,4.458612682887194,2.9549385491396016,7.747077543883583,2.8167797972077633,5.0464014163309425,10.863056195927314
4621,8.214964651583491,4.462337858457102,2.967449462097628,7.818167873273887,2.8167797972077633,5.04498971215803,10.84475808463649
4622,8.246211656822922,4.456694383203146,2.9694448400308437,7.864017682528646,2.8167797972077633,5.050985906206065,10.883340456774608
4623,8.240626521079562,4.463025451331016,2.973596277605778,7.9109553922133875,2.8072573864643062,5.06242348429019,10.972011975294077
4624,8.245281143070288,4.47688539196294,2.9899623264947186,7.906997490997215,2.822710071334258,5.06119336249532,11.093420491614609
4625,8.23783210329512,4.4749675495289525,2.9902917520855365,7.957901735417379,2.8203399107073053,5.067164596768397,11.140716290315714
4626,8.223841454774265,4.470168253164902,2.9879847793204863,8.087349114542842,2.8203399107073053,5.062950560173185,11.097865629879925
4627,8.223841454774265,4.470168253164902,2.9879847793204863,8.079132490561468,2.8155917894097273,5.062950560173185,11.097865629879925
4628,8.235968471928336,4.4486949956915955,2.9917735826035985,8.0656807489238,2.8227100713342574,5.062950560173185,11.097865629879925
4629,8.20935180604818,4.446761299952245,2.987490126076255,8.085211305778303,2.817967152696884,5.062950560173185,11.097865629879925
4630,8.245281143070288,4.45214530332405,2.9891385556075507,8.126217665761914,2.8238941800848707,5.057324727647789,11.122518724466005
4631,8.236900356266752,4.429586242027665,2.988479325920869,8.067960620933874,2.804870200690353,5.068919098723838,11.126948727695657
4632,8.243419705086666,4.448833074924937,3.00080851665451,7.948415076596745,2.804870200690353,5.068919098723838,11.126948727695657
4633,8.24760717105943,4.444688266891147,2.9818765829269798,7.963208738228163,2.8274426318154817,5.0787297257134085,11.176017229599266
4634,8.214964651583493,4.440400002723213,2.9968703630165576,8.079580358522067,2.8262604593509852,5.0654093031419185,11.143172452461021
4635,8.232239560353214,4.4484188204760615,2.9942411778189273,8.01667561552305,2.841578784951882,5.075228765968937,11.2432744447234
4636,8.25736717108374,4.437491981965575,2.983859404327625,8.016986945860895,2.846270530406216,5.082577154147648,11.246186794137563
4637,8.264329410055195,4.415671940192008,2.9919381714311912,8.012829729272596,2.846270530406216,5.079779400832511,11.187263356377146
4638,8.254115507969113,4.4318072517769105,2.9994965470849357,7.965841627723804,2.841578784951882,5.075579003500406,11.195566255549856
4639,8.254580133426218,4.47071708386259,3.0098081551227827,7.96658097818999,2.841578784951882,5.053980529060028,11.220913707625714
4640,8.269893705311084,4.4661866028127,3.008828079905373,7.9761667027887375,2.848612629773082,5.058731949850083,11.185797305451958
4641,8.263401552972976,4.477433150418182,3.01844749460148,7.926825425004543,2.841578784951882,5.053980529060028,11.162306365195597
4642,8.263401552972976,4.472637300545218,3.01844749460148,7.970181744363034,2.8404042708925696,5.055916995213041,11.093420491614609
4643,8.25550928215779,4.4910988472996385,3.0228363088965353,7.984013092690274,2.841578784951882,5.046401416330943,11.124980121050873
4644,8.26200951284042,4.475652616142785,2.9853453948010893,7.9896203450828125,2.848612629773082,5.047988968891261,11.085512289744742
4645,8.23270579461811,4.467148114098198,2.9689461593086146,8.002115077926785,2.8333438612161665,5.038630665906505,11.033928836705128
4646,8.242488780744281,4.471677326463753,2.962453354958905,8.067088376615523,2.8132138129132,5.036331772807462,11.053309382449822
4647,8.245281143070288,4.47359700631472,2.9717705757332564,8.143761386891732,2.822710071334257,5.041458198582026,11.043873112113054
4648,8.264793287715062,4.470305469067809,2.973430365043468,8.139076089166302,2.836876927171021,5.042871190590641,10.945910924828782
4649,8.245281143070288,4.491371608966409,2.9947343790821708,8.126837201131954,2.830985292178188,5.034208503764328,10.994034475113505
4650,8.257831558243584,4.497503051396541,2.9970345873461115,8.135958464664443,2.836876927171021,5.0320840675792615,11.073636189532387
4651,8.27221072294456,4.477570076393897,2.966118238594382,8.218690280562381,2.825077642431879,5.038277078976228,11.156423559885958
4652,8.261545431566288,4.4790759022924815,2.9774089436158526,8.228807204668401,2.8072573864643062,5.035270284067728,11.253948260510601
4653,8.247142033823652,4.503623624818519,3.002775071242848,8.25875090081094,2.8132138129132,5.026945184139681,11.320122393247726
4654,8.233638159983109,4.501040705037737,3.000644561319673,8.28425054755961,2.8356998755916085,5.02144431716037,11.263155955273943
4655,8.221506664271642,4.503351829394431,3.002938875075638,8.287362729889601,2.8321648965092,5.027831686669303,11.271386115821826
4656,8.195297776019387,4.511496417352118,3.007030194496665,8.191539454360976,2.8439259179582934,5.018957479914071,11.302300278384536
4657,8.195766749527808,4.5284030825306765,3.0189355510945814,8.209501311886289,2.849782739377883,5.02144431716037,11.315790649120883
4658,8.177450811273735,4.5370275548453325,3.0286751817684987,8.231942257708923,2.8556239236188055,5.022332084636593,11.346547381462294
4659,8.194828767551053,4.541466215381488,3.024621966783751,8.301180236323884,2.8544569322044833,5.01451270252535,11.304228758234853
4660,8.182152297640707,4.5440192464155995,3.02818916905873,8.238274095108165,2.8532893189921675,5.015402068503579,11.288788900689815
4661,8.192952383934246,4.55434666437662,3.0430476101672643,8.214002050527668,2.8532893189921675,5.018068934674653,11.211173521328023
4662,8.196704591693749,4.560902806218035,3.0478723705954796,8.17708244163696,2.8672598392198636,5.018602086408512,11.244245337036663
4663,8.197642294106537,4.560234374579413,3.0412760325748134,8.130884801896267,2.8672598392198636,5.020556345192335,11.215557968704797
4664,8.195766749527808,4.565444761360332,3.051885417909167,8.135474158769775,2.8753685213252678,5.02800896274427,11.222860423695893
4665,8.20841584570038,4.561170143146997,3.0616485205440984,8.155581941049586,2.87883456841239,5.038807447251827,11.242303443189645
4666,8.20935180604818,4.563575257634834,3.0648407239131985,8.162466693684006,2.881142249891961,5.029072448264334,11.34318865369003
4667,8.20935180604818,4.53971832695923,3.0648407239131985,8.134118683719459,2.882295188270505,5.039337742820819,11.365715318571556
4668,8.239695185645603,4.527593440858407,3.0285131888201677,8.093689748457011,2.8579560447137062,5.045519161516571,11.263640299217432
4669,8.232239560353213,4.497094627305263,3.0044125861369886,8.104633546360313,2.849782739377883,5.049046976064383,11.268482247330015
4670,8.239695185645601,4.476200571105843,3.012745889545451,8.148562863109639,2.836876927171021,5.048694339095856,11.302300278384536
4671,8.242954260033827,4.502672247333699,3.0446569702669106,8.168924592422588,2.84040427089257,5.046930672794214,11.340308712753314
4672,8.245775388569841,4.525298431315753,3.0475510294012538,8.124527120772244,2.853289318992168,5.045519161516571,11.398204522526811
4673,8.248595260419554,4.507426519588217,3.015516994438526,8.133204797502351,2.868420050804569,5.043754048773286,11.428672788932548
4674,8.235895930503313,4.496958475203979,3.025270956571593,8.149494048155042,2.8392291238730367,5.041458198582027,11.417259599606139
4675,8.209474938671562,4.524217902045613,3.0562118027058025,8.188628896928664,2.8509522235000277,5.020201099118194,11.441969440247085
4676,8.233070391328386,4.491644349057751,3.050120524399505,8.13414236070965,2.8637755298093195,5.027654402452065,11.406307996927833
4677,8.233541402238348,4.490553259220906,3.024135105380791,8.153251342022713,2.8450985387838728,5.028371642828674,11.33118260848298
4678,8.224586185387837,4.495324230981369,3.0488361294965625,8.16069182389999,2.843925917958294,5.022091264375132,11.401542155855074
4679,8.242954260033827,4.487687504109519,3.0383741844085734,8.161389386846293,2.852121083064029,5.023886701821998,11.371457495111665
4680,8.263613416689727,4.460411863811638,3.0052309077890254,8.126473900417038,2.83498124803909,5.031418428822119,11.37910786026547
4681,8.265019546790402,4.445379417829653,3.0117851122062183,8.19802558916725,2.8129152507179356,5.0360735761065625,11.31193839578077
4682,8.28093396045078,4.415950786067817,3.0068712037121097,8.183572059033727,2.813943816786078,5.035357764456496,11.328298690952545
4683,8.284672742888686,4.347504142828507,2.9902502969266154,8.183768243415187,2.8380922893959513,5.0528571509684435,11.204836484756047
4684,8.311713447287818,4.303101315248333,2.978991853557728,8.156525121136946,2.8859574446461034,5.06193282160423,11.126948727695657
4685,8.302867918231728,4.348215482644999,2.9826403494524225,8.23287793673651,2.8775859307441585,5.049648898662032,11.259764787744286
4686,8.295409519486313,4.346939288710179,3.000138563713596,8.221652146383374,2.9012236095529294,5.044474455745896,11.33118260848298
4687,8.280933960450781,4.397332230231396,3.0313371413361407,8.168616021104475,2.9012236095529294,5.037862525672271,11.350384342383956
4688,8.276257388090547,4.389079076095981,3.0223962449316875,8.148412339483428,2.9599210037657517,5.0333885986369,11.4077372435519
4689,8.273917810599084,4.3963540974661,3.0272773614486232,8.15875972725833,2.938258455434777,5.0392930897659385,11.466136760064446
4690,8.25986221187128,4.4304216356510375,3.038465203197675,8.157102828488858,2.9341735116521828,5.034283798386544,11.464716989598704
4691,8.25000472557096,4.4349843011172805,3.047344764405827,8.186772376765267,2.9477613382279113,5.02819234522825,11.487405899203456
4692,8.247185481483653,4.429453010371598,3.040728660162621,8.205122731622208,2.9409776466809663,5.029088749967465,11.434848738866972
4693,8.237778922007232,4.430559988173956,3.0573142119121512,8.217195237363462,2.95182181072798,5.020833960510804,11.49731396428633
4694,8.248595260419554,4.465657935166338,3.075535443218727,8.215554718815525,2.9813789835022,5.0213728552376224,11.459035616113017
4695,8.245305287792245,4.464973191716076,3.0799893733094477,8.29267468181139,2.984047111595387,5.0188573682729665,11.48504519481251
4696,8.244364981484502,4.497416587264541,3.0858620870614275,8.262368223870396,2.9800437523600034,5.0156207556179835,11.466609966001815
4697,8.25141387713109,4.494430406406723,3.089663643695159,8.235611855364255,2.9853800110528845,5.01687976152051,11.47795928640279
4698,8.237308226694694,4.502162013807262,3.0921946336391493,8.23879349143512,2.972015946688576,5.013101508060855,11.487405899203454
4699,8.226472549523741,4.5069009339623225,3.095196683704315,8.16720168481256,2.9679914316729925,5.006615858447162,11.549032635742567
4700,8.229301039748561,4.502974861520881,3.088555485916036,8.172174937905265,2.9679914316729925,5.007877813932343,11.54012097529089
4701,8.226001011314178,4.50581832455231,3.074579935969248,8.129595880765761,2.9907038740443657,4.998131976219043,11.620470911502718
4702,8.227886952956656,4.502162013807263,3.063723704788453,8.058935076713391,2.982713436162356,4.996324473308573,11.569635851387604
4703,8.247185481483653,4.479324189230648,3.0429899245640883,8.04756217847049,2.962614328557871,5.004271126933226,11.52133022381708
4704,8.256578086354756,4.491713452074425,3.046700114520098,8.173790236419203,2.974695017755984,5.009319541741758,11.483628468739067
4705,8.250944194775935,4.4889943553391785,3.0553879476513357,8.14219666420914,2.9733558752631466,5.008058059475076,11.493069013057243
4706,8.268767704481824,4.498094904630013,3.0674012672510647,8.093531609235066,2.962614328557871,5.015620755617983,11.577116091847742
4707,8.280466458024877,4.460176152535661,3.0476670227448692,8.060063707505348,2.9639597956927237,5.039114298184016,11.54012097529089
4708,8.282336261497035,4.465520997417759,3.0475058991239057,8.070098189958982,2.9464062272469023,5.033925743370615,11.619540765999615
4709,8.272513650379013,4.514739743010724,3.074898481359698,8.051184265628976,2.969333726177058,5.031239272641447,11.657597512833176
4710,8.275789541513655,4.528213453644869,3.0785586682430766,7.99896548396691,2.977370949593207,5.035894635619017,11.683032972284686
4711,8.275789541513655,4.528213453644869,3.0785586682430766,8.088528247336429,2.9787077414775265,5.035894635619017,11.683032972284686
4712,8.284672742888684,4.528213453644869,3.079035666149771,8.043306994578057,2.9760333754421158,5.035894635619017,11.683032972284686
4713,8.294943079491834,4.5464543239347375,3.0896636436951592,7.985964008225555,2.9626143285578714,5.0403656657822875,11.681647443383804
4714,8.28747538805291,4.561271743890711,3.103708188548135,7.980432842442661,2.9813789835022,5.0330304606621405,11.676103185944799
4715,8.302867918231726,4.578281032897531,3.1082666588594754,8.03731730819273,3.0013147295663116,5.043760196751245,11.722201040100348
4716,8.308455995290936,4.5890023327899305,3.11641873289288,8.092096766035395,3.0013147295663116,5.043760196751245,11.722201040100348
4717,8.311713447287818,4.588605829365265,3.0970907627951747,8.105021361528868,3.022391129489589,5.043760196751245,11.722201040100348
4718,8.3182233674089,4.5752307454368895,3.0807838355318684,8.140468622796273,3.022391129489589,5.044117342716629,11.773551881321787
4719,8.324262356677979,4.554871915746645,3.061642536612349,8.241938135395431,3.022391129489589,5.039650648143383,11.689034459135378
4720,8.33585978589841,4.5551388091217655,3.06132219330365,8.280318730035837,3.022391129489589,5.051075116276711,11.4675563015725
4721,8.342345175726232,4.558606571080756,3.0606813756584414,8.370186588457326,3.00263765375262,5.063532211530744,11.430573544176907
4722,8.348824004845792,4.566463004769115,3.0780815740468035,8.377768980457358,2.9960154207025833,5.071696614361163,11.426771621821345
4723,8.336786672532787,4.5851675951826305,3.098825677445637,8.312607017637875,2.998666599982153,5.067971512321757,11.511919860875995
4724,8.346973579200917,4.568989297950414,3.0755354432187225,8.406248228096977,3.00263765375262,5.07010057859094,11.424870042596254
4725,8.339566527367056,4.577750738292816,3.087922020302856,8.379410678977333,2.9813789835022,5.06903619105894,11.43627334117651
4726,8.34928652779181,4.548995099682229,3.0650035088881844,8.424400521748156,2.9760333754421158,5.075595283487246,11.340788769066291
4727,8.356682360760393,4.54123324449852,3.0436355982134815,8.419977309446354,2.965304467724716,5.071164675138118,11.310011628146452
4728,8.362223645241924,4.519731114323484,3.044442439459664,8.416203186529039,2.965304467724716,5.073291996157948,11.218966551526531
4729,8.350211473572248,4.537077571254294,3.066442456965894,8.422366303722427,2.9773709495932064,5.070277948216807,11.317716135350992
4730,8.352060964873317,4.550866068038487,3.069317717561332,8.357460657063175,2.970675230753826,5.0701005785909405,11.215070918139421
4731,8.358529987284642,4.519057024299957,3.053942210695437,8.354847446836603,2.970675230753826,5.079490055727108,11.215070918139421
4732,8.36360821920889,4.477550648040204,3.032472611291858,8.353159542928946,2.950469128628451,5.088680452221859,11.17601722959927
4733,8.366376471806888,4.481642056155172,3.0272773614486246,8.23544692636642,2.9518218107279797,5.081612838310182,11.22675253684953
4734,8.368221310898281,4.491713452074425,3.042021079349357,8.225611814093998,2.943693566996085,5.084441419559188,11.296512265503509
4735,8.386640641873027,4.488450278492036,3.0646836231266366,8.251877920731921,2.96126806501757,5.09309122551875,11.323490035421784
4736,8.390777735287571,4.484911682983966,3.0723489134657016,8.159629682181356,2.9572244828856373,5.096440088395901,11.44007115102809
4737,8.390777735287571,4.490897948218876,3.0723489134657016,8.08965717568395,2.9572244828856373,5.096440088395901,11.44007115102809
4738,8.39310104316629,4.5248499247055225,3.092352730925396,8.13002231397332,2.9800437523600034,5.090092441368941,11.548563824287966
4739,8.414899318309468,4.494837765062913,3.046216510482419,8.182288444749101,2.9813789835022,5.097320891824127,11.530730585500905
4740,8.403777486395663,4.473590985830735,3.0447650979813026,8.211927292059944,2.9626143285578714,5.095911511147038,11.441969440247089
4741,8.415362312530238,4.480960492705209,3.0243499229631485,8.101888314253097,2.9558750206275626,5.086561511099106,11.468502535429623
4742,8.414899318309468,4.4625069819338306,3.006215225239398,8.07887490355147,2.9409776466809663,5.0929148901159245,11.521330223817081
4743,8.413047009512386,4.47427401188371,3.00769091475482,8.036562359672365,2.9477613382279113,5.082293040356245,11.568232604823368
4744,8.426464235463454,4.452899244524243,2.9914061224908934,8.052885351203361,2.9504691286284515,5.089554428266226,11.531670072731862
4745,8.412583849301665,4.492121131688265,2.9976704795715743,8.062174094688807,2.9491156382411523,5.0950357997787,11.521330223817081
4746,8.420453060641437,4.459215937945262,2.9785823212320963,8.11874136808667,2.9531736858743036,5.106504129764402,11.438172451419758
4747,8.415362312530238,4.4674376283910435,2.9745785634326243,8.029234392710233,2.947761338227911,5.108969843971018,11.389138808504878
4748,8.390777735287571,4.500400187646104,3.0047672649517314,7.97459736148413,2.9585731434928104,5.098921150179047,11.460929814896971
4749,8.425077537110438,4.467300761699171,2.979748764221202,7.980376194004603,2.9639597956927237,5.112313693103484,11.390570861908776
4750,8.438469857803389,4.461821608513087,2.984076068710059,7.925862331002328,2.9423360150243503,5.116357702619464,11.314827745944994
4751,8.43200805875424,4.485100305489501,2.9815805453056003,7.951455276943784,2.9328102163842424,5.111082080214967,11.294099453007156
4752,8.429236740780942,4.486321144204298,2.9951897017100855,7.899253548296128,2.9328102163842424,5.109850080623006,11.27719093118457
4753,8.424152906350074,4.51791233933578,3.018076656366535,7.926303046122439,2.9477613382279113,5.104565694374403,11.291203191429835
4754,8.424615238253777,4.523820497987888,3.0090477732205065,7.9764477506323495,2.9679914316729925,5.112313693103484,11.31097506540462
4755,8.444925217881362,4.486185516828536,3.0149615691985945,7.905462280882679,2.9679914316729925,5.128289622759851,11.232587413231327
4756,8.456436686883647,4.478581842117457,3.008389749814674,7.832210099130596,2.977370949593207,5.134242044112454,11.218966551526531
4757,8.446768426289626,4.476406272715078,3.022659692153266,7.814040780092461,2.965304467724716,5.12443325549648,11.250068399187642
4758,8.414436290903891,4.496883670868716,3.0433343443060363,7.820183030423494,2.9733558752631466,5.115654695729185,11.250068399187642
4759,8.400530005062878,4.523954657529861,3.050131510363117,7.759842983947537,2.9933611819871624,5.106856469597403,11.282991857072405
4760,8.385198374719321,4.544420344450638,3.0583587780321446,7.729243879708317,2.997341392161877,5.103155320706709,11.282991857072405
4761,8.374491062105257,4.557200497651808,3.077284748476495,7.728522838002111,3.00263765375262,5.099980122113815,11.225779673348617
4762,8.374491062105257,4.560919259428375,3.077284748476495,7.688558246139221,3.014509969441775,5.100509500688571,11.228697934482362
4763,8.394494625880949,4.567550099848779,3.083825340974754,7.702125258494751,3.0158253594649103,5.10244994343591,11.363800419762242
4764,8.405168763825584,4.561981037623451,3.0882817234246085,7.734046311244468,3.0315521147783953,5.1142483042940174,11.322527985075643
4765,8.389848177472665,4.574300664300357,3.109651290545711,7.639632468250905,3.0302456108190894,5.109498009665387,11.390570861908778
4766,8.426464235463456,4.555605531955749,3.1008101578708915,7.720639748263226,3.040677181269441,5.1331922700876165,11.288788900689816
4767,8.450913730799744,4.501207679405498,3.0704055915615958,7.705373107348745,3.0302456108190894,5.161264913642689,11.172102076181536
4768,8.45367579634961,4.488219366962358,3.06366697820882,7.7040322175542455,3.0105593062015985,5.155875094056146,11.199470728214653
4769,8.458276628469243,4.512532539094673,3.0728075759845317,7.755399630165785,3.014509969441775,5.149780979552012,11.241332332401315
4770,8.447229146536475,4.4936371068775935,3.054329410653034,7.821010009780713,3.0118769439903144,5.153264480154142,11.231129064309881
4771,8.460116048849011,4.4960723161411895,3.064470206382048,7.824974162800261,3.0184538999841726,5.160396083844485,11.205324114852447
4772,8.461954948431373,4.475181909447249,3.041226447686417,7.774772384969103,3.0184538999841726,5.167688342024129,11.20824931514237
4773,8.46241459200019,4.501072636033358,3.067199133114288,7.7213277910354154,3.006601878356955,5.162307257991707,11.313383191012925
4774,8.451834549959125,4.502962763222351,3.06623634373712,7.683943574728676,3.022391129489589,5.147689405073792,11.283958300416518
4775,8.434778190789645,4.5254300705881265,3.0836660292830973,7.646531578316997,3.022391129489589,5.12688774455371,11.294582069219356
4776,8.444464333891856,4.531057711235675,3.0807965834862747,7.616937066064307,3.038073661898154,5.136340753821748,11.381975020544584
4777,8.438469857803389,4.535874166887012,3.0676803802110357,7.643972224855331,3.0276303992620996,5.147166338460144,11.442918431037317
4778,8.450913730799744,4.53480441923307,3.0541680919080836,7.701584200568755,3.0341629247588693,5.151348934544382,11.506268830239495
4779,8.441698341603955,4.503907439386898,3.0144693299742897,7.678772811811399,3.0276303992620996,5.166300374066329,11.489294007827585
4780,8.44953225696114,4.492418857368397,3.013812848096203,7.639212250580318,3.0092409167922103,5.168728999410572,11.466609966001819
4781,8.484897416668186,4.481571004209015,3.014961569198595,7.57899103283191,2.9999910453793643,5.184651697051895,11.4524027061976
4782,8.498167102892204,4.426948963942914,3.0006438875277475,7.570493424325656,3.017140002588169,5.199134386318395,11.379107860265474
4783,8.521438203868186,4.372135966866287,2.9574837257415556,7.544675121049342,2.9999910453793643,5.21030526745726,11.376239758650948
4784,8.524170541746502,4.345380633462004,2.9658795854396445,7.635172431437261,2.974695017755984,5.21202109725434,11.265577403757883
4785,8.551431417164384,4.268286186453501,2.8921135533758164,7.617192280469931,2.9773709495932072,5.225379396134996,11.17601722959927
4786,8.524170541746502,4.260317006512438,2.87053224496185,7.711069032121463,2.927348761712455,5.198101651172707,11.029947856088432
4787,8.569090452620696,4.099712496758952,2.748223771033779,7.658535708977132,2.902606259849871,5.235795356318389,10.99353460179898
4788,8.604716809987353,4.1100666115941635,2.836337508067508,7.643719212203127,2.88456438961567,5.225550367662061,11.027956663752674
4789,8.611459633356665,4.074292095694469,2.7776348912732356,7.6275839331328665,2.8873496243304255,5.252133238363304,11.011012585406705
4790,8.587153176939882,4.107481269816102,2.831535739954864,7.61217719806611,2.88456438961567,5.232383263176205,11.046357359192571
4791,8.60606592520972,4.158791327492123,2.841660416992643,7.536671185540762,2.878983385467466,5.228455769528969,11.027956663752674
4792,8.597066613640369,4.16283069351947,2.871581369226251,7.480883072597529,2.894297445631983,5.228455769528969,10.971510794601993
4793,8.611908910425901,4.130371475045552,2.8586070873755243,7.4801695630610485,2.8970704996211847,5.237670773549661,10.97000707356698
4794,8.619990682851993,4.117051643666461,2.852443802247349,7.490793033305251,2.8929096199547413,5.25094417194529,11.004524983770436
4795,8.632542747057533,4.025634193682079,2.787470074463512,7.524993505629092,2.878983385467466,5.272124965246427,10.897510189904187
4796,8.632542747057533,3.9845983139083034,2.765184946265291,7.537891991204145,2.8466153450284946,5.270265503392289,10.931822872932553
4797,8.626717961484468,3.9864970997394935,2.7583799334733277,7.535035322833417,2.8323916795199926,5.2684051865741495,10.885366175498818
4798,8.619093195555113,4.018128304274535,2.8158114044448297,7.457065068167411,2.850864433755729,5.266205526577813,10.96198268943925
4799,8.59796709697403,4.055786464204512,2.8267233414910344,7.450322165994016,2.8366685357651313,5.255868023401274,10.943899792161252
4800,8.609212789881738,4.014211743726505,2.8014166316918843,7.427632369750043,2.855105289079364,5.2628190954355105,10.951941436864583
4801,8.617297855673135,4.018754492627741,2.8295764200864757,7.466839709310381,2.8579279735952148,5.2677284955440085,10.970007073566983
4802,8.602017752630339,4.056868980601936,2.8876058407663163,7.4894208172689325,2.8663743178510006,5.2677284955440085,10.970007073566983
4803,8.621336685620694,4.0421454500972205,2.88639065870729,7.61338730457671,2.878983385467466,5.268574341642601,11.065709563431106
4804,8.61002616868282,4.080129437124641,2.895055962590813,7.63758675271433,2.878983385467466,5.2526427309276995,11.146609895196551
4805,8.626758874391292,4.053929845697443,2.862823355936207,7.625276770630411,2.8929096199547413,5.270772714096565,11.127932860909848
4806,8.648403373567536,4.004319867052376,2.8129401237038816,7.710698770147054,2.878983385467466,5.292186602850913,11.089467308929681
4807,8.648403373567536,3.9061960479664215,2.8129401237038816,7.751041433618756,2.856517085492182,5.323513383560936,10.992034804185776
4808,8.647052659454456,3.912686301816253,2.8107841552441264,7.673281441696206,2.829535762281862,5.324347704521369,10.984031377693592
4809,8.636688040800419,3.968251685279604,2.8633498209937143,7.574857398119765,2.853692582736494,5.314036649439646,11.024968996857718
4810,8.647502928027436,3.9506967070545715,2.8414831959174394,7.52250893427631,2.856536529842094,5.31911091376458,11.057775534306097
4811,8.663692303296292,3.889418644173947,2.803734860762453,7.510809504677987,2.8479935852962757,5.341363151104811,10.953950646614924
4812,8.655152826248006,3.852437173926573,2.8131435712224184,7.553104604288028,2.822162214719052,5.345060132063325,10.978023819175842
4813,8.643899923920198,3.8983891539548483,2.8311229571291485,7.570447407360834,2.832244221147679,5.335643070160687,10.963989502684322
4814,8.638942596735431,3.968410812223393,2.849842611247684,7.569771657528367,2.8178269611750704,5.317927482835765,10.939876081930068
4815,8.623144575342593,4.014681993795712,2.872975363754206,7.58963613150751,2.839417129934555,5.308617135027107,10.968001694432912
4816,8.62585548456202,4.023583971134436,2.8780636512201805,7.602877140854847,2.863630311605121,5.320800934674137,10.980026814415787
4817,8.654253295364581,3.969463684000817,2.8493099857784756,7.590896358642231,2.863630311605121,5.3326115556664595,10.899532479045366
4818,8.651103977753326,4.011239257282882,2.8280769612555425,7.587197882114265,2.8451385082239415,5.333790744662205,10.88030095748101
4819,8.65964865517639,3.9746971265457556,2.7792977308671736,7.608750576784185,2.849419726728465,5.337999364572574,10.8569612886655
4820,8.68879773722595,3.871548254468761,2.7510489031541003,7.566489303138842,2.8264888108997237,5.3526117825625485,10.670959213798891
4821,8.665937712589965,3.8979943472230887,2.7632808139328113,7.670441917473647,2.8264888108997237,5.341867481130596,10.625100727889517
4822,8.647502928027436,3.9354656965715287,2.7862560338101714,7.627440317724193,2.794557389462965,5.329240571239169,10.61568877432145
4823,8.625403743428711,4.042396612395407,2.8133241064177397,7.599723009941302,2.8336806952591065,5.303699467458937,10.69845510288426
4824,8.629016810017895,4.005597371534582,2.7675269156984985,7.571518412881165,2.8422796942927633,5.292655477530919,10.682383793403876
4825,8.6371390133149,4.027636014446118,2.788266059547454,7.634799393707288,2.8522692237774794,5.2987758532649085,10.707255065522787
4826,8.639393415960066,3.990974372570926,2.744160522875034,7.636580808817516,2.8479935852962757,5.318941873201658,10.532073234947372
4827,8.666386703515087,3.927429320235356,2.677660133948892,7.60105912624834,2.8279290940216897,5.33480120787991,10.614119058334984
4828,8.665039639823094,3.9040018018195815,2.744160522875034,7.542980354388552,2.817826961175071,5.346235745916295,10.566359856610672
4829,8.640745689813045,3.9895555368950104,2.7688175244089797,7.571536800054845,2.8062235928599293,5.326879228541167,10.53999842948209
4830,8.623596470635166,4.044720822188716,2.800286785080468,7.629441720958003,2.8279290940216897,5.306752511601224,10.671998470305336
4831,8.605949641448046,4.038519056552307,2.7758100548110494,7.6359961250541915,2.8365508015002336,5.3045477648770865,10.680826833417031
4832,8.605949641448046,4.104702361718032,2.7758100548110494,7.615771534170918,2.8365508015002336,5.283457589952131,10.727923787338675
4833,8.586892499721243,4.106677062143489,2.828973285879631,7.569492089739838,2.8607955482787384,5.2832870619563055,10.669919825435393
4834,8.577343237250716,4.150859904472074,2.8416613894295844,7.629927125815977,2.8579571213014474,5.261571443192943,10.711392966389303
4835,8.592797022343307,4.130880496082509,2.844154571925726,7.7253483529124205,2.8664614243387256,5.282775434946237,10.624055491586084
4836,8.583710949719839,4.141261425162305,2.8713938512438717,7.701904307741469,2.8622133870803697,5.267567704873808,10.655354517375903
4837,8.600510355968886,4.097095801375473,2.829331712170724,7.63423334974527,2.879156601871016,5.288740406110398,10.651188234416475
4838,8.604590239950388,4.118801937055351,2.8719211481310976,7.637951707991238,2.8607955482787384,5.300304509043924,10.630324901551663
4839,8.605043404864901,4.116380683056728,2.8455779703522124,7.645884707249984,2.8636303116051214,5.2906133024078255,10.580559472966522
4840,8.60005687989024,4.0799900049189155,2.84077027626311,7.637465938708506,2.85084493899768,5.303190404163928,10.375681688759343
4841,8.598696264736914,4.132236457126722,2.874029075731067,7.629191578588951,2.8494197267284656,5.28652586877883,10.457193412311241
4842,8.59007251497114,4.165501795465816,2.909041853942567,7.676985146438392,2.8721127498801904,5.283457589952132,10.641284794823783
4843,8.61274245738063,4.164607279567494,2.877187196430844,7.669146738984538,2.8622133870803697,5.292485335473593,10.657957367030155
4844,8.597335369083092,4.1634142022522465,2.8955202685063,7.657790494988583,2.8579571213014474,5.299964857391332,10.636589498920292
4845,8.560028328569064,4.2673278541225494,2.9650267200531,7.6419698532640945,2.881967866388363,5.266369163941194,10.724310506187372
4846,8.582801653253558,4.24864069672074,2.9587803003601634,7.586413912402834,2.9001546820053496,5.27116119812577,10.69275598154755
4847,8.611837151812793,4.196063071518717,2.917494479924694,7.530181704656917,2.8917792796695276,5.300644132347598,10.64701982759186
4848,8.646152030673964,4.10531009363106,2.88733278052453,7.541872019179436,2.873523319838225,5.340690614567812,10.427259322212516
4849,8.646602360338543,4.130277660590789,2.9076587927881405,7.631831333555806,2.85084493899768,5.33480120787991,10.455058964380077
4850,8.638942596735433,4.19399527301731,2.9334500928902534,7.655922631516326,2.85084493899768,5.31911091376458,10.493392562360157
4851,8.645701670454972,4.147863487403805,2.9320820110294155,7.6645525241369,2.8650463234828716,5.334632814656717,10.491267702884352
4852,8.653353642675507,4.1320858234101445,2.930541924377815,7.715664736776821,2.8622133870803697,5.345396056101978,10.448118085331144
4853,8.639393415960068,4.160877433156797,2.946235654626253,7.684743795979876,2.846566513022594,5.342203666694316,10.482230789521743
4854,8.6623446937817,4.077691948706545,2.881915928760639,7.646752021369387,2.857957121301448,5.356801153813944,10.46146060655799
4855,8.648403373567536,4.118499381700532,2.8927364271147664,7.595990568107838,2.8236053730116963,5.345396056101977,10.474248606347613
4856,8.648403373567536,4.162817496557779,2.8927364271147664,7.6039735079743735,2.8236053730116963,5.328734683972975,10.556879619964795
4857,8.651553971697698,4.128920861518079,2.9131859073039243,7.5749792733723025,2.8422796942927633,5.349928341969389,10.533658895233183
4858,8.647953166063225,4.14066055763076,2.9233408716714235,7.573170537666945,2.8336806952591065,5.347578892411269,10.445981221521107
4859,8.652453868135101,4.124544997590637,2.90298462229679,7.555970859301899,2.8163799444982685,5.343212058077488,10.520964894728696
4860,8.6623446937817,4.08442813924762,2.885412187968296,7.587826819637934,2.82071809450073,5.336821386758506,10.382685704565922
4861,8.645701670454972,4.088249081558987,2.887507297341942,7.62145422811745,2.8091302890957786,5.31877282564063,10.412250216523878
4862,8.654703076029145,4.026857187799832,2.8567549772092473,7.545381793252583,2.8047687730047626,5.327722721719093,10.331901834266771
4863,8.660547456183167,4.016870825359471,2.8430864138592784,7.518652985699737,2.798939639069996,5.324347704521369,10.334069475238769
4864,8.673117934798105,3.985926633998392,2.8044600678993796,7.643762518340381,2.798939639069996,5.2977564301919395,10.229895507172168
4865,8.673117934798105,3.9727950955205005,2.8044600678993796,7.625860970813914,2.7739874631527233,5.291804695985507,10.220006660975736
4866,8.655152826248008,3.977231325151533,2.791003965786747,7.682282860853464,2.775463333393366,5.280898916798064,10.168714514004062
4867,8.658749732637338,4.062328263701734,2.850730032327629,7.637225650709128,2.794557389462965,5.275435009955905,10.238675151255773
4868,8.6515539716977,4.0781516948977545,2.84859961668019,7.678068046033064,2.8192730105800794,5.267054087974972,10.175351787385354
4869,8.637965933803727,4.172797662803463,2.9176666504718156,7.573042467714108,2.812033072881167,5.271503269176178,10.412250216523878
4870,8.633884089204777,4.168630632479975,2.9093874854250226,7.455424372596874,2.8365508015002336,5.293335974526236,10.482762653589402
4871,8.649291229486213,4.166843100350144,2.912495765063187,7.438349767475186,2.843709569211831,5.298945732274504,10.472118685517428
4872,8.646574920604442,4.171310060132841,2.9353298495321516,7.460585019303488,2.8494197267284656,5.28891070510987,10.448652212341807
4873,8.639325990467063,4.159533621798114,2.930370738552836,7.410251397001594,2.835116221466896,5.290102598164634,10.425652549848438
4874,8.657433496807656,4.1499612752504245,2.9372080394574724,7.362886471472413,2.85226922377748,5.299441502110443,10.351929962340094
4875,8.669628228292744,4.106069593765408,2.893780776446387,7.353785918109948,2.8465599420656287,5.318224107694372,10.315082491573422
4876,8.653815943299907,4.14276309738353,2.9358909701088907,7.3561118340288205,2.826458967540794,5.29502942139454,10.321054732295911
4877,8.664211107763974,4.080755649086232,2.913461510813684,7.380501092174331,2.842268172508524,5.317717605540321,10.218357307843439
4878,8.673688177076468,4.0804494138752645,2.886772212634524,7.349190728883235,2.830781977363266,5.314170329484396,10.185297136611624
4879,8.68180065716936,4.053073609458007,2.868622343801501,7.365035585015825,2.8264589675407943,5.336920700851132,10.09532878717232
4880,8.679548181163838,4.062020217628588,2.8843139723714097,7.353224670728015,2.8061700380892307,5.333558249256915,10.130440176180267
4881,8.692601961760444,4.043199563238133,2.8930809150838472,7.318600014590237,2.8105337331977376,5.3503429974066155,10.185849285178726
4882,8.697097349365503,4.043354294952457,2.8664980524316555,7.27326246170636,2.795953552930728,5.343133972249525,10.099237906908492
4883,8.676844204468456,4.104336063183838,2.922287494910437,7.278028726511134,2.8003379919137332,5.330193034171787,10.190265070918967
4884,8.670981819687354,4.084089619867015,2.9267736819463783,7.331633858249057,2.816338301378316,5.333558249256915,10.165947317269332
4885,8.672335135896997,4.1064597083653736,2.93468891419064,7.37809526229643,2.80762558477375,5.333390054187803,10.218907130749988
4886,8.655624966230862,4.109036498710187,2.937092385283929,7.377372922300452,2.80762558477375,5.329688013169117,10.227699062034663
4887,8.657885552564967,4.113578648223907,2.9436032137576094,7.350471777859959,2.8177870105347997,5.329688013169117,10.227699062034663
4888,8.67954818116384,4.082256436225167,2.9209053235589293,7.3619521727147506,2.8134379672166,5.34565018679841,10.173139989652002
4889,8.682701434458956,4.101907286183104,2.9345171395558665,7.445713838853916,2.810533733197738,5.350510498636624,10.15265109337932
4890,8.691702520786238,4.112368047285495,2.92608408241273,7.459673403171544,2.8148886208738144,5.3541937990369215,10.21230671064745
4891,8.67459005181127,4.1898176900453645,2.9480472048861928,7.527055841293769,2.8148886208738144,5.343805113699855,10.338944503262884
4892,8.670079456009951,4.183459447630282,2.9413779375046123,7.53636900075284,2.829341930024055,5.336248431310183,10.330817791605487
4893,8.673237193899341,4.181830897323769,2.9413779375046123,7.458471648810753,2.8235721695831595,5.349170297488051,10.262768754582485
4894,8.680899758123912,4.160584102761193,2.9444585060150756,7.475184856231867,2.8090801491991106,5.353356975164935,10.315082491573424
4895,8.683602090038228,4.152225056479389,2.9489008186664902,7.480662673789965,2.8090801491991106,5.356536000027793,10.418686139182496
4896,8.67999873727705,4.1911468952080035,2.9686150300305183,7.526091373045574,2.8134379672166,5.3503429974066155,10.53524424466102
4897,8.693950895964685,4.191442199571595,2.9735170076633195,7.56024049512536,2.8148886208738144,5.360046802259747,10.53577262541992
4898,8.686753426753619,4.203820597621458,2.979082346672276,7.509430755404395,2.8076255847737506,5.35770660040987,10.52890098112665
4899,8.703385811876535,4.181386603840411,2.9726725902264635,7.50910314401022,2.823572169583159,5.3712279611669524,10.487547849300578
4900,8.703385811876535,4.207495489136795,2.9726725902264635,7.611943810207656,2.8061700380892307,5.37072796057432,10.52890098112665
4901,8.704732569756413,4.240673990483392,2.970137461270417,7.623230371048279,2.820681521995116,5.368060266090192,10.66159996611171
4902,8.695299557596012,4.251272147856615,2.9915132192502534,7.618922296210034,2.8307819773632668,5.366558928769127,10.623010121314826
4903,8.67954818116384,4.264002435690618,2.9998745106925573,7.630385922533927,2.8451302891542594,5.35436114336862,10.676154178686371
4904,8.666468777337702,4.264002435690618,3.0042104096049256,7.677359859963292,2.8593849593341374,5.339440729779663,10.640763228544913
4905,8.658789571855849,4.268331008270659,3.0003752233119494,7.7057425166287326,2.862224804392181,5.3320442448266,10.688608679542709
4906,8.661500892354907,4.264724261894085,3.0100343561511917,7.743373250719316,2.8636433515473967,5.327667305530964,10.683940457854723
4907,8.680899758123912,4.27682722880852,3.0198187756261903,7.752968473358422,2.877778780250555,5.3439728819077885,10.713461136212988
4908,8.699793129740446,4.297043224260722,3.019322259127377,7.752223854148991,2.8749589347581623,5.35201770244319,10.767052108932074
4909,8.70832259787572,4.295756542623146,3.0260988034958154,7.77152071743484,2.872135481979868,5.353022197902161,10.742361085732366
4910,8.716841197700765,4.280277035287145,3.015843661477611,7.658045652312554,2.8678935111291084,5.365891492093968,10.771160113853622
4911,8.723111128548236,4.282718458578354,3.0138535426942945,7.611208421830509,2.8693084091148173,5.368227047588136,10.697419193165919
4912,8.715496876606316,4.324799048293996,3.0443465964829164,7.612172470245291,2.86647770328755,5.355532362985134,10.737207810395267
4913,8.720872541576648,4.333858237893429,3.0500709451204506,7.649557208489983,2.877778780250555,5.3607151869568055,10.605218283463156
4914,8.696647946806818,4.364672660671108,3.07751659889156,7.729977805389155,2.870722398861148,5.343637338630839,10.711392966389308
4915,8.706976563280387,4.363131661606786,3.0725060919461598,7.711709725509611,2.883407700211602,5.3540264478920125,10.669919825435398
4916,8.692152256427581,4.361870316674074,3.076870679008402,7.776217526487768,2.8820018126479594,5.337088751001805,10.72792378733868
4917,8.690353131954799,4.368312207809665,3.0783237505011023,7.719188722423933,2.8960207203834774,5.330529680216627,10.721728619885683
4918,8.681350222868966,4.376416996771423,3.07088752714726,7.6954263092711255,2.8960207203834774,5.32277980243889,10.787571763409396
4919,8.69844537558573,4.340777543136457,3.0531725965028436,7.766680213403221,2.890423784326357,5.345817879585663,10.692755981547553
4920,8.690802958555507,4.361169364145879,3.0699158546482637,7.758501854709944,2.8960207203834774,5.341959210410251,10.632935734732683
4921,8.702487822460885,4.349652737355893,3.065051471386971,7.777918640475707,2.9029971377880086,5.349505388777588,10.638676630343017
4922,8.704283680621455,4.3572413150524865,3.054477327852141,7.77748392024504,2.9320625183673696,5.359712569195723,10.613072412995045
4923,8.687203496161773,4.373205369634675,3.076870679008402,7.88179328470997,2.9265552270632855,5.350007974453115,10.52519844411899
4924,8.685403036247802,4.390623015002487,3.0771936610258876,7.796129423775026,2.9512327767595177,5.344308397743517,10.529429776550426
4925,8.685403036247802,4.41692676622511,3.0771936610258876,7.830633726121485,2.960757355314216,5.338936847942073,10.566886211612115
4926,8.67729494347195,4.400614855222447,3.0691058214390607,7.84820455724617,2.960757355314216,5.336416509037723,10.719662527588428
4927,8.689003470143405,4.387981335321185,3.0577359843653333,7.835495259753411,2.972944905312242,5.352519980866697,10.77937000706536
4928,8.693051636790484,4.375858673467974,3.0791306265267973,7.933466158685013,2.9742950640640156,5.352687393365053,10.764997340665305
4929,8.693051636790484,4.39201254152186,3.0738001445711904,7.950565186036677,2.983723907575486,5.357204955329846,10.869146652050842
4930,8.705630257579358,4.387007562542541,3.0739618512584577,7.990183122532868,2.981033915712515,5.365557733200543,10.8813142467948
4931,8.706527824843695,4.393679217838555,3.071211328998581,7.960056091846544,2.999797953461147,5.3722277805104826,10.862040687400265
4932,8.694374494039478,4.397703622879659,3.044837804310774,8.017386986360458,2.993114098101903,5.369727777445559,10.869146652050842
4933,8.682198994014653,4.417478338020557,3.058875446040105,7.950763607932158,2.993114098101903,5.361717560516351,10.917711132102793
4934,8.698428062035983,4.40559971102964,3.0336783018975613,7.944005518506892,3.0011323984805722,5.37089463417542,10.86762445482228
4935,8.692572117840154,4.390900966129465,3.0410692358488856,7.9467199222982865,2.990435105165662,5.369727777445559,10.79320576245949
4936,8.707876831308923,4.323381315712337,3.0102005390023736,7.958720929824258,2.983723907575486,5.376890402726774,10.684978070045283
4937,8.70202916902773,4.3356953738757085,3.0239522845740665,7.953527585393212,2.9742950640640156,5.37739577987671,10.628758000640882
4938,8.693022757525403,4.383248941687636,3.0404132114294384,7.887486187174053,2.9999848223116445,5.373688242889798,10.621441814614348
4939,8.68806404622871,4.401030540803273,3.0612480526091788,7.826795375761335,3.0200655933596905,5.374025429391817,10.687052900769114
4940,8.688514990501037,4.407259697905079,3.0569977033136913,7.823049423207902,3.0147277514261455,5.379921738140524,10.663680723661695
4941,8.670453380825416,4.4278037457890065,3.0827091792156196,7.853279142293509,3.0187322853884644,5.370821044180122,10.721728619885683
4942,8.630999196323506,4.451502201370812,3.069563024540878,7.837523778861998,3.0439352667008612,5.344416627880611,10.66888030516857
4943,8.633273041884754,4.47042476192872,3.0818998026722686,7.845791371549492,3.0492066227568357,5.343057971063521,10.717079182555796
4944,8.626449162726399,4.472591816233917,3.0820617001303843,7.855965257534826,3.0492066227568357,5.325354315696429,10.730503732207525
4945,8.607304791560825,4.473674830678522,3.092238996091508,7.871859078730675,3.051837854789756,5.321428719721938,10.764997340665303
4946,8.605935213200349,4.449769115921477,3.0809281851928,7.819084819267047,3.051837854789756,5.325013109159872,10.698973008750809
4947,8.624172973205205,4.448542164627339,3.0793079351808736,7.7649716242201166,3.0426155684383978,5.3401693300971065,10.630324901551667
4948,8.630089439578844,4.421436889605365,3.0689119301842664,7.747776669737083,3.0465724298072487,5.351203173781881,10.533658895233184
4949,8.638727090906803,4.429262076209692,3.0852973259459198,7.6628243428831375,3.0333567262406,5.360347265727477,10.556879619964796
4950,8.639181392554839,4.454128044745762,3.1115045581354295,7.632317826698181,3.0360058633274454,5.346793195321426,10.5842368052192
4951,8.655062388771173,4.45126812486338,3.0991604269927113,7.67358189414634,3.064949921336297,5.3557777617503355,10.596832185476467
4952,8.65415592572648,4.418549374305776,3.088044136720685,7.642999966783768,3.0636420029931,5.365756412212348,10.542110504155323
4953,8.664572794578854,4.393974861223418,3.0882056147285413,7.664307940860018,3.0570914728313463,5.370989758120262,10.474248606347615
4954,8.650982330690557,4.416898261420449,3.082385461818255,7.63728382145055,3.051837854789756,5.37436258833816,10.453991527529897
4955,8.657781036221348,4.450450565152409,3.099321150997013,7.61379984236074,3.0557791712175355,5.372170562461835,10.46146060655799
4956,8.635546107609409,4.4196496698941905,3.089658422156821,7.583108681968858,3.0492066227568357,5.373351028825848,10.45292394868702
4957,8.648714548294452,4.373404964135362,3.064022976045607,7.650359894035455,3.0187322853884644,5.37773266360854,10.384301142121272
4958,8.665930314317029,4.3541107292088865,3.0592873087255548,7.732640023571871,3.0133913659981415,5.38799444247404,10.419222232342207
4959,8.665930314317029,4.3541107292088865,3.0592873087255548,7.7005692459007475,2.9972941343889996,5.38799444247404,10.419222232342207
4960,8.69977870469685,4.3541107292088865,3.035959726444124,7.773725889852537,2.982438768893261,5.38799444247404,10.419222232342207
4961,8.712820860969542,4.309931154600705,3.0103939995275644,7.796100426815621,2.979727421621422,5.405264156518832,10.325937764948998
4962,8.704728725924172,4.339918695914022,3.0268613910636772,7.864318962170377,2.968849751604781,5.396219109672627,10.386454549789194
4963,8.700228858224998,4.354811740627344,3.0525757162490503,7.864799304166916,2.978370542092988,5.394206415686861,10.41064042599742
4964,8.71102345489938,4.312629804031164,3.0258666888030756,7.817608680210706,2.9932521930446536,5.40459482915449,10.332443800043107
4965,8.715516064820648,4.332447148737108,3.0306704779755895,7.788778142882422,2.9688497516047807,5.406267945186406,10.32376789962959
4966,8.707427192735384,4.37368377605303,3.047816861790468,7.749990328778037,2.9688497516047807,5.399906511134067,10.347603834395457
4967,8.711922218314664,4.350463097551611,3.0356295000560665,7.634224190492735,2.995947609812374,5.407104250332177,10.306387546981542
4968,8.717312264408454,4.329482077136766,3.031332291549517,7.587707353030909,2.9878518530872746,5.411283251115168,10.333527620522073
4969,8.71461778417768,4.352006812346625,3.0402484190553185,7.574917623945446,2.983793239269837,5.409779295244823,10.36489423825546
4970,8.724492246677915,4.298116421863608,3.01955699152496,7.564524824726926,2.9810834967820607,5.419962133834108,10.304212317350268
4971,8.717761238984286,4.3038155430498195,3.032986002621037,7.562365545614417,2.9729349538096304,5.411116171795129,10.363274858953853
4972,8.71551606482065,4.343718521736815,3.054050638646466,7.571452785268949,2.982438768893261,5.403255850402626,10.33677819387374
4973,8.72224932921502,4.360834381262884,3.0643492224589033,7.655397128475542,2.982438768893261,5.414957297458229,10.370289790609773
4974,8.72852760646274,4.375774127906003,3.0775243765835474,7.6388373405268375,2.9756543646415463,5.412118546938542,10.407956721017495
4975,8.732560537579069,4.361533985386124,3.061411374100872,7.6225826349288015,2.9756543646415463,5.419128412525428,10.44010190807422
4976,8.723146586345461,4.361533985386124,3.0576521041795806,7.6551068087723575,2.952435221431061,5.419128412525428,10.44010190807422
4977,8.729872186487109,4.355372443947612,3.062717537669361,7.704116151860035,2.95654998592112,5.427125252230142,10.395062370814122
4978,8.730320319887358,4.335268571072413,3.0450226829188702,7.607921128528037,2.95654998592112,5.428955700777671,10.37082914475088
4979,8.742408614426392,4.303103690532969,3.015729606400938,7.547992046472943,2.95654998592112,5.434442229006241,10.330275714706527
4980,8.742855910998525,4.3109256498868795,3.0263640931664053,7.516887739399095,2.9220291540351977,5.434442229006241,10.330275714706527
4981,8.750902157658393,4.275364451047933,3.0228800232976383,7.569735910986043,2.9303624943254887,5.441912251034174,10.297683036816746
4982,8.750902157658393,4.285257274883674,3.0137301957108247,7.657455329252275,2.9122676287254565,5.445890806939535,10.286788903052457
4983,8.746880239502145,4.292407440267976,3.023876005426155,7.703653292928625,2.9094707817083023,5.440087479407199,10.280245202892806
4984,8.755368133513475,4.301537074808718,3.01839280436652,7.767275361201281,2.896841400497375,5.446056497948444,10.28460827224399
4985,8.765628633423892,4.274790039269979,2.996664961394089,7.749250029694785,2.9010591528051135,5.456812362194803,10.234286555558173
4986,8.764291194615014,4.254188388074952,2.9978401509503243,7.760855820311628,2.894025115809317,5.455159411624876,10.240868530530562
4987,8.765628633423894,4.251296665954132,2.987410361892279,7.786789769120741,2.8727881692921464,5.45482874321399,10.256205082778315
4988,8.774983272064942,4.229817800972495,2.9568581629278756,7.7533295225936625,2.884139887919737,5.464407548656253,10.293871798244723
4989,8.775873512695922,4.212883169925604,2.9450368216573457,7.743787409675809,2.8499076887073533,5.462097426405108,10.321597440083249
4990,8.770530303135724,4.241445591382288,2.9743908346752184,7.702040938816222,2.8527808291444723,5.459620882315112,10.282972403821784
4991,8.762507529217423,4.262127452476473,2.9670877773768822,7.679645548918215,2.8670903382406627,5.453009600044163,10.243061298052957
4992,8.775873512695922,4.233019591396701,2.9777796600590305,7.764755113242299,2.844150060102884,5.469847809683862,10.200742585316352
4993,8.76874829073132,4.216394157336465,2.986061124656963,7.745681649623487,2.8427082787697953,5.466881268787974,10.216707607859586
4994,8.776318588902031,4.235055453000702,2.9803179861369626,7.712563362011883,2.8455908900301896,5.472318327162463,10.210105335366592
4995,8.776318588902031,4.236799463143768,2.9803179861369626,7.734091354656842,2.8484697026046004,5.4719890087747185,10.225502002300175
4996,8.776763635709054,4.2527428471694115,3.0003563957042867,7.791431637752449,2.855650205298179,5.4729768865056,10.216707607859588
4997,8.800752654029766,4.223988261709946,2.9706573084891463,7.724888071672123,2.851344730315646,5.487767271166782,10.196884079926862
4998,8.807002352282636,4.217417478251437,2.96657738758367,7.681175888634377,2.8398218549178975,5.497435080395473,10.168161153131276
4999,8.830165102876249,4.153199565838995,2.9315986994595753,7.699292823721417,2.8238777442560132,5.502669387013755,10.124877526844871
5000,8.811462887980863,4.13285486347623,2.9255426160745266,7.73144505088069,2.8019449167103714,5.502669387013755,10.124877526844871
5001,8.807002352282636,4.13510516416436,2.946753888162138,7.840131383294537,2.81950894959181,5.502669387013755,10.124877526844871
5002,8.788235883552549,4.168966900402715,2.981332528468095,7.859656810045591,2.8369316044853474,5.471303318147809,10.125990375158391
5003,8.791814472404118,4.183032290080448,2.97337320583311,7.857784054994015,2.8499076887073533,5.4668269976563515,10.160409978321828
5004,8.794050127263944,4.184361608381699,2.989180644035214,7.832383449700135,2.8253320542001408,5.474616038008511,10.140998262925185
5005,8.802985352602718,4.1827368112772545,2.9531575176688554,7.731884912790895,2.8499076887073533,5.479249463908729,10.117640125840355
5006,8.786445877121158,4.1862807642340325,2.979164940896115,7.747651086872089,2.83837720890181,5.457860004211294,10.102028929035637
5007,8.800752654029765,4.182293542085645,2.9588291849483577,7.673002681609856,2.84559089003019,5.4472075442040335,10.0975628112581
5008,8.794497169403733,4.176673493473962,2.9779737241501123,7.719803576666443,2.8427082787697957,5.443205868366953,10.085267700006883
5009,8.802538871900307,4.211396585850302,2.990535342964599,7.791628260387243,2.8412655442901364,5.452204260420742,10.026315587628064
5010,8.801199252767333,4.216952819010341,2.9937495535154253,7.823934548888544,2.865663573993485,5.458691087537021,10.013906386247484
5011,8.793603055520657,4.248356095328377,3.0136116539645466,7.728595611711635,2.8556502052981796,5.43936732980142,10.01559972945761
5012,8.78599830128706,4.2564484776246685,3.01310879681529,7.707956374331965,2.8685161782413617,5.422636855519895,9.966340473678965
5013,8.790920003083766,4.230219924972476,2.981035600398733,7.700762930677802,2.8798898229816077,5.439200356770182,9.890417158646228
5014,8.780625073006268,4.218267372951382,2.9935804966007185,7.72136943252449,2.874210328810325,5.429504472532707,9.866858581913036
5015,8.796285042036533,4.180517345088095,2.973032057747864,7.747980317569759,2.865663573993485,5.449206946886018,9.872611329129626
5016,8.792708823201924,4.186274505598477,2.982055315947487,7.6750477233767365,2.8613777191480083,5.440202094828535,9.82878036065643
5017,8.795838118256457,4.207003331754569,3.001175783502402,7.685386710990457,2.8670903382406627,5.432348705097201,9.880083379043972
5018,8.80655613684394,4.180665093608944,2.9986468053335997,7.699224034290421,2.885554764693297,5.442872222378898,9.82878036065643
5019,8.79047272396405,4.2617842540031825,3.040936678163617,7.754242476432342,2.905268932685695,5.430173878310678,9.981094814345914
5020,8.809232987881227,4.286760973586421,3.0508541135527123,7.787557761388357,2.90667042819044,5.441537371936947,9.982228587228603
5021,8.796731936240242,4.308709738940935,3.071872159087517,7.672039018818577,2.916456351067838,5.438699397611528,10.141553555136165
5022,8.796731936240242,4.305156534747244,3.071872159087517,7.751271908989095,2.917850851690547,5.454534021236404,10.083589580680574
5023,8.807448538274505,4.299605896068297,3.069582435931788,7.750916697066378,2.916456351067838,5.467490457489981,10.054444176506825
5024,8.819039055811173,4.259622150719098,3.0534916804261645,7.733100760355035,2.9094707817083028,5.479414849023288,9.948142135407126
5025,8.82438183885174,4.257314330468934,3.0525029407281004,7.735716081290715,2.8897939827720425,5.481398963443411,10.017856940469064
5026,8.827051650929912,4.265096706749299,3.033304683701759,7.706465517366868,2.884139887919737,5.481894845896336,9.982228587228603
5027,8.825716876391358,4.275157525425979,3.027647527745917,7.795103974384998,2.884139887919737,5.490810758181822,9.960658145018357
5028,8.827496517356186,4.268549610205243,3.0229783337686533,7.834401004617403,2.862807266114558,5.4950968863990814,9.911042635772107
5029,8.824381838851743,4.301599506492421,3.0434199841804004,7.8667115426097665,2.862807266114558,5.4932840560872025,9.981094814345912
5030,8.831943576432874,4.3018842097466825,3.035796123894396,7.791570071372434,2.862807266114558,5.4972383183776845,9.993557103157004
5031,8.824381838851743,4.3182135561562385,3.0419303174582883,7.82004268037554,2.8699410956507605,5.497567673018172,9.960089679884927
5032,8.830165102876249,4.33756239432155,3.0487089013568403,7.72806129606512,2.8670903382406627,5.502175942031717,9.97769248873331
5033,8.822156191449155,4.355118877037588,3.043585444083483,7.7224958294768635,2.8770519014211335,5.4995432613601425,10.04995049236261
5034,8.834166012585278,4.3217527851778845,3.026981074359137,7.738321068420774,2.858515830786771,5.509571573922852,9.959521172486276
5035,8.839052810339027,4.264376893419866,3.0043751763216915,7.80162121440017,2.835485039906694,5.508093482234239,9.902455487325811
5036,8.844379851882854,4.238502556863049,2.9847723393767533,7.78798861399755,2.8311395674994952,5.4969089380318765,9.88640013840776
5037,8.843936091382865,4.264808800407578,2.9898580934426184,7.731640383744448,2.8122079660855586,5.491140615079827,9.890990845213873
5038,8.83816456343533,4.304303197149737,3.001175783502403,7.754907093309395,2.8253320542001408,5.480737695926797,9.908181330053992
5039,8.812800475280241,4.362535063063705,3.0399426157707645,7.582732899235069,2.841265544290136,5.467822148084251,9.95269578384889
5040,8.82527189310758,4.359598539851068,3.026314429784392,7.583133164041704,2.8499076887073533,5.472628719540526,9.95269578384889
5041,8.827941354581363,4.3579193691864235,3.0172959383876794,7.558192194741025,2.8599472412653304,5.488170973225074,9.939026683923316
5042,8.81280047528024,4.35665943789686,2.9951015614074232,7.600484893003844,2.8527808291444723,5.472628719540527,9.870310754328306
5043,8.826606755297217,4.303734182970491,2.9912123927643117,7.617755073384764,2.8527808291444723,5.498061656793573,9.821836376975945
5044,8.806109891953037,4.389542093481353,3.0238128072664248,7.680707370062526,2.839821854917898,5.460352759920538,9.872036250898661
5045,8.8123546422313,4.402274202517644,3.0316422415997177,7.608458856967192,2.8670903382406627,5.4676563060633985,9.909325981485262
5046,8.796285042036533,4.419496787662725,3.0432545125591233,7.654629686610709,2.8756315723096155,5.452870038675911,9.970315594127594
5047,8.793603055520661,4.412755967447112,3.041930317458289,7.626090069001207,2.8869687383648843,5.462013773882399,9.991292738385921
5048,8.793155954168464,4.41068976767602,3.048213573088653,7.684675258936685,2.9010591528051135,5.459189658429336,9.957246720065879
5049,8.801199252767335,4.41041417910155,3.0435854440834835,7.657993934453407,2.888381810528129,5.470474729853561,9.906464029867731
5050,8.79851921739959,4.401721629812925,3.042426978599481,7.663953866151106,2.888381810528129,5.467324602363285,9.858797388319863
5051,8.784207700881973,4.415096138117038,3.038119067513856,7.727783753687592,2.894025115809317,5.4561973428394825,9.851880953886761
5052,8.768519622603264,4.410965333822699,3.0511839718399845,7.8062226923598095,2.8926156338350415,5.438532397867876,9.812567772516838
5053,8.76133573839918,4.42485237409895,3.062371637143591,7.841278030326248,2.916456351067838,5.442371703439187,9.818361985874022
5054,8.765377616934165,4.434991112840382,3.0726893787963747,7.741126267530598,2.9261996883000734,5.450039749366182,9.864556259303402
5055,8.766275482527137,4.434854304056734,3.070564018197125,7.7977479382940285,2.9317483857852524,5.446874217474371,9.807929191000019
5056,8.768968360850169,4.443053122290654,3.069909675445357,7.832158070409808,2.927588147044048,5.441036693041543,9.87835971324559
5057,8.789130708701503,4.431021423856977,3.063028078189765,7.818384244554876,2.922029154035198,5.456363638675101,9.895578778297578
5058,8.799859367982382,4.408070769981613,3.0526677596470453,7.809275711477331,2.9275881470440486,5.4724630672328605,9.964636218257228
5059,8.796285042036533,4.416609505636396,3.0576069476505925,7.845193181949995,2.9136647410881324,5.476933389197302,9.995820799814016
5060,8.803431803809831,4.433759635823001,3.0605654784850103,7.773678489199221,2.9164563510678385,5.476933389197302,9.995820799814016
5061,8.807002352282636,4.425538377293513,3.0671266897044567,7.809539061511989,2.910869642770017,5.478422440781002,9.992991074621255
5062,8.803878225527034,4.428966317528328,3.069418799132952,7.822653680384548,2.9164563510678385,5.472628719540526,9.943585770262127
5063,8.81413779818623,4.397712772467191,3.055467909728445,7.775201298730801,2.903866555977418,5.483216913533712,9.900736893320342
5064,8.831637386591847,4.4112408775466205,3.0626998805755203,7.731752170946406,2.881307418669102,5.479910965357743,9.95497159070603
5065,8.831637386591847,4.428966317528328,3.0626998805755203,7.7267189585126275,2.874210328810326,5.475278268714507,10.016728417783204
5066,8.822220149833495,4.408070769981613,3.0831248886671574,7.746125295862198,2.8727881692921473,5.4711376135654755,10.05332100075132
5067,8.82087376108052,4.411240877546621,3.0795428771192817,7.758916830498355,2.857083486027623,5.4639194653775425,10.109838452480393
5068,8.80289626843323,4.469428742911829,3.104342833367688,7.696326269797037,2.859947241265331,5.449277189216291,10.117083123326612
5069,8.810992052932448,4.483754889851322,3.1149615716191077,7.739903454535167,2.8869687383648848,5.453321553432953,10.23209133818836
5070,8.806045781112271,4.481191383044853,3.1061159075947837,7.81547918114238,2.8869687383648848,5.448771368721812,10.307474937575922
5071,8.803796278961306,4.50714297688057,3.109979864066731,7.806820380872181,2.8770519014211344,5.449782948559209,10.35409214346137
5072,8.791636007945183,4.5169082929330875,3.120413473921294,7.813038083284443,2.899654123257523,5.436613277999969,10.367052898140495
5073,8.80289626843323,4.525047310812106,3.136695212896686,7.912238139856866,2.9053130877084983,5.440838848197327,10.397212875825854
5074,8.778098848763138,4.529841730933212,3.1516745858321604,7.8487778912373525,2.925007334280792,5.421365680411804,10.597880920463345
5075,8.78261425522993,4.531305374878608,3.1421240231782837,7.9645108152508275,2.925007334280792,5.425945820694298,10.53577262541992
5076,8.787577712222252,4.51957892718081,3.139251470492684,8.049878842646086,2.925007334280792,5.432721971475724,10.527314387253766
5077,8.79298823104701,4.529309344012776,3.135735916388084,8.011175703708394,2.9389695794508652,5.434752671155532,10.478506756358662
5078,8.793438911891512,4.528111175310204,3.131894901884451,7.932587037166235,2.915181874575378,5.4453976678175495,10.422973878874059
5079,8.801095887703799,4.548151293071016,3.1352561247510424,7.894436856528834,2.9222044505618046,5.4435409712483,10.429401183812361
5080,8.808294535001517,4.535025431850842,3.1325354970328614,7.898263764654032,2.9123666654308877,5.449445782457538,10.364894238255458
5081,8.815036313978501,4.531038115016759,3.11356568475578,7.938191996792066,2.9179935468745133,5.447590882974742,10.407956721017493
5082,8.82849976148393,4.502327556330893,3.099482465637848,7.887542021104806,2.902485401953511,5.4682854104436815,10.343275349222486
5083,8.824912124692641,4.515978022677095,3.117597270048016,7.80668367414001,2.9081371931136006,5.467278287726126,10.414396099728936
5084,8.824463536498932,4.491179911493105,3.109042221276285,7.875115040691884,2.8954004407269673,5.467446158293826,10.43100720408006
5085,8.827154620263613,4.505276332176593,3.1125970919565424,7.959882202946085,2.8854433898497183,5.469292291606496,10.450788364813818
5086,8.828948082569587,4.504472369943324,3.1132428641036287,7.954479843398108,2.88401729698724,5.4682854104436815,10.408493534121645
5087,8.831189243333844,4.507687098355026,3.1098506112511917,7.903082273101761,2.8797334969627113,5.471305329908885,10.402586605155955
5088,8.822668886610998,4.5111663541530564,3.1193690179172733,7.846981774860996,2.8911386025179557,5.469963411597125,10.43100720408006
5089,8.808294535001515,4.526513623507904,3.1158242096415267,7.820031614771766,2.898237132602054,5.458539748433382,10.408493534121646
5090,8.808294535001515,4.5046063766285265,3.1158242096415267,7.825543922716282,2.898237132602054,5.4661030057099085,10.362734992599929
5091,8.811890986557986,4.486602984865535,3.093467717618328,7.883198366414298,2.88401729698724,5.467278287726126,10.302036489416242
5092,8.816832987760158,4.4759448086304205,3.0902101506062536,7.802044444392769,2.856745000273539,5.467278287726126,10.201844666298575
5093,8.81818018019133,4.4938693854959055,3.096070557608746,7.757965836295517,2.850960102999263,5.4647594230768926,10.21835730784344
5094,8.819527104582264,4.489296030748643,3.0840084189263406,7.82059531399173,2.850960102999263,5.472479156851868,10.17203385585481
5095,8.81997601984026,4.5024616461736064,3.0955827422457602,7.793211706279965,2.853854460943081,5.46811757343639,10.103145056688406
5096,8.806945372420797,4.527179359333615,3.1059678393503405,7.783332158766879,2.874008818646391,5.457193739653384,10.076873462619448
5097,8.783968287637654,4.5269130803067235,3.1190469794465927,7.786653197122226,2.8868685652044896,5.438304019296263,10.155423010142437
5098,8.782162850662786,4.535955148923671,3.1048341725718447,7.825285688640877,2.9137747128784715,5.439994076175016,10.206802112750784
5099,8.792988231047008,4.520382859899092,3.0763153123154625,7.815853720327906,2.915181874575378,5.448602748297548,10.114854713711155
5100,8.784419571360981,4.509025687516021,3.084825364263654,7.840984740977761,2.9179935468745133,5.442865604298855,10.086945455694373
5101,8.792988231047008,4.477565901103049,3.073854783958932,7.976735907807078,2.916588152062046,5.449445782457539,10.059496446149451
5102,8.79343891189151,4.477160699662316,3.0731982096257444,8.08104535211997,2.9095479070999244,5.453153116259037,10.043205054597895
5103,8.77900217208034,4.48107564801887,3.0776265465434745,8.017852877533828,2.923606329950865,5.448939982349186,10.038704815552112
5104,8.797944066553093,4.489161428431271,3.0715559738670533,8.028386790138734,2.9053130877084983,5.46022165167046,10.007129280448028
5105,8.797944066553093,4.479591192233716,3.0715559738670533,7.952604814442201,2.902485401953511,5.473149767879394,9.947572738425698
5106,8.797944066553093,4.50071807229576,3.0715559738670533,8.02985206558667,2.8925601241136247,5.469963411597124,9.977692488733311
5107,8.81144153467744,4.496556764508339,3.073034037490179,8.05766958005747,2.90389969315999,5.4728144757453485,9.970883299971721
5108,8.805146070081875,4.516111584823508,3.0942814114864317,8.078220250105606,2.9081371931136,5.471976128324809,10.049950492362612
5109,8.804246239285519,4.514775731740628,3.0672807990466366,8.054307273786298,2.9208016945992274,5.4744906689394925,10.022933244565994
5110,8.815036313978501,4.512369897879843,3.078937053477776,8.094568301949895,2.9179935468745133,5.479515241982552,9.97428865122886
5111,8.801996138028796,4.5331652525061115,3.090373135196609,8.116788493803128,2.913774712878471,5.475160959066542,10.004303721186679
5112,8.827603030336372,4.496019456088351,3.051427871435138,8.103590515512169,2.9095479070999244,5.489045432580709,10.005999181462698
5113,8.835221466827944,4.4825594635224135,3.0371346282316414,8.122000239840842,2.8925601241136243,5.490047357243843,9.993557103157006
5114,8.83656500876912,4.467286035267195,3.0414650704985715,8.042479524609556,2.8811623521876193,5.49522017807146,10.000346190966242
5115,8.837460555590248,4.474728487206313,3.038801134268467,8.127445715220118,2.869705542980972,5.495386937671247,10.1037030602901
5116,8.840594038964378,4.467150568433507,3.028784171083402,8.031771576897905,2.8668320164484498,5.496720777242597,10.14044293110469
5117,8.840594038964378,4.452216416675832,3.0054108196681595,8.00976113336675,2.8668320164484498,5.4975542129207415,10.110395974938905
5118,8.840146487058247,4.435302932987792,2.997453820824124,8.090826236211099,2.8882928246834623,5.497720880307623,10.101470804968493
5119,8.844620678773737,4.422013425008702,3.009800798689823,8.141828317506988,2.916588152062046,5.499053982538562,10.069591082167872
5120,8.837012796956719,4.456295833457314,3.037301332435196,8.318743248781514,2.934789989247389,5.493051703135869,10.129327964633525
5121,8.827603030336372,4.465795605679053,3.0411322446876894,8.300637308773801,2.933395068286371,5.482359837933824,10.1037030602901
5122,8.821771383322885,4.474187761645794,3.046119659711265,8.269431358658895,2.9459184089501336,5.480686779106913,10.022933244565994
5123,8.821771383322885,4.4902380998134666,3.046119659711265,8.34733732910401,2.965262465575038,5.479682624404251,10.054444176506824
5124,8.820424905337857,4.511567581864367,3.062503159566617,8.480119732827042,2.965262465575038,5.478175942772568,10.145994467819182
5125,8.826706180517627,4.506214051986908,3.065305021169827,8.51433201095064,2.970759234527469,5.482192561979021,10.173139989652002
5126,8.831637386591849,4.5163786936816495,3.0628329636441194,8.489521438104905,2.974873133255204,5.479682624404252,10.19688407992686
5127,8.839251294691657,4.522649838012672,3.0733623703382036,8.527548878565456,2.9583727840215226,5.491215968403876,10.176457451444195
5128,8.840146487058249,4.532367728334714,3.0905361085910847,8.562729403363056,2.970759234527469,5.492217377336959,10.31073621315588
5129,8.842392065483011,4.53555672914662,3.0880903311364105,8.634187865183124,2.977611620614115,5.490715174720387,10.382147152619877
5130,8.837900165363079,4.539008187360288,3.084661997742094,8.67624060673538,2.9803468312494807,5.485369669027308,10.442240339138502
5131,8.841493923261991,4.544178974034646,3.08564202788482,8.596503422800247,2.974873133255204,5.488377350438683,10.384301142121274
5132,8.84688099524143,4.55304427122582,3.084171830544009,8.543673414333854,2.9803468312494807,5.49892844516057,10.403660917190514
5133,8.849572929582525,4.570576250024756,3.086948104379628,8.546829473814322,2.989894420085942,5.5096174768645945,10.367052898140495
5134,8.841044807582486,4.56307328823117,3.08743769753411,8.55799001449137,2.991255122251716,5.509781712571496,10.380531278403806
5135,8.842392065483011,4.566234387397027,3.0954201148713603,8.482627836414133,2.988532910807829,5.508139068441816,10.459327292898132
5136,8.835653099716215,4.58212836629568,3.1111434661702493,8.467465817805774,2.9871705930909545,5.504523003407015,10.429401183812361
5137,8.82575715540879,4.5922054379606285,3.099644815440263,8.445337425905135,2.995332399285783,5.499422380883672,10.480634986365395
5138,8.816748283423024,4.578325612996515,3.0897211296385665,8.48480422399109,3.0183494979718506,5.501891193169965,10.448652212341807
5139,8.818100378555307,4.5863197427321465,3.0944642656153745,8.615395995802372,3.0223876618963557,5.499587013283736,10.450788364813816
5140,8.806373234836842,4.5851414225262515,3.1110722835019913,8.458382097122458,3.031782819316513,5.496128383755219,10.418686139182496
5141,8.793721211440912,4.601341482172768,3.130947256887236,8.370752677187753,3.0464704843115933,5.48804720287855,10.400974866077288
5142,8.799598311998901,4.603035576212859,3.1330382751700907,8.40989716077293,3.0768866898760643,5.484744303362754,10.37136846235684
5143,8.800050184906542,4.608243086402748,3.1442664931669713,8.394167976623397,3.059743321791247,5.488212279892328,10.312909650607486
5144,8.809532543265975,4.5973112478309295,3.1322342525500746,8.357265035476841,3.0464704843115933,5.4944804204523905,10.361115173681606
5145,8.80998375257715,4.5973112478309295,3.114477271960716,8.310695314920462,3.0464704843115933,5.4944804204523905,10.361115173681606
5146,8.821704645994805,4.595746790721305,3.1120456325533663,8.384255040919733,3.101720859002775,5.507974768931079,10.35409214346137
5147,8.823055751867217,4.588436800632189,3.0977298841006546,8.40498797433134,3.1108052835655484,5.507810463036185,10.311279628464112
5148,8.79914640886356,4.625870979770582,3.089365425007031,8.360293808270782,3.1108052835655484,5.482265427460805,10.520964894728696
5149,8.784669514742037,4.624448446662299,3.0869042982995354,8.417503835744244,3.1108052835655484,5.475151211845855,10.433683188994735
5150,8.781498549151882,4.627939102216502,3.091209595373933,8.453006521698653,3.142971124595071,5.463544105807114,10.315082491573422
5151,8.783310712081986,4.615512252260361,3.091363211556576,8.455190126736888,3.136572309196657,5.466697780473053,10.317254736506612
5152,8.791006977104116,4.609672136813091,3.0907486871523266,8.355333342329507,3.117273060324345,5.472500985904483,10.332443800043103
5153,8.797338493933381,4.6121391383063015,3.097193275230295,8.285343075702261,3.127585296558383,5.475647943210219,10.356253736605915
5154,8.787386299055742,4.614344999356952,3.10010295350665,8.251309383192234,3.139133874249901,5.45789476217022,10.427259322212514
5155,8.792364230701018,4.6126582880584195,3.097959325184145,8.161781897641822,3.159529145230915,5.456564397453136,10.39291128613748
5156,8.795982240070611,4.617067991584037,3.096733526768037,8.165296243231412,3.159529145230915,5.461052686697448,10.29550541123819
5157,8.803664080642097,4.6018702916041745,3.103314780566295,8.217117816915636,3.169662760803035,5.467859063422681,10.289513845104732
5158,8.804567252690402,4.606163436565548,3.0996437671367194,8.219226778835372,3.1314409874185207,5.471672447367702,10.278062763427817
5159,8.791911843160333,4.617197605707511,3.112924381103095,8.185702341752323,3.1365723091966573,5.459723324253211,10.2856986629225
5160,8.800050184906542,4.617067991584036,3.1171829356382155,8.205469987477196,3.1734520058524667,5.470512218792501,10.278062763427817
5161,8.800050184906542,4.6209543556272585,3.1171829356382155,8.164685748599265,3.1493530154950475,5.4638761832222205,10.267141499711189
5162,8.803212449354646,4.609802021873404,3.1284013693421646,8.163756521290834,3.1468022821494177,5.466531856675926,10.336778193873737
5163,8.80411568175215,4.612917834395596,3.124314236179773,8.21135123053281,3.115980903776505,5.473826307800409,10.349226408421545
5164,8.802309096225258,4.615901251123998,3.129611036817982,8.176375168873683,3.1352905042205332,5.4706779853556515,10.345439886684714
5165,8.778326091369122,4.649068330581785,3.135348658710671,8.237789245053344,3.174713778633516,5.4557327049088435,10.284608272243986
5166,8.772430418542019,4.6439264040874,3.138664197736673,8.284403882315225,3.1607981620742174,5.446906590594575,10.280790718468076
5167,8.77288411507626,4.64701244929894,3.1410726363105357,8.33040134154762,3.1683983670819105,5.445739484080273,10.31019276053899
5168,8.771522933768209,4.637230792186764,3.1200683585434814,8.357304625872791,3.1973149415358413,5.441902409541159,10.405272114349998
5169,8.775152139448657,4.631168135623202,3.1338400847393926,8.293907419423629,3.1985644670806477,5.444572051660628,10.375681688759343
5170,8.770161477258627,4.644569550442104,3.142727043462552,8.319618599104654,3.206048305911292,5.4472399897737125,10.440101908074217
5171,8.780592284992057,4.5880447658106,3.1291574828963924,8.248271305308771,3.2159915003421053,5.459058484896174,10.433148063534052
5172,8.772430418542019,4.598614432551284,3.1397181857284058,8.328098079375192,3.1910577497791577,5.452737243383535,10.424581189047025
5173,8.784216610942849,4.571014489172027,3.1446807904918845,8.342762767177772,3.2369889078578655,5.45855978615641,10.393986900960936
5174,8.7882916507315,4.583598651367949,3.1409221793709245,8.349857295822183,3.230831646947541,5.4620494319766255,10.395062370814118
5175,8.78738629905574,4.594703433802601,3.1496332150210495,8.276690567384977,3.2035562231167045,5.463045940382771,10.43582333342433
5176,8.786933577651572,4.586737667824914,3.149333356812926,8.235056123446753,3.2035562231167045,5.463710147800967,10.407956721017491
5177,8.779232660256373,4.598744724567173,3.155173898692791,8.146113383856795,3.228364458018081,5.45822728735618,10.43582333342433
5178,8.770615326682604,4.612139138306301,3.1604034464441506,8.179735078275012,3.2147507913057316,5.449573040168972,10.487016301335407
5179,8.783310712081985,4.592224223426408,3.1630885442705226,8.188404235050365,3.2246590629121665,5.457894762170221,10.520964894728696
5180,8.781951635549609,4.579277926064176,3.1644299804591003,8.241758828519554,3.203556223116705,5.456231740251544,10.542110504155323
5181,8.781951635549609,4.589873888504816,3.1644299804591003,8.128477371073771,3.235758676477453,5.461052686697449,10.440101908074219
5182,8.77651258763799,4.622637125192617,3.178544653456047,8.138310737082561,3.2295983593655277,5.461883324217153,10.420830296285292
5183,8.780139107218627,4.618363919606742,3.1491834137618984,8.168700012968982,3.2406759529582994,5.456730716148046,10.403123779237188
5184,8.789649450498294,4.579015893224463,3.1391159633212293,8.255463780615765,3.222185715117354,5.473826307800409,10.347603834395455
5185,8.792816587924266,4.603301919431883,3.1538273316968333,8.31835257203268,3.2332963841903037,5.47448881203166,10.284608272243988
5186,8.81043493178891,4.597050553138799,3.124617225624988,8.343540262468663,3.265117886794798,5.477965247211314,10.26003455602495
5187,8.814945069659991,4.588959445867782,3.125374531854929,8.291012954172729,3.2345278355338203,5.49810509050412,10.227699062034661
5188,8.812239347752843,4.60694344855902,3.1449812266463106,8.365270976362277,3.213509458222634,5.498434451638559,10.21010533536659
5189,8.815878465880312,4.629101892241964,3.143178048570001,8.307176264238626,3.248033697061425,5.497611000608951,10.190265070918967
5190,8.822696543465739,4.612528507755836,3.152030743231247,8.366264590702865,3.2565903848540554,5.5068244935610675,10.121538025555184
5191,8.818606520897092,4.610321514451574,3.1554730341598334,8.340349154894696,3.263901448694934,5.505838294083154,10.122651352106473
5192,8.8154236831257,4.648040538001904,3.1702343304518217,8.322723500446779,3.2687636640579463,5.49975163926447,10.130440176180265
5193,8.805410719927997,4.665856512814666,3.172463090615323,8.355308936849406,3.29774124050467,5.499418151499041,10.076873462619446
5194,8.791732729977065,4.669690076874638,3.182689221214452,8.36103353319796,3.302446036308473,5.493744824131502,10.134887432654377
5195,8.777569625767626,4.679256097586328,3.192466346879837,8.362027022215571,3.3407243727406706,5.490905296536779,10.103703060290096
5196,8.776654854606651,4.681166247015565,3.192762014803039,8.43405331572186,3.3478381944386935,5.489234092322331,10.074073358552196
5197,8.784883329043401,4.673391962762877,3.1912833183370677,8.518519853499228,3.344283747466847,5.496582441267814,10.137665677585582
5198,8.7839695498951,4.680784298356912,3.1968976267113987,8.463832088338227,3.3371600513056854,5.4979171304631205,10.108165644764505
5199,8.7839695498951,4.697044837864228,3.208822302269482,8.488012572154886,3.351387732491952,5.499251397737652,10.128215593989632
5200,8.796751209731571,4.691978234219392,3.208234784083301,8.541740399645656,3.3725829136209513,5.502585222440464,10.100912640730234
5201,8.805410719927997,4.686650619051902,3.202940801171242,8.598042664140461,3.3335907640876608,5.5112408774751955,10.038704815552109
5202,8.816333218077311,4.671130243045822,3.1948306924187126,8.53915764322669,3.3631843121605822,5.524191257375303,10.042080241108442
5203,8.810874173660062,4.685888886990122,3.203088010175202,8.466647277730189,3.3631843121605822,5.516060387647793,10.044891967219879
5204,8.811784320332642,4.6647499887752675,3.195716734632317,8.514009712669147,3.381947521382403,5.520376669300934,10.011648014932975
5205,8.814968869807798,4.665133124599279,3.201762811728265,8.44071868154756,3.349021918298417,5.518385085748611,10.056690037851737
5206,8.816787939722397,4.655286297549583,3.201320920110453,8.429462413244117,3.373755341633836,5.524025477063515,10.022369376159622
5207,8.820424613695145,4.655542402529677,3.2063243813798907,8.395055050368908,3.3608293101234334,5.5253515381523615,9.982795410773296
5208,8.832230337717073,4.6348669148587,3.2066183859893105,8.387126057691926,3.376098606885719,5.538754627779866,9.99808382890221
5209,8.831776651468862,4.637699221335221,3.2066183859893105,8.41525023513575,3.35847215659823,5.535945137882131,9.964068048736813
5210,8.831776651468862,4.637699221335221,3.2066183859893105,8.430702629667543,3.3608293101234326,5.535945137882131,9.964068048736813
5211,8.832230337717073,4.637699221335221,3.1875826669408323,8.484708480745837,3.3383487092599364,5.535945137882131,9.964068048736813
5212,8.82814606805928,4.668324330511206,3.183876410763834,8.570464594030716,3.316867864415128,5.532141104551972,9.920763036391094
5213,8.840844615545722,4.650673265868971,3.1604715012512212,8.636687245111037,3.357292771325711,5.537598003855188,9.895005438191582
5214,8.85351944879196,4.64104359047383,3.169741104315483,8.678248990046196,3.3959314330040273,5.545852711831193,9.920763036391094
5215,8.863010084786255,4.596928643130431,3.1654097236176697,8.659910414283312,3.410996511844228,5.551127336647888,9.929900329640985
5216,8.854423889825314,4.601611968938559,3.181055893103296,8.588285734931057,3.4545437269668398,5.545522830773744,9.93389445350821
5217,8.852614887391328,4.599401172485186,3.175256180361872,8.608822995898215,3.453406900534368,5.539580595143705,9.99751813418495
5218,8.840844615545722,4.638342613198135,3.2004368984344236,8.661150552152948,3.464753314414181,5.533299214450442,9.976558044311622
5219,8.844921249382903,4.6447701487809026,3.2033824017482386,8.52751267937443,3.486179187567239,5.533299214450442,9.950419298935705
5220,8.858040451171844,4.626743720043985,3.1937965717806147,8.49991298251179,3.487302118439861,5.542882861584824,9.85130429881287
5221,8.859848010792431,4.602781830667865,3.1336599063415895,8.541005716872782,3.4692783535272254,5.546677302672631,9.890990845213873
5222,8.856232410967408,4.608625338720458,3.166754771087282,8.562308867911137,3.4670167955938003,5.538754627779865,9.984495629923876
5223,8.860299825647775,4.558972876762269,3.141825264789665,8.61230175642218,3.4771787257749507,5.550468365585466,9.952126726210203
5224,8.86210678503545,4.549089507554965,3.132447864843297,8.53637748120161,3.4636208511910134,5.548985307969036,9.981661721755644
5225,8.85758848618929,4.542220585841342,3.1469522665242082,8.540558571476804,3.4715379927305348,5.546677302672631,9.929900329640985
5226,8.860751610494237,4.553178021779059,3.154021727815254,8.508775079389006,3.495149482524908,5.549314920945436,9.93446487188793
5227,8.860751610494237,4.596538085380244,3.1767446011591414,8.485973122166692,3.4917891393406886,5.546182567331124,9.944725116484685
5228,8.861655090182564,4.62364427827219,3.1815014545490863,8.533204861495184,3.5252051591319886,5.548490840679804,9.978259647944348
5229,8.859396165922695,4.643100104421975,3.1929098353909593,8.459786264609,3.534046690555311,5.547501733865093,10.044891967219879
5230,8.870683296014878,4.640143492259349,3.184618111510108,8.562481047975211,3.5362525758896646,5.5540914462882975,9.907608939739472
5231,8.871134392175989,4.662578111067719,3.1948306924187126,8.566606764712546,3.5362525758896646,5.555079025059224,9.945294725839938
5232,8.868427366863068,4.664749988775267,3.204412494840896,8.619724620138589,3.529629530979843,5.552444973175225,9.886974128605134
5233,8.876094479272691,4.664749988775267,3.1673523311605716,8.638742063121416,3.524097935427275,5.552444973175225,9.886974128605134
5234,8.876545217271323,4.675971654784958,3.1903956719035373,8.673584107894737,3.510775744156439,5.5619856826289755,9.74970407338988
5235,8.85351944879196,4.713336341515518,3.2123444727790678,8.741362357712813,3.510775744156439,5.54832600549409,9.91390286588718
5236,8.848542870353622,4.7145961874164195,3.221858515780525,8.7426726578555,3.510775744156439,5.54832600549409,9.91390286588718
5237,8.846732301269357,4.730809046472482,3.232209133013499,8.722341040926581,3.563676321070723,5.537102211544487,9.904746341818825
5238,8.851257819504697,4.743452498713458,3.2377312041879454,8.736152532579396,3.5734818504906105,5.5432129473000185,9.975423431833114
5239,8.849900480542095,4.751316827986433,3.2330818558503385,8.728832044139324,3.5702172380490467,5.543708027871831,9.93218294232355
5240,8.8313229348609,4.7528128741015365,3.2443994462499313,8.779324467648186,3.6145019766455557,5.522201465742039,9.890417158646226
5241,8.827692108370645,4.753186789798316,3.2428064913366503,8.729770915508821,3.6315934327629953,5.527008531781576,9.874911205835156
5242,8.820424613695144,4.7664981468986385,3.2602732936264873,8.797381546976133,3.6305282860265313,5.5213721101993665,9.855339961434346
5243,8.824513538742215,4.77307372474584,3.2627175554916024,8.868660175817261,3.6602000235651166,5.523196478277474,9.815465436117197
5244,8.843109714337787,4.772329912037155,3.2601294391724065,8.953516024390211,3.6580910031348823,5.5329683581274285,9.847266481555277
5245,8.824967711422355,4.78087466046287,3.2747602319654763,8.896522422343947,3.670721464919269,5.5324720253172694,9.840916979238349
5246,8.823605102026464,4.791866856308027,3.2771904305013173,8.935784787611722,3.6916473365444986,5.526511501641449,9.868009480844496
5247,8.82678409775645,4.799997210672784,3.278190418497278,8.98137904150559,3.6926895779699445,5.522367317381998,9.868009480844496
5248,8.806321602170883,4.80810966608139,3.2581146079914545,8.966484640394063,3.7206865710114543,5.51821907818829,9.918476999607623
5249,8.808142998574471,4.776295169870957,3.2599855764495143,8.851037517868363,3.6080654689322347,5.51954695657636,9.84091697923835
5250,8.808598271024925,4.763392354096547,3.2614238317398625,8.861904878266335,3.610212632456919,5.521537994289297,9.824151748591811
5251,8.808598271024925,4.778523744228467,3.2614238317398625,8.883925557462588,3.552739906473077,5.521537994289297,9.824151748591811
5252,8.782598648960443,4.7982740894268545,3.2743311294876345,8.853166475977714,3.577828633313425,5.508413093206822,9.842649190842554
5253,8.784883329043398,4.772205928570253,3.2642978665357996,8.836542603338442,3.5713058741260375,5.5024185936906065,9.865707508090525
5254,8.785340172192521,4.786807120226474,3.2727571266736737,8.823709764495304,3.5063203525255995,5.5075810320046195,9.97315370242992
5255,8.777969571461101,4.769601305897669,3.256530387032382,8.78769731948575,3.5141124607117162,5.505749920754589,9.969180056103314
