day,gurkor,guitars,slingshots,stocks,sugar,water,tranquillity
2,6.169815688282065,2.815367710065055,2.1265364464486045,10.662704277543614,3.338254497449678,3.8977840565142987,7.76691398375017
3,6.160723855586522,2.8138949643080573,2.127739577866284,10.726619046961737,3.329913612910073,3.8966940815418,7.812212900072524
4,6.155412205778749,2.8068856686045387,2.118895933478791,10.737988846707143,3.3089414034346074,3.898328895144174,7.795780230824736
5,6.141726186560347,2.8109464567000164,2.1205074432158164,10.743113840416747,3.3156713145595966,3.9001443079564404,7.810845230648785
6,6.150854606443431,2.82491619737364,2.1245292547042856,10.724025570569719,3.3156713145595966,3.9025027003109645,7.797151343239072
7,6.1538934945121575,2.821982683052246,2.119298960559933,10.786055888957087,3.293733540162881,3.901777238890841,7.7944088042205495
8,6.1538934945121575,2.835517076436596,2.119298960559933,10.885663631883748,3.3165113030052185,3.901777238890841,7.75588048315321
9,6.156930429112702,2.8256489562046374,2.0908420341347536,10.84342814448264,3.3064130849670925,3.9072139239316326,7.7544998574777235
10,6.167544366682432,2.8197799378529083,2.0793168724367903,10.860040493955092,3.3064130849670925,3.9090239640537563,7.75864077454093
11,6.19020876651728,2.835152388080052,2.083030448978929,10.914051729436292,3.3064130849670925,3.9111945721488266,7.773799566324694
12,6.191715885818307,2.835517076436596,2.088790042528752,10.81200748600321,3.313149684505175,3.9191400771736076,7.782051793278769
13,6.203755678233527,2.8340579562082864,2.0789037193178013,10.730431070158453,3.293733540162881,3.9243654358935194,7.7696691706165835
14,6.229987172066868,2.8216157143957186,2.078077092060417,10.700073391006768,3.2945808213710883,3.925265444193976,7.7544998574777235
15,6.215765111194976,2.815735739737027,2.092071970963401,10.666033128231943,3.2945808213710883,3.92166379644657,7.748974150101172
16,6.209764176405763,2.8223495895594857,2.0924817406615235,10.642966776936726,3.3005038598888765,3.9238253018350755,7.744826498888701
17,6.212765587576485,2.835517076436596,2.096164974305541,10.580460089857551,3.2996585593327716,3.933173954845492,7.728206884378297
18,6.230941315521458,2.843888105851511,2.0973908471186213,10.558532762406783,3.29542781884251,3.942851633789972,7.721268286905839
19,6.227916824857156,2.849330225907481,2.105539594161059,10.541263224060438,3.3005038598888765,3.9394500554307,7.662660441245196
20,6.241512004850918,2.8409800872260718,2.1118267304202685,10.497411162530554,3.293733540162881,3.9448192226663044,7.654240126967477
21,6.249048243004912,2.8362462699186475,2.1079762220517555,10.540752332012199,3.286945044301724,3.9460706593816672,7.661257892614323
22,6.235474469256599,2.83770392475056,2.1095986045698005,10.454584465739835,3.296241392780167,3.9540766118754362,7.6514306727446115
23,6.239248820795763,2.846066580528557,2.1225195897775566,10.448510376609828,3.3463585902226964,3.95354353858645,7.634545653369525
24,6.227160403190201,2.8529507969807626,2.12292172102254,10.431060069415286,3.378417273270377,3.95034313077974,7.644401151718833
25,6.219589594073592,2.854758840129109,2.126937588756089,10.53103514800411,3.380050643091205,3.957628044089729,7.611956339844851
26,6.218831852759712,2.8518652542934624,2.127739577866284,10.43761120591369,3.3849445947403822,3.952299336670921,7.614784778669634
27,6.194520330741631,2.8300403211055656,2.119298960559933,10.428675973990297,3.395516661368471,3.9444669282065443,7.634545653369525
28,6.185371397885814,2.849330225907481,2.1274783908466546,10.386570131427787,3.3995714439667406,3.9469612544110704,7.614784778669634
29,6.204411853373277,2.842071048422038,2.1224958188098118,10.209160821163477,3.3857593576736567,3.944823386306808,7.600628869523976
30,6.21200676179965,2.835248994604475,2.1174979641467684,10.186759859351202,3.4068542202171406,3.9398291491143,7.604879246487645
31,6.225647200688497,2.8374056357900654,2.120098763831987,10.087048880700152,3.4421706566042514,3.9378648695161074,7.613370730350436
32,6.2211047160603705,2.82876621377246,2.114090627052303,10.071494038546442,3.4381812036175563,3.936792906134104,7.621849895477188
33,6.2211047160603705,2.8022742503392437,2.1090668029866486,9.986462599717175,3.4517208552696936,3.9316063812422493,7.675268361050006
34,6.230941315521457,2.803004406802818,2.106448243500617,9.956914103581905,3.4309849530497014,3.928382671245349,7.63313637172532
35,6.224133518946598,2.8099285735934925,2.102007149927226,9.950215211029416,3.4301841554304,3.929815856514047,7.627495852862485
36,6.221630765597266,2.8149154744544997,2.1001868921317453,9.949887196105994,3.435123654355781,3.9304151918704435,7.622790136556195
37,6.223427865136213,2.817954745180017,2.1009806701066585,9.9559294287735,3.445828263303061,3.930180295717664,7.619017497300092
38,6.229528544339016,2.8190400632840373,2.1043914487160635,9.968353516936006,3.462351838266749,3.9291113176187302,7.616176552243691
39,6.237143466643893,2.832381156947857,2.105393249490254,10.061873226270398,3.452922408271799,3.9269722241426934,7.584834596887113
40,6.236382519385208,2.821209068237252,2.1119896211615066,10.152758413826797,3.423634955806647,3.9228680470189983,7.5633679890822805
41,6.233337520190879,2.811068381999333,2.105393249490254,10.203255193656542,3.445828263303061,3.9167907371464508,7.573395602782811
42,6.2196109815097484,2.807435138195679,2.088277364649421,10.232684370530723,3.4958691852416384,3.921617838924424,7.577687861556907
43,6.228766385053082,2.8019737602789148,2.088277364649421,10.177834919750488,3.5066919043067335,3.921617838924424,7.554759087571277
44,6.239425583175428,2.8081622768446284,2.0828021609072134,10.184949016814382,3.498192011648213,3.930536537599597,7.512968031663152
45,6.241706612955323,2.796498481184948,2.085846251906576,10.127555394607137,3.52591071388978,3.9351638602699235,7.507179949343215
46,6.259915899224673,2.8030671448284394,2.081379599918214,10.128973862524457,3.535850780186609,3.9346303001616616,7.534621791210619
47,6.259915899224673,2.8030671448284394,2.081379599918214,10.13106783358941,3.5312675860196903,3.9346303001616616,7.534621791210619
48,6.265970351202416,2.8030671448284394,2.0907047963533016,10.117513744103222,3.526676630323524,3.9346303001616616,7.534621791210619
49,6.262187212272021,2.8136080175939635,2.0963545747355745,10.136743755908517,3.59250027813853,3.9419141486893547,7.544699190773587
50,6.268238807152476,2.8107053328814926,2.098769846834342,10.106616431484314,3.5737470109907186,3.93765256241565,7.573395602782811
51,6.273527716805078,2.8107053328814926,2.094137386683228,10.079660586142973,3.58651312688194,3.937830248463205,7.53029752676705
52,6.269750517227784,2.816144670724496,2.091311080922168,10.0039918077281,3.5518313580119263,3.9383632439539835,7.52452680433936
53,6.274282801313357,2.8237368318135734,2.085846251906576,10.096904255072255,3.5396642058443564,3.939428953154655,7.499936661822983
54,6.27503776747252,2.815420216455235,2.0836144849733182,10.1703531862821,3.5228448786483546,3.9344524258469855,7.479606817269394
55,6.277301956368286,2.804159974116029,2.0870622693735585,10.10242912410491,3.524378230510488,3.927685423915664,7.511521555713711
56,6.283334598833853,2.8117942970684124,2.0825990153988525,10.122905293200809,3.502058930608309,3.9381855892306747,7.462123771330466
57,6.2765473449487015,2.7939385660113905,2.082192646928415,10.081752962994576,3.5120869831086883,3.928041960551099,7.463582729705596
58,6.269750517227784,2.785505824823589,2.0703627140746077,10.170048604510892,3.507463291733852,3.919830926246058,7.504283727136208
59,6.256127990158229,2.7785144822073846,2.074451929523676,10.142619717038482,3.553348437943117,3.922153705956364,7.527412885881978
60,6.255370049777753,2.781092903699024,2.076492605243521,10.07528500121859,3.572994211978808,3.916969656889509,7.534621791210619
61,6.264457452741225,2.774825607195197,2.0801592531370057,10.07384431209533,3.572994211978808,3.9078311387159403,7.499936661822983
62,6.255370049777753,2.7785144822073846,2.084223457410883,10.163342599377717,3.594742112095191,3.90944584062209,7.525970025317329
63,6.271261752671645,2.781460995498336,2.091513124908093,10.126018262218848,3.594742112095191,3.90944584062209,7.525970025317329
64,6.27503776747252,2.769650424978901,2.101382312509433,10.1636275613276,3.594742112095191,3.9121350816709093,7.569100172922295
65,6.274282801313357,2.775194782144628,2.1083949328480207,10.109950978762772,3.594742112095191,3.917148565987543,7.606222356651482
66,6.278810824826493,2.7659461405626105,2.107595028404838,10.18793232940522,3.5782594740280587,3.9090870930552732,7.5962511633316705
67,6.27503776747252,2.758518120241318,2.1051929390123068,10.181659289616853,3.588759833364194,3.909625198326013,7.544699190773587
68,6.281073242328566,2.7637204647041096,2.111391059980948,10.187269862020608,3.599220325079726,3.9087283025980035,7.571964145492417
69,6.281073242328566,2.7637204647041096,2.110392966538675,10.180381937002375,3.6022017727896056,3.9112389355957147,7.581976955715454
70,6.2765473449487015,2.7763019233613786,2.1107922776870485,10.063327181393808,3.5737470109907177,3.9176852294290345,7.579117910914784
71,6.265970351202416,2.783668215089582,2.101382312509434,10.048814917304892,3.572994211978808,3.9167907371464517,7.599101814857389
72,6.262944078201215,2.7785144822073846,2.101583096217564,9.981701637108769,3.5662097023936377,3.9108804022684898,7.573395602782811
73,6.253095510561771,2.777039698119216,2.102787274102699,10.094562265748136,3.5722412063094335,3.9103425219865,7.559065134733461
74,6.245505918137118,2.767799089987653,2.105994032029692,10.045761536345529,3.5427110977011322,3.9053176513756553,7.561934058652001
75,6.254611989753037,2.7614924516674964,2.1127873591717843,10.01254806503253,3.5578946235629263,3.901003906668447,7.560499773949847
76,6.256885810946744,2.7614924516674964,2.1207432583375465,9.9585365755615,3.54803496053766,3.901003906668447,7.553323027868961
77,6.247784056900885,2.7644626160082675,2.116372334989846,9.962617948511538,3.576756143598751,3.8974043671683436,7.556194791787213
78,6.249302215144979,2.7592620946474504,2.119552352629132,9.900642711635932,3.5594083383537622,3.893980789032404,7.5360624945145105
79,6.247784056900885,2.770020498587433,2.12252798531316,9.996540600990192,3.578259474028058,3.903341289213786,7.5475752293173946
80,6.255370049777753,2.771500149423477,2.1282655191874853,9.988633309999956,3.596982126381571,3.8990246956083956,7.569100172922295
81,6.256127990158229,2.7799882473517292,2.1278704740071244,10.077876443218331,3.587262232701076,3.90567685000128,7.567667657161369
82,6.248543196081011,2.7722395891160394,2.120346386574312,10.099407100396537,3.594742112095191,3.8997445601131306,7.557630140760218
83,6.248543196081011,2.7722395891160394,2.120346386574312,9.982565634397774,3.5654548297144157,3.8997445601131306,7.557630140760218
84,6.268238807152477,2.7729787719879053,2.1326047276870344,10.028341083897839,3.5760041696496714,3.894701868107412,7.561934058651998
85,6.270532301198572,2.775932940197072,2.132998631157877,9.997417736908814,3.5850143035013247,3.898664698426959,7.566234788095285
86,6.2789324461775475,2.777777217653148,2.126684764871945,10.116076543713715,3.6022017727896056,3.897944574133881,7.584834596887113
87,6.261351757566977,2.780724748428357,2.123122460094148,10.098997000664731,3.593328173835241,3.8919969241761163,7.616176552243691
88,6.26747406618371,2.8023382835394,2.1165712684445586,10.27915863679442,3.588138700007194,3.890733778594879,7.657236018338823
89,6.261351757566977,2.8008798196859104,2.1083949328480207,10.196201392230583,3.567282339391624,3.890733778594879,7.662876918554255
90,6.269003426608936,2.8128827121814832,2.1093942578446385,10.161879856467278,3.567282339391624,3.890733778594879,7.674142522047301
91,6.268238807152477,2.8128827121814832,2.1081949937997075,10.194593730383883,3.566534529266164,3.890733778594879,7.68538662466718
92,6.286556259097018,2.8150578982465806,2.1093942578446385,10.047621477294062,3.56204337287036,3.902560511350429,7.657236018338823
93,6.288079577108319,2.8143330795403103,2.111179813911568,9.992374663041527,3.5530388617981323,3.907028163570152,7.644524160895165
94,6.2918857706782365,2.815420216455235,2.11335949237646,9.986347929026309,3.530396501898938,3.905420575665308,7.65864675077849
95,6.292646649561164,2.816844000794186,2.1131614607944784,9.971930624232035,3.515957958465373,3.905063216834476,7.665695341361479
96,6.294928567488637,2.8068577415964193,2.1163270704557133,9.922770654585896,3.512145483033397,3.90363335534182,7.6614672006617495
97,6.289602414576659,2.8082871827935856,2.110386476379024,9.879761220235514,3.5037390049524286,3.9111325344119927,7.6642862987128835
98,6.297209408429386,2.820399366876344,2.1099896618971785,9.866054311545671,3.457415466405685,3.912024046822796,7.73154370349984
99,6.297209408429386,2.8182668483351327,2.1078054424625514,9.822675034503856,3.4837639649207146,3.9097055637189904,7.724573289917739
100,6.29644924769417,2.8139954936092137,2.104424019722409,9.649792986187766,3.478360517385149,3.908277914293375,7.6881943040968626
101,6.304045483372732,2.8139954936092137,2.110386476379024,9.65591877744589,3.4960738881065585,3.913271719779322,7.7426793699174965
102,6.310871915859235,2.8214648389523904,2.114349287922925,9.698661844803873,3.4922331079485973,3.911667473618307,7.775961862296647
103,6.319202293399666,2.8271385268883304,2.1234272348682883,9.795082419981124,3.5129084093129967,3.9186130303925024,7.814558405453374
104,6.31995889133028,2.821819879866067,2.122246022394071,9.874035400477371,3.493770080008209,3.920213575452697,7.809059821670102
105,6.318445577452783,2.8186224140454765,2.1285359609132315,9.85792085427146,3.4899259963745144,3.921635567925127,7.839239906932923
106,6.31995889133028,2.816488142600936,2.1265729580585733,9.883033749722085,3.5129084093129967,3.913984443167607,7.861094353979456
107,6.326007432293223,2.815420216455235,2.124017520266826,9.861310785471602,3.493770080008208,3.9102407572198734,7.9005050893326025
108,6.326007432293223,2.814351762399414,2.124017520266826,9.798237437693194,3.4914642913968805,3.9080994103472695,7.869269399239368
109,6.318445577452783,2.8221748626012517,2.123820782211962,9.785731171467134,3.5090916168783406,3.913271719779322,7.871991957279427
110,6.319202293399666,2.845827540586533,2.119683786410192,9.819579374465064,3.490695254263934,3.913449916477647,7.8406081350936825
111,6.324496003421718,2.8879067050519707,2.126180074162085,9.804452377802285,3.4991425595624057,3.921990961115498,7.825540480546255
112,6.3282736940327515,2.884459361800452,2.1289282785980674,9.766650902019052,3.516719807604361,3.9253651064170447,7.844710954725847
113,6.33204844945424,2.8899725405625056,2.132454908534379,9.776746731273144,3.5182428612797536,3.9280262391248417,7.79666953232665
114,6.32751839092781,2.8885955307238094,2.132846287531945,9.839840619922054,3.5372090384176085,3.926074971544727,7.7203871061566645
115,6.335820275989503,2.8958153213146027,2.140459560094027,9.832731025754969,3.5349400929881822,3.929976244922389,7.724573289917743
116,6.337328187923185,2.891004737347445,2.138900740284301,9.88151815639864,3.534183356149061,3.9266072606947326,7.780109140679253
117,6.339589179919702,2.902327368773089,2.134410868868485,9.839570609760235,3.5462659215367,3.9294445501659645,7.7454600287792985
118,6.339589179919702,2.91359275260486,2.130888456033432,9.857688430536829,3.528880277786943,3.929090034925899,7.73154370349984
119,6.330538899104487,2.900957993597319,2.1330419419541684,9.940070534198506,3.5228068775346157,3.9266072606947326,7.700812366630936
120,6.313145257083547,2.8968448072414885,2.1316718697100736,9.908466526662178,3.5258452810611565,3.922346312362196,7.763502705494344
121,6.299489173789044,2.902327368773089,2.125787095676936,9.89948555930262,3.528880277786942,3.9271394558708477,7.766273657214726
122,6.294928567488635,2.9050635973097814,2.1267693645557566,9.919410767472861,3.4976086622094087,3.927848903336735,7.803556190022232
123,6.299489173789044,2.924801682853804,2.1338243259797256,9.87758314899151,3.5045043158536404,3.929090034925899,7.753794213734319
124,6.298729371424856,2.9139332426351645,2.1312802097593333,9.932007097183142,3.515957958465369,3.9276715571189804,7.764888342359338
125,6.304804451353084,2.904721752338787,2.13245490853438,9.955579154625523,3.5075633848041483,3.922879260617815,7.771811700677612
126,6.322984103908055,2.902327368773089,2.138510804043185,9.985714241484251,3.5530388617981323,3.9285581839282457,7.780109140679253
127,6.317688743438667,2.9036959028678373,2.1338243259797256,9.926944375673424,3.5537903730642664,3.9276715571189804,7.762116746412503
128,6.310871915859235,2.892380253443814,2.1363644971931874,9.923861830532974,3.545512332054859,3.9322791735515685,7.775961862296651
129,6.3139028005733175,2.9129116170069778,2.1387057837395727,9.907165885736074,3.550030744072382,3.9391774414438556,7.818679038327651
130,6.309355762234237,2.916655299309638,2.1410437364388484,9.919107133572698,3.56204337287036,3.9407671162696367,7.821424556107603
131,6.312387595168786,2.926495129623671,2.1418223154180045,9.921659084320055,3.5552927749038252,3.9414733703624365,7.80080247723659
132,6.314660225689317,2.932918617522812,2.1429894931239115,9.904701891356288,3.5432503107846003,3.946236280157657,7.8063086376309005
133,6.320715371295566,2.9251404743740905,2.1464860679045006,9.945199790130124,3.5552927749038252,3.9441203562917524,7.766273657214726
134,6.318445577452783,2.923785001452611,2.147649945440344,9.914534918529299,3.554541677380282,3.9483507272294283,7.738505940957536
135,6.322227977533608,2.9416790706228024,2.148813001961737,9.801024781598883,3.5762401817624663,3.9495834738296547,7.732936804231674
136,6.321471733346385,2.9534185967750366,2.145321367748162,9.738388381786448,3.5836827855286755,3.9495834738296547,7.706411758837163
137,6.321471733346385,2.960099692150488,2.1464860679045006,9.834734042515667,3.568029945374907,3.9504637003563094,7.713403555326252
138,6.338081968659153,2.9510755568770173,2.1517170618206,9.770334241287822,3.5888806519112197,3.9455311364315513,7.709209468636747
139,6.334311896439248,2.956761602538541,2.153457049845058,9.785878778177068,3.577730316105018,3.9483507272294283,7.68538662466718
140,6.337328187923185,2.9707487739887237,2.158088088657629,9.787072366140858,3.577730316105018,3.9460600096135274,7.640280751244217
141,6.346365861994486,2.9684235386628086,2.157702663173358,9.741732713530746,3.565038295971095,3.946236280157656,7.641695562173031
142,6.3508784185617335,2.9520800134513157,2.159243827482619,9.742227384030432,3.563541244252566,3.9435911442414375,7.653001788329057
143,6.3508784185617335,2.9393238323309383,2.161168270218428,9.684406119423615,3.5440045268389504,3.945354824848864,7.633201571803732
144,6.362141577776487,2.9530840250380104,2.168077854184712,9.682412717769166,3.550783084719492,3.9450021708905014,7.628949956070493
145,6.368887024336006,2.955424991293419,2.168077854184712,9.687805835451796,3.5575448282932287,3.95169558846754,7.62327632949498
146,6.37936148254704,2.9399970083516296,2.1630904833679967,9.782367053584412,3.5642898724922043,3.9499355951014583,7.607645423398878
147,6.371882015474114,2.952749403918501,2.165394206136652,9.84895358168101,3.577730316105018,3.9550367658681767,7.624695251714858
148,6.375623177690088,2.964098938455604,2.169992099631872,9.854437360008847,3.587396548206572,3.9550367658681767,7.624695251714858
149,6.374869472963328,2.964764796446445,2.17018340322232,9.778904187881015,3.586654196360232,3.9610065559117693,7.626113830063743
150,6.371853492636051,2.95876504496364,2.1736231188003656,9.760287558863673,3.582195875947783,3.9622341762639635,7.613334226148506
151,6.38014297087594,2.964431891803206,2.173432209492368,9.840308153162148,3.5851688919329545,3.9645127291395115,7.621857063173309
152,6.399680726540331,2.957095632396212,2.178388771849401,9.95081871722832,3.599901920354287,3.966264302035556,7.610490517154836
153,6.399680726540331,2.9517452440632397,2.178388771849401,9.93239395719923,3.599167133982525,3.970114220006343,7.614755561942081
154,6.410168948094118,2.936629117746197,2.1669282494098336,9.903266069345333,3.5822128092342065,3.9676695484323936,7.620437452518786
155,6.407174595211287,2.923106957937737,2.1553882245251947,9.780117418264195,3.5844301689538303,3.9653977380961223,7.5933991176625915
156,6.385410797181876,2.9183549056424143,2.160398761075253,9.69528263028518,3.5710990912321923,3.9629492756005096,7.560499773949851
157,6.398180580614449,2.9200532236205,2.1722862946445014,9.659653496038182,3.574067151528056,3.965048078312704,7.534621791210623
158,6.398930710840603,2.9271721510478104,2.170763353320873,9.601026325655042,3.6028391141869616,3.9632991765940613,7.538942825340645
159,6.3808958643384,2.9271721510478104,2.1612132687818795,9.579240768086086,3.5822128092342065,3.9639988578929524,7.507179949343215
160,6.3808958643384,2.907367796606619,2.167522473349767,9.650352612019798,3.5822128092342065,3.9596232070558726,7.518750311304499
161,6.387666704999785,2.9157808668043628,2.166949897821071,9.691259307894995,3.549483846240034,3.9629492756005096,7.533180728983197
162,6.387666704999785,2.926169360504959,2.168857717319188,9.52346419798949,3.542740703012198,3.972731336894445,7.533180728983197
163,6.379389961666554,2.9573800985689305,2.166949897821071,9.482090338778276,3.532218013707561,3.973428855552772,7.527412885881982
164,6.374869472963328,2.959028247243211,2.1535334360053326,9.515431714049022,3.5479868124667493,3.977262360519374,7.483969269260422
165,6.377883595809855,2.942492590543791,2.168857717319188,9.603621693286918,3.52241024960096,3.9697651012672632,7.486875731363508
166,6.3808958643384,2.939503294780559,2.17798497790635,9.55441824908672,3.52241024960096,3.9632991765940613,7.478151929884477
167,6.383906281702915,2.9325128265627254,2.179880228582668,9.581771764707412,3.5359807999164734,3.9638239526502566,7.4796068172693975
168,6.407174595211287,2.951106193576556,2.1874398585693,9.437699248089736,3.519385310171157,3.9715102952369263,7.483969269260422
169,6.4079233543061065,2.9517674227447426,2.189136091464416,9.476903926430651,3.525431809050249,3.974997689660286,7.491232670826131
170,6.396679976389169,2.9507755066114143,2.189136091464416,9.398370678229082,3.5171143811810928,3.9755204551682244,7.46649953253769
171,6.389921575511795,2.945809397579773,2.1900777037589143,9.288761432373777,3.513325249375795,3.9713358207924627,7.4723286898419
172,6.401930086964567,2.9524284590266743,2.194214547525298,9.26884735598306,3.5352286599951808,3.9715102952369263,7.489780724488583
173,6.404927633758186,2.966265938067673,2.2002137020723467,9.311880039391898,3.533723754492254,3.973951889895055,7.481061336121569
174,6.39968072654033,2.9878422226097245,2.19759169675069,9.405751534692623,3.536732731497515,3.980743193279099,7.4679573775174335
175,6.39968072654033,3.003407478053273,2.199652186491638,9.393340766410832,3.549483846240034,3.9854360379863714,7.470871955909045
176,6.398930710840602,3.000173388339922,2.1994649731342077,9.353124875738576,3.5352286599951808,3.9843938057648454,7.4635827297056
177,6.417646870697785,3.019510326977189,2.1990904841353283,9.337071955723292,3.538987277794584,3.988734100230237,7.46212377133047
178,6.417646870697785,3.013082637818022,2.1990904841353283,9.259357110174877,3.538987277794584,3.9882135897301003,7.47669667370827
179,6.413909328960879,3.0092174359924,2.209544954009329,9.313480254895437,3.525431809050249,3.9916819900055986,7.469414851887672
180,6.412413517644016,3.002761023064243,2.214376980751207,9.269588145947193,3.5163569802756363,3.9916819900055986,7.475241048481917
181,6.4206348639172655,3.001144091939036,2.223261743357108,9.291917099708296,3.52241024960096,3.9909886240383834,7.495586312012187
182,6.425859498105291,3.0220764183847213,2.2269501104471106,9.397665490812722,3.5299578335666792,3.9941075363624874,7.527412885881982
183,6.410168948094117,3.0281595389024067,2.223630938725589,9.41326218925906,3.517114381181092,3.9960119776173446,7.499936661822987
184,6.410917251684453,3.0281595389024067,2.208427914567887,9.421799337942959,3.517114381181092,3.9972232794743423,7.4679573775174335
185,6.41390932896088,3.0303966804476112,2.204699123356657,9.418620466372978,3.529204021151999,3.9996444498644435,7.4679573775174335
186,6.397430335813459,3.0323125195414455,2.206005134199975,9.394948599128584,3.525431809050249,3.9942807162626535,7.495586312012187
187,6.386914851048572,3.0589704600696006,2.2061916249747218,9.485879846804428,3.5352286599951808,3.999298685270643,7.478151929884477
188,6.379389961666554,3.0469485436417543,2.2061916249747218,9.435507579568798,3.538987277794584,3.992721744898444,7.470871955909045
189,6.386914851048572,3.031035468745777,2.204139095818059,9.450558003675162,3.51180810524124,3.9937611472161296,7.366482057781348
190,6.383906281702915,3.0361394750854,2.209917137065106,9.415727489050273,3.4942992128353083,3.987692990726466,7.341199783923199
191,6.388418443694809,3.0386872919940724,2.2119626860684307,9.548940911604515,3.473598361629964,3.990468496572856,7.341199783923199
192,6.38240130421939,3.0444097298754844,2.218269768348724,9.44327047804707,3.4812840418829634,3.9930682514963625,7.342690116349181
193,6.365060729043313,3.0494846048799737,2.218269768348724,9.480964210785574,3.4651184481903146,3.989254522268469,7.254076474596399
194,6.35144679775847,3.0608630380066058,2.220675136537796,9.52269551860663,3.4635737392589565,3.991508663222067,7.291795921872423
195,6.354475399485874,3.058023598887378,2.2054455386215763,9.487870550638776,3.4635737392589565,3.991855306986176,7.284272379621912
196,6.346900364851841,3.0323125195414455,2.1889477056881934,9.536820005477212,3.4348331272718475,3.991161980239986,7.279753391600981
197,6.33703517902451,3.007927597366041,2.189701122132266,9.513468019664115,3.3899338110603376,3.9805692457989283,7.342690116349179
198,6.348416313736164,3.0046998445862325,2.1962791646887445,9.529422132591202,3.4010332927080866,3.979873356842857,7.321789484444058
199,6.352395001389884,3.026240274078379,2.202084073943506,9.497707619951932,3.353126283730385,3.9878665335639725,7.290292022460064
200,6.349886269421656,3.0088950438556954,2.2104752586086214,9.538810626518963,3.36277886791633,3.9828297912543102,7.3053128762385695
201,6.349240635272649,3.014369604101071,2.2104752586086214,9.565287509132114,3.3603691073073447,3.9819605485159113,7.347158751289476
202,6.351257033315928,3.013082637818022,2.2121485229085778,9.538062828611064,3.3931099182175357,3.985609708842999,7.354598618971682
203,6.352414115266739,3.0348645216511017,2.202084073943506,9.591553349597488,3.3539320481795216,3.988560606561351,7.350135875510971
204,6.353856466700102,3.04250380822222,2.200962099270332,9.588108607879029,3.379584591880658,3.991508663222067,7.294802509245137
205,6.353808039800865,3.04250380822222,2.188005459860064,9.661355001085765,3.3595653533787013,3.991508663222067,7.314306110372634
206,6.356123225472744,3.045044691818911,2.184986715303972,9.63019542171798,3.3571525873919925,3.9958388954482595,7.315803582916795
207,6.356273902107523,3.039960157573033,2.180259021228599,9.56080877550956,3.341009418537423,3.9960119776173446,7.323284964132553
208,6.352110159664485,3.0140479296349034,2.164084059330234,9.582570606482344,3.297730679784935,3.9876929907264644,7.356085416503729
209,6.349397056876874,3.0162987126376217,2.174758112305888,9.524163509043053,3.297730679784935,3.9830036101505732,7.367965732592916
210,6.349781846201209,3.0188683601262727,2.180259021228599,9.57678842917439,3.2704055674231567,3.983872556460319,7.3113099666278645
211,6.35061204169028,3.03295078230498,2.180259021228599,9.531581272348232,3.2845191198511854,3.985957020987106,7.31730065630186
212,6.352985961719314,3.0233584003924445,2.1812056280042738,9.498054488299239,3.2402531137136568,3.9899482807839766,7.297807483347419
213,6.353265621294775,3.031035468745777,2.178364199880636,9.5063162601336,3.192609180844353,3.9908152580276854,7.294802509245137
214,6.351242233235334,3.03295078230498,2.1772262758215857,9.5735444842195,3.213140714528808,3.9873458755348494,7.329262908900923
215,6.3520045031981915,3.0551807213695685,2.1897011221322664,9.617020395366538,3.2637363640764816,3.9896014211690094,7.3575718227007805
216,6.350208335666507,3.060232348092052,2.192523431189033,9.648020851745375,3.3026672791729546,3.986651527041949,7.364997993622292
217,6.351969402021,3.076262382974219,2.197216791801661,9.618208037052952,3.3034891116939535,3.990468496572856,7.35905783784778
218,6.353106143388038,3.075009057427759,2.1996521864916385,9.48814479172924,3.2536991445581624,3.992548476909629,7.364997993622292
219,6.35373392340278,3.075009057427759,2.198903208481131,9.4413537505227,3.2395283298762547,3.9937611472161305,7.413768063533442
220,6.355560112341737,3.097157515941692,2.198528594831349,9.521839846348483,3.1956726158718354,3.997915237341453,7.431399387182531
221,6.35949907596377,3.09498303394646,2.192711416906272,9.595163861687876,3.2536991445581624,4.004998830235879,7.469414851887672
222,6.35837289613243,3.1008805797540373,2.189324456126143,9.569383059906965,3.2785122237120055,4.003272629949768,7.518750311304499
223,6.359972027418365,3.095293796063948,2.193634827932901,9.527675118851644,3.286729095417376,4.006034085385531,7.576257460575264
224,6.355147459152825,3.079079936324752,2.187071171959684,9.586717775619338,3.286729095417376,3.9968772420225616,7.556194791787216
225,6.358750919866645,3.079388388500969,2.189887305356133,9.479535679890025,3.3071551077462082,4.003445293608074,7.4796068172693975
226,6.356162197719192,3.0861641812452083,2.18894911856716,9.356220396150588,3.324186825988787,3.9991257883707836,7.441659210599718
227,6.3575330085584705,3.087394063094667,2.1992405262115997,9.265409303178812,3.34271112865488,4.001718220298158,7.4504387026871015
228,6.358507557899608,3.11337970506873,2.198680793964189,9.295498026504635,3.2941014691336425,4.004481071921036,7.481061336121569
229,6.357624341810286,3.1118589563733985,2.1923241441460632,9.303023482467625,3.280980100031829,4.002927273528599,7.475241048481917
230,6.35788949698219,3.125208490182904,2.1917621099495066,9.256078796059322,3.2924650219168496,4.00396322639198,7.485422684062714
231,6.360015097151739,3.1366781465699685,2.196253139812794,9.341003669538848,3.2924650219168496,4.008275943541436,7.497036793984022
232,6.359966623313549,3.1366781465699685,2.196253139812794,9.406954008302725,3.2619974955210966,4.008275943541436,7.497036793984022
233,6.359375123658587,3.1645206892281057,2.1998000729563616,9.380352265946888,3.2411996746978287,4.008275943541436,7.497036793984022
234,6.359699153693424,3.14539468682052,2.204269789172384,9.443884688100097,3.270268438878128,4.008275943541436,7.497036793984022
235,6.362412396426428,3.1363770132385222,2.212248639715922,9.422381831283325,3.281802188349657,4.012926899232099,7.527412885881978
236,6.362491893609654,3.144494434963672,2.2100257576972924,9.394004703100318,3.2875493117053503,4.013443238779024,7.5461373885219
237,6.362099442656198,3.162138175815816,2.205013594773834,9.406378994982246,3.2875493117053503,4.013443238779024,7.5461373885219
238,6.359284255204703,3.1468943611892453,2.2092841495118125,9.342377908594194,3.2826240085105773,4.007931148600849,7.515859895812435
239,6.358450175233043,3.128232132652147,2.2137289461856358,9.360368143446072,3.3258029726697456,4.0058615670616815,7.543260635827095
240,6.358401713322147,3.128232132652147,2.212618837278572,9.351532249411658,3.3330630070132945,4.0058615670616815,7.579117910914784
241,6.361474378293915,3.130346419353059,2.2181621483547134,9.413108577523538,3.3475216142790125,4.011549570510352,7.567667657161373
242,6.360772861082252,3.124603304271694,2.2196373202846016,9.454241394678414,3.37461261565998,4.010171625529352,7.627532064772195
243,6.360055650471305,3.1342680245387484,2.2159469913523693,9.441351278545069,3.3785727460732766,4.009310096632769,7.620437452518786
244,6.361729834862657,3.1051561312061726,2.21557751800624,9.556020226965027,3.3990686760681355,4.011377361105056,7.636034269452601
245,6.358326489011631,3.0713555111722965,2.2166856974128826,9.492014617752648,3.383316935813158,4.004135851261319,7.623276329494983
246,6.357234222925991,3.0803135036462588,2.2194529936345595,9.57130926586516,3.4155063108525554,4.002581878291278,7.735722025410975
247,6.356776816690445,3.0527128631979075,2.2194529936345595,9.528562667662738,3.393566398705044,4.000854319439807,7.771811700677612
248,6.358016969160096,3.0651577025091554,2.224055192561381,9.47036442835979,3.3785727460732766,4.003617947566873,7.756569683764104
249,6.357329720266151,3.0682586452931147,2.22497414481538,9.492705344593741,3.425630558611766,4.002581878291278,7.746849870708436
250,6.357504617985191,3.0408287429786265,2.228094890844757,9.382295886099259,3.4318415404590064,3.9973962835683885,7.721782829209756
251,6.355234128935079,3.0307739330330343,2.2255252789425373,9.33678818232224,3.448076111408195,3.9928950030935217,7.720387106156667
252,6.354477064408134,3.055518709786343,2.222215802742183,9.376117419802052,3.448076111408195,3.993587937966865,7.707810779081702
253,6.349174319725687,3.0483415237136375,2.219084280500488,9.328583643878348,3.3927794100284463,3.9880400665646696,7.730150275723489
254,6.352962582786214,3.053960320688609,2.224055192561381,9.29498000995186,3.4310659685319824,3.9937611472161296,7.778727034569167
255,6.360530294693777,3.0632951737343013,2.231576059264318,9.370398309320077,3.418625624225822,3.990121695863204,7.85836687672588
256,6.368841254268949,3.089851914171455,2.2350501683525663,9.381029203383202,3.4029917819533857,3.997742262500423,7.8406081350936825
257,6.364309756132883,3.1112503857621285,2.2407033989771814,9.358335580219459,3.4496170734979366,4.0001630237631085,7.814558405453377
258,6.351447630736767,3.0990462568096158,2.239974993970639,9.335306074753449,3.4954355995664006,3.9984341033828352,7.899150360161815
259,6.352962582786214,3.1042406485169862,2.243977411408648,9.34200033105533,3.5180541539695485,3.9973962835683885,7.901859515979812
260,6.344624514110681,3.070117253099979,2.2386995422568536,9.29284436522881,3.510535723408401,3.9873458755348494,7.966519847596979
261,6.3233356626048405,3.0663985698022316,2.206314468740592,9.152786722677211,3.5120410869614345,3.9826559624763003,8.013240416372744
262,6.318761604748519,3.032033160114937,2.220374427577372,9.130322575030318,3.5007302949025063,3.974649129563753,7.977230268597762
263,6.311892419963414,3.0395742604924747,2.224055192561381,9.144303142883906,3.51655214271255,3.9741262147506133,8.003924711640563
264,6.3202867698166525,3.0483415237136375,2.232125071105673,9.17846722592109,3.4779647341265654,3.977436496404303,7.950418957453919
265,6.316472957630704,3.053648518546099,2.223319674496085,9.247750165258084,3.493920909362654,3.9769140589528607,7.932928259854652
266,6.3233356626048405,3.048028972648098,2.221479491249845,9.291086877540417,3.493920909362654,3.977958844484617,7.899150360161815
267,6.318761604748519,3.037691271254308,2.226994101501792,9.282168143187596,3.4473052938667297,3.978655169643099,7.8610943539794595
268,6.32104917260409,3.066088414303534,2.2332225674311887,9.225978514572509,3.4123832822449542,3.974649129563753,7.825540480546255
269,6.32104917260409,3.0663985698022316,2.23559806918087,9.249154354626716,3.420962678478905,3.9683682262049405,7.961157596784664
270,6.304248553763658,3.0910798852260934,2.230660648354532,9.283372537113626,3.4131643883701144,3.9680189073493715,8.007918885069417
271,6.293526815222674,3.0608095050456083,2.2255252789425373,9.32899245600697,3.4108203708955824,3.9596232070558726,8.03315528539515
272,6.293526815222674,3.050840430982177,2.2255252789425373,9.227181102776298,3.452696310755911,3.9455786127916777,8.025197062189564
273,6.299656433437885,3.0470910688721107,2.23303970016785,9.202047054983803,3.4442197761655544,3.953486693485986,8.026524146525055
274,6.284317780042642,3.0673287912086633,2.2293782503986943,9.178385967942344,3.44576298488592,3.955767417513645,7.97187740107764
275,6.274321447780283,3.0295140240901643,2.21853106112474,9.264960631414574,3.4802500238220753,3.937473400528577,8.00658778230484
276,6.277399450939395,3.024467549213835,2.225157875948101,9.32541026624243,3.477202536090182,3.926337391748279,8.047718749619799
277,6.2866976997574655,3.0361209513440603,2.2277280397869488,9.292688955602262,3.4924053633318097,3.937649831922263,8.030503685728515
278,6.264973808139033,3.0149757295036435,2.2235035837245203,9.355553195982951,3.5075224710572,3.9247431722819255,8.011910465165354
279,6.264973808139033,2.9727412839722693,2.2214794912498457,9.255235777735374,3.468039130539254,3.9112470974760702,7.9477313438956125
280,6.256412523040536,2.9961940431190595,2.223319674496085,9.268065968877746,3.465743346085606,3.926337391748279,7.932928259854652
281,6.253295542164678,3.02225626387465,2.22864501995688,9.358559107864732,3.4954355995663997,3.94276187004188,7.987921991015922
282,6.262640424006188,3.061431168683861,2.23797028753878,9.392973442379025,3.4817997382564587,3.960645572679782,7.983914780616221
283,6.254074977095066,3.061431168683861,2.235415455007378,9.337698754367336,3.491654817001567,3.9447147265588267,7.9477313438956125
284,6.254854285513312,3.052400895057356,2.2372407231538847,9.29818955135379,3.484835937208135,3.9415184868897026,7.9423525622188516
285,6.239244014816096,3.053648518546099,2.2346848039157807,9.257214477637861,3.5022276173567133,3.9420514279368866,7.950418957453919
286,6.2431513495352595,3.0339207244798914,2.232673907109367,9.038483563419774,3.5052407912862846,3.9402745926079636,7.9799049486637745
287,6.237680188133682,3.0704268786011997,2.2388411616386805,9.076613746739921,3.5418817904609114,3.9510971061467925,7.982578461483428
288,6.2431513495352595,3.0812382570212375,2.237210807956042,9.025512577672718,3.539652649290882,3.968579783385676,7.950418957453919
289,6.254854285513312,3.0784926484980466,2.244264538109569,9.002605559474121,3.5463345990527992,3.965056020626632,8.031829628095528
290,6.250956477731779,3.072685864413425,2.2493109991827405,9.022412887601742,3.5433668698962157,3.9604690216733007,8.084635358468285
291,6.235333490102731,3.0564119465207544,2.2525473801488136,9.052628146808914,3.533699314316437,3.9459567980424923,8.113487954798222
292,6.22828648377481,3.056720046729818,2.245166775665967,9.061341634321947,3.533699314316437,3.934759758931377,8.095142711864707
293,6.2493964678388645,3.0628735767034,2.248590979248658,9.126255022296446,3.5127590044117314,3.944182254230781,8.092517539427371
294,6.248616272640035,3.0781873839502354,2.251648993200185,9.087581065039206,3.487110827118079,3.939563566164858,8.0964548823358
295,6.223582703678495,3.069317498840255,2.2363043868129178,9.11645019444299,3.4984563947058174,3.930483285565365,8.04110325226155
296,6.218089100708775,3.0554874030694985,2.2315832625825425,9.149903751382118,3.479520323814739,3.9315529719857323,8.063567112598376
297,6.217303784067648,3.0827622190090724,2.2224674225567527,9.175889793538811,3.4939239260217736,3.9381410115751967,8.080690511630076
298,6.202358146756662,3.07604942704826,2.197051381074905,9.268900822826746,3.466566734647496,3.9368957270050684,8.100389732700826
299,6.188945857079621,3.06717148407016,2.180267225145828,9.256401593430086,3.4642742544732794,3.9418737913495465,8.075426810452312
300,6.188155719353911,3.0622589484005,2.1789547259882425,9.239582180384007,3.424219528933388,3.948971139151919,8.035805745470306
301,6.158827708161551,3.0622589484005,2.1789547259882425,9.225556058085747,3.4420109370744223,3.948971139151919,8.035805745470306
302,6.133315436171005,3.0622589484005,2.1593321015546305,9.23790445580616,3.425771387814546,3.948971139151919,8.035805745470306
303,6.165184302523764,3.0784926484980457,2.1911028638806296,9.246455730447334,3.465802794052405,3.9502114676872604,8.017228545930049
304,6.17073932782932,3.0876323156767045,2.187374333560427,9.253316347724438,3.469620306461569,3.9539294130694023,8.022542035594995
305,6.178663797094584,3.094918755737321,2.1966802133242784,9.152974505536092,3.489383785538547,3.9539294130694023,7.982578461483428
306,6.166772117748105,3.0985536100627167,2.189239632667433,9.079341510740425,3.4961911170964886,3.95127420281101,8.060928536956716
307,6.169152842570605,3.110027506764489,2.191289073511861,9.13726689552107,3.481040149461375,3.9585262835815223,8.070158636344766
308,6.181038557814914,3.1012761101443607,2.180267225145828,9.190268286827619,3.4635096551400335,3.9555214249897137,8.064885978771676
309,6.169152842570605,3.100973763875995,2.1689836297015046,9.21210421292851,3.5037346262446265,3.9510971061467917,8.035805745470306
310,6.165184302523764,3.0864157298570745,2.173318028411936,9.146506673322024,3.494679869263473,3.950034308955969,8.02917745812439
311,6.169152842570605,3.101880687524146,2.170869536037829,9.051932785406548,3.513509673480645,3.9413408190138055,8.019885863964426
312,6.140504720585216,3.114240860198687,2.1616081006244263,9.08326994115711,3.515010385219577,3.925843589486754,7.990592010537952
313,6.15086992763032,3.090063615948465,2.151532088741864,8.992734504572953,3.5044878141645053,3.913316458006704,7.967859675897032
314,6.161212432156748,3.095524950907403,2.1377446451970346,9.02806652958168,3.484077210565772,3.904516291815514,7.9624986004861436
315,6.184993853460167,3.090063615948465,2.1541996444644,9.044280525095502,3.475716971418781,3.910266261446846,7.941007125211385
316,6.178663797094584,3.1045993883103864,2.15724302048438,9.05562010271296,3.481040149461375,3.9142129854892165,7.943697702409945
317,6.192894576245613,3.1003689561148486,2.1695496258259914,9.047958267077979,3.476478075527148,3.893163688194602,7.970538452459689
318,6.196051191842299,3.117846405148706,2.1742588000875926,8.964870160597135,3.468093958320057,3.9041565523928408,7.946387093067435
319,6.196051191842299,3.125939087715811,2.1742588000875926,8.98151657154285,3.476478075527148,3.9160052384786974,7.970538452459689
320,6.1659782767113755,3.115142756079844,2.169172316451049,8.939582651503294,3.468093958320057,3.9115225999615353,8.010580226327194
321,6.162801580437097,3.121146723511235,2.175199041833036,8.93163421546678,3.468093958320057,3.919586542722434,8.014570080121418
322,6.158032532827971,3.135793232867922,2.1877475591183644,8.880992576392476,3.456618343267922,3.919586542722434,8.014570080121418
323,6.152462556403859,3.1298258483677777,2.184759428624933,8.843015646145387,3.456618343267922,3.915288465521341,8.043750301678747
324,6.152462556403859,3.115443312467453,2.184011563739469,8.805658714305652,3.456618343267922,3.9041565523928408,8.075426810452312
325,6.155646203950099,3.1196471425866243,2.183263365127092,8.870413389899385,3.456618343267922,3.9052356411709317,8.055648007844647
326,6.116497605020429,3.1033914598536545,2.167851059912673,8.952629766916361,3.4817997382564583,3.909009396921016,8.091204537136905
327,6.096397508168402,3.1003689561148486,2.153437924875516,8.860687070366447,3.4734323554654556,3.903796769787736,8.063567112598376
328,6.1245135985181,3.1166451605042553,2.1614185532618704,8.775538221780229,3.4863527453156795,3.9185125991013754,8.088577699600682
329,6.108467903951853,3.1154433124674528,2.148287110953458,8.842297085102084,3.503734626244626,3.9172591801068912,8.079375005098154
330,6.114892763487447,3.1154433124674528,2.1541996444644,8.75617580975674,3.511257039070277,3.9172591801068912,8.063567112598376
331,6.127716172277824,3.12743474030396,2.1517227713094838,8.637997042219176,3.5127590044117314,3.9222697263013493,8.080690511630076
332,6.138908049526428,3.135197160081967,2.1454185838019715,8.683812613615439,3.5022276173567115,3.9322658857059785,8.136995596770827
333,6.165184302523764,3.128331684813229,2.15724302048438,8.656724649699395,3.506746113788167,3.931552971985733,8.160415107237379
334,6.173910705467813,3.120247087609367,2.1652053952009656,8.704337901037444,3.507498459494056,3.9352938925296996,8.174684034461452
335,6.187365450189666,3.1154433124674528,2.168606192044765,8.767843784885942,3.511257039070276,3.9374294832107832,8.210859347228563
336,6.1794555160879465,3.1094249919447203,2.1674733653297995,8.808370421858433,3.522501457585975,3.9256649969734636,8.16430985465445
337,6.150869927630321,3.1094249919447203,2.166906662658016,8.808390793179553,3.535188872457234,3.9256649969734636,8.168202183407752
338,6.158032532827971,3.0766604693520594,2.168794921568319,8.829615534548983,3.538909195748502,3.903796769787736,8.19925423740509
339,6.161212432156748,3.045912368458857,2.168228668799737,8.906742428920877,3.544851139019341,3.891357718668865,8.172092097649832
340,6.167565825695738,3.052711583850827,2.168606192044765,8.99175458257907,3.5314634423419786,3.8924414313573865,8.125252849607026
341,6.165184302523764,3.0341214757729333,2.169360981823637,8.884058291972194,3.5515203551682255,3.88955065672609,8.1356919372123
342,6.165184302523764,3.044674021914996,2.169360981823637,8.850387227577896,3.5530001893461676,3.88955065672609,8.1356919372123
343,6.155540275971706,3.043744831286042,2.164827099236498,8.918080186491403,3.560387347960708,3.8785038151612294,8.156517936992266
344,6.162775138708705,3.0400243682828085,2.171246461290244,8.998152339976844,3.5662827318218624,3.867233721164196,8.164309854654453
345,6.174007430035444,3.0400243682828085,2.180267225145828,9.053927042045126,3.5633366280119727,3.867233721164196,8.108251973237387
346,6.190806130281674,3.058259941376273,2.182514832375286,9.075131007975868,3.5589429229047145,3.890273612710305,8.129169553811254
347,6.204361715811393,3.0674781773481525,2.183637506174908,9.048869227014146,3.5457192190815827,3.8848471700105676,8.174684034461452
348,6.198784680284343,3.042815271015993,2.1761387544736204,9.055355267974605,3.559675697693212,3.8790104446997336,8.173388199888521
349,6.197190040608146,3.050550338171532,2.169360981823637,9.050901484251476,3.5822950003029974,3.891036200543925,8.192797698962503
350,6.197987427248419,3.0462218526423936,2.1674733653297995,9.050515277761555,3.590276633646443,3.889217229076908,8.200544750590092
351,6.189208812306691,3.050550338171532,2.1759508542343418,9.103729202357192,3.590276633646443,3.9001144907901146,8.244265805248563
352,6.182814163848665,3.0153818035615596,2.1727735475777994,9.049312270583988,3.6032878600172413,3.878645269425524,8.335868325980108
353,6.19559486626661,3.011929708731224,2.1768842068423746,9.040798748765495,3.5888271472032605,3.8790104446997336,8.328284862559325
354,6.178012518069303,3.0041471659599557,2.174082582856257,9.082697147735821,3.5822950003029974,3.870416955475861,8.334605039528707
355,6.182814163848667,2.985989762106926,2.1746432838039675,9.019787371089459,3.5852000906439727,3.86069651307314,8.368626655261442
356,6.169196852700791,2.9800102785712137,2.1660250774069425,9.111914115917987,3.602566619435822,3.8577557678754553,8.431158356307764
357,6.1675922406739465,2.9389924708627584,2.1532026856419337,9.058137347762806,3.5684537147122355,3.843377628349104,8.432402834069432
358,6.155540275971706,2.9280566778820187,2.141805635249591,9.162717833448545,3.544982684100236,3.843931929552254,8.418700395101194
359,6.174808718358112,2.9619773532617675,2.1494124136850186,9.19874857100411,3.5309504646912098,3.8722474381600676,8.414958320911468
360,6.17881312991849,2.974646935612972,2.13703347415884,9.13886005532653,3.559675697693212,3.881930236271982,8.4782814246153
361,6.157148980283462,2.959116953434429,2.125330746671279,9.084222538220486,3.5398213480189806,3.871515380366348,8.499252733645337
362,6.166789730702348,2.949236783623579,2.128792728129701,9.141682766804356,3.501917560428173,3.878645269425524,8.460960062035378
363,6.149099975324267,2.979695135848019,2.1245604193052405,9.208650533536968,3.533170905727631,3.8835713626513564,8.399968300725062
364,6.153931023836934,2.9815853414379125,2.1264855562733835,9.234229837864422,3.518333459614174,3.8857581269473545,8.41246240008007
365,6.132152239315555,2.974962775079704,2.1264855562733835,9.259285933899802,3.53095046469121,3.8733451869579736,8.46715156184806
366,6.135385081727951,2.9800733019066947,2.129176940212117,9.269361325997396,3.5242782030706024,3.8722474381600676,8.488158683190866
367,6.135385081727951,2.9960253647921222,2.129176940212117,9.264972917326771,3.5294691596301924,3.876453276655576,8.562985711092526
368,6.141037222966081,2.9778033670691784,2.1274472739672747,9.241788003786644,3.542771882237633,3.8696844465694644,8.57517138963652
369,6.141844118688605,2.9752785708750036,2.1280240328630824,9.228008902774857,3.5257623494126826,3.8731622569683264,8.525065772906592
370,6.14587652770779,2.986618274526136,2.1339719920498204,9.259940382723142,3.5339106489357732,3.872796363222778,8.520156855790626
371,6.123250454961953,2.984103190098544,2.1339719920498204,9.20689618662408,3.5220504558542443,3.8830244209104827,8.572736058767836
372,6.116765827125161,3.0016511987492294,2.1339719920498204,9.225720828451651,3.520564270767143,3.898119629531035,8.61764471447613
373,6.12648941688855,2.989130603103653,2.1364598815048463,9.207248509127075,3.511629945425174,3.902651484484493,8.603113196785339
374,6.128917175329784,2.987874782773852,2.141805635249591,9.225147767269664,3.520564270767143,3.897393895651151,8.593407728874732
375,6.161168347720441,2.9989025085945173,2.15206651701045,9.30688241332066,3.5346501904958174,3.9136805429746575,8.593407728874732
376,6.159561010711138,3.0240184361710023,2.150360797590237,9.374439866743572,3.5435090158278117,3.907899863339062,8.620063532499945
377,6.171602751905924,3.029576673232129,2.150171164398486,9.287208164901394,3.536128669279681,3.914943584884423,8.586119247246803
378,6.182814163848667,3.0342599723608683,2.147893864671248,9.236467518854905,3.542034548811764,3.91872952972412,8.539770479474099
379,6.164381384188992,3.029576673232129,2.141424372044427,9.236059689379358,3.5390832137483867,3.9046433306316723,8.593407728874737
380,6.158757137288052,3.031179915245268,2.1406615802541267,9.284783396970356,3.53095046469121,3.9089845890426784,8.582471982491061
381,6.155540275971706,3.054120824831929,2.137224627151628,9.235651592060671,3.5146113412309004,3.902470341891514,8.539770479474102
382,6.161971811435125,3.044088896388887,2.1379890165215376,9.21276676615882,3.504909720919502,3.909346077158982,8.520156855790626
383,6.158757137288052,3.0599733089893424,2.137606866342476,9.136374856360336,3.510884081120908,3.904462308401074,8.534872577139275
384,6.14668259604976,3.0397938357525445,2.1362686393710177,9.153676391984135,3.4921699605771512,3.897393895651151,8.354787779264148
385,6.157148980283462,3.0400394807489515,2.1379890165215376,9.08722719830692,3.5004202306091377,3.8893991760895767,8.377417714277517
386,6.189208812306692,3.0486208223005367,2.1450428096890746,9.10987755347747,3.517589446333886,3.904100231139386,8.433647072639696
387,6.186811828021954,3.0504555918053247,2.151308636975556,9.163008035070996,3.5056572413212574,3.9068147452981337,8.460960062035383
388,6.190007538407338,3.076597615796721,2.1494124136850186,9.147137506141098,3.5339106489357723,3.9115140921310276,8.401218799937604
389,6.193201101170612,3.069331331645745,2.1509295665084385,9.25233662394149,3.5302099133663147,3.912055851356953,8.431158356307767
390,6.189208812306692,3.0666614060045134,2.1444720060954108,9.343088886069994,3.5324309607191475,3.901745661971061,8.397466574556166
391,6.1619718114351265,3.068482138082821,2.1437106266436645,9.396667142736016,3.5213074654417844,3.899751887606832,8.37867259919215
392,6.163578329605318,3.06629709058306,2.1494124136850186,9.546177296949434,3.527987044311292,3.8937625827940425,8.381181634850632
393,6.157953127166937,3.0483760776738698,2.149032907463312,9.55679078112377,3.5272456824215546,3.887579206770255,8.418700395101194
394,6.159561010711138,3.0520445634057345,2.1562286574700327,9.58729595585543,3.5383448788901934,3.888671321502338,8.419947271797177
395,6.15071087403106,3.048008912734928,2.1528240495474367,9.645781312303424,3.5435090158278117,3.867852383643376,8.429913639227387
396,6.163578329605318,3.0394253197686334,2.156795411660624,9.68444365848091,3.5309504646912098,3.866385919033143,8.498020992907405
397,6.160364747500523,3.0330284384140564,2.156984286620224,9.686628410581736,3.5368676068070566,3.8651021679150777,8.453522463187925
398,6.182814163848667,3.051677973303326,2.1607572713005347,9.785036847356471,3.5390832137483867,3.8729793157238994,8.434891072145756
399,6.18840995191725,3.0544664738208107,2.166025077406942,9.777356584418841,3.54424594973213,3.86565241496463,8.446076330743791
400,6.166789730702348,3.0510072077530523,2.1616991775282464,9.866126110533644,3.54055928185273,3.8680356408017422,8.470863632684061
401,6.1675922406739465,3.052462498235797,2.164521693800716,9.985354088108366,3.5161008044919964,3.862349400769441,8.475809766852784
402,6.160364747500523,3.052538207071882,2.166025077406942,9.90338049189993,3.5123756034305598,3.8599616003588615,8.473337169871858
403,6.1675922406739465,3.056668503562406,2.1750169798416845,9.872173382107976,3.510138010359709,3.8636343433638425,8.479516901598085
404,6.182014226894689,3.0613072113005177,2.182845360938897,9.99490542294343,3.513866301175867,3.862532998087991,8.532422252450155
405,6.1675922406739465,3.0599909293113106,2.1826593957960307,10.055135510372368,3.5161008044919964,3.8667526031033246,8.5471104795503
406,6.178012518069304,3.063620247810969,2.1887853848299987,9.970801893257713,3.5190772680091262,3.8748082219329567,8.525065772906595
407,6.176410888803033,3.0638022176068422,2.188414748471325,9.983957507457626,3.5265041175066725,3.8748082219329567,8.525065772906595
408,6.186012564390943,3.0673236504786807,2.194519827360657,10.004792771548958,3.5250203779854408,3.873711013180596,8.562985711092526
409,6.191660004808475,3.0686680137465583,2.195073738151992,9.998913174919581,3.5257623494126835,3.8695012911194606,8.583687961710254
410,6.190047135216899,3.0668687434994117,2.188229399626111,9.960750000113007,3.5265041175066725,3.8610639011043997,8.601900793298377
411,6.186819752739093,3.0672515226055697,2.1891559394545905,10.024769783551076,3.5294691596301924,3.8546280232604095,8.647816642009898
412,6.186819752739093,3.0677417996976204,2.1891559394545905,10.107750056960898,3.5072701716736505,3.8502067475877206,8.634557912506665
413,6.177124421777479,3.0666580343944383,2.187858640572714,10.091189370567736,3.509498305432626,3.840049632046909,8.657442747671716
414,6.17226931488847,3.0675225725431083,2.191007488309883,10.11742816037849,3.4781349477337673,3.8421089729248283,8.642998351104998
415,6.17226931488847,3.0695949254513657,2.19618101387174,10.111827619722007,3.4736243214696545,3.8510784100823567,8.688631732255603
416,6.14710495188461,3.06396386428686,2.1861892111047574,10.138023848075035,3.4668440412568846,3.833675282966803,8.72324828503232
417,6.143848152831449,3.063265506080477,2.1836087020744155,10.130907520501681,3.468352262433588,3.8391130922917975,8.719675560918063
418,6.14710495188461,3.065788946378758,2.188949646574144,10.193958623803667,3.4773837058982586,3.842857467781122,8.719675560918063
419,6.154424544185231,3.068464340604765,2.1931735288805267,10.285350378240482,3.4736243214696545,3.8323612022006914,8.718484229059944
420,6.163355341958722,3.071834371059797,2.199032667392933,10.341229579088477,3.4736243214696545,3.845101813759902,8.701783266548023
421,6.132431606429642,3.067542774599072,2.1957394079631376,10.331307798552174,3.4600464439135172,3.822957791211357,8.719675560918063
422,6.138958733523355,3.068439615772019,2.1944569569183248,10.397825983518398,3.442595278690034,3.827851320119108,8.763606692252903
423,6.132431606429642,3.064526858758721,2.182686128428103,10.413599363201577,3.4623142413814905,3.821827356036386,8.75887121231499
424,6.126712937804804,3.0623858686755394,2.176399109614977,10.474950204384506,3.4630697440444536,3.8225810278694907,8.791949851476183
425,6.1283475524491715,3.0630752231086156,2.176399109614977,10.5926556014002,3.4630697440444536,3.83254896395783,8.794306412491146
426,6.127530316127484,3.0627801773960694,2.174174505036059,10.697025669204956,3.4630697440444536,3.8385510255638238,8.823694302416621
427,6.126712937804806,3.063797589474806,2.176213839028841,10.812794043462088,3.4585335026751234,3.837614009377393,8.763606692252903
428,6.120168790978518,3.0631441761729534,2.1751017837869817,10.812614971691314,3.434971759863209,3.839113092291797,8.749390234096516
429,6.127530316127484,3.0673770127764044,2.1843463955893725,10.823527843895258,3.439548512214954,3.8497720622764975,8.806076899485213
430,6.116074066363388,3.065386595415095,2.180839455684457,10.880759607062311,3.44791868485817,3.842483244093032,8.810779360606299
431,6.120168790978518,3.0669458662473446,2.182686128428103,10.844880499594328,3.439548512214954,3.835363953739273,8.796662151243837
432,6.11279571376293,3.065339351681357,2.1788057602482165,10.885113674826561,3.4486782978598467,3.835363953739273,8.78015468460428
433,6.1086945496158895,3.0592964840702996,2.1592674013269773,10.847302960419178,3.444878050604826,3.826722767649516,8.822521234288248
434,6.098014701520801,3.0578961551259174,2.1573945711762024,10.834234627571073,3.4570196988439275,3.818433434412971,8.858792336049992
435,6.096369484403558,3.0584152589867943,2.158143957281918,10.819509222151638,3.4486782978598467,3.824087791144418,8.863458402414162
436,6.111155678306125,3.0632618138648104,2.166364936551544,10.793379716170067,3.4562624730303746,3.827851320119108,8.851787227942989
437,6.111155678306125,3.063751453231919,2.166364936551544,10.870425790905058,3.4562624730303746,3.8402369042980475,8.85295524738832
438,6.121805682018401,3.0703528525321175,2.1819477036261565,10.783860641208717,3.4630697440444536,3.847904848867176,8.836584668072396
439,6.11607406636339,3.0703672269632523,2.182686128428103,10.722481610409938,3.4811378037307246,3.8469707994223805,8.861125769295665
440,6.12507775488311,3.072076657004349,2.1830552188302725,10.812502119870164,3.4818879907141556,3.8626238132219046,8.906468721228812
441,6.131615079090198,3.072687366949702,2.1808394556844566,10.746800228351352,3.4721190828287596,3.864296025716328,8.972203352287615
442,6.129164646838113,3.072991863532985,2.181208953163144,10.65777427384223,3.4736243214696545,3.8770851324545057,9.01682064738094
443,6.127530316127484,3.071971395967647,2.176954798149542,10.657569150858842,3.4758805876721426,3.873013419044128,9.06001902100772
444,6.118531329467602,3.072327612280603,2.18010021598369,10.762727487842028,3.4660896100668825,3.864667500508424,9.08942189393382
445,6.098014701520801,3.0678964168936007,2.1723184004361618,10.802497221205968,3.4713661446588913,3.864110270875922,9.142261123079983
446,6.099659340659778,3.0675553672176683,2.16897219625347,10.86503783091248,3.465334964918772,3.8544349425194846,9.134416673428829
447,6.0897828248881005,3.0648684593518465,2.1626331739573743,10.734359863885015,3.4630697440444536,3.847904848867176,9.069079285882822
448,6.087310433714452,3.0645906307958035,2.1611381179581413,10.742725349081908,3.453231406472106,3.8331121773497405,9.073605000055915
449,6.085661445986802,3.065167034667263,2.162072685764004,10.727424163074785,3.4562624730303746,3.832173428460109,9.243451709649014
450,6.086486012592477,3.065432121223256,2.1695303638548173,10.619618901340901,3.4592900810334,3.843418714324494,9.29405814811537
451,6.098837093302455,3.09231456370496,2.1817630465566564,10.65915742512496,3.4570196988439275,3.8482783859617102,9.263297122361829
452,6.099659340659778,3.092701928779468,2.17936064962582,10.63952500831448,3.4698596297887687,3.841547477110821,9.230190541353778
453,6.0815364282132505,3.0948958048116526,2.171203745396907,10.697648433678598,3.4675982586565883,3.8454757055533224,9.329052003929137
454,6.0757552730608015,3.072604697941529,2.1745454783442133,10.714779899235385,3.457776708668701,3.836301685832055,9.37797475486709
455,6.072448536338774,3.0868848018467894,2.1760285478948886,10.818409501550862,3.457776708668701,3.840798649689344,9.415797177701553
456,6.060856443290649,3.093605534936161,2.166364936551543,10.803555880522703,3.46231424138149,3.8464102279298245,9.362790019064668
457,6.060027331151042,3.07481726864679,2.166178547276396,10.711838325797155,3.447158853805269,3.8398623478985994,9.345396661157674
458,6.067484028817066,3.081312841058785,2.167110284850934,10.594555165929076,3.447158853805269,3.8456626336938484,9.309389044373576
459,6.079059667186977,3.1141664005731795,2.165992137108173,10.659065320289278,3.4288570391154196,3.857973823352986,9.38122446250797
460,6.071621485588661,3.108401557652553,2.160390084505625,10.747873682214394,3.422728081289647,3.864667500508425,9.324687124292112
461,6.071621485588661,3.0929601370559814,2.160390084505625,10.774754045604091,3.417353491940716,3.8590904865738613,9.332323918723308
462,6.079059667186977,3.108401557652553,2.162072685764004,10.684359440587686,3.4188902119886926,3.862995497485453,9.350836612872122
463,6.085661445986802,3.1192790607782923,2.1577693066053003,10.699443881000025,3.422728081289647,3.869863271905514,9.398531527401117
464,6.074102197811567,3.1192790607782923,2.161138117958141,10.807654737506404,3.4196582347216515,3.869863271905514,9.482315412105105
465,6.064999789735999,3.1077601595119897,2.156832309005542,10.843263669359516,3.4242616604935754,3.854621304923703,9.497251756986005
466,6.064999789735999,3.098118417976796,2.1534547188533644,10.854033605572111,3.4188902119886926,3.855180321729577,9.580968057622178
467,6.063342893717428,3.1107091648313236,2.146112833126269,10.805641352388118,3.406571150988861,3.8592765561946645,9.617754646924206
468,6.068311814148192,3.0910228900618923,2.123314498536271,10.780933393827365,3.394969093951204,3.866152934789314,9.633464354112665
469,6.101303402382144,3.0656933252605523,2.118332668115375,10.796494112598053,3.394969093951204,3.874494687014778,9.540818886629886
470,6.101303402382144,3.0845539485192925,2.118332668115375,10.883894321973894,3.3801985993833066,3.881705328797581,9.550347774596176
471,6.10458979581905,3.079106348971548,2.123314498536271,11.005549146034951,3.372390777425936,3.885211893072824,9.414719282693168
472,6.090606664784926,3.075467630184789,2.12407958352098,10.965157392206963,3.3817573469300815,3.8811512834705253,9.427643430636971
473,6.077308225415747,3.0715627697349115,2.1343733019930613,10.908785111405702,3.3879829995333455,3.873754145255019,9.359531971188911
474,6.087285602319092,3.0787167541660847,2.1343733019930613,10.897792511369406,3.3965190182976817,3.8804123960700907,9.527033011628259
475,6.081468057094095,3.076767816110239,2.121017086121193,11.030747003656911,3.394193786028339,3.879118901947475,9.485518636731651
476,6.1022118509948635,3.0719535467574928,2.1282811498613863,10.971776495274947,3.3934227097939766,3.885027439830514,9.532338344744728
477,6.096412854936428,3.0907644709507243,2.1282811498613863,11.02603156020443,3.418748794185152,3.8813359766927715,9.501513667927327
478,6.118740989284103,3.068695090553886,2.123505803445321,10.862656950779979,3.4156919859779813,3.8783795101341045,9.363875706907178
479,6.101383862506693,3.067651432224361,2.1194836752748123,10.803211132883332,3.414162244761896,3.8783795101341045,9.374723579713997
480,6.100555727631329,3.074166727876547,2.102132234506766,10.778477208889498,3.4118659574941774,3.8783795101341045,9.35518560797841
481,6.103039693167418,3.059154505293304,2.1031010991067225,10.767610042656571,3.3934227097939766,3.8783795101341045,9.398531527401117
482,6.091436561912282,3.047338527965851,2.1015620663533774,10.781522283811679,3.3934227097939766,3.8783795101341045,9.333414224993136
483,6.096412854936428,3.049969454859419,2.1021393756363542,10.689645658544888,3.3826035863099904,3.8783795101341045,9.308295070957673
484,6.0988990184322684,3.065831505715808,2.1107743551185885,10.673632478932534,3.3911081105878838,3.8783795101341045,9.303917501579141
485,6.1022118509948635,3.078380416664728,2.126012843183635,10.613049914202398,3.403428961825462,3.8783795101341045,9.3974510520133
486,6.1022118509948635,3.086709473821582,2.122216578351773,10.597804093823546,3.404197087177997,3.8783795101341045,9.497251756986001
487,6.103039693167418,3.086389666723488,2.1241158154846103,10.544531868361661,3.416456522038236,3.8783795101341045,9.370386393539778
488,6.103039693167418,3.0953280055855616,2.1275288793224405,10.65611982372496,3.4248517538231917,3.8783795101341045,9.407169512235331
489,6.105522342506488,3.098830312381447,2.142237101191905,10.775860512133049,3.4210390660453505,3.8783795101341045,9.411484632757091
490,6.098070443965123,3.111522727489464,2.14261250699403,10.714616962745934,3.439289805463127,3.8783795101341045,9.481247357286604
491,6.098070443965123,3.107722091720666,2.148420376779446,10.614947232834892,3.439289805463127,3.8783795101341045,9.516410784236994
492,6.113788359161809,3.114053128876072,2.1532757710349952,10.636446382522925,3.4476127121852675,3.8783795101341045,9.516410784236994
493,6.104694938851771,3.1004205667835776,2.146174597573256,10.641807498260418,3.440047517431289,3.8783795101341045,9.531277585841384
494,6.102211850994862,3.0905437975346737,2.154021489796288,10.768274862767225,3.450632743192805,3.8783795101341045,9.590445024419123
495,6.099727446297086,3.09692060279999,2.154207866949527,10.711916168697682,3.4461014036508613,3.8783795101341045,9.58728739127595
496,6.099727446297086,3.089266378389955,2.154207866949527,10.751232833190969,3.4461014036508613,3.8783795101341045,9.58728739127595
497,6.090606664784926,3.079663720289748,2.14785921871427,10.723386780378995,3.4461014036508613,3.8346135529838756,9.703230558206755
498,6.102211850994862,3.0854299863398333,2.1508498585657736,10.891049913280686,3.443076193698698,3.834238280866082,9.632418078451208
499,6.092266311788766,3.0690555481283748,2.1501027065470577,10.798436831174364,3.4408050120665927,3.8254055749205453,9.703230558206755
500,6.093925370078278,3.069377709784193,2.147672123582005,10.799202564298445,3.431700694375965,3.831610035316519,9.736322280341952
501,6.088116089173936,3.0690555481283748,2.147672123582005,10.745506689316054,3.429419693715225,3.828603447715268,9.761045254517478
502,6.098070443965123,3.074847733424732,2.1489813439869754,10.735389511631857,3.4332202649676176,3.841360288081354,9.721862704832335
503,6.105522342506488,3.0777385034549796,2.146923530655693,10.763795444845275,3.4347389599790583,3.838925748626237,9.703230558206755
504,6.102211850994862,3.071309755468681,2.1456126742764563,10.705968696786517,3.425613628180845,3.8449148501028634,9.750753937901399
505,6.125336384573329,3.0787013078957415,2.154394223101052,10.753279996745206,3.417220835306493,3.852943620550411,9.773376208436098
506,6.125336384573329,3.0930965746715775,2.154394223101052,10.8153057779339,3.417220835306493,3.8512649840818343,9.80820434293065
507,6.125336384573329,3.0831892186829646,2.1662776304918854,10.881262252671393,3.4118659574941765,3.8477180626061753,9.820458235516735
508,6.122864195772689,3.088627410725374,2.1623877624169983,10.948077633649293,3.4126316102167045,3.8540621824953902,9.871303093081393
509,6.116265327205547,3.0838296544332824,2.1571870496123853,10.879867092627562,3.39804574934827,3.852943620550411,9.909718217196955
510,6.103039693167418,3.0735618097528947,2.1497290036843246,10.98978660004066,3.3810543144087424,3.85313007691493,9.927847326411378
511,6.102211850994861,3.037267332858084,2.1463618627569017,10.978418658912888,3.302378038917417,3.845101813759902,9.99195990346911
512,6.101383862506693,3.053539668887315,2.1474850072166807,10.902575566246865,3.319101846201767,3.848465136799376,10.017853151092856
513,6.114614160401338,3.0428126474583546,2.1444882522229154,10.853122338325727,3.3230675583199787,3.850518617426921,9.953957941846111
514,6.122039843844238,3.057428256711713,2.1426125069940296,10.772377610081417,3.3206888713563396,3.862252082364731,9.93790044666889
515,6.144246815044269,3.0554847685857744,2.142987827138657,10.674993028382346,3.3175138319845847,3.8672665228186727,9.911734695939325
516,6.140142304148683,3.051917518737745,2.1332015231177754,10.636634412108736,3.373294045165424,3.863738726296316,9.87332979722721
517,6.145887619748631,3.0470443164282908,2.139418821870822,10.707693237534817,3.365510451531345,3.865781645920016,9.931870165136289
518,6.138499498690546,3.06292608689829,2.1392307645982207,10.740779990844128,3.370183417502693,3.864853220464145,9.865219726069286
519,6.134389977461962,3.059046601750336,2.1448631448900715,10.70425855603386,3.3608290186076557,3.861880304897766,9.90366557166437
520,6.169615464561231,3.082548609602304,2.153835091634765,10.736228155884088,3.3545738635535414,3.868008682850081,9.857100961020873
521,6.1630817353796346,3.089585797675144,2.160532236821647,10.745753283949647,3.363950916758931,3.868008682850081,9.738385651487974
522,6.1630817353796346,3.092458637711903,2.164055963988969,10.73561625661347,3.3545738635535414,3.8739392979822855,9.592549361057625
523,6.161446892706978,3.089266378389955,2.1644264480343547,10.715663245314557,3.3341388911683496,3.87282820865601,9.346484981454374
524,6.151625947861855,3.1131045423083714,2.167387351579796,10.681176276996288,3.325444029451212,3.8748648887651957,9.52490980049655
525,6.145067288731542,3.112155579089963,2.1734776333245107,10.689783069822115,3.3341388911683496,3.8693070167652626,9.529155606578287
526,6.146707808164167,3.1112062388066564,2.1710810878307742,10.786812231782665,3.3396566414809445,3.8628096611768705,9.482315412105105
527,6.161446892706978,3.113420779660586,2.170527549309107,10.761078465206868,3.3238599612851742,3.864667500508424,9.402851811874466
528,6.172878951779089,3.115633270610033,2.181013518602497,10.866824618081665,3.3079648803845814,3.872642986729759,9.40393147905811
529,6.181027853515049,3.106453866866543,2.1738460272164697,10.830637829347515,3.298379887938093,3.869863271905514,9.465207689966816
530,6.177769972948243,3.10455026405464,2.167017526797744,10.83293801895597,3.312743837854173,3.870419422915433,9.460924461534905
531,6.177769972948243,3.0962836919566734,2.167017526797744,10.931405232270938,3.307167512758918,3.87004866714286,9.50577309019226
532,6.174509852922013,3.094371934706832,2.1646116590841857,10.941855476104514,3.32068887135634,3.866152934789314,9.495119867003151
533,6.19566071646655,3.0879882708281867,2.1668325835734854,10.999268913918527,3.32068887135634,3.865224625505001,9.417952485660944
534,6.192412861032562,3.109623165951719,2.1738460272164697,11.05675352946312,3.292771848027903,3.8774550120816826,9.363875706907178
535,6.196472333875071,3.105502255453307,2.1766063932982136,11.160006541045759,3.2726408050490026,3.8707901324318295,9.358445626885514
536,6.210248700271997,3.093734340294127,2.169235243802757,11.150828011283084,3.216224073426547,3.882259271135029,9.315949371329435
537,6.215101454038214,3.0934154788920343,2.178076725782745,11.123076323120328,3.2253042770493057,3.8772700780133698,9.201372539529828
538,6.214289355967624,3.108039042615529,2.1766063932982136,11.03006252884658,3.192958786970447,3.8837359475994964,9.176895926841329
539,6.202091256778261,3.1039153918116726,2.182846401351492,11.082707003515067,3.2261280999094035,3.8772700780133698,9.258891818362798
540,6.193941798573623,3.0892663783899548,2.179362206951033,11.066117362320968,3.231887203829053,3.873013419044127,9.43947032581078
541,6.189045412333049,3.067121652426084,2.179729305925124,11.003461192740946,3.2269775451755565,3.8769001754031116,9.331233446502686
542,6.183326576738725,3.054512420414277,2.1635000829609354,11.074877424468497,3.22205813718828,3.8706047834546538,9.239034074951345
543,6.195572807352205,3.0454176578231653,2.167202449464409,11.187326637487406,3.1923339076067814,3.862252082364729,9.291865329813628
544,6.208600794460347,3.0146232417382075,2.167202449464409,11.08934499331022,3.198970398901455,3.8615084808048303,9.315949371329431
545,6.215913413911081,3.027121194868488,2.1773417212072026,11.099429146679695,3.1647663962452897,3.869492446718715,9.313763264451056
546,6.221593268944027,3.016271564340965,2.1740576678029595,11.08951565398764,3.1723157680055865,3.8681941938778004,9.3443081757455
547,6.239400425128916,3.036614075497221,2.1767948271015927,10.989985326947137,3.157193493548864,3.8824438957034224,9.307200930041278
548,6.238592444887183,3.029145860129084,2.175882938990504,10.99441520207765,3.1939947145224634,3.8785643753005754,9.221335957058555
549,6.241015976874206,3.0252398617933207,2.182073994626773,11.004907326733688,3.1723157680055865,3.8947877896347842,9.19692855659828
550,6.23131448016947,3.002651721142163,2.1777062178939173,11.059232549577578,3.1546639283564075,3.8947877896347842,9.19915089761716
551,6.229695650355049,3.0167542504456453,2.1767948271015927,11.033619017980694,3.1495968557949925,3.8955231274063125,9.116453470700122
552,6.221593268944027,3.00922174616529,2.172413215342412,11.206543740607424,3.1495968557949925,3.899013515385927,9.156806172348366
553,6.216725235651267,3.0079092363908555,2.170401124398116,11.338849213340131,3.1402795412924136,3.891292462902617,9.296250292707727
554,6.216725235651267,2.9698506273872094,2.1755180443284754,11.2953886840772,3.1163987086179623,3.892396692000955,9.350836612872122
555,6.237784328314579,2.977180465506033,2.1833457862577617,11.161456313625546,3.1163987086179623,3.8969932607860964,9.357359118295147
556,6.245859366777088,2.9791754369071546,2.1849795303632256,11.07587692111454,3.1402795412924136,3.8953393099146796,9.331233446502686
557,6.227266377716927,2.9635012954740767,2.18679293736161,11.007886124744088,3.191503081941435,3.895890728498617,9.309389044373573
558,6.22888602992877,2.9681814656632137,2.184979530363226,11.066802506820332,3.1773357092740597,3.893316571313112,9.247866595938007
559,6.222404125573317,2.993752371349147,2.188785425316424,11.00160269754298,3.180676605532335,3.8953393099146796,9.320319581592786
560,6.215101454038214,2.9748507958387878,2.183527392015612,10.909219870398505,3.144519142363024,3.890371960100758,9.348661126978651
561,6.229695650355049,2.9768478009450154,2.1864304126836647,10.99138450859448,3.0853400282777,3.902499838063025,9.39204624610356
562,6.23293276236061,3.0003477834104832,2.1876989067397075,10.911123686890702,3.107811835457252,3.9079963128196247,9.443766232592562
563,6.233741698257606,2.998371143854925,2.191498652830365,10.916534519584374,3.1292215330845403,3.9101920854843706,9.436246723726828
564,6.241015976874206,3.0079092363908555,2.184979530363226,10.962648655076244,3.1172557019025287,3.908179355255047,9.376891192963566
565,6.237784328314579,3.0046246937172345,2.18679293736161,11.150260679307252,3.1146838004785975,3.9041498389199134,9.357359118295147
566,6.235359159974361,3.0065959801789277,2.1913179071222797,11.097054503404507,3.1563505985502363,3.899747815451991,9.363875706907178
567,6.240208269103392,3.00856558450937,2.1913179071222797,11.053501244333958,3.1614035788340287,3.895890728498617,9.35518560797841
568,6.244245447190957,3.00856558450937,2.1967318558673194,11.051530442067596,3.1681245656081893,3.902499838063025,9.361704167209838
569,6.254726231199999,3.0079092363908555,2.199792060057667,10.992189008807415,3.173990230916242,3.906531571123614,9.287477669787846
570,6.254726231199999,3.0079092363908555,2.199792060057667,11.062113883487882,3.142824195868809,3.906531571123614,9.287477669787846
571,6.252309619775188,3.0079092363908555,2.1922214415628667,11.025693925752323,3.163926128342332,3.906531571123614,9.287477669787846
572,6.257141627018421,2.988793364171527,2.189509380903345,11.079841154533378,3.153820152595453,3.9098262349171393,9.335594339959787
573,6.255531498123265,2.982828371912942,2.183164160821508,11.114557451874953,3.169801912818879,3.9012158755350055,9.27649668957592
574,6.2627728327275145,2.9878002758889575,2.187517751962644,11.137353990017562,3.192333907606781,3.9030499393050886,9.27649668957592
575,6.263576752416494,3.0079092363908555,2.1907755534457576,11.13121623931265,3.217951144346147,3.904516382441497,9.396370414783636
576,6.265184188714946,3.000677058456072,2.196551670883115,11.182943202791742,3.2055890046541418,3.9076301944423855,9.405010984801581
577,6.264380537724917,3.022306046436458,2.1976324921593307,11.217459757726338,3.209716609812597,3.9059821085155284,9.272099553307092
578,6.262772832727516,3.030446402583297,2.202128479860545,11.244375627814922,3.208066397846625,3.911655042080491,9.17912458733548
579,6.257141627018421,3.0310964012585866,2.203385215675337,11.310638279624389,3.213837312425399,3.91037499404868,9.243451709649023
580,6.252309619775188,3.0327206041299646,2.206254254254322,11.277784804424298,3.2031091149952546,3.911106516887727,9.165742033431098
581,6.249891791049232,3.0327206041299646,2.2026671952918786,11.345934062991224,3.204762652496794,3.911106516887727,9.064550627968591
582,6.257141627018421,3.040501055048572,2.2041029314061684,11.208059252306931,3.227796497209807,3.908911413352737,9.138900290043756
583,6.2732133247426365,3.036614075497221,2.211620642700152,11.14732262238176,3.227796497209807,3.916404736275688,9.152333979313184
584,6.291629722786935,3.037586427822135,2.203744111599977,11.191812848400481,3.227796497209807,3.9215114145100793,9.114204826998666
585,6.320315232584943,3.032071058976698,2.2015895927092792,11.286349879358738,3.227796497209807,3.9238794302901434,9.102950752355937
586,6.317931250687448,3.034019151085073,2.2066125424796623,11.268830147482454,3.2310696021564533,3.9238794302901434,9.102950752355937
587,6.333010068941851,3.0482556579595914,2.206254254254322,11.187689580364363,3.220416158727516,3.933695938926309,9.069079285882822
588,6.324285934891106,3.0588764654317013,2.2098337325132165,11.01159518777719,3.2105413015160176,3.934966114493781,9.030491323749349
589,6.317931250687448,3.0688100167972925,2.215545239968576,11.064432978838264,3.180676605532335,3.932425228898407,9.087164532950247
590,6.3171363296154786,3.0806116336373246,2.217326157667527,10.993376966940735,3.173990230916242,3.9284280824054734,9.080388063368462
591,6.32666679834997,3.07519659483119,2.224608518529122,10.907227150612734,3.189008912942084,3.9260636400096303,9.100697761682312
592,6.337762096180752,3.0866491005653143,2.227618944802741,10.909186643366269,3.1681245656081893,3.937142316675342,9.127685868415977
593,6.339345074275558,3.075834302832631,2.229740765067493,10.976564852098011,3.1764997699356656,3.9364170900698605,9.071342510606003
594,6.327460160201037,3.07519659483119,2.2191052140926306,10.98039732888782,3.163085569658662,3.935328923719588,9.100697761682312
595,6.32666679834997,3.0556631161440486,2.222657764591814,11.059450132646424,3.1411280578492646,3.9340589007408546,9.116453470700122
596,6.324285934891106,3.0806116336373246,2.227088078237854,11.142484959411602,3.1215360726297092,3.938592248099116,9.180238653311289
597,6.3338023960033025,3.0726440384997478,2.2323893474790744,11.09283312408211,3.1300739562779927,3.9407658424965963,9.269899966244171
598,6.355146621834646,3.0879181874861845,2.2306240810496547,11.11401091192733,3.1343315439825843,3.9498057236297033,9.241243236147229
599,6.361452931811634,3.0879181874861845,2.2320918855597194,11.078809837495328,3.0991939460342097,3.9498057236297033,9.245659496048814
600,6.360665088422961,3.0575916535715266,2.228812111732567,11.139124714972922,3.1043684190006324,3.949986246442817,9.246763131770312
601,6.360665088422961,3.063367781217337,2.2293075151936996,11.06929424086246,3.1017825880375547,3.949986246442817,9.246763131770312
602,6.374826873120963,3.0700887170423417,2.233365445628943,11.025345231015855,3.1163987086179614,3.9573784497011713,9.274298460890778
603,6.375615346241858,3.0866491005653143,2.2351210982429643,11.00756916851126,3.082733384489351,3.9530534915633115,9.302822689950428
604,6.39371529141772,3.0929877548769458,2.2401032968965566,11.12279537949912,3.107811835457252,3.956477924569448,9.311576488987845
605,6.407834046330535,3.1030945515787787,2.244480616470533,11.165886676024744,3.128368807315096,3.9670871630614695,9.246763131770315
606,6.410183235151352,3.1030945515787787,2.2449759663239917,11.194438556841911,3.132618751273428,3.9670871630614695,9.17243648952182
607,6.407834046330535,3.1153545299078056,2.2455301723598216,11.112688759759084,3.105287976549348,3.9735424821449055,9.145620347551713
608,6.3874272352315815,3.102464132880847,2.239179887164139,11.0576130901184,3.10786354583312,3.9661503288618487,9.185806343558129
609,6.38270589632187,3.104039866943843,2.238098274162709,11.041030043071112,3.090640220270961,3.960730045383207,9.16350913222265
610,6.356656809831139,3.0834734058804134,2.2296034961487936,11.075232914830043,3.056690149017739,3.940408409451231,9.181352543208972
611,6.359030654153471,3.0996251815079523,2.2316984493023555,11.146210699060862,3.032895498456002,3.931109420515826,9.167974226302862
612,6.397641239338407,3.0961822516630195,2.2407429747857583,11.104035286036355,3.0133259316928225,3.9451380880090774,9.100697761682316
613,6.395286047308737,3.0971217269796076,2.2401793930597345,11.118520735668183,3.017788080911493,3.941136533577913,9.12768586841598
614,6.388213683195264,3.0971217269796076,2.2383675333168003,10.996006635309051,3.0311232439468867,3.941136533577913,9.143381043194738
615,6.385853960795978,3.1015010453960246,2.238141830964525,11.00975032700532,3.019570536289092,3.935124259695828,9.181352543208972
616,6.399210740134884,3.1139692209853247,2.2425625646152954,10.932485500384463,3.024020689495148,3.9460467951511426,9.161275522055123
617,6.392929724944006,3.104936296167925,2.2400546273584006,10.905511657430807,3.0160042531075177,3.9487712825,9.185806343558129
618,6.397641239338407,3.1096127658861565,2.2415897271834577,10.926234224916868,3.0399710653827974,3.9453198512480947,9.252278738545632
619,6.414096059709192,3.1180074042701125,2.246366056587171,10.920533125489658,3.040854003815701,3.95475655195895,9.307200930041278
620,6.409400296827912,3.103999900699674,2.2437557670971158,11.070738653372207,3.064568290503616,3.9384051638641115,9.280891112568868
621,6.399995302532487,3.104936296167925,2.2414661121697903,11.08142642729601,3.059319132639706,3.932752500029967,9.25007300990707
622,6.393715291417722,3.0961822516630195,2.238984798084702,11.071612457664154,3.02313134142887,3.935853657395323,9.201372539529833
623,6.403132300076965,3.074154837099352,2.2390250328315155,11.159880092981231,3.0177880809114934,3.9354889805569004,9.183579795078096
624,6.37324954566652,3.074470962855988,2.2316666841731108,11.017388406186894,3.0016838697192796,3.924711146021556,9.253381346050048
625,6.385067134211986,3.070674655184658,2.234102190247611,10.907320610041713,3.004375716249212,3.9188493817130006,9.239034074951345
626,6.385067134211986,3.0776298945947462,2.2347132981948077,10.895626659303316,2.998988875081694,3.920865650801226,9.267699699120648
627,6.385067134211986,3.0833053532176518,2.2351962951174484,10.706415878016426,3.029349638654514,3.9248941424392134,9.24786659593801
628,6.388213683195264,3.091479294904822,2.236695566057255,10.61867375299478,3.029349638654514,3.9374941587819574,9.188032189263616
629,6.4172240821666975,3.0833053532176518,2.242900596278596,10.689494049847108,3.071549002557056,3.9296481540386177,9.216904508938104
630,6.418005777515407,3.119558739052396,2.2465964888128993,10.684089503089206,3.153756738656137,3.9469552297963406,9.236824225468292
631,6.418787348866836,3.1319334145345405,2.247923234431679,10.691233809852655,3.1512299270153967,3.9542129241313044,9.285282826914687
632,6.40705073404676,3.1368654927776016,2.2454516805973337,10.698390159750298,3.183875145019777,3.949134362509594,9.350836612872126
633,6.409400296827912,3.139327748146588,2.2461881604539915,10.83932132525316,3.181379452371323,3.9505862479246767,9.445913231731058
634,6.409400296827912,3.1337841288133843,2.245565987795275,10.795390310161975,3.175546229445732,3.946410201696184,9.407169512235335
635,6.398426052421989,3.13624953544576,2.2430384780072905,10.790055475859736,3.1788812069216057,3.944956313861116,9.452350418387
636,6.38270589632187,3.1417874905165086,2.2396444211211097,10.814122876113313,3.207869993445736,3.946955229796339,9.50364368989296
637,6.374038272948076,3.131007522973813,2.23638780058324,10.880157501894177,3.1855375254560463,3.9433198553286157,9.46306639141605
638,6.347149863992605,3.1387124201755214,2.2304576700618846,10.896812209275977,3.168862551799724,3.939133770345229,9.43517187087447
639,6.351113344236607,3.1282277060430492,2.2303321780355065,11.009938216143311,3.171371081194396,3.933117507397224,9.409327394709456
640,6.337624333342232,3.1384046972569384,2.227928583913647,11.130515326729522,3.18968854072536,3.9332999945355143,9.428719401516632
641,6.346356780994067,3.1592410348288156,2.232011687091076,11.12951459712797,3.181379452371323,3.9433198553286157,9.44376623259257
642,6.351113344236607,3.1595461170302075,2.2331310764498413,11.103160838588034,3.145323745665136,3.9453198512480947,9.417952485660948
643,6.341595569468901,3.161680618904469,2.230917387391471,11.037542534764924,3.168862551799725,3.9487712825,9.43517187087447
644,6.352697834534477,3.161680618904469,2.233567674094383,10.95032897619167,3.183875145019778,3.946228503872688,9.445913231731064
645,6.344770227582306,3.147312759345249,2.2301512120540443,10.831800172493576,3.1913469780581343,3.944592732831179,9.40501098480159
646,6.3542818102131,3.152519492367085,2.2329127124821495,10.93991695354663,3.1855375254560467,3.9476817814666676,9.389883188965348
647,6.344770227582306,3.1430164215423977,2.2295764135823117,11.145498186629203,3.161321397888728,3.946410201696184,9.368216819524749
648,6.355073605214702,3.166248242127969,2.2342742505758286,11.052094467114022,3.194660489259036,3.957654257884231,9.439470325810788
649,6.341595569468901,3.158630755270865,2.2301471252782568,11.000164604480869,3.2086932365976937,3.9591020750249086,9.50364368989296
650,6.347942817930454,3.157715047845438,2.230137774223822,11.018226827964277,3.197142687872639,3.963080020509374,9.514284484754107
651,6.351905653741874,3.1628994919414253,2.236772053767917,11.058538539553089,3.187198776644716,3.9632607126538724,9.507901869327087
652,6.35348988667228,3.1580203220835683,2.235641186930596,11.17303509938823,3.2062226810161634,3.9616340968559314,9.458781899807885
653,6.348735642865729,3.1503769009502904,2.2374179291472203,11.163513815581382,3.197142687872639,3.9612725085173817,9.458781899807885
654,6.342389428054273,3.1583255578875757,2.2343478546135023,11.182648950529233,3.196315567316443,3.964705863672065,9.456638705718913
655,6.324894541573392,3.153437165413919,2.2372564830718527,11.054181028872922,3.2020995689517315,3.9587401854003623,9.452350418387
656,6.328080116978228,3.1396353532268426,2.239837801717322,11.090088411469546,3.2037496432278005,3.9518560777549356,9.454494878751106
657,6.328876184510537,3.157715047845438,2.2395153488132515,11.214869387684084,3.25436318432911,3.945319851248094,9.510030027798749
658,6.336034930971994,3.168680802082752,2.24964372090328,11.158819890805086,3.314250944699841,3.9485897261869165,9.50364368989296
659,6.331263604888759,3.167464826285907,2.2517263210847016,11.168249986304426,3.3134616989945154,3.9480449919929623,9.542937488427965
660,6.3320591511388145,3.1753578320079767,2.253326615526928,11.349641459513265,3.300800310183725,3.951674706034493,9.49725175698601
661,6.34080158141486,3.175660898967477,2.25204649847829,11.43031546313397,3.2912625917941742,3.9598257250380304,9.469488395135464
662,6.335240034998078,3.1695923851995484,2.2510857883271145,11.466705232636732,3.2904661558687036,3.9601874854549655,9.454494878751106
663,6.330467928406721,3.172325087709566,2.25364649680931,11.473738623322472,3.2760871434075285,3.960549202831057,9.458781899807885
664,6.347942817930454,3.166856610304732,2.2504450180727247,11.392022436960568,3.295241011358053,3.9587401854003623,9.484451051764044
665,6.372460691219566,3.168680802082752,2.2536464968093104,11.37844058721971,3.273682638400169,3.962357144594542,9.445913231731064
666,6.374038272948078,3.1577150478454397,2.245792308541801,11.509683614920446,3.288075340126616,3.962357144594542,9.445913231731064
667,6.367724890883153,3.1516014712323033,2.2427371610836166,11.400951031454778,3.307930108552916,3.964705863672065,9.389883188965348
668,6.3732717077446965,3.165944000933304,2.2498040100776504,11.454311258993652,3.2920587767573934,3.9632607126538724,9.265498751354205
669,6.379603236952503,3.1543544907378434,2.253326615526928,11.336747391795122,3.298419248006478,3.959283003680037,9.23903407495135
670,6.388295747906056,3.1580203220835683,2.253006675082936,11.355980006566947,3.309499534627644,3.9683157426865736,9.192481774804284
671,6.388295747906056,3.1698961703597384,2.253006675082936,11.441894832844966,3.2777119222262785,3.971380780130771,9.15009681498171
672,6.396972879331142,3.1717180855110017,2.2622610383491324,11.559898425308507,3.284899088338839,3.9764223708044177,9.17020571145957
673,6.396184682740766,3.170503626940655,2.268931811797247,11.56607811355601,3.2705041690580807,3.975879430887106,9.236824225468295
674,6.389874549889176,3.174448404980068,2.269882695646268,11.624698256990206,3.2761119841705417,3.9722573606059934,9.223550641226243
675,6.386716437510397,3.170807298387554,2.2760508349813997,11.783580133350886,3.3142334668258853,3.974068933266374,9.203593482944711
676,6.386716437510397,3.173235307442753,2.280888841889276,11.898397727966833,3.333081729668521,3.9753363943750033,9.194705515864044
677,6.398548893120059,3.1695923851995484,2.284625235372543,11.829213986935427,3.329166467067925,3.977688855232024,9.212470283762585
678,6.394607909887168,3.194146148292297,2.285558090856702,11.840536760128149,3.347905389288273,3.9874412752475354,9.150096814981714
679,6.411138843683148,3.190866635815322,2.2902149474396194,11.92788695466695,3.349460806083408,3.991225503940192,9.145620347551716
680,6.406421388800351,3.193550199568213,2.2799534969592985,11.893608989321605,3.349460806083408,3.9878018795269936,9.167974226302862
681,6.396184682740766,3.1854906702117667,2.281512127708199,11.8875004019426,3.318171692719851,3.9869002891666687,9.163509132222654
682,6.401699404701615,3.195337611442748,2.284625235372543,11.918639867016655,3.3322991564877,3.9908653025684773,9.19915089761717
683,6.407994376413659,3.186686350253847,2.2869564448883506,11.79556936103999,3.303965441700044,3.99913924670126,9.205813728469211
684,6.389874549889176,3.1750034330829853,2.279953496959299,11.942288398972122,3.2976259425265417,3.996084084146489,9.258891818362802
685,6.385926591516202,3.12770144362792,2.27683206453632,11.942824312785747,3.275311633344498,3.979316420945624,9.221335957058564
686,6.385926591516202,3.1347339516923127,2.269317790394443,11.897644721033883,3.268899633898905,3.976784277108988,9.216904508938107
687,6.38118484082493,3.1460041909940486,2.265076731550284,11.997576063892048,3.284101525918178,3.9818464677038934,9.230190541353787
688,6.38039410272448,3.1212624211697912,2.2551404821174685,11.92122064705183,3.317384534699617,3.966271521217618,9.185806343558133
689,6.381975451310881,3.1184975366068985,2.261455801957764,11.91057224305789,3.301589987542036,3.9684495508917292,9.165742033431105
690,6.399336710430879,3.1270889473506736,2.261455801957764,11.992149720283367,3.2833037111167185,3.9735255744277946,9.174666561109472
691,6.399336710430879,3.1258634857591234,2.250071590162865,11.985582324719722,3.2697020296839243,3.9798587501983382,9.152333979313191
692,6.40563470630438,3.1258634857591234,2.242918193069034,11.889796818848216,3.3079195957339262,3.9798587501983382,9.147858937937505
693,6.41192464666677,3.13259579993923,2.228521525716559,11.858440935862323,3.3079195957339262,3.982207732045112,9.169090057306795
694,6.415851781353439,3.119726768250862,2.238452151342752,11.960643076944038,3.313445089865217,3.9789548146165536,9.143381043194738
695,6.417421758819031,3.110492098628653,2.236054847495339,11.95867600412049,3.3346461584406604,3.9794972080602253,9.15680617234837
696,6.417421758819031,3.098743334568868,2.236054847495339,11.927282736384672,3.318171692719851,3.9794972080602253,9.084906441298273
697,6.417421758819031,3.085378312063565,2.208322843408013,11.95333939154056,3.318171692719851,3.9796779844772243,8.954965682376166
698,6.415066604929187,3.096572752058129,2.221277554549644,11.921859729354813,3.2872902635228654,3.9771461405177604,8.982525280421505
699,6.4205602137626085,3.101221577703986,2.233494027802904,11.808110561444844,3.29365568076926,3.977507961044776,8.988253014889485
700,6.436222602864337,3.1298439512576843,2.236534576055108,11.781682449966953,3.286493456920809,3.985457191938581,8.989397991377949
701,6.433876410091461,3.120341147552661,2.233333849559789,11.578656775667394,3.303965441700044,3.9852767569230383,8.957266535317515
702,6.436222602864337,3.113266246431617,2.243236752969638,11.606872102048976,3.2848990883388387,3.9838328935480662,8.918046784959744
703,6.429180678137382,3.1237174208403164,2.242121535362159,11.644862677860592,3.291270528430291,3.98852296068948,8.897192134932872
704,6.429963610344891,3.1098751835283602,2.2398889298012743,11.647750504238198,3.294450231756121,3.991045408547557,8.911102298189943
705,6.4205602137626085,3.090049082249559,2.2347749154427605,11.566823982807941,3.309499534627644,3.9887032044492674,8.87860106688267
706,6.417421758819031,3.070369581501239,2.231731243370189,11.420880160493898,3.308709688020285,3.9861788256175505,8.88557865530807
707,6.428397621716689,3.070683238488514,2.228682154624261,11.430567836855776,3.294450231756121,3.986539578651395,8.92036004917022
708,6.429963610344891,3.086936258363349,2.2141646820726377,11.425137748001788,3.296038585343637,3.993745728823848,8.945754560367572
709,6.4236966716577255,3.0884931811390355,2.2050686616229527,11.463205681039287,3.275311633344498,3.993385823535463,8.950361664850519
710,6.427614441028258,3.0681728129257384,2.213192436885134,11.46012596724597,3.243086210127987,3.991405588748102,8.927295157893335
711,6.428397621716689,3.0925364035868284,2.21513637148449,11.47623330794632,3.25763904205678,3.992845886367867,8.92960530192663
712,6.431529102338403,3.1021502541060286,2.211570790789245,11.56704718632969,3.267294072188036,3.998061301276331,8.989397991377949
713,6.440911649324746,3.1126500474504915,2.222083959680385,11.571959426785416,3.252797519940564,4.003267869154342,8.991687374648157
714,6.450276426715229,3.111108854392304,2.23253273377972,11.651179427790922,3.301589987542036,4.001832455835381,9.044135095934354
715,6.4479368931768075,3.103697243868438,2.2389312109435218,11.653398647037198,3.301589987542036,3.9973424606232646,9.02365935776635
716,6.4432545059320665,3.102769170574855,2.2370141706162663,11.648883601473115,3.29365568076926,4.003985324470462,9.02593742822955
717,6.438567682121612,3.106788213983417,2.226753611414094,11.619090098364522,3.296832388377545,4.002191372034821,8.964164479409956
718,6.449496705028626,3.1126500474504915,2.2373338259311564,11.514671147068576,3.2833037111167185,4.009539934888701,8.954965682376166
719,6.4432545059320665,3.1098751835283602,2.241962159569659,11.694202841891855,3.278511509903735,4.009897952737431,8.930760082063243
720,6.436222602864337,3.1064792972342126,2.238132704067916,11.688151664612247,3.2825056437132916,4.009002830025484,8.93653106757092
721,6.4432545059320665,3.118190130064116,2.2350949879651223,11.782059095673917,3.2737101669742112,4.01276059788469,8.90646872122882
722,6.442473677039278,3.117575198522235,2.2220839596803845,11.811577469300731,3.2833037111167176,4.014190923420003,8.892549113770936
723,6.436222602864337,3.1178826840405742,2.229966643380588,11.95534789457897,3.2713060522480273,4.016870995982164,8.89951246239941
724,6.4479368931768075,3.122183340719335,2.2373338259311564,11.9017124180924,3.2928608800309864,4.014727124377413,8.93653106757092
725,6.451835501877403,3.116652504857958,2.2373338259311564,12.01068466675828,3.3055478426831786,4.0145484010902015,8.915732738880983
726,6.449496705028626,3.1206482781224767,2.2334940278029034,11.97445954399403,3.3252451974543096,4.009897952737431,8.938838103047372
727,6.444815794057992,3.120955369323525,2.2306085264952062,11.923891846443668,3.321317895250309,4.01150851804892,8.938838103047372
728,6.444035211587033,3.1141902471411584,2.230287615017161,11.809466451050074,3.313445089865217,4.0175852887291645,8.973350997004799
729,6.444035211587033,3.1181901300641166,2.230287615017161,11.660106084067682,3.313445089865217,4.019905598523708,9.005407759003184
730,6.447936893176808,3.1264762947645504,2.234934959167532,11.706249128090619,3.311867602487429,4.022937220029378,9.007691843657152
731,6.454173194894537,3.1490411876433795,2.2341345911946577,11.607963852674802,3.3408943352556637,4.030058734237792,8.980232854056585
732,6.45339408644779,3.1457002812461634,2.243714482362564,11.48050356580391,3.3486832153205857,4.027390088567642,8.93653106757092
733,6.458845275193624,3.149951543006575,2.252449483359826,11.480248930986816,3.335428014436405,4.027746041068859,8.950361664850519
734,6.473590808686084,3.152074373885341,2.254032930602276,11.520917376997147,3.3548973703787905,4.036276639681548,8.956116205090922
735,6.481334072203188,3.1578269772972507,2.264132868374121,11.51122583679812,3.3703675377552065,4.042127829910445,8.966462258233369
736,6.494470035848764,3.155709186221824,2.275738245339761,11.655850770834695,3.3649663646307943,4.04531474312532,8.950361664850519
737,6.486747194926837,3.1605471360891935,2.274487327111118,11.624222787845385,3.3688254963606137,4.049912296970187,8.911102298189943
738,6.485201188967075,3.163264248768626,2.2705724194001564,11.693577663291654,3.377295379836685,4.0536454869236005,8.924984234907964
739,6.476689561173959,3.1560118411431626,2.261298198883944,11.814432300737884,3.407864292408296,4.04688690445991,8.92960530192663
740,6.47436567792722,3.1641692777111343,2.264290214494615,11.810149445825953,3.3949163078230384,4.044571379636164,8.928450327233577
741,6.4805602881173385,3.1653754587094385,2.266615241647788,11.848683734763275,3.3926246840239047,4.0465307822055285,8.94114436319199
742,6.477463947604159,3.162962497491727,2.267389560699669,11.767346724732171,3.4017791196839124,4.046174619121892,8.922672532243066
743,6.47591505411909,3.1680370661644788,2.272645821287022,11.6635143424682,3.3964429382883172,4.04848894968995,8.94114436319199
744,6.47591505411909,3.168633378416409,2.2621173799083816,11.66447719389579,3.4162083666318344,4.0536454869236005,9.00198021643014
745,6.47591505411909,3.1677388552042527,2.2611853323704083,11.674177039475428,3.397205918444469,4.056841803312138,8.977939665167295
746,6.457290561602162,3.1428586564156067,2.242124049057712,11.591707169358346,3.401017475683917,4.048310985444023,8.952664059125208
747,6.476689561173959,3.14195456241702,2.253398726696454,11.62145233773135,3.3865038076459983,4.044036782480003,8.946906626203878
748,6.47591505411909,3.1587754640541834,2.25729640298339,11.390388010266959,3.4124189001731464,4.049022781297075,8.966462258233365
749,6.47436567792722,3.156679233798134,2.2695558237631484,11.430414845543714,3.426789854882233,4.045105884765972,8.961865933122915
750,6.481334072203188,3.16266366310199,2.273417466046515,11.414427673170428,3.43131177424052,4.049022781297075,8.968759270302023
751,6.485974251948611,3.16266366310199,2.276654655033464,11.433100165042292,3.43131177424052,4.049022781297075,8.968759270302023
752,6.490610111571117,3.1632612951092636,2.277886294018019,11.449054108193454,3.448574331780513,4.054711290402105,8.99626386479997
753,6.497555825073035,3.1578773016009154,2.2720282596701025,11.421961808628746,3.4395818602303017,4.056309311732584,8.982525280421505
754,6.503721683550511,3.1509803053163097,2.2709470003942878,11.443301237697273,3.4365775554934888,4.058083929745725,8.991687374648157
755,6.502180932908899,3.179342104252818,2.275884439728184,11.46956277342517,3.4365775554934888,4.06534931813765,8.973350997004793
756,6.5052619588843905,3.1894129388034536,2.265840577879844,11.475729244262924,3.4365775554934888,4.063755926045789,8.913417910202014
757,6.495241662184491,3.1935477361338815,2.2507432827196863,11.537522726371789,3.4916138680307225,4.068180008325701,8.80607689948522
758,6.490610111571117,3.181715448536073,2.256205937651385,11.445212976729366,3.4989648961096003,4.061098462596055,8.838925740603196
759,6.491382335610633,3.19620214193635,2.259941823321207,11.489873023685556,3.4945566964475803,4.062870356464046,8.79666215124384
760,6.489837767836997,3.2050294931982637,2.2361436401773536,11.541302651084848,3.4989648961096003,4.067826312363791,8.735143622835833
761,6.470490122870068,3.1973809566231104,2.2298258828936706,11.581236599205752,3.4945566964475803,4.069064073033322,8.801371165135633
762,6.475915054119091,3.1911858493291847,2.2408667430305678,11.500854091452693,3.4827659371996833,4.070124620534922,8.827212288543146
763,6.479012358798448,3.202678631261854,2.2353551922052306,11.529006563328315,3.4686965256405946,4.07418672204512,8.763606692252907
764,6.479012358798448,3.208844860544961,2.2353551922052306,11.60262712022243,3.4686965256405946,4.078596074555524,8.739895854533321
765,6.494470035848766,3.218503583734696,2.226816764579021,11.537139971393112,3.4901412415559605,4.086693099844431,8.73038802106602
766,6.508341085250753,3.215873133493893,2.225230888528563,11.705504599346842,3.493821292026441,4.081943034206812,8.706559228582591
767,6.516030611604005,3.22375610031558,2.2309331730463478,11.771128162349447,3.474629533709172,4.089855819047298,8.718484229059948
768,6.515262190886507,3.2313234471555696,2.2337772085568366,11.790403812120697,3.479070644565998,4.085462292078662,8.69461291472226
769,6.499098004077186,3.2240475800248563,2.239293817118504,11.761878311866608,3.4672112067780367,4.0849346551522245,8.629729975736119
770,6.494470035848766,3.2257957379136766,2.2465174052230177,11.588180606421176,3.45455238375349,4.0849346551522245,8.682645181714314
771,6.503721683550511,3.24956464583475,2.253554802372334,11.45814786997906,3.474629533709172,4.090558213019498,8.704171674253269
772,6.4875200179533135,3.254176140972298,2.2504306091757176,11.526486984721107,3.4827659371996833,4.084231001125244,8.663451990605745
773,6.499098004077186,3.2564786995862747,2.256517569219324,11.652638072465654,3.5026328773812754,4.077714700875065,8.656240246945988
774,6.491382335610632,3.24956464583475,2.261185332370408,11.57027042518817,3.49529189933512,4.070831452269841,8.649020668464546
775,6.502180932908899,3.2625128492104563,2.265840577879844,11.571661496878814,3.5055636639477434,4.078243554857023,8.69461291472226
776,6.510649185355248,3.2656678003088406,2.268627755231798,11.447613583522607,3.5062958620597016,4.0747161725386185,8.713716779741608
777,6.507571481570286,3.270249745304213,2.2706379459764903,11.418935714343062,3.520169964843816,4.076480360674305,8.780154684604287
778,6.502180932908899,3.2627998271644763,2.2704833982181105,11.451438424687435,3.5223541089279093,4.061984535380064,8.761239369036822
779,6.498326974166578,3.2368388664450856,2.274497195902851,11.501770589022758,3.501899681457822,4.040292021960519,8.768338841412474
780,6.500639706553362,3.250718318556346,2.279732127710964,11.505709510777026,3.5077596610984907,4.046174619121892,8.763606692252907
781,6.502180932908899,3.249853114028577,2.2778862940180185,11.444159976029102,3.520898208973728,4.054000795304164,8.808428538805503
782,6.502951367668545,3.2356787431221936,2.2781940682555937,11.704003583812353,3.5274435968672493,4.050090169568508,8.831900097736087
783,6.504491880605547,3.2478331357361796,2.2818831428817083,11.619964704299237,3.525263559699823,4.050445884241759,8.852955247388323
784,6.516798914301843,3.242052732071585,2.2820366857743126,11.735401761770037,3.525263559699823,4.047599026532777,8.897192134932872
785,6.521406254881841,3.2484104393518316,2.274497195902851,11.717496860004523,3.5114156820927063,4.05311244827725,8.827212288543146
786,6.51372499519169,3.2394471656177104,2.2735717540636102,11.778274520034028,3.5259904338385732,4.045284032699855,8.815478554792596
787,6.499098004077186,3.2397368078055644,2.277424531071504,11.761680103800057,3.508491262324709,4.045284032699855,8.845944116899435
788,6.488292721079517,3.238867780019444,2.2818831428817083,11.75761254825917,3.513606916693293,4.042789030988973,8.848281964462899
789,6.488292721079517,3.2176270782139578,2.2818831428817083,11.765628465960308,3.509222664888095,4.022038518791826,8.817826928746571
790,6.447173015507742,3.2082582656152767,2.2728001775399207,11.817227604782545,3.4974963003230206,4.01628964415142,8.799017068527911
791,6.448730907032064,3.224630436489152,2.2843382163097328,11.88463895584101,3.474629533709172,4.023294659076576,8.803724441858147
792,6.459622449217237,3.2379984484023545,2.292446205358569,11.794410665899575,3.477591095103719,4.0216795276941495,8.79430641249115
793,6.4502883084733575,3.2544640768528277,2.2913774802711324,11.709156771676154,3.471664680603479,4.029209594685554,8.787234259478959
794,6.447173015507742,3.24783313573618,2.2874022331751203,11.729380746744846,3.4879307830507265,4.010890322169489,8.751761732981526
795,6.437034745273552,3.254751979553998,2.2880143952962357,11.68390634743659,3.4508176821681413,4.014850749713728,8.765973182774767
796,6.424528250090541,3.2765362990609073,2.286636730299733,11.643987571790376,3.446329078873866,4.020961420246871,8.754132395102037
797,6.4253156941921885,3.27796287168537,2.284338216309733,11.763498144788496,3.4538058642420792,4.017188612288473,8.773067666269705
798,6.444961092983417,3.276250887434794,2.2840315201000227,11.703524118527763,3.462006051655719,4.03082079717692,8.815478554792593
799,6.458275533425902,3.274823343238786,2.2889322386616646,11.701687366887334,3.4612616255604487,4.033683087641025,8.799017068527911
800,6.447313302994602,3.2673870105306606,2.290155284569986,11.705308509703203,3.4686965256405946,4.027955856736143,8.801371165135633
801,6.433183231705476,3.265667800308841,2.285870893466196,11.706421727426427,3.4724062030318086,4.032290868658844,8.777793173280013
802,6.430037721368512,3.268532496366424,2.292751436205718,11.709414464580462,3.4470777081761312,4.025424290881464,8.784875226903226
803,6.369091482193171,3.2512949549700267,2.2661504847801317,11.723696423516579,3.4605169908544893,4.004368171925691,8.81312936567369
804,6.38499455867433,3.2362588724980568,2.2722432342167096,11.722023649244454,3.4290517854909703,4.005460819174543,8.79430641249115
805,6.380229056710714,3.2304514699635174,2.2676756714579698,11.725096357883098,3.441832847597001,3.999081559944037,8.850619007704028
806,6.379434355514429,3.2327640873618475,2.2764955289092854,11.725448503318736,3.4290517854909703,4.000358471970183,8.829556598384093
807,6.379434355514429,3.242856547492198,2.28134266006347,11.724060786414446,3.442582750721243,4.007281035635453,8.822521234288251
808,6.361120513433992,3.2531948560126405,2.283610141397708,11.728610339409592,3.462006051655719,4.001634853296859,8.841266005737998
809,6.366701556403761,3.2637759331671945,2.299401081226533,11.728273582199028,3.4761107252382066,4.002546229664417,8.822521234288251
810,6.370684117301848,3.269476874982535,2.2985025462259,11.728826192556129,3.4886678052637765,4.001087897672742,8.850619007704028
811,6.38499455867433,3.2714691483014176,2.293402181998468,11.725023248282765,3.4886678052637765,4.010191143938184,8.876273616145635
812,6.390548461918365,3.2805566261089196,2.2944534644125145,11.724430240195671,3.50483126657417,4.012008565598586,8.920360049170217
813,6.3842006301074745,3.2660578654006183,2.299401081226533,11.727164019393966,3.50483126657417,4.007462998054316,8.904150754808189
814,6.398471720050986,3.286785294839483,2.295804191986401,11.72180538781284,3.5194415244169726,4.021985273678499,8.918046784959744
815,6.396888091016509,3.281406897004131,2.2964041832035798,11.722678998306902,3.533973202496488,4.021804166655313,8.921516388303234
816,6.378639525344149,3.2927165331527477,2.2949038220021447,11.725205402750095,3.5469854853294582,4.023071692813609,8.91110229818994
817,6.365107623110139,3.2797060680563983,2.299101620383756,11.729827689083743,3.5426549742498628,4.015095723656841,8.916889859699637
818,6.379434355514428,3.2706155104435886,2.3038869121086165,11.728035488490228,3.5549069189114255,4.017273033838187,8.918046784959744
819,6.38261238703446,3.2785715434996456,2.3126760149607484,11.726271339882308,3.567819896545968,4.024157729924915,8.892549113770936
820,6.390548461918364,3.282256881010217,2.3113381175170096,11.723924054911622,3.567819896545968,4.031027117438864,8.83424278737427
821,6.387375573188074,3.2700462572683158,2.3123787915525096,11.726143980191214,3.557781746424201,4.026871153785963,8.830728449322717
822,6.377049477849775,3.274596674369088,2.317276630334592,11.728420079187496,3.569250917160018,4.025605185789531,8.816652843616247
823,6.377049477849775,3.274596674369088,2.317276630334592,11.729045112050605,3.579959836808906,4.025605185789531,8.816652843616247
824,6.329908668197139,3.274596674369088,2.306871156504233,11.735566032789578,3.579959836808906,4.025605185789531,8.816652843616247
825,6.341135947900989,3.2811235052622023,2.309106044018888,11.736881420989263,3.579959836808906,4.0183611127179,8.820174488318093
826,6.329908668197139,3.2913055962792357,2.297903268612378,11.737707791815204,3.579959836808906,4.022528531022266,8.820174488318093
827,6.322677412455989,3.2805566261089196,2.294903822002145,11.743034039200076,3.574253614111978,4.009463874787531,8.823694302416625
828,6.353136512869625,3.292998626037695,2.301645420187584,11.737780947641273,3.577108207574174,4.016547434599576,8.803724441858147
829,6.359524757751672,3.297507838344549,2.3068711565042337,11.737186617621806,3.5877866021880136,4.017998462403242,8.754132395102037
830,6.3587266842865775,3.3025711205071984,2.3128246080075407,11.735708073669105,3.592755713119714,4.025605185789531,8.754132395102037
831,6.351538143743619,3.2856539534920968,2.3120815183721826,11.73943673981086,3.5863652086117597,4.017998462403242,8.765973182774767
832,6.34433898991813,3.286785294839484,2.317276630334592,11.740123191483214,3.582808510319767,4.020898472147429,8.749390234096522
833,6.353935501039319,3.2952542368730713,2.322456615289884,11.737189769939294,3.588497023984965,4.0290401793299,8.732766243623377
834,6.361918195769143,3.300322022049548,2.3299777627711347,11.735356248705724,3.609725094145524,4.03409533310085,8.735143622835833
835,6.3587266842865775,3.3028521175559225,2.3393715527470333,11.736536832527738,3.612543236074953,4.03355410417517,8.761239369036819
836,6.352337393790852,3.287350775340354,2.3408348991265564,11.738013603409795,3.615358517267879,4.03337367351018,8.765973182774767
837,6.355533084888771,3.295536046842466,2.3447799947361814,11.7388652866931,3.610429898262073,4.031207684923219,8.789592467404184
838,6.358726684286577,3.298070925329402,2.3488620932882283,11.737475939838552,3.613247324253205,4.036800060116975,8.79430641249115
839,6.351538143743619,3.2760169916731554,2.348425167616219,11.739625541445623,3.613247324253205,4.0346364674581086,8.819000810281295
840,6.34273773227855,3.2680528538772635,2.349590067571925,11.742083759455213,3.5941738158050844,4.032110364357548,8.808428538805503
841,6.341936905961991,3.2680528538772635,2.356128659826672,11.742809941264404,3.5778213924463245,4.032110364357548,8.82955659838409
842,6.313824554806574,3.251761539490931,2.3463847795902955,11.750164933716153,3.567104105793431,4.021079632307019,8.852955247388323
843,6.304955498648904,3.25891991399762,2.348425167616219,11.755073839107396,3.567104105793431,4.010191143938182,8.852955247388323
844,6.311407331222853,3.25891991399762,2.3472595145002404,11.754886006672297,3.567104105793431,4.010191143938182,8.852955247388323
845,6.307375943296917,3.2592058231025423,2.3408348991265564,11.756391676217687,3.5592180261218944,4.008918310137715,8.87394537019318
846,6.319460060534568,3.2480310596591604,2.3408348991265564,11.753908444106205,3.5699661472916957,4.014369611729991,8.913417910202014
847,6.314630028175989,3.2583479977473884,2.348133824998636,11.754932488558234,3.542654974249864,4.015095723656839,8.899512462399406
848,6.3315141532164585,3.274596674369089,2.3583029454082163,11.75096028221378,3.5563447110545163,4.023614759098991,8.908785902110592
849,6.336327429538382,3.269761582269312,2.369135424420896,11.752242878329465,3.5346977445859276,4.019267552042833,8.892549113770936
850,6.345939721298845,3.290741000871984,2.3770384214140408,11.753200172634253,3.540487130737584,4.028136603572096,8.850619007704028
851,6.347539926899134,3.2938447158881083,2.3770384214140408,11.65857224320317,3.5977158878159154,4.025062469295339,8.83424278737427
852,6.33552554758369,3.2938447158881083,2.38262169102068,11.621492675440031,3.6069040834195936,4.025062469295339,8.815478554792593
853,6.345139421360933,3.303975794479405,2.387760394775247,11.606110490196306,3.591336880948002,4.030665950859077,8.79430641249115
854,6.349939250506029,3.2991967237794224,2.392742583697187,11.668892110645736,3.5948825939145848,4.030304742119825,8.697003887629318
855,6.345939721298846,3.310707428198169,2.3913204807175727,11.650383667324308,3.6012534231516375,4.030124121936151,8.706559228582586
856,6.351538143743619,3.3025711205071984,2.396434908795986,11.560395953686502,3.5892072626288862,4.026509501548408,8.73038802106602
857,6.341936905961991,3.2997594353985304,2.3943056264380185,11.583284946587812,3.581384542499908,4.0290401793299,8.739895854533318
858,6.3491396071966895,3.3036949219201563,2.396151146875264,11.57423762875408,3.578534392187558,4.0315687882893325,8.718484229059948
859,6.3491396071966895,3.3036949219201563,2.396151146875264,11.548531391236533,3.5778213924463245,4.0315687882893325,8.718484229059948
860,6.345939721298846,3.308465532495716,2.385621020362714,11.555623891120888,3.596299604314286,4.030665950859077,8.701783266548027
861,6.327499445647267,3.3036949219201563,2.3764648120038987,11.526662994873133,3.5948825939145848,4.031207684923219,8.7375201595305
862,6.329908668197139,3.296099572631097,2.3806194027283523,11.335387590193935,3.584943080852048,4.02162304900831,8.74464472276007
863,6.315380124440393,3.2865025070606007,2.382049832351781,11.33229403093407,3.593464855583315,4.018905008269055,8.725629042601016
864,6.315380124440393,3.2991967237794224,2.3834791439572607,11.299257404306767,3.563522342157876,4.021804166655313,8.704171674253265
865,6.316996556854889,3.3036949219201563,2.389897275267243,11.209012413189228,3.5835202178583376,4.025825659045392,8.649020668464546
866,6.3250706498535845,3.3034140182528504,2.3930268722044894,11.192196302732823,3.582096618577626,4.022169973314151,8.590979129915603
867,6.335546942222426,3.3034140182528504,2.379903767902812,11.249685022959063,3.582096618577626,4.022169973314151,8.56420529538482
868,6.304860150979608,3.2958178254252424,2.3763213814695234,11.269848185034157,3.579247206930824,4.015945355495859,8.595835434132404
869,6.297563677594364,3.3048182256040897,2.3764648120038987,11.322237627547077,3.5692783917237816,4.017044730504663,8.588549636343853
870,6.295940742992595,3.3143462969361743,2.377038421414041,11.450075827366108,3.5664234892247246,4.0203405064268924,8.522611774726881
871,6.291068666428772,3.31322719945733,2.3763213814695234,11.48841976559183,3.6011932889212566,4.019425366200661,8.51524425181965
872,6.294317263269254,3.310707428198169,2.368415266146197,11.468259051043013,3.599077089002006,4.011543929968521,8.549555322432909
873,6.306480096442026,3.2983524218674294,2.3583029454082163,11.51518409102736,3.616662850672181,4.004562113022264,8.539770479474102
874,6.314571706103036,3.3022900923122505,2.3583029454082163,11.552697598749507,3.6180649044478748,4.005297787760102,8.46343736996935
875,6.309718362334979,3.3053796909882482,2.3396369620566007,11.570649407590478,3.6215669463489726,4.010626174245829,8.522611774726881
876,6.304860150979608,3.299242383225363,2.337037119669049,11.55246629467192,3.6152600885482387,4.00878984165821,8.556884392800075
877,6.304049974899873,3.2922500690610046,2.3280531337433867,11.455804111330908,3.6215669463489726,4.005481678944657,8.534872577139279
878,6.308099500060052,3.3017548961868664,2.334578248998416,11.502506053177198,3.629953901156939,4.01227793767841,8.549555322432909
879,6.312145641823852,3.309833881094772,2.3381930700539124,11.463050642675396,3.637619830555642,4.013745428606407,8.537321985831557
880,6.318612450670004,3.3167779634456562,2.327471969929624,11.406763209692178,3.637619830555642,4.018326839549026,8.512786564866413
881,6.319420195757957,3.3151131114464096,2.3078926347911404,11.499896694002354,3.637619830555642,4.019242305584309,8.534872577139279
882,6.335546942222427,3.302312894285864,2.318293587142659,11.518448724353393,3.626462407020825,4.013928815836396,8.527518851284947
883,6.353224827289248,3.3126137894716736,2.330230816896129,11.672691330636063,3.625763582576465,4.025642977450781,8.526292427011306
884,6.352422676884883,3.3115021908882296,2.334578248998416,11.664462353121065,3.625064582642315,4.025642977450781,8.478281424615304
885,6.340374551608117,3.3101120087892464,2.330956122463004,11.534555100603653,3.6145584415459626,4.022535736642114,8.490625659628718
886,6.344393904984782,3.3103901060465324,2.3280531337433867,11.544437178596718,3.6201666591215016,4.021987075401986,8.525065772906595
887,6.344393904984782,3.317055332965416,2.3280531337433867,11.52407606365589,3.6124524352878598,4.025460285057089,8.532422252450155
888,6.296752278402018,3.3115021908882296,2.3061286872387545,11.521575568375086,3.6124524352878598,4.015945355495859,8.517701015141027
889,6.295940742992595,3.3037073524971206,2.29728246313608,11.548430761447893,3.581378681026255,4.015212220979743,8.510327953319624
890,6.304049974899874,3.305658306934817,2.29994098475116,11.568988730583063,3.587054549384699,4.019608415957604,8.505407952590335
891,6.316188408003613,3.3126137894716736,2.2950639632702186,11.53424076031908,3.5749792911670815,4.023267133362238,8.48815868319087
892,6.321842624486982,3.3051010444471,2.2748207137013474,11.415580518032101,3.587054549384699,4.027286723247954,8.40621837401004
893,6.331520271025114,3.296447775832359,2.2652127993905413,11.44191109924783,3.5671374938838136,4.030206782183091,8.438621637549014
894,6.323456905479398,3.2874842243069287,2.228547108634233,11.41779366666367,3.5692783917237816,4.027834444352898,8.399968300725066
895,6.336351876515831,3.256994504233131,2.2219220568433404,11.380319721802087,3.5506680266526085,4.032941836749413,8.424932375168742
896,6.336351876515831,3.266916042117841,2.244770048706488,11.52046473693791,3.5499497040008983,4.038950467891183,8.448559324742506
897,6.356432110484474,3.2731324004399047,2.260237912884062,11.457250572767556,3.5614202341593098,4.047306759245177,8.443592385551728
898,6.344393904984782,3.266916042117841,2.2552487220786905,11.476521885921318,3.555690994111634,4.045129024718015,8.46343736996935
899,6.335546942222427,3.2518766358101616,2.2409576635585746,11.42291295415743,3.5174270487544694,4.046581017356247,8.46343736996935
900,6.343590299682422,3.265217995404493,2.223310823802769,11.444652074892664,3.5261379784172737,4.044402773749143,8.526292427011303
901,6.329908668197141,3.244751031168425,2.213100148754941,11.460702183473764,3.4925921415667642,4.047306759245177,8.510327953319624
902,6.333936673872846,3.2504531424457648,2.22176767959871,11.461959679901499,3.510146416420316,4.052019955482693,8.517701015141027
903,6.335546942222427,3.2524458059443457,2.227624223207977,11.609085259835009,3.5225118342805093,4.050026782844778,8.52997101081549
904,6.322649832091345,3.2530148463662116,2.213255313962444,11.64953005426112,3.5145171532672026,4.045855105883766,8.569081371872812
905,6.332325872099022,3.251022637219136,2.229162089116876,11.676791676440674,3.5094172708039784,4.047125339665413,8.5958354341324
906,6.344393904984782,3.2646517241550206,2.235606088082359,11.658455470245444,3.4933258648289636,4.050208033155736,8.566643785533078
907,6.371638002571117,3.271720942558636,2.244770048706489,11.631493969797921,3.5188808212891938,4.054011851839754,8.558105109757374
908,6.392369782934633,3.2793334181553684,2.258425322710165,11.566269461049561,3.516699868903919,4.062688883513362,8.534872577139275
909,6.390778139950784,3.28074061174425,2.2538855361054293,11.33143723784492,3.5239628751858083,4.062147276217419,8.510327953319624
910,6.3875933039679165,3.2829904875748768,2.257820704714166,11.347339582114994,3.4999203615899583,4.063230396775035,8.532422252450155
911,6.386000110039854,3.2914096907408696,2.267469413344915,11.303677255440634,3.4815621067165803,4.065395510381941,8.549555322432905
912,6.384406398200175,3.2888868772224846,2.27047368908762,11.22578853451965,3.4977239953457815,4.061786152423213,8.5471104795503
913,6.3955515212047045,3.286922944813081,2.2661157962321576,11.20573744404863,3.490389766154759,4.064854372805984,8.52015685579063
914,6.396346633672496,3.2838336734123135,2.269873248262321,11.290809260906368,3.4940593874071464,4.063049902799934,8.512786564866413
915,6.380419849676332,3.2942098659659136,2.26370676180532,11.331450683473449,3.5043077163722436,4.064854372805984,8.538546346974915
916,6.382812167982665,3.291689847900183,2.268070683212448,11.415701429345654,3.5137891888721433,4.063049902799934,8.534872577139279
917,6.374833224860656,3.2905690328328565,2.268972198905331,11.436557497733363,3.515972493136661,4.063952268259801,8.4955568135112
918,6.385203318888089,3.304264921163206,2.271973886977485,11.411399713592585,3.5072286490446287,4.070441610109239,8.480752144146162
919,6.381217418920364,3.2981249103983017,2.271373962699642,11.453604686357473,3.5290354002690663,4.068820538437874,8.478281424615304
920,6.380419849676332,3.302870769596357,2.271973886977485,11.545229530764043,3.529759271726247,4.068279994224992,8.475809766852787
921,6.377228273248281,3.2866422582432744,2.2718239252539587,11.553041585840651,3.5355432959806907,4.057449400584929,8.478281424615304
922,6.374833224860656,3.298124910398301,2.2797542026812407,11.615877151807917,3.5441962934194806,4.06431314137622,8.470863632684065
923,6.35883619021542,3.3011967752245126,2.2815447547197185,11.572109906634951,3.5319297267725416,4.057630219132038,8.448559324742506
924,6.342786561754205,3.2964477758323585,2.2785594829012465,11.656922830306417,3.510146416420316,4.057630219132038,8.448559324742506
925,6.348409944226324,3.3011967752245126,2.287797320800664,11.611209028523254,3.5130610279746657,4.055097803633485,8.458481808926612
926,6.346000717954066,3.298404324838366,2.2934352863322847,11.615496819347984,3.4962587525550886,4.055459703395173,8.469626511203236
927,6.334741874695112,3.2919699740037216,2.2869054601322296,11.599191577450464,3.486715112560596,4.056183376745432,8.4955568135112
928,6.317709699377439,3.2846765773294533,2.283929313915044,11.512590509197924,3.4556466943873754,4.052563326421828,8.532422252450155
929,6.317709699377439,3.286922944813081,2.283929313915044,11.535003248569051,3.4556466943873754,4.054192870118232,8.527518851284947
930,6.323393731532167,3.281021956129897,2.280948107468184,11.631085828244492,3.4615925073475826,4.052925520998394,8.515244251819647
931,6.319334388141463,3.2793334181553675,2.2869054601322296,11.619435243308606,3.4571343965091663,4.053287673417848,8.522611774726881
932,6.313645594534179,3.2824282069319217,2.2758683755850138,11.672263780986123,3.473444394695345,4.057672586397194,8.483221926430417
933,6.322582134433122,3.2891673143133247,2.288391643068377,11.417555468910425,3.461598324346666,4.060957224902248,8.46343736996935
934,6.3298816296893055,3.292530133081548,2.291360243323741,11.388636662319147,3.459371300861417,4.063145062744858,8.446076330743791
935,6.322582134433122,3.3037073524971188,2.2928426665003627,11.350158333352027,3.4845024901410535,4.063509553219539,8.40871670919696
936,6.324205192967337,3.3017548961868664,2.29106360874264,11.314237440108705,3.485973451963797,4.067516141051205,8.349748051108
937,6.332312359585683,3.3140026047959505,2.296543273346435,11.333950934730241,3.4867086297740513,4.070426797308556,8.340918979854159
938,6.357359073720284,3.327020587516532,2.3053931901482008,11.313203347490264,3.5064826250051,4.083853458792978,8.34344281353535
939,6.357359073720284,3.3358460652170576,2.310198118992176,11.250511540132194,3.5064826250051,4.083853458792978,8.290231869355507
940,6.344447820782368,3.3352953638410887,2.31426484355536,11.316142068403204,3.540561746199513,4.086929850043342,8.294047406096999
941,6.342023148070675,3.330914656415615,2.307287596917872,11.218254441338816,3.5304553104711047,4.0865680782274,8.335868325980112
942,6.3355514434025375,3.333379727069477,2.3084523793610168,11.229144252734397,3.5391202708050495,4.085844409415664,8.323224219125214
943,6.338788371575563,3.342943619467088,2.3096163967546546,11.188950531499898,3.529008455188758,4.0890996055184585,8.28259392561533
944,6.343639730675086,3.3322844333596056,2.308306823422801,11.228856521511851,3.529008455188758,4.082404700207885,8.231438065025946
945,6.354940816172769,3.3426708599101604,2.311651590469125,11.232439631893156,3.527560826806481,4.087653268561971,8.251949985855811
946,6.365411291933742,3.35220025320568,2.3149900653766644,11.332191626299728,3.5427225270593548,4.096862276229964,8.251949985855811
947,6.372646960982034,3.354916464008367,2.3145549678031787,11.261346358997397,3.555651321710572,4.099925960249126,8.292775814595192
948,6.367020144084013,3.351384830722431,2.3180327705995096,11.277293366493842,3.552066137508867,4.097943917157622,8.274946796119929
949,6.362191997592676,3.348392734821938,2.3160048790305234,11.19665810037788,3.5570840777008006,4.096501646580654,8.194089536821552
950,6.374253434757233,3.3470315392463523,2.3180327705995087,11.189750220888115,3.552066137508867,4.102266766847708,8.16820218340776
951,6.380674062565937,3.3633185696623578,2.32684173903899,11.227268749866166,3.552783551380004,4.1073026038536895,8.192797698962506
952,6.380674062565937,3.3633185696623578,2.323236767285718,11.267958206465776,3.538399246240761,4.1073026038536895,8.12786425890605
953,6.403080271245419,3.375466747065615,2.330008106936972,11.338161859158907,3.5282847377065707,4.115199852314688,8.140904944033442
954,6.39429002800979,3.375197406119586,2.3290012344492137,11.386760231885994,3.5304553104711056,4.108560307077593,8.085949750373297
955,6.392690110107507,3.374928037173623,2.3196244943075754,11.354037603140112,3.518132318711342,4.113406757137775,8.113487954798238
956,6.385484016126349,3.364671189325342,2.316729391454129,11.340086717789779,3.509399771741293,4.11484131470065,8.051684650168234
957,6.377464801163908,3.3622359635355905,2.3203475349673104,11.375894635127429,3.509399771741293,4.11071520375821,8.075426810452319
958,6.387086285602637,3.367374305899347,2.3249680624056808,11.477252714752522,3.5188587571330534,4.107482306455772,8.08857769960069
959,6.387086285602637,3.372502455332685,2.3249680624056808,11.488586519325604,3.5253879321665647,4.108201014476828,8.059608827156564
960,6.387887224036732,3.3813851801587878,2.327273846943664,11.364146713660213,3.551348534847777,4.112689233913141,8.138298984322548
961,6.386285216318899,3.375197406119587,2.3275618608307083,11.47396077586697,3.5470389465770116,4.10694316792206,8.101700796344979
962,6.39668892761772,3.380310105270554,2.325400623871584,11.373851624658915,3.552066137508867,4.106044398773899,8.17209209764984
963,6.399086655939636,3.38541275141697,2.3274178596904007,11.445920386367126,3.5663787266094094,4.112868630005816,8.147415094164572
964,6.39429002800979,3.3891661949819656,2.31745360886171,11.345690613042692,3.538399246240761,4.112689233913141,8.127864258906053
965,6.3886880316803225,3.384070921398679,2.306704918367495,11.310672222691593,3.5282847377065707,4.117171082288227,8.166905008973844
966,6.390289254832329,3.3587143536789106,2.310779650487937,11.185970587048997,3.523213291602195,4.111074210171197,8.26473628152361
967,6.389488708592505,3.3597984380708765,2.305830540890079,11.033188701929234,3.522488022759233,4.107482306455772,8.313090889959769
968,6.394290028009788,3.3649416282740647,2.307287596917872,10.955520282114103,3.499175892099239,4.1150205885940965,8.339656689903327
969,6.392690110107507,3.372502455332685,2.2941306504374164,10.775823580656862,3.5137695788869587,4.109997068383334,8.29150396906153
970,6.419022386259868,3.3551879275684184,2.2935436140011727,10.724315134658523,3.511585560709888,4.112330411145175,8.272395706384776
971,6.417430495689682,3.350569149724717,2.290752514183194,10.609559663912032,3.512313763327432,4.111253698064712,8.323224219125217
972,6.422204625645465,3.354373451035027,2.3013060271081187,10.53591186770538,3.47639770081447,4.113406757137775,8.345965653159723
973,6.420613762758728,3.353558716816575,2.296330296463564,10.353265765651429,3.489647323920889,4.112330411145175,8.315625730293197
974,6.423794975378613,3.3576298133110485,2.299405197848706,10.498684506792793,3.489647323920889,4.11089471206956,8.31435843595776
975,6.433326323145547,3.3781586183002075,2.302182643520475,10.47218035244208,3.4881783799599297,4.122719763578462,8.333341503611795
976,6.432532746717557,3.3880943352018353,2.3109250035787485,10.547695103870366,3.523213291602195,4.126473027705718,8.337131363102268
977,6.4396703496619745,3.3811164531801143,2.3135393255837995,10.570518928669761,3.5050228654971267,4.12540112037932,8.41994727179718
978,6.436499354517712,3.3872901504097284,2.31571499138205,10.415501692844414,3.5057528442197206,4.124686313898216,8.378672599192154
979,6.436499354517712,3.38541275141697,2.31571499138205,10.532832215516267,3.523213291602195,4.130043435453625,8.373651589605233
980,6.447588952706674,3.4014609843309436,2.3160048790305234,10.457363988108696,3.5304553104711047,4.133253368352324,8.3899555647073
981,6.445214702350795,3.4051914061673467,2.3194798509433108,10.440321422390879,3.520311048244812,4.132540330586854,8.359823550622162
982,6.4539147261049585,3.414494250223247,2.323236767285718,10.473078957072756,3.522488022759233,4.137706228973791,8.323224219125217
983,6.449962064770874,3.4224419199380427,2.3181775315854907,10.421806402190477,3.513769578886958,4.138773987100286,8.356047092717565
984,6.4467976624728545,3.4041261146945043,2.313684452886202,10.432261146259627,3.501369997616541,4.139841386524417,8.33965668990333
985,6.452334040052565,3.411574059450634,2.320058353925184,10.501416005886737,3.515224609190477,4.141797354944672,8.413710481052142
986,6.458653761308702,3.4014609843309436,2.323525433169498,10.387335018603412,3.531901393795147,4.136281992913225,8.522611774726885
987,6.456284810093879,3.4011943216656997,2.318901159957107,10.324434628037338,3.529008455188758,4.136994190778846,8.512786564866413
988,6.454704880057613,3.4041261146945043,2.3282816925263763,10.427080495389578,3.5340690738499103,4.140908427579482,8.5763887172986
989,6.456284810093879,3.420589614886744,2.340474757581554,10.385570535776974,3.537678030244404,4.141264028351133,8.534872577139279
990,6.456284810093879,3.4245572422647177,2.3350339903763406,10.302411539544918,3.542002457550295,4.14499543772118,8.588549636343856
991,6.456284810093879,3.4208543098846125,2.338329056112696,10.432053192817982,3.5391202708050487,4.14499543772118,8.612804423513573
992,6.456284810093879,3.4353716588466536,2.338329056112696,10.416663609315016,3.524663246161766,4.149786544253033,8.636970562786741
993,6.470481578059496,3.444830814177601,2.340045822303062,10.518564321865938,3.523213291602195,4.151027507369534,8.573953836831361
994,6.468118268322085,3.4485002517581,2.348320497301104,10.561587924318172,3.4925827980563473,4.164469837614208,8.547110479550303
995,6.470481578059494,3.4719690533904166,2.3511650432388,10.517831996223064,3.4911154628797636,4.167645279437948,8.569081371872812
996,6.4602324335391215,3.4620852779830598,2.361085834739265,10.656388703993358,3.49038149394928,4.161467910505241,8.593407728874741
997,6.443631235649201,3.4670317534840094,2.357548936751015,10.60098892179998,3.511585560709887,4.147723731435043,8.559325599948773
998,6.436499354517712,3.4358980576024516,2.3504543271178613,10.625570694009035,3.457885580439959,4.13535692197608,8.566643785533081
999,6.4467976624728545,3.453733499841449,2.3660259283742904,10.592258081409836,3.460002159978689,4.148975653614536,8.5250657729066
1000,6.4444230323504845,3.464429492091468,2.3674349182215613,10.474126763263923,3.461199938846803,4.149512041088192,8.511557374727387
1001,6.419022386259868,3.4364243513293338,2.3490320544548955,10.503230836431472,3.4551041176993773,4.13445890341329,8.569081371872812
1002,6.413448517182571,3.443781467842416,2.34176094945414,10.447857411922207,3.4559737789643448,4.132482367705549,8.571518055330582
1003,6.4261795388167275,3.427991015635638,2.34333171318522,10.55443366135111,3.4498352252983495,4.13643420906056,8.52751885128495
1004,6.419022386259866,3.4374766239282084,2.3305830088890973,10.620777545387265,3.4515888836622053,4.13876707821963,8.542218059012407
1005,6.412651734949032,3.422706428360668,2.3267406390697256,10.60986785477626,3.4480025544680757,4.132122865255877,8.5763887172986
1006,6.406272828986437,3.4248054839731674,2.3358351152803745,10.670802328447015,3.4480231872769442,4.135536495208799,8.593407728874741
1007,6.422999864627606,3.4313542572602103,2.3468570242581235,10.698497460123042,3.449267766842263,4.140918976671954,8.615225011779385
1008,6.423794975378612,3.433969213162659,2.341919652755248,10.724852018483734,3.4493017707928417,4.143785910723446,8.628522441686695
1009,6.4253848124160164,3.4402345485612327,2.339375145420668,10.74782510390274,3.4497282487716134,4.146829199866141,8.62489851810577
1010,6.4253848124160164,3.4402345485612327,2.339375145420668,10.697487935458275,3.448736443871377,4.146829199866141,8.62489851810577
1011,6.422999864627606,3.4402345485612327,2.352483217864131,10.679793818946807,3.4477449241173566,4.146829199866141,8.62489851810577
1012,6.430945211162804,3.4485652802747637,2.35711166734727,10.56899127887772,3.4484922556263333,4.147187042653401,8.615225011779385
1013,6.4293571649644266,3.460753729670948,2.357671887462917,10.590288624413807,3.450733636040381,4.149512041088192,8.62489851810577
1014,6.392690110107507,3.4248054839731674,2.3559907064931425,10.630036614703116,3.441372376811961,4.12420347990614,8.636970562786741
1015,6.395889424636163,3.449085080988687,2.364381050398513,10.590088679020349,3.4462092507803574,4.129785105575748,8.634557912506674
1016,6.393490134247521,3.462047085234792,2.359631293766431,10.56576351428018,3.4482116642227902,4.128345627043027,8.629729975736119
1017,6.38788722403673,3.453758703094936,2.36786560483608,10.455911917536024,3.4458152781954245,4.127625642544184,8.650224476629866
1018,6.38788722403673,3.4682464502069075,2.361588582968612,10.402912138257703,3.4503726637328627,4.132302621573182,8.72086668079662
1019,6.397488300456413,3.484707937059592,2.363822900649587,10.341268138981482,3.4547129546196604,4.140022529376099,8.768338841412474
1020,6.379871944350813,3.4734015832787963,2.368561714586494,10.374177520217536,3.4500432742608003,4.136434209060559,8.735143622835833
1021,6.380674062565937,3.4964773480086246,2.365078496322988,10.394631424766654,3.456499921857157,4.150763260761693,8.801371165135636
1022,6.395889424636163,3.506924150516073,2.375092163780917,10.39839482128547,3.4569193951935873,4.156655261783443,8.763606692252907
1023,6.395089791453088,3.504634424141462,2.369257557951379,10.38966665770549,3.4559906851115265,4.158438570230818,8.784875226903226
1024,6.38788722403673,3.515556706626741,2.36577567444482,10.524272603844162,3.456923369126723,4.164316432655655,8.761239369036822
1025,6.391889955530888,3.522139488924346,2.368840083882905,10.5377762814811,3.457497071966975,4.159508077311279,8.761239369036822
1026,6.391889955530888,3.5168238729293475,2.368840083882905,10.496400226835972,3.456392190737754,4.159686293668573,8.801371165135636
1027,6.399086655939633,3.5178371779268045,2.3757855168368707,10.558343804012134,3.4552337714116264,4.161111666626368,8.787234259478963
1028,6.392690110107505,3.5312277407239865,2.376894333809468,10.498263762605424,3.458234268328832,4.163782528097569,8.815478554792596
1029,6.388688031680322,3.533998636755913,2.36786560483608,10.569743040783782,3.458702715240978,4.163782528097569,8.843605464247096
1030,6.380674062565937,3.5048889344099363,2.3647995501054573,10.617534797570434,3.450381444474112,4.1555847981847025,8.829556598384093
1031,6.373450263800502,3.5120054718942577,2.3629853540015158,10.496668340106922,3.4514203037724087,4.15576323372724,8.841266005737998
1032,6.379871944350813,3.531479757394703,2.364381050398513,10.419473290438281,3.4544532097124625,4.1600426965489135,8.820174488318097
1033,6.383881222777805,3.5132743067875563,2.369953135212682,10.421704359814683,3.447853877054744,4.153621348150572,8.775430834103087
1034,6.387086285602633,3.523909040506842,2.370509405616299,10.414671453451067,3.4494568499244194,4.157012003195073,8.777793173280013
1035,6.401483214556984,3.534753844688723,2.370648446651864,10.50716574712984,3.4517115110974443,4.165739742415558,8.801371165135636
1036,6.411854823736782,3.5468087053192066,2.3699531352126826,10.501910329933143,3.4537031784538907,4.168051270690925,8.80607689948522
1037,6.4134485171825695,3.549063056743195,2.3702312916712582,10.63354100550692,3.4526675715972805,4.167162419006501,8.786054846322317
1038,6.411057783488017,3.571008054731463,2.3566913884149714,10.72501983074533,3.4578161192760906,4.173556649049128,8.820174488318097
1039,6.408665887944009,3.576962646780694,2.3580919387853325,10.70810728265928,3.4575775691836483,4.172846809236483,8.79783971251991
1040,6.419818138739497,3.5959803645854524,2.3663332243155177,10.826386521755355,3.459701336416215,4.1804693622967415,8.751761732981526
1041,6.420613762758726,3.606298665585123,2.3548690504822924,10.87592392169496,3.459869344957851,4.182593357809665,8.708945930379285
1042,6.420613762758726,3.6116881744900344,2.3545885277214382,10.855995677460694,3.457462505560462,4.18701384192276,8.617644714476137
1043,6.419022386259865,3.621216643047217,2.3674478110032973,10.73719953507123,3.4592431990265196,4.190369348473829,8.636970562786741
1044,6.430945211162803,3.6445333059184026,2.371065506037658,10.6002982330931,3.465108712348461,4.191957577988279,8.68743485201994
1045,6.439670349661974,3.6396917070017425,2.3741210263329684,10.71809969628016,3.4621562036104363,4.199358974249607,8.658645030872737
1046,6.439670349661974,3.6445333059184026,2.3741210263329684,10.63590050596652,3.4626972305459836,4.198830866590963,8.673055501897164
1047,6.438085106392303,3.627794190541605,2.3737046661279457,10.653823698339929,3.458815387523685,4.201118708637317,8.706559228582591
1048,6.434119772082904,3.6136454006442635,2.3741210263329684,10.678225308578522,3.4559232369408677,4.1972460242455325,8.754132395102037
1049,6.424589957955683,3.612177610538259,2.3643810503985137,10.647655328308296,3.4547943403424326,4.197422156332624,8.761239369036822
1050,6.424589957955683,3.6163343340957623,2.3615885829686123,10.552313044713264,3.4547337554236566,4.196365219358887,8.817826928746571
1051,6.420613762758726,3.606053438565196,2.3622871029576897,10.506949057088132,3.441296513044484,4.1926632062367855,8.871616328272895
1052,6.419818138739497,3.632170606124059,2.362985354001516,10.388965589270438,3.4618201070040766,4.195131687788731,8.845944116899435
1053,6.3910896704588005,3.635084404687544,2.3531852604333574,10.449232097049263,3.4547337554236566,4.18983976435454,8.897192134932872
1054,6.387086285602633,3.6484005613671844,2.336543680262282,10.53023819785981,3.4515781803979424,4.1998869954120925,8.866955853513106
1055,6.389502660560459,3.639207085569877,2.341354517947786,10.544811343901094,3.418215082197968,4.191781146749822,8.871616328272895
1056,6.386280562615113,3.638722380060488,2.3422021535556468,10.543980064111961,3.4061963578976133,4.195307935509727,8.954965682376162
1057,6.381443441455449,3.6834454542773907,2.34981296376344,10.5408520052537,3.4190143745486425,4.193545024070376,8.945754560367568
1058,6.383862598804652,3.695347776144481,2.34981296376344,10.611774287566897,3.3965414558453286,4.181792032101625,8.915732738880978
1059,6.376601539609073,3.7057806656130756,2.3510783134076974,10.655901531768523,3.3738731663811574,4.179471971854194,8.952664059125208
1060,6.387086285602633,3.7168827913344322,2.357391799082221,10.663295196597927,3.392559674927868,4.176435513302862,8.920360049170217
1061,6.387086285602633,3.718532606730534,2.362845725294612,10.605694572137903,3.3803880854360804,4.180899899697028,8.87860106688267
1062,6.384668719276402,3.7199459757123217,2.353466001084582,10.592449843494002,3.3909400835293497,4.181613625454473,8.920360049170217
1063,6.380636790159572,3.7003318893617707,2.347561259153469,10.530474818167008,3.3803880854360804,4.181435208891963,8.899512462399406
1064,6.3620470186542075,3.6908307830438325,2.3414958183065258,10.496849388969881,3.3599742731573707,4.175005596116882,8.880927723155514
1065,6.367712259536124,3.707909957095143,2.344742666129188,10.430596318333718,3.362432458429694,4.175184370651158,8.904150754808189
1066,6.363666329294007,3.672929814534844,2.3324046898052195,10.504248278001448,3.381201300894483,4.15689773608265,8.904150754808189
1067,6.362856741074385,3.655878212856146,2.3239434518182964,10.426521684591672,3.408700514411855,4.149697830874412,8.843605464247096
1068,6.359617045574262,3.6623748116469255,2.3134523386599577,10.280821391549122,3.4111130649983155,4.14861644094089,8.85529068427993
1069,6.357996391387852,3.6301497766850956,2.322246382858573,10.226694980737944,3.4111130649983155,4.143565092539974,8.90646872122882
1070,6.357185862469407,3.6525542203385237,2.315725934673835,10.231284701479726,3.4239426359175544,4.148436173585395,8.87860106688267
1071,6.3620470186542075,3.657828075922042,2.312598989376589,10.218072957791204,3.3836394200175377,4.1518595102358615,8.87860106688267
1072,6.356375198918313,3.694471087089594,2.312598989376589,10.19985371930581,3.411916754789352,4.157976321509195,8.869286489631103
1073,6.351508386855944,3.7234013780669404,2.3206893159249784,10.147030804836753,3.411916754789352,4.153659790453781,8.820174488318093
1074,6.333621705984695,3.7088553713027768,2.309751524959303,10.155616865064486,3.391750005151072,4.149697830874412,8.843605464247096
1075,6.333621705984695,3.7088553713027768,2.309751524959303,10.08836705300102,3.39336909307636,4.149697830874412,8.843605464247096
1076,6.332807110964221,3.7088553713027768,2.2894016258924306,10.05915834653119,3.3640699489713386,4.149697830874412,8.843605464247096
1077,6.338506412927259,3.646549137009579,2.2797176098989977,10.112711890656614,3.3640699489713386,4.139409762012141,8.816652843616247
1078,6.34013355935398,3.60927018768831,2.2723101211304013,10.077185599883922,3.3803880854360804,4.139048172088648,8.828384544823223
1079,6.341760162009981,3.613166666919343,2.26647824122834,10.059884694917205,3.3828269679647245,4.135792009393925,8.765973182774767
1080,6.332807110964221,3.626761439659268,2.283626559163111,10.154263860395337,3.3640699489713386,4.136877767908173,8.801371165135633
1081,6.342573259581065,3.675971104818709,2.298459069021283,10.071466381759059,3.3476480497390173,4.154559549536742,8.704171674253269
1082,6.337692635642577,3.6681075682603046,2.301181570383276,10.098253809509917,3.3795746150676496,4.153479808169395,8.70297757712539
1083,6.337692635642577,3.6880809242322634,2.3033279536046365,10.19309944078424,3.3746884273331093,4.154379618026726,8.725629042601016
1084,6.336878722226375,3.679775852818797,2.2987458459155503,10.090614552950623,3.3344345818429986,4.151499332155932,8.711331780485438
1085,6.325469605196299,3.658785895108756,2.2755093609154664,10.022120694307684,3.362432458429694,4.145911358435766,8.658645030872732
1086,6.326285431095546,3.65351384081996,2.279137763427078,9.907072602929972,3.3468241981040983,4.147895310287103,8.622481466745443
1087,6.340133559353979,3.6845245936561706,2.2857944365549088,9.9265114975374,3.3730576487401382,4.165157596946976,8.636970562786741
1088,6.337692635642577,3.6771606394462446,2.2856499947147038,9.90542272768063,3.3795746150676496,4.161030336204525,8.617644714476134
1089,6.3441990475231895,3.6852362174231628,2.286372085059968,10.023054363465961,3.3828269679647245,4.166233397905002,8.62489851810577
1090,6.348261144968284,3.684287345945572,2.2856499947147038,10.021930946324463,3.408700514411855,4.16426081958671,8.634557912506674
1091,6.34176016200998,3.6681075682603046,2.271436582296819,9.919891775397362,3.4135233950219512,4.15779658258084,8.636970562786741
1092,6.348261144968284,3.679538206191452,2.276090411683038,9.884219930822626,3.4207411180744725,4.161748503691682,8.72800895433516
1093,6.340133559353979,3.6833381560386,2.2781225694582887,9.939515320049052,3.4383014587720573,4.164081433925523,8.748204170611794
1094,6.334436164557934,3.6984871476829384,2.274637422213975,9.88011017128651,3.4327267677596467,4.159773154448398,8.73038802106602
1095,6.331177511328387,3.6776363129758187,2.2654556509976485,9.92566993073524,3.427140259158639,4.157437074357582,8.775430834103084
1096,6.336878722226374,3.689975808696688,2.269105003341916,9.960415287873078,3.42873761439515,4.15689773608265,8.811954465182568
1097,6.362047018654206,3.713086053433244,2.287526812124858,10.023680654295521,3.42873761439515,4.166950397563742,8.833071543721015
1098,6.370946594384715,3.722465159530872,2.2894016258924306,10.051371633913892,3.4762149669357,4.171070030703188,8.850619007704028
1099,6.37660153960907,3.722465159530872,2.3018973211285894,9.99776937259793,3.4801333911648626,4.171070030703188,8.810779360606306
1100,6.3790230889354795,3.7467079336564004,2.3291659471233603,10.04841325494931,3.4980845880144864,4.177328887802237,8.801371165135633
1101,6.379830006006436,3.7794823578226957,2.3506015386513024,10.025312531626717,3.4980845880144864,4.177328887802237,8.801371165135633
1102,6.3790230889354795,3.7698271545936275,2.343344883063943,9.989936999225002,3.5489423651260084,4.182862263847375,8.820174488318093
1103,6.366094289364721,3.763833946846298,2.336901045485047,9.938351824883977,3.540532088411362,4.181078346014766,8.88790293268453
1104,6.3733709426410226,3.763833946846298,2.338584276642554,9.872087408652778,3.539000149202744,4.181078346014766,8.906468721228816
1105,6.383056345717514,3.7622182655994476,2.3390048379215425,9.840504751306042,3.521320386389984,4.181256782412568,8.890226418590295
1106,6.386280562615111,3.7875038864030244,2.3485112696091246,9.926521938726992,3.5489423651260084,4.190165988008589,8.908785902110592
1107,6.374986507689616,3.773969038886482,2.3499050513983253,10.005793021314599,3.5481788673207566,4.187495818609017,8.908785902110592
1108,6.381443441455447,3.78727500692906,2.3540799499744653,9.977024168429955,3.552756649036224,4.194255948292689,8.876273616145635
1109,6.38386259880465,3.777186415480287,2.352132865147904,9.85541014209581,3.539000149202744,4.191944870303145,8.88092772315551
1110,6.3790230889354795,3.7758079770673945,2.351297757193018,9.94308072077927,3.562648909355943,4.183040601129698,8.900672330678418
1111,6.377408855797485,3.7758079770673945,2.357551679208292,10.005190995885819,3.576287106176647,4.183040601129698,8.869286489631103
1112,6.381443441455447,3.7569032240479854,2.364475232730333,9.925139286177767,3.5588484322590848,4.178579194157242,8.85529068427993
1113,6.374986507689616,3.7948185390396936,2.3666852004765166,9.95453530657893,3.521320386389984,4.1716069835184495,8.866955853513106
1114,6.371754843975945,3.7813178044782214,2.3726112105496684,9.992961141167063,3.523632997767742,4.162645986103772,8.822521234288251
1115,6.374986507689616,3.8046187784721726,2.3837221012799845,9.848801556091392,3.535933676599862,4.167488041864224,8.822521234288251
1116,6.374986507689616,3.826832227940784,2.3837221012799845,9.887627476142379,3.5420631646891607,4.167488041864224,8.822521234288251
1117,6.3669033413970775,3.8241212400669706,2.380574022780141,9.897658964245284,3.522862347025488,4.163184354587951,8.82955659838409
1118,6.366094289364721,3.8068931957506837,2.387547250284717,9.840562883181994,3.5641676224544945,4.164081433925523,8.850619007704028
1119,6.372562960041028,3.8068931957506837,2.384269040604276,9.663719962702146,3.5573267602644965,4.164081433925523,8.79666215124384
1120,6.385535227777226,3.7725890689072217,2.389456834627448,9.696732039895846,3.545122733824857,4.161928020341927,8.789592467404184
1121,6.388772935426162,3.7936768353834776,2.4006018496991954,9.603939819215993,3.5679607221858216,4.163363790598232,8.73514362283583
1122,6.392817066859075,3.818918170682459,2.3925897005757912,9.527422526453806,3.5770427986491877,4.175541889809709,8.69222108505209
1123,6.392817066859075,3.818691740766176,2.398975083215737,9.478945192514226,3.577798283222597,4.176256808529879,8.725629042601016
1124,6.392008507192438,3.826606407832677,2.4047976979670667,9.526317093880033,3.5702340629754774,4.177520605338568,8.74464472276007
1125,6.409766146488761,3.8390008360041805,2.4175969421655914,9.527399944407202,3.5725055197753153,4.181669578427072,8.7375201595305
1126,6.401702446089331,3.822312523151908,2.4155818796866324,9.561642188735458,3.5565656062240087,4.180948403112857,8.751761732981526
1127,6.398473258646238,3.8236691653169363,2.414909705416033,9.60694414752336,3.5808181456864063,4.1843725441115245,8.784875226903226
1128,6.399280754502759,3.826380570364523,2.4136991771986134,9.545617104435602,3.556624560874013,4.182030105338302,8.799017068527911
1129,6.412987929446305,3.853358142457521,2.4205484158576245,9.589486969020532,3.5762980809341154,4.192827145590212,8.780154684604287
1130,6.421033177263945,3.858277404028328,2.4252343044717093,9.394308361675124,3.5732805655335134,4.196597564955599,8.711331780485434
1131,6.425050881572861,3.857383600597272,2.4260280542721127,9.398928344019918,3.592835467640049,4.199108728442283,8.701783266548027
1132,6.421836980070181,3.8446174716820813,2.42721804509062,9.467942338522569,3.5770519417667908,4.192108469587221,8.706559228582586
1133,6.425854029813151,3.8477581243154884,2.423380904383814,9.466525827301412,3.574035255509473,4.1924678276478735,8.728008954335156
1134,6.424247602537421,3.868357792212258,2.43276131538506,9.52534261254133,3.5649652339730054,4.185813196299773,8.706559228582586
1135,6.429065316000541,3.8738710238273066,2.428803518358169,9.556199274164266,3.56345063912036,4.192108469587221,8.69222108505209
1136,6.423444192647837,3.856192513466129,2.416347675618482,9.534213111842442,3.5649652339730054,4.191389633061373,8.72086668079662
1137,6.423444192647837,3.857078946727845,2.425895786131208,9.578157779479515,3.5589018153286176,4.197853391289011,8.6898283977685
1138,6.41942517832094,3.8833299478022796,2.417012326886632,9.589834677688346,3.588335114806061,4.199108728442283,8.670655922931152
1139,6.412182681382511,3.8864031290027437,2.4143522915089672,9.603560783385529,3.583075393480311,4.202155371036072,8.6898283977685
1140,6.416207605453971,3.8804734402025005,2.4225860245734445,9.574372376513836,3.5732805655335134,4.201259598415709,8.68504044695332
1141,6.407348424286921,3.863276563908958,2.4276145398607043,9.600873277413378,3.5732805655335134,4.195161735186855,8.739895854533318
1142,6.418620982065754,3.894509909506089,2.424969645994413,9.652148582903123,3.5391021322980842,4.202155371036072,8.751761732981526
1143,6.421836980070181,3.9028129752391068,2.429199676085004,9.719564587519148,3.549019959410371,4.204662212101854,8.76833884141247
1144,6.439487595169991,3.936876422942049,2.43447375872215,9.874907019722595,3.542920961243508,4.211813910246113,8.757686821135518
1145,6.439487595169991,3.9396797824409315,2.43447375872215,9.913165844042185,3.523772855170671,4.211813910246113,8.761239369036819
1146,6.445890398993185,3.961371804697079,2.42721804509062,9.915136996504136,3.51221864254755,4.218949825135919,8.713716779741608
1147,6.445090501593226,3.9739721035973035,2.438025367448833,9.958844339312494,3.523004109528068,4.2178804402988375,8.66104894513602
1148,6.448289315761743,3.972693094465772,2.4307834661166927,9.933069978594967,3.5075830677074347,4.219662552251423,8.668255478636967
1149,6.448289315761743,3.963724970746298,2.4394703886797804,9.84329066732789,3.5129904638483143,4.216989016412316,8.673055501897158
1150,6.451486064268852,3.992245971458265,2.4491626005282425,9.868070526179842,3.517616760541956,4.221977833136997,8.701783266548027
1151,6.447489806019666,4.025118705886746,2.452686534402236,9.872488227966468,3.547496490236624,4.2162757005356815,8.706559228582586
1152,6.446690167116064,4.02176324040699,2.4594548522015445,9.870536633196027,3.5352779282769173,4.21002746916254,8.656240246945984
1153,6.457075414744257,4.055570545411574,2.467363813120756,9.828434233198209,3.5626930271444333,4.211992500074922,8.673055501897158
1154,6.457075414744257,4.0476734413728375,2.465162998085575,9.821710702450696,3.572525667877082,4.218593402757349,8.69461291472226
1155,6.450687070595974,4.015041346549502,2.452816923843759,9.823534625662209,3.55206434494022,4.218415176857642,8.762423134782313
1156,6.447489806019666,4.022602448594275,2.4469404348120056,9.91245209625469,3.55206434494022,4.217167320825448,8.765973182774767
1157,6.464252475275307,4.0908622604504,2.4576350009879997,9.835011325650505,3.5436840838613337,4.222689894613177,8.780154684604287
1158,6.465845968614394,4.127182231774297,2.4608835057370166,9.862197964913522,3.541394073336546,4.226070052802708,8.843605464247096
1159,6.465845968614394,4.092708748929297,2.458155137561432,9.784171565045318,3.5452096872568064,4.223045866706162,8.871616328272895
1160,6.461063952644611,4.119463530808585,2.4573748789214718,9.788795982568072,3.5611771732891095,4.220553240690811,8.943449848725484
1161,6.466642523488877,4.12576177899906,2.459584774464408,9.902264990183602,3.574035255509473,4.219484385174027,8.954965682376162
1162,6.475396205580112,4.121090085592537,2.463478293419319,9.97655102614199,3.559660478487795,4.223935625985656,8.977939665167295
1163,6.480958714341842,4.148614598509604,2.474853303677846,9.90299932954815,3.545972168366273,4.229446693028139,8.971055516323588
1164,6.487308261944715,4.128196451147883,2.4711122543690367,9.979718791098803,3.5551053354667923,4.222689894613177,8.977939665167295
1165,6.458671214918852,4.10294731805557,2.4696913041711235,10.011648487392629,3.5137620643290894,4.21270676077544,9.064550627968627
1166,6.455479100683267,4.089630664754028,2.474853303677846,10.11376531889021,3.5137620643290894,4.206988251145096,9.078127775777858
1167,6.453083665052189,4.100083875337401,2.4870571879514176,10.155712372584667,3.4874027101402025,4.199108728442284,9.025937428229543
1168,6.457075414744257,4.1147825192881085,2.488337274779356,10.134374224503544,3.511446600251792,4.205020173354826,9.07247384719881
1169,6.449887947992236,4.138320846435692,2.486416822588232,10.00841783513787,3.482724055506066,4.204662212101854,9.119825082251534
1170,6.431472410174958,4.0976274209409285,2.46839860651585,10.041941176436797,3.506809695754104,4.199825844529387,9.082647618323003
1171,6.433076487901965,4.091477877219999,2.4659400484916247,10.135058105968184,3.4354797370520522,4.202513610448222,9.09167852490305
1172,6.429065316000543,4.114375146920879,2.457504944437811,10.214904291037106,3.460781244124736,4.208240040120383,9.012257751121366
1173,6.433878331424433,4.054947818073412,2.4638672046047585,10.19344720396412,3.455267152660745,4.202692715238406,8.967610860067783
1174,6.445890398993185,4.035998888638392,2.467751926880481,10.135735227533694,3.475690683393089,4.210206157704084,8.980232854056581
1175,6.446690167116064,3.9871572595447295,2.458025116858753,10.240097756371004,3.4850644055209408,4.206809384539426,8.980232854056581
1176,6.454680750802209,3.989914694555144,2.462181344823896,10.226366742086508,3.453689591139258,4.212528210389491,8.927295157893331
1177,6.454680750802209,4.037669374484336,2.4761416140322288,10.045026880556401,3.4449961730954093,4.219662552251422,8.824867167437054
1178,6.451486064268852,4.065103478824132,2.48628872373415,10.015259765622746,3.4686387229843305,4.217345615419181,8.820174488318093
1179,6.441089073410728,4.04475891754788,2.4761416140322288,10.026631760532773,3.460781244124736,4.215562227428613,8.789592467404184
1180,6.43227451417166,3.9913984396153825,2.4756263946850203,10.071105725890764,3.421939044781575,4.204662212101854,8.831900097736087
1181,6.428262690352081,3.987793811148316,2.4844944363079544,9.940230771185503,3.425928839096624,4.204662212101854,8.831900097736087
1182,6.428262690352081,3.9508673269696777,2.472274058837203,9.998524837206954,3.434685149899614,4.206988251145096,8.897192134932872
1183,6.428262690352081,3.949363715345093,2.492683167584055,10.08675406008225,3.409933147020799,4.203409034995585,8.86462441916287
1184,6.428262690352081,3.905430220528242,2.487057187951418,10.08489356129321,3.403507428413481,4.209312616185386,8.823694302416625
1185,6.437112368833748,3.920652165399264,2.493066155044223,10.04368548358552,3.3881826577896446,4.207703618529612,8.819000810281295
1186,6.437112368833748,3.9588026360868347,2.493066155044223,10.005502438584019,3.3881826577896446,4.210206157704083,8.801371165135633
1187,6.442735740862399,4.011674896089567,2.5061691993243924,9.898307022629032,3.3889914759785196,4.211278081566782,8.74464472276007
1188,6.439523168678772,3.977805917610308,2.508703151839728,9.856349271213462,3.42991259015782,4.2094913442543325,8.756502221274772
1189,6.438719699371859,3.993728588495702,2.5135084987475707,9.878846166201608,3.4211403584923743,4.211278081566782,8.791949851476192
1190,6.43470039233336,3.9852468100063794,2.5201907761096147,9.997698462029662,3.425131364505518,4.208573558382515,8.787234259478959
1191,6.439523168678772,4.011253830991244,2.5274771079033784,10.013814210521842,3.4227374883235444,4.212539418463848,8.754132395102037
1192,6.4379160994431155,4.000708432627152,2.5286052953556246,10.07760005619252,3.4307086174061197,4.215780599383294,8.780154684604287
1193,6.43550451533777,3.960515656366056,2.521700543422853,10.126994533536685,3.431504404136792,4.216140530268681,8.809604051846678
1194,6.4341641391658095,3.9471947429143333,2.51649636608961,10.155784515268122,3.432035031171591,4.216380501264242,8.825736020139313
1195,6.43389430185469,3.960475759296001,2.5129823006354988,10.163793306057624,3.432300375458053,4.216500491883904,8.82847718749215
1196,6.434694868721568,4.000627829112616,2.5111512903609645,10.150971693391984,3.432300375458053,4.216500491883904,8.817815072435955
1197,6.462633398946848,4.053728185575584,2.522232831167053,10.125895043956431,3.432300375458053,4.225115753599896,8.805948547991573
1198,6.465020816025838,4.040482952980318,2.5257510138140007,10.129494200576517,3.432300375458053,4.225653447957477,8.81781507243596
1199,6.463429332272729,4.054926081095719,2.5233253647701503,10.130760029461973,3.445665381042693,4.225557403476096,8.878013465800846
1200,6.465020816025838,4.04399048859718,2.5269627012055143,10.169529176413596,3.445665381042693,4.225551210093505,8.872135173274378
1201,6.470586994665167,4.099150471656274,2.5330098191052626,10.140474080872874,3.4622772650421454,4.229580279266806,8.912008050891112
1202,6.464225137946843,4.091822945077351,2.529746714039891,10.193733185587854,3.4622772650421454,4.226945686507935,8.912008050891112
1203,6.4721761862828044,4.122100057106861,2.526356952134037,10.282649029109916,3.482897234186143,4.230801662610498,8.876838212918765
1204,6.457855115127108,4.096997088709715,2.524902381916585,10.345149164490445,3.472194757140672,4.224683143772268,8.850931190566817
1205,6.465816366566321,4.106460975950125,2.528899828386878,10.301341274116329,3.4431645885590463,4.227717743196882,8.883886692872942
1206,6.464225137946843,4.10388273482769,2.5348202915936837,10.191059361017588,3.4464984533456056,4.226937923748917,8.869782435225488
1207,6.461041149113006,4.120176128882905,2.536749607506391,10.315811153889564,3.4281098833159533,4.226349769915963,8.883886692872942
1208,6.474559021117819,4.169823375303853,2.5433671000733367,10.262482098601037,3.4339747076501275,4.232901618321417,8.96094421652768
1209,6.4777343584181475,4.165188482523405,2.5505606977113566,10.18852876787663,3.4053649884711175,4.233706488824443,8.965586669832591
1210,6.478527876007312,4.165188482523405,2.557847196918935,10.104027316808239,3.4222319601945745,4.233861390380507,8.919020352997848
1211,6.486456099067876,4.190388679652459,2.562372692738158,10.047629129893489,3.433137674510157,4.237490621064364,8.90966901909876
1212,6.490415481161446,4.18599290472425,2.56415620964072,9.933661727605706,3.4079019688926295,4.238577985286491,8.888581635511141
1213,6.467407085257961,4.161391294498879,2.565106758270081,9.915516522920457,3.4205501363333335,4.2294643823801845,8.853290455974404
1214,6.466611789624854,4.124663476688764,2.564393889825892,9.936721193575783,3.4205501363333335,4.2276196050719745,8.881538009125583
1215,6.455464245317405,4.119320673934202,2.5653443237462947,9.949599435326764,3.4205501363333335,4.223393512247569,8.890927895940598
1216,6.455464245317405,4.147853482947852,2.5653443237462947,10.01795604969608,3.38242046732755,4.224395824873324,8.876838212918765
1217,6.467407085257961,4.144035588629572,2.562729525468562,9.995643974122178,3.38242046732755,4.228295420312555,8.861541443096256
1218,6.461837337912519,4.122954760977407,2.5560579430601384,9.959620929298843,3.384127014656816,4.2253977961333815,8.846210200618438
1219,6.462633398946848,4.112897371756196,2.538436192416332,9.87181276734846,3.42894851544452,4.225156103470794,8.841485926564665
1220,6.450679042200718,4.067563434275968,2.51724791412044,9.851546219813278,3.401131208208503,4.219055894158885,8.850931190566817
1221,6.45386969110344,4.079283445429067,2.536629081256681,9.809338371784522,3.393493055046888,4.220516637525951,8.83912255602066
1222,6.454667032349224,4.127438174818763,2.5548642002087343,9.729516238269316,3.384127014656816,4.222583452266214,8.77738356167671
1223,6.455464245317401,4.101732587726162,2.548644990669172,9.667268637813619,3.4205501363333326,4.221723266500722,8.77261094641023
1224,6.4721761862828044,4.032796358400262,2.526356952134037,9.655000417474795,3.384979868104314,4.224672621960722,8.77738356167671
1225,6.476146943268686,4.03828872763161,2.516151941674293,9.541728122716437,3.3994357725157465,4.2261564350649135,8.763055555643648
1226,6.491998353370965,3.9851539471797173,2.533063636078615,9.504039179953066,3.368727514096474,4.229394920334029,8.690953160287767
1227,6.478527876007312,3.888496489192174,2.577640960198816,9.465579801075764,3.3000289419823505,4.2205874851486564,8.779768602184816
1228,6.4904154811614445,3.9627398835524446,2.59962184077913,9.443334813043057,3.35323576636476,4.227681036609326,8.86271933884258
1229,6.500695179214789,3.924252308812109,2.568518679362673,9.433978025446255,3.307949312924744,4.229541651460957,8.895617998857665
1230,6.503064412036757,3.9401594509788147,2.592536936125359,9.372037913986667,3.307949312924744,4.2309026123138835,8.860363343370802
1231,6.491998353370965,3.9806842816133603,2.6139720604463874,9.202184525052989,3.307949312924744,4.228602470101634,8.841485926564665
1232,6.484871464439368,3.948307788005241,2.61282270941652,9.23155775201602,3.318471537478708,4.224670757414447,8.843848474499909
1233,6.485663844794169,3.9775516219026685,2.618308124544352,9.214555072119763,3.316720852345701,4.226026750730249,8.850931190566817
1234,6.495162590573591,3.9625149084280724,2.613078177665736,9.148381414826012,3.314968962698147,4.228591338279477,8.82966083187427
1235,6.491998353370965,3.9237965842039553,2.593311060291539,9.090649084669302,3.260050113193844,4.225769285765595,8.832027500797912
1236,6.4912069801128895,3.9269852100060385,2.5899543449981155,9.06677056356464,3.2519773905207376,4.22550473506464,8.860363343370802
1237,6.4912069801128895,3.924707964493417,2.5899543449981155,9.019993545809367,3.2609454759752063,4.22528844839457,8.87566275732189
1238,6.494371719537088,3.909634775327232,2.552781538744638,8.910977370297674,3.213042099418652,4.225639630483676,8.870958905849697
1239,6.49674395644877,3.9100926510840073,2.5621078883353885,9.037761735067829,3.226693708998837,4.226361067676681,8.89796184287671
1240,6.498324821093532,3.8977053979542844,2.58179717182971,9.016862080269059,3.190120000271614,4.22627134191917,8.933023455268273
1241,6.5014850484490125,3.968358863814387,2.598335547668472,8.979086318074467,3.2805630243213897,4.230175666160017,8.921356191791636
1242,6.500695179214789,3.9775516219026685,2.5860741566875363,9.0013367891672,3.348051085130761,4.230156633812172,8.874487098913464
1243,6.507010636752684,3.9909547682776716,2.58127812202826,8.982014281498309,3.263629644897955,4.232777626697543,8.886234568078182
1244,6.5014850484490125,4.012278667056951,2.5951161804541165,9.029319565666022,3.3140925654640405,4.231605153599878,8.881538009125588
1245,6.507799507688976,4.016702599786621,2.5931820605008724,8.962851611762147,3.351508700053143,4.233857186078293,8.834393343932385
1246,6.500695179214789,3.9706035565008726,2.570477004545001,8.999748665791607,3.351508700053143,4.2293838535529735,8.789300335991832
1247,6.5014850484490125,3.9806842816133603,2.572172649075541,8.986922073426491,3.263629644897955,4.229949834514268,8.789300335991832
1248,6.499115065591864,4.013606513831528,2.58179717182971,8.973562140054165,3.2867730181711243,4.230347558833245,8.796440309748078
1249,6.499115065591864,4.02927612258431,2.58179717182971,8.905031849232046,3.3402543960716455,4.230861147838153,8.800007467343073
1250,6.499115065591864,4.033016240259991,2.581148338333504,8.911567862363425,3.3402543960716455,4.230963323729772,8.782152799045651
1251,6.500698725483975,4.096997088709715,2.594600598756359,8.956415193704592,3.36615200342071,4.231847459424266,8.748696968818477
1252,6.501490367010056,4.08404571138413,2.5880151980717545,8.934792505927453,3.355824195451609,4.237500239477017,8.760664586380903
1253,6.503864538569784,4.073211885932468,2.593440051724216,8.911412798085829,3.3324339292516267,4.235734801244845,8.75109219796241
1254,6.503073273497895,4.111182282855603,2.5859446864445297,8.842696314883327,3.3114615606662583,4.241062483401476,8.74630088517504
1255,6.493568293349439,4.124877001327373,2.6010358063323675,8.819457543179597,3.318471537478708,4.23715636973234,8.717480921814612
1256,6.483250738344737,4.133832069013062,2.611161372106802,8.800674856048749,3.28588681203325,4.241239922692994,8.71146112330145
1257,6.486427647673414,4.12359563745169,2.5989787978795205,8.812990076025642,3.3411218654025925,4.240175141855305,8.740306932087616
1258,6.495153715051446,4.08858477281339,2.5854267210159234,8.860077735236048,3.3193855729233213,4.24070757580511,8.729504302596736
1259,6.507818984407965,4.05121229345509,2.557515928529423,8.81757534269048,3.283331145510201,4.249745664531087,8.693369133232666
1260,6.520452227891553,4.070171680752915,2.555413165811061,8.805676669133657,3.270010878084406,4.2561104475413485,8.690953160287767
1261,6.514139595377895,4.054489394870381,2.5547640515032555,8.738103100532548,3.269120345415124,4.253990231405424,8.598489561519516
1262,6.51571850039746,4.107749306150396,2.5662863372168268,8.706026261256275,3.2744588107220607,4.253813484588425,8.581315034981625
1263,6.51019015026908,4.106890477843963,2.5719579327227766,8.68665700865344,3.3185122610565285,4.249922631741473,8.635142450024842
1264,6.518085923905407,4.11156502801059,2.5509949444152755,8.61359889524771,3.283331145510201,4.257876243944003,8.654608054394485
1265,6.525969258381318,4.06407262167991,2.553854930392024,8.597430260716045,3.206892718387546,4.260346757571164,8.64731514108051
1266,6.525181483151419,4.094533318361949,2.562151263228372,8.659717731760402,3.1580047948259096,4.260699535778437,8.618063037041361
1267,6.5243935840171945,4.09666732771227,2.5541147222929608,8.663424074429383,3.1580047948259096,4.26281540650319,8.618063037041361
1268,6.5243935840171945,4.09666732771227,2.5541147222929608,8.670417584566145,3.1885591067238446,4.26281540650319,8.618063037041361
1269,6.522029142648871,4.09666732771227,2.5542446053366783,8.679081628397835,3.1885591067238446,4.26281540650319,8.618063037041361
1270,6.5188748162197365,4.152489971076898,2.573116026389684,8.637890125946655,3.1607983701050824,4.259993941308897,8.60338836908178
1271,6.510980288944437,4.142623478599652,2.5844040239716906,8.731561448832686,3.2059792795541964,4.250453475789538,8.703024291068314
1272,6.534626623616933,4.192896162001896,2.5907891453987437,8.742753456698093,3.2059792795541964,4.25310640164084,8.703024291068314
1273,6.558944641294427,4.215583238463148,2.592063711985203,8.687736300484787,3.1848758745631938,4.269506656217488,8.544360896779782
1274,6.56050951541201,4.189375689811128,2.5760725189032803,8.63563579322429,3.175643432107828,4.2675711208144405,8.549300140660614
1275,6.553463748094522,4.180038140408035,2.572344039407115,8.66218344306956,3.1848758745631938,4.270210203963959,8.549300140660614
1276,6.565201223057409,4.158771798576119,2.554893891550715,8.69077900623716,3.1848758745631938,4.281095945720532,8.519608691731005
1277,6.579250210941006,4.138836704869762,2.5176677960008584,8.687240167946927,3.1922368051641414,4.284599793592665,8.51464699880695
1278,6.579250210941006,4.091543269101625,2.521369824876249,8.697779534089461,3.1561406215730003,4.287400186905415,8.469821198381242
1279,6.574571559632853,4.100717961188927,2.5426511409284203,8.695156663738398,3.1617288474915815,4.286350318687222,8.549300140660614
1280,6.566764155426896,4.095173673265516,2.5528154183764875,8.72486349710705,3.1986595308601333,4.287750068570808,8.56902005086188
1281,6.565982749817616,4.095813897766315,2.5426511409284203,8.709813252139632,3.1986595308601333,4.286525319983873,8.556702044696971
1282,6.5558134331972235,4.128927677993933,2.560468903958842,8.769339911232255,3.278898887102005,4.2860002881706425,8.534471235288194
1283,6.5558134331972235,4.157097853495254,2.560468903958842,8.764421542294556,3.2948187009524483,4.287225232124776,8.546830983483632
1284,6.551112965105331,4.165667563794019,2.572858730920065,8.653430536661066,3.308009078503203,4.286350318687222,8.531996486379818
1285,6.5558134331972235,4.140941024926236,2.570670364814984,8.64998690797225,3.336789356073903,4.281446498599837,8.551768369278221
1286,6.556596417835181,4.133780642025951,2.556191819586114,8.708438842444943,3.320258585606137,4.2812712268337725,8.60338836908178
1287,6.533053668639073,4.123009675044197,2.5528154183764875,8.681130045612942,3.3463112361027987,4.277763826768397,8.637578776017024
1288,6.5432690743606985,4.145775682551509,2.544348861149594,8.623026817224101,3.363533908982665,4.284249576765371,8.619284457330693
1289,6.532267006126549,4.167128391441312,2.5494331901788447,8.593578250381182,3.3661074165016585,4.28179701409594,8.649747002153632
1290,6.533840207784691,4.194137762729375,2.5668026114729305,8.617928775868851,3.3600985706563717,4.280920655258749,8.613175099417244
1291,6.5518966815101,4.219691103843311,2.5696397053378672,8.667897901156152,3.3661074165016585,4.289324076053128,8.635142450024842
1292,6.55737928069577,4.21886994754719,2.5646075107921558,8.656796401342431,3.3324495068150375,4.290198199648385,8.618063037041361
1293,6.550329126555311,4.2552119671639055,2.5792810928061924,8.640103565113606,3.348038698678089,4.286525319983873,8.637578776017028
1294,6.552680275822288,4.252774650491751,2.589513761519716,8.670922204056888,3.365249865492175,4.2907225624676615,8.575170413235346
1295,6.552680275822288,4.247284024630765,2.597916232475708,8.689972714412361,3.3566586512048704,4.283899322643007,8.593587115751953
1296,6.5432690743606985,4.2395407776135325,2.602738001709949,8.662066668216907,3.3686783636850786,4.280219399898402,8.586226609078432
1297,6.5432690743606985,4.258864536231845,2.6096963401173965,8.577649299033803,3.372102322677958,4.285125048929343,8.588681024290945
1298,6.536985131768137,4.247894550727966,2.6137337306397845,8.574277797348994,3.376375913439974,4.284774888024074,8.561632017446817
1299,6.540128086156739,4.266764470005279,2.622411825181106,8.526567885795536,3.3797897197547604,4.289324076053127,8.534471235288194
1300,6.550329126555311,4.263728290193246,2.6249202325604646,8.475073568477203,3.3797897197547604,4.299101042156472,8.56286393299292
1301,6.547976877506543,4.2419880026741845,2.625546846719994,8.567218150790103,3.3729576051230055,4.30310820267052,8.56286393299292
1302,6.553463748094522,4.247691054729288,2.6284267662073937,8.50252735466142,3.337656444034087,4.302237494361044,8.55053437097894
1303,6.553463748094522,4.252368254117742,2.6284267662073937,8.572018696914483,3.3428528216357014,4.304848931159492,8.519608691731005
1304,6.56050951541201,4.291756527406148,2.6246695323323377,8.566335704449743,3.347175112553124,4.3114553532588555,8.457314618873792
1305,6.554247098379393,4.282306087064251,2.6320521208861947,8.566557620930324,3.3324495068150375,4.308327640293325,8.428457672060109
1306,6.552680275822287,4.272828401894704,2.625546846719994,8.489116606165089,3.3298420597441085,4.308501479720121,8.42971499842524
1307,6.547976877506543,4.27383796782989,2.6276758792198818,8.613395539816553,3.3411218654025925,4.3046748995703,8.419649537921355
1308,6.540913517404541,4.285123951087611,2.6323019056465866,8.62241472891298,3.326361320993684,4.305718951673264,8.371623053014778
1309,6.523605560924694,4.280896248902031,2.6240426452572416,8.523510032613911,3.288639589333542,4.306588743255759,8.390623656799448
1310,6.533053668639073,4.32273247058433,2.639905560924917,8.464612211842496,3.3062543207841526,4.31180269451232,8.407045628402848
1311,6.527544437343772,4.318751827724609,2.6492153944169523,8.507983509619045,3.3185122610565285,4.310586840617487,8.42468422625052
1312,6.5306933107864635,4.317955125469435,2.644876117356685,8.482658478560781,3.3540756950613795,4.308501479720121,8.457314618873792
1313,6.517296907199779,4.351647681240032,2.6442554632888995,8.47461990504245,3.3814949397814975,4.310586840617487,8.47231962911213
1314,6.508609498055554,4.341971219408168,2.647356838666906,8.458729422425073,3.372102322677958,4.304152749805834,8.423425921637234
1315,6.510980288944434,4.31277188669571,2.644131309702457,8.451041345666349,3.366107416501658,4.293517755546028,8.419649537921355
1316,6.507028345660129,4.309777862051562,2.6306777524152083,8.394681396722405,3.347175112553124,4.297203552259185,8.434741862864694
1317,6.514929110192038,4.341575664918297,2.648224376120155,8.369428303636676,3.3789366893417347,4.301936391382358,8.396944750787858
1318,6.522817413819928,4.369348130183864,2.64114934247893,8.288630574726437,3.3600985706563717,4.312778803730971,8.409568378973963
1319,6.524393584017192,4.376010713223073,2.6492153944169523,8.269624476140189,3.3618168114049163,4.313826186181034,8.459817861639234
1320,6.53069331078646,4.380705769044731,2.6574962870211905,8.32316600710665,3.3428528216357014,4.314175240062549,8.444783902066614
1321,6.540128086156739,4.365226385824552,2.6600848824745507,8.353898451065099,3.32632178716758,4.321496891175263,8.47231962911213
1322,6.537771054881426,4.385003819623035,2.663408262909957,8.372451592230979,3.366162732601566,4.316966347825945,8.449799093519925
1323,6.544838832206493,4.395141096738263,2.6718958142971507,8.309504755509565,3.348916432121424,4.320451930405484,8.459817861639234
1324,6.540128086156739,4.411646375189708,2.667292651760021,8.272778306699552,3.3592780509051816,4.31870959716571,8.484797413047104
1325,6.537771054881422,4.399809583304437,2.672863585664099,8.235628637509326,3.328066934865308,4.320451930405484,8.449799093519925
1326,6.536199085555217,4.41136698228458,2.671411757346634,8.161633487718216,3.3385128844336074,4.314349753209008,8.447291982605593
1327,6.539342532022448,4.448658957558154,2.675884933447499,8.199504625150887,3.348051077731464,4.319755106956304,8.435997969374727
1328,6.540128086156738,4.439135799130837,2.6721377999416736,8.256388426029469,3.348051077731464,4.3171407140224325,8.422167372132598
1329,6.539342532022446,4.454739869006184,2.677574948912485,8.33115404674668,3.329810891370498,4.321671019306808,8.42720010133029
1330,6.528331841184047,4.474994833306872,2.681553069368817,8.32989794384031,3.318453820903585,4.317838087091657,8.446038063604059
1331,6.5236055609246915,4.445804799807534,2.678178189245658,8.28082514245826,3.354965775293421,4.320626113395233,8.43976482795846
1332,6.520452227891551,4.4520808014484885,2.6768508267527005,8.206782084336503,3.3515107493667764,4.317489418897715,8.4347418628647
1333,6.515718500397459,4.451320687790663,2.678901844100551,8.186496949013044,3.289394464079702,4.312080364652238,8.424684226250523
1334,6.525181483151415,4.460430920071398,2.6899661582728545,8.19532063283966,3.306166236458735,4.314349753209008,8.407045628402852
1335,6.532267006126547,4.475561009502647,2.700732881905275,8.243154337653129,3.299117973148149,4.309459904711613,8.325790849650229
1336,6.539342532022446,4.497382026714653,2.7066903099645714,8.260122145908753,3.2564099301237532,4.316966347825945,8.310440214723906
1337,6.5565964178351805,4.524651907024858,2.699778103877309,8.251777158804318,3.2347797555845483,4.324803764295654,8.320678069895715
1338,6.54797687750654,4.558717439280831,2.687685996928874,8.333884387728183,3.2564099301237532,4.321845138299982,8.336004158795747
1339,6.545623527251016,4.540985650803292,2.668262598312057,8.274423871877975,3.2805223059291926,4.320277738268033,8.367816186215554
1340,6.5385568549484345,4.5268837573283145,2.668868581753506,8.254438178462406,3.313194981443143,4.320626113395233,8.364007062129074
1341,6.5385568549484345,4.54024486786926,2.6792635760592467,8.254471223392185,3.313194981443143,4.320974451937008,8.385562311926531
1342,6.5385568549484345,4.54024486786926,2.6792635760592467,8.30241679633703,3.3140722096185424,4.320974451937008,8.385562311926531
1343,6.525969258381315,4.54024486786926,2.6823959253529357,8.247280990742482,3.3079252467007874,4.320974451937008,8.385562311926531
1344,6.532267006126549,4.560559338553105,2.694997602023984,8.091833991940945,3.30264455397172,4.320974451937008,8.419649537921355
1345,6.535412916189286,4.555399575509554,2.697150193701657,8.103178058696086,3.3079252467007874,4.319058137059018,8.447291982605593
1346,6.536985131768136,4.531714522518034,2.6879261325688044,8.04829883645693,3.263578537521317,4.320277738268033,8.432228918586835
1347,6.537771054881422,4.551709364565378,2.7003748916752817,8.118551960856452,3.253716396334512,4.320451930405484,8.419649537921355
1348,6.531480220193546,4.580024204203303,2.7019257365009017,8.11471283607186,3.2555124080624704,4.314349753209008,8.394417057195549
1349,6.5236055609246915,4.563872317615915,2.713342416433872,8.135570654156886,3.2626835833997494,4.311207108526578,8.448545659200999
1350,6.5236055609246915,4.535425936291832,2.7072851138331298,8.152949472052853,3.251919092324829,4.311556438623229,8.46232013994585
1351,6.5236055609246915,4.51943867162005,2.6882862836409798,8.08367562326638,3.2528179060257374,4.312080364652238,8.477313613578836
1352,6.526756909760809,4.473673392520614,2.6791430058083785,8.145407259277906,3.281410928152179,4.312254988236378,8.444783902066614
1353,6.503864538569782,4.420776349513744,2.6487756376073808,8.179451356937793,3.240204938131908,4.297203552259185,8.46232013994585
1354,6.503073273497894,4.466490967712218,2.665715507976022,8.240114993954402,3.2220746793755843,4.299833745064377,8.47231962911213
1355,6.502281882996332,4.454739869006185,2.6682625983120576,8.167463915478258,3.2220746793755843,4.296852701420958,8.43976482795846
1356,6.522817413819927,4.5144041938831725,2.6899661582728545,8.075860425540991,3.238397859288451,4.307187159353285,8.407045628402852
1357,6.525181483151415,4.5144041938831725,2.695954585834814,8.008193343184653,3.234779755584549,4.307187159353285,8.374159711992558
1358,6.52439358401719,4.548569618429946,2.6882862836409798,7.96231043056462,3.234779755584549,4.307187159353285,8.374159711992558
1359,6.520452227891551,4.501879530783013,2.681553069368817,7.953271439719634,3.234779755584549,4.304737839157317,8.394417057195549
1360,6.527544437343769,4.513097764558391,2.668868581753506,7.972646820131744,3.204726979177241,4.3036875746002785,8.374159711992558
1361,6.527544437343769,4.484607171344305,2.6637727378343223,7.942645659875706,3.2001414185985717,4.302461843835187,8.266744863263211
1362,6.520452227891551,4.525023981654316,2.678540048506348,7.871847077278531,3.2001414185985717,4.306837367550774,8.286059225193995
1363,6.509399886657679,4.55060154107649,2.668505013198753,7.879992796488131,3.219343660994249,4.3038626418772,8.240900578754427
1364,6.52439358401719,4.5387628294949725,2.6718958142971507,7.861185183592357,3.211132441995418,4.300885235598419,8.279627625030338
1365,6.525181483151415,4.558717439280832,2.670080011264633,7.825066195353085,3.215697602027678,4.305962726104369,8.256419793835573
1366,6.518874816219736,4.561295827008239,2.661341676658154,7.83958034562674,3.20747421791097,4.304562818244027,8.222746576199206
1367,6.520452227891551,4.571957551872472,2.655251332305037,7.903333711330799,3.2083892833285463,4.302812099036454,8.20974739976629
1368,6.526756909760809,4.547275960904542,2.6463266126938363,7.939922775158315,3.222074679375585,4.30543783013763,8.188892771790284
1369,6.52439358401719,4.586427668463889,2.6548853327704345,7.95049993885314,3.2492207076430453,4.307187159353285,8.238310339658685
1370,6.532267006126547,4.6110183719173,2.652443654388733,7.9743571038207115,3.242913097567252,4.312254988236378,8.264165171111046
1371,6.5236055609246915,4.6110183719173,2.6420337007822665,8.012634565856336,3.265367487386631,4.312254988236378,8.305315121087917
1372,6.526756909760809,4.61990175304419,2.630829383061815,8.057138232999378,3.2546145635729875,4.315745527494193,8.30018590455069
1373,6.526756909760809,4.639223217099023,2.630829383061815,8.053129453258252,3.259100564938415,4.315745527494193,8.30018590455069
1374,6.534626623616929,4.657365558368367,2.6092309026856304,8.125400209528882,3.26715516151643,4.321671019306807,8.190198212953446
1375,6.539342532022446,4.58697599510679,2.6047330911937974,8.217837924560323,3.242913097567252,4.320277738268033,8.212349379434018
1376,6.536985131768134,4.615734776012595,2.6198108627746204,8.21465298983955,3.2573071300770935,4.318883871692202,8.227938758528396
1377,6.5385542488497,4.627317724937073,2.615336743852782,8.096354887709227,3.2492207076430453,4.32445582749295,8.214950285687603
1378,6.544042299969738,4.627317724937073,2.6007265261817074,8.116076230794834,3.214785245511089,4.32445582749295,8.173206284597919
1379,6.539338623485612,4.63886302923202,2.5948272653408475,8.08344628545388,3.2302496997688213,4.327238301677313,8.149602753575268
1380,6.537769751628225,4.657903032762666,2.5901708471378244,8.039989111866136,3.213872551595424,4.324803764295654,8.2045402152781
1381,6.534630535825321,4.645880133553262,2.606233485203881,8.073295949810774,3.225711353624945,4.325499528537105,8.181054425512231
1382,6.537769751628225,4.690359959607999,2.611102013164347,8.028820608075215,3.2156976020276784,4.329165165271821,8.144345418630246
1383,6.537769751628225,4.708422859200294,2.6198108627746204,8.028312890410199,3.214785245511089,4.3284672604878125,8.146974638499428
1384,6.535415523919829,4.70612574484158,2.6160831225803878,8.030044481029329,3.2302496997688213,4.325499528537105,8.120632511044983
1385,6.547175639280546,4.71442380595599,2.5985947646145684,8.032507705542246,3.21934366099425,4.33561384953707,8.141715092681354
1386,6.560470594092046,4.71442380595599,2.578418457315495,7.992896339567899,3.191811660238049,4.33561384953707,8.117992172085435
1387,6.562813121820241,4.653959675973671,2.5790520813732063,7.944720210794036,3.18534286819317,4.339268362129978,8.094178604695285
1388,6.5667149161948215,4.638142544188392,2.5550758110190914,7.947200296983767,3.1667656324668303,4.342397613602191,8.072934110819322
1389,6.555000454584074,4.6532422342864095,2.5727707422562,7.966303642893703,3.157423560822813,4.337528618239675,8.067611596750417
1390,6.540122875588974,4.691779932327066,2.5878126226784945,7.962370820221915,3.1695612632570414,4.331955320037611,8.141715092681354
1391,6.545609213844961,4.672213812684229,2.568992330988687,8.083201230801926,3.228453129378725,4.336484335471225,8.143030393996254
1392,6.551871989158202,4.65147385664061,2.571512075308146,7.99220335487915,3.2184308663375205,4.334220598325543,8.131182702275597
1393,6.55265428791822,4.661947489081272,2.5815590452367103,7.896861282131087,3.2166042646570414,4.337876639728727,8.156168216213567
1394,6.55578226710892,4.693361720028227,2.5945444507723763,7.866714583402814,3.1936567527384785,4.340833355168637,8.152229765141659
1395,6.553436465040999,4.703188391454144,2.605218784228034,7.8641876602268095,3.195500457756327,4.3420500640524855,8.102126591591256
1396,6.551871989158202,4.740322877291725,2.600881464407781,7.905072821676414,3.1964217908608847,4.34031177249236,8.080909322092346
1397,6.555000454584071,4.733899503052166,2.600633332907192,7.858805082677133,3.2092843088756022,4.342397613602191,8.054285259288552
1398,6.551089568708562,4.756590946046835,2.6126323846527617,7.810105848475667,3.224813364045199,4.341354856222139,8.048946674653493
1399,6.55578226710892,4.719623302998405,2.618420621648496,7.752317403520427,3.2537832423552766,4.339442286551873,8.047755836895297
1400,6.557345527926361,4.745695907405337,2.6239469754238067,7.726724119164936,3.3107369022528363,4.342223843356703,8.04730181609032
1401,6.561251557714437,4.7432703593919445,2.616328929425761,7.8209892299318575,3.3160111161408268,4.34465580304321,8.046295109849732
1402,6.561251557714437,4.768142177656779,2.616328929425761,7.785283087969379,3.3239020104067536,4.34569752884382,8.045734208874153
1403,6.565154560909882,4.7593527686812696,2.627255522965483,7.72465766450035,3.314254259547708,4.350381274949292,8.044960195509434
1404,6.560470594092046,4.768486430436113,2.621247098601095,7.667999903106317,3.3221505879205107,4.3460446985022445,8.044115740781407
1405,6.558908303448496,4.786685714385483,2.623333684859079,7.706836484048912,3.3256522316196753,4.34639183204046,8.043510418911016
1406,6.5659347989286525,4.779657072457928,2.621861024988492,7.707502344952776,3.3256522316196753,4.350381274949292,8.042552543977813
1407,6.563593722407471,4.7743337819717935,2.6155901648249,7.782040358121209,3.2833106696518253,4.350901285823249,8.041535099064065
1408,6.555000454584071,4.783601625638806,2.620141558864978,7.778117832241669,3.3089763968951007,4.34448215044242,8.040866785446601
1409,6.551089568708562,4.812286446160333,2.62247476417987,7.818702339384977,3.3089763968951007,4.34482944660354,8.040386484543166
1410,6.553436465040997,4.818404278816147,2.6275003847145757,7.8667272537886666,3.326526892460681,4.347085990797873,8.03968868329291
1411,6.548741576697653,4.810925551341522,2.631047545302083,7.928669952571816,3.334385398055314,4.346738929468882,8.038809372222707
1412,6.547958668965108,4.832640018029255,2.6287242478558133,7.999030475706047,3.3300225440108564,4.347606515127681,8.03817031634674
1413,6.554218520578843,4.8402438864248944,2.6287242478558133,8.116850470757752,3.3300225440108564,4.352287585856057,8.037406558064692
1414,6.556563958205617,4.839737445936513,2.606703701857128,8.058399171098117,3.3221505879205107,4.35298052022854,8.036185294520164
1415,6.555000454584071,4.802238032953658,2.593299532990759,8.05096911463567,3.299271730342555,4.351767790755053,8.03467860192483
1416,6.558126976323276,4.788055590002752,2.571512075308146,8.071571290444416,3.2904169257918565,4.351767790755053,8.033298090678231
1417,6.555000454584071,4.790451644678231,2.5639431607663585,8.079654711035499,3.3072146706143037,4.35298052022854,8.032347615964662
1418,6.554218520578843,4.725201188037304,2.552280636952581,8.148511456622195,3.270826282277196,4.353153731372733,8.03053759506569
1419,6.55108956870856,4.730422677055549,2.531188446745505,8.17012835333529,3.288642236730659,4.356096948392442,8.029389472693598
1420,6.547175639280544,4.710890626671898,2.5320879191699235,8.111613686848907,3.2939625685323253,4.354885349291854,8.028324727529116
1421,6.549524362530746,4.738587948572959,2.543615692194695,8.102534736809885,3.2966185416303007,4.356269998147361,8.027996723630245
1422,6.548741576697653,4.723110486655657,2.510774227336809,8.047248782800636,3.3107369022528363,4.357308108690465,8.026402739762426
1423,6.558908303448496,4.692307272069441,2.4944692266568698,8.026484390210737,3.2868662993104993,4.36266655530215,8.024907665768433
1424,6.562032400273186,4.675040735806642,2.4581005813315397,8.036404947569686,3.275292108529696,4.365428853876144,8.023218114367815
1425,6.563593722407471,4.630255073518998,2.4594353681771977,8.04996725083942,3.275292108529696,4.364220628475599,8.02185765032645
1426,6.562032400273186,4.603687299221738,2.484882556086185,7.993288642403872,3.264560749681366,4.364220628475599,8.021133771685305
1427,6.5721723603237505,4.6277504096569935,2.5055716608918583,7.964875108338921,3.264560749681366,4.369740393094848,8.02093211093143
1428,6.56983417876696,4.580184873321663,2.488302503444904,7.958737616226287,3.2402456176792658,4.372496872590452,8.019210513542127
1429,6.57684547564528,4.510382599342313,2.4594353681771977,7.942481282728044,3.2239025862134376,4.38126808189753,8.017005122607506
1430,6.572951513427493,4.554880328901072,2.482643117636031,7.8906511786019085,3.2275436892641283,4.377659179762179,8.017106506654352
1431,6.568274788676094,4.538214369225256,2.464898155584095,7.794831328287033,3.220256118655093,4.378174974464424,8.01574433603473
1432,6.572951513427493,4.582723450440804,2.4694163396686006,7.769154185768051,3.200103668966103,4.383843500280553,8.01551591098686
1433,6.5737305462426905,4.564550380751467,2.478156328955899,7.750332422224746,3.165833040827139,4.387274328803502,8.01459936175628
1434,6.5713930868800645,4.622377318208775,2.493814136244935,7.690954888906504,3.1936567527384785,4.386931403214877,8.014720816547543
1435,6.5713930868800645,4.627929372777865,2.4724666625310907,7.548289485679205,3.224813364045199,4.390187787752283,8.013567381014251
1436,6.57840221994964,4.585984646226998,2.4654302665342622,7.465410319723946,3.224813364045199,4.4019872326010345,8.012090948781431
1437,6.589286020823366,4.466617768646931,2.4507423156369144,7.47904627140248,3.2129470021399014,4.4157863977852765,8.009522748729275
1438,6.593167422518352,4.504641055444881,2.4417395452043134,7.467471678974737,3.189041413624776,4.416806325026375,8.008985495716407
1439,6.601696046263013,4.556159038084984,2.426457035819855,7.498466170455983,3.195500457756327,4.427497093030265,8.008496562624428
1440,6.607115888163931,4.498332897597389,2.4025388859141734,7.520820112339125,3.1742135234884654,4.4164663833690865,8.00651335049517
1441,6.6194824023782495,4.41144699492365,2.360094926981538,7.65544242766373,3.137687095548853,4.429529620437511,8.00381627805248
1442,6.625654389086051,4.363487305162065,2.3443989144931363,7.643251405493761,3.0736097393888384,4.429698942889695,8.00207564631373
1443,6.634117333587959,4.333794123071029,2.280935182050838,7.598340781358514,3.1005982158680814,4.429698942889695,7.999667010315785
1444,6.632579662541923,4.342554873267394,2.3202350663011795,7.5366906834286365,3.1357989869266714,4.416296399758564,7.999668114511902
1445,6.627194153426051,4.382753233506484,2.3252662857432824,7.516164369586455,3.12917891469229,4.413405373420823,7.999424379591993
1446,6.634885995046373,4.3230551119962755,2.3136009152088444,7.48526989172713,3.115883748610804,4.4213922059509,7.997601492626306
1447,6.636422970076249,4.34682953943184,2.312300027998856,7.472521238415686,3.097721233218887,4.418165750978772,7.997033828020529
1448,6.636422970076249,4.385057739639967,2.312300027998856,7.451394609167777,3.18534286819317,4.413888067159179,7.996671470074105
1449,6.633348556102644,4.439899683999718,2.3629086106829256,7.4132316281189405,3.1779289467564364,4.4128606192036415,7.997445444983363
1450,6.650234932939782,4.377369904943655,2.3202350663011795,7.364488417947394,3.1779289467564364,4.4292625594172135,7.996438917902491
1451,6.686124513801282,4.301078465306595,2.304184106473884,7.376784173132981,3.148847081890293,4.448976615972998,7.978836199031578
1452,6.67088309097311,4.306389774364038,2.3337155318754275,7.330819217083019,3.0799148018864932,4.443719356389537,7.976317392993567
1453,6.667829358949866,4.359040442361088,2.344300725848376,7.338494089662954,3.1327493719757333,4.436413587474324,7.959919836008431
1454,6.664773804111229,4.34527574913098,2.347815320099283,7.35447130033153,3.1327493719757333,4.443549632459943,7.971276670218082
1455,6.670119828691685,4.354200183985543,2.3450041936605404,7.382528128081438,3.109838045480263,4.439813567439523,7.93080048840796
1456,6.682318402836825,4.2558513764168815,2.335130503499351,7.382617273492315,3.0818567639844305,4.447959713500998,7.920639312183554
1457,6.69676663971047,4.260620761998265,2.3576199129410744,7.37212016785218,3.093475216907438,4.448976615972998,7.910461127670276
1458,6.697525948859022,4.185084219463645,2.362502350295943,7.353402176873354,3.0515751099890505,4.454733353449511,7.895161787318792
1459,6.688406826336301,4.227087646966844,2.370425735042539,7.383662892013537,3.0828271475656526,4.450670780940212,7.8580280123760495
1460,6.699803203796117,4.296564576234815,2.4017798320501047,7.366995866884429,3.0828271475656526,4.443889071875616,7.861880036022437
1461,6.709659678631526,4.257044375369486,2.378452870525451,7.392452125616658,3.1232295886433366,4.44422847752182,7.879823731087088
1462,6.715715838803987,4.243098850907096,2.3758271820567134,7.370716191279988,3.0789432224639546,4.443719356389537,7.905365632632371
1463,6.71268864835783,4.279629139982604,2.3779004078288097,7.339467284225922,3.0982995009655876,4.441512286285918,7.895161787318792
1464,6.715715838803987,4.2510750184836255,2.372920700726935,7.39054654675745,3.0808859822422083,4.443719356389537,7.918096363659118
1465,6.739116553060375,4.174089322927309,2.3541243779894567,7.4664854567168515,3.040735423793499,4.459466930203062,7.864446686596321
1466,6.760162080533563,4.044619839509113,2.3187903344450707,7.487721364491727,3.019900500225263,4.463181582729275,7.90026585583952
1467,6.760162080533563,3.9953536178535325,2.3145029420294945,7.492391709058394,3.0338111535206047,4.463012822249701,7.872140099520394
1468,6.779628227055995,3.978899327102221,2.271193551715485,7.476477411666492,2.998876633487794,4.4705988314408325,7.84130741327052
1469,6.766908617257119,4.0712807783969085,2.2623722555563845,7.363539043702739,2.998876633487794,4.465543357246507,7.854173527524118
1470,6.747394636845117,4.022868310893574,2.2377300481193374,7.379214024274835,3.087673108835121,4.4550716833586055,7.895161787318792
1471,6.705870959946074,3.929437673692828,2.209084073592954,7.357743273810688,2.999882124777621,4.421584017712934,7.884940735011215
1472,6.669356452625324,3.987570504460304,2.2285854328085786,7.369305844212607,2.9928344411083496,4.396206773232514,7.9384102560903615
1473,6.669356452625324,4.108561569892435,2.2285854328085786,7.414112926662225,3.0505917565580742,4.393796331973897,7.958656662247171
1474,6.68003338017456,4.1052285126155,2.221506102364446,7.442404792793087,3.0328202905417836,4.408233242327897,7.953601353650879
1475,6.708902157848044,4.154859543880193,2.245636033032825,7.422257003197956,3.0159106659395034,4.418849679887457,7.907913914748867
1476,6.708902157848044,4.1605996718630855,2.284196871966588,7.38919488151328,3.002895967950007,4.417310645863196,7.905365632632371
1477,6.7361030546372325,4.196041618490896,2.299847820284296,7.394488880545078,3.0278596377373526,4.428069258595959,7.93080048840796
1478,6.733087799130081,4.190973387506193,2.332299441852216,7.382739711731001,3.0564856978501544,4.422779598170252,7.895161787318792
1479,6.723276049513948,4.266572731891819,2.3351305034993506,7.39076289882909,3.0925091834719205,4.418507732670143,7.891330913461004
1480,6.715715838803987,4.21744288727353,2.3485174169868146,7.381020623638977,3.127042032356264,4.42243804671452,7.8926081405335236
1481,6.711174386085607,4.181626924153418,2.368343980937545,7.410979725325589,3.130848431149709,4.419533470938366,7.867012246516525
1482,6.697525948859022,4.196851795718213,2.360411487915828,7.447374266303319,3.1127139810988593,4.417481684135366,7.838730888724831
1483,6.701320813788077,4.238703621954006,2.3825910239572066,7.4478090217195865,3.0915427567977507,4.413545619124557,7.758304650909123
1484,6.718741252859776,4.279629139982603,2.376794980564165,7.441303239985107,3.087673108835121,4.421242345942262,7.794760043133579
1485,6.724031461682493,4.227890083640892,2.3794192782353654,7.382751872396501,3.0925091834719205,4.421242345942262,7.771350009031394
1486,6.732333710376458,4.232700543417836,2.388918070523284,7.360716214027327,3.072130954377,4.420900639774324,7.794760043133579
1487,6.711931572846812,4.283180985354658,2.397684776703099,7.3788389712363385,3.0564856978501544,4.419533470938366,7.8284137413539225
1488,6.690688124864929,4.304411973531945,2.4248153498552485,7.367481003563151,3.101189380733967,4.411832859547743,7.851602501468521
1489,6.6929684106330685,4.28140554244391,2.420770993328712,7.378471480666734,3.101189380733967,4.421925655095943,7.815492347788909
1490,6.67088309097311,4.354200183985543,2.443573926890624,7.404122982367273,3.1460141033710074,4.417652713781815,7.833574527499465
1491,6.666301809570695,4.320441149139051,2.451556165037627,7.469185536428219,3.1279941977292376,4.415086362834868,7.825831685648438
1492,6.646402026562863,4.326286165876694,2.457520698937974,7.442770294805329,3.118455492724556,4.40634619961677,7.8284137413539225
1493,6.65942218792201,4.308328692751497,2.44637156971091,7.410799228421913,3.1213210916231726,4.416284235022265,7.825831685648438
1494,6.669356452625312,4.274491907415113,2.440772105635105,7.363211069486727,3.1117557205756103,4.418165750978772,7.815492347788909
1495,6.669356452625312,4.286728998253669,2.440772105635105,7.316117057637877,3.1450690384169824,4.417481684135366,7.818078852158842
1496,6.676222744902531,4.267563675804257,2.4295226881205694,7.367466555569602,3.1107970755118775,4.422438046714521,7.854173527524118
1497,6.672409274368789,4.261017896954574,2.4187455106682254,7.310916181168632,3.1355979692556035,4.422608826737263,7.854173527524118
1498,6.668592962727043,4.313022642065528,2.4200960777861096,7.351464163454445,3.143177797934916,4.4210714971585485,7.8309946881986034
1499,6.665537863874559,4.292240538690718,2.4244113096172226,7.351394725720523,3.1355979692556035,4.424486840327601,7.8129047279346215
1500,6.667065641246777,4.281997463293372,2.4312681053516894,7.353986672474749,3.150733891274356,4.435903297673868,7.825831685648438
1501,6.661716423442561,4.323364944173735,2.4395700416966752,7.390782572446594,3.1336992791869034,4.441682111628636,7.799949849669153
1502,6.669356452625324,4.368070171204497,2.434218175732894,7.402125980935412,3.180724959989337,4.443719356389537,7.786966883306282
1503,6.664773804111226,4.411238383969421,2.4455726685565957,7.433429559724272,3.180724959989337,4.443040409998327,7.781765794249228
1504,6.66248093994646,4.380542599165735,2.4368960224845218,7.385000166558148,3.21035212523023,4.446264202760519,7.776560173139845
1505,6.661716423442565,4.385709879029388,2.4449066578191285,7.414045872224249,3.2011319913561853,4.446772944404235,7.768743219919795
1506,6.661716423442565,4.424876054117848,2.4449066578191285,7.429764922071844,3.21035212523023,4.448976615972998,7.794760043133579
1507,6.664773804111226,4.459107270254826,2.461354539199503,7.486207774606811,3.2066682153277393,4.452025508340657,7.798652819776004
1508,6.681512724653039,4.408580230565815,2.4426404515955022,7.424516998671689,3.1890938527884987,4.456593753953889,7.7843669046018125
1509,6.692894378282376,4.304411973531946,2.4539442447918565,7.429979904182691,3.184448004906736,4.457439056218377,7.77786200389501
1510,6.709542008936037,4.281208211804112,2.441172622292134,7.35380857254881,3.1918771349229496,4.463519078754942,7.770046756873724
1511,6.708030811336865,4.324728500823928,2.4328778122830705,7.365859682243805,3.1676493739463534,4.458960074326947,7.708469641226957
1512,6.69668266498752,4.320051115034261,2.451556165037627,7.440212205271107,3.162962445986135,4.461662439061475,7.692644808860009
1513,6.681512724653039,4.288501571097794,2.449563781400546,7.386993329466081,3.1779289467564364,4.464700053161963,7.705835108454198
1514,6.695925230981249,4.284758352440938,2.451821656864049,7.4233618055149275,3.175129725492324,4.469064379285029,7.692644808860009
1515,6.706519170148428,4.268158098310759,2.456858904209558,7.326079453476838,3.1946572592793463,4.48028540541202,7.711103001664309
1516,6.711807974392438,4.257044375369486,2.4340841826501367,7.308267822516017,3.173276126543693,4.481789920300948,7.684716468106734
1517,6.698954297730357,4.212206625878856,2.43515585842756,7.328411427163833,3.1365859874339312,4.4787802321327606,7.666175446581299
1518,6.704250875846992,4.224277554767909,2.407288132867727,7.2780681999735055,3.112769585488882,4.475265596255191,7.67942498278854
1519,6.694410028057696,4.227890083640892,2.417470283107137,7.366823161509237,3.102214807497427,4.471579736342767,7.643582524158725
1520,6.704250875846992,4.275875799422228,2.415063773668092,7.380245449148328,3.1098956365396355,4.469232127128792,7.666175446581299
1521,6.703494555560956,4.292124946304873,2.426400545660938,7.316826795785052,3.112769585488882,4.472250187022681,7.634254228073636
1522,6.70122492751328,4.255796141439003,2.4375365656032195,7.299274041447165,3.120416603027941,4.476437540943259,7.632920401928266
1523,6.689103296471652,4.328443910107131,2.4478181444628917,7.369410449459653,3.1022148074974263,4.472920506805835,7.644913927751642
1524,6.676192633819367,4.348087994632793,2.442420753610668,7.363250917701465,3.0712407199763345,4.461507220260077,7.651566420050225
1525,6.6601991296489915,4.389879094584946,2.460003899384669,7.389308260828218,3.0712407199763345,4.4630199856752935,7.6289171006608765
1526,6.6601991296489915,4.389879094584946,2.460003899384669,7.371000207883113,3.0761072195893626,4.4630199856752935,7.6289171006608765
1527,6.661724475817972,4.415384586612444,2.471462546129291,7.398869264043582,3.0712407199763345,4.4630199856752935,7.6289171006608765
1528,6.670867015004652,4.40445024197784,2.4789771558354543,7.391628656935299,3.0867783706679304,4.468225517012685,7.660867271763647
1529,6.676952984872886,4.401805614719538,2.482077985885056,7.436800651828239,3.0722148232762403,4.470070743355014,7.6582113868869826
1530,6.671628156743118,4.499048765742244,2.5064502323198803,7.435150100666819,3.0418283092269958,4.48412897001818,7.604839607095677
1531,6.663249367180351,4.482293910905116,2.503643991284117,7.502323577534644,3.023007226624657,4.483460832293339,7.594106561287832
1532,6.6685829107578565,4.555525044487546,2.5191546121377195,7.606461163044857,3.0546189861922133,4.486800225103775,7.586043791373962
1533,6.660199129648995,4.52174956460545,2.517381024721104,7.659653453674958,3.051673488215881,4.484462990257147,7.59142021066551
1534,6.64415544112538,4.533771936781774,2.5216854905563326,7.590011405375443,3.0368901192366504,4.48780141185892,7.610198737972201
1535,6.636497824053058,4.494453887810143,2.5268634740155145,7.533753503620339,3.0438006640628954,4.473925741203807,7.660867271763647
1536,6.647979942076045,4.466755152596838,2.5134479918495543,7.538063923534035,3.040841506822794,4.486800225103775,7.660867271763647
1537,6.659436285894658,4.38779235457917,2.5120504709562743,7.573634286501866,3.0447862174675118,4.491136601735893,7.620902278116084
1538,6.673150100983568,4.353076854752661,2.4923778285163087,7.549097009430933,3.0751347221274434,4.496133345965341,7.591420210665513
1539,6.6601991296489915,4.385514435630169,2.51065193659678,7.574574874894418,3.0751347221274434,4.493968978645152,7.603499055515875
1540,6.6601991296489915,4.415196362191304,2.51065193659678,7.614181185042835,3.0790223119020252,4.49746459002763,7.588732621221703
1541,6.657910256811276,4.397645585271548,2.519787642182622,7.641927681669569,3.081933813648959,4.498795321008467,7.586043791373962
1542,6.650273267648863,4.46248819499195,2.5229496898750705,7.619344486183699,3.100290725855414,4.492136529805893,7.5401423525586795
1543,6.662486978326537,4.450959404311076,2.500450099508105,7.642654163052144,3.130891564550434,4.499626767565361,7.556384340472179
1544,6.675432169950033,4.388551318671062,2.4949441404037,7.619193646815821,3.1108540038096075,4.503116659831075,7.583353719536534
1545,6.6739109035785145,4.376006473087919,2.5000664752767965,7.560962208698305,3.117551834515385,4.50228605269666,7.563138431387419
1546,6.669344392058592,4.389310111828509,2.5111606119346392,7.531363544179399,3.117551834515385,4.5019537539484045,7.571232983959966
1547,6.6739109035785145,4.400104403702189,2.4945594128403945,7.553501767026434,3.1413210736073602,4.503282757311669,7.548269036973359
1548,6.675432169950033,4.4334057057290135,2.5007058064095875,7.51577521283464,3.1261358859611836,4.502452190091265,7.5428525146375645
1549,6.676952984872886,4.455426771893957,2.5064502323198807,7.586534476988797,3.1601691282282562,4.500125539454764,7.541497592178351
1550,6.6601991296489915,4.4811863264710405,2.504282133039944,7.665684594033008,3.1432125071555057,4.491136601735893,7.553680501130104
1551,6.651037480625113,4.443127425971164,2.4930197291095006,7.701429330702558,3.129941181745932,4.493968978645152,7.561788241815284
1552,6.643390196757791,4.419522882568966,2.497122805133732,7.699549558320451,3.122324547008631,4.486466431510521,7.553680501130104
1553,6.628061129990462,4.408036073954912,2.483368510255096,7.681066349614792,3.1156400822419066,4.475600478384083,7.590076570895123
1554,6.621916555544399,4.424031638225809,2.47237106080694,7.730568854188044,3.081933813648959,4.478947506146145,7.612876460876125
1555,6.625757784385036,4.405205469949309,2.464178711566378,7.765504067400687,3.1022148074974263,4.468728858990144,7.652896014700329
1556,6.631130636526299,4.325738588809515,2.4429480122420086,7.8794467464770275,3.0887134228949034,4.479282029762891,7.599475552381289
1557,6.6295961146598765,4.312566991078059,2.4295890513280325,7.747570893878463,3.098365087523862,4.480118196464236,7.569884674769116
1558,6.62729346398386,4.331918947374141,2.4546413964107567,7.71580239669095,3.098365087523862,4.483293777596007,7.561788241815284
1559,6.60343811704345,4.340013279314625,2.428394000743228,7.785902179212101,3.0974016835091427,4.46939986677156,7.559086920159616
1560,6.60343811704345,4.338087841644103,2.428394000743228,7.659743013500379,3.1041373359278945,4.460330162850696,7.527930889770661
1561,6.604980559489818,4.34212997640637,2.4238724359626733,7.742685543737028,3.124230973541183,4.460666506251549,7.499336656843945
1562,6.612685743834036,4.314701242462342,2.405002856887396,7.6829003642538725,3.1165961493194847,4.466043514463173,7.499336656843945
1563,6.602666719802533,4.329023335330762,2.415465075468371,7.708585521961972,3.1098956365396355,4.4630199856752935,7.493874014310422
1564,6.597263648833717,4.319159330188837,2.420273939412923,7.731272370821905,3.1108540038096075,4.466547176755637,7.521135580520593
1565,6.604980559489818,4.343476265956715,2.4323745293046883,7.74475913657701,3.129941181745932,4.472250187022681,7.458239673398309
1566,6.594946281610961,4.388171857998577,2.4339643671582034,7.673322455113814,3.1422669757581643,4.475767907209507,7.471971389076472
1567,6.581019746575532,4.4067154201480365,2.415465075468371,7.688517233601786,3.130891564550434,4.470741488811479,7.485670311611616
1568,6.560057674433117,4.345398594367642,2.4150637736680927,7.675358577783974,3.149820879511833,4.44921224090951,7.510246420935552
1569,6.566277747402977,4.343476265956715,2.418672368466768,7.69940717491692,3.1394281554340964,4.448706020637117,7.481564065243462
1570,6.547604621803107,4.291148349946884,2.4270652676658355,7.733191712123003,3.1289904228972274,4.435517862668952,7.438959763073969
1571,6.555393511303513,4.302848460643585,2.4190728906930232,7.679053817716611,3.091613043919153,4.438735065616027,7.436200173071185
1572,6.548384053849949,4.249866823518124,2.416401108765911,7.6534204213921,3.1185071382514815,4.431110442486255,7.444474946383549
1573,6.541364809453709,4.268606220663318,2.425735586366419,7.6250799305251045,3.1185071382514815,4.428734849240383,7.458239673398309
1574,6.555393511303513,4.322257076910248,2.433964367158204,7.580731190228736,3.186312982716611,4.453259305194428,7.405756203517065
1575,6.558505694101924,4.2973935725382,2.440970027330411,7.5631164439438106,3.176075607955511,4.445937851971568,7.425148449066857
1576,6.573262364388927,4.298173394419677,2.4270652676658355,7.485136813855375,3.20297324238655,4.44150329745486,7.419614543541036
1577,6.569383215845937,4.277249315150062,2.438065200474937,7.516110576308575,3.2350490858240297,4.444915004711077,7.455489375926296
1578,6.570159284230416,4.299537639430207,2.4370077813525963,7.524997678037034,3.245103436643178,4.458697669369373,7.451361450038005
1579,6.5771385332882,4.393101517323198,2.424804244260795,7.547508110706251,3.246015457735705,4.454449686429809,7.433439248458996
1580,6.5802373273159125,4.397645585271548,2.431258517171172,7.617736423782084,3.2741242701914457,4.454619707068665,7.436200173071185
1581,6.58720267302546,4.412936853360448,2.4275730983837494,7.569904551526255,3.2849211177722286,4.464636003778665,7.436200173071185
1582,6.58256017598612,4.403317083637311,2.431258517171172,7.601564109216815,3.3081571042622815,4.465822436608194,7.504794121198111
1583,6.58642921950838,4.390068734158028,2.434542931376629,7.664041161610496,3.2705149978616075,4.468532742495329,7.588732621221705
1584,6.575588422880378,4.419164878432892,2.412757995168895,7.647250091903869,3.3214663130759225,4.464975026490801,7.63158627210534
1585,6.5709352332261535,4.390822761397383,2.403438065041172,7.7068346142867,3.3214663130759225,4.462940386983503,7.711103001664313
1586,6.572486773254641,4.325733159977859,2.3779006634855966,7.692977618071758,3.2885098116753797,4.456829206633548,7.679424982788544
1587,6.57791341006788,4.297747996787176,2.3940708195821685,7.675411354876277,3.253299642944777,4.458018346398651,7.66882773951216
1588,6.568607028021861,4.326309675267247,2.4203125853406946,7.712321053759897,3.299245408807294,4.459716401113353,7.697924461652636
1589,6.568607028021861,4.302783478230902,2.422295536963555,7.678292969916858,3.2938833074294624,4.451217686797572,7.67677745826794
1590,6.560061064363601,4.327078206688387,2.4384766255798613,7.698060263316347,3.295671937294042,4.44934513114543,7.6342542280736385
1591,6.571711062883967,4.3172660765260105,2.434936673350544,7.684579523526349,3.2804280562642414,4.454789719255178,7.583353719536534
1592,6.56394738999355,4.317458750489315,2.423352247100326,7.609150841786215,3.269611868740214,4.458358024737662,7.612876460876128
1593,6.560838569389831,4.3397333955590165,2.4351991219311167,7.6903118961026555,3.3241198301315493,4.457169003021006,7.620902278116084
1594,6.5771385332882,4.3397333955590165,2.4351991219311167,7.6789884173606895,3.32500372292058,4.457169003021006,7.620902278116084
1595,6.579462807031288,4.3397333955590165,2.445667009382624,7.713723118549055,3.3285362374167735,4.457169003021006,7.620902278116084
1596,6.591068167428513,4.385729799796186,2.4397860216044718,7.706238917767376,3.334706414545876,4.476819764334109,7.650236524382041
1597,6.588749225273113,4.37817047985178,2.422031265589622,7.687306446658011,3.3391045952741107,4.475637127603802,7.67810136917049
1598,6.6072710943752355,4.400797742615128,2.431915862285659,7.636195743310786,3.3644666044010685,4.4911480058276165,7.671478838112515
1599,6.606500699932573,4.433340612962295,2.452829961325224,7.5567970231822805,3.369682906105666,4.488118761929215,7.697924461652636
1600,6.606500699932573,4.433340612962295,2.4754419464438864,7.559673832656624,3.3434952428247686,4.49367034420596,7.711103001664313
1601,6.596474903768781,4.454679157028666,2.487732742367222,7.433869267640461,3.3601116253155934,4.486434697272418,7.809021203704493
1602,6.595702866302404,4.441892055347547,2.487349851894769,7.434899373443175,3.3601116253155934,4.487108421931649,7.7869668833062855
1603,6.591068167428513,4.443748228885346,2.488880953469573,7.485545064552488,3.3583675734777185,4.481377555886986,7.825831685648441
1604,6.581786011742984,4.432409813139048,2.495501595528949,7.434480636021357,3.3644666044010685,4.481883604534501,7.830994688198607
1605,6.588749225273113,4.466865718839872,2.4664295503441176,7.412407656393603,3.3496295613936833,4.484075622477734,7.869576717064797
1606,6.594158438129254,4.409806341726051,2.4760840546765377,7.428839186718285,3.3609832092120917,4.485423863113978,7.8206642423743125
1607,6.593386047323042,4.438176674021757,2.510062738580388,7.366242154389642,3.332063875268763,4.487613628967435,7.828413741353926
1608,6.577138533288202,4.456898124548515,2.51182789737888,7.386154405553593,3.3513795382787004,4.484581274589676,7.828413741353926
1609,6.578688167965421,4.448198929966956,2.511071598659861,7.418510137985975,3.378353444237895,4.486266245514792,7.818078852158846
1610,6.583334221649377,4.475149970002105,2.529765989029137,7.4563814241221715,3.38267786295839,4.482220928955446,7.812904727934625
1611,6.587202673025461,4.508453240151724,2.5273921546343003,7.499096313308055,3.3809489600260165,4.487782014850321,7.861880036022437
1612,6.581786011742984,4.4993359685604,2.5230116826832445,7.560836016634464,3.3809489600260165,4.483401304102297,7.8785438036270445
1613,6.591840912022488,4.4969615327797126,2.514220888741145,7.558162509878199,3.3809489600260165,4.492493482524322,7.935874722944807
1614,6.564724295525136,4.514275712270091,2.512457919800513,7.528100415207991,3.359239746829381,4.481040148764789,7.953601353650883
1615,6.563170364665378,4.516819970287702,2.526141600778564,7.507244373068834,3.359239746829381,4.481040148764789,7.953601353650883
1616,6.556171737416036,4.509909776202415,2.512709871157029,7.575492778335032,3.359239746829381,4.4766508411454335,7.935874722944807
1617,6.560061064363603,4.483597719637393,2.5174907088102354,7.51430839336449,3.359239746829381,4.478508539785442,7.920639312183558
1618,6.541364809453709,4.474414401027951,2.5133396056220576,7.585591487740318,3.410185297519019,4.469717828237843,7.96118274871359
1619,6.535898606602032,4.481028861290339,2.5272671355193377,7.625455473541076,3.381813555407741,4.471748452128143,7.92953126883424
1620,6.539803644465411,4.471470548728111,2.547539908743783,7.56558365859654,3.3800840765477718,4.469548555333347,7.904091090237604
1621,6.530426442383376,4.487630627989649,2.55457977402378,7.541830736982107,3.356622341072926,4.468363411109839,7.971276670218082
1622,6.535898606602032,4.459669811900377,2.558520926878641,7.478830584415945,3.3826778629583902,4.469379274077848,7.99392733451272
1623,6.553058110593214,4.459669811900377,2.5617173003704634,7.4823301943019915,3.376621656346469,4.469379274077848,7.996438917902495
1624,6.516327662945722,4.436317463179476,2.5342558411206517,7.5387067198456,3.3662065415956586,4.454959722990525,7.981353969742725
1625,6.5116192303470815,4.410181179960813,2.5386110636649244,7.569883523824695,3.332945024936876,4.45597956799281,7.953601353650883
1626,6.505334413194991,4.42700614574715,2.546054599707657,7.570431240419577,3.332945024936876,4.462092263820127,7.935874722944807
1627,6.516327662945722,4.448569559940248,2.5554425778118186,7.525782390151837,3.3072673419807757,4.460055911008445,7.935874722944807
1628,6.51397400079064,4.465759639200866,2.558028715270392,7.470926342819681,3.3134891446224164,4.463109986424563,7.923181197692856
1629,6.5218152393939794,4.463730899185891,2.565644180865941,7.432898924698261,3.319695766520636,4.471917616573226,7.884940735011218
1630,6.52651409385607,4.463730899185891,2.5298908473191744,7.44135638721386,3.3276535667067484,4.471917616573226,7.877263605258399
1631,6.525731257485157,4.433340612962295,2.514850130412639,7.439374128104324,3.3152640097351083,4.471748452128143,7.864446686596325
1632,6.517111970960496,4.439663312569053,2.518621281566053,7.470135975834168,3.3143767319338564,4.470394836368582,7.840019288866972
1633,6.502189036729955,4.395155148733262,2.514850130412639,7.456876665852643,3.301030255383,4.4609045384993085,7.766135290933732
1634,6.502189036729955,4.39214190336094,2.532012211401583,7.380774132341406,3.290302247107461,4.46175295575287,7.721624748870257
1635,6.502189036729955,4.393272185858446,2.532012211401583,7.454190035899224,3.301030255383,4.46175295575287,7.721624748870257
1636,6.477600675713916,4.367938349256945,2.5327603756381376,7.483344756402777,3.336466593108618,4.443721295271844,7.749155872476239
1637,6.478395746758737,4.385729799796185,2.5208804461265952,7.467502721049088,3.3267705909154657,4.439454633511299,7.776560173139847
1638,6.481574760688499,4.385729799796185,2.518118886413796,7.468208614488241,3.3117130402724646,4.439454633511299,7.766135290933732
1639,6.482369196889257,4.418043217215159,2.536123558018577,7.608198776984105,3.3214663130759225,4.435866505408018,7.797355508834801
1640,6.483163506289496,4.451162844327216,2.551618703733252,7.682182044465527,3.341739885501009,4.443592505616161,7.810315991263489
1641,6.479190690722424,4.448940149695605,2.5348786125970104,7.621734846004607,3.345249400539725,4.441533950434573,7.823248519762608
1642,6.4752146995299915,4.462623807321626,2.5493949602343773,7.673267840205913,3.3496295613936833,4.436553970758079,7.856743457774275
1643,6.466456305996641,4.44653059706622,2.536123558018577,7.674341478218095,3.389605861868724,4.418116244337432,7.879823731087088
1644,6.450492242920538,4.485064778312483,2.523387539886695,7.66198452478764,3.389605861868724,4.413447870823406,7.89005341705915
1645,6.458480699453089,4.475517695438286,2.511560985499473,7.594765070761836,3.403367579623598,4.425192994198739,7.935874722944807
1646,6.461672480865263,4.498788166726811,2.518292321375238,7.543671205566885,3.404225281997298,4.4288119685546965,7.907913914748867
1647,6.466456305996641,4.509181584782731,2.536991869621281,7.538151135194799,3.3982154417081984,4.430189612681565,7.882382773915679
1648,6.491892556843744,4.524441566915895,2.5348955931997565,7.648356396945083,3.426427513931573,4.4418771292658,7.89005341705915
1649,6.4831635062894994,4.5337944057721185,2.5463359923214584,7.729544234976093,3.4230239898521804,4.438615534730498,7.948541856179116
1650,6.473623412302831,4.5445550089344735,2.55770982674062,7.692589482373116,3.44506869973216,4.423295801468819,7.978836199031578
1651,6.467253162101502,4.544017766927575,2.552703691225961,7.754371919205017,3.4476005143228656,4.416733692599467,7.970015840599806
1652,6.456085514348684,4.51741037630954,2.5431443508488085,7.759813240434665,3.4349171169324024,4.407386685395282,7.9460105336099
1653,6.44969268830915,4.488596064402556,2.5376079922839803,7.73663184618605,3.439151686824921,4.39157656228792,7.9737975504495235
1654,6.4536891712005575,4.494596188352556,2.536991869621281,7.777133453959349,3.422172419787948,4.399577742224072,7.976317392993567
1655,6.464862209942834,4.499134799979697,2.55600185049022,7.805940946666218,3.442534459156496,4.398708966947488,8.048946674653493
1656,6.471235525676705,4.5063841991312605,2.562459944760026,7.770458083344707,3.454340208238102,4.404265272254767,8.051435926187763
1657,6.493478015068493,4.502398911159658,2.5736201548976685,7.695302232420106,3.4298266399532973,4.4059997462775815,8.051435926187763
1658,6.485148725405139,4.544913124317084,2.566348928136164,7.748826286324389,3.460223421119304,4.396449104537543,8.073794230566453
1659,6.4871331532412215,4.561703270536985,2.5736201548976685,7.7159529343874915,3.4660936331696166,4.390705724169902,8.051435926187763
1660,6.4871331532412215,4.596279608280419,2.5736201548976685,7.726358570948939,3.4802962215781483,4.39296943559587,8.010234297626607
1661,6.481177495020404,4.592748912690264,2.572773224115928,7.802961338343182,3.4777953708115947,4.381984939182288,8.011486889015073
1662,6.476407830746505,4.58461486587973,2.5541702246778413,7.888490210887462,3.4686054781440205,4.370263522505188,8.087418027465185
1663,6.487529943931674,4.590805522214701,2.561729904046957,7.873937657352494,3.4619019476989776,4.376041868515919,8.096072174100469
1664,6.485545674246777,4.601040450812815,2.5711993884324458,7.755349651858329,3.457703640755236,4.374116857921473,8.077512780156548
1665,6.50416669540631,4.602449839099691,2.57095714846974,7.7551043896119385,3.4894460454201486,4.389311915031822,8.1501959857815
1666,6.507724508515328,4.577349077216147,2.5668345115103803,7.632828535293523,3.483627052461911,4.388266179714904,8.155093148999375
1667,6.50298019421185,4.588684236978234,2.584958241428434,7.615036136171519,3.496080883523875,4.3907057241699015,8.181959349314715
1668,6.504957539597192,4.589214678029566,2.5939583400012154,7.652538454887862,3.504351436332759,4.372541028058095,8.16487600089539
1669,6.512464321790184,4.58549991194836,2.58868322425713,7.651730210516372,3.4919360341414256,4.380762224264241,8.162431719656077
1670,6.514437918366403,4.590098569019733,2.579538533556843,7.6243980057514005,3.5109496180362534,4.384952541050124,8.172203132080654
1671,6.51680520667483,4.544555008934475,2.555635662116954,7.691062823898045,3.5109496180362534,4.394535730757331,8.13056889048026
1672,6.515621702563996,4.522640054834715,2.557587877705753,7.6357841018064265,3.4886155346774292,4.401488261660837,8.11334441436943
1673,6.495855257392449,4.497683093306241,2.550746604453802,7.652591264749769,3.440843614488569,4.3938396893633,8.11334441436943
1674,6.485545674246777,4.474737706699837,2.542161257021675,7.547728052744672,3.4272777071403078,4.390008891654736,8.155093148999372
1675,6.482369196889255,4.435411859390412,2.527726537639676,7.555057877357783,3.42387528405164,4.393665656571855,8.179521715980723
1676,6.489116790670041,4.441874696803706,2.540316620122651,7.559647640887017,3.421320573611391,4.390705724169902,8.1697617060814
1677,6.488323430491622,4.445746526945015,2.541915406175693,7.557922724800499,3.439151686824921,4.39209895720666,8.128111161534557
1678,6.476805477531714,4.374616024903369,2.5251243044510594,7.530629756946987,3.4652558244068463,4.379888584227903,8.066350431024894
1679,6.472031615398789,4.401418834451809,2.533784885063618,7.463106172219287,3.4433794759661773,4.371490063704371,8.05641142417973
1680,6.470439308365825,4.415577548800311,2.528716947212049,7.485464180264568,3.4585438332523024,4.362719197142053,8.048946674653493
1681,6.465659321962706,4.398991001174813,2.512684506309788,7.499161834576871,3.462740813585637,4.360962265709317,8.073794230566453
1682,6.4672531621015015,4.40645569149341,2.495636521282671,7.4339418845619845,3.4374586742435227,4.363597317343314,8.125652464187144
1683,6.476805477531714,4.35347327557079,2.503427153673172,7.432719230404249,3.404225281997297,4.3525161300804704,8.16487600089539
1684,6.452090964978417,4.365948533678193,2.493116646003779,7.41280718229013,3.393053108743713,4.342281812526779,8.20385561775673
1685,6.436080455493151,4.396374458050225,2.486169823561797,7.4328665306650175,3.401651329663604,4.34916696354666,8.208711127338361
1686,6.43367440133994,4.360283725295474,2.4772916776359044,7.432386838402374,3.3947750226301556,4.348814224239305,8.179521715980723
1687,6.440889052156166,4.365948533678193,2.495258751290033,7.501327828777699,3.401651329663604,4.354453587851308,8.215987385010862
1688,6.440889052156166,4.411298920382986,2.495258751290033,7.532204806622921,3.4230239898521804,4.365879353318383,8.224465757465282
1689,6.459278837412414,4.442428084530666,2.5046807524188823,7.53519489233579,3.422172419787948,4.367809093969292,8.208711127338361
1690,6.460874728061336,4.448693547240215,2.5060587677524047,7.557461665249359,3.456022457469437,4.363070472847718,8.223255258476536
1691,6.47601015215584,4.454947536752595,2.514929586983824,7.651733379014883,3.453498683307856,4.368335194169501,8.240181174279723
1692,6.476805477531714,4.449061746004835,2.5021727367044613,7.599910592760878,3.460223421119305,4.373591663475164,8.196565326727812
1693,6.472031615398789,4.4291219069694225,2.5024236856270146,7.548135557934182,3.466931178227057,4.37429190448462,8.190483625872895
1694,6.47601015215584,4.454212366883263,2.514181516905985,7.5729922993146745,3.4827947337267595,4.38128629937008,8.166097784160836
1695,6.47441911959779,4.473458465395301,2.5158019692405698,7.538928491747124,3.4902762987646576,4.379713828979895,8.179521715980723
1696,6.485545674246775,4.480944399836924,2.511311225287404,7.534631777371037,3.475292175358667,4.3788399164642815,8.23293276043184
1697,6.50298019421185,4.5118112955386565,2.517794507616082,7.57823760108289,3.454340208238102,4.394709718669311,8.249832826038375
1698,6.498231367029906,4.498771930516344,2.50968699461526,7.549685143494648,3.441689172077089,4.3847780486505705,8.242595467420413
1699,6.483163506289496,4.512172799690153,2.4985302867565857,7.548678128948562,3.440843614488569,4.38023806747926,8.208711127338361
1700,6.464758180207279,4.501311216665358,2.48490404603399,7.568855840250905,3.462740813585638,4.38023806747926,8.208711127338361
1701,6.463154489473527,4.464856904352291,2.4905934487676773,7.593602087055707,3.431524558600361,4.362367884590363,8.249832826038375
1702,6.463154489473527,4.475468487899185,2.50091750003294,7.636810257539037,3.450972504442736,4.365177353913707,8.297872022262492
1703,6.457537485721875,4.430417848143522,2.485283867466852,7.610010312290856,3.4408436144885695,4.350224957942498,8.305046706758347
1704,6.476769380412552,4.484225767205349,2.514181516905985,7.561326754600256,3.435764574816735,4.360962265709317,8.284697404919818
1705,6.476769380412552,4.506203149269784,2.514181516905985,7.5654322973899095,3.4526568911885565,4.362894839599971,8.290689248025933
1706,6.468765141673509,4.501673819533853,2.517670034141994,7.594004023657403,3.4442242227451687,4.344401834497079,8.330094757982778
1707,6.473169068377997,4.502761399939051,2.506434418856646,7.656369224974343,3.4366117605065,4.355087650806227,8.347926329623208
1708,6.465960608275192,4.51741037630954,2.5154281393875944,7.787968333579065,3.4484775105580026,4.342796007094107,8.35504508350502
1709,6.479967470670867,4.5398961597637095,2.526611722317635,7.748805635707546,3.447631720597456,4.34671999891836,8.357416246505396
1710,6.476769380412552,4.524081339252823,2.517150362567401,7.788082439454451,3.462814804415846,4.340117907964399,8.35504508350502
1711,6.468765141673509,4.5060220899325305,2.51628794009076,7.829920350379622,3.4391589113588705,4.332607754155776,8.343176097301571
1712,6.475169563650203,4.500223179704909,2.505413040448032,7.869166392690841,3.4391589113588705,4.3299214430581845,8.357416246505396
1713,6.480766672055258,4.472361593466607,2.495099383607832,7.792490116602513,3.398967245405815,4.341189405864504,8.359786533521236
1714,6.487155667034161,4.481978869164878,2.509374653130613,7.8219628635919545,3.411861406272908,4.346006889104132,8.402302919652096
1715,6.479168140871536,4.484695863818303,2.497714106330369,7.8776688637753125,3.435762163541455,4.341725025652158,8.388161975238546
1716,6.475169563650203,4.459070885017298,2.483602100132641,7.896089760959555,3.451013260642852,4.3395820297753085,8.42110942735266
1717,6.477968905269593,4.444079792614936,2.488609421099418,7.846912102802756,3.406711369831961,4.342260559382606,8.409361780486767
1718,6.492739321747063,4.464721180472816,2.466098520741137,7.814599374384141,3.406711369831961,4.350639381915055,8.368075652607834
1719,6.508260904443471,4.419070261233711,2.4615387587234863,7.715835489089372,3.3633938690657783,4.357931439769893,8.309825347888667
1720,6.495528804957945,4.442247100540914,2.4736738141787176,7.744967918899076,3.370373445419945,4.344401834497081,8.293084406523683
1721,6.484760754749732,4.398706270726454,2.462806462434082,7.745785474407997,3.414432631282013,4.346006889104132,8.376354090064526
1722,6.4695661460803855,4.400748195385131,2.468753317889194,7.771122748549415,3.4084291749402844,4.336722555829772,8.326522472833325
1723,6.4827641140754375,4.400933763709264,2.481720960688025,7.745613126263383,3.4400074157727154,4.345293626842018,8.316986605346962
1724,6.464357306107232,4.395362273634548,2.471152076978871,7.785491860713317,3.44678566027276,4.328129362265224,8.331285076353547
1725,6.474369462160254,4.448291252721986,2.487233716718442,7.815804466051033,3.452702413250844,4.331354412375486,8.309825347888667
1726,6.456734536959041,4.467815778897797,2.480716926438,7.754229776355669,3.4560774931347997,4.336186130991596,8.35504508350502
1727,6.455529869880468,4.483428199879198,2.488609421099418,7.758037688183509,3.466177065812991,4.332965765073877,8.347926329623208
1728,6.4543249099056,4.501493591429495,2.4809679846211186,7.707317128747978,3.480419519229629,4.3301005980045,8.321756318277021
1729,6.456734536959041,4.5104909724898805,2.4879842237585006,7.789257794630202,3.4837596689702,4.324901178864251,8.259469791804884
1730,6.456734536959041,4.511928385212943,2.4879842237585006,7.691434762165387,3.4837596689702,4.326336314407887,8.189266579647827
1731,6.45111024986824,4.483790437213512,2.4779530991273626,7.657434414563069,3.4837596689702,4.316457200132104,8.307436474890372
1732,6.441050962476341,4.460165218317819,2.459127775876873,7.690866769306689,3.456920592541161,4.313397690716417,8.314600412191949
1733,6.433795585282615,4.433804002228196,2.4615387587234863,7.672976225829941,3.4628148044158444,4.301312005036416,8.293084406523683
1734,6.449100027287034,4.424234341502873,2.4536599400949526,7.706603821478013,3.438310134171836,4.306728968160779,8.300264481375722
1735,6.443064456692494,4.408162994121537,2.4381878672033954,7.741494847948623,3.416145381054776,4.307991649815448,8.305046706758347
1736,6.437021512477353,4.45980047941465,2.443956848035074,7.659812473530147,3.4101458530726108,4.304382707706841,8.316986605346962
1737,6.434602264585253,4.4649032930173815,2.446770793282496,7.701403263116974,3.432361035770205,4.2998659799563335,8.328904218015309
1738,6.432988774211487,4.445911500745648,2.450728757727326,7.725597206474424,3.4178570130017327,4.306368113390957,8.309825347888667
1739,6.430971169655281,4.483609323311481,2.463566676840069,7.767313442422531,3.4246924027793084,4.306548545699123,8.324139839892707
1740,6.428952740241099,4.471998149783053,2.45823874247148,7.780206435951655,3.445092727573228,4.298961892522285,8.314600412191952
1741,6.427337402184393,4.49247272404865,2.4551874435297902,7.822226617745359,3.447631720597455,4.30167341237867,8.273897839032847
1742,6.439036648046423,4.481978869164878,2.4596356070494947,7.760499790218867,3.4187124104210347,4.318075797418213,8.21113747979398
1743,6.452315991864495,4.5241223886919,2.4749334279508624,7.779161505887873,3.4263984757312227,4.330100598004499,8.28949133070965
1744,6.471968384566656,4.541977363267881,2.4874839185048727,7.77210119434811,3.4703739276146597,4.346363463061594,8.297872022262492
1745,6.464758180207279,4.546960400333565,2.4939776948406145,7.736114697720856,3.4670169676188594,4.34582858783411,8.300264481375725
1746,6.47036702132645,4.553356728838005,2.495473133930878,7.740728249416184,3.473726663108197,4.353664848850188,8.309825347888667
1747,6.473569231854633,4.553356728838005,2.51159948453084,7.751104462756735,3.473726663108197,4.347789377997149,8.343176097301575
1748,6.483163506289496,4.582700686371204,2.51159948453084,7.827226133470871,3.503713575108107,4.358642009415349,8.331285076353547
1749,6.491144630209747,4.592018153385233,2.5248949092677315,7.771351896125393,3.5020564032741137,4.367865718656705,8.307436474890375
1750,6.487953715247919,4.58868076296875,2.529796064340549,7.757904132323917,3.4887620863022692,4.3722911760388445,8.264282786733292
1751,6.485559186841837,4.602711639383452,2.527959581605645,7.719679000948848,3.4945864564910085,4.3650303581106105,8.301460374152052
1752,6.481565745081814,4.612151072538446,2.5294289067338687,7.753158598747696,3.521875502534558,4.362724859957409,8.276299329016645
1753,6.481565745081814,4.637027342969236,2.5294289067338687,7.75455633351107,3.499568728573085,4.365384909371533,8.247421292329289
1754,6.492739321747063,4.631996567641258,2.54004843383602,7.799017104814086,3.497908998256772,4.3827121908197055,8.215987385010866
1755,6.491144630209747,4.651041298802727,2.5468535092123057,7.82028347962072,3.491259794797024,4.376887470785848,8.241388436008497
1756,6.487155667034161,4.678220035849022,2.5603930771615824,7.7625149932155395,3.485428180588272,4.387470381473981,8.264282786733292
1757,6.474369462160254,4.666204262766581,2.553272283368403,7.84939586338818,3.4954174776239397,4.36999066674836,8.278699911666035
1758,6.471968384566656,4.692927459743101,2.566287408028478,7.920172958021478,3.5251645853716855,4.359707581047489,8.26909213326124
1759,6.47036702132645,4.693439426171831,2.5631620026882107,7.956484737920977,3.525986231722788,4.360240239668324,8.278699911666035
1760,6.466361352911204,4.6512139670137405,2.5652060982489573,7.952932155615238,3.5399162430625917,4.355976594645167,8.301460374152049
1761,6.467964008048175,4.64412771118194,2.543453936070773,7.954672815456012,3.5399162430625917,4.354554171035219,8.297872022262492
1762,6.4695661460803855,4.647931842020315,2.5521837848202766,8.00305103722447,3.5407334333739127,4.347254731289371,8.314600412191952
1763,6.4695661460803855,4.695657107250758,2.5521837848202766,8.007327720670695,3.535826600336612,4.346541735751866,8.345551653703682
1764,6.46555983128403,4.697702987257316,2.5538767436848744,8.022468569797285,3.551334631846578,4.337795146297776,8.403479932844846
1765,6.449380312452728,4.670328493101079,2.550004971642303,8.025872640936994,3.5407334333739127,4.337258894252325,8.418761606078299
1766,6.456577729930958,4.666204262766583,2.53834345034612,8.103302638774318,3.51940606221011,4.352063472334189,8.432835765828578
1767,6.45118064747677,4.684212874391386,2.5428462463464974,8.165932322860595,3.521052606415635,4.353131141937807,8.409361780486767
1768,6.446228149991442,4.692074020653541,2.55967010699204,8.238896110148495,3.5136352395810544,4.341903546455651,8.411713019678938
1769,6.4597233160269,4.74612390545629,2.5741989469633846,8.328335332140592,3.5119841638340334,4.351707506639014,8.449217044457464
1770,6.464213552377266,4.753516329969285,2.5682082725392616,8.374043745554136,3.520229459711254,4.364143815799353,8.449217044457464
1771,6.4731818577379645,4.756200774645858,2.5765901388059445,8.247912561556044,3.523520543859814,4.367347152734284,8.432835765828578
1772,6.468699729567692,4.745451122905439,2.5751557707734176,8.24516888692676,3.5086789755091026,4.362362860008965,8.435178485915824
1773,6.4740777983789775,4.744105184937084,2.567728231882588,8.234278651070468,3.4921008702517304,4.369303241810711,8.416412931613907
1774,6.487497575829498,4.736524997904032,2.573481024975979,8.24552313428966,3.4937632935416087,4.379066623341783,8.409361780486767
1775,6.482581192207096,4.745114685033598,2.580672473176824,8.375961776714512,3.482104606630863,4.370547432080638,8.435178485915824
1776,6.4597233160269,4.772600114547188,2.5603273589593107,8.421133424814428,3.483773245661081,4.359689649150934,8.449217044457464
1777,6.45253046938493,4.774603157040026,2.5523449754935994,8.43455607481801,3.4770924289871608,4.367347152734284,8.50043374151484
1778,6.439466746368658,4.81344583964052,2.569579635288739,8.48517558632829,3.4804349253784386,4.341096361768995,8.539736660391062
1779,6.438564526985027,4.8310751026087795,2.5719450340919074,8.50740027863156,3.48544084426767,4.333737736873507,8.525891986643357
1780,6.427272860276594,4.830097897224703,2.5678037231425725,8.592677713714906,3.4812698963950366,4.332120249149389,8.537431245413783
1781,6.422296331687438,4.844079984540532,2.5995289403150634,8.579425435695878,3.484607174905119,4.340737781391407,8.516645911327066
1782,6.420485439020449,4.865116451140594,2.6030229212840874,8.544053802375057,3.5095052044933603,4.336252267010608,8.57651361651999
1783,6.417314774956543,4.961809940862054,2.6111518785401198,8.502951111949777,3.5095052044933603,4.338226637615064,8.581096307833066
1784,6.417314774956543,4.961809940862054,2.6111518785401198,8.377144186252231,3.5267978304712986,4.338226637615064,8.581096307833066
1785,6.420032611887338,4.982201674257351,2.61231046946668,8.329251404753782,3.5226905653775917,4.338226637615064,8.581096307833066
1786,6.413688658394599,4.977035615607482,2.624320357281123,8.283984357393098,3.5374476694286994,4.338226637615064,8.581096307833066
1787,6.418673880799509,4.983453001740461,2.642772637389167,8.225854544085575,3.5358119517193805,4.330681821588365,8.619921176793126
1788,6.421843670879365,5.0132077832629545,2.6367168519527677,8.18988068873109,3.5407161526076965,4.322759320859716,8.633569815509842
1789,6.387319050225905,4.947628393103531,2.641631420245527,8.17244116388647,3.5407161526076965,4.322759320859716,8.633569815509842
1790,6.4014307532167125,4.891807364285069,2.596612609710647,8.155463208970664,3.553750961001637,4.305589098913183,8.603962101293389
1791,6.38138913693457,4.8602724062392015,2.5902987305962477,8.167815902055473,3.503716270325912,4.299059133086966,8.64265331593162
1792,6.390964666093153,4.851699190497918,2.5826720017595384,8.201643664281619,3.462839891245795,4.297787916419479,8.649457788991874
1793,6.4014307532167125,4.955356013896527,2.619248004447704,8.188198461682415,3.487107404244114,4.312648701958006,8.667569049666975
1794,6.395062748727629,4.996099712615511,2.6496065022612068,8.219599429894796,3.487107404244114,4.314094966124326,8.638113120983357
1795,6.37179485494853,4.989391226229034,2.624780847274712,8.17725942567631,3.5415326595461663,4.297969548786396,8.653990233342514
1796,6.367219528555048,4.987516992328793,2.6185553280951903,8.215477724803813,3.524334219629319,4.298514385906328,8.665307838200562
1797,6.385039163277092,5.011345144257464,2.6418597150471785,8.247696802505295,3.548055907282304,4.300692835403875,8.64265331593162
1798,6.374080914157624,5.07906167909713,2.6599275961964346,8.207062271823089,3.546426560470698,4.295971042534807,8.672089168884387
1799,6.374080914157624,5.102789843431251,2.6599275961964346,8.113073157201827,3.579635442217022,4.295971042534807,8.746232608156282
1800,6.359890085684549,5.0465823675826105,2.677612703548413,8.229411128010213,3.5667237878968616,4.284866368775066,8.7996450786122
1801,6.365846095266588,5.048120531189149,2.693589424889577,8.191481881569967,3.5504981016515864,4.291970392695165,8.857036039782693
1802,6.358056005002814,5.05180963529182,2.710106224745461,8.24649878808002,3.559434151302708,4.297969548786398,8.83502005297393
1803,6.355762434574187,5.012431793246375,2.7235330537048585,8.18622173835782,3.5349937231166213,4.293607609073219,8.808506174443913
1804,6.372709406818388,4.99204482212484,2.689021326941606,8.240784500850427,3.559434151302708,4.2974246216860745,8.782999121990006
1805,6.369965238065825,4.97327409045084,2.696258757377056,8.277220150994427,3.5496842800398256,4.303051201500872,8.795210169012615
1806,6.373623787758547,5.005285330156324,2.6895789532147147,8.300376588452659,3.561866189540659,4.301055770599049,8.797427987836363
1807,6.372709406818388,5.057950355991727,2.6845548832896142,8.248241938717614,3.569149358607437,4.291606456341551,8.781887929919252
1808,6.38138913693457,5.037957342460091,2.6473311003022544,8.268104064389044,3.585265257969524,4.299966845301205,8.77744132904209
1809,6.378649831507443,4.964168403479089,2.626161686265468,8.234573154784517,3.5948896706201627,4.302869848498493,8.779664996166813
1810,6.3868631576419865,5.021268822544373,2.653014840524332,8.194729561043927,3.5924867157284996,4.31427570474259,8.806291989258504
1811,6.391420177639336,5.063162343586735,2.66760613825948,8.275768397157174,3.6108561894853626,4.314094966124326,8.74176236658554
1812,6.410513614384494,5.1182270226307045,2.693478127914492,8.308271103986778,3.621185302488694,4.324381370631008,8.752932395752413
1813,6.399612165561126,5.1308946037473255,2.704578318931804,8.343872860378344,3.6188050690634634,4.309030274677344,8.721609327314475
1814,6.377736389102592,5.105366929824049,2.7165002511514658,8.379929161067844,3.6298954406769663,4.303957817213214,8.701395446362605
1815,6.3886864737347375,5.174615887756168,2.7276976112640017,8.45876862334573,3.625147835660894,4.312106189987959,8.678863599232123
1816,6.374080914157624,5.206798306338827,2.7203492493438515,8.500982477760136,3.634634971068246,4.309392295508599,8.692391836423695
1817,6.361265194197142,5.212849812019614,2.7389443170481766,8.459589384997566,3.61801120459556,4.299240695501121,8.719366354357073
1818,6.366761760339113,5.223160555086619,2.7212280248654337,8.435068729156582,3.61801120459556,4.2988775606841365,8.721609327314475
1819,6.385039163277091,5.206059690913732,2.7327278627973586,8.345247699113365,3.6124477883068034,4.30758179500782,8.717122629578006
1820,6.378649831507443,5.1433714935539765,2.738072941113076,8.380616523270398,3.586068577744808,4.302869848498492,8.647190406241565
1821,6.378649831507443,5.168058560704842,2.749481150333801,8.30481501186555,3.6108561894853626,4.299785322826616,8.608525769947752
1822,6.372252152255198,5.202512435204814,2.7694326718804647,8.301921520656867,3.6172171131656916,4.300329860308651,8.608525769947752
1823,6.3868631576419865,5.189478793594082,2.735892919372575,8.291962638080683,3.6195987067488486,4.305589098913182,8.626749012141916
1824,6.3868631576419865,5.180865073380196,2.735892919372575,8.326587272026892,3.6004884446324175,4.310659056564488,8.597110680298552
1825,6.41686165634717,5.1992580142495735,2.7269310783534118,8.325225310540835,3.5900816653697265,4.323660557479473,8.626749012141916
1826,6.4014307532167125,5.223601851777475,2.756512583888993,8.2204309805165,3.5956901907972956,4.319151924373096,8.63129699448142
1827,6.419579743146544,5.202512435204814,2.764274075047674,8.18906611664395,3.6052783835420086,4.327443082033015,8.66078310793794
1828,6.419579743146544,5.246628965802757,2.75931862527494,8.24392950051065,3.6188050690634626,4.314456433498594,8.640383606904765
1829,6.405009021255997,5.187698172936407,2.767821955590187,8.208797154096885,3.615628248701106,4.314275704742589,8.532817981057715
1830,6.408655747696656,5.216682615532657,2.810890619949439,8.17163090345245,3.6322662128253937,4.31535992939685,8.493473324815387
1831,6.412299773141965,5.227571338714083,2.8339297501364595,8.200090114973618,3.6393664647301383,4.316805010538205,8.571927733382525
1832,6.409567007059982,5.294605621233747,2.8203453542116077,8.098237326524188,3.6393664647301383,4.314817861429796,8.5524019777061
1833,6.415486084093847,5.29908347872121,2.849499399930833,8.053669245983366,3.6291047349398085,4.319693284022731,8.550101010275139
1834,6.408655747696656,5.301536986748143,2.857242827974757,8.090270161687393,3.6203921178309315,4.322398757673508,8.555851917666631
1835,6.413665587462803,5.325704326535475,2.8363243256987762,8.059955660457206,3.631476179443867,4.321497178259107,8.535125019232856
1836,6.413210358121185,5.301536986748143,2.844736505323024,8.083721838942411,3.6188050690634626,4.321315488639483,8.47953015542187
1837,6.4204889834914445,5.297783963445157,2.875614215373913,8.110528607909655,3.6108279470954674,4.339977518911224,8.50970276481041
1838,6.412299773141965,5.303844820449812,2.857758085062056,8.120054606246878,3.6259649457817664,4.333828809167853,8.532817981057715
1839,6.418215568017167,5.218155794412614,2.8263275989619636,8.127348085422302,3.5714037583088,4.337808682348832,8.517802385759866
1840,6.432747349995264,5.207093714297343,2.7890909110374107,8.054776003289913,3.560848686511461,4.337808682348832,8.561597794274537
1841,6.437732785554691,5.144722041371184,2.765352723195578,7.970918127306444,3.5575927615319154,4.342144944594733,8.551251594801476
1842,6.444070621215648,5.1903688055551545,2.8136063458535903,7.906233259140674,3.576261651426309,4.348098111068203,8.56963359295525
1843,6.4540137046200385,5.22745837019948,2.799035091075676,7.873488710076243,3.596410987765531,4.355299866668303,8.581096307833063
1844,6.453110612480918,5.268110504143168,2.7284298468432926,7.922993705976688,3.596410987765531,4.354040679405507,8.553552159086735
1845,6.458977771848385,5.250448185676514,2.760041409866969,7.963353171193255,3.603628858688488,4.355120011807338,8.553552159086735
1846,6.460781655591745,5.246238365949923,2.7901398414494807,7.992941217154432,3.6132234926581916,4.354220592341113,8.512017966683954
1847,6.4643874562979695,5.233873814898616,2.796631777604955,8.046845884431807,3.6108279470954674,4.363383344555972,8.512017966683954
1848,6.4454276728696085,5.277633458227411,2.7917122746486256,8.091158057139632,3.6283474829724307,4.354760273057463,8.503911167478678
1849,6.4481406602410285,5.276480352952437,2.792759922848243,8.089652807373138,3.6528486762750236,4.34521305410782,8.48650547013117
1850,6.451303934148456,5.283106232329916,2.756209005144677,8.094489247170257,3.6779176902089077,4.351880968401024,8.50275223132319
1851,6.4567219939252976,5.2730190660536005,2.725728921085836,8.200029007244737,3.6934734479288975,4.34575419233556,8.493473324815387
1852,6.477436576284603,5.203455393957747,2.698087426366358,8.171896856983334,3.6740153371960993,4.355479711855203,8.474875790224738
1853,6.485518836340087,5.176352385662499,2.7210751563635,8.079723815368016,3.6716713315738763,4.359613484419253,8.405833315241177
1854,6.490451543311593,5.138034996082435,2.657037625236069,8.186218125940856,3.6957994596986765,4.363383344555972,8.369258939618618
1855,6.511472866399256,5.168955425850431,2.632865831589587,8.174759896690537,3.6880386532426965,4.37556149924957,8.326522472833322
1856,6.504326605550065,5.099040277774965,2.6831344589619808,7.962873924945066,3.6794771222118645,4.368940634650381,8.326522472833322
1857,6.4985127290249425,5.140869516950639,2.7181477185582072,7.893735108512489,3.6591369106511635,4.362845052875444,8.257061923794515
1858,6.5083476349216465,5.160060833250051,2.7365118040952123,7.859517135402803,3.673234218471274,4.366252773795408,8.269092133261237
1859,6.5177174748383475,5.164510623795359,2.662395136854457,7.837990805664784,3.690369127601137,4.367686567712581,8.285896225081299
1860,6.4985127290249425,5.137587253927983,2.656366946393314,7.780781446472087,3.684928366978248,4.362665603089392,8.309825347888667
1861,6.479682965809969,5.130266924691316,2.6056519667961324,7.822246280226632,3.701219418407146,4.362845052875443,8.309825347888667
1862,6.490899729116096,5.137139460939774,2.6097747896936845,7.859950579700246,3.683371940728546,4.364997700832377,8.273897839032843
1863,6.498065227074612,5.062392859296329,2.525403691543457,7.86276979270496,3.6786975138457363,4.359972701662113,8.194133351936078
1864,6.478335253852638,5.056302082220292,2.540865132481961,7.9041064612577365,3.5600350688900098,4.362486143688044,8.159986484614489
1865,6.475638733751459,5.068929816309788,2.603931613658957,7.838485380502357,3.54125458639323,4.35781681959957,8.17952171598072
1866,6.49179597981474,5.06360986972944,2.5899996044811107,7.823523162668592,3.568971580956256,4.355120011807338,8.226886059476014
1867,6.489555050742026,5.06087106012654,2.58189500016181,7.912112004261388,3.5730240119828616,4.3515208808134975,8.202641155327564
1868,6.489555050742026,5.06087106012654,2.58189500016181,8.053500210026252,3.54125458639323,4.3515208808134975,8.202641155327564
1869,6.489106743956878,5.06087106012654,2.555617203583797,8.098954642918073,3.5190410484522787,4.3515208808134975,8.202641155327564
1870,6.468891026258296,5.092100673022894,2.6181090182639397,8.099820814275233,3.492475068568163,4.345934552241079,8.264282786733288
1871,6.470241301114077,5.115585301964647,2.586877460855066,7.99222455825914,3.484955801146468,4.355120011807338,8.297872022262489
1872,6.449044659023423,5.06087106012654,2.6220926511434954,8.075108673478095,3.484955801146468,4.349539704907674,8.211137479793976
1873,6.452659004670167,5.133555285100117,2.640767369392173,8.023566074827233,3.485792318832502,4.352601027169709,8.252243441875033
1874,6.446332167247645,5.133555285100117,2.6726246373571105,8.014180237394514,3.5115958180678617,4.352601027169709,8.252243441875033
1875,6.437279771950379,5.168955425850431,2.631168621896581,8.073465180936317,3.514079844704713,4.346836205556298,8.290689248025933
1876,6.42412426879505,5.109276346430904,2.6112615036546254,8.070683837188705,3.514079844704713,4.336723734193087,8.22083356391648
1877,6.412755086684505,5.11783604577635,2.637836111213028,8.05299747215907,3.514079844704713,4.328394024854997,8.225676024424088
1878,6.403640801358577,5.151889876117712,2.664177856538533,8.033041072879596,3.514079844704713,4.32984416956078,8.24500883977984
1879,6.395880351843311,5.122033988040537,2.6141174742411564,8.054014543390956,3.491640635838181,4.333828809167853,8.223255258476533
1880,6.403184643429322,5.078184379551992,2.603243057701548,8.012876228850367,3.4597375817146983,4.339616144197152,8.237765959384774
1881,6.416851015096176,5.037053373732965,2.5657025617153413,7.928690665347595,3.456357027123823,4.340338854434219,8.232932760431837
1882,6.421852529610928,5.083030458863544,2.607485380854272,7.969477599649687,3.3782535738592,4.330387810753113,8.208711127338358
1883,6.404096916965531,5.079244974060423,2.6009461559844627,7.979409842990227,3.4180249963006535,4.3316559612705525,8.228095862744008
1884,6.412299773141965,5.060262173530499,2.6209552750514096,7.998867013111976,3.415449577523583,4.3341908125432,8.258265972111902
1885,6.418670335022847,5.115885475666323,2.648301532420609,8.042336077563501,3.4419413750569285,4.338893277148755,8.345551653703678
1886,6.408200054715863,5.063914062810911,2.6198172556789583,7.95412496350184,3.4205978898491147,4.327487362952075,8.352673043623506
1887,6.393595531170078,5.047147956145781,2.5980713080268227,7.988392777565199,3.3938886230029874,4.32331352747258,8.336044136150585
1888,6.404552990261058,4.996563673345824,2.5729414886059314,7.876309663808196,3.37563855568941,4.325854747694832,8.327713456336928
1889,6.422306961187424,4.9732780657040125,2.556792582899724,7.872050523634675,3.3272207168283003,4.335819340575421,8.330094757982774
1890,6.419125060062393,4.976857740372339,2.5231335973841613,7.862053851719775,3.3236635203888434,4.338531784790881,8.324139839892704
1891,6.415486084093847,4.950632845947799,2.539087376051478,7.930481737153906,3.301317762759292,4.344491399890195,8.295478664290242
1892,6.433654167135908,4.981521847062901,2.517626532385393,7.90864688999859,3.322773446083235,4.353140969436215,8.252243441875033
1893,6.446784352450668,4.980278641580525,2.5218181154812247,7.943729618388665,3.3031126738973042,4.360152295827726,8.28109958792918
1894,6.446784352450668,5.003521850579216,2.5218181154812247,7.941744583860399,3.3263318822380925,4.360152295827726,8.28109958792918
1895,6.437261298669785,5.033376075994746,2.574921726925228,7.880407105209133,3.3298853666916624,4.354760273057463,8.201426458635066
1896,6.453575330937176,5.033376075994746,2.563830127870007,7.916564699289963,3.3334339184679855,4.361229658529975,8.218410939757355
1897,6.468933856146627,5.033376075994746,2.6047346293084006,8.027376256906674,3.3660275005119527,4.361229658529975,8.213562898686986
1898,6.477045644480665,5.1290704763271595,2.650096610298759,8.036318446605563,3.3730208960950665,4.376991322660736,8.130568890480257
1899,6.483345676202345,5.115285105317902,2.657596355869792,8.077765792042559,3.41115158259869,4.377170007811926,8.17952171598072
1900,6.47299140549026,5.104011121306579,2.640203995095903,8.05413854538705,3.4068465220471498,4.3725211019797205,8.189266579647827
1901,6.481996340812604,5.084241038711983,2.660945531375104,8.053190978009113,3.4068465220471498,4.373776794219614,8.155093148999372
1902,6.483795373384623,5.076971918127084,2.6575963558697917,8.160914568801376,3.3878194936041375,4.365156880977458,8.22083356391648
1903,6.481546481034478,5.066042748258114,2.680484412438336,8.144162912399745,3.374766296347534,4.3696491829917,8.252243441875033
1904,6.4887393634672135,5.066042748258114,2.640611126844283,8.114302950000324,3.3904222819529903,4.3696491829917,8.19778096172587
1905,6.483345676202345,5.076668743832386,2.659653544529212,8.111828228317641,3.3799954554855307,4.373597438364714,8.254653140805553
1906,6.496370438334173,5.102656062234661,2.6483824728687417,8.131552276621209,3.3537433071476603,4.373238697909783,8.300264481375722
1907,6.495473270887642,5.1002459102734905,2.6535837531630797,8.098757819910677,3.3334339184679855,4.370367393210726,8.439861385281484
1908,6.508018960261095,5.073774905827644,2.6517039730034635,8.054599167783245,3.337862700399635,4.378615785761445,8.470218093030988
1909,6.502198097096265,5.0628049256328,2.669876158023531,8.010158240697494,3.3642761919206063,4.377720201837429,8.44921704445746
1910,6.49906097281633,5.060396406378092,2.679720699030325,8.04125973476983,3.3834757153472195,4.377541056412017,8.416412931613907
1911,6.483795373384623,5.034864680009434,2.6813568808440813,8.032743329758066,3.403397364696338,4.365336688687607,8.466722629537225
1912,6.480646639444887,5.011451326731884,2.646830580971391,7.970045682677541,3.402534363627149,4.359397932171864,8.45855922912862
1913,6.471188459356698,4.98666692579581,2.6379397968223413,7.922682158951832,3.3930224701655596,4.356695010580872,8.430492197673722
1914,6.487840821182947,5.001831955077544,2.6631767714854635,7.8618695091593604,3.3886873790687813,4.3619186909631305,8.51086046829359
1915,6.488290112586168,5.004582804751414,2.630016404164453,7.889040515307697,3.423168265009992,4.360298421083265,8.463225285280895
1916,6.484245029943339,5.009620920203993,2.668011318048737,7.8755270490138285,3.422311752689506,4.356154164089025,8.514332348588445
1917,6.49906097281633,4.951820699771,2.6411672110196163,7.900616706122647,3.433424717541,4.365336688687606,8.474875790224738
1918,6.501750057196537,4.954298196551661,2.6561242276360257,7.884343313382548,3.4283014873817024,4.358857522505848,8.472547358540094
1919,6.51249193684006,4.978523528820587,2.669876158023531,8.00036176599922,3.439389261894473,4.356334455971317,8.470218093030988
1920,6.51249193684006,4.972828215587,2.669876158023531,7.85422451499108,3.433424717541,4.353989902904824,8.465557057230358
1921,6.515620640931242,4.980830023518458,2.6575587489708203,7.879179477520282,3.430864348123747,4.359397932171863,8.49579428907264
1922,6.503541975571895,4.975907817693083,2.675351172709105,7.924019851374173,3.4163083314537697,4.349837814056466,8.470218093030988
1923,6.51249193684006,5.000914567141979,2.6824469466102148,7.8665961119736245,3.4214549610532963,4.356875273311035,8.444540902544736
1924,6.508466438120031,5.008400165049798,2.687345118046912,7.896885357989197,3.4419413750569285,4.352365786940517,8.456224943259755
1925,6.504437693635875,4.986206441277401,2.6835364356755136,7.893817102475251,3.432571537468799,4.358136840497901,8.50970276481041
1926,6.498612651162596,5.008247543401952,2.7094057620731125,7.894132560022332,3.417166804294625,4.353989902904824,8.507386742163185
1927,6.513386052055916,5.044250901314867,2.711126129245426,7.938792952271537,3.3930224701655596,4.357416003220449,8.498114427701646
1928,6.492780799565473,5.0847140778111815,2.71327459055886,8.04044572998331,3.402534363627149,4.348392398509027,8.498114427701646
1929,6.482895938386367,5.111705864574035,2.7197067174412872,8.028010544539391,3.4180249963006535,4.347850206299961,8.530510130096674
1930,6.484245029943336,5.104268151647762,2.6954829929860704,7.948760809197726,3.3834757153472195,4.348392398509027,8.548950224029186
1931,6.484245029943336,5.095622679868787,2.678410816030197,7.984301283047569,3.3869513184347326,4.34893450267133,8.505069897936517
1932,6.513833049715704,5.132752492932577,2.700350394462732,8.044612036192563,3.3869513184347326,4.356695010580872,8.50970276481041
1933,6.516067438928602,5.101438116170715,2.662516628975588,8.074136368460989,3.3704005876784526,4.356695010580872,8.493473324815387
1934,6.508018960261095,5.078873681046701,2.644278468108147,8.140122092312229,3.350222755008572,4.357416003220449,8.50275223132319
1935,6.510703226546182,5.086658936017683,2.650043900783032,8.108772842694949,3.352863620511347,4.361918690963129,8.488828916160294
1936,6.511150464127175,5.067166566767296,2.645721360699104,8.09849383583028,3.344050166187924,4.368930818972903,8.465557057230358
1937,6.5174075935428695,5.039106438771232,2.613737483616449,8.128024543520187,3.312068235356249,4.36713423545326,8.44921704445746
1938,6.513386052055916,5.021807222602493,2.593343588953838,8.081942340212303,3.2814892297027325,4.363718071840752,8.451553851761297
1939,6.513386052055916,5.052256607915215,2.6193657937858923,8.050322288978972,3.2905214946498336,4.364437553640558,8.446879394998781
1940,6.522318425571356,5.029100551057102,2.6092234427425667,7.9865088691077375,3.3156416419698074,4.371982804344831,8.444540902544736
1941,6.527224446008947,5.0189164652390135,2.613737483616449,8.025470743141453,3.320101357901033,4.3694696064092895,8.456224943259755
1942,6.531234892964316,4.982059585347226,2.610917399433609,8.019205897571732,3.2751473257026977,4.367852984370633,8.432835765828575
1943,6.540135532382646,4.987894613802088,2.6212758346095297,8.072624725542331,3.2796788869968903,4.366595072629425,8.442201566253397
1944,6.531234892964316,5.021807222602493,2.63504187393223,8.037023181835345,3.305802660910547,4.3694696064092895,8.428147780601043
1945,6.539246178485451,5.025151709724864,2.6300164041644534,7.9714712084801445,3.287815208552275,4.36713423545326,8.388161975238546
1946,6.540580150262414,5.053614427077518,2.6235206229790684,7.9732969777329314,3.3084897997292666,4.3709059499987,8.362155945447627
1947,6.545468350880298,5.06265443690451,2.616328465135107,7.927726499713222,3.3022153771817413,4.373776794219614,8.369258939618618
1948,6.5334615336527095,5.076475088369514,2.640054890087454,8.03066378395355,3.3209923651398854,4.37126493984234,8.381079844557133
1949,6.538356667006988,5.075575235423333,2.645055537672701,8.05898004933946,3.3147487607172086,4.37252110197972,8.404656731338413
1950,6.533016284596305,5.067166566767295,2.6344841049603467,8.01895894050396,3.328997458757838,4.364077832054257,8.411713019678938
1951,6.529898433791369,5.077974381736449,2.642278922088759,8.041009358879645,3.3352063505144924,4.364617399952095,8.378717401301998
1952,6.531680300202717,5.060245824341175,2.647828361768621,8.06525303790627,3.313855566067256,4.364437553640557,8.402302919652092
1953,6.538356667006988,5.045309207302648,2.64538847647218,8.069611822008683,3.3307729663337424,4.367134235453259,8.388161975238546
1954,6.535242134763267,5.0354709305236165,2.6456104053522185,8.073524823130157,3.305802660910546,4.357416003220449,8.37162486010825
1955,6.53791185215062,5.053312730555475,2.650597408671281,8.134108230310414,3.3449328731147094,4.361378688121425,8.411713019678938
1956,6.549020421346992,5.042738533714273,2.650486719138792,8.129709066821988,3.339632071616475,4.365336688687605,8.39759271771905
1957,6.549020421346992,5.041528214108612,2.663286774515921,8.200053380193841,3.363400092143319,4.364437553640557,8.40700968466138
1958,6.549020421346992,5.074675174620353,2.66581521263272,8.20066729290272,3.3878194936041375,4.361018637837526,8.381079844557133
1959,6.539246178485452,5.0800724242401705,2.6652658179411035,8.255423170501723,3.4051225122370035,4.361018637837526,8.381079844557133
1960,6.533016284596305,5.062654436904512,2.6788475363986155,8.201308988771418,3.4033973646963362,4.3521852808765065,8.446879394998781
1961,6.533907302471503,5.029707706712927,2.6811387984123707,8.243603470618654,3.3852140979099943,4.354711478978835,8.500433741514836
1962,6.549474568461787,5.049086513213225,2.687997329337433,8.200966673153653,3.379995455485529,4.354891848663977,8.505069897936517
1963,6.560121470012827,5.082319075168554,2.6987291977970687,8.15142709776708,3.3677776230078376,4.37126493984234,8.50275223132319
1964,6.560121470012827,5.110070777519235,2.6987291977970687,8.139070135583333,3.3704005876784517,4.367673311584976,8.516645911327066
1965,6.560564602571303,5.092935714335152,2.6930992024624683,8.04951431239381,3.3414002225916186,4.366415332416562,8.542041264953857
1966,6.552582242647304,5.069570897461104,2.686257640804063,8.032849247185693,3.3422838412158034,4.35579355116216,8.615365369981657
1967,6.547697891941976,5.085162977241918,2.704451762508023,8.082565126078055,3.341399684363295,4.360308743426685,8.60624432965183
1968,6.552138406737278,5.051049258372242,2.682119987472402,8.120845329720959,3.349346156220942,4.35470899747077,8.622197904479496
1969,6.545476162834611,5.038500758004689,2.6817973839925684,8.17642912924656,3.349346156220942,4.355070554458669,8.603962101293384
1970,6.545920587236891,5.014347690717092,2.680614071851432,8.132259061302868,3.312049724142828,4.3554320723518885,8.653990233342514
1971,6.554800835046055,4.974060354466956,2.6846989978652327,8.157390735295802,3.321870586995732,4.359045103648404,8.649457788991874
1972,6.5468093181510065,4.98390318730012,2.6959444183722603,8.044649850239544,3.3209793441339253,4.356877753212056,8.622197904479496
1973,6.540140001099914,4.974939143234607,2.6688515521600307,7.990447528083168,3.3209793441339253,4.354528204312674,8.59482529213959
1974,6.53702461936881,4.933030922917533,2.643259488698868,8.015554547471577,3.3111550363184894,4.348918759222888,8.585675813462775
1975,6.539695064920482,4.946540928781025,2.6629991578664,8.030496801347669,3.3138381559916046,4.354528204312674,8.603962101293384
1976,6.533016284596305,4.889253659358086,2.655823401164236,7.900607181772973,3.341399684363295,4.354528204312674,8.535125019232856
1977,6.53702461936881,4.862865758759938,2.630617301847895,7.880135803708145,3.3289893461184845,4.360669695758933,8.53743124541378
1978,6.543698072032832,4.879438478144088,2.6520078077399134,8.00909149409578,3.284166526222638,4.365358539124793,8.548950224029186
1979,6.545920587236891,4.895938199721682,2.637772582867079,8.005701497863939,3.304883384069229,4.3599477521688295,8.562746366973144
1980,6.552582242647304,4.889564832197808,2.6237685607594186,8.081394596863493,3.3012926118577197,4.3635559144875975,8.50970276481041
1981,6.55080666397454,4.896869981495724,2.6245429717511843,8.143854466423894,3.2769206293874573,4.358142211588548,8.539736660391059
1982,6.550362671344173,4.918546341155451,2.6563679032659797,8.15943932682525,3.2769206293874573,4.36409680371887,8.52358169256122
1983,6.553026039401162,4.904935768652737,2.651243830535801,8.074207073495346,3.284166526222638,4.367160194673822,8.507386742163188
1984,6.552582242647304,4.926720000335301,2.6322707695873304,8.186907993197835,3.296796979902273,4.366439648652513,8.437520358784312
1985,6.544142653731434,4.926720000335301,2.6146746240506333,8.15896705695803,3.299495316510842,4.366439648652513,8.388161975238546
1986,6.540584897853955,4.910973789683942,2.6212219687244303,8.164149714954753,3.3245424486199733,4.363555914487597,8.389341573306037
1987,6.547697891941976,4.925487372494427,2.6106691212459605,8.226393825926827,3.312049724142828,4.362654238309791,8.39759271771905
1988,6.554357194821314,4.879906450945637,2.5798035655344083,8.226241615657923,3.304883384069228,4.366799941021871,8.369258939618618
1989,6.554357194821314,4.863962452572545,2.5798035655344083,8.192406900286143,3.304883384069228,4.370400737155835,8.333665048761372
1990,6.558348549742158,4.863179132721912,2.550746578276033,8.218725007408,3.2904896470025107,4.3721996869105,8.369258939618618
1991,6.563222579575876,4.826176006565167,2.5403876082131007,8.260040862173428,3.2523102144748104,4.37345837829232,8.385802130645873
1992,6.574282422420618,4.787200657471092,2.513544408145939,8.223288956392118,3.2614533934790457,4.379026919783815,8.336044136150589
1993,6.57384049399099,4.846533917398333,2.553041140890607,8.178149065574091,3.2449714920958646,4.373638152830123,8.366892147604968
1994,6.570303672508007,4.843699967485401,2.5627632028601,8.108546366559269,3.26236587618089,4.3721996869105,8.350300125962775
1995,6.583995075311115,4.814605914061021,2.5322924297567915,8.16366267573402,3.2458900145514136,4.370760604266014,8.269092133261237
1996,6.58355399595045,4.798219119761872,2.5241634011854823,8.142222060707516,3.1986060523787523,4.371300332576597,8.28109958792918
1997,6.58531808250928,4.829971990019056,2.557279014824723,8.156986670004976,3.196733185971013,4.372379528862584,8.31221332668059
1998,6.591047117182952,4.8405485990211,2.572437459364412,8.101462776069614,3.2366895026401377,4.374536881174142,8.297872022262489
1999,6.599408672366052,4.844644857391892,2.5796904482755263,8.15033894573268,3.220042176107805,4.3721996869105,8.305046706758347
2000,6.592808592627202,4.901525430153318,2.5650437752169863,8.155475886667073,3.2283798166034194,4.372559361179788,8.297872022262489
2001,6.583995075311115,4.883024776884983,2.5378470331984038,8.180310077567054,3.1911059924748675,4.366439648652513,8.252243441875033
2002,6.58355399595045,4.876785527244188,2.557850999164577,8.180306388133138,3.197669797780909,4.370940523348744,8.191700436578579
2003,6.5760497493106955,4.934876033890897,2.559337379278709,8.237996757376974,3.1788691853241478,4.37166010323057,8.20628384032493
2004,6.573398526859755,4.941633765550135,2.5607084251333565,8.238116324794042,3.1637237522717365,4.369500900469277,8.232932760431837
2005,6.566764369311488,4.98162618470138,2.591645121849537,8.286152748755203,3.167518956120777,4.370040831443144,8.269092133261237
2006,6.571630271131228,4.975851701890212,2.588043742060111,8.311703543734879,3.206083274608168,4.374357154746582,8.230514774419442
2007,6.574724312158031,4.982840754754456,2.612450332345529,8.346236552545257,3.197669797780909,4.370580675535532,8.225676024424088
2008,6.557905222117776,4.996629437894841,2.61311787881833,8.317458530070857,3.197669797780909,4.369680887116447,8.273897839032843
2009,6.551250617410465,4.997234397116986,2.6092207207514084,8.297422505392188,3.2523102144748104,4.369500900469277,8.266687915568948
2010,6.552138406737278,4.979651685269443,2.614452305795448,8.221102923572097,3.240373790986551,4.366079317554243,8.264282786733288
2011,6.554357194821314,4.959850330017681,2.5916451218495373,8.334412533783164,3.246808198559059,4.365178320293847,8.302656042563632
2012,6.564993785563269,4.934107346875304,2.5809343829753195,8.419678803586091,3.210745026417426,4.36878085728823,8.272696753493799
2013,6.5680918991419714,4.903075967054041,2.548794083944148,8.37608158859053,3.2126072605895195,4.371120432785123,8.225676024424088
2014,6.57384049399099,4.87475553094787,2.5413106335621203,8.377160966638336,3.175091647300266,4.376872450032782,8.20385561775673
2015,6.575607975593701,4.9391778019955925,2.571074555697144,8.451856690200069,3.1882875426420485,4.374177418699834,8.249832826038372
2016,6.582671721731429,4.93518346503071,2.577539991540646,8.427790128404455,3.194858889204561,4.374716597983911,8.269092133261237
2017,6.5888444101900845,4.893763143446276,2.546724611211762,8.42959989910934,3.177925349127164,4.37615398639302,8.207497600713642
2018,6.58355399595045,4.868189543301546,2.554187415484961,8.46311438011295,3.1769811476519934,4.375076002755833,8.22083356391648
2019,6.589285028321282,4.825384687027434,2.5259082051689985,8.415921798413851,3.172254647375547,4.378667937380808,8.232932760431837
2020,6.589285028321282,4.847478087835347,2.5183360093202456,8.409645262737849,3.151348185460134,4.376333616706858,8.278699911666031
2021,6.600288033537815,4.79710280702526,2.49602997580378,8.44979719501903,3.1408268880963894,4.384944604104517,8.290689248025933
2022,6.600288033537815,4.825859499032276,2.49602997580378,8.448823050714333,3.1408268880963894,4.384048654017264,8.28109958792918
2023,6.595009575214021,4.844329920763814,2.5363442258735067,8.47369559895893,3.14848328194749,4.385482059716839,8.319371907068284
2024,6.594569455244704,4.853138087117669,2.529973321377799,8.502162120125933,3.1901668695749734,4.387631024708088,8.350300125962772
2025,6.604682552135372,4.833290290636602,2.49602997580378,8.543127026920923,3.1807557634462515,4.390315304502783,8.359786533521236
2026,6.6108200332481895,4.823484830134187,2.4788306469862773,8.63444580839556,3.166570710592153,4.392818704985577,8.347926329623204
2027,6.628751531530205,4.754429480852854,2.472744140544377,8.622102293849846,3.179812656633792,4.404595501424379,8.319371907068284
2028,6.616074830094017,4.793592190684034,2.4930755960533,8.634528520837135,3.2051498641961635,4.403882923682021,8.340799659512722
2029,6.616074830094017,4.767798259825079,2.48477897123246,8.551896942786303,3.2032819803526773,4.407444311949226,8.345551653703678
2030,6.632243000049207,4.829497704614764,2.530553358024353,8.59170640573261,3.1882875426420485,4.4083340735021945,8.345551653703678
2031,6.649664544557777,4.824751509670476,2.504865904232625,8.637267971964365,3.2014126766647837,4.409401478679279,8.366892147604968
2032,6.650099321679837,4.811111926806468,2.504513246469883,8.592110025871566,3.1808114149737574,4.405499069155988,8.456224943259752
2033,6.641396733195924,4.844959767354232,2.5255593699792334,8.583970184521734,3.184570016487056,4.40194751266385,8.50275223132319
2034,6.638347315567494,4.878814423452139,2.5636203973030423,8.565446484455022,3.218140699185824,4.402302836272505,8.581096307833063
2035,6.642267660457578,4.8630224490289535,2.5387089191938843,8.54770757466403,3.219992385281195,4.4007035857195325,8.523581692561214
2036,6.655313761825062,4.822851327852333,2.519814267713816,8.568222596114664,3.232915540059684,4.407628214085205,8.518958655701848
2037,6.66616012121374,4.7804775625676985,2.5036364862323497,8.509516500324743,3.2032769673542267,4.409578754053188,8.55815087132172
2038,6.672224053998466,4.737324154651037,2.490245006125677,8.519392044725265,3.1695007461729596,4.4163083519101045,8.551251594801476
2039,6.677848427980915,4.741326533547171,2.511742342990304,8.535699183512076,3.1723333389081723,4.418961098325073,8.525891986643353
2040,6.6713582174252855,4.784432989049441,2.4919970390094,8.538266799347213,3.133331845766818,4.413299394627634,8.523581692561214
2041,6.684762274974075,4.704498737101239,2.4596174906858943,8.61936378608111,3.105359006146507,4.4168390672250855,8.43517848591582
2042,6.6933915068645415,4.6904085235451545,2.4702753205199377,8.629701773758203,3.0444266934645965,4.412236771468105,8.39759271771905
2043,6.697700693521963,4.7090218428031765,2.504564599824439,8.610808765800055,3.0672146799849065,4.41577755350719,8.42110942735266
2044,6.694684642235423,4.7090218428031765,2.516359001146818,8.585661743553766,3.0672146799849065,4.41577755350719,8.42110942735266
2045,6.680010006498671,4.73187384041959,2.544625771153651,8.586934875966898,3.105359006146507,4.412768124712119,8.416412931613904
2046,6.675253330103262,4.728021630968563,2.5748402079770742,8.546060353727821,3.106329053590587,4.409224194021139,8.444540902544732
2047,6.680010006498671,4.7622274352919405,2.5501849130938234,8.633010494439047,3.0917366766096146,4.417015953872316,8.437520358784308
2048,6.716189183568728,4.71095858531582,2.501895064249445,8.633383702862218,3.0917366766096146,4.43254599771437,8.402302919652092
2049,6.677416002896637,4.758725712266188,2.548144614946497,8.617981496536348,3.0917366766096146,4.433074182351417,8.314600412191945
2050,6.698992745512623,4.741486537175564,2.5272795845917,8.57949828520847,3.080978316482743,4.430784789867442,8.319371907068284
2051,6.714042765728191,4.738445264640228,2.501314239273686,8.565048538189641,3.0975843736790662,4.435537960857794,8.333665048761368
2052,6.721336944235464,4.738445264640228,2.5041005990385288,8.561294183522904,3.0975843736790662,4.434834206068013,8.444540902544732
2053,6.710176959554564,4.739886184271553,2.501314239273686,8.560379517514617,3.07115534784364,4.427964959035376,8.430492197673722
2054,6.69209804598902,4.730590224602913,2.534944658221512,8.620839428513209,3.057334042387231,4.423201183220042,8.45388981774946
2055,6.686489281935036,4.7709671026296325,2.544398531262733,8.605148179010499,3.0384453468441697,4.423024618715519,8.439861385281478
2056,6.665293258408884,4.776200908148005,2.5495050500220446,8.713260825564001,3.053370119012811,4.417900248735193,8.449217044457457
2057,6.665293258408884,4.785539745431369,2.5495050500220446,8.794616121864392,3.066228482051145,4.4184307150022,8.432835765828575
2058,6.670059188046595,4.781585511615253,2.565981859685728,8.860536692352005,3.0731232141174183,4.415246671980317,8.38580213064587
2059,6.683466638257271,4.821251173478019,2.573161297598336,8.864833192258438,3.0848961025640578,4.419491398739707,8.439861385281478
2060,6.6981314135910575,4.822346936163719,2.574952084640434,8.815647127736542,3.101474863187928,4.420021616281935,8.498114427701646
2061,6.683466638257271,4.826726747266347,2.554033019222225,8.824209065558883,3.11986850355298,4.415069692993149,8.488828916160294
2062,6.674388005386495,4.82516312347175,2.563620397303042,8.879566483667793,3.115041784372566,4.412768124712119,8.486505470131167
2063,6.663559092091804,4.839367859926023,2.590108740813128,8.783639037979437,3.1140752708828843,4.416485266245313,8.532817981057711
2064,6.659655066908045,4.836250598552899,2.58466122644025,8.763286611723146,3.099530413546303,4.414007624955382,8.512017966683954
2065,6.66616012121374,4.850879051119315,2.5769647828921296,8.817353040098867,3.0956367399815243,4.414715707293477,8.525891986643353
2066,6.667026837207952,4.835938728446809,2.579868403895294,8.770843964535509,3.088807418268228,4.414892704764648,8.565042910524273
2067,6.6631254586482385,4.8511896707223485,2.602063112616331,8.696300532138167,3.1034177261953,4.417546558459379,8.571927733382521
2068,6.677416002896637,4.845905609538083,2.6097732596539163,8.676591141381817,3.0966107562848997,4.421965038829591,8.59482529213959
2069,6.68951014681632,4.857241582626822,2.5995232737419927,8.771989467373789,3.100502836920544,4.424436877779078,8.574221074313856
2070,6.70329724295962,4.842482507935925,2.602614824343088,8.855305209833874,3.0858745369322356,4.426554166066126,8.548950224029186
2071,6.691235557790736,4.815924276929421,2.5793103458878788,8.834037946419695,3.0897842396585253,4.426554166066126,8.544345059890222
2072,6.69080425938199,4.814356081287211,2.5832134550797017,8.765580154364363,3.055352918046645,4.431489382417555,8.53051013009667
2073,6.682170674289816,4.82782089145624,2.595984198393045,8.85220160716643,3.050392771824354,4.42990384388647,8.495794289072636
2074,6.686920942899254,4.800212271557243,2.597090834299653,8.871824311829618,3.052378090260261,4.432369917949135,8.500433741514836
2075,6.686057584668862,4.812159488903387,2.5837704152733885,8.821391283450629,3.0334491497339235,4.42673054721663,8.544345059890222
2076,6.698992745512623,4.771760584157066,2.572601343612316,8.777800723195737,3.066228482051145,4.433074182351417,8.507386742163185
2077,6.692529235795375,4.791226376507259,2.5943230914317894,8.827283019867329,3.066228482051145,4.4320177310815,8.493473324815387
2078,6.688215708064636,4.792331089790822,2.5826563384214047,8.879832886507984,3.0444266934645965,4.428317565804667,8.500433741514836
2079,6.678713168743218,4.766679328706774,2.5943230914317894,8.838246723170286,3.0464170773960357,4.427083282057354,8.47953015542187
2080,6.667026837207952,4.790121331337619,2.597865114116194,8.835942222099186,3.050392771824354,4.419668147126723,8.502752231323186
2081,6.683466638257271,4.7542641136798585,2.573497193815843,8.740335031752846,3.035448914036426,4.423201183220042,8.537431245413776
2082,6.683466638257271,4.758407207348473,2.573497193815843,8.650330171001167,3.0334491497339235,4.424789850808658,8.49115153411629
2083,6.683466638257271,4.751073915440702,2.5594528172930757,8.607254796169752,3.0384453468441697,4.421965038829591,8.488828916160294
2084,6.676983541332255,4.719983035734843,2.540759091539043,8.703716563973616,3.030446279437688,4.417900248735193,8.437520358784308
2085,6.678713168743221,4.690246246444774,2.5304865776900023,8.769984738537515,3.0274395282289377,4.417192831292883,8.38580213064587
2086,6.687352567569967,4.626721724952128,2.5295708343353374,8.770069955929776,3.0444266934645965,4.420905128122093,8.366892147604963
2087,6.695546551758697,4.663860139936758,2.552336256903712,8.789523059876148,3.0424346130700575,4.420375048620898,8.425802513758887
2088,6.707598142917122,4.6684345930998035,2.527852650651609,8.80682659910716,3.017388816126413,4.430432438855335,8.428147780601037
2089,6.719233834555281,4.670230103156155,2.519123708226113,8.775251579633004,3.0042573322100727,4.430080051337933,8.444540902544732
2090,6.725256836107659,4.636454542013063,2.5203895457019154,8.660008134223942,2.9849295716815702,4.432193829071948,8.43517848591582
2091,6.707166686325992,4.6618978698300015,2.524411711822759,8.666087197384147,2.9364040964189764,4.43254599771437,8.456224943259752
2092,6.706303664668037,4.66467743516324,2.521539588855624,8.607818689985564,2.9436974089007863,4.430432438855335,8.46788799287053
2093,6.706735193579092,4.700293632341166,2.5380250489687457,8.654940418051865,2.990031607432326,4.431489382417555,8.486505470131167
2094,6.71665039416742,4.705953210090914,2.54121439284216,8.59429242468393,2.986971748236388,4.430076818849026,8.43517848591582
2095,6.721385713607735,4.686836736437007,2.533345497315414,8.586576973858767,2.9818507892722805,4.435370911338222,8.414063403100814
2096,6.712772804909103,4.672024714488972,2.509429863620986,8.569873177568056,2.984924737875392,4.433783548127426,8.399948248735187
2097,6.7157889596836196,4.614973879133938,2.478236046813308,8.465208841500681,2.9299976713567077,4.436781279888325,8.383441420711664
2098,6.711479626609894,4.590192443079535,2.4921627634418964,8.531525285092595,2.8919103087588325,4.434136359476875,8.376354090064517
2099,6.726976403672694,4.532981429449219,2.4653797242294737,8.548263321855162,2.8908429828058293,4.44100888573718,8.364524483178172
2100,6.734278186637141,4.551255908801821,2.464206632543628,8.469323192015487,2.935236753751377,4.442416923309534,8.347926329623201
2101,6.741998262450388,4.511583099681413,2.44177814860763,8.404964721815803,2.9373289796388518,4.445758684901678,8.266687915568944
2102,6.730843338753259,4.486362677172385,2.465027873077259,8.425249006566654,2.9173738197672625,4.443296651670375,8.291886939924824
2103,6.738997379603687,4.524632201192609,2.438925943324464,8.407211228505231,2.9173738197672625,4.440480721702248,8.307436474890368
2104,6.743283822633191,4.470591589310055,2.4267553017461854,8.44699444921113,2.978772707365985,4.445758684901678,8.288293187858502
2105,6.754839528225772,4.385343670810348,2.4171537735185797,8.440547035992726,2.9890169329046543,4.454537197758861,8.261876745797924
2106,6.741141044907736,4.444721313482535,2.4443888631401465,8.488058015752124,3.042564275655381,4.451906011220978,8.297872022262485
2107,6.734278186637141,4.511243506665181,2.454795589660082,8.383780240424974,3.093934325654454,4.4469890357682065,8.259469791804877
2108,6.710186123661995,4.565829575297061,2.4618582642676925,8.429736453826926,3.075294032260055,4.440832840150363,8.3241398398927
2109,6.713203792236985,4.52750657245762,2.43702205681202,8.482553491370663,3.091000851954021,4.442944787553799,8.271495440764848
2110,6.716650394167419,4.552095122380216,2.4405902573822407,8.513470118950421,3.024516787572409,4.437838673181348,8.290689248025929
2111,6.7269764036726905,4.530378568666654,2.459271684367934,8.49572548807757,3.0164504833181884,4.4411849222342505,8.249832826038372
2112,6.717942276123438,4.497632381623492,2.43225384359387,8.523024379490018,3.033558013896827,4.433254262525426,8.237765959384774
2113,6.72267641040355,4.436227733015903,2.3958536033039035,8.53492588352135,3.041565294936348,4.437486245217018,8.237765959384774
2114,6.7286953988634295,4.4552655020027325,2.3948795447393865,8.543928575881361,3.042564275655381,4.430253421379363,8.269092133261234
2115,6.719233834555281,4.518537432495252,2.444151675542379,8.633273248310509,3.062454871948537,4.430606598932625,8.281099587929177
2116,6.739426183719633,4.489610763515084,2.4200394430157077,8.577144212687074,3.052530677212671,4.437662463756424,8.218410939757351
2117,6.733419688632552,4.520739555897939,2.43940161255826,8.625557512414154,2.997179504370211,4.435194574191516,8.25465314080555
2118,6.704577187214396,4.555617620787687,2.4612707160968954,8.661573473787403,2.9890169329046543,4.4249513507740605,8.331285076353543
2119,6.697665479029877,4.575011637004328,2.456563738307114,8.560190455027604,3.0315518873351492,4.416805398981749,8.302656042563628
2120,6.687713590667433,4.600429060118776,2.468894644442402,8.54866578196033,3.052530677212671,4.414854552541429,8.305046706758342
2121,6.687713590667433,4.600429060118776,2.468894644442402,8.575171515071471,3.0574980195230506,4.414854552541429,8.305046706758342
2122,6.664272143948653,4.600429060118776,2.450072396902857,8.593818160992036,3.047552783346032,4.414854552541429,8.305046706758342
2123,6.6829471659464605,4.569672270294073,2.4671379997039367,8.518892168464959,3.021495210370287,4.411659834056951,8.302656042563628
2124,6.695936099693614,4.650722592104932,2.5002400747768547,8.505701780226591,3.094911345509198,4.408995264844676,8.350300125962772
2125,6.672966669241641,4.653332863681052,2.5077101188881934,8.42597429524923,3.106604389474972,4.3986724710712,8.336044136150585
2126,6.671663431262116,4.633053112380587,2.494474043608066,8.403826356020327,3.101739265394557,4.400276351867808,8.366892147604968
2127,6.68684729715119,4.6110071026528425,2.478236046813308,8.546599086099208,3.0949113455091988,4.408462099239581,8.333665048761368
2128,6.684247539046816,4.639280148247937,2.4869521477153107,8.542944151565957,3.102713085240707,4.401879471525009,8.328904218015305
2129,6.672966669241645,4.639934992570469,2.5056443952341296,8.551342298301105,3.102713085240707,4.405261340193971,8.37635409006452
2130,6.68684729715119,4.6438615330376765,2.5225638941498256,8.543391907856467,3.1133989364418486,4.410061344182537,8.39759271771905
2131,6.660354782987012,4.652680474614087,2.5378693288795287,8.537257703870551,3.1163049803507463,4.399028954854716,8.383441420711664
2132,6.659919335372717,4.681273698559934,2.5360616335394046,8.525755727350749,3.1163049803507463,4.394391726867898,8.407009684661377
2133,6.668621252340798,4.681273698559934,2.549690945609782,8.435064209251971,3.154719903510771,4.394391726867898,8.411713019678938
2134,6.668621252340798,4.668954603778264,2.550813093995334,8.405368429017347,3.1489965463557748,4.392785046645948,8.444540902544736
2135,6.687280462181758,4.618919938198515,2.5373046042899823,8.413414671738327,3.1489965463557748,4.398494215066414,8.43517848591582
2136,6.690744467526415,4.641244320189796,2.555519111235627,8.44939582982962,3.1489965463557748,4.402235617073631,8.404656731338413
2137,6.691610103925005,4.634692862693202,2.5432823781174068,8.41033679480451,3.171809364112429,4.402235617073631,8.404656731338413
2138,6.688146682616746,4.630099655290598,2.5480065158168346,8.326235808959948,3.146129780078795,4.404193747091872,8.395236325733574
2139,6.699394276909727,4.61463601287486,2.5429445021756605,8.346657416787286,3.1355890721956166,4.405972881740481,8.372807493809002
2140,6.676440350708596,4.652027966369276,2.5471075598848723,8.414393333274253,3.11824038351219,4.405795010386847,8.340799659512722
2141,6.636349856356277,4.636987244380984,2.5395625213441515,8.360490686678403,3.1288572472338725,4.392427902630665,8.357416246505393
2142,6.6490210682805815,4.609356367571501,2.5389982872755343,8.46380246014138,3.1085476627786983,4.38294976753013,8.316986605346958
2143,6.637224744843202,4.608695857879229,2.548568153546864,8.425314785547934,3.1259663963373665,4.385277063278988,8.307436474890368
2144,6.6437816260068665,4.651375338886328,2.5642290365361107,8.474835051598912,3.091000851954021,4.386171748767793,8.347926329623204
2145,6.646838621112115,4.646150019200486,2.5755611190740346,8.576932256181495,3.1192074985745775,4.388139220545464,8.355045083505017
2146,6.649893785925211,4.653332863681052,2.579987388985725,8.500760208078278,3.106604389474972,4.3884968192518,8.395236325733574
2147,6.652074927597592,4.671876108638196,2.60120652627268,8.448238448717367,3.1375089962558755,4.388675604372216,8.411713019678938
2148,6.652511044155858,4.679655178004615,2.604484637774756,8.436841751728718,3.124037226148343,4.380262424491026,8.37635409006452
2149,6.65294712347593,4.6692793330181175,2.579766310397966,8.41495232408685,3.124037226148343,4.3761376557448415,8.350300125962772
2150,6.636349856356277,4.6692793330181175,2.59265814946927,8.48635980688254,3.1104893549692774,4.3761376557448415,8.39994824873519
2151,6.636787319378356,4.6660307157544425,2.5839625917399536,8.464481158331564,3.098815413559123,4.372367134705391,8.388161975238543
2152,6.636787319378356,4.662453830580004,2.5839625917399536,8.447275014694313,3.094911345509198,4.372367134705391,8.388161975238543
2153,6.634161977574818,4.631412605767168,2.567346293444882,8.471382000918133,3.0997904300056507,4.380620860974927,8.324139839892704
2154,6.635927641435785,4.6070440439417935,2.555631021712084,8.47069185682879,3.06740129557201,4.3791868857344,8.343176097301567
2155,6.658386432865664,4.639116418353519,2.558203202999659,8.510818633534186,3.0495452110511208,4.378469668696389,8.302656042563632
2156,6.663217564891147,4.636167992134324,2.570902846537781,8.500522145931212,3.041565294936348,4.390641614885101,8.314600412191945
2157,6.672427987154412,4.636167992134324,2.583631629099044,8.461335787170253,3.050540789326313,4.390641614885101,8.302656042563632
2158,6.685557077164211,4.675443608233721,2.6028462542493687,8.50230981284758,3.0325551667007145,4.39760279385731,8.324139839892704
2159,6.685994135259703,4.656918875934055,2.5940854276614744,8.567279812493666,3.0345604294383253,4.394746528782689,8.326522472833322
2160,6.677245891409058,4.659850212793822,2.599127602686478,8.598268515442578,3.047562643519251,4.388132137014755,8.321756318277018
2161,6.668482692339826,4.648763635365995,2.588700335216265,8.593003965705067,3.070391210160526,4.389742238065522,8.309825347888662
2162,6.6803094742964495,4.645496315853695,2.5786231187141184,8.685427673530736,3.0425703564212982,4.390457591666943,8.273897839032843
2163,6.689052500486662,4.610181831351555,2.5810375512218684,8.722441290851194,3.0012244180442544,4.38902673258402,8.276299329016638
2164,6.68643115614334,4.629114624082903,2.57664548139898,8.863720651103055,3.014414125324825,4.387953189391291,8.264282786733284
2165,6.69603621869028,4.629114624082903,2.5514222308395182,8.796817964398544,3.003258516510939,4.387953189391291,8.295478664290238
2166,6.692982009927561,4.5665514001455705,2.5545373098397537,8.78582086360777,3.0002066950753234,4.398316482645937,8.249832826038372
2167,6.695163772801021,4.546167466245309,2.5472982621814597,8.736651236692037,2.986935154889665,4.401526217126814,8.269092133261234
2168,6.697344609962878,4.564898595889771,2.542606436371392,8.72568575676154,2.9746159577187816,4.398138074591172,8.271495440764848
2169,6.703881578030974,4.5456688089931445,2.5545373098397537,8.704315015744914,2.9746159577187816,4.403486221528095,8.230514774419442
2170,6.704317080738221,4.560266591805259,2.559755097487462,8.758943540315208,3.0214852392453517,4.406691052510559,8.20628384032493
2171,6.71910230539304,4.555628451103885,2.5393602493234484,8.754683522985646,3.024509127459872,4.412025701085046,8.230514774419442
2172,6.716930665945065,4.554302137759757,2.529926855866011,8.728142807961861,3.0052908220016317,4.4077586550808485,8.20628384032493
2173,6.700832026652208,4.534847021230749,2.544506866292509,8.777615781509265,3.018457403878455,4.402951787583411,8.228095862744008
2174,6.697780666405473,4.531844264788992,2.5534253498660107,8.757300460272605,3.0002066950753234,4.405979130251065,8.240181174279716
2175,6.677683658200404,4.577110947285413,2.568935805071139,8.785510860280919,2.9889819279574645,4.396888954165055,8.20385561775673
2176,6.6636565324975585,4.604025997710169,2.59110254524669,8.822716999656384,3.010363770076464,4.388132137014756,8.218410939757355
2177,6.678121387612657,4.621151120773992,2.558424213994069,8.744092919562439,2.9961312987884483,4.390815211540493,8.247421292329285
2178,6.668044138541129,4.606804264071711,2.5565372505435,8.683902554453187,3.001224418044254,4.383118005527441,8.211137479793972
2179,6.668044138541129,4.586324589358301,2.5565372505435,8.700275843902759,2.9807838462336598,4.386342232821329,8.201426458635062
2180,6.662778559612246,4.580733471429252,2.543389190351787,8.655990300113995,2.979757019531032,4.385267833480027,8.164876000895386
2181,6.6746185052049105,4.537014068996688,2.5225956401278085,8.703071120467614,2.9466519151863935,4.3915303374890025,8.17952171598072
2182,6.67987193164727,4.542009809790099,2.5293638986290112,8.724630001820755,2.9424796163801448,4.386521266053332,8.145294986662938
2183,6.6916725074092405,4.516959062696209,2.508760064409389,8.729524896578786,2.9456095621271854,4.388490003747879,8.190483625872888
2184,6.692109045335207,4.516456200604474,2.5109213161482886,8.656967741056791,2.9193928969848892,4.391887843586218,8.178302544388334
2185,6.702574848743764,4.546333669497628,2.539472276797782,8.633873543500926,2.961194726874609,4.395996442206922,8.181959349314711
2186,6.702574848743764,4.559935499817481,2.543948108276053,8.65377155255931,2.950816532805361,4.391709095276204,8.168540636625552
2187,6.71388883337595,4.529673994559564,2.52835016410692,8.724465489012312,2.9518564916033685,4.399386733077611,8.164876000895386
2188,6.713019408567018,4.531009705712293,2.544506866292509,8.70160022003981,2.929916237790624,4.39813807459117,8.184396037027799
2189,6.7351441043664195,4.487671578595591,2.5234994410762552,8.664134042536885,2.9035145992119347,4.404020570997633,8.167319329361433
2190,6.729080092542923,4.512934121985071,2.5381275219675854,8.61063316874545,2.909879462998911,4.404376757064957,8.140390143316253
2191,6.727779735045672,4.4962815914786045,2.5316147493440813,8.523544097998188,2.909879462998911,4.408292330077143,8.1317973921322
2192,6.731246627950414,4.513269712304865,2.523160565138474,8.44487851604741,2.8714139500002807,4.409715052131733,8.113344414369424
2193,6.735576975978786,4.465456435195552,2.507279914729398,8.479748885238639,2.900325341407463,4.410248418780996,8.098542575244428
2194,6.721707066507231,4.434866604887136,2.5095565971297487,8.459437828445163,2.9035145992119347,4.40918160143674,8.051435926187759
2195,6.72604541561479,4.467327365465346,2.522030550275556,8.474721591034902,2.8949997367733813,4.412203378028727,8.07131395761521
2196,6.737308100174763,4.498135839398957,2.5256442802347743,8.504430289905029,2.89926123977201,4.418061497043027,8.056411424179727
2197,6.740768611493635,4.5087364971899495,2.529926855866011,8.491677183222764,2.8714139500002807,4.417706747537544,8.051435926187759
2198,6.75027310649079,4.529005946547605,2.5266594290416338,8.442586845599076,2.902452020456711,4.421784128995907,8.06138292283053
2199,6.742930256465883,4.527335264699751,2.5400323176341937,8.450803273454822,2.9162262435970834,4.417884126928442,8.038979625490938
2200,6.7303801227999696,4.5030195450452215,2.5372305029086344,8.527361721603942,2.960159039649875,4.4161099153636805,8.046456419937448
2201,6.727779735045672,4.495438422148811,2.533301178213234,8.524526615622378,2.941435336890317,4.419302828221107,8.043965160919885
2202,6.729080092542923,4.496787394231063,2.5144423761005257,8.57539597127893,2.9424796163801457,4.420720936516464,8.026498132863827
2203,6.727779735045672,4.493076451401439,2.5141019090658507,8.5944529667437,2.947693788172999,4.419302828221107,8.021498450416361
2204,6.749841462136022,4.449255725146617,2.498718271878851,8.390945914895296,2.9320150051938265,4.421075371014826,7.996438917902488
2205,6.7403361741329,4.410057057778558,2.5015763942778992,8.330688855315923,2.8896613401446776,4.429570720871414,8.002713385206802
2206,6.748114525049606,4.386980072586119,2.5035174904124724,8.28814912782536,2.8917982392804795,4.433986988566314,8.013991306789103
2207,6.753724967819098,4.397583837647539,2.508418592379959,8.378206326590334,2.864937510643428,4.434163520116606,7.976317392993564
2208,6.751136287358151,4.414895364098276,2.5175038811399224,8.232185263879877,2.909879462998911,4.430807853807209,8.013991306789103
2209,6.745523039504934,4.389590649764095,2.511830592321828,8.209862084471435,2.886452126521011,4.430277709078814,8.021498450416361
2210,6.755881214651902,4.35883146169362,2.522030550275556,8.27926561562401,2.868178111449748,4.434869554789737,8.073794230566449
2211,6.771809659559,4.3039547706057,2.504088028080954,8.175283848002634,2.855186939549371,4.439455215855484,8.096072174100465
2212,6.761913941992592,4.294839030856545,2.5129665849541643,8.102189912534431,2.8366498836787035,4.437692230502898,8.058897672866722
2213,6.76406678924295,4.30912703299926,2.49298921502972,8.11116627001713,2.8453928001050297,4.431691244789359,8.041472896478997
2214,6.762775188017931,4.306095998628002,2.512398672271173,8.184249151367876,2.8530142482325744,4.427979459755376,8.096072174100465
2215,6.767079276787129,4.316603590327325,2.498718271878852,8.204707893071296,2.8530142482325744,4.428686778863614,8.101011995179023
2216,6.762344582864925,4.372323292439459,2.5171639534092303,8.1200578693408,2.8278717250741447,4.423201201194679,8.118270551156956
2217,6.761052553057145,4.37109900331693,2.5129665849541643,8.109097213777678,2.8333622252562694,4.423201201194679,8.118270551156956
2218,6.77825325339154,4.3357519927532655,2.499976370117423,8.12773419617597,2.8333622252562694,4.432397792461391,8.091128423863152
2219,6.787689450188462,4.332037324490214,2.4973448593558505,8.10879034946466,2.806880025039151,4.432927606954427,8.109647253470687
2220,6.786395045576678,4.283902683178161,2.485976457755092,8.08114561699505,2.7957491708961375,4.438926416014959,8.051435926187759
2221,6.780350233906296,4.29000283191666,2.4870127469880217,8.116186399066706,2.7744399866333174,4.434869554789736,8.06138292283053
2222,6.780350233906296,4.25902626214586,2.4870127469880217,8.104228301418125,2.7380609061953027,4.435928332359675,8.023998798876145
2223,6.749151122824655,4.29752274555283,2.482056499346248,8.0946493319794,2.7800683017313275,4.417529358868977,8.046456419937451
2224,6.753929807207771,4.24251814861436,2.473380893699448,8.049327384471571,2.767666314942785,4.4182414253990805,8.052680176111085
2225,6.777325194029388,4.176560825572569,2.4474657581201957,8.051110607095849,2.7687967594685126,4.42393258458659,7.996438917902488
2226,6.79113962487558,4.116414196497575,2.4293951937189093,7.97107737786848,2.7517765002436945,4.43156509525109,7.963707791552533
2227,6.783373516814913,4.10181529153889,2.4184444193727,8.008040343844224,2.7517765002436945,4.426064312338668,7.981353969742721
2228,6.809645325858072,3.939340810922084,2.4184444193727,8.010096350446895,2.732319582336776,4.437411010848241,8.018997086344001
2229,6.809645325858072,3.965071065183953,2.4184444193727,8.089844693837517,2.614014408818763,4.430855816612243,7.968754751115663
2230,6.833220350511677,3.9775583085964694,2.4184444193727,8.127630061612127,2.654028372325526,4.430855816612243,7.970015840599799
2231,6.8477411651690385,3.889860998483618,2.4184444193727,8.163726601652156,2.6956260392729146,4.438118925211948,8.00396750991319
2232,6.834503215651068,3.9208559740214888,2.3638324358168488,8.16020175608585,2.635938279003459,4.434046406805653,7.961182748713583
2233,6.81651447056573,3.9085368717448667,2.3492110081120665,8.142269531733673,2.660022832912813,4.4303237605617305,7.97379755044952
2234,6.8203744051319495,3.8457544029456767,2.3206099712173898,8.167061840475869,2.693271543172066,4.428017221948058,7.9434781602112405
2235,6.809645325858072,3.7375428911385447,2.2791381163706617,8.19439222320913,2.667193038906197,4.426241895956411,7.930800488407956
2236,6.819945664034334,3.747726898429553,2.2639289994896057,8.211023683881194,2.643193671678423,4.421621701920558,7.935874722944804
2237,6.814368831706725,3.849079319458408,2.299425033903405,8.245643153141621,2.643193671678423,4.420732481875924,7.897714358669933
2238,6.819945664034334,3.835547633089245,2.3092923824393505,8.17906748989803,2.667193038906197,4.427839731071258,7.879823731087084
2239,6.834503215651068,3.8507153167865873,2.2959965341137987,8.168643712602778,2.6564282710685383,4.433160431778038,7.897714358669933
2240,6.8464615302111795,3.8957581257507914,2.306388495364723,8.163916575350243,2.662415696632905,4.4359947406188,7.895161787318789
2241,6.842620754808963,3.9399341502627827,2.330610033452827,8.139323795470863,2.662415696632905,4.433160431778039,7.874702395160134
2242,6.8502995010800785,3.934969239634548,2.31470866732445,8.067275273099867,2.699152768981867,4.438826692521129,7.8772636052583955
2243,6.857967051841583,3.9387433151374895,2.323741013314796,8.083879672547798,2.716697093477652,4.448014323924702,7.874702395160134
2244,6.862221981297114,3.9387433151374895,2.350444261617823,8.144152357024804,2.692093289071197,4.448014323924702,7.838730888724827
2245,6.860945863359121,4.046591652865577,2.360280100010395,8.034457109181318,2.721350722322567,4.450660012608784,7.836153260570915
2246,6.863072554886214,4.02119033057107,2.3553688685690632,8.031863160594174,2.7190252047402224,4.454888858513416,7.823248519762604
2247,6.863072554886214,4.018290571827397,2.3553688685690632,8.00412507203557,2.7190252047402224,4.450660012608784,7.825831685648438
2248,6.848594082125337,4.019257460872624,2.337825274157156,7.977776619961795,2.696802283383598,4.447131972043431,7.802543066984897
2249,6.850725769414456,4.068743800424644,2.370062835409428,7.961665171623055,2.6944491262204,4.449249233663862,7.779163550884233
2250,6.834930767668217,4.099796885854119,2.3969382659221177,7.969065102265428,2.7398624399295004,4.445013396576547,7.786966883306276
2251,6.83749534851305,4.061313654768281,2.389472122364088,8.018247276077576,2.77187164769728,4.44995469596099,7.7986528197760006
2252,6.851152003202623,4.045441551806354,2.394894113997134,8.015753372083296,2.7547841132729785,4.454184414017145,7.794760043133575
2253,6.856689902264617,4.080898704254998,2.4038954024578505,7.96381880122286,2.7707367469967226,4.455241026355681,7.828413741353919
2254,6.857967051841583,4.075206972873644,2.371281982885217,7.917932763593419,2.7876971408668645,4.455593157941124,7.849030378313298
2255,6.858392699527184,4.043523769686801,2.370062835409428,7.881927575386924,2.752495326992037,4.459815912690414,7.7986528197760006
2256,6.847314654793979,4.0287169854804645,2.3779727498953256,7.997957584896856,2.76049526989024,4.457001321921328,7.7439216762970196
2257,6.84902048872212,4.062267226966763,2.3954955710232717,8.06690153139664,2.766191076817792,4.461398103703875,7.755692148591838
2258,6.845181583638662,4.105256177650204,2.388265057161666,8.090126063130409,2.796687971835867,4.459640068552399,7.7817657942492255
2259,6.856264116873235,4.135766793578948,2.385848539734098,8.10415790584917,2.785443523729964,4.465964777310419,7.75830465090912
2260,6.866473476948266,4.100362079285879,2.410110613112584,8.157500867790572,2.8089892333766926,4.474379616759401,7.755692148591838
2261,6.869022729300074,4.142280017010678,2.4080810160517454,8.245124046538042,2.7910731237939883,4.474904859997991,7.775258058447454
2262,6.877935423194362,4.090362011626659,2.382823402273454,8.245731770215164,2.776405209936836,4.479453608319071,7.753078499469652
2263,6.893179424120317,4.047741328298947,2.367011387145793,8.280852761017737,2.761635655594446,4.48748668768694,7.776560173139845
2264,6.9176472524426025,4.044099228711231,2.38621122057847,8.25620638037487,2.74561404766693,4.492018849736451,7.729503820156579
2265,6.9184889610348845,4.071216591629214,2.3997002741496023,8.208521922262255,2.74216496880332,4.5069675867509815,7.716366211300719
2266,6.898251010315649,4.0488905785421325,2.3960968314066493,8.195783219453526,2.74561404766693,4.493934510959564,7.6979244616526294
2267,6.909644357914889,4.120267488079814,2.4080810160517454,8.18294224905215,2.7536400298883077,4.498632084649987,7.6979244616526294
2268,6.915542397095621,4.105820392396635,2.4247295039884795,8.161624677421552,2.7752727236823787,4.496545063315828,7.700562520117049
2269,6.930678777967192,4.158782419810973,2.420581360400239,8.199522379872286,2.736403913096529,4.504364900578075,7.676777458267936
2270,6.910487336421363,4.195192986535504,2.4165428492965377,8.164085993531152,2.7479103016696778,4.499327478229495,7.700562520117049
2271,6.907536325340425,4.1768554866995,2.413448634104948,8.266366321955015,2.7259940083331475,4.496197103737351,7.8025430669849
2272,6.907536325340425,4.145438774529875,2.413448634104948,8.311349470759465,2.712033057782529,4.498632084649987,7.84130741327052
2273,6.892333687108497,4.191899945765616,2.4353539430155915,8.217010673578654,2.714366380512712,4.485916472491192,7.951072129124874
2274,6.864773290253544,4.190435289922649,2.449076101901261,8.214623541231376,2.7201882872416228,4.473679167482572,8.001459004442053
2275,6.819945664034334,4.218695247531207,2.443575842341624,8.149118670864512,2.76049526989024,4.464033465733374,7.940944734774909
2276,6.79113962487558,4.223048978555502,2.4427552740885674,8.21557834748955,2.766191076817792,4.454888858513415,8.028996453517784
2277,6.818230348447946,4.273595186485789,2.459912436950029,8.20695368195128,2.7843158240132073,4.46771957153495,7.978836199031578
2278,6.798463675324999,4.251386586300204,2.448842376049736,8.262210428193447,2.777537094798127,4.464560295001186,7.964969921984448
2279,6.77818967058436,4.237880303094595,2.4429897587956924,8.29835272176281,2.7786683791493263,4.453127475088147,7.971276670218082
2280,6.77818967058436,4.249409163176343,2.4429897587956924,8.205241087344914,2.782058637941265,4.453303654268062,7.913007272637292
2281,6.768672516430413,4.262867908672523,2.461306149582692,8.235452795921539,2.782058637941265,4.457177301674455,7.914279945024968
2282,6.768672516430413,4.252464675945986,2.461654417154621,8.188369172546023,2.8190019550420096,4.46227678298003,8.02649813286383
2283,6.785963505900726,4.2237740321501125,2.4622347205262898,8.216231230252863,2.8067578623541944,4.444836789244642,8.036485346829807
2284,6.7855319304751065,4.180163971887944,2.443575842341624,8.292229421426727,2.779799063871376,4.451893966523953,8.06883269146854
2285,6.823838578455283,4.177958694296597,2.473803587691407,8.210964473930199,2.779799063871376,4.459112481941143,8.186831780134577
2286,6.828607242061187,4.195924316252805,2.462814845802204,8.25288624080794,2.7786683791493263,4.464033465733374,8.20628384032493
2287,6.835968474393471,4.204869665048397,2.4505946122605984,8.16376820401895,2.7467624872293688,4.467544132513152,8.063867175180743
2288,6.847638666723984,4.213790293895786,2.481285715187437,8.216434236787395,2.7547841132729785,4.473153736761804,8.02649813286383
2289,6.796879080036186,4.302031192872583,2.5035577084773624,8.260875509514864,2.786570629059086,4.444130268494643,8.051435926187763
2290,6.775035655886367,4.301854227683698,2.5167979189709366,8.310560482190816,2.797809180595562,4.436156462876344,8.003967509913194
2291,6.745620845694122,4.284643316104794,2.5086608704883,8.125402426655286,2.795566177259192,4.42086547606327,7.933338134123137
2292,6.753100109054027,4.25192567563131,2.4915973230421664,8.082886566462019,2.77187164769728,4.425317626787435,7.904091090237604
2293,6.7649568109821825,4.253183204632492,2.4950221983289977,8.038884669481716,2.763914588705481,4.43047482317451,7.951072129124874
2294,6.786842478327511,4.224861308659971,2.4955924157530407,8.049350330504879,2.7910731237939883,4.443245210438234,7.913007272637292
2295,6.761007586229509,4.188237055010699,2.47898665480041,8.0427686996675,2.7559604210344144,4.43491441430305,7.897714358669937
2296,6.746501319659763,4.1761198040557,2.48885300115392,7.946984269358575,2.762801829047256,4.436156462876344,7.869576717064794
2297,6.735925734761783,4.237338884960564,2.5124678885126643,7.9346698112266125,2.738759363732895,4.420152589803291,7.935874722944807
2298,6.757494639938457,4.21706108865617,2.5164132099763368,7.900470723198616,2.7502423025332825,4.428875151031384,7.956129530958584
2299,6.775035655886367,4.201951462105679,2.511903612107902,7.790209380704373,2.7502423025332825,4.434204468781785,7.940944734774909
2300,6.772846264437453,4.191350777951433,2.4931890246220045,7.762201226615523,2.7559604210344144,4.429230698767009,7.907913914748867
2301,6.7632019708235696,4.211103440101071,2.515286797757271,7.712185745767014,2.7364552396114568,4.420152589803291,7.96118274871359
2302,6.745180552569246,4.211103440101071,2.533231212976493,7.819955340031082,2.7364552396114568,4.420152589803291,7.96118274871359
2303,6.763640736463593,4.246500252001627,2.5366888409041457,7.734654559865483,2.754818034007449,4.4096200711742695,7.9384102560903615
2304,6.76144653736312,4.257204949499333,2.536020101789397,7.7474761986772815,2.7536750295694086,4.403893787487371,7.925722021415983
2305,6.755297839971571,4.26040952967675,2.521249316124756,7.727077275795519,2.7536750295694086,4.410692671482469,7.884940735011215
2306,6.762763168102196,4.301083733658295,2.542919365016896,7.67931868335628,2.7536750295694086,4.41783467447734,7.901541201997001
2307,6.76144653736312,4.306703149862031,2.551564601068475,7.754690003766357,2.7955620175229376,4.413908435668617,7.915552350888243
2308,6.783346951074666,4.281693644993004,2.5350165622076344,7.798014050054182,2.7955620175229376,4.430297118978621,8.087418027465185
2309,6.782035523271931,4.28240074365685,2.5479116641432964,7.836598878163856,2.778679909079508,4.426563183913008,8.078751801278756
2310,6.783784020292439,4.306001245184103,2.538248339800758,7.812420493988568,2.778679909079508,4.420865476063272,8.110879884352205
2311,6.803414302789115,4.279571435797613,2.5438078177187013,7.8335097595186065,2.7696212407186964,4.4290529295465015,8.03648534682981
2312,6.8208017128832,4.277447854890368,2.5315559582426266,7.7042976198057325,2.7559604210344144,4.436156462876344,8.012739225354679
2313,6.822537280246098,4.223905210866004,2.510661622453469,7.711136152147307,2.7559604210344144,4.44253699861662,8.043965160919889
2314,6.831206503945989,4.224085156699649,2.5186640662848023,7.75152308068609,2.7318393939142243,4.4430681712681706,8.018997086344008
2315,6.829473805869339,4.1953473142883695,2.4941006207821097,7.738232028784859,2.7295276568935547,4.439702679555327,8.051435926187763
2316,6.811245792269568,4.24471271580631,2.5085144805545703,7.775224188360944,2.720255098994675,4.433316828616071,8.023998798876148
2317,6.8208017128832,4.239523307468728,2.490337484332961,7.7688364697035155,2.720255098994675,4.434914414303051,7.996438917902491
2318,6.8208017128832,4.224984736128761,2.490337484332961,7.848507429919471,2.7295276568935547,4.437220715520338,7.99392733451272
2319,6.818197282729803,4.211284098788037,2.481757235902717,7.928840504425558,2.705098761063834,4.429763950674347,7.99392733451272
2320,6.800365550216992,4.257383064165888,2.4962639241182,7.8942799226726335,2.707437701708939,4.435446776310176,8.042719154447553
2321,6.794262697859509,4.257561169126471,2.5051193740850244,7.9024738958283836,2.700412959782715,4.423893573527145,8.058897672866726
2322,6.786842478327511,4.2536406156566136,2.502285533429885,7.896722816644816,2.7190931319133083,4.409441271413344,7.988901081673671
2323,6.788152696619633,4.249893873215002,2.5102097913770733,7.961035563379525,2.7190931319133083,4.4126582234368,7.940944734774909
2324,6.809941358643456,4.223545289238628,2.49090813258544,8.00439110984864,2.702757183170591,4.417656307676774,7.932069443453417
2325,6.811245792269569,4.2212048241593205,2.5054591544348512,7.9313015936248314,2.6862915968915946,4.420152589803291,7.942211579073387
2326,6.799058396800061,4.237373544043448,2.512242197761813,7.944225083873616,2.693364333549502,4.4235374669016725,8.013991306789107
2327,6.809941358643456,4.231454356651903,2.506251741921546,7.965502585033042,2.672072870107323,4.426385275131982,8.016494705516482
2328,6.827307127702434,4.199701523833112,2.4829035011485647,7.994152341458456,2.660148200720227,4.433671912460263,7.99392733451272
2329,6.8294738058693385,4.170378506108627,2.4783142952780786,7.909692403701485,2.6409225705974424,4.435446776310176,8.018997086344008
2330,6.823404848303649,4.12263495117986,2.4652895923020126,7.960861020643368,2.632453766055768,4.432784133378299,7.97253724011865
2331,6.817763085035566,4.142630600519511,2.452058162676543,7.9108891710268034,2.646950124958361,4.4194395537472,8.003967509913197
2332,6.828607242061187,4.125790788413398,2.476590486323344,7.965759271413127,2.667311334704233,4.422468922906956,7.99392733451272
2333,6.825573140072791,4.1747666630267535,2.4842781101978386,7.979570345924488,2.667311334704233,4.420687268536893,7.964969921984448
2334,6.8116805311731,4.146688400921107,2.487481684574316,7.9144874920544535,2.683928620544531,4.416229035429048,7.99392733451272
2335,6.806026103576758,4.169463549445369,2.4971740584860056,7.929553587814205,2.6957165433251182,4.412479584021561,8.05889767286673
2336,6.813853683776253,4.1822492301537375,2.4826743032479883,7.903168902791319,2.7074377017089386,4.41783467447734,7.996438917902495
2337,6.832505651913997,4.1396762179281525,2.4783142952780786,7.968138752187916,2.7074377017089386,4.42424964281763,7.973797550449527
2338,6.832505651913997,4.137458627330202,2.4783142952780786,7.903954011963525,2.7132735691001497,4.4235374669016725,7.966231791956492
2339,6.829040541869567,4.110352944667255,2.4581050595231035,7.9541418247236715,2.6732615282730983,4.418904678348996,7.959919836008431
2340,6.830340226475777,4.113334788020653,2.477624959162812,8.030385931023673,2.681562931180886,4.4205090516523535,7.96875475111567
2341,6.832505651913997,4.130055452335814,2.453222535496573,8.027298184678775,2.734148585572964,4.415336685069563,7.973797550449527
2342,6.841158428057506,4.0976485559696485,2.469679567919331,7.9816539719648665,2.7364552396114568,4.424605674783958,7.948541856179116
2343,6.8372664439129185,4.143922280271784,2.4771652629271723,7.91222499503015,2.7353022293123894,4.417299545930228,7.967493401617372
2344,6.823404848303649,4.15607528286373,2.4837054768576534,7.905651613700823,2.724896515605461,4.413908435668617,7.966231791956492
2345,6.844615549862379,4.17641067380121,2.489766665702081,7.947951907476164,2.767350535460172,4.417121150981532,8.052680176111092
2346,6.83586281010252,4.210561403457536,2.480495547084066,7.966355717732639,2.767350535460172,4.421400042506919,8.040226386873691
2347,6.8151482464032025,4.232172408310211,2.501377821029432,8.047062273055541,2.7978029475032895,4.4117649321359975,8.063867175180743
2348,6.80986873983024,4.276739689338689,2.521473957308228,7.976320933839115,2.8574466131828973,4.409977642368133,8.087418027465185
2349,6.80898830360124,4.27106885729421,2.522035446244993,7.964631679208343,2.8628875084227645,4.402460700347331,8.068832691468543
2350,6.803966982901834,4.294750437468881,2.5376915192124074,7.939602493800528,2.8563568136974227,4.393612461755602,8.079990574925292
2351,6.768859191585418,4.28963975439706,2.5408076676729645,7.90757294184936,2.8846163382602925,4.388908038332788,8.123192797381195
2352,6.748945165167784,4.31581438533989,2.545583511598113,7.874273064959613,2.918909747132514,4.388183697706591,8.114576313772197
2353,6.748856091599479,4.318263133225518,2.548348154622691,7.855832265808304,2.9210356956340906,4.390537235665756,8.12811116153456
2354,6.7524178406367446,4.294574338882471,2.547795538612133,7.83243111236889,2.887853901458175,4.390175259871424,8.103480434982123
2355,6.763976659499588,4.273551052428532,2.538821314289317,7.869329939616099,2.8596361074304215,4.388183697706591,8.091128423863156
2356,6.733780601565342,4.291226676948027,2.5450301134893967,8.036499192701372,2.8770435569878163,4.384015713226382,8.110879884352208
2357,6.743954685005364,4.32790049464202,2.545251491540507,8.083950585572884,2.8846163382602925,4.384378351562431,8.121962600100497
2358,6.753752865784667,4.340150337314225,2.553865751886113,8.159119575342398,2.8705318746696005,4.387278052853059,8.131797392132203
2359,6.748945165167784,4.354585197122593,2.5626617502148066,8.219617849900711,2.90290041338077,4.3880025882136735,8.174643608382754
2360,6.733780601565342,4.319073363203941,2.5466898379441574,8.283100788200235,2.8705318746696005,4.382201935148468,8.157540294739805
2361,6.739494830747647,4.316299219723994,2.558818347007858,8.24233300129909,2.8705318746696005,4.385828514363253,8.11334441436943
2362,6.738066865202813,4.316819548520157,2.5519915121863352,8.348194633650701,2.853072608572385,4.38093170843308,8.028996453517784
2363,6.735477672443186,4.304134940231302,2.538932359175889,8.316633846910928,2.8409881720407055,4.377118146775018,7.9939273345127235
2364,6.749301444128751,4.324614698368861,2.5522121040333814,8.240810624776577,2.8365771927155943,4.384015713226382,8.023998798876152
2365,6.751527632828665,4.312307314802719,2.559367864947526,8.218602095219035,2.8508803998632697,4.384559656079985,8.027747419786454
2366,6.738066865202813,4.31352275181523,2.5632101951365507,8.322846521200383,2.8519767785861334,4.380024109838872,8.046456419937455
2367,6.738066865202813,4.31352275181523,2.5632101951365507,8.34104733934732,2.8299439213216706,4.380024109838872,8.046456419937455
2368,6.738602398472907,4.31352275181523,2.554967409383054,8.344360715809952,2.8255104650092964,4.380024109838872,8.046456419937455
2369,6.755977144131542,4.297338231507502,2.550557059354976,8.43443842026329,2.8387837983516895,4.382746171237373,8.063867175180743
2370,6.771963870389015,4.287904222815516,2.545030113489396,8.31871685002237,2.8607281174291685,4.388726967775165,8.023998798876152
2371,6.772407244599097,4.275283329086303,2.545251491540507,8.315169711346986,2.8629105100459764,4.397226789033223,8.016494705516482
2372,6.788785587383426,4.279495681251606,2.542814951948224,8.355926346040858,2.8563568136974227,4.399213020589648,7.971276670218082
2373,6.782151927936577,4.248478592051986,2.5582686753051718,8.379638246134284,2.8563568136974227,4.392708274591491,7.976317392993571
2374,6.788785587383426,4.243871465096901,2.556618736426793,8.306899042120033,2.833263085646213,4.393974068762304,7.996438917902495
2375,6.785248686974575,4.280197215017877,2.5736017473016166,8.30656093927427,2.8420895238552877,4.392165645905846,7.981353969742725
2376,6.789669437522206,4.2511335921860605,2.55551800617114,8.330729956902392,2.833263085646213,4.398129766404538,7.988901081673674
2377,6.801145878998804,4.249009764962437,2.582853342828788,8.278758502702644,2.8188432395179013,4.397226789033223,7.966231791956492
2378,6.806874651384377,4.267194507170733,2.5736017473016166,8.290730452104194,2.8365771927155943,4.4030016769694535,7.943478160211244
2379,6.7989408305279655,4.303612612819864,2.599829019521239,8.317939298758121,2.8552626253711497,4.393612461755603,7.995183254672038
2380,6.790994931793698,4.297163772764926,2.59098081658107,8.336231209232945,2.875959610065035,4.390175259871424,8.053924175657954
2381,6.793644909834036,4.2758101687430745,2.5850239242098194,8.416755863273739,2.8792098564692874,4.391984750270795,8.036485346829807
2382,6.797176120811916,4.283001853535954,2.5855661987314265,8.411165241865971,2.8727045718898827,4.389813245196761,8.051435926187763
2383,6.802909247515539,4.262261082339589,2.569233029304602,8.425877114602333,2.8943148838585073,4.39596221478507,8.063867175180743
2384,6.803349996625554,4.253079220399325,2.574910480493138,8.430880080572658,2.899684719870822,4.39180384493009,8.038979625490946
2385,6.818313394808918,4.242452576222781,2.563210195136551,8.509575886206202,2.892163311899353,4.398129766404538,8.038979625490946
2386,6.822267140907012,4.196897395290575,2.570872431823913,8.453606939519535,2.8889320391386435,4.404624087596209,8.021498450416368
2387,6.830165692092295,4.181568416283406,2.547795538612133,8.433352882740872,2.8792098564692874,4.40732637680505,8.03149376197431
2388,6.823145345913168,4.17795094507487,2.548900614580428,8.57774302686896,2.8792098564692874,4.400476378163618,8.042719154447553
2389,6.826217904595394,4.195097771829396,2.570872431823914,8.553162063578359,2.8727045718898827,4.401739263460788,8.028996453517784
2390,6.833234139832657,4.195097771829396,2.5763272977095584,8.476341141536151,2.8792098564692874,4.401739263460788,7.957393227280402
2391,6.821827983178427,4.167618700000846,2.576871957246291,8.435919353758523,2.8792098564692874,4.395058657272673,7.9863864098900885
2392,6.8341105095947325,4.140084711349127,2.5719646107448773,8.455170918140091,2.8792098564692874,4.40732637680505,7.96118274871359
2393,6.830604151701376,4.144111122919193,2.5505570593549765,8.38929386312999,2.8792098564692874,4.40732637680505,7.96118274871359
2394,6.833672343013089,4.135869820072262,2.542814951948224,8.457267039233292,2.853072608572385,4.4058854245603785,7.97757692550208
2395,6.805993710593436,4.186265043383794,2.5699982533339725,8.461551459423529,2.880292210468792,4.397768604436581,7.995183254672038
2396,6.814796445037821,4.186265043383794,2.548237643908706,8.454141326063459,2.887853901458176,4.397768604436581,7.982612467218607
2397,6.829727195816635,4.125951933366804,2.5275730180872573,8.46871947760989,2.880292210468792,4.395420109311197,7.954865573132018
2398,6.812157180395478,4.171429195264211,2.547795538612133,8.490762648423782,2.8552626253711497,4.391622929882291,7.943478160211244
2399,6.794969394076411,4.193837436829812,2.578505036825298,8.456319918495494,2.8607281174291685,4.385466032221273,7.957393227280402
2400,6.802468461206549,4.207315449214491,2.5779608266900795,8.394590628929686,2.887853901458176,4.385647278170419,7.952336872365207
2401,6.81743437891906,4.197976687053938,2.561344858210048,8.30147672241049,2.898611789192523,4.388908038332788,7.932069443453417
2402,6.805553184494948,4.188430404190996,2.5664976596626268,8.302229599990664,2.905041633817041,4.386190957485802,7.913007272637292
2403,6.818313394808918,4.188430404190996,2.554196314124502,8.302680627746383,2.911452994025165,4.386190957485802,7.895161787318792
2404,6.827972843878424,4.175597399253143,2.5372660210910465,8.298591596668766,2.905041633817041,4.396323570061773,7.89643820734529
2405,6.838490164337043,4.156159892508282,2.5283547060853984,8.339066509920622,2.9274014808686193,4.398490889745081,7.90026585583952
2406,6.831042574652355,4.131649326201034,2.5461367530421386,8.417320810978977,2.9178460161459667,4.405344909178292,7.913007272637292
2407,6.836738740983453,4.141366395434527,2.533149613388716,8.500232866183888,2.9252815572439475,4.399213020589647,7.918096363659118
2408,6.836738740983453,4.16162159319523,2.533149613388716,8.45325866440927,2.922097914472157,4.396504233192663,7.914279945024972
2409,6.838927928889574,4.142830544861457,2.5289128619778225,8.425855640773287,2.918909747132514,4.399213020589647,7.976317392993567
2410,6.851170549070994,4.133852023271066,2.516933099935963,8.491625081836967,2.909317918707983,4.401919637121372,7.998949474158354
2411,6.861641588406508,4.084661750242098,2.519626605510003,8.391375290456974,2.9050416338170417,4.404984517592832,7.998949474158354
2412,6.85810596388642,4.108243042451204,2.519065767862597,8.364142639602079,2.90290041338077,4.397949190249701,8.03149376197431
2413,6.8603160073556095,4.079252121981162,2.488307475088708,8.295958785035644,2.923159630581408,4.397949190249701,8.03149376197431
2414,6.865616331553949,4.041875979417124,2.48602624347663,8.240079629149756,2.891086743656147,4.397949190249701,8.03149376197431
2415,6.861199765122004,4.033740378659816,2.488535448448637,8.232318780075262,2.8921633118993544,4.406425853581076,8.061382922830537
2416,6.868264495965598,4.041687021625625,2.4671010743174056,8.182337734766538,2.8824553305753904,4.407690326939159,8.070073448760104
2417,6.860316007355606,4.025773290909671,2.4768739264101547,8.15610185307114,2.8672688065817105,4.4058837917134746,8.020247895403124
2418,6.865174841449012,4.022542671635028,2.4775618782988165,8.118006238761897,2.859636107430422,4.409134861004781,8.048946674653493
2419,6.874879095235974,4.037716246666949,2.460981803216372,8.14195503824203,2.868357033222629,4.40967640237576,8.023998798876152
2420,6.882805687933957,3.9967668305503192,2.4595935535612297,8.187228488612107,2.854167890581477,4.414185882411735,8.016494705516482
2421,6.891599090083801,3.981967585905906,2.44949806687864,8.172076999701291,2.834385903681412,4.421208713008565,7.99392733451272
2422,6.914393817288315,3.9106217355122457,2.451242533016952,8.129363245243173,2.80437116218084,4.42857605495642,7.978836199031582
2423,6.9025703322946645,3.981196835200968,2.4811878304392176,8.112527003949689,2.781865335165935,4.42336666278856,7.951072129124878
2424,6.905200052568355,3.9558465036572614,2.490307591567124,8.129222629340429,2.7998888391121253,4.428396553610932,7.953601353650883
2425,6.929245290979114,3.9318501305056133,2.4660440277767117,8.10043225962227,2.759119801929504,4.43306051227996,7.948541856179116
2426,6.907828468974118,3.888049917115159,2.4614310122365595,8.074214878001776,2.7682472330672017,4.428037522484477,7.913007272637295
2427,6.92444494247394,3.880356678873993,2.4587734214630235,8.092806889370165,2.73843792804726,4.432701973148362,7.918096363659121
2428,6.910455583299662,3.8467872790618025,2.452519108959136,8.11091516135508,2.753395128285488,4.436285666201606,7.90026585583952
2429,6.9113309990320975,3.8676886460121254,2.4378443149023967,8.165349789807916,2.7579761052916614,4.430729332319971,7.93333813412314
2430,6.936219893212666,3.8281503137327055,2.439013184922079,8.190853493463436,2.7163840145956435,4.441832949933911,7.956129530958584
2431,6.916143205972979,3.8799616181042453,2.4557646757451748,8.172060954836,2.7349711229200997,4.436822894990918,7.964969921984448
2432,6.913081397328687,3.9413565421262597,2.462469922264969,8.137491315519098,2.7727962821190606,4.433777477248658,8.008981451045466
2433,6.9152685836882295,3.927389096959891,2.419042181563693,8.141227031461007,2.771659931536816,4.431805460009823,8.015243133461905
2434,6.932733734580887,3.8690768442655252,2.386273591602203,8.177624452600831,2.780733809986954,4.440044489907339,7.978836199031578
2435,6.930117616322224,3.843389311661885,2.3778383802502385,8.265409380042176,2.7908960389998363,4.435390096519755,7.9863864098900885
2436,6.930117616322224,3.889034796410089,2.3778383802502385,8.277440393300047,2.7773356304723134,4.43001172467749,7.96875475111567
2437,6.907828468974116,3.972932979441744,2.4149037676504537,8.213075616143362,2.8010102958792333,4.423905936008199,8.00647499172923
2438,6.918329131611969,3.9577633422723957,2.389876818227486,8.27856468809289,2.7942727572273336,4.428576054956419,7.964969921984448
2439,6.933169629284192,3.9308870200120194,2.383867497863682,8.33700483689463,2.812192851045646,4.428037522484477,7.966231791956492
2440,6.953182330453619,3.865108840210488,2.3608499734973,8.393007811386722,2.7875139906462576,4.437001952425618,7.981353969742725
2441,6.958390710298934,3.845988109117224,2.3480034080806087,8.315250045976699,2.763688425722816,4.442905575859289,7.978836199031578
2442,6.963594016973028,3.836381146504557,2.341237569010476,8.268372451390906,2.7739320264103573,4.447549728661416,7.967493401617372
2443,6.960992996927655,3.758163090157976,2.331722385140356,8.202354368238725,2.7522483317757542,4.452009310945491,7.9737975504495235
2444,6.944925320171027,3.769261604978484,2.330110928898421,8.189708300618408,2.7338142483648764,4.444692536526575,7.983870706303968
2445,6.956655148045486,3.8112147505462532,2.340621229061533,8.248678517158565,2.739592260135524,4.445764263879598,7.983870706303968
2446,6.9674931759254,3.821911663964866,2.3045049949260408,8.247785631005376,2.751100912496945,4.445407058823898,7.951072129124878
2447,6.975715413460503,3.7466082443716444,2.2797993573185464,8.202343154232185,2.72453620021792,4.451652758496027,7.914279945024972
2448,6.995138951904361,3.664814895432582,2.256033885821815,8.075903935690645,2.721046301805386,4.458420905556667,7.888775651170715
2449,7.002888728059933,3.5875811445354917,2.2148005124896613,8.035838500443317,2.7314985841540804,4.454325995787176,7.843882835514756
2450,7.008908617143412,3.6335754494210324,2.262102433374515,8.1464667079234,2.6917340884599588,4.46890290220317,7.823248519762608
2451,7.013633809475154,3.55832977573053,2.2547399595197746,8.014565042867325,2.6929145646629924,4.46570840184756,7.856743457774275
2452,7.019212787005326,3.5954455669550933,2.272127101446468,8.065837250449945,2.658402838782406,4.469257663107991,7.85545862954409
2453,6.988672251502601,3.7104059429086,2.3060140942653926,8.142120589224769,2.672753971283832,4.458776753185643,7.874702395160141
2454,6.983061466427295,3.726899399860428,2.3139158486784908,8.151665311388204,2.701159094532032,4.4569971449371515,7.836153260570918
2455,7.007189336214083,3.6541556124928216,2.2916253236027377,8.152160489785176,2.687005425546088,4.465885952181472,7.8284137413539225
2456,7.019212787005326,3.616741579138134,2.2814572518891807,8.092360945670062,2.676326104721852,4.473866221051325,7.823248519762608
2457,7.049154664825305,3.5722245815237192,2.2489052837272583,8.113265896878788,2.6703690899636343,4.4857137145360815,7.815492347788909
2458,7.055975299106542,3.497284875692231,2.224049628919237,8.124726186320547,2.672753971283832,4.493119764495555,7.776560173139845
2459,7.028212799873215,3.5829831760754813,2.2605550340745952,8.206557317381847,2.6439500742768387,4.4857137145360815,7.815492347788909
2460,7.04787483856994,3.5416956349323767,2.269562171028184,8.197269596336541,2.689371110764536,4.492591288251405,7.785667035324898
2461,7.029925386681117,3.6383051342119344,2.2832409235655837,8.220711167475748,2.6787040809157903,4.488536943868415,7.8025430669849
2462,7.05767911630187,3.669279772895791,2.27660667679077,8.307926603577398,2.703508662118957,4.492238925763479,7.8297043533014925
2463,7.063638261563323,3.6413107684001744,2.279161287222918,8.280951685639563,2.673945373124266,4.4966408722670765,7.797355508834801
2464,7.081052487808879,3.6455989340443886,2.252408451590128,8.327386544461142,2.66798143101535,4.50103721275582,7.80383925474391
2465,7.079355994735206,3.6095887458489226,2.282349314694973,8.23163200113685,2.663197744298328,4.506129970518221,7.78046481427866
2466,7.059382397881051,3.6337906090761587,2.286802832448886,8.222147741508868,2.6775154366926754,4.492943614744181,7.869576717064794
2467,7.032065356260993,3.6481686827670243,2.3000960852295163,8.250037625666538,2.6810793105143764,4.491534092761394,7.807726136440408
2468,7.037625311117429,3.713754097299641,2.3151668662826848,8.201829873825385,2.654799253349935,4.4846544066088905,7.810315991263489
2469,7.06576494141464,3.687068932974461,2.302994607233803,8.167249674860763,2.658402838782406,4.4940003783532365,7.832284746209801
2470,7.061936316988232,3.7231497671324174,2.3307308915125,8.21686751343324,2.654799253349935,4.477407062170904,7.8129047279346215
2471,7.044460487672031,3.728564326965781,2.331350639395687,8.272076144093026,2.6787040809157903,4.47510593056683,7.84130741327052
2472,7.058956627674791,3.7032780164683388,2.308275334253014,8.21899793258334,2.688188607132376,4.481121023974888,7.823248519762608
2473,7.065339672149523,3.690655540199745,2.32452156837662,8.225230765278514,2.714048957467517,4.481121023974888,7.823248519762608
2474,7.05000771420574,3.715426700959703,2.304504994926041,8.264208193275836,2.6917340884599583,4.480413911837022,7.842595262098743
2475,7.060659507847569,3.652873774867102,2.28642154503644,8.346766487024599,2.6787040809157903,4.49118162222686,7.846457156761774
2476,7.073141726747977,3.638305134211936,2.2960554264203115,8.374592615115953,2.656001156154378,4.492062731018149,7.814198677380528
2477,7.07615038025454,3.6575709859893895,2.287565158947722,8.482959464313288,2.6535966413444587,4.4950568183718325,7.812904727934618
2478,7.07615038025454,3.6152258517183053,2.287565158947722,8.436839504998213,2.6439500742768387,4.5020915024909804,7.825831685648441
2479,7.111698170871261,3.5229437539924593,2.257326846172358,8.416645644244785,2.612277392619355,4.514542926886251,7.805135162127662
2480,7.117671405854388,3.5334518506338104,2.277501215025429,8.336038316755866,2.592535313391153,4.512616762034888,7.823248519762608
2481,7.127896073395645,3.499319492412598,2.263133267384686,8.327189450517398,2.6073601200506094,4.518248361535234,7.812904727934618
2482,7.104436159726988,3.5541253821538374,2.2898501554106674,8.313858368725594,2.595013778388517,4.515257713502729,7.847743904918222
2483,7.102298433083012,3.5287617807767226,2.28553155215902,8.192657970554642,2.6232974040359225,4.515433705401014,7.897714358669937
2484,7.112125047240769,3.5556751226972776,2.2944112602504445,8.214831657577548,2.6232974040359225,4.509973795777042,7.913007272637295
2485,7.098020463507084,3.595009242396958,2.286802832448886,8.267563073616422,2.630610704162523,4.500088847855614,7.915552350888243
2486,7.115538857425459,3.53188939536956,2.278395295831599,8.35895117941695,2.6318309121344883,4.510855008657874,7.895161787318792
2487,7.1291728140136446,3.504286524188501,2.284768341660207,8.532396126894213,2.606049963666881,4.513673384158763,7.872140099520394
2488,7.134701918337727,3.4795865464967166,2.2771237915960767,8.50256435491102,2.606049963666881,4.523870832619586,7.843882835514756
2489,7.138526492601407,3.461999346308129,2.260444865997191,8.605777285228037,2.659694882643261,4.523695268166055,7.854173527524122
2490,7.139376035595325,3.395632205547605,2.245035440496552,8.57153336739231,2.651254907847925,4.527029476434113,7.823248519762608
2491,7.153374528789264,3.3467621888326633,2.222648179509773,8.486212594407874,2.66089774791617,4.527555638028616,7.802543066984904
2492,7.156339322016204,3.37324265811272,2.2259394888677444,8.539699287320538,2.639136737040592,4.52422193490418,7.818078852158846
2493,7.173672504739198,3.296361661936249,2.204764322542016,8.593985020817223,2.639136737040592,4.531411725185142,7.799949849669153
2494,7.178313598785189,3.277383642195613,2.196754973580883,8.602425940085128,2.622048523321927,4.536663147675172,7.7687432199197985
2495,7.15676273331308,3.3127912407915825,2.2219891554300606,8.61908446947849,2.606049963666881,4.529834751783161,7.789565731724234
2496,7.156339322016204,3.336761342092548,2.2360371139399087,8.615725283611043,2.626945649100517,4.527555638028616,7.811610499284546
2497,7.172406072833344,3.2737175803594543,2.209153354157917,8.60422391457406,2.65487631966288,4.530010006363683,7.773955659646368
2498,7.1896888363867175,3.2335297381275194,2.2130010267374534,8.643449625055874,2.620822378959634,4.538411863271038,7.771350009031394
2499,7.170294705469378,3.266369368524191,2.2353832270653995,8.687178124133059,2.5986226891414463,4.53281287943444,7.78046481427866
2500,7.171983864130966,3.2890793015056126,2.21339856467214,8.74424101436584,2.594898661633575,4.521236433291348,7.807726136440408
2501,7.173672504739198,3.2890793015056126,2.2007643941659825,8.701707008277385,2.5736630207820697,4.521236433291348,7.815492347788912
2502,7.1757825776564585,3.1756907808959607,2.180621106738206,8.58988486665014,2.5824346595325576,4.528958346368132,7.7791635508842365
2503,7.185057311974248,3.1670236653272124,2.149255328851163,8.62723077988661,2.5432888579199115,4.532112372841977,7.776560173139847
2504,7.181264988335891,3.137993748948193,2.155713226676454,8.533415873802966,2.550926591374417,4.535438524142123,7.7648308985564505
2505,7.195998295347596,3.133596064545506,2.113627534437406,8.55900982218047,2.52406257782121,4.537712482370765,7.7674393979973
2506,7.1833721567609246,3.186101494754313,2.13959005964827,8.496809420162728,2.516318413689805,4.528607722340005,7.7687432199197985
2507,7.160148849690006,3.283481902688389,2.1670564606692664,8.56265961193423,2.529208207083875,4.511383628769474,7.841307413270523
2508,7.160148849690006,3.2582613849601536,2.1670564606692664,8.606566225489205,2.529208207083875,4.513849456524011,7.815492347788912
2509,7.118950535518888,3.3360455010290795,2.208754820647369,8.634426134672744,2.568633124601394,4.4956667801420975,7.842595262098743
2510,7.113405476148594,3.3300723609442286,2.186689481164815,8.591221296561319,2.5698918009760705,4.4944275854303415,7.8297043533014925
2511,7.098020463507085,3.4080569104897056,2.2120730762854333,8.573437256323531,2.5799324404473007,4.495843771640033,7.872140099520394
2512,7.101870787168257,3.4052702291932397,2.2167077705115474,8.5147478359392,2.598622689141447,4.495843771640033,7.833574527499469
2513,7.086453136073727,3.4524746386710414,2.2265969904263625,8.49548623464465,2.5761731736484035,4.488934365414056,7.872140099520394
2514,7.0843083379575,3.394327013007231,2.2159141481418407,8.537949338395373,2.5483839929383603,4.487870149742183,7.851602501468524
2515,7.0860242440990096,3.34390877910488,2.228567979328264,8.474826387825145,2.5521966535306246,4.496551646888185,7.850316577109351
2516,7.103581169626265,3.3633443008364474,2.221066093755865,8.448941148808993,2.5369011813047244,4.491061811418778,7.877263605258399
2517,7.114685604906873,3.377708080747217,2.241650290450821,8.51458002423827,2.5471114536899733,4.498674402194411,7.887497615638308
2518,7.120229365875864,3.4082889999777914,2.23184792432655,8.529473985959111,2.558534652673065,4.502916003228181,7.8926081405335236
2519,7.148288298920613,3.3384308604631583,2.228961904713846,8.491195881961461,2.543288857919912,4.512088330102619,7.869576717064797
2520,7.1448948583981045,3.388955037576858,2.246855462786701,8.579731255240969,2.559799800427341,4.505564363125943,7.873421383112541
2521,7.157186111982668,3.4073605184673745,2.2419109230172367,8.561881183323882,2.533058498362065,4.515257713502729,7.913007272637295
2522,7.1444705307026375,3.4022479684779783,2.2649510897131817,8.529525984811745,2.5521966535306246,4.504328714248744,7.973797550449527
2523,7.132576000452193,3.4794947166532935,2.27520742374888,8.542667025474577,2.5521966535306246,4.502916003228181,7.977576925502084
2524,7.12704474746467,3.4943635087213396,2.276101990291469,8.609894202279138,2.581183944945137,4.4961977274102445,7.958656662247175
2525,7.133851650210522,3.466132500916131,2.2923797189208157,8.669661434395183,2.584933724485585,4.4974362868719,7.9750576013585865
2526,7.158879300527314,3.407824800411981,2.263664789442085,8.720157764650576,2.569891800976075,4.509444960376066,7.96370779155254
2527,7.165646844342105,3.360509220034813,2.2526925694494184,8.608384854695196,2.5445638876782177,4.520885028954501,7.976317392993571
2528,7.165646844342105,3.3362841369467677,2.2526925694494184,8.662566891631883,2.516318413689805,4.523519694836729,8.033990059367612
2529,7.167337429921603,3.378647190330605,2.247894613867588,8.691900549131251,2.522774033731649,4.528958346368132,8.02649813286383
2530,7.171983864130968,3.3590905106181057,2.253339921452062,8.70863901506246,2.512434664583646,4.5280817199861385,8.006474991729233
2531,7.136402058739334,3.405734882343704,2.2726489913112244,8.689193074303326,2.5007362257200105,4.51684131905088,7.976317392993571
2532,7.13087467168367,3.4110724696807293,2.271368367113172,8.676572769110074,2.529208207083875,4.519303268956767,8.006474991729233
2533,7.135127002909104,3.423561634153761,2.2643080585552693,8.797802009059726,2.5059443145947284,4.518248361535234,7.9926711572789895
2534,7.141499317197198,3.428172220048515,2.2572189569147745,8.757067392432674,2.504643614714835,4.5191274733278215,7.9800952137294034
2535,7.119376845551374,3.4249456588632996,2.284768341660208,8.593121973372195,2.517611262943287,4.522466068399187,8.006474991729233
2536,7.106573048821117,3.460450257671936,2.303483890901165,8.639979593535159,2.5432888579199115,4.512440627013757,8.02649813286383
2537,7.101015394694546,3.4749726495281266,2.3081319296754206,8.70818183245763,2.557268689506619,4.510678784021218,8.01399130678911
2538,7.101015394694546,3.4629519409993748,2.317765990306554,8.719865954164518,2.5749184956461155,4.507857969259783,7.9926711572789895
2539,7.122786129442038,3.4110724696807297,2.3075045288937184,8.755407974322672,2.5635903657157786,4.51684131905088,7.935874722944811
2540,7.085142739218802,3.4761038847438908,2.332058152122354,8.844932171932047,2.571149674855428,4.507857969259783,7.981353969742728
2541,7.085142739218802,3.4950374060697245,2.332058152122354,8.850681684114287,2.6134497671425607,4.509444960376066,7.981353969742728
2542,7.0946863403404,3.4858127793879694,2.325361299364404,8.834205563797003,2.606049963666881,4.515433705401014,8.022748751526505
2543,7.0920851989559885,3.4918911021662344,2.3318105671746365,8.764300151627575,2.6109862009802702,4.509444960376066,8.000204367474199
2544,7.089916631480527,3.457035069998769,2.3135184321931668,8.728229248338659,2.6085196032708344,4.51736902688151,7.978836199031582
2545,7.103780568067389,3.4733881138788902,2.3049927007476585,8.7891956603673,2.5836845855879,4.518072512438376,7.988901081673678
2546,7.115450909831634,3.428172220048515,2.294909541500559,8.787155862650016,2.5749184956461155,4.522129323204535,7.973797550449527
2547,7.126665500469184,3.4126947949300535,2.299328011177392,8.895423690887897,2.5749184956461155,4.525477029559053,7.997694324349505
2548,7.136566973196581,3.354355832506914,2.2726489913112244,8.899688530104314,2.5673736443128,4.529173377018154,7.981353969742728
2549,7.137857150866101,3.3959597655391245,2.2936450845392664,8.982190462592259,2.5648522662989035,4.530404619981941,7.997694324349505
2550,7.149025990431608,3.4073605184673745,2.293392084165964,8.929706443864672,2.5471114536899724,4.53427140611121,7.9939273345127235
2551,7.148167655853315,3.374183386838257,2.294403867639334,8.915038276329406,2.554751861313513,4.543919628856032,8.0039675099132
2552,7.139576915381347,3.3486627028329266,2.277506813146218,8.908948791111293,2.525299784181376,4.539361979855208,8.00898145104547
2553,7.12580365575455,3.412231375950215,2.296804527154213,8.94763117366343,2.517542690589143,4.533920057594658,7.988901081673678
2554,7.132264185081533,3.389890090812765,2.285912153265416,8.894764994867854,2.529166716805096,4.539011144532104,8.007728349127701
2555,7.147309187000835,3.338430860463159,2.2681626846806404,8.944678652961969,2.498012428132882,4.544970548697983,7.996438917902498
2556,7.1687307591938,3.297331060871128,2.2655938831592874,8.927505792989296,2.5123539502350845,4.547596464479628,7.968754751115673
2557,7.1687307591938,3.3353066754174856,2.2771237915960767,8.95874286792947,2.5110545822688457,4.546546335229155,7.973797550449527
2558,7.1674478160002515,3.31005268147383,2.2854038846106577,8.949140714664091,2.5110545822688457,4.547071439342821,7.973797550449527
2559,7.1674478160002515,3.31005268147383,2.2854038846106577,8.873158555571369,2.530453984265528,4.547071439342821,7.973797550449527
2560,7.181543777635056,3.31005268147383,2.280313077889918,8.889685915503264,2.530453984265528,4.547071439342821,7.973797550449527
2561,7.203257829230967,3.2453015435327512,2.264951089713182,8.841283353913422,2.545835147397607,4.559824708845584,7.973797550449527
2562,7.2096281107142275,3.262927498280854,2.26623643913664,8.874832452263787,2.527878595351642,4.559475923116691,7.949807123779652
2563,7.158887205885292,3.3560845885174646,2.2879437574024637,8.880173572241569,2.527878595351642,4.542517909712854,7.92191038773824
2564,7.159743866926102,3.364067698146886,2.2898462544683693,9.011452881146221,2.527878595351642,4.541992119752989,7.90791391474887
2565,7.154601896266626,3.386243706952065,2.2961730916083454,9.013771763343666,2.5522083688408577,4.5442699706456615,7.910461127670279
2566,7.162313049319842,3.3666451917663283,2.291746694799904,8.954252384776854,2.539441075569501,4.548646277954132,7.909187654781365
2567,7.170013403383024,3.3265199672662678,2.2840053860212675,8.889473274532751,2.5265896183352767,4.559475923116691,7.9308004884079635
2568,7.136566973196581,3.32580620577493,2.297435736660419,8.814595390121912,2.5265896183352767,4.5531918271105365,7.920639312183561
2569,7.1361368464518184,3.3367287079737484,2.298949718572042,8.82558278247943,2.5201318445310954,4.554414619288121,7.918096363659124
2570,7.143444413961445,3.351377064856857,2.3024773020638523,8.823223622890351,2.5201318445310954,4.55039526606715,7.906639907417645
2571,7.15374443305592,3.375296138721112,2.3005884014173144,8.797535047880356,2.5317403992981142,4.554414619288121,7.963707791552544
2572,7.1563164212277774,3.3357807740083176,2.2986974784487395,8.78233759449945,2.536877566289569,4.556160723792469,7.985128687145582
2573,7.1563164212277774,3.3409900766301583,2.296804527154213,8.843177433681248,2.533025963463334,4.5573824784944845,7.988901081673678
2574,7.170013403383024,3.277764131703598,2.27942066359895,8.848628400407796,2.545835147397607,4.568185163862628,7.966231791956496
2575,7.170013403383024,3.277279071367237,2.27942066359895,8.891652505432395,2.525299784181376,4.572184160846859,7.9939273345127235
2576,7.176849130491526,3.257554967163312,2.2646939057890534,8.951614798349677,2.525299784181376,4.576005029868239,8.002713385206809
2577,7.189643311258765,3.2173844071721818,2.2585100407958514,8.924969111813962,2.536877566289569,4.576178607004914,8.041472896479004
2578,7.184529200169112,3.222844308758318,2.261733551930124,8.89409122940244,2.5623626203274616,4.582421681640134,8.063867175180746
2579,7.1943270873571645,3.1770548570063513,2.2416502904508206,8.910874368398927,2.5547518613135125,4.591938375315115,8.077512780156551
2580,7.183676387208475,3.1373312218352427,2.22462372624832,8.986591238885499,2.5381597424968905,4.586750639999592,8.053924175657958
2581,7.1789835567554166,3.1560009285804376,2.2347290909467894,8.981439778455826,2.5278785953516416,4.585539068227075,8.048946674653497
2582,7.167020101790313,3.1762970361535485,2.2412592675737018,9.017794936322009,2.503239912361112,4.583980720120794,8.10471428767067
2583,7.176849130491526,3.1503896097259583,2.223306949158343,8.994128646590612,2.4993206345142003,4.5794749445650345,8.115807969615577
2584,7.178556737634914,3.191157857292368,2.237997281723254,8.870485041247013,2.500627949561001,4.583287899411109,8.079990574925292
2585,7.173859543851654,3.193918563799308,2.230930172846227,8.875004019513563,2.524009091310564,4.582421681640134,8.099777407795491
2586,7.187086848234671,3.1280707407579325,2.2338128811495657,9.000828470779949,2.518837700903035,4.5915927637981095,8.071313957615217
2587,7.173005078112539,3.1836127992955925,2.2252817342316606,9.073548086826989,2.533025963463334,4.581381938693421,8.068832691468543
2588,7.18410281017236,3.129359053735946,2.218029652623378,9.229302801888755,2.521425123076777,4.591765573792198,8.043965160919893
2589,7.190921098854892,3.0938059723049727,2.202098755242192,9.176321682617328,2.522717538138679,4.594184024760195,8.032742036983059
2590,7.179410342823961,3.096941375688086,2.209020520060574,9.189537642050825,2.522717538138679,4.588999596565632,8.102246337529719
2591,7.185808172427099,3.125234016604192,2.208754820647369,9.142188914878565,2.522717538138679,4.594356707807452,8.068832691468543
2592,7.197305605250504,3.1055424878457902,2.192467725212396,9.157573838161216,2.544558007098782,4.60142944701669,8.055167924967748
2593,7.212598401101239,3.091189970846292,2.192065235570963,9.219912463003219,2.5381597424968905,4.608660038917454,7.983870706303971
2594,7.197730976752321,3.14706770216042,2.2023655010980416,9.197948293792209,2.5496615702734053,4.598843503046247,7.9939273345127235
2595,7.197730976752321,3.167691885856045,2.2023655010980416,9.202308643880812,2.5598289753095664,4.59660081852917,8.023998798876152
2596,7.199857343261083,3.1768022762193593,2.220670342888092,9.194276911573978,2.5509353835624045,4.5971184876048765,8.008981451045466
2597,7.213022598244297,3.121877194328499,2.2060955333453958,9.146098159770625,2.540721567040109,4.606939810102084,7.9939273345127235
2598,7.221076178115573,3.1076229380334914,2.2040983243570875,9.181401407349366,2.5432800312833987,4.610207530061424,8.016494705516486
2599,7.21132561464461,3.1337341590751384,2.2116752279731187,9.092204331787546,2.529166716805096,4.605046591511297,8.041472896479004
2600,7.22192324293416,3.1003334032345786,2.200096818265443,9.173919440664363,2.5381597424968905,4.610551325107591,8.07875180127876
2601,7.226579787952002,3.0473357879615754,2.2112772864166588,9.238690147261655,2.5071512133549394,4.613300484207154,8.098542575244435
2602,7.235036234858733,3.039589783570273,2.202098755242192,9.195040639478274,2.509754337892926,4.613472235802895,8.118270551156963
2603,7.238455659946119,3.0561191250245594,2.2078245446697595,9.11517197416253,2.5110545822688457,4.605046591511296,8.123192797381199
2604,7.250407111589404,3.0783296665634667,2.2074256986239984,8.997142020028646,2.5071512133549394,4.613987440624493,8.088655072604318
2605,7.2559472863041385,3.0820111731143385,2.2054300587764657,8.945012650893744,2.5265896183352767,4.6146742638419465,8.096072174100469
2606,7.261907472684043,3.061426394559812,2.193406493618846,8.895250272789887,2.520131844531095,4.613300484207154,8.0725542181715
2607,7.270410987660238,3.067250582830128,2.1931383274841885,8.937782249460238,2.521425123076777,4.615017625523048,8.02649813286383
2608,7.264034567116001,3.0253664637925493,2.190051341787908,8.88019636245563,2.5058483299017373,4.6221044028497005,8.033990059367612
2609,7.271685397887936,3.0245587634515494,2.1909914589526425,8.94776811926407,2.474310349649544,4.625211204389679,8.048946674653497
2610,7.2810221972022875,2.9642666298474984,2.172902777187378,8.940897699298633,2.4676737325597435,4.631244438469765,8.033990059367612
2611,7.274657890931119,2.9484548492792473,2.169098204770381,8.893522712515871,2.43819233652904,4.627280896149357,8.071313957615217
2612,7.271685397887936,2.8926512229152657,2.168417901636894,8.832795340744799,2.454330276201129,4.624693592918258,8.056411424179736
2613,7.238455659946119,2.974471888612092,2.195416379871101,8.729099210707327,2.442178587283351,4.604794633692689,8.015243133461905
2614,7.246995030704725,3.0015560890329884,2.195282462020041,8.701696700828922,2.462388056823849,4.596281825541007,8.003967509913197
2615,7.22733482144033,3.0582434725414602,2.2168731549392344,8.721746452566551,2.43267254018758,4.576921352553836,8.023998798876152
2616,7.212329170000181,3.1000726496622746,2.229670849063874,8.717851840840137,2.455675631848793,4.578669911468744,7.997694324349501
2617,7.200295303822619,3.1182568890331885,2.2280928168593186,8.717880180558055,2.471745602995508,4.565885363472118,8.018997086344008
2618,7.1938377998117256,3.1182568890331885,2.233347278333537,8.81070377767818,2.490323556197058,4.572546143845424,7.996438917902495
2619,7.174852087770491,3.167870483898618,2.2470642057849357,8.881842174441452,2.490323556197058,4.559036112702456,8.018997086344008
2620,7.199004406592949,3.09241053433101,2.226118227043659,8.751050467254052,2.517856712155339,4.5702688787434615,7.991414722825142
2621,7.200295303822619,3.123905750503797,2.237670117566605,8.747831670301615,2.4916436544804363,4.569918399058958,7.991414722825142
2622,7.2050260165329245,3.1035588314014935,2.224800565343681,8.692665205394789,2.515251405930832,4.571320107797646,7.93333813412314
2623,7.210182183884045,3.106143992771341,2.230722062838422,8.717824405913284,2.508722711974481,4.573421621778957,7.90791391474887
2624,7.221337434592486,3.080164996455846,2.229407944729882,8.695535556598179,2.502171811389392,4.582164422343537,7.926992035491148
2625,7.236318765916468,3.0163521743028467,2.2193874927188624,8.669786736065559,2.4475890403449885,4.595412016422995,7.902816280077733
2626,7.235891288464559,3.022785784832934,2.2300651298703005,8.677961143296104,2.4664040967349523,4.598368493120513,7.8977143586699405
2627,7.214904454931842,3.096045954010365,2.2470642057849357,8.681514249342039,2.475741886677417,4.5811164336532615,7.879823731087088
2628,7.220480135288096,3.0851229447346205,2.246413491337752,8.70743459361952,2.4650663636714856,4.576746448800148,7.867012246516529
2629,7.215762617209175,3.1305645705517167,2.243156229681098,8.731058186456513,2.4784014144739235,4.574996932179666,7.879823731087088
2630,7.203306225598743,3.2120439979334896,2.247064205784936,8.666731703943778,2.4784014144739235,4.565358973173392,7.887497615638308
2631,7.2187651387963045,3.1911795937793257,2.24524158620146,8.599145521549453,2.479729785382182,4.569743146086312,7.884940735011218
2632,7.22733482144033,3.179427542062255,2.2409377678858173,8.661450275568868,2.473078632233958,4.580417601000211,7.877263605258399
2633,7.221766034534148,3.1597982884320355,2.242764944115064,8.55485338185386,2.473078632233958,4.581815127472634,7.855458629544094
2634,7.215762617209173,3.173655865514198,2.237931758326793,8.53265584928477,2.4448857633217305,4.574296881466147,7.895161787318796
2635,7.205885711515698,3.2021306520328534,2.2530392990189494,8.427773141295763,2.43267254018758,4.568165475202446,7.8811033877971495
2636,7.215333552689265,3.226102039180081,2.259768993117376,8.413304653373176,2.4462378882389557,4.573946803771199,7.913007272637295
2637,7.220908801512836,3.225856094317384,2.25148257011198,8.444470783761787,2.4502884338558863,4.582513682534626,7.951072129124878
2638,7.218336306739648,3.2556830723637256,2.265185517998689,8.465081477789786,2.4408235322611027,4.577271133944958,7.96875475111567
2639,7.218336306739648,3.2556830723637256,2.265185517998689,8.457062491538272,2.448939221574506,4.577271133944958,7.96875475111567
2640,7.213187731384411,3.2556830723637256,2.274175755448902,8.50727738155606,2.462388056823849,4.577271133944958,7.96875475111567
2641,7.21404615967593,3.284677860174403,2.2859215549916856,8.47906349978208,2.4340335085192075,4.584433994109563,7.940944734774909
2642,7.211470475466128,3.284677860174403,2.298347518965402,8.485571352218866,2.438110478409698,4.579019518887423,7.951072129124878
2643,7.228619132610581,3.257140803169743,2.2911308540760023,8.444631336525438,2.442178587283351,4.59088554788627,7.925722021415987
2644,7.235463778114316,3.2292971025391775,2.282482579155104,8.497757747958044,2.424485817035214,4.590537117162075,7.923181197692856
2645,7.233325732642696,3.281312319684835,2.2948061846872227,8.491323919030282,2.4148888965505826,4.589491618237864,7.905365632632374
2646,7.226906651648373,3.2658694000524924,2.299610560102553,8.46894978048446,2.4148888965505826,4.586178823141785,7.9308004884079635
2647,7.243580855932915,3.2673212142264227,2.30754702757112,8.44671309590283,2.438110478409698,4.596803608110455,7.96118274871359
2648,7.245714960733702,3.2673212142264227,2.3086779088438707,8.529130317004649,2.4448857633217305,4.596803608110455,7.9662317919564885
2649,7.233325732642698,3.294269028480217,2.3272964324901024,8.54118899230841,2.4529839592564366,4.594367962322398,7.9460105336099
2650,7.240591732567234,3.3109666051646878,2.3342440556392163,8.538295210231341,2.4529839592564366,4.594367962322398,7.9460105336099
2651,7.259353887601564,3.3327465743468183,2.3422746332408875,8.630463769685159,2.475741886677417,4.59715142030069,7.973797550449527
2652,7.279749915722143,3.3043007622483014,2.3377077872647094,8.602500851921878,2.475741886677417,4.611901875379208,8.023998798876152
2653,7.28568475366154,3.249356390971599,2.330649547289035,8.593179619308197,2.470411636654856,4.61951332213038,8.0252485926078
2654,7.28653207370277,3.2748089050178146,2.3422746332408875,8.561860815056113,2.482383750174124,4.6177848827337895,8.03523782926942
2655,7.294152185852458,3.2721545369936047,2.355049472584528,8.465090516218712,2.496914960923659,4.619167701646552,8.041472896479004
2656,7.295844136457523,3.2564120440173387,2.35981683533751,8.511902962255933,2.4942811215770178,4.623658143524589,8.051435926187766
2657,7.308939461891788,3.2658694000524924,2.35981683533751,8.587336986845754,2.496914960923659,4.622449737346413,8.066350431024897
2658,7.305562949994426,3.2952261460318613,2.3665187947984085,8.57199460521803,2.482383750174124,4.629349382765777,8.07875180127876
2659,7.322004296244906,3.2992898618346467,2.3527223509894277,8.56188262031693,2.479729785382182,4.633138484639652,8.052680176111092
2660,7.326212286974253,3.2243799119276733,2.3327575478736886,8.507205768917949,2.4744107261899404,4.645511052353359,8.061382922830537
2661,7.3413350517440055,3.227331397315284,2.331269805208668,8.45978671376609,2.475741886677417,4.647740417390491,8.066350431024897
2662,7.332938531276189,3.2120439979334896,2.335234376160324,8.451037326123929,2.4650663636714856,4.648426095693987,8.086180735805087
2663,7.3425934512418625,3.2339594170758708,2.346829910093133,8.360533306644667,2.4744107261899404,4.651510019013058,8.068832691468543
2664,7.343012855318259,3.2201926068483027,2.3557837310855976,8.297550696433166,2.4903235561970574,4.660062530365835,8.038979625490946
2665,7.343012855318259,3.2216712887481056,2.3557837310855976,8.295982312024837,2.4942811215770173,4.660062530365835,8.038979625490946
2666,7.33545880199617,3.2391023361844944,2.3792452541460483,8.305401956146497,2.482383750174124,4.655104566792368,8.063867175180743
2667,7.334198807648754,3.2600537181909317,2.3852744189313126,8.242507687824634,2.4982305244993994,4.6429369751627005,8.03523782926942
2668,7.350556799583871,3.2600537181909317,2.393442365085256,8.228524249956902,2.513947433683076,4.6429369751627005,8.043965160919893
2669,7.348452052263893,3.297617357067066,2.41109529975692,8.25089031148165,2.517856712155339,4.65236619186294,8.071313957615217
2670,7.333274632561203,3.330388169154377,2.415008534491392,8.219720272257849,2.541148210771901,4.645339505007099,8.117039382032795
2671,7.354763940823499,3.312155095926028,2.4183223893743038,8.153128855743148,2.5424340418278994,4.665184238019982,8.107181259293315
2672,7.363588748901266,3.334631734464152,2.434100311780644,8.118013413900727,2.543719026361817,4.659208199318831,8.07875180127876
2673,7.353081460586864,3.3199852429245365,2.4497461267988903,8.083796113141188,2.5501313049631307,4.663307129298115,8.067591685602764
2674,7.346767688852925,3.3611127467579363,2.4401873395474074,8.068457215406283,2.5679749153035303,4.659192585279299,8.086180735805092
2675,7.363588748901266,3.3611127467579363,2.419504476519651,8.07752604386264,2.570510843473732,4.659192585279299,8.028996453517784
2676,7.382452811077091,3.3655386807978522,2.434569248651891,8.153725174168303,2.5679749153035303,4.679377087208443,7.996438917902495
2677,7.379522526156922,3.385246747124987,2.4460216569977637,8.096296313631354,2.579361037303503,4.68005932145097,7.981353969742728
2678,7.384126579591802,3.403430595975545,2.4499812641603618,8.108682948454287,2.585658466419279,4.680570912131147,8.000204367474199
2679,7.397498975782198,3.3764546013060652,2.434092436836061,8.145121299915914,2.590682062317104,4.688916604921887,7.96370779155254
2680,7.382034291706017,3.4230828777247893,2.448817539480056,8.167519327818724,2.573043517002939,4.681082429984627,7.958656662247171
2681,7.361068781300385,3.4342146794977806,2.4511442692669885,8.17241020159697,2.6006913713257345,4.66861475998223,8.032742036983059
2682,7.343397452117318,3.4421372792747404,2.4499812641603618,8.2155191111764,2.606921790891537,4.654042739998105,8.053924175657958
2683,7.349714994869625,3.4089298028426516,2.434796264049803,8.257203397518449,2.6143727855619807,4.658849492929617,8.02649813286383
2684,7.341290030621521,3.414845034281428,2.4258614513974908,8.236835004228013,2.606921790891537,4.648713423600533,8.000204367474199
2685,7.360648677439162,3.38995648110166,2.406433545436622,8.205912891273158,2.613132874559541,4.657133537284362,7.967493401617372
2686,7.370722564117408,3.407334954476164,2.4083379435772403,8.209430071357637,2.585658466419279,4.657991618034048,7.985128687145582
2687,7.3488730645457,3.3920205144420637,2.41237829022913,8.255889221801693,2.58942735338004,4.663992427007424,7.978836199031582
2688,7.314668705284004,3.4091575589939564,2.431979362919426,8.316443228848156,2.5869155568198323,4.636822735370841,7.96118274871359
2689,7.311279180764949,3.3966014078006896,2.423739024150833,8.250703000018591,2.606921790891537,4.627316124750816,7.985128687145582
2690,7.3210185553657645,3.3991174724131175,2.422322726617116,8.293914500470587,2.6056772591769333,4.639928481203646,7.951072129124878
2691,7.317209506660294,3.369687938618504,2.4293934648287925,8.244326659141514,2.62796156852565,4.637685714308164,7.949807123779649
2692,7.320595455214152,3.411661569714272,2.454861064379417,8.255308867136652,2.668189027848517,4.630430178027784,7.996438917902495
2693,7.3015228772306395,3.406651150284268,2.4462548061998706,8.282808271928454,2.6669816097463337,4.6205596275405805,7.956129530958588
2694,7.3015228772306395,3.4125715257634424,2.4462548061998706,8.272276735182684,2.6669816097463337,4.6295654369087265,7.976317392993571
2695,7.290898903057589,3.4605778122537494,2.467581995703388,8.326965869675789,2.695765639639397,4.618825118154378,8.028996453517788
2696,7.2862179602686625,3.455212038314018,2.4859341138983515,8.344206616386682,2.699335569790239,4.61934556004914,8.03897962549095
2697,7.291324249222992,3.449611124180001,2.4964071339905587,8.371315923521665,2.717093709743335,4.624545783914222,8.068832691468543
2698,7.298974960305598,3.4230133876790694,2.475173724379542,8.379753679502667,2.7076415819216213,4.633887040859695,8.066350431024897
2699,7.3108553462627555,3.44736743864727,2.489811263335413,8.396930852168893,2.668189027848517,4.633195937050518,8.061382922830541
2700,7.294725855649265,3.4810469426022164,2.4975420605937706,8.421309063049687,2.686215587333041,4.636477485210295,8.09112842386316
2701,7.255053747266857,3.4794950191505327,2.497315129019149,8.43714283165224,2.6898020332274184,4.609618018959109,8.063867175180746
2702,7.24777125488349,3.4755002127848345,2.488671741958856,8.419358123381649,2.68262289330595,4.611878580403695,8.056411424179736
2703,7.246056341527511,3.4518529104184337,2.453003583793422,8.465885265364507,2.65729651830037,4.6137902364593435,8.033990059367612
2704,7.241766743483079,3.466824216488789,2.4629661032194923,8.462443855830294,2.6585096688344514,4.614485128371082,8.056411424179736
2705,7.202578299334535,3.428444881200225,2.4523065560300585,8.430635910350778,2.6585096688344514,4.607878142427294,8.032742036983059
2706,7.210351878456631,3.440174829621301,2.464121132349842,8.431334821522874,2.6560826459048017,4.605092558675195,8.016494705516486
2707,7.218976404827829,3.4390492139342324,2.472416608720144,8.41703342456459,2.67301159888933,4.622293289206506,8.051435926187766
2708,7.207761898775402,3.4677153638021716,2.468273410011476,8.41828689317242,2.6693957346569204,4.610661534405206,8.137936277446936
2709,7.205170706259107,3.4621407896736205,2.476550783206459,8.394184934319693,2.6766211030001323,4.617263333957006,8.137936277446936
2710,7.181361319392147,3.4865821837304964,2.491177792896383,8.435609110435973,2.7005241807662426,4.603350453695032,8.14284304603974
2711,7.159191273021288,3.4892350379813153,2.4907223915523726,8.43289743305962,2.69814627666731,4.603350453695032,8.172203132080654
2712,7.170070100179681,3.4984994056716205,2.485249093011814,8.404732259056402,2.6693957346569204,4.603698943389651,8.125652464187148
2713,7.133431483306011,3.512117259774241,2.487759635273556,8.43567564498263,2.6657734791887355,4.590606982936424,8.189266579647834
2714,7.13211842438376,3.49497389438855,2.4733360921162477,8.475751543096269,2.666981609746333,4.588507752195398,8.167319329361444
2715,7.162674839501777,3.4790514468109124,2.463197165486621,8.52257746528096,2.650002414239561,4.598642475214594,8.130568890480264
2716,7.1399920607712595,3.4958557064097002,2.4425209392304343,8.575916145127918,2.6451251131497453,4.593054506159195,8.128111161534564
2717,7.177889562150746,3.4666013830333746,2.4373746994054235,8.506849480873777,2.637787119614799,4.5984679850514585,8.118270551156966
2718,7.1856979439226105,3.447591892795771,2.4429880791766707,8.473994156748537,2.630422439081085,4.6036989433896505,8.150195985781503
2719,7.186998266690671,3.443324004218549,2.441586310043937,8.447233387507682,2.635335204585021,4.619692478884224,8.07875180127876
2720,7.174415616231722,3.4534210330852164,2.4557891185074507,8.469992376488559,2.654868050457684,4.606137409734035,8.07627351142179
2721,7.178757706500524,3.471499416356877,2.4719566999450167,8.512628147605014,2.6657734791887355,4.608922171011177,8.07627351142179
2722,7.130805050498056,3.4759443755100996,2.476091874436768,8.439445331802265,2.683821154079136,4.593229264245519,8.093600790667306
2723,7.124671801695357,3.5024600823573704,2.478156092303309,8.427617907168411,2.70408593161668,4.584655909966286,8.123192797381199
2724,7.136494063773448,3.4987195964987796,2.482963911749931,8.33875326444349,2.7017121106771227,4.594277630935365,8.104714287670674
2725,7.1465447953983,3.526538508683196,2.5043375594498545,8.234283705735795,2.7206272363732413,4.59637343001045,8.092364730254292
2726,7.171808718173316,3.523049507827768,2.5234622618600477,8.2961231504748,2.742868789755436,4.6007356848557786,8.137936277446936
2727,7.15526961966628,3.523049507827768,2.523014436562145,8.240840531937717,2.7498438198521797,4.593054506159195,8.128111161534564
2728,7.135181738953674,3.5480274578485096,2.532174249973719,8.317944231804208,2.757952338201292,4.5862321729413305,8.08122910123292
2729,7.150036389296603,3.542616975169757,2.513361033223528,8.361103013560832,2.75332270809916,4.591131595279193,8.120732160058004
2730,7.13605665709579,3.5243584104031065,2.512460584916496,8.489386930125235,2.7463591891746635,4.591131595279193,8.120732160058004
2731,7.148727301900684,3.5022401978121316,2.516509298222032,8.481325055007444,2.756795880030702,4.59392820999809,8.105947895729676
2732,7.137368772380557,3.5173702625035363,2.526817657203116,8.537537158897837,2.7475213724017626,4.588857710856145,8.115807969615577
2733,7.164850948333988,3.523485879060034,2.5346244289286144,8.531085591769706,2.74519636497789,4.595500331697875,8.08989187135839
2734,7.161310821137324,3.5208665948010456,2.537516123146378,8.437614453195753,2.75332270809916,4.595500331697875,8.110879884352212
2735,7.161310821137324,3.5538587336750327,2.537516123146378,8.40623902761503,2.791218811095035,4.585356558426411,8.123192797381199
2736,7.121326247587664,3.5504046688113062,2.5626923901749765,8.491558305612024,2.8014384681447826,4.565861539561681,8.123192797381199
2737,7.1289012753560295,3.588374717456957,2.570139008444948,8.407792411872794,2.795766888631219,4.565685415723871,8.155093148999379
2738,7.151563697526245,3.5956086878724136,2.5731971084616627,8.465693415710957,2.791218811095035,4.573602245260418,8.115807969615577
2739,7.19441051367847,3.5682753705353116,2.567076161344594,8.514252856026433,2.791218811095035,4.578519276742091,8.155093148999379
2740,7.189568309457181,3.584323917895994,2.582560376717073,8.491993866493539,2.7957668886312184,4.585764317627803,8.130568890480264
2741,7.195290458449234,3.56225975057788,2.574288140469131,8.480704824106239,2.8228553396378726,4.579226767377629,8.016494705516486
2742,7.218120009005216,3.5391486100458165,2.5505863575971635,8.451959041950003,2.8127369833419853,4.587352697925371,7.985128687145582
2743,7.205399765396062,3.5467299224210223,2.5618189281243686,8.433265528902908,2.779744828386491,4.584528415094459,8.07875180127876
2744,7.222061738685145,3.519337506139524,2.565548893352788,8.482664036804316,2.7991464785982427,4.602494568957269,8.066350431024897
2745,7.22906234722927,3.5306758660296236,2.5624776712292925,8.434804916968602,2.7991464785982427,4.59897899753844,8.073794230566456
2746,7.2189961912206195,3.548675993834845,2.5803986162380923,8.392870517980016,2.8217500057594522,4.595635959220647,8.058897672866733
2747,7.236054136181383,3.5432668013668445,2.5784396053643386,8.443510817872092,2.827364153543598,4.600737220649647,8.061382922830541
2748,7.234307014099073,3.5740636625032884,2.591246912640245,8.431761660348934,2.8407792116301924,4.59897899753844,8.086180735805092
2749,7.239110278345556,3.558264180893559,2.588432051702363,8.382537616932124,2.822873998972226,4.602318873458342,8.129340146991652
2750,7.226875605923185,3.5015763938770514,2.5727693204193485,8.375600834233149,2.76824922706185,4.610917701463302,8.128111161534564
2751,7.232122338305888,3.4776369501430144,2.58951516221372,8.312837201853078,2.76824922706185,4.611969184388505,8.115807969615577
2752,7.249575743787838,3.430899625830784,2.560940260611873,8.320351152441633,2.7717044295200894,4.61372096233955,8.131797392132206
2753,7.25480110421993,3.442773260490751,2.531497836235326,8.377139849656166,2.7508883025092707,4.6130203551407964,8.130568890480264
2754,7.274786390123243,3.442102592012544,2.510642337416468,8.314886550998024,2.754371894784019,4.6221174631704836,8.07131395761522
2755,7.265237144202544,3.434938177005675,2.531051684176569,8.234737385566497,2.7368961104971956,4.620719426360748,8.098542575244435
2756,7.296428723697933,3.408123078627183,2.515821118158919,8.190918261502397,2.7462345547961857,4.626831775975955,8.08989187135839
2757,7.296428723697933,3.4376271119937107,2.5457209875814937,8.269654963019216,2.761321916563189,4.627878551659762,8.096072174100472
2758,7.279988194631768,3.422353397093897,2.5558802832833782,8.258110706083869,2.7957353963048748,4.61231960931248,8.113344414369434
2759,7.236927491202965,3.422353397093897,2.574733952252644,8.222281428041228,2.8014175286611898,4.61231960931248,8.134253670452733
2760,7.251318075589964,3.476975028239615,2.5845279566270447,8.12860784211616,2.805952448816209,4.602318873458342,8.130568890480264
2761,7.230373978535087,3.4505851859878223,2.589948241227566,8.15836336565067,2.819500267996672,4.599506556397902,8.183177811310427
2762,7.234743846143226,3.47366295373429,2.581268666193273,8.227630585578234,2.7740047843472686,4.600385646050255,8.209924420323665
2763,7.222937298127695,3.5094363240682807,2.5925447368011096,8.18154731434844,2.7785980550895006,4.591408640852811,8.25224344187504
2764,7.234743846143226,3.50660066301832,2.592977156840788,8.29815907783677,2.807084688109065,4.598451359838107,8.235349821760943
2765,7.234743846143226,3.535903804221643,2.592977156840788,8.336706156231383,2.807084688109065,4.58823482195267,8.282299086461778
2766,7.2137370183062295,3.5337440479877444,2.6157624120688188,8.428804758253412,2.829605751506393,4.588058414820664,8.22325525847654
2767,7.201446151043088,3.5451712380234763,2.6016059106684684,8.447812838908312,2.8183745217663985,4.578342381831187,8.25465314080556
2768,7.183840222026619,3.551188920772587,2.6114831169312223,8.461047142315111,2.8183745217663985,4.57692690192141,8.295478664290249
2769,7.203203661946601,3.521617504953072,2.5899482412275656,8.403260760201018,2.8329638179027192,4.58064132166764,8.307436474890379
2770,7.2084728462729055,3.5432341548174846,2.5968647178823745,8.473305465780669,2.8485666979909547,4.583468724539775,8.312213326680597
2771,7.209350555997881,3.5524766971429163,2.6007447129335524,8.519279655101284,2.837433190543009,4.590351018813143,8.278699911666038
2772,7.2316852999803505,3.5127045365146983,2.5758245711162453,8.536265620122364,2.8161212703925456,4.593522933468957,8.288293187858512
2773,7.225125592120107,3.5181427726211307,2.5651104405663694,8.560196229920981,2.748562711621847,4.585234698246767,8.252243441875043
2774,7.251318075589964,3.4965427166487597,2.5620385336733245,8.639874956858517,2.764788397887428,4.592818310130108,8.247421292329296
2775,7.238673789505638,3.5255212483465255,2.5790928243570423,8.644746687228425,2.770553318995767,4.588058414820663,8.285896225081306
2776,7.258716909631622,3.55976263943284,2.605046994240217,8.664797446148897,2.777450664957372,4.582585405234221,8.261876745797935
2777,7.239546732906093,3.568736189405161,2.612767864139552,8.623471892454857,2.8025521548865435,4.583998609703968,8.308631023223244
2778,7.222937298127695,3.579380811683552,2.616830811927347,8.690482876235809,2.793458326351992,4.576218948089041,8.343176097301578
2779,7.232122338305888,3.5798057392808897,2.6076239265227708,8.75840688403828,2.7854694743588375,4.584528415094459,8.331285076353554
2780,7.217681865941095,3.625734979802071,2.6276961978707054,8.809224232838362,2.7854694743588375,4.574448439060567,8.300264481375729
2781,7.230373978535087,3.6146385926492672,2.6300320514125133,8.829702194242616,2.8183745217663985,4.5799341156597295,8.33961110981532
2782,7.218558117429195,3.6152678748693794,2.635542445483063,8.850693042186114,2.814993763556772,4.578873039858995,8.312213326680597
2783,7.207156020609658,3.6228081606805267,2.643990789514686,8.84462796816839,2.7774506649573723,4.564872226468391,8.297872022262496
2784,7.200127651125685,3.6353300734357807,2.6359657005986685,8.85898924872728,2.791178836048897,4.560252111335784,8.316986605346965
2785,7.198369161854785,3.623853806703058,2.6174715791998997,8.867267540933803,2.779744828386492,4.5616743344403705,8.28109958792919
2786,7.198369161854785,3.6190405757622286,2.6174715791998997,8.845080911162574,2.746234554796186,4.563628948633304,8.309825347888674
2787,7.2102281265537105,3.6334553691546354,2.634695669524356,8.899309624499024,2.745069511704604,4.567180001559288,8.347926329623212
2788,7.24216474081908,3.6271972359435645,2.637446396842828,8.884900221993579,2.7566911049177443,4.57303138889138,8.328904218015316
2789,7.25915182929021,3.639075708980987,2.615976137512178,8.91435212054067,2.7380656854367937,4.580994871343517,8.3574162465054
2790,7.269579736094801,3.5889258397705297,2.602251565359355,8.881218726481858,2.68597449956306,4.585764317627803,8.305046706758354
2791,7.272617541014182,3.5676694510250533,2.589948241227566,8.888512965556965,2.7050680133538663,4.588411220250401,8.314600412191956
2792,7.258281956026296,3.581929392456318,2.600744712933553,8.808107977063337,2.6703298310032477,4.582938759568621,8.328904218015316
2793,7.274352687684772,3.58235392632558,2.593193331639806,8.728032655967638,2.7015013631591303,4.584528415094459,8.28109958792919
2794,7.275220058884513,3.573424911927209,2.606765317778371,8.690869155280726,2.697928568699336,4.588940362150174,8.306241702774104
2795,7.257846968466883,3.619668861339189,2.631941196255253,8.750333096045667,2.697928568699336,4.577280825353323,8.326522472833332
2796,7.265671555538223,3.616106695951989,2.6382920230351594,8.722466792204889,2.718093631888584,4.575864917668684,8.309825347888674
2797,7.252021592376126,3.6131697122332764,2.6448336913023733,8.786906445481902,2.7345550054218566,4.573208551441596,8.31340698103855
2798,7.252021592376126,3.620715688408591,2.6448336913023733,8.758371381520153,2.735725884160588,4.568244616383609,8.331285076353554
2799,7.231704914144991,3.6171548660144226,2.6507242327070677,8.747975023685527,2.7345550054218566,4.56913154859521,8.378717401302005
2800,7.216640320355045,3.6521460604354,2.665793593545306,8.748856712466258,2.764788397887429,4.565937542231425,8.399948248735198
2801,7.2219619100267645,3.6513180081700924,2.662454444880809,8.742621400236546,2.7624780399323154,4.568244616383609,8.432835765828582
2802,7.213977607690012,3.676054030298798,2.642092979564751,8.780418886943513,2.757849757466545,4.5675349090819255,8.437520358784319
2803,7.226835550805022,3.663094749094794,2.643990789514686,8.798613647858984,2.7670962437798456,4.574448439060567,8.423456396294249
2804,7.266111320929046,3.650903890294568,2.6308807830243457,8.785958934242897,2.7624780399323154,4.590066476395287,8.409361780486776
2805,7.254666131929611,3.651525044167455,2.6397710199371422,8.78511451826917,2.7263405020262157,4.58474993033162,8.407009684661388
2806,7.233916849896014,3.6633009185507808,2.6196059958983864,8.763813535810227,2.7322112867048967,4.586345737112939,8.42814778060105
2807,7.246728741324534,3.6519390702969736,2.6091256063479342,8.728504668824787,2.7121829973476697,4.585991175892103,8.425802513758903
2808,7.268749185538879,3.6626823648315785,2.6412489382460462,8.623917938185391,2.7275159759375076,4.585281946308205,8.395236325733585
2809,7.266111320929048,3.661651139481466,2.6473602996555896,8.691169430493131,2.736896110497196,4.593783291149337,8.423456396294249
2810,7.259951447346197,3.6649497303885537,2.621098740758539,8.727717446357799,2.770553318995768,4.599086241316522,8.442201566253408
2811,7.269628196691058,3.670096050510954,2.6296075517883173,8.654584562666889,2.746234554796186,4.596258993007968,8.459726057458496
2812,7.27928819656844,3.643439279820485,2.628333517019151,8.697310472798119,2.7298649462544518,4.604204866583741,8.446879394998792
2813,7.286303176399826,3.6725629485010884,2.645676243320936,8.69566256169541,2.7310384447037026,4.603146448916981,8.460892676191085
2814,7.288493554280644,3.6719495875693684,2.6418820021645195,8.673938516332008,2.7508883025092707,4.600499016864087,8.477203388910606
2815,7.283235205652532,3.6776691092158633,2.654921345029539,8.750838451415365,2.755531817677965,4.602793572574475,8.449217044457471
2816,7.261271993298357,3.6815436238766392,2.6622455669259706,8.818941833594918,2.755531817677965,4.605262967413705,8.470218093030995
2817,7.261271993298357,3.6815436238766392,2.6622455669259706,8.709765408239948,2.759007776285165,4.605262967413705,8.470218093030995
2818,7.290683075051647,3.6815436238766392,2.664333386742425,8.666770334572716,2.759007776285165,4.605262967413705,8.470218093030995
2819,7.272703646023119,3.7069025383519354,2.6807528025384544,8.741297424834348,2.770553318995767,4.603146448916981,8.498114427701656
2820,7.265671555538223,3.710737347249157,2.684269004368917,8.70061506117638,2.800282303523685,4.599792699742269,8.50970276481042
2821,7.2454047415325284,3.73063574019672,2.680338736649719,8.631845336719133,2.800282303523685,4.592898690611728,8.560449020831207
2822,7.24275579606129,3.738436658866695,2.6947817854891065,8.680141714267025,2.8183745217663985,4.595021359261384,8.546648045986831
2823,7.268309628034589,3.7368381995685276,2.6929304723551786,8.71833849538507,2.8161212703925456,4.606497018285488,8.530510130096681
2824,7.276216372199484,3.73063574019672,2.7066729426779603,8.624684461136503,2.8036861830734403,4.607730638680305,8.525891986643366
2825,7.277533075168065,3.7434261155791897,2.714223264145621,8.694285013522043,2.8195002679966716,4.611252900066517,8.533971601694025
2826,7.316455011931664,3.7260252211538223,2.706059551385239,8.67106733560016,2.8251202382463907,4.623904121215039,8.560449020831207
2827,7.317762291992297,3.7183915184408285,2.7260041483210817,8.692153424726433,2.8251202382463907,4.626709386768336,8.560449020831207
2828,7.330383681910611,3.71114071112098,2.719918886166726,8.774980578892063,2.8161212703925456,4.624430277358628,8.547799235965757
2829,7.337335106145709,3.7388361346112102,2.7280286413233514,8.698243482608092,2.8172481895133896,4.625657671875852,8.581096307833073
2830,7.33646664727925,3.7545711805710362,2.7316678053671217,8.778102050038461,2.794597163427695,4.623553307121661,8.551251594801487
2831,7.326469729537449,3.76488172196502,2.736711748027824,8.859099612416001,2.8149937635567706,4.621447694036093,8.569633592955261
2832,7.326469729537449,3.774958381969537,2.736711748027824,8.828722294898888,2.836316707349,4.6207455452461454,8.551251594801487
2833,7.319504859010667,3.767058089423273,2.751571322753588,8.838057489636043,2.838549101781378,4.626534122578977,8.581096307833073
2834,7.324294134207187,3.779491314194368,2.749168766547748,8.857549097586318,2.830725683554679,4.624430277358628,8.587964373560174
2835,7.339071622310888,3.776930092810671,2.7411404221180997,8.758285464671856,2.834082021843793,4.627410357060949,8.60624432965184
2836,7.353324624365067,3.7741706984725374,2.7301104273184253,8.661479253865684,2.8348222787863326,4.629925017055827,8.610044675855974
2837,7.367049971044251,3.771213568158005,2.7161152277662697,8.567073399230711,2.8329444037990723,4.63197349668024,8.599346220496036
2838,7.380244606417131,3.7680591699213752,2.6992009248028626,8.475012573491679,2.8284535980812344,4.6335551760829485,8.574202976140647
2839,7.34940909294911,3.775545262248059,2.6811515864265,8.463840178950106,2.8228269968276916,4.637067503660661,8.628938050672335
2840,7.35205874019764,3.7486629527085804,2.672167328679808,8.454564315585209,2.813793925321176,4.616117848063635,8.617572240480781
2841,7.364407347781479,3.7401109690533003,2.671366822480985,8.527882723044064,2.8126621333060267,4.6215872388549135,8.644817500524109
2842,7.362204217796871,3.7544162501595086,2.673767404664343,8.482925380001177,2.8126621333060267,4.623525965026906,8.622120906550574
2843,7.375410143442531,3.7333308593925496,2.667760671430245,8.489559708089521,2.7944721484176926,4.629335799838645,8.64934751329467
2844,7.371011592340385,3.7209256659069156,2.640306384024056,8.43247026918902,2.7703611410940536,4.62898395899237,8.683224568415174
2845,7.358677422490668,3.724132159910868,2.649229223182702,8.386092767390263,2.7749747640334124,4.630215249599763,8.680971453776053
2846,7.3811231565880755,3.72853522611834,2.678161195410986,8.466359746785038,2.773822295313592,4.638120526418027,8.696727294216169
2847,7.386830415643953,3.756001347050569,2.6823465271584923,8.523984049989792,2.7668943450523864,4.637945044251667,8.680971453776053
2848,7.378926525674085,3.7597624643124745,2.6946538704943053,8.547689802053624,2.764580000747761,4.637418545853631,8.683224568415174
2849,7.398665637276229,3.7647038485437725,2.701963818706421,8.562760714793718,2.764580000747761,4.643030520348381,8.676462937803832
2850,7.3934085854150515,3.757783540157064,2.694060039295036,8.55741385144363,2.7749747640334124,4.64197894825586,8.7793976037865
2851,7.403917828025774,3.729934782177914,2.6811515864265,8.563784595358795,2.7853190534987147,4.644081782303189,8.786056243224786
2852,7.403917828025774,3.7399117825545134,2.6811515864265,8.54864286585531,2.7841721594978206,4.643030520348381,8.797139391539789
2853,7.402605235387465,3.752433652363817,2.701766591182832,8.493138251572276,2.7990340849598674,4.647233709869918,8.832483844943033
2854,7.401730005175727,3.754812606098817,2.6944559457027566,8.542206124796866,2.801311425529791,4.647758760460559,8.836888960782385
2855,7.4034803308273425,3.767270032727384,2.673767404664344,8.593290628242153,2.8103967677953294,4.645833197053383,8.841291218112945
2856,7.3934085854150515,3.7401109690533008,2.671166647102684,8.566103590216146,2.8058588866361105,4.639874872643872,8.801567561883006
2857,7.404792721415505,3.738118481865846,2.653474081860422,8.5058508127137,2.8228269968276916,4.642504773085168,8.776065815898253
2858,7.410039256562667,3.7066532208473486,2.654281624018727,8.54324226633307,2.7990340849598674,4.648633673126184,8.8070986971875
2859,7.412660710515972,3.7092718365696786,2.66876301677562,8.554606863949804,2.7990340849598674,4.650732588889441,8.80378055919535
2860,7.406104809089795,3.7155065306115294,2.6755660005531308,8.593383713687697,2.8171857487226952,4.649508371352824,8.78161788101981
2861,7.418938323352287,3.719722302274005,2.6813507913872874,8.60017544686597,2.839663277899584,4.6557998814863,8.797139391539789
2862,7.416285486624084,3.733929749532405,2.6990034342485862,8.54067809695266,2.8663340667399444,4.655625266841343,8.832483844943038
2863,7.404332394847765,3.743495027705597,2.69207936945797,8.557637087717051,2.8773520187500274,4.648283733800751,8.797139391539789
2864,7.402559427782726,3.7432960757343197,2.6918811980561674,8.618111153794958,2.87405240925839,4.644607297058043,8.694478736611577
2865,7.4109761016521,3.7662833083394123,2.706494886483956,8.618948702020388,2.882840441428576,4.64968328527827,8.61529673422048
2866,7.456827370179207,3.763321112817255,2.709444615152597,8.641803026748478,2.899224616252083,4.666747989546491,8.683224568415174
2867,7.468671169511086,3.765691112040284,2.692475655265952,8.781859302032917,2.8959574374533132,4.673761362556999,8.674207535042289
2868,7.47917849061721,3.7315334376727805,2.6835407748923417,8.887576252026415,2.8959574374533132,4.6758627031299005,8.62893805067234
2869,7.47524049960192,3.715707422937528,2.657508597130043,8.840219064129352,2.883936493739757,4.674987294074949,8.617572240480781
2870,7.47524049960192,3.682163424918522,2.646189766778351,8.80136339127262,2.8707130468407516,4.675512565127892,8.701222139045726
2871,7.473051558690724,3.6707571705403454,2.675968683577259,8.795226511991343,2.8551847112629,4.676387846106067,8.658398279627658
2872,7.469985637591802,3.6310878435673675,2.645176087416576,8.721443274497027,2.868501414452321,4.678137768167993,8.658398279627658
2873,7.487483170019265,3.63025970196311,2.646392441961586,8.663073670576534,2.8618531521963666,4.673761362556999,8.719171349679627
2874,7.486172702593156,3.6672854094895406,2.666157404724022,8.622175555244711,2.8828375563642568,4.679187312259188,8.662919044812808
2875,7.472175748438093,3.640387536440154,2.6595232176610573,8.66793081101007,2.886132733657595,4.680236549794119,8.689979347492375
2876,7.466479719474684,3.6303136988334774,2.645987071372854,8.631060466730672,2.883936493739757,4.679012409539315,8.707958740899638
2877,7.480490554256849,3.587767492474532,2.6260239102753493,8.606195650506995,2.868501414452321,4.683033019717093,8.665178275443685
2878,7.481802318196573,3.5971630930832506,2.6284789961621584,8.70922367017001,2.867394764877726,4.6814602731289146,8.585643613897098
2879,7.4826766610833095,3.6086033706403016,2.6252048836034367,8.669350420430547,2.874026340075519,4.685827316130241,8.63801667794908
2880,7.478741069437921,3.6397718143241136,2.6512505941604334,8.779366035423676,2.8959889858057863,4.688793879769997,8.610743371522661
2881,7.455949076640701,3.632372540165637,2.655491985251037,8.828925968675689,2.9198999726688504,4.681809831845272,8.695603110086521
2882,7.4475985574019505,3.6622602290373325,2.6791622366078798,8.879282165023533,2.9209807832382118,4.6721845491530285,8.701222139045726
2883,7.445838998675994,3.653899256096672,2.6881176297643585,8.95121303634346,2.9198999726688504,4.674111671443384,8.701222139045726
2884,7.46209430407737,3.6506296683448616,2.6918871510890585,8.90584283316877,2.923140843043376,4.677087917272512,8.797139391539789
2885,7.446718845734305,3.675464706379637,2.703351803132892,8.845401356561231,2.91448808530208,4.673936521275186,8.830280213475959
2886,7.391909989322255,3.716510642255451,2.718474963545704,8.879877106506198,2.9306847308748734,4.651446304422994,8.845690622062659
2887,7.37723429707563,3.7294656147335177,2.722580487499841,8.8289044919225,2.94676561065969,4.6488014490852585,8.808204381385668
2888,7.388355732192586,3.717509267033829,2.706896947076165,8.800318591136833,2.9595484853245253,4.654089202266545,8.839090446440432
2889,7.3892445052534015,3.7099109337177514,2.715537494521525,8.783496222294332,2.949968095019138,4.657961919914876,8.847889255618076
2890,7.383909776386,3.7173095700335046,2.706306509797592,8.832856000400966,2.961671981484,4.655321885822829,8.841291218112945
2891,7.383909776386,3.7173095700335046,2.706306509797592,8.823634077667219,2.9360577738126277,4.655321885822829,8.841291218112945
2892,7.376788985316249,3.7173095700335046,2.709257020408938,8.823963158473507,2.956359514777858,4.655321885822829,8.841291218112945
2893,7.3526899464777955,3.726282140769951,2.681155691787906,8.879390799896056,2.962732986228073,4.6440357637579215,8.841291218112945
2894,7.3432902603892325,3.7151119800860113,2.676967202017725,8.884938428306558,2.9595484853245253,4.642092360813323,8.906985508559858
2895,7.34149806629779,3.7049009548832124,2.668764976872807,8.865885926368057,2.9285319170414836,4.644742193150056,8.963414284180436
2896,7.354478588951853,3.722098447163363,2.6771668474953367,8.877674842533409,2.934984190128326,4.647742957952219,9.030095736460686
2897,7.348215858798617,3.7181082742120477,2.6845401418662385,8.880778590969026,2.9209807832382118,4.648448653591616,9.038653163359307
2898,7.339705302134438,3.7320495833679987,2.6587176080621537,8.884785825489196,2.945697107877164,4.645448482616961,9.04720004993864
2899,7.335220894364327,3.7256848448909645,2.6773664735816185,8.806228293942196,2.941418039158105,4.640501515230335,8.797139391539789
2900,7.347320615365689,3.744143359576733,2.6958476543203225,8.720664002856726,2.9446280999978445,4.642975857142035,8.777176594910689
2901,7.327139948705167,3.7486901217976962,2.690697519035956,8.743202187039257,2.961671981484,4.638556183159146,8.772732379560026
2902,7.330732912638341,3.7573683178542425,2.694066366372949,8.733383993534671,2.96908864817958,4.6383792820885175,8.790491686847092
2903,7.338360354600189,3.7654313857559782,2.690697519035956,8.722528379626118,2.9552955283363325,4.6383792820885175,8.790491686847092
2904,7.324893180344467,3.7344327185002553,2.667561894601046,8.806981350655093,2.9478336090053894,4.636963757030378,8.665178275443685
2905,7.312294653555162,3.701288298699528,2.643553147135351,8.822404420436143,2.9478336090053894,4.634662327563098,8.662919044812808
2906,7.322195872813271,3.6962630877368965,2.6241806319693017,8.824534681177647,2.919899972668851,4.642622484890932,8.676462937803832
2907,7.322195872813271,3.704098539010204,2.638269605856601,8.868455545691457,2.919899972668851,4.642622484890932,8.676462937803832
2908,7.315897116565363,3.6950557122009298,2.645784355739522,8.861928202643089,2.919899972668851,4.644565598923011,8.719171349679627
2909,7.309591288424943,3.713712631681495,2.649632499214541,8.91997938179066,2.919899972668851,4.641738900946892,8.68547692177348
2910,7.302827171334468,3.6567570224122017,2.632768223754668,9.020274091654718,2.9014458500387743,4.634131017014135,8.662919044812808
2911,7.2638876817386135,3.649402589056159,2.6000628210534518,9.099636001191117,2.8916138317120863,4.622599745562286,8.617572240480781
2912,7.266613214423698,3.6193763543313566,2.5790063060641715,9.043247801109809,2.8204030612783733,4.625796769914677,8.430653154686215
2913,7.269791320497958,3.6346355113729487,2.6027569637932686,9.006063672409509,2.8283057163915455,4.624731414989778,8.516699064323596
2914,7.266159051452511,3.599871433362055,2.6108176798079143,9.100047837685972,2.854071330692624,4.619933356825588,8.535155235461351
2915,7.255703079894928,3.6263977044792823,2.59778031830581,9.15598185004723,2.8204030612783724,4.616909024261802,8.51438837782181
2916,7.2725139717093406,3.6263977044792823,2.59070873830352,9.262441732707503,2.824922390209688,4.623132782949445,8.553559567477901
2917,7.294247556633417,3.60216103458245,2.5808917170213364,9.224060161198855,2.7827527808628125,4.628103943191867,8.48195260283875
2918,7.284749505457196,3.612337216741996,2.593831648778953,9.21538447188352,2.802230667758637,4.625264132406952,8.569621149076715
2919,7.271606568846232,3.6473562617527455,2.585910729497442,9.167994036737586,2.832808633890237,4.618866239867874,8.589071935308516
2920,7.286559901512014,3.635252366903175,2.589458200168596,9.238094930317581,2.8215337775577822,4.621711171954728,8.560447909217471
2921,7.277502053524873,3.6325783407058823,2.5977803183058104,9.1741789520434,2.846261772727584,4.620822375760625,8.606186870273236
2922,7.2829385231571715,3.64858423752894,2.614732976565924,9.28950165653132,2.851842870626208,4.622599745562286,8.640284393572326
2923,7.287012408986438,3.649402589056159,2.638066117401385,9.26786082620606,2.8384242029496884,4.623132782949444,8.601627224477394
2924,7.301924672306304,3.653695018509127,2.645176087416576,9.368379644281232,2.8574097774544094,4.628636155075393,8.65161136118718
2925,7.31882316356556,3.664906083236337,2.646189766778351,9.42589472699362,2.856297526585654,4.635370618236754,8.674207535042289
2926,7.302839406728669,3.668159107389985,2.647608068706114,9.509821035902371,2.8784363399073403,4.628813541323867,8.701222139045726
2927,7.302839406728669,3.671408378087566,2.647608068706114,9.476815072769048,2.867394764877726,4.628813541323867,8.701222139045726
2928,7.295975256608999,3.649607139591881,2.6593218450635834,9.392252440432934,2.8751296661298515,4.622777433586997,8.76383513970451
2929,7.289102684220654,3.6689717764825382,2.657307025642653,9.422492306722745,2.866287558685079,4.62046679492418,8.701222139045731
2930,7.293685336366066,3.6710024241080297,2.633584188032557,9.469518616277416,2.846261772727584,4.621177920958537,8.705713961396988
2931,7.279007616481973,3.693243684754133,2.647202940583606,9.472417039997268,2.8551847112629,4.619044114995053,8.653874437722406
2932,7.284516276108547,3.7107117128260825,2.668965421910656,9.504419392703134,2.885034885921552,4.623152076847478,8.703468427679596
2933,7.284516276108547,3.7087093427292066,2.6681635240641004,9.53476584135992,2.894896004699664,4.62493666501206,8.660659046448277
2934,7.274872555405771,3.698073188410922,2.647405514739255,9.541117733531816,2.88942301764542,4.619401517985295,8.613020444816561
2935,7.281303551062012,3.708108357027873,2.651663159591056,9.451317990695978,2.9079764918975406,4.618507942958106,8.594781846599183
2936,7.281303551062012,3.7061041544144167,2.651663159591056,9.450851661825311,2.8959889858057863,4.613320760790322,8.590214313086511
2937,7.264291242596307,3.671611333153092,2.628032297595157,9.548008221511878,2.890518695044328,4.615468102011279,8.610743371522661
2938,7.30741084185328,3.705703144445018,2.649028525772801,9.428312618004524,2.888326798775774,4.63206606494831,8.61529673422048
2939,7.2982642410456116,3.700283967612381,2.651460616507984,9.454139829900557,2.9047135616658073,4.6247582465594,8.68547692177348
2940,7.30649685286906,3.69948024701211,2.650042250254351,9.443575665486566,2.903624856680398,4.622795051522827,8.7281279320266
2941,7.302839406728669,3.696881218319076,2.653080397277432,9.47661584447444,2.887230037694141,4.627790141839897,8.759382104444681
2942,7.3083246819515475,3.6946801797292923,2.648825720231171,9.50241356705753,2.905801735386135,4.6302850553874055,8.76383513970451
2943,7.305125590084621,3.676204206100289,2.657326205146377,9.458835283463912,2.9003555469408067,4.62672035666044,8.743773208270433
2944,7.3083246819515475,3.682845346166073,2.676624076616703,9.53160927916355,2.903624856680398,4.627968408054199,8.761608990580543
2945,7.321102847790468,3.699080551261129,2.671616068631848,9.481368411965242,2.9198999726688504,4.636159005529594,8.808204381385671
2946,7.321102847790468,3.7004792403772524,2.685010161847035,9.43650177077261,2.9274547366885764,4.631531855749172,8.80378055919535
2947,7.300094755525186,3.7292986594311097,2.6834154437129567,9.481677596946685,2.933910094668914,4.625471866584053,8.797139391539789
2948,7.310151915758557,3.7281118831886895,2.6921711755092343,9.43711483831171,2.93283548675861,4.627968408054199,8.716930330761258
2949,7.3306674404730225,3.7255388450261817,2.6981197890363897,9.42526028971758,2.936057773812627,4.634735908016372,8.792708315848383
2950,7.341124329911337,3.707661646778321,2.677424225862431,9.404287281406404,2.933910094668914,4.635981149458441,8.774954853724783
2951,7.365599352096598,3.7034741148021375,2.680621712599883,9.391992690415995,2.920980783238211,4.642378377861367,8.787165377539973
2952,7.365599352096598,3.6998798865207685,2.680621712599883,9.449468030109568,2.897081429854026,4.644153349121084,8.810415207574362
2953,7.361980109179227,3.6749950461225915,2.659748418631868,9.381574497677265,2.8916138317120854,4.644153349121084,8.774954853724779
2954,7.363337596825575,3.6770100250303535,2.658537671222988,9.29014792992673,2.8806380430319645,4.648941363305444,8.828075865451822
2955,7.364694758561017,3.6634820815417752,2.6362120478130318,9.233865323810452,2.8707130468407516,4.649472968472893,8.867645019526087
2956,7.367408105164817,3.6612548505710927,2.64395230591624,9.253245238290454,2.886132733657595,4.6507130727349,8.854480890256104
2957,7.371023877080775,3.6525314188518214,2.636824197128274,9.255874822952846,2.9025356197114127,4.652306859871707,8.832483844943038
2958,7.362885137166485,3.6592285625529515,2.636824197128274,9.251616043255598,2.9047135616658077,4.645217907856214,8.786056243224786
2959,7.361980109179227,3.654156437129589,2.6317172835144134,9.357909767851137,2.8784363399073403,4.646991466556581,8.810415207574362
2960,7.361980109179227,3.6409257992400477,2.632944119630233,9.322069749712933,2.8828375563642568,4.6468141503637455,8.797139391539789
2961,7.389518557186937,3.630910381536507,2.622903068232876,9.260275564318441,2.886132733657594,4.655669188131694,8.841291218112945
2962,7.388617776401435,3.6157164845785066,2.620847713963113,9.316814081196386,2.886132733657594,4.656907143630832,8.821458515579906
2963,7.367408105164818,3.632343358262533,2.644155598479525,9.26137173481596,2.864071473341665,4.653722962721953,8.774954853724783
2964,7.360169618303663,3.6394972228485827,2.6066081649671977,9.342921490767624,2.885034885921552,4.642378377861368,8.7281279320266
2965,7.365147073418937,3.621269826546167,2.605572372263714,9.371414729969151,2.8718180311968684,4.648586915865544,8.750467176252135
2966,7.371927459136484,3.610564576579032,2.5899706516782737,9.354665512790016,2.860743151244681,4.649295775547796,8.665178275443685
2967,7.365147073418937,3.5960880383104894,2.576139157285617,9.494852137009941,2.8551847112629,4.645395303418024,8.662919044812808
2968,7.340670085962634,3.623734421236747,2.5970585604942102,9.497362066041157,2.84737913240386,4.642200832111735,8.642551334186471
2969,7.346118598953679,3.616334071197503,2.594768173049677,9.495021848661994,2.864071473341665,4.642555914766678,8.692229421272673
2970,7.349748018536836,3.6527345976365404,2.6113659213563114,9.443697000661723,2.851842870626208,4.645395303418024,8.707958740899638
2971,7.371023877080775,3.652125017110034,2.615081521641023,9.34573578482285,2.87402634007552,4.654253856604872,8.741540401627494
2972,7.3759917943152065,3.644392162911436,2.6126052196210097,9.361409525070997,2.865179795098832,4.656907143630833,8.716930330761262
2973,7.381857355788804,3.6388847521721557,2.595601345817883,9.350742092534908,2.8551847112629,4.659205067272175,8.748236594900389
2974,7.379602089273498,3.6284521346738625,2.593517760097971,9.434367706725139,2.8440253375784024,4.66185468455504,8.719171349679627
2975,7.386365198366598,3.6183917017448035,2.572560798066713,9.402988518327163,2.84737913240386,4.665208053034514,8.712446040062588
2976,7.42945943995066,3.5781979907075794,2.5496746098977785,9.464840683144795,2.8384242029496884,4.6778871568208755,8.705713961396992
2977,7.422299690610877,3.5656472370914654,2.545193349852681,9.563519943792365,2.8283057163915464,4.677535563841329,8.659528759140168
2978,7.41199176200052,3.579449914640349,2.563480586907252,9.521530784911864,2.8316837788665765,4.678238715381753,8.705713961396992
2979,7.415579245459637,3.5610308483294792,2.561362897287112,9.592964370589554,2.842906260483186,4.67524936987427,8.701222139045731
2980,7.420956235754746,3.5416409235376594,2.546261248421396,9.513426521925325,2.8417866092895414,4.679644605624812,8.774954853724783
2981,7.430353776829216,3.549033789958145,2.546474758137681,9.55053766306203,2.814740600980551,4.682981391933359,8.7993538395504
2982,7.423195151239294,3.570255853703961,2.56475010761119,9.61979694551143,2.8033709403537683,4.675601186802803,8.814834693408248
2983,7.435270125314959,3.574647770660218,2.571085469999693,9.622435642356296,2.8067881387084457,4.6794688994322335,8.777176594910692
2984,7.429906625918046,3.581535188003121,2.594768173049678,9.769140200328154,2.810199926417784,4.677359754441629,8.781617881019814
2985,7.433482852271854,3.5779892812423078,2.5855801740332387,9.76448301162528,2.8271785269747047,4.679293184645481,8.82145851557991
2986,7.428564962816799,3.5863253250214298,2.6072293833273754,9.875639938615501,2.829432320953388,4.681401195125932,8.819251294865571
2987,7.41961246401861,3.6012669333154763,2.601631459376849,9.844073912533442,2.832808633890237,4.673841757179087,8.768285229614444
2988,7.420508347061797,3.610564576579032,2.6055723722637145,9.77008524944233,2.8395455813415253,4.673489767713194,8.768285229614444
2989,7.423642828793749,3.6231184772891436,2.609919104414041,9.777599178581843,2.851842870626208,4.678414481758084,8.721411618571503
2990,7.431247973513333,3.625171093698846,2.6047433517654293,9.814404301043915,2.852957384079456,4.681225574811309,8.748236594900389
2991,7.431247973513333,3.636024778506052,2.61322458169464,9.755536712357392,2.8607431512446815,4.680698662367402,8.750467176252135
2992,7.439827303114453,3.627632236804611,2.601216173944398,9.706109568392176,2.859632588994939,4.680698662367402,8.750467176252135
2993,7.452447087017869,3.60767532084012,2.610332587274561,9.623124144140053,2.850727789533834,4.688594252726663,8.731483565599937
2994,7.455597686529192,3.6157164845785066,2.619201917570574,9.626104275227291,2.8551847112629005,4.685438096239711,8.741540401627498
2995,7.442984862281934,3.6278372339003377,2.6382518261271106,9.578676805450023,2.8540713306926246,4.679820303224363,8.707958740899638
2996,7.421750521334338,3.641741800893605,2.626187278212565,9.52295428647052,2.8384242029496884,4.668382034772193,8.642551334186475
2997,7.421750521334338,3.652125017110035,2.626187278212565,9.574993495513766,2.869607508182657,4.67032030729269,8.667436739062373
2998,7.430796072391193,3.651515304022129,2.640085871819564,9.546542453329188,2.8729224620195355,4.670672607916815,8.682098106300252
2999,7.451096298830836,3.6439845783357314,2.63376159686737,9.503187645924283,2.870713046840752,4.673690653419332,8.680971453776058
3000,7.4456899534636785,3.6409257992400486,2.6451839642941537,9.622448032316235,2.8573622907238097,4.68042770982064,8.683224568415177
3001,7.451546596999897,3.647243593973154,2.654923676486738,9.692474173275734,2.8472956484025302,4.682198521211996,8.752697017203122
3002,7.4569474127099085,3.6753981570231726,2.661996313267651,9.667672021713626,2.868493539907825,4.682729594546867,8.750467176252135
3003,7.460994683172647,3.674390271755146,2.6601799743507573,9.631457457071548,2.8740381222710463,4.684322344024206,8.730365207745528
3004,7.452447087017869,3.671969876632269,2.6524931149554107,9.636016417483221,2.856246056485053,4.6836145424706315,8.763835139704513
3005,7.473567940748227,3.67761423830325,2.6638110392871712,9.569686802533603,2.855129253730752,4.686798553108645,8.774954853724783
3006,7.462792552404388,3.686616635616532,2.662803057052719,9.54859606534751,2.851775426344072,4.690156399321931,8.763835139704513
3007,7.478051718369305,3.679817473835681,2.658362018562693,9.491889475012066,2.851775426344072,4.691392711506413,8.84129121811295
3008,7.479844249222891,3.689810596238884,2.666228171866748,9.484505877972106,2.848416453329418,4.691039522761127,8.961252500221336
3009,7.488351139902444,3.665767425974513,2.6462006970088208,9.50700568849283,2.8405587154931102,4.699682697623055,8.967735815918099
3010,7.478499903551536,3.6484093262065453,2.6459973911767354,9.509768551591876,2.8405587154931102,4.70232443168215,8.989302903746218
3011,7.477155243021824,3.6560924220467337,2.6472169211196217,9.49777265101376,2.8270220380491073,4.699506513238289,8.961252500221336
3012,7.484323130100893,3.641922965787284,2.635397313061134,9.539572596906748,2.829284011408744,4.70197231217268,8.984994880022928
3013,7.482084126210458,3.6484093262065462,2.6472169211196217,9.51300197475816,2.820221930859512,4.700915747496823,8.95259856332472
3014,7.465937466711918,3.6605309336772254,2.6587661486715053,9.602495478827105,2.819086501709589,4.695804651797728,8.954763068892547
3015,7.460994683172647,3.646789144838892,2.6601799743507573,9.591489418042126,2.829284011408744,4.696157373804831,9.060000695085384
3016,7.447492636616613,3.6884136817602093,2.687855174254964,9.604885115670214,2.839433868445603,4.691392711506413,8.989302903746218
3017,7.4506459652114305,3.707709917643306,2.6948154840760328,9.620306098119421,2.8773581943274498,4.690509674687933,8.993608239865367
3018,7.452447087017869,3.7081064027005457,2.6940212054026804,9.716291565402242,2.872930320755083,4.695275504069136,9.036514796194565
3019,7.441631836333275,3.7120682200238084,2.7005649082812915,9.635368219716419,2.8850856880358955,4.696157373804831,9.068521387292687
3020,7.436667997375143,3.7081064027005457,2.681470852851473,9.777068807949645,2.882880585527608,4.69209898511091,9.062131846539296
3021,7.458746552751044,3.699768588731614,2.66642947076225,9.682459211531556,2.880673283792118,4.703908544620632,9.129987086344354
3022,7.458746552751044,3.699172093624825,2.66642947076225,9.587469029473656,2.880673283792118,4.70302856768298,9.071713959680165
3023,7.466835696769821,3.6758103113701295,2.6690445571803094,9.527446635584338,2.880673283792118,4.709711022517667,9.071713959680165
3024,7.474016476189288,3.6647611650849115,2.6518850211064446,9.572155302824067,2.8662717937209896,4.709711022517667,8.78827432952682
3025,7.487008783606421,3.659119440651177,2.644573680242225,9.502854615662468,2.850656341487783,4.7141006474266165,8.828075865451822
3026,7.478051718369309,3.6697888763617272,2.6569469325593777,9.456044658109773,2.850656341487783,4.709183909320691,8.896080321802303
3027,7.478948053749507,3.6647611650849115,2.660381869558641,9.47305162452405,2.839433868445603,4.713925164651689,8.84129121811295
3028,7.479396168970773,3.669186024776098,2.6486387817594887,9.4669776760797,2.84953668408672,4.71129190122547,8.902625521829277
3029,7.489693182830845,3.6575054368253115,2.6541138114490948,9.502972157819034,2.8281533192986807,4.717257883519925,8.819251294865571
3030,7.487903722632398,3.654072594666584,2.6696475648712337,9.425366567434631,2.819086501709589,4.717608517648246,8.8522843890785
3031,7.492376329394102,3.654476676478565,2.6498567285856445,9.413455832529204,2.825890166809645,4.717959117833559,8.82145851557991
3032,7.497738870999803,3.632572373148343,2.6626014009558734,9.361393435771095,2.807699286564149,4.723214053623755,8.839090446440437
3033,7.494611329135885,3.6362350309870517,2.675868284802739,9.314062592439322,2.807699286564149,4.722688902753434,8.8522843890785
3034,7.474913441899052,3.665767425974513,2.6890500371724446,9.314086303441842,2.806557253411932,4.717608517648246,8.88078374236286
3035,7.477603498195259,3.6762112836699052,2.685662793407158,9.33301910870164,2.8247577047279067,4.717783821983218,8.889528843074162
3036,7.487903722632398,3.674807631272055,2.681470852851474,9.313838732047829,2.8156766347954165,4.718309684084924,8.989302903746221
3037,7.475361872182928,3.6886132831624265,2.6894481711610565,9.311633692676674,2.811121761001748,4.717257883519925,8.982839858857576
3038,7.478948053749507,3.7069167818024686,2.68606158148797,9.231146079391417,2.834928664489549,4.7141006474266165,8.967735815918104
3039,7.480292294513409,3.7005637207304827,2.70708802233132,9.127371905349376,2.834928664489549,4.71638114963867,8.975291975993246
3040,7.479396168970773,3.7185932038550944,2.7190922961715884,9.040453599119505,2.8383084406530688,4.722513835559034,8.987149228125338
3041,7.454697692221983,3.7166175116668407,2.7249707907285816,8.97561745650422,2.849536684086719,4.713047623108917,9.023670727520374
3042,7.4506459652114305,3.719580537400203,2.721445678895815,8.997534266392762,2.8416829826242536,4.71480249345233,9.004359852283223
3043,7.451546596999897,3.718395696165713,2.725362103262534,8.894975544160864,2.8428066706657606,4.722338759910625,8.965575389216115
3044,7.4429848622819375,3.72687622075229,2.735510655752229,8.829584995800134,2.843929780442427,4.719010714822226,8.95259856332472
3045,7.4429848622819375,3.7441538061230046,2.735510655752229,8.873669759511662,2.824757704727906,4.727237686141783,8.950433375871738
3046,7.453797556360205,3.744740985345273,2.7581674267366756,8.843265114406789,2.8461742684908122,4.734573700452731,8.973133918826406
3047,7.456497539343424,3.7451323715420974,2.7635537235722785,8.94855267462671,2.868493539907825,4.733701141872067,8.954763068892547
3048,7.451996859726337,3.736705795433593,2.7541186948978895,8.994000075643934,2.864047802016334,4.736841373041877,8.939597189479562
3049,7.465937466711918,3.757044154845397,2.7608622861624186,8.862064151175405,2.8618215585011875,4.736143778262672,9.000061214922859
3050,7.469080656368518,3.756654384440844,2.7579748055147513,8.841907961613478,2.8540118816587836,4.72985939272214,8.994684154500527
3051,7.451546596999897,3.7365095339482717,2.7446413744903984,8.790769359039643,2.855129253730752,4.733526605013751,8.950433375871738
3052,7.455597686529195,3.7437622866608287,2.758552616622491,8.831817251894766,2.824757704727906,4.737015750828406,8.921136303578487
3053,7.452447087017869,3.7298286365737696,2.766049861841865,8.873674241127562,2.824757704727906,4.740153122314165,8.933087256819386
3054,7.450195596133954,3.736902043492587,2.77256439178504,8.82107745412989,2.829284011408744,4.740501552204821,9.03223608330861
3055,7.450195596133954,3.75060619395456,2.77256439178504,8.808054458929234,2.8304141152276707,4.743809973794481,9.057868890441394
3056,7.444337567922139,3.740432215544007,2.773903145506929,8.772622594111766,2.827022038049106,4.7452020946313,9.064262345356678
3057,7.426727350315945,3.7484570054216126,2.7763871720588824,8.830275466139335,2.840558715493109,4.736841373041878,9.05786889044139
3058,7.425817564937435,3.734153347943509,2.7851536494440166,8.911825217179132,2.8315436316018334,4.741372481019297,9.034375769698627
3059,7.422632172129694,3.7562645613519856,2.7967236204443036,8.968789266928496,2.820221930859512,4.744332081463013,9.053603319364658
3060,7.418534048802569,3.7652171980514395,2.7942631200363444,8.88331285741491,2.8416829826242536,4.736143778262672,8.982839858857576
3061,7.447159268238609,3.7617172974834086,2.792747562156498,8.942463116664186,2.851775426344072,4.748680071375309,8.969895564875431
3062,7.451689788326782,3.7673539416556117,2.7872446623723603,8.879518248160993,2.838308440653068,4.754758559413112,9.003285443569933
3063,7.452595461878645,3.7601604238083985,2.7652821318869916,8.893976097800449,2.831543631601833,4.759614071840482,9.021527733187614
3064,7.473837660805168,3.767936416004452,2.7788683070460896,8.846095974703301,2.83380090539137,4.765011239975154,8.96341428418044
3065,7.468421601297087,3.7525586106039435,2.7699013980790994,8.866079949766107,2.817950476560391,4.76622885377214,8.926571138726036
3066,7.472484125289888,3.756069630044783,2.780010308207052,8.780434525230026,2.817950476560391,4.768836662737202,8.926571138726036
3067,7.473837660805168,3.773367197212096,2.79215383209393,8.779148717903354,2.821356764874769,4.770921573235062,8.97421303190767
3068,7.4778963528232385,3.777046579422092,2.8006512245107205,8.679073626734525,2.83718243128491,4.771268942949602,8.954763068892547
3069,7.487355492779261,3.770847030077878,2.809490570554073,8.689381967589396,2.839433868445602,4.780808731832161,8.978527795007821
3070,7.467066786787303,3.7737547206710227,2.7998972606651074,8.691732420481499,2.838308440653068,4.77439378914636,9.036514796194565
3071,7.462096391888468,3.746089162779623,2.7946120917555666,8.659579876216307,2.851775426344072,4.767967599512687,9.042927921943313
3072,7.462096391888468,3.7625656615717475,2.7938560042415226,8.665722870788672,2.8551292537307513,4.771616279724786,9.074905069219474
3073,7.467970032033286,3.769515687125726,2.8061095741264737,8.736893064829529,2.8595930568539276,4.767967599512687,9.110969313201585
3074,7.462548424170807,3.7718286565299435,2.808364160835411,8.747648911582996,2.869603572890653,4.766402765526501,9.195101230856304
3075,7.461192220302216,3.778756504619812,2.810616392317052,8.674210105479876,2.869603572890653,4.771442615454072,9.222229174520043
3076,7.461192220302216,3.778756504619812,2.810616392317052,8.62182564946656,2.8839834113061453,4.771442615454072,9.222229174520043
3077,7.447612481801895,3.7789487087348803,2.8046052044897536,8.614939298982126,2.885085688035895,4.771442615454072,9.222229174520043
3078,7.447612481801895,3.7843252628605955,2.8196019014306493,8.592893039095367,2.8916878606002197,4.771442615454072,9.222229174520043
3079,7.440356748783796,3.7801016661133953,2.820162257982548,8.598006361034694,2.8960784231046137,4.751066767959826,9.30093649757128
3080,7.452595461878645,3.781062114134015,2.815488179796676,8.545706141198119,2.8971747098135863,4.758742814005901,9.305054988906985
3081,7.458026495205164,3.7923714879582295,2.7989544337962515,8.576256216284984,2.8971747098135863,4.758742814005901,9.305054988906985
3082,7.4444392320554575,3.791031995015437,2.7714303498346466,8.593032961196062,2.903741113882637,4.76327108832036,9.325182035537068
3083,7.4444392320554575,3.7881595750775814,2.7470271380411644,8.581852794257047,2.892786315058069,4.763967248338709,9.365566828750739
3084,7.446706018745437,3.7982961343845516,2.751274668111491,8.517473250100236,2.8960784231046146,4.766576669015664,9.318429058936234
3085,7.44307872837792,3.8038276685472936,2.738506313245403,8.486129599016891,2.8960784231046146,4.769184230269506,9.367803782187654
3086,7.4444392320554575,3.8028747034114336,2.7524316039369587,8.410735969418711,2.8960784231046146,4.771789935762827,9.338668913319987
3087,7.449424976913923,3.7749097447813442,2.736370704250348,8.487904474912634,2.9048336353591586,4.771789935762827,9.385674418950178
3088,7.45123689777801,3.761985737671253,2.7392823606969077,8.581192998663846,2.8960784231046146,4.770574170572544,9.425722158292926
3089,7.461644323934869,3.763725160218205,2.736370704250348,8.512793837284107,2.885085688035895,4.777689350312831,9.387905133634249
3090,7.456669219911752,3.76720086756834,2.747027138041163,8.58771725184113,2.8949815955687006,4.778902758290173,9.394593138695019
3091,7.456669219911752,3.7741397798679865,2.747027138041163,8.610106198307319,2.898270456433044,4.780635502410282,9.387905133634249
3092,7.459383448825184,3.7806779730642224,2.7612804828410855,8.667484985525668,2.8916878606002197,4.781328371047581,9.401274947648691
3093,7.459835695252005,3.7751022040482853,2.745673855799484,8.658346348876128,2.888389231482721,4.785136813033794,9.416841828210837
3094,7.463904307068167,3.7546299318570977,2.736176450303841,8.703044856333086,2.8773581943274498,4.7780360792653305,9.409062581394645
3095,7.47067891433408,3.7526910710119066,2.736176450303841,8.71059711492178,2.872930320755083,4.778556111250263,9.456717837703199
3096,7.471581590828521,3.7561800820497604,2.726440750562878,8.728711655273884,2.876252058286646,4.781674756326684,9.4301582392561
3097,7.460287905968589,3.7693228562179937,2.7287814456290644,8.639699120219708,2.874038122271046,4.779942502943889,9.338668913319987
3098,7.458026495205164,3.764304735093384,2.7441261828781816,8.694386705842968,2.885085688035895,4.779076069528326,9.392364492916307
3099,7.454859018774743,3.7627589436673055,2.7478000524364856,8.69568551788179,2.881777209942701,4.773699609133471,9.392364492916307
3100,7.468873134998413,3.756567489414592,2.745480458830681,8.652874925130341,2.876252058286646,4.782194272969915,9.410174415270575
3101,7.469324633145032,3.77856428776938,2.7597442016806397,8.652128537471762,2.88618741647274,4.781847936710084,9.43902225608718
3102,7.470227522805127,3.789117363551209,2.7666487201099903,8.583000089566356,2.883983411306146,4.783579291405995,9.425722158292926
3103,7.468421601297087,3.7917974950277276,2.7754386300236726,8.630041540540056,2.8894893195591185,4.780115765079451,9.385674418950178
3104,7.462096391888468,3.7898833673315164,2.76894524471402,8.591210822766628,2.88618741647274,4.779595954128426,9.39013515809272
3105,7.481051130577672,3.8123903985919125,2.7857111708548343,8.63172139538175,2.880673283792118,4.788941310841159,9.376744646113057
3106,7.483753847182296,3.8177057002799417,2.784382329335748,8.66274028019128,2.898270456433044,4.79118757383801,9.376744646113057
3107,7.485554952139888,3.822254012866202,2.7868495210445743,8.673185678835749,2.898270456433044,4.796021025440592,9.343158905243346
3108,7.500841609185394,3.8184642424839543,2.761664379206972,8.627263483893488,2.8971747098135863,4.797055939854773,9.358851788963564
3109,7.485104728824436,3.816757246362842,2.7633910532937525,8.596947203470798,2.9026480567067745,4.796711000699987,9.425722158292926
3110,7.47879789478203,3.8288743591969525,2.7834326508254104,8.57929864085164,2.9026480567067745,4.794468108169998,9.410174415270575
3111,7.481952177416714,3.825660626272181,2.781151698622184,8.664460944954989,2.9146423414399596,4.79118757383801,9.447875443389465
3112,7.477445528747251,3.825660626272181,2.782672604020664,8.651544303908222,2.913554608779303,4.78548283928349,9.483180625100848
3113,7.4648080507861785,3.8184642424839543,2.7857111708548343,8.624352134088099,2.9124663468958163,4.781155166149745,9.48207992911713
3114,7.461644323934869,3.819791219247977,2.7752479305103392,8.525686649890888,2.910288232605757,4.778382775446366,9.570703067341194
3115,7.445799411937951,3.8158084853423246,2.770283739069122,8.562597677936733,2.9168162219379883,4.761878370543711,9.62271982517883
3116,7.445799411937951,3.816188026620553,2.770283739069122,8.521763586508419,2.915729545589481,4.759091342071802,9.605421667873642
3117,7.44307872837792,3.7939015828032483,2.7485726837416924,8.538334490526617,2.909198378767923,4.75978829847972,9.689370839682502
3118,7.445346054607843,3.7933278914468618,2.7549361276279885,8.512930945083433,2.898270456433044,4.757174026076651,9.685088793118753
3119,7.441717900691916,3.795621979254867,2.765499526102461,8.39335792228872,2.903741113882637,4.75577898196879,9.568527704225287
3120,7.444439232055454,3.81409994072552,2.786090688235285,8.389473590491106,2.915729545589481,4.758917082194927,9.524884411337654
3121,7.428863365690814,3.803446519814683,2.778677914077653,8.430484544262049,2.928735028445268,4.755604563973129,9.583741743222927
3122,7.426569207162504,3.8235792767610617,2.787608084805221,8.455621638859888,2.92981542600722,4.755430137644423,9.55764121211612
3123,7.426110264669092,3.820549222158406,2.78514176847138,8.44696783757554,2.930895304859303,4.749669386734193,9.57287778658855
3124,7.4238149978105605,3.8207386922799564,2.786280421675364,8.370791231975636,2.9362869425231333,4.752638182191134,9.644285725246592
3125,7.4366566106877885,3.8400007422631055,2.8010281073053016,8.401157232724449,2.940590985723973,4.762226599727208,9.693650422684685
3126,7.4384887699892275,3.8400007422631055,2.798577187193039,8.40309175610099,2.9448868386571068,4.76692445120278,9.674372872817864
3127,7.42519226882869,3.8279295084436016,2.78647013828752,8.418645868241427,2.941665715109163,4.759731453010467,9.732056452686496
3128,7.399889211403804,3.812010364712529,2.7727672818939535,8.433967910147974,2.950245202719084,4.753228034270396,9.763911319641654
3129,7.4095636630608235,3.8152390812058323,2.7672406323327663,8.466164663220917,2.939461562566946,4.751644368120989,9.776615433542988
3130,7.39343041320374,3.809919295634689,2.765904457730504,8.423233443673789,2.9470155067720354,4.751820364978033,9.776615433542988
3131,7.398044589952397,3.8146695663534307,2.774099152661252,8.371581489760782,2.940542245313885,4.751468362772277,9.719276404645882
3132,7.393891999672164,3.818843439991075,2.7664772069237484,8.427919599221765,2.935133646929032,4.760960528072284,9.729927962990287
3133,7.4012722845252155,3.795430874254041,2.759593992102419,8.325225532854562,2.940542245313885,4.767450213211055,9.759671827141187
3134,7.410023940907448,3.7944751611823406,2.758827809172957,8.291729677894713,2.9318822469926964,4.765171365399904,9.697927546044118
3135,7.404498146623253,3.794285039654649,2.7521118505146407,8.181510391105888,2.940542245313885,4.76289109712906,9.759671827141187
3136,7.403115858495515,3.795045451328664,2.7538408492227004,8.176283383274546,2.940542245313885,4.758326289388431,9.710744197301095
3137,7.385115429122798,3.801500954002425,2.7457600488266727,8.156449719646737,2.938380362042923,4.765522049765483,9.721407932562458
3138,7.384190789043786,3.8011216138092934,2.7351309714567478,8.186881191297617,2.925365317499951,4.756569074405236,9.642131962087133
3139,7.38603991842886,3.8092665886673123,2.741128507801062,8.261998189521819,2.925365317499951,4.760784971225314,9.624879248123346
3140,7.38603991842886,3.8092665886673123,2.741128507801062,8.114702618915148,2.9286261434765777,4.760784971225314,9.624879248123346
3141,7.38049071963597,3.8092665886673123,2.742480426474361,8.087086627708626,2.938380362042923,4.760784971225314,9.624879248123346
3142,7.387888444994209,3.806806548195001,2.724253070729361,8.03000082106188,2.9133682438203965,4.7623646793932535,9.629196201827448
3143,7.395276533918067,3.8160682321000543,2.7407420857646665,8.07280402983747,2.908989681103355,4.767800679261678,9.67008217277986
3144,7.410484181515642,3.8066172285306767,2.7397757200532733,8.144708414218934,2.9220997500575776,4.775677311489128,9.710744197301095
3145,7.418762154179028,3.8064278966008076,2.7355184262615366,8.11817406016644,2.929712035098183,4.776551448682057,9.611913229088268
3146,7.419221688837406,3.8075637042409602,2.7413216922127,8.196373517721776,2.925365317499951,4.781791901757101,9.629196201827448
3147,7.416463924513091,3.8141804713627256,2.7430595545309404,8.200479615513196,2.9351336469290312,4.7796966186072645,9.616237765846432
3148,7.4238149978105605,3.8170116564691576,2.7457600488266736,8.198314312552757,2.9416224109694458,4.779172610843041,9.661493324757858
3149,7.416923644657107,3.8226658357201027,2.7513429522939026,8.234984137068365,2.940542245313884,4.786327584111497,9.672227832716214
3150,7.412784826271625,3.825865040580401,2.7306700924064966,8.110361938377245,2.9470155067720354,4.785106989740345,9.648591373068918
3151,7.421059456830903,3.826617288406202,2.7258105195337334,8.14331941417763,2.932966568662632,4.786501921639593,9.700065186579616
3152,7.4384887699892275,3.8141804713627256,2.7372610889586717,8.135574998511583,2.9242773227908248,4.788593327162508,9.659344558195192
3153,7.438946717976052,3.8239835776002016,2.716839297453701,8.188747231823344,2.9242773227908248,4.7941646001295775,9.509547571871462
3154,7.443981724160863,3.8226658357201035,2.6932525108430423,8.16820100860827,2.912274406991734,4.791380018432166,9.458926754140034
3155,7.459516496302904,3.781136561067567,2.6755836645034434,8.137882113650196,2.8869668983186405,4.798337526879412,9.46334257240729
3156,7.464533438772278,3.7488711792932805,2.683543468553879,8.16546653872646,2.83659792492657,4.800595889753794,9.458926754140034
3157,7.474099061113375,3.7488711792932805,2.701341508628539,8.22096720353521,2.8557622722399234,4.804761543266243,9.480979066676055
3158,7.472278267470628,3.7287147668017164,2.68413921478725,8.131839122177995,2.8568843758372044,4.804241093857876,9.51831542165029
3159,7.45449515482882,3.756200910765382,2.7107716434736187,8.098503873219013,2.8467646888313034,4.79746855701397,9.44123656675028
3160,7.4631656173912475,3.753695468939884,2.6934501800664283,8.08199660192607,2.8568843758372044,4.8016377444719085,9.487581745854625
3161,7.461341347433796,3.764280577317985,2.7033096543798782,8.128679933468682,2.8580059056388265,4.805281919251975,9.385674418950178
3162,7.460428994547054,3.758511695750474,2.6871153659128737,8.15517147179555,2.853516340403568,4.80510846874637,9.37004004004449
3163,7.4677237530091745,3.7506088547583394,2.68592542092109,8.124608943202913,2.8523925105323413,4.809788773132009,9.331928648141133
3164,7.480921897114571,3.7403607322734493,2.656151881409929,8.185346731346892,2.8467646888313034,4.813771025034968,9.338668913319987
3165,7.473188736524336,3.7448125176268494,2.6691935419827484,8.075414176528406,2.8467646888313034,4.812213263756927,9.390135158092724
3166,7.4759192771511325,3.756971378136305,2.6817551953576517,8.114012031701854,2.8512681036011505,4.812213263756927,9.390135158092724
3167,7.471822978749699,3.7656249936049084,2.6871153659128737,8.125092513745772,2.8512681036011505,4.816019966106876,9.313923530766376
3168,7.478648519306939,3.7759752597529546,2.6997656461362176,8.12982176835245,2.8512681036011505,4.811867005372203,9.245996908425328
3169,7.485465955082577,3.7754012143896354,2.7009476552809826,8.109258608406115,2.8512681036011505,4.815847019206308,9.26644301781401
3170,7.462253555027181,3.7853352906134137,2.7033096543798782,8.080040014216257,2.8703050936546606,4.806149049477908,9.245996908425328
3171,7.459060192651765,3.7872418000297507,2.7152751419048395,7.989470694652487,2.8714198006609126,4.811347556932034,9.284568130984225
3172,7.471822978749699,3.767160704182015,2.7013415086285386,7.820174576592287,2.8680739863048683,4.819304421400454,9.277776618395096
3173,7.4759192771511325,3.766200980660145,2.7025226201196477,7.762085150906835,2.86024724709864,4.825864599670345,9.218643468989026
3174,7.480921897114571,3.7696544960687914,2.6817551953576517,7.65565697716182,2.8591268624561486,4.82379421983295,9.209502127163669
3175,7.489552537316007,3.7706130748036433,2.677576505566893,7.692482305830085,2.854639594033752,4.826726916550154,9.131896633688545
3176,7.4900064227416845,3.7752098406680545,2.695820738409524,7.732855948426896,2.8445094976536516,4.82707178711972,9.13363053921045
3177,7.492728983251613,3.767928253754848,2.7033096543798782,7.74311599858175,2.8297936272164654,4.827933823160012,9.182006924087498
3178,7.50360636212881,3.798844536343588,2.726199700659834,7.750915180373058,2.830929156459141,4.831379964162624,9.193476276508541
3179,7.494089780401376,3.805291647322155,2.7298933178811167,7.750063137110756,2.8591268624561486,4.827244210369551,9.177413954102526
3180,7.491821606276013,3.8173889411828412,2.726977845882917,7.753215962659953,2.8557622722399234,4.824311923297725,9.14287080299483
3181,7.505417262608062,3.8283091421166446,2.736873955485291,7.801900004387864,2.8680739863048683,4.830346458118355,9.175116345910698
3182,7.520335527565525,3.8224775385736303,2.7326107706015006,7.755973787929276,2.864723080044349,4.8348229062862185,9.188890773184959
3183,7.511750936945635,3.816634323173308,2.723473911224477,7.6889087050300144,2.854639594033752,4.83327397766648,9.209502127163669
3184,7.50632249945566,3.8369412261974656,2.7380351420211877,7.605295852589736,2.8557622722399234,4.832240999267343,9.223209715156665
3185,7.5085849696771705,3.8410606857243135,2.7461455513827002,7.5202511083588774,2.8691898224663177,4.831035494147599,9.188890773184959
3186,7.5085849696771705,3.850961282014688,2.7461455513827002,7.548654981760414,2.878096238943727,4.831035494147599,9.188890773184959
3187,7.520312771992309,3.850588276495934,2.741321692212701,7.5536759185700495,2.878096238943727,4.839809507108599,9.188890773184959
3188,7.539656641223293,3.871219356573385,2.7563357983129455,7.581755159461521,2.884752564005355,4.8461620218433294,9.2072149442138
3189,7.542350649795624,3.873070987733088,2.7594024723489783,7.567913620976341,2.8814269051479475,4.8494199128675515,9.261904518216708
3190,7.523466189506705,3.860828833020465,2.7507660948941246,7.561421121112263,2.8814269051479475,4.845990474859225,9.300389881669403
3191,7.5293179730710875,3.863058438884102,2.7549927299040333,7.565939357137559,2.879207018672244,4.849934056151295,9.264174130036587
3192,7.540105729723216,3.8804660085415144,2.7557603019692856,7.480923417139508,2.8725339442742714,4.858150712864475,9.218643468989022
3193,7.533815317017371,3.8788037298747615,2.7484570879136343,7.390555631586189,2.882536013443183,4.863967446690969,9.165918409352688
3194,7.528868046197738,3.885262944647559,2.7597455457687126,7.386141917664569,2.8680739863048683,4.863283595378699,9.165918409352688
3195,7.512196064533343,3.8889476525501356,2.7633680340745173,7.40833410849922,2.8836445661391052,4.860718036669633,9.131318569874246
3196,7.504519782069352,3.8900521785306315,2.7671745090982607,7.449259308754963,2.8869668983186396,4.8540393149729875,9.096547108137484
3197,7.496380789866604,3.8952012404356435,2.777418079175877,7.495010868620997,2.8880732362962434,4.851295861066919,9.12206305809401
3198,7.494570561148033,3.8780646414205373,2.7817661708457955,7.43905729723391,2.894699703596233,4.833758625918192,9.170518879746233
3199,7.504519782069352,3.8856316202691374,2.79250390285519,7.42451528390672,2.8969041401547377,4.835653882964892,9.20034895078139
3200,7.500451724004735,3.898804805681405,2.792128050560665,7.5098836988289115,2.9078936982477708,4.837031644221647,9.280041175303216
3201,7.495928286071268,3.8922254723630427,2.788742409909001,7.588623654010291,2.9024056943492065,4.836859452020184,9.313923530766376
3202,7.50677857364781,3.896613302313981,2.7928796892671346,7.6255369505384305,2.904602516770822,4.849408563614679,9.27551134126427
3203,7.531567082307478,3.9024537497906575,2.795133025992223,7.661500509031653,2.908989681103354,4.86054693670056,9.280041175303216
3204,7.527067988366022,3.8953341835985897,2.773250721863878,7.658131531870305,2.913368243820395,4.857465794648812,9.195767911359312
3205,7.537410675884925,3.8784717931951254,2.7612715585136938,7.661580479505268,2.908989681103354,4.8620865540905935,9.220926960252854
3206,7.540105729723216,3.8596642029630157,2.7656527379751545,7.681756073249097,2.8969041401547377,4.864309325387208,9.191183897340226
3207,7.52526736963034,3.881778466332624,2.790812048242587,7.650453550531029,2.906797177062405,4.8572945454378464,9.145755891966374
3208,7.520763365658375,3.8826963357400506,2.791376148195932,7.715925422679358,2.912274406991733,4.854896230223067,9.188890773184959
3209,7.527067988366022,3.8920425062629533,2.7862938913378077,7.664361346726307,2.912274406991733,4.863112612978216,9.131318569874246
3210,7.504519782069352,3.8982570802849317,2.794382176727801,7.725768907647105,2.9188294220185536,4.859520172088117,9.077931335556633
3211,7.504519782069352,3.901177125041975,2.794382176727801,7.795772235684497,2.9210101706147964,4.856952023420458,9.084918073331332
3212,7.488683380597582,3.8955169483400507,2.812144387158446,7.82756855569039,2.917738251437033,4.8499233759774825,9.098870592315063
3213,7.495928286071268,3.898622241686446,2.8013175345236814,7.862812627392426,2.917738251437033,4.848550384776031,9.182006924087494
3214,7.502260104547753,3.87681707872148,2.804870258483222,7.86888717060408,2.915554314125175,4.854896230223067,9.170518879746233
3215,7.48641747443048,3.897709254625426,2.82994633428037,7.857495627455418,2.913368243820395,4.855238941164226,9.295872960517482
3216,7.4877771253112035,3.911374933444149,2.844303729934684,7.9319706331524635,2.926452785380579,4.846661694538443,9.358851788963564
3217,7.480975651512751,3.9173681726953284,2.842651926127641,7.925628171769914,2.926452785380579,4.846661694538443,9.345402847574475
3218,7.476890898045012,3.920269690900342,2.8395284363666375,7.878597911052399,2.925365317499951,4.844256519525219,9.362210093071772
3219,7.472803235695913,3.928234478567314,2.8306849195222554,7.876330340847435,2.9340503684098396,4.837720333195279,9.416841828210837
3220,7.475528667420791,3.9345551155870866,2.83105411802631,7.831267185517942,2.9362164049134005,4.838925231702719,9.4190629331966
3221,7.470076508583918,3.935096269256925,2.8238434002633768,7.808301887054446,2.9362164049134005,4.842193702189113,9.378978127623974
3222,7.476436857092847,3.952720937525881,2.840079965610516,7.8209833146845815,2.935133646929031,4.840301780209397,9.383443013448847
3223,7.480521933486728,3.9659618322920096,2.854553667288326,7.779821503703609,2.9372986430546346,4.837548172924659,9.39904836547333
3224,7.4577901603493455,3.9766555717055705,2.83658458741519,7.762583277594722,2.936216404913401,4.837376004672854,9.352130467335368
3225,7.46780324522844,3.9777228866676597,2.855101418940688,7.749841927066752,2.927539727138159,4.84563109566208,9.4035008431307
3226,7.463254012283931,3.9780785754348007,2.8466874651544365,7.752406336386984,2.9340503684098405,4.84820705783512,9.392364492916307
3227,7.46461916137292,3.9784342227807605,2.849983735546654,7.781602563050002,2.9329665686626307,4.84563109566208,9.378978127623974
3228,7.459156612099622,3.9832314145918315,2.852361290287641,7.795780567583796,2.9416224109694458,4.847520308928045,9.427940538633056
3229,7.473257564228166,3.9991679690767934,2.8647558860887705,7.840116158062753,2.943781193741769,4.847005164068803,9.465549475367038
3230,7.455056278023555,3.9928032890519405,2.8629375337453715,7.861166416824979,2.9502452027190835,4.8444283693265655,9.458926754140034
3231,7.4459338911003705,3.9974013264060004,2.8638468979017278,7.894810848499334,2.9556178184810222,4.837031644221646,9.485381517974872
3232,7.442737614133043,4.00869032425887,2.872738836829406,7.889437008484472,2.954544313285533,4.831345079748312,9.52050574088994
3233,7.44958459202561,4.006224396118061,2.865482806229408,7.944308025119232,2.9534702997790263,4.833758625918191,9.546738543807246
3234,7.445020851497117,3.977545026746978,2.8455876028747986,7.946693719793734,2.9470155067720354,4.830482718256736,9.513932812416591
3235,7.429476806162833,3.9718480299126395,2.828283598766195,7.901391206831079,2.932966568662632,4.824267786399339,9.51831542165029
3236,7.4239805472883456,3.9707786574733057,2.824028590119453,7.949086056983119,2.9372986430546337,4.8261678994600725,9.480979066676051
3237,7.431765351543587,4.002345366706514,2.825509539856534,7.97448711844918,2.9502452027190835,4.824958849379768,9.425722158292926
3238,7.431307715908986,4.018534337269944,2.823472973084157,7.89295973565333,2.974854742394682,4.829965205089949,9.513932812416591
3239,7.4441076660162055,4.014495065335876,2.8328991705565256,7.8554911516985815,2.987589859093371,4.832379648949615,9.568527704225287
3240,7.460067398815507,4.005343228192474,2.8180946488438967,7.943996529394197,2.987589859093371,4.8399576908920565,9.590252424411224
3241,7.454144693658323,4.012561366952028,2.8321613374246937,7.854603857308649,2.988647929705222,4.840989863274439,9.611913229088268
3242,7.464164147812578,3.9858932723297515,2.809908805990402,7.870259187198845,2.9939309795491194,4.8480353824880265,9.637822554749064
3243,7.4536888470165845,3.9905016818302235,2.8087901461084925,7.878384931677049,2.9918192177743665,4.848722036371879,9.511740521331227
3244,7.472348871180704,3.9809225955297514,2.8044965635801264,7.813241767748829,2.990762608424683,4.855067589632562,9.540189150517554
3245,7.471894470674637,4.002521792468408,2.8102815637302,7.853381829133698,2.989705512608431,4.854724862934723,9.531447505076205
3246,7.471894470674637,4.004814406208957,2.8180946488438967,7.862944020714805,3.01180318252272,4.858150712864473,9.601090783666745
3247,7.4759827802207335,3.998108105495189,2.8173517612008747,7.788480628747263,3.009707742281147,4.858664318994565,9.596757353251238
3248,7.476890898045012,4.000050909319546,2.811771951073091,7.832695620503685,3.012850190857553,4.858664318994565,9.524884411337654
3249,7.480068179611404,3.9764776495980017,2.818837281482489,7.837417450379069,3.006561014042493,4.863967446690968,9.513932812416591
3250,7.471894470674637,3.9536174126918877,2.798883337823453,7.93631160112384,3.0055111508015715,4.861573418861899,9.529260461364887
3251,7.476436857092847,3.9718480299126377,2.8147496427860106,7.999953864189369,2.9939309795491194,4.861573418861899,9.529260461364887
3252,7.496833258085325,3.9631038178921068,2.8084171304908496,8.009840977229263,3.009707742281147,4.861915516852589,9.487581745854625
3253,7.511859500479586,3.97238257552086,2.834742659131617,7.9885509064384985,3.0055111508015755,4.8704577979677,9.45450824897676
3254,7.517313891820487,3.9702438305511616,2.834926922112767,7.922565151348991,3.0159883758424875,4.876766543553821,9.487581745854625
3255,7.515041855429841,3.974875883763985,2.82939223052812,7.893938732653375,3.021209252839768,4.877107254048057,9.502964767766512
3256,7.515041855429841,3.9954568440808225,2.82939223052812,7.959965699438745,3.0284987978476843,4.878299496696477,9.474370392519571
3257,7.504578943904065,4.020113483133746,2.8463209059052588,7.930262544299766,3.023294316377396,4.874892081344008,9.452297987394028
3258,7.495009228220194,4.0262469393038,2.849983735546654,7.997094489845298,3.023294316377396,4.872334482482817,9.44123656675028
3259,7.494553130397231,4.024846079759223,2.843600935182954,7.977165895647662,3.018061507601516,4.877487365239594,9.39904836547333
3260,7.496833258085325,4.035511642811566,2.8518039761391654,7.981656069161577,3.0358051700688837,4.880404187094166,9.421283356152811
3261,7.485880392580202,4.025721691384188,2.8568926164490467,7.971490713342306,3.0503168054963727,4.8676908111403066,9.456717837703199
3262,7.495465289892559,3.996340852460683,2.8457914247507934,8.04316698539414,3.054446504497344,4.872850090186619,9.465549475367038
3263,7.488620565381138,3.995987279677237,2.8326153618471834,7.991156756506982,3.0482492223504303,4.873365626834205,9.439022256087183
3264,7.478109465344686,3.992272302328783,2.828389479030769,8.1320877501384,3.062684157210328,4.868379126536631,9.385674418950178
3265,7.468037330154035,4.0248459019087495,2.841042582821824,8.160576118997142,3.0595984227696715,4.86596946773392,9.31617664964006
3266,7.473533413991564,4.004747043967341,2.835000275962588,8.153411710112385,3.0595984227696715,4.873537456597825,9.367803782187654
3267,7.471701971159097,4.009302618782717,2.818250609730137,8.215397903356232,3.0811141412161054,4.874911810710655,9.363329179134528
3268,7.483595916800011,3.9767398317662486,2.7982020702090264,8.2796441500867,3.0851902350400384,4.88434686486123,9.450087052387678
3269,7.4867939286678356,3.9806303521434043,2.8034177790305743,8.280711611273945,3.082133823001449,4.884175530287737,9.46334257240729
3270,7.470328005195546,3.993504462523047,2.8123297045537337,8.315822547767604,3.082133823001449,4.877144060328038,9.454508248976756
3271,7.461159807444321,4.0189172606488,2.8202821826594517,8.275374524738028,3.103446475656602,4.8670023689384685,9.499671137220822
3272,7.457947469122112,4.020313259691065,2.8169567967506035,8.329609603747501,3.099401634291971,4.867174491380482,9.452297987394028
3273,7.4639118071160775,4.03580136093616,2.8145519454122887,8.310584987176833,3.115539995745641,4.868034984685116,9.447875443389465
3274,7.457947469122112,4.046545234362578,2.827653702962783,8.27497091886788,3.132568535913671,4.861835003962186,9.485381517974872
3275,7.448759413389373,4.0418710232238695,2.832798909639763,8.217980556504248,3.1255714179852405,4.862524399270587,9.447875443389465
3276,7.437714222400823,4.053284482722144,2.8425048657180496,8.208839708718896,3.126572255286068,4.857350827217429,9.474370392519571
3277,7.439096039614412,4.071184844814845,2.822127414382672,8.192744592545719,3.143523056335022,4.857005667156205,9.458926754140034
3278,7.441398325618212,4.049138982087919,2.7897930496752683,8.205610878173797,3.136557764542983,4.8580410515120525,9.513932812416591
3279,7.440477522569808,4.016822076983075,2.780410802399312,8.272024201703758,3.098389349024196,4.856833075143525,9.529260461364887
3280,7.44461996812243,4.027109731591281,2.789043982369321,8.259122274396901,3.0923065689372944,4.859938509983662,9.564175044275448
3281,7.44461996812243,4.032153848986908,2.789043982369321,8.282789658656952,3.0923065689372944,4.860800672184873,9.55764121211612
3282,7.439096039614412,4.034064986254754,2.760192973093646,8.312035860519092,3.1235684900306406,4.856315251164992,9.624879248123346
3283,7.427570661397776,4.007025674671708,2.7422709807547294,8.31810145185492,3.1165450311109795,4.850614433775591,9.661493324757858
3284,7.421568248008696,4.0000090991111605,2.745905802284867,8.272944004066435,3.114534537888765,4.841786873761961,9.611913229088268
3285,7.418333558445399,4.0166474140808015,2.7662596069195304,8.243829970268655,3.111515624444959,4.838145896031115,9.643208921990064
3286,7.417409023910409,4.0103529481690705,2.769097384407581,8.281825853733242,3.1054663235791033,4.841266952451997,9.754369085816242
3287,7.420644238401769,4.001062607361128,2.75258516989742,8.35221384498324,3.103446475656602,4.842999740759201,9.736311613935708
3288,7.424801102178481,3.9848689150781897,2.776834715101262,8.38146180637005,3.087225653854431,4.845943628917779,9.719276404645882
3289,7.424339378130328,3.9723127591680556,2.756012066665628,8.404467422736271,3.0892593261526775,4.842653247706949,9.708609619130806
3290,7.4372535423446555,3.9756779199381285,2.767016718274095,8.457728937933345,3.0902755086530727,4.850960186305618,9.601090783666749
3291,7.426186049967068,3.996494791808802,2.7929736670395866,8.447152304691128,3.0780524552026445,4.847674240174308,9.624879248123346
3292,7.413246759655671,3.967701775814553,2.785107072255873,8.483983941589358,3.098389349024195,4.83606373390765,9.697927546044118
3293,7.397959014085664,3.9801001183101836,2.7764579357901207,8.405328634903686,3.108492890811561,4.829288628415211,9.661493324757858
3294,7.404913086023226,3.9607721842855335,2.75258516989742,8.417568021932508,3.111515624444958,4.823720306297365,9.674372872817864
3295,7.403522952266123,3.9710720265931454,2.7675843747529933,8.444547379497266,3.1014249139044834,4.823372008104137,9.65289451958492
3296,7.404913086023226,3.9931524672883114,2.779658439896017,8.479229629087458,3.132568535913671,4.826505513357148,9.727798866608952
3297,7.401668911529511,3.9938564173490216,2.7886693504271998,8.501154897030386,3.156405536663231,4.824068571734991,9.734184336175776
3298,7.395174999872769,4.015249754551193,2.8112177259129503,8.459957205999428,3.154428075912849,4.816573634070035,9.761791873179455
3299,7.384490275740723,4.023103365169151,2.816032170505377,8.329104238749174,3.154428075912849,4.81517755012631,9.793520876216268
3300,7.383095130877729,4.016996729992981,2.8138114524627253,8.390284284694847,3.174130558299477,4.810811385704051,9.820911434217855
3301,7.386349934978991,4.032327637495387,2.8171416745655176,8.419666856700989,3.1721674795270403,4.809762737918769,9.80406750326273
3302,7.401205306813394,4.026761558002952,2.8139965994959804,8.366666162841184,3.1721674795270403,4.816573634070034,9.791409774838264
3303,7.387744279276204,4.035627767258459,2.8186201285032566,8.317095203277596,3.174130558299477,4.806789950673529,9.797741301624782
3304,7.398886715613904,4.044295566657865,2.823418142085463,8.294199949695484,3.174130558299477,4.806964886806184,9.81459937259209
3305,7.398886715613904,4.051903263000996,2.823418142085463,8.195758374642214,3.18587596970268,4.807839443107152,9.877483844195764
3306,7.391460855894133,4.053284482722145,2.8267336320330845,8.242414904086088,3.1809889131071793,4.8029392556051,9.878527503938775
3307,7.401668911529511,4.060181404066583,2.808249644858947,8.26232152727638,3.178051978813356,4.811335597958727,9.778730696073051
3308,7.416484339244315,4.049311821662257,2.808435269641597,8.30380834787764,3.187828060578538,4.8231978467215,9.77238311910192
3309,7.42203019662246,4.057596847975017,2.8283894790307698,8.308947809051451,3.2130648957232384,4.821804260655269,9.776615433542982
3310,7.412784097918311,4.069811533512232,2.837565725806016,8.265280777091592,3.2323035466549603,4.807314734195788,9.854486886482848
3311,7.42203019662246,4.081978652208404,2.851258062891197,8.210432118388756,3.237089959101594,4.812383799338284,9.902492153129488
3312,7.429877600267371,4.083688538623551,2.8554399244675563,8.228923573268968,3.236133414263483,4.813606325195087,9.862857498484038
3313,7.420644238401769,4.092905854524947,2.857618601748527,8.185364205097148,3.236133414263483,4.814828446747917,9.887913985918592
3314,7.420644238401769,4.088983269413727,2.857618601748527,8.220922494013024,3.239001945049802,4.827027506651073,9.952263515471593
3315,7.429877600267371,4.09034820261865,2.8572556391334407,8.277508738810662,3.243775489736687,4.828419129423584,9.981147679374578
3316,7.433105748058052,4.077014697691915,2.8392133494138285,8.348685846557247,3.264671233720286,4.829810229942781,10.007871538938186
3317,7.418333558445399,4.090518777556907,2.841591053774637,8.373871179148146,3.2580415190882515,4.820758726708686,10.018125232833691
3318,7.414163591419858,4.084714022986232,2.846521100068693,8.345942460737616,3.253295228766028,4.822849499378876,10.056965187822614
3319,7.407670897052611,4.116170062576833,2.86775727792544,8.296530813345136,3.278819030420933,4.827375461335127,10.164289074302784
3320,7.408134906767365,4.121410514016098,2.871366939609011,8.283364720412743,3.3003591576330105,4.831895902682192,10.174337944127108
3321,7.39884750875392,4.114647012464882,2.863055851309556,8.370475201037035,3.318941952947285,4.827549426426775,10.214404765331768
3322,7.415090514745287,4.1298446129128275,2.866130997762377,8.401364766692451,3.306878611176752,4.83589016768267,10.221395436790347
3323,7.411381915326911,4.108886628924464,2.858707129452815,8.344717289177298,3.3105965079804065,4.830690154179736,10.267180044568144
3324,7.42435145936832,4.109395321193167,2.860326845897049,8.33738864926837,3.2853778274496945,4.834677482790736,10.244321058177714
3325,7.408134906767365,4.119382982270686,2.8660761857788724,8.389219764459892,3.30687620612098,4.824787977243903,10.307765071087076
3326,7.405350280364028,4.119382982270686,2.8691244212369567,8.334574194712724,3.337407428283934,4.827393037560598,10.238346907232648
3327,7.409526708819659,4.127316740296276,2.869303597858349,8.259746909889468,3.34016498793089,4.830690154179736,10.254267904076025
3328,7.42620184338673,4.124618118064633,2.867331852770756,8.21033801640213,3.3105965079804065,4.836582952663857,10.206407787732058
3329,7.423888769491994,4.121241602661749,2.854742781406105,8.239011273088817,3.2863163511596563,4.836236576331923,10.218400197538754
3330,7.429438571092191,4.135810021663853,2.849686852624146,8.248763228173,3.281620235407068,4.840563960368257,10.264202197651993
3331,7.429900810839149,4.13530877491682,2.8342664420709536,8.358160103032516,3.30687620612098,4.841774725227846,10.232368212071695
3332,7.4252767264580415,4.139984004325034,2.8335380809858344,8.284678588229013,3.322650047799018,4.83987191758389,10.244321058177714
3333,7.421111841061625,4.149480246415954,2.8480592490410794,8.23079966703481,3.3539085276170058,4.833117734062284,10.254267904076025
3334,7.432673463036803,4.156127409203587,2.856545646214285,8.315793910391417,3.3520802951927435,4.838660532458413,10.274123982649323
3335,7.445594730671946,4.161269451162523,2.8590671697371413,8.395672615950431,3.3520802951927435,4.8421205856147385,10.32748731576831
3336,7.452044424423253,4.163920172892819,2.8424437625092405,8.425672762845142,3.3575611033866273,4.8421205856147385,10.32748731576831
3337,7.444672751624726,4.171363569480655,2.8467924970071046,8.443527079299935,3.38117775913773,4.845922928076602,10.315659863091449
3338,7.4451337597386065,4.1730153096382345,2.841536684742786,8.465120710404694,3.3929059030805453,4.84281220986886,10.32945684309609
3339,7.440522004104748,4.155795379934863,2.8326272865362645,8.616817679090481,3.3639406863894052,4.846095669497271,10.352071341865692
3340,7.440522004104748,4.169380356036643,2.8326272865362645,8.602194564745718,3.3639406863894052,4.846095669497271,10.352071341865692
3341,7.447438242765798,4.177800547076475,2.8561851918348418,8.635491550060468,3.3639406863894052,4.843503705485323,10.338313669042046
3342,7.450662959394013,4.189814651920286,2.862664329298997,8.60581322946548,3.389302873063874,4.851791643185731,10.384406276446182
3343,7.451123484807241,4.19145692777248,2.869661907384616,8.593339111493414,3.3938058821806765,4.851964112495344,10.370704463223369
3344,7.445594730671946,4.200147031862725,2.8841247652484228,8.70791721171163,3.398301122115522,4.855411823130918,10.384406276446182
3345,7.445133759738609,4.2006382244353135,2.8924736542679805,8.801302512606703,3.398301122115522,4.855239513333449,10.421478727652149
3346,7.434521149608464,4.1880071794738924,2.9034392984399857,8.691255474687864,3.373934024299145,4.850066510672034,10.450625560661404
3347,7.427589237375354,4.192277751470347,2.9011445228116792,8.710348034178024,3.3929059030805453,4.847131949632445,10.500897416665858
3348,7.437753162599523,4.197526073472561,2.8974325749039798,8.760433091996482,3.3983011221155204,4.851446680606475,10.521110894848018
3349,7.44928116063428,4.175491324311978,2.8976094747976977,8.78839802375024,3.396503956069791,4.853860748095251,10.573812704298438
3350,7.44928116063428,4.190307422709578,2.8976094747976977,8.703105213311872,3.378463729236344,4.852309027159637,10.589080037185395
3351,7.452965215813697,4.171528781833648,2.891586966765208,8.702299067181237,3.3383269445159804,4.8529987606971865,10.556602559828669
3352,7.45020239689962,4.148149148515101,2.8891023555711697,8.645081770551718,3.299419200577338,4.849893953456362,10.594797900612868
3353,7.442367153056562,4.167395913052427,2.90837388495931,8.620524935427879,3.3300393864754563,4.8396988867467,10.598607577549286
3354,7.4451337597386065,4.123925883985617,2.894245967905692,8.489606838465127,3.3346468975554835,4.83779501544703,10.525916177363618
3355,7.446055664433031,4.126272764601711,2.8983169337382657,8.501547433945413,3.300352526700807,4.836063376047489,10.623327121982955
3356,7.440060623728388,4.131463250978631,2.912594867034385,8.411699939648152,3.329116887303713,4.8358901676826695,10.657430995996748
3357,7.4225004744358625,4.157787037523844,2.915053431149041,8.375680907976559,3.329116887303713,4.827393037560597,10.74394597280201
3358,7.414163591419855,4.202438624112945,2.9332331305799566,8.366944349439631,3.3520802951927435,4.818180277217739,10.703622994168459
3359,7.417870379557345,4.225103128255446,2.9398392242710356,8.247400729746486,3.40099455226755,4.8188763804293036,10.736458955984366
3360,7.412309291778761,4.241796074358242,2.9356692075474604,8.319228227722348,3.4099526507663307,4.8199202897251805,10.771961951623648
3361,7.4109181704133285,4.24050259976876,2.9309686969907784,8.290329976355228,3.4188801995115257,4.820789989223455,10.788726078059597
3362,7.403028716032674,4.25663426056156,2.9448677373773005,8.260425979871416,3.4027886298550887,4.813652409569392,10.897794180825283
3363,7.403957455550903,4.228513512571681,2.9260836993192645,8.285203949220149,3.4233326074683883,4.813826660914964,10.972757649479586
3364,7.407206849474936,4.24050259976876,2.921188055455455,8.27216099745169,3.421552549898692,4.819224382922274,11.003645214305768
3365,7.405350280364028,4.235647486418563,2.932188290435125,8.336217399424921,3.4242221842953615,4.818702366906211,11.066884190595113
3366,7.403493104761789,4.228351194558757,2.910837093405957,8.323537379884709,3.4251114601932446,4.81591703653936,10.969116367406802
3367,7.396988206105887,4.243896875468213,2.918560987379019,8.250858085788325,3.3856948469188017,4.816961781279048,10.947235529942501
3368,7.400241586437318,4.261940265818945,2.9118919234395952,8.24009455632207,3.403685206774111,4.821311710837304,11.030805463663475
3369,7.392802547771539,4.251158441233424,2.90854991853975,8.234888328732545,3.386597322891212,4.819572352684719,10.803599090037356
3370,7.3941981101485785,4.253897498594773,2.9013211279568805,8.254240261132104,3.352994573715177,4.819398371894272,10.678202458229906
3371,7.388148192887056,4.271084971521864,2.915053431149041,8.297246192180838,3.3730271322917678,4.8173099639422645,10.727090610571986
3372,7.389544900318583,4.268199926638183,2.925734364294229,8.270581643995712,3.3520802951927435,4.8162653175861365,10.489324067526868
3373,7.390941263960769,4.273327141551006,2.9368862591621983,8.20841293619506,3.3593854518123587,4.816787677653228,10.421478727652149
3374,7.401170781544588,4.279405320593988,2.933755368899216,8.167150008292804,3.3355674051321853,4.825482839118326,10.372663308684272
3375,7.401170781544588,4.277487110976097,2.933755368899216,8.136654780357032,3.3105965079804065,4.828608105931124,10.51630275183957
3376,7.396523285314382,4.274447652120549,2.928876426066977,8.09082454794608,3.3502507630082796,4.827913829923807,10.62332712198295
3377,7.40256428935498,4.295983108586394,2.9361908815598863,8.118663365153697,3.3383269445159804,4.831557329383977,10.604318750711956
3378,7.392802547771539,4.29932044810492,2.935321357776836,8.018619870863391,3.3648507695646974,4.822528775373902,10.547025556750516
3379,7.392337284047734,4.298049478677603,2.945733592563091,8.046379491769706,3.368487900227127,4.819572352684718,10.632814714730642
3380,7.388613800244173,4.313585265579436,2.949020822993093,8.047943617202007,3.3739340242991434,4.814871996495034,10.495112820103996
3381,7.400260155623027,4.276367637729151,2.9311429650960865,8.048598477223,3.377558421240315,4.820268194052149,10.594797900612868
3382,7.394672886845192,4.300114555528959,2.9548913525487728,8.037857117600392,3.3520802951927435,4.815917036539359,10.51630275183957
3383,7.384415253623085,4.267558460502796,2.9498850907100005,8.058339492889028,3.3539085276170058,4.805627947852159,10.606221584988388
3384,7.375541428472639,4.259368732449836,2.94174790937734,7.964411780319189,3.3300393864754563,4.804230606705877,10.738331347678928
3385,7.3671217992286,4.253575375793389,2.9332331305799575,8.040472658238699,3.351165691730385,4.805453309152644,10.634710910404614
3386,7.36758988524911,4.2548636764127465,2.9147023730805772,7.9148525872218904,3.336487581932079,4.800701111722909,10.450625560661404
3387,7.368057932535279,4.237590401273857,2.9175092972385044,7.891897863404539,3.329116887303713,4.79735329614707,10.440921724820255
3388,7.370865403327817,4.249223604079004,2.906690816959995,7.8889545946186,3.3613516129663337,4.795590064993865,10.518226352603751
3389,7.36758988524911,4.278925873198133,2.926022561213351,7.958681675279243,3.3677503960817767,4.790825117571975,10.547025556750516
3390,7.3633757155631745,4.287864048329002,2.927756001856944,7.862497757756723,3.3931886223176044,4.787291542967377,10.56999138183853
3391,7.380680600016634,4.298367266927871,2.942952995210372,7.899795688243291,3.383224741553028,4.795766426109926,10.68574268183279
3392,7.375073999731719,4.306143539957867,2.954112742948231,7.998966177929387,3.388664316345257,4.7904719128832545,10.661211546930016
3393,7.394207032855798,4.303923615008786,2.9517137478599893,7.943399209328346,3.3732224897141365,4.79735329614707,10.705502869891838
3394,7.390012625378041,4.302189966835731,2.9556536149727135,7.955770646574202,3.388664316345257,4.790825117571975,10.80359909003735
3395,7.393741140632391,4.306758533380882,2.9556536149727135,7.926784468438972,3.4138999735108193,4.794178871817647,10.727090610571977
3396,7.3802135952154195,4.3097483125502976,2.93830116653894,7.884956889246774,3.4138999735108193,4.793825988969217,10.743945972802004
3397,7.381147566330612,4.316818613704345,2.954968912172617,7.810896326818456,3.405815067470265,4.797177011019062,10.706442646527554
3398,7.373203898751697,4.319799327533518,2.96095307145189,7.758231625164343,3.404915200525585,4.793825988969217,10.811025604137166
3399,7.388147448534277,4.323247336855261,2.9727045007830015,7.7970289244073046,3.409411442255165,4.799291875924471,10.825858730901263
3400,7.382081383532004,4.310220136028109,2.9716850395412546,7.767194758296709,3.418380830777864,4.798058352295066,10.872042518394842
3401,7.366653674464897,4.308647129357919,2.966921518415909,7.837370533386769,3.426427150789821,4.784108418520883,10.83881603460051
3402,7.361501742471526,4.316504698375971,2.988448286436963,7.879338197792208,3.4486499311842893,4.780037073799496,10.788726078059597
3403,7.352122541592726,4.325126560328558,2.986929416420923,7.865395294763855,3.4601324019154323,4.775783892662209,10.818445478957877
3404,7.355407034045334,4.326065773349776,2.990134741304985,7.8962588044931055,3.4601324019154323,4.775074549327169,10.698921422300998
3405,7.350244830323827,4.342303454253843,2.978642303659752,7.922938048911512,3.4873153248556603,4.770460468037815,10.792446834196268
3406,7.351183764052055,4.344950177973494,2.9857473771633662,7.9193492625616075,3.483823366198876,4.765484947462356,10.708321877516978
3407,7.358689617157183,4.345572631363245,2.9906404362268657,7.87290332267105,3.4803268423838394,4.766907215073001,10.777553767995906
3408,7.349775304866886,4.346506093749247,2.993840587537618,7.828909181062701,3.5003697911967993,4.761392844876213,10.903302090468495
3409,7.337553901668764,4.319172031492904,2.972194827097254,7.731815465513218,3.5055738591704277,4.759612240200468,10.82215293176672
3410,7.338494950992607,4.329350929214319,2.970835140378229,7.754152425769478,3.4968948060878797,4.760146512702828,10.899630553546572
3411,7.345077899748179,4.301243956891451,2.947079928145494,7.704945561048435,3.495155625567223,4.764062126717483,10.875726190911504
3412,7.335200590292283,4.3020323173288775,2.96026996491984,7.726408152429285,3.4715654513842766,4.762104843934189,10.976397358253223
3413,7.322475678792825,4.307073374289201,2.964365529210394,7.63454587689182,3.474196890941189,4.75158875918672,10.954535468395093
3414,7.322475678792825,4.307073374289201,2.964365529210394,7.706288897517515,3.475949742629159,4.75158875918672,10.954535468395093
3415,7.331433245181834,4.307073374289201,2.9640245137011947,7.68900343701764,3.4574870089878695,4.75158875918672,10.954535468395093
3416,7.3408468868713195,4.310377395571122,2.998884405444107,7.704837452354888,3.4768257368541033,4.7530164453870025,11.138585731413716
3417,7.333788131285204,4.33403838405585,3.0091062363368457,7.740320373537937,3.4890595973968312,4.7531948668883075,11.093843019632603
3418,7.331904301220894,4.355826392627268,3.0019053994701648,7.616985202189326,3.4855699151411,4.7539084656697685,10.976397358253223
3419,7.3342589903239155,4.362489993265627,2.9990523424459337,7.614693282044888,3.4916738784873145,4.752659576208983,11.245024346872977
3420,7.3394358431530895,4.36001206361717,2.988448286436963,7.658565561587033,3.4433334961472486,4.754978602300425,11.193743621644858
3421,7.3238909802031475,4.357997394222605,2.989123017113957,7.683797130722415,3.4513041496240793,4.747302344229577,11.285479700615427
3422,7.316338584253693,4.367749515574925,2.9877733572652123,7.668838216559659,3.4627751629899506,4.745872418434275,11.355390396563664
3423,7.325305925447166,4.35629172589994,2.9769473626185023,7.750717691425462,3.4680528184840593,4.748910340436195,11.20083501305867
3424,7.330019840463386,4.333413771648737,2.988616987708783,7.737095494418066,3.4539557118593014,4.752659576208985,11.248549729566507
3425,7.317755431923529,4.333413771648737,2.974063074447584,7.737329100886374,3.449534966252774,4.752659576208985,11.248549729566507
3426,7.321060020967978,4.347594803264716,2.9918199581009195,7.753667326035181,3.4680528184840593,4.748553069240066,11.27670113694893
3427,7.313503816183634,4.323873862889572,2.9882795727592217,7.771139873417011,3.4680528184840593,4.745157245042408,11.21146114808824
3428,7.31161317538624,4.344171947856932,3.004084768031626,7.792866842238736,3.4680528184840593,4.7408632529625,11.42819823329723
3429,7.321060020967978,4.370221732598837,3.0122808621383705,7.889405993747809,3.4680528184840593,4.745336051552821,11.53117326919704
3430,7.326891834978205,4.387003455985566,3.014960008477097,7.971561153478301,3.4612927163250147,4.750468469098694,11.643855186505084
3431,7.329099964137949,4.394409443107318,3.012107469260424,8.038860358945552,3.4478120177099894,4.756262636175629,11.7665097148638
3432,7.327681130813591,4.392392088132269,3.003738935796374,8.090914530489039,3.4276893495127347,4.762720959904361,11.899427972082776
3433,7.32389582466726,4.363238591536614,2.9733576016764722,8.061928015075514,3.42065398057256,4.752849466491784,12.082982453509645
3434,7.314895493469155,4.319105774841546,2.9422219364398545,8.040219617901156,3.3967692545730985,4.75087196074998,11.892744394889558
3435,7.322002215600908,4.299053098788401,2.936703021778118,8.010560146796838,3.385190802255836,4.760031378764345,11.647077837492876
3436,7.331936557961383,4.309572039120525,2.9380840165252136,7.973213071495098,3.358272458505533,4.766662103913718,11.672804460377852
3437,7.3243691272970946,4.248542617184031,2.9148397624997417,7.89150262176365,3.368175062302345,4.757160308608969,11.605760584976558
3438,7.339493828452368,4.245623358384476,2.9015484746606592,7.886418110551936,3.3492369687056507,4.765050330928672,11.499873705229271
3439,7.34185339781194,4.252107055693597,2.913793320456768,7.92217153234316,3.353758677187819,4.76845213058686,11.233937278394459
3440,7.345626655513159,4.207760788221201,2.8971589663410984,7.933147169537582,3.3246810993850455,4.780244420513426,11.332391795922335
3441,7.339493828452368,4.247407660426572,2.8819924725533372,7.973690723761609,3.303575230387376,4.77935239176592,11.517319164368255
3442,7.346569575535007,4.213665081004034,2.891880094454061,8.029975175056071,3.336533682250828,4.7873728588338,11.29671944324796
3443,7.338077612418233,4.2616470697997135,2.9172795595445984,8.025201930638278,3.3164431147219195,4.787550892680265,11.316357362910125
3444,7.342796949025439,4.277592683764589,2.92545093455678,7.995940742244329,3.3410777934102174,4.786126380357112,11.385627703464213
3445,7.342796949025439,4.272768863898084,2.92545093455678,8.009925960069662,3.331070085435849,4.786126380357112,11.385627703464213
3446,7.335244111752718,4.233594395726665,2.8888831541191156,8.062233153909325,3.329246290378625,4.779173959990649,11.219522763156379
3447,7.326722397537101,4.242701482612694,2.9094278663616087,8.024042889231014,3.2943437617853157,4.771493168775312,11.134345779333158
3448,7.328143579713386,4.256961390394869,2.9351483908555043,8.075126052358494,3.2952684248842976,4.769883521973943,11.042790235750667
3449,7.35413523263432,4.24870472162649,2.9360122070792336,8.0722066228794,3.324681099385046,4.780066032110553,11.106982303350163
3450,7.347058476453067,4.225278181712068,2.896983205778409,8.081450848563357,3.312773218815961,4.774888991299089,11.024360137242587
3451,7.3503620671162215,4.193282445927623,2.892408546456418,8.231057926896241,3.2841500713905645,4.768810030901164,10.931601411600761
3452,7.34516984130834,4.201023283508262,2.879690803994703,8.235688277074196,3.259890545736541,4.76845259385088,11.051990277592926
3453,7.351777299790923,4.159466044944283,2.881096551079046,8.178390361459478,3.211608700748165,4.779873318559874,10.845348475766595
3454,7.353663724851229,4.1579658864541695,2.867352188956284,8.099686532759305,3.232551395386162,4.7802296436518015,10.847233046391763
3455,7.352248965163413,4.152125223189141,2.8406766895286557,8.198080535027803,3.23349914096637,4.783078999762786,10.828368108118564
3456,7.358377031917159,4.1170230533864185,2.8169293583320245,8.165995557588646,3.1808251545939004,4.790370401788443,10.762001134504702
3457,7.338554631382756,4.1139816348244596,2.8295549702554994,8.115407432630938,3.18372759522742,4.784502849033428,10.847233046391763
3458,7.329090835080111,4.161298615444223,2.872295920668264,8.092924901186214,3.1972269814708842,4.777556361577018,10.996639498519542
3459,7.323878955409365,4.147210602054447,2.8551217770735424,8.069107983510214,3.241068116317629,4.778447672060377,10.939059840404312
3460,7.3200854608962835,4.152355796793336,2.830633754130972,8.032074849358885,3.239178032041656,4.77291805133019,10.832144519808462
3461,7.316764051318408,4.179767319470907,2.8286555742720574,8.029524507817758,3.220197613013806,4.770596692928596,10.815137136966667
3462,7.317238658639344,4.196167871468785,2.850851688423314,8.02572132934609,3.221150095769564,4.766486065919441,10.847233046391763
3463,7.308214252575888,4.190437187907338,2.8455023337010483,7.977644162827703,3.263638077250035,4.75986361181188,10.809460261537488
3464,7.301555390567518,4.199764803591429,2.8538771941810595,8.05087164738865,3.26082795459012,4.756278904530422,10.727661035219741
3465,7.301079454826864,4.193713113241002,2.867882405539127,8.005858337723977,3.2655097427311444,4.754664637553222,10.922269044020641
3466,7.307263470466243,4.166090924800495,2.84585936490055,8.045266822945647,3.2645740847119704,4.754305814596897,10.799990162989642
3467,7.30012746208827,4.17384255742883,2.8512078473483404,8.119622855234537,3.2429567659282794,4.754126389889524,10.822700271802288
3468,7.311065632634217,4.209065512034916,2.897896317659596,8.103835453580544,3.26082795459012,4.759505299331583,10.931601411600761
3469,7.324352962286725,4.248097025799761,2.907984993276227,8.059309795426486,3.2980403884475886,4.75986361181188,11.085028132051395
3470,7.322456694954924,4.258223558572667,2.9232054628142268,8.035939040425848,3.302653595692409,4.756637533621071,11.015130020206247
3471,7.322456694954924,4.25533346624731,2.9232054628142268,8.011610793629767,3.308178388624385,4.757892458165944,11.015130020206247
3472,7.3058369950824655,4.230501864330865,2.903120299763696,7.9743981131891015,3.301731625863338,4.748919231329921,10.828368108118564
3473,7.313440676621532,4.243263797932333,2.9043374682676544,8.002645832051082,3.28229224077867,4.751972605014228,11.029893378992508
3474,7.324352962286725,4.2347075256611095,2.8849577564283235,8.028372193757576,3.281362811612601,4.7596844599637205,10.987379032595742
3475,7.324826929209231,4.245842411305831,2.8833789864698693,7.992357596334502,3.302653595692409,4.757354686160437,10.968827536257146
3476,7.331458276077634,4.229206718519803,2.895803286544555,7.997111704960458,3.2924934206693766,4.7623708160340925,11.051990277592926
3477,7.331458276077634,4.215738977273925,2.8692956925536013,8.033263885158638,3.2757790204833253,4.7577132096283,11.162529649072848
3478,7.337608967153637,4.18518875767368,2.83888670158112,8.036210079256987,3.2551982253268825,4.763265829552365,11.033580199004131
3479,7.339972830173494,4.163282511516315,2.82919525655348,8.010250583072573,3.2306548175886682,4.77434584890668,11.086859809563396
3480,7.338081819111204,4.157823829669227,2.8286555742720574,7.996773710790914,3.2306548175886682,4.772739537511168,10.97810838884829
3481,7.324352962286725,4.139393925361569,2.834764140024431,7.901917906750882,3.1943405100974647,4.7688100309011645,10.916664634359693
3482,7.34091809777281,4.1992745491500525,2.8622201634210045,7.9108443090902565,3.2058660968486863,4.773632019652948,10.968827536257146
3483,7.34753053643765,4.192075567400377,2.83153233177313,7.849881099825131,3.2457870569281813,4.7741674046268665,10.8904610226469
3484,7.345642059393805,4.166090924800494,2.8143953770147885,7.910289271486362,3.23349914096637,4.778091173856021,10.773416167052698
3485,7.34516984130834,4.202868018820238,2.8522759765751315,7.908944669093629,3.2287567883842416,4.778982354417755,10.847233046391754
3486,7.341863206849058,4.203520947081387,2.855654953466044,7.935625095033749,3.2551982253268825,4.778091173856021,10.894209423029737
3487,7.348002556919909,4.213787192851219,2.852987773363328,7.911048991167997,3.239178032041655,4.774881129628004,10.811352984776804
3488,7.347530536437648,4.217039513243549,2.84085560752799,7.959695303691724,3.2683146237373566,4.779516958864074,10.88483526897267
3489,7.3593192215260625,4.246003506916953,2.8664682107366604,7.953202565826471,3.281362811612601,4.783435013837809,10.886710940958787
3490,7.358848146363478,4.243263797932333,2.8657607724102148,8.039466534706937,3.2897153665535264,4.784502849033428,10.987379032595742
3491,7.359790257413955,4.213949886530845,2.847108514878591,8.019272880477681,3.2897153665535264,4.784146938463868,10.920401323739064
3492,7.364027814538349,4.243102566816125,2.861688579841378,7.997943463143737,3.2952684248842976,4.783790993401747,10.940923412887114
3493,7.364498458177239,4.239714868144833,2.8765246003580467,8.042287659483597,3.2989637021936855,4.777378073486695,10.847233046391763
3494,7.375782173663776,4.231311068257339,2.86540696792719,8.093241698011301,3.296192750133479,4.787171079787691,10.931601411600761
3495,7.37014312875709,4.226776926624237,2.8584963735547864,8.135857475049614,3.2692488875877057,4.787526697543509,10.959536443647139
3496,7.371553416784328,4.228396989965284,2.8406766895286557,8.078415843500581,3.289715366553528,4.788771088811068,10.994788218076895
3497,7.36967295462572,4.235192444258001,2.8288354832675333,7.984980226736698,3.312773218815961,4.783613007933076,11.015130020206247
3498,7.369202741418229,4.2300162451829175,2.838349418436414,8.006471511288632,3.303575230387376,4.784146938463868,10.903573081946282
3499,7.36073221140194,4.220613296112398,2.826855663910173,8.016172452284772,3.3054174957222253,4.775951456644466,10.894209423029743
3500,7.35319217768445,4.23874630638103,2.832969283888452,7.975649689926657,3.3274211929875133,4.772203943863366,10.826479258787286
3501,7.367791867249109,4.263996091043299,2.8584963735547864,7.960755236752096,3.330158350538226,4.777378073486695,10.847233046391763
3502,7.380007774816909,4.280455989325486,2.877404556610582,7.945012522464713,3.347426057059182,4.783790993401746,10.843463478477647
3503,7.378599591333191,4.28348328540994,2.8803937892434237,7.93778613933394,3.3456138683981145,4.7846807913863945,10.769612907268716
3504,7.384699193965138,4.285234657444659,2.8851331058527805,7.987353440834353,3.354662066393084,4.788060059671014,10.785290096997695
3505,7.387512182953777,4.272156462628568,2.872648620375152,7.9519419632634065,3.341077793410219,4.795341600019644,10.815137136966667
3506,7.388449535959387,4.273594421793047,2.8768766249308486,7.9291506040319675,3.3600757600260813,4.802962896044875,10.818919565251202
3507,7.38610586289568,4.267358705844005,2.8600930568181355,7.951600387686867,3.358272458505533,4.801369044868335,10.809460261537488
3508,7.386574675000156,4.275510720867203,2.8579638875653,7.819178584498344,3.3383522935778105,4.803316991644527,10.809460261537488
3509,7.390323777409902,4.278861554838374,2.8600930568181355,7.700786849796627,3.3392611154934726,4.805971625552015,10.811352984776804
3510,7.386574675000156,4.295088638281052,2.874411273437101,7.738960157997201,3.3210230589563032,4.805971625552015,10.811352984776804
3511,7.387980878820649,4.289688493551811,2.8889872867234447,7.800982653534132,3.3347137788155696,4.800660445300745,10.7924062889185
3512,7.393133979245267,4.294136314291653,2.8980706480476988,7.741631652651318,3.333803341762645,4.8042020819184215,10.826951511361179
3513,7.40015340362487,4.293183715116965,2.897024460734908,7.759591358752601,3.356467894777273,4.8112751712682105,10.859001962822797
3514,7.401088671745841,4.299529184790898,2.8984192678507616,7.795657607194295,3.3537586771878196,4.814100617775773,10.828368108118564
3515,7.401088671745841,4.306178825452894,2.8984192678507616,7.827783333956253,3.3744570239554776,4.813041328519028,10.822700271802288
3516,7.3921973999179516,4.300004603395842,2.909893225391698,7.893333976465949,3.378934829551031,4.806502323176273,10.98413546659616
3517,7.387512182953777,4.277904522554823,2.882150275362465,7.9156278954357875,3.368175062302345,4.800306094421401,11.092352478461018
3518,7.389386734087825,4.270717872735471,2.871846446273178,7.911980970307321,3.341937052933836,4.803334227928876,11.161621938570958
3519,7.394538558526393,4.27423331249901,2.8763930422511814,7.926837135495352,3.34466377080511,4.806715672442412,11.106982303350163
3520,7.388449535959387,4.278383073553572,2.87482028045846,7.964994159301329,3.3236843812178494,4.803868346352139,10.847233046391763
3521,7.393133979245267,4.296833851607201,2.905375728354068,7.890610060854504,3.3154279300173504,4.798880229083073,10.781017444557753
3522,7.395474751676784,4.305229695785177,2.9143237499199746,7.885286913254112,3.321851924036052,4.807071433749384,10.809460261537492
3523,7.388918154378825,4.30649514146012,2.9093379286363974,8.004418065739351,3.335563414703844,4.805292284104905,10.77151475581165
3524,7.387512182953777,4.311509296817243,2.9103703907783407,8.098725405604355,3.331001085488393,4.806537778926322,10.698934518858664
3525,7.384699193965138,4.309473212708675,2.912605756948674,8.100625559764064,3.331001085488393,4.800306094421401,10.77151475581165
3526,7.401088671745841,4.287939370852647,2.9055481442983044,8.030847267053742,3.3282597765322777,4.808138511950967,10.77151475581165
3527,7.401088671745841,4.317610047430381,2.923236127072547,7.932156181807053,3.3163466359754055,4.809383046769833,10.781017444557753
3528,7.418363441152103,4.3133876480441,2.9079605695847683,7.956550021398404,3.3255155233495417,4.815421972168776,10.922269044020641
3529,7.429075453336336,4.296758513519045,2.8910184669419223,7.9022044624760115,3.3062225707241484,4.823045337872694,10.931601411600766
3530,7.436050722704689,4.309629879050847,2.906754682939957,7.8842192132085485,3.3071446089112975,4.827293423052455,10.901701188213913
3531,7.43047118959015,4.321827074907114,2.910714438823093,7.855325659983471,3.3062225707241475,4.827647210383565,10.903573081946282
3532,7.429075453336336,4.328064688959981,2.919983789360666,7.8869233074029,3.3401176298711186,4.825169989424233,10.899828875715619
3533,7.423023311945786,4.329622263874721,2.914495476670481,7.954272570234736,3.349201877001557,4.823930757488028,11.048311458323603
3534,7.420227846898232,4.334757090126366,2.9024426156595977,8.011091147768848,3.3555418018569867,4.819324261205471,10.987379032595742
3535,7.424886193734512,4.324167553705573,2.8901506031647926,8.07173232783857,3.371773247373623,4.823753690500707,10.978108388848293
3536,7.425351819063584,4.324167553705573,2.888935023278219,8.06810585667259,3.3672747333536384,4.823753690500707,10.968827536257146
3537,7.436050722704689,4.347172385220203,2.9172413142239124,7.980285234297328,3.356446232338446,4.822159706476388,10.801885047923284
3538,7.426282955640203,4.354290313300823,2.933986621730005,7.9771280320286415,3.387010042040622,4.820742255387762,10.940923412887114
3539,7.407164165721676,4.35676256465414,2.92682534109892,7.8621815364412475,3.387010042040622,4.813291713628242,11.016976849492977
3540,7.407164165721676,4.35676256465414,2.92682534109892,7.944699846933627,3.387010042040622,4.812936551125048,11.075863824823193
3541,7.396410790479751,4.362781034763843,2.938238500496828,7.959576334000667,3.390582216908527,4.805826119084558,11.00588981748545
3542,7.388918154378825,4.368326962766196,2.932453979040597,7.945913196703954,3.3843276869729304,4.805648182674043,11.051990277592932
3543,7.390323777409902,4.377549849279726,2.9587052847555277,7.957216488801867,3.378954652476805,4.807071433749384,11.042790235750672
3544,7.385168122387038,4.386135099183481,2.96928890215792,7.8682832005594125,3.395931305837629,4.800662474564878,11.112462021068863
3545,7.389386734087825,4.388124975431119,2.9768186464454085,7.894792127374892,3.4092562456502273,4.801909533770879,11.179757914564908
3546,7.392665708901474,4.371557856299384,2.9704618289376867,7.858108846536824,3.4021580710652417,4.8063598768336355,11.161621938570958
3547,7.394070404048904,4.381845213061471,2.968618387228908,7.891500528025114,3.4074835074786947,4.803512275999002,11.241135509609753
3548,7.389855275095235,4.383071452909805,2.974980334433231,7.789557922469182,3.392366467348802,4.801196980174248,11.296719443247966
3549,7.389386734087822,4.391031143581722,2.962238630711727,7.835852461401174,3.403046397732279,4.79994967981071,11.25192161245518
3550,7.381884808527944,4.402935560840005,2.9652628493916184,7.8688308542223115,3.413682846466753,4.794063854300898,11.224931032017585
3551,7.380946369395182,4.400801958749097,2.966605657809316,7.878730629787236,3.4154513948283496,4.794242350956469,11.217719252053902
3552,7.391729052285866,4.409936503971302,2.975481838976801,7.854609802237854,3.410142164636515,4.792278411400687,11.330611651695929
3553,7.402958746280629,4.4190464693788805,2.985322475391036,7.8735625444577515,3.419867555314751,4.796740395765999,11.32883114309165
3554,7.411833209325463,4.405676786190416,2.970126768566398,7.897935662983265,3.4074835074786947,4.80404636863745,11.405066502542121
3555,7.411366477371776,4.408567893632716,2.9761503404796117,7.913235420516078,3.3807468999612165,4.807605011413976,11.408596195510366
3556,7.424886193734512,4.404915557590934,2.9709643272085136,7.879055205446897,3.3780580642057716,4.815421972168776,11.36791847741805
3557,7.434656350749574,4.41388716276439,2.9426519691197925,7.875390328487521,3.3816425597662563,4.820387807779713,11.251921612455176
3558,7.428144772707903,4.395156656747758,2.9397672163964486,7.860390755286376,3.3771611658536402,4.8164866412536105,11.31457393183242
3559,7.403426168776427,4.399887145256032,2.945871751416589,7.8992965251559975,3.3771611658536402,4.80849413614218,11.360824715917328
3560,7.4043608984638265,4.426922031273619,2.961734203143708,7.942396262778591,3.3798509309632667,4.806715672442412,11.398002844517478
3561,7.414632797456802,4.435232140915932,2.969791658952498,7.930804467417807,3.383432952977668,4.8143569963752055,11.403301122345031
3562,7.42069385300117,4.434024658348884,2.9753146830298767,7.843009836582288,3.367274733353638,4.813114136643856,11.242934129514829
3563,7.42069385300117,4.431608407373593,2.963415193465366,7.8102049536853295,3.367274733353638,4.8150670143284096,11.44557242544117
3564,7.42069385300117,4.432212630979176,2.963415193465366,7.79663811220339,3.353731987640597,4.8186150602741336,11.215915363179118
3565,7.423954828951837,4.4433714729846026,2.9769856924027467,7.76454438292995,3.3464799752510723,4.815244497509003,11.242934129514829
3566,7.430936359125342,4.4451775778037375,3.001244656212032,7.692183248030934,3.372672012465506,4.8200333262193285,11.192430330553814
3567,7.419761802670485,4.459292455358511,3.010152728144429,7.778677813457511,3.3699747803800006,4.8164866412536105,11.214111096312891
3568,7.411366477371776,4.460491036067175,3.008835181060146,7.759127439600134,3.360963630802591,4.8116932134341415,11.152539539788823
3569,7.424420530366801,4.454043723615028,3.007681710569622,7.701890507004942,3.352826603287247,4.819856072704185,11.079530732589438
3570,7.425817406362614,4.460191430222599,3.009494048521603,7.706512171351084,3.319100766816973,4.821805394587784,11.137987628681447
3571,7.429075453336339,4.466776713782515,3.011304965943138,7.721859327517848,3.317265010541025,4.821805394587784,11.179757914564908
3572,7.431401490733437,4.468719947210714,3.0131144659116,7.77184755174831,3.3319142023772645,4.822159706476388,11.161621938570955
3573,7.431401490733437,4.468122146481902,3.0131144659116,7.855079700193069,3.3319142023772645,4.8186150602741336,11.197855648649988
3574,7.433261638065856,4.438852021977421,3.0058679489988562,7.756370784471491,3.3200181491869585,4.824284866066885,11.257758465450518
3575,7.436515437678731,4.408263682835219,2.9771527261513757,7.6909520450049484,3.33465159926434,4.82463894079217,11.215915363179118
3576,7.443481628099938,4.405372315311108,2.98032405100092,7.600446281651775,3.332826993421888,4.823930757488028,11.215915363179118
3577,7.440231796499921,4.426922031273619,2.997108862712265,7.581597301153045,3.353731987640597,4.821982554771071,11.22493103201758
3578,7.452749504625612,4.418591552057521,2.9964464455999176,7.639523488812956,3.3726720124655043,4.82640880692828,11.282409342283609
3579,7.461079451561123,4.393476501242369,2.9924679307055815,7.696905767609769,3.376263957123419,4.830829777843855,11.412124466566365
3580,7.45969196841778,4.414190868846573,3.016893398979984,7.721982732023507,3.367274733353638,4.83047629410981,11.412124466566365
3581,7.458766792870979,4.431004076438972,3.017549975581121,7.7688920045427565,3.370874170111882,4.829415640687694,11.46487897338215
3582,7.450433477159811,4.433118765260962,3.0129500244061926,7.788884886225462,3.380746899961216,4.826767368396156,11.385627703464213
3583,7.450896757674024,4.4484862896633555,3.0078910814995603,7.716242644058112,3.3887918417280294,4.820580694241922,11.420938933729753
3584,7.435124116855061,4.451040827650965,3.0067472047102743,7.710187452744471,3.3798514773800963,4.817394945181949,11.438541335469498
3585,7.442088002562766,4.462138399858189,3.0108298802202085,7.735901635571465,3.395922073988088,4.815978175483941,11.376777578887792
3586,7.449506803540955,4.460191430222599,3.0024935480317376,7.654274478197468,3.4030328584343263,4.815978175483941,11.410360508678298
3587,7.431406568088429,4.478568659891712,3.0049485379066456,7.699043116155219,3.406581003455863,4.8134975213108255,11.394468876278097
3588,7.427221428077367,4.489132085018976,3.010503531551117,7.671098509534546,3.4198438786639436,4.80799870970429,11.508600740644354
3589,7.426756222875285,4.494133105378154,3.008381140990532,7.600188392608991,3.4260103501372483,4.803202738914581,11.394468876278097
3590,7.428151724634411,4.496630899307302,2.9911667612428214,7.586303605235637,3.43040613637996,4.798756456686248,11.376777578887792
3591,7.426756222875285,4.486776150712448,2.990343807082084,7.57506563750167,3.417196666521625,4.793770241214652,11.394468876278097
3592,7.426756222875285,4.488690470021963,2.997247478265072,7.583228148281479,3.4339174897267393,4.794126623507506,11.351949392340051
3593,7.4374463558403985,4.4838289649162055,2.990837614973649,7.567379609516306,3.4391757674375123,4.794126623507506,11.335950992066488
3594,7.421170797079743,4.46935113563379,2.9824283887810696,7.572798311276661,3.443549679367606,4.790204518453575,11.385627703464213
3595,7.425360379471979,4.46935113563379,3.0010192982020265,7.554452697046857,3.443549679367606,4.790204518453575,11.385627703464213
3596,7.412782376556006,4.501767733514846,3.0150682270482827,7.5391135920558074,3.4574978092115813,4.7839561706219,11.427984132563934
3597,7.404848610053491,4.502207678407025,3.010503531551117,7.473779318190413,3.4548881207041378,4.779844318591289,11.447329319059522
3598,7.402045812056079,4.501621072771494,2.9972474782650713,7.495888429952603,3.4574978092115813,4.779486548455592,11.399769293531644
3599,7.40438157302212,4.522822268809743,2.9972474782650713,7.5049305972931375,3.4574978092115813,4.7839561706219,11.369691017073604
3600,7.4099834870993675,4.520489181627201,2.99806796496205,7.550259973755992,3.4574978092115813,4.782168974729373,11.291355923684389
3601,7.419307771181017,4.514503474632591,3.001183150323808,7.527123471976827,3.4653115228877747,4.785028070835529,11.210501427728804
3602,7.4132487243147365,4.496484020281083,2.9733248648056394,7.472053696293088,3.4409262012965045,4.777697174269556,11.051990277592926
3603,7.41091660324357,4.501621072771494,2.9784603988676723,7.509000672761638,3.4409262012965045,4.777876150970663,11.059343134875682
3604,7.411383103930648,4.497071498894089,2.9811064898539774,7.533968475141955,3.4566281981949816,4.773219915195944,11.134345779333158
3605,7.407183219880982,4.4910450964309945,2.984904894377631,7.496957676882412,3.4295275662167843,4.771965301957202,11.233937278394459
3606,7.395968335752512,4.520051553133678,2.9972474782650713,7.538907870894206,3.421607204917263,4.772861498105081,11.300293280933907
3607,7.388947769869967,4.528065991403266,3.011808649876879,7.597917231492612,3.440051129391929,4.764967434352593,11.221325896705377
3608,7.388947769869967,4.534609541900114,3.011808649876879,7.646496459789214,3.4557583021120974,4.765865344920646,11.197855648649988
3609,7.394564917124804,4.528648139112045,3.0003637731526607,7.765905705261184,3.454017653711936,4.768198881744366,11.197855648649988
3610,7.386137109263038,4.528648139112045,2.996590878197363,7.821094414054475,3.4574978092115813,4.767839972908066,11.161621938570955
3611,7.392693152411993,4.518446442922127,2.9802799151487984,7.893484567818655,3.467044789648285,4.766044900592904,11.199663327332456
3612,7.388011037756929,4.534173687844934,2.9885322687092333,7.846368923709158,3.4627095033627127,4.766044900592904,11.251921612455176
3613,7.391757038521808,4.518446442922127,2.979287631160512,7.767835588122187,3.4713730261492795,4.769813536211221,11.323487428945416
3614,7.383793827413323,4.522530718646824,2.9908376149736484,7.74777492675359,3.4713730261492795,4.770351596177325,11.424462240549792
3615,7.383325054790451,4.534609541900114,3.0054392224601987,7.7850697024583,3.4791461872338854,4.768198881744366,11.403301122345027
3616,7.3720628598819395,4.516548536412709,2.987378726442585,7.907418047983271,3.4748305607736523,4.762272379321785,11.376777578887792
3617,7.370183647537285,4.5193220496378945,2.992153917095228,7.870082247657486,3.467910999915476,4.76011490402948,11.385627703464213
3618,7.367833754055736,4.52559077529009,3.003639535237076,7.921398238492874,3.4756942445035817,4.7556160679996395,11.230335908795078
3619,7.371123331716712,4.54650182228572,3.0114824393651016,7.883124956744428,3.4774207738068847,4.758316034471303,11.20689024454475
3620,7.380042560326293,4.547370399056455,3.0129500244061913,7.943914834357505,3.468776928445885,4.758316034471303,11.278828121052157
3621,7.37722747923673,4.5667125944852085,3.0267648788180503,7.896457673696394,3.4825936744283617,4.759755200961485,11.314573931832417
3622,7.379104355393591,4.5764873428762485,3.0293561503798276,7.986297569277275,3.484315752165972,4.765147034097768,11.2393365147617
3623,7.382387393220835,4.572465742733361,3.0272509623265513,8.014669920768698,3.464444465885638,4.769454785639519,11.2393365147617
3624,7.390820770181783,4.572609450650084,3.030165330875978,8.041893797595975,3.4713730261492786,4.771427479018199,11.230335908795078
3625,7.395968335752512,4.583514087773313,3.0422694245576225,7.9612502512115855,3.4601049344457304,4.771248187156361,11.136166897928064
3626,7.396436064883532,4.575769537643606,3.040014757950096,7.945338168796533,3.459236177079129,4.768198881744366,11.197855648649988
3627,7.386137109263038,4.571315867538015,3.0272509623265513,7.924529813149098,3.4791461872338854,4.761014006834516,11.228534659737353
3628,7.382387393220835,4.56498480796362,3.023359443229948,7.913302342814798,3.4791461872338854,4.758855788342167,11.233487189438582
3629,7.380511604537374,4.576200238382444,3.0332376529583542,7.981212575647209,3.4868967920084515,4.756156221018512,11.42270076408881
3630,7.397371407580932,4.5943850359269,3.034368539852727,8.025598575072538,3.500620509326873,4.760474571694953,11.447329319059522
3631,7.402980231639265,4.592385011101366,3.0345300503111856,7.981705346714197,3.510015059117176,4.769992898317586,11.424462240549792
3632,7.405315608717933,4.592527907644399,3.040659170633349,7.878705189585759,3.508309396083457,4.768378322966953,11.369691017073604
3633,7.405315608717933,4.600093153071288,3.040659170633349,7.8865995018300366,3.512571531191301,4.765865344920646,11.366145577677244
3634,7.407183219880982,4.601376208521507,3.052388598605746,7.842118941214762,3.5159763952263687,4.767839972908066,11.29671944324796
3635,7.40438157302212,4.5885246129307085,3.0549515987909577,7.84335906548768,3.5134231501654205,4.768378322966953,11.314573931832417
3636,7.396903755490079,4.600093153071288,3.05911051054668,7.826316965089559,3.528706553023829,4.762631834774455,11.394468876278092
3637,7.407650026841616,4.599380143019653,3.0520680264367326,7.833071416344387,3.5380041161567823,4.768916593866703,11.534730270552274
3638,7.416512089219214,4.607215350826002,3.0495018685299864,7.82042260559745,3.5388477718764775,4.777697174269556,11.560782925720863
3639,7.440695904564203,4.527338169643824,2.9875435537168586,7.811631064646777,3.529553104607476,4.783241396642192,11.539946931517939
3640,7.432340985483991,4.518446442922128,2.999872006911015,7.784297221210014,3.480870486778389,4.783241396642192,11.46487897338215
3641,7.432805468618506,4.495455692059919,2.9926473359748402,7.86984834494061,3.468776928445885,4.785563903670614,11.394468876278092
3642,7.441159708495475,4.473050259851769,2.965849432218874,7.882221103455822,3.448788839927408,4.7873494489601685,11.302079647799943
3643,7.440232062971522,4.463275923771284,2.93822711212788,7.933701416984192,3.401256977534276,4.791809521406832,11.179757914564902
3644,7.437448222051357,4.491045096430995,2.972661373269467,7.861082468536235,3.4189617712604896,4.790204518453574,11.197855648649982
3645,7.443478163526618,4.4957495313871965,2.9675127595810094,7.929835546494252,3.4127787004907377,4.790921134321104,11.271661231547185
3646,7.4420872034076,4.517278623375886,2.981975229331341,7.871890374378931,3.440993180502349,4.788950104554173,11.29671944324796
3647,7.42536919597576,4.511433617396363,2.9883556036962227,7.867802056525125,3.44624993653038,4.785184292337839,11.251921612455176
3648,7.433734321478808,4.524279652558956,2.990968066459101,7.836044434950959,3.461087659452465,4.789129332743623,11.341287058600058
3649,7.447185736258993,4.470387292330807,2.957930259728873,7.777561231948339,3.447999869273888,4.794860028316284,11.269868581464726
3650,7.4420872034076,4.458823813392463,2.9714661647370333,7.827040306517108,3.3985568546312175,4.796827895667734,11.242934129514829
3651,7.439304266768023,4.474676612798348,2.9800084560538496,7.7891625156412925,3.420744672898888,4.793607201154753,11.371463196846312
3652,7.437448222051353,4.472626077453255,2.9722889288442094,7.787736541723805,3.4101179878042696,4.793249172190089,11.424462240549792
3653,7.432340985483991,4.500205739764183,2.98786543564239,7.748666659608072,3.4366045462304338,4.79056284384164,11.420938933729747
3654,7.436519973402494,4.508045314149994,2.997974374774782,7.7461281848393835,3.4497486459194286,4.79307014464405,11.376777578887792
3655,7.44533225050833,4.544827976475062,3.021122469760111,7.807062501074849,3.4497486459194286,4.790025342665876,11.311005970738755
3656,7.430482674717951,4.5535696707592805,3.020961396548826,7.774742356573069,3.4706445523263993,4.785901887494893,11.35550060608808
3657,7.425834247220551,4.568138290466803,3.0230544764431175,7.806945588540522,3.4758429847710097,4.77853988082599,11.32348742894541
3658,7.430947309160706,4.555858958250152,3.0191888523682215,7.831369282130626,3.478438407260897,4.778899345892735,11.260899754164454
3659,7.426299260531488,4.55943297314619,3.0133782986478126,7.818672097286407,3.4749772827480565,4.775483004532193,11.29493197200826
3660,7.426299260531488,4.551565313692765,3.0038237607012523,7.917274090004481,3.461087659452465,4.773863625883854,11.293144132223846
3661,7.422112774394142,4.558861376012447,3.0051216107529477,7.9079692621878275,3.4619578882650415,4.771163070248958,11.355500606088075
3662,7.418388869408152,4.573834984286487,3.009010787196874,7.866123339886016,3.465435957639319,4.770802845705124,11.369691017073604
3663,7.420251126196073,4.578101447070417,3.011599938041359,7.865029203952296,3.4401160370235764,4.767018346900748,11.325269031923186
3664,7.415128453952333,4.611626040800904,3.025145670343122,7.886488315215559,3.460217145536286,4.763951836144395,11.450842053008001
3665,7.418854490690547,4.615987680836529,3.0245024266588105,7.860489479221254,3.487071652827344,4.767018346900748,11.51731916436825
3666,7.413730561240093,4.628059701061256,3.024341587891892,7.883331610773119,3.482758514549044,4.763410420232038,11.46487897338215
3667,7.413730561240093,4.628059701061256,3.024341587891892,7.979907186396948,3.482758514549044,4.763410420232038,11.46487897338215
3668,7.398331024262698,4.628059701061256,3.0253064534290344,8.024580566114816,3.5033985651964104,4.763410420232038,11.46487897338215
3669,7.402535036820816,4.64232471522165,3.028680330527697,7.997653470051743,3.4965361786893667,4.758534065401185,11.534730270552274
3670,7.399265518164186,4.639532155648346,3.0199947222657912,8.006418567288112,3.497394936324574,4.756364705873531,11.51383282677665
3671,7.3997327074697266,4.640509800502026,3.028519780720753,8.009060368104574,3.484484604398984,4.750211176960641,11.468384707349879
3672,7.394591510166872,4.6526382116106895,3.037173659749029,7.932526725011808,3.471511661962243,4.74313990656394,11.429744548509916
3673,7.399265518164186,4.686435773607876,3.0543857428565775,7.915572890330805,3.4930983975116137,4.747493081124543,11.429744548509916
3674,7.409068437308596,4.686711491986406,3.051525841013716,7.9469595916353715,3.489656203585986,4.751116758830242,11.539946931517939
3675,7.416526003479424,4.673868162397813,3.04228676319659,7.899546175067579,3.494817838715511,4.75491774987968,11.526028999879586
3676,7.414196563623592,4.665835014149664,3.0357335776744674,7.884646356658452,3.4706445523263993,4.747493081124543,11.46487897338215
3677,7.415128453952333,4.683263492307179,3.052002733751956,7.8709096026850025,3.4758429847710097,4.748580562655913,11.463125582654353
3678,7.41885449069055,4.678016190840455,3.049776403146601,7.8723516534941815,3.4810313096600782,4.750935660443679,11.508600740644349
3679,7.424904106788536,4.672069193385939,3.0489807718302298,7.940093378308816,3.475842984771008,4.753108247934408,11.46487897338215
3680,7.420251126196073,4.691808475929206,3.0542269509257958,7.820818928911969,3.461087659452465,4.749486549519386,11.426223363309317
3681,7.411866170043538,4.699509139301607,3.059461418286888,7.837822797377395,3.477573546775738,4.743502869881554,11.412124466566365
3682,7.410467475658053,4.701980864647383,3.053909334798652,7.806244058353621,3.4723784895687797,4.744591542834003,11.48064379778419
3683,7.424904106788536,4.70568528242162,3.0246632542852585,7.843220522748064,3.4723784895687797,4.7547368400494054,11.49113803453894
3684,7.42164741936982,4.70568528242162,3.030285219262175,7.813576343618869,3.461087659452465,4.7547368400494054,11.475391990716128
3685,7.420251126196073,4.719645593066679,3.046910863669725,7.857893399928048,3.4758429847710097,4.745498521796597,11.447329319059522
3686,7.414196563623592,4.719918787170822,3.048662443568254,7.817155781619611,3.4758429847710097,4.742958411336995,11.489389862085016
3687,7.42164741936982,4.730693524079217,3.056607701790392,7.81153038071931,3.4758429847710097,4.748580562655913,11.543422999656231
3688,7.422112774394142,4.735864940259111,3.0527973393532504,7.804387044991886,3.4982534193830173,4.748580562655913,11.543422999656231
3689,7.423043370443941,4.717049221032707,3.0475479535423866,7.798440789443959,3.494817838715511,4.748761778040715,11.560782925720863
3690,7.413730561240093,4.720328539711011,3.053115106170788,7.836330786074333,3.5033985651964104,4.746949218659964,11.545160522529216
3691,7.418854490690547,4.689329763510291,3.0365337330999713,7.84274849890434,3.5033985651964104,4.746949218659964,11.457863313183184
3692,7.414196563623589,4.722103598911147,3.0485032632000957,7.821108658082658,3.485347231806436,4.744591542834002,11.534730270552274
3693,7.410001167771344,4.709522892868013,3.0368537183804705,7.989477482330473,3.4973949363245738,4.737145780389721,11.443815180467594
3694,7.4058026755393795,4.723331977079302,3.0253064534290344,7.979293024941347,3.485347231806436,4.733508163322515,11.482393704883378
3695,7.4058026755393795,4.724287094708609,3.0320493190568074,8.026100592842656,3.4862095811999403,4.732598189926449,11.47714294089171
3696,7.39599411657301,4.726060217591226,3.0214445826284164,7.989340360082278,3.482758514549043,4.731687988563015,11.452597893726344
3697,7.386636852695108,4.755260202613514,3.0374935572223145,7.933492192692242,3.4723784895687797,4.731323844151368,11.482393704883378
3698,7.389445652561754,4.758640414079134,3.054385742856577,7.852010852965603,3.487071652827344,4.73114175825485,11.508600740644354
3699,7.381015075272957,4.770379243609247,3.06246991786724,7.822591935828873,3.4982534193830173,4.7265866406781445,11.49113803453894
3700,7.376325996605294,4.789860773239103,3.058193528070213,7.787790855475033,3.499111628107541,4.722208341627834,11.429744548509916
3701,7.375856875156481,4.778318696028506,3.0400511587765453,7.821015602821065,3.4965361786893667,4.7253101826270285,11.325269031923186
3702,7.374918515643774,4.790664683082879,3.0485032632000957,7.806696964119402,3.477573546775738,4.721660682364286,11.385627703464213
3703,7.374918515643774,4.790664683082879,3.0485032632000957,7.781540114337246,3.489656203585986,4.721660682364286,11.385627703464213
3704,7.370224383458909,4.791870218475825,3.060570261053895,7.836928787267708,3.4956771462341982,4.719469217406953,11.350173242695957
3705,7.370224383458909,4.79682216313137,3.0687910498883224,7.885451416042106,3.489656203585985,4.720382488861839,11.319923127167451
3706,7.366466271873479,4.823474931233276,3.075095267143887,7.903435706242619,3.5128058550941805,4.717093633596905,11.359050373808463
3707,7.352822134488024,4.849673537844664,3.0831088096911947,7.932164904088677,3.519626962603654,4.7103238118648205,11.394468876278097
3708,7.3570600494877025,4.84861858109511,3.0846769138672765,7.947131867332005,3.5247315148598117,4.711056295471695,11.445572425441165
3709,7.3476381358854725,4.824935272960397,3.078555421951381,7.913736822806565,3.5289779643966055,4.706292497111191,11.394468876278097
3710,7.350466361856548,4.777377625579624,3.062628153325928,7.865512419036946,3.528129207053395,4.712340495269255,11.30743654300483
3711,7.327327546147703,4.7399424473131,3.0344127438663544,7.8615403389668295,3.5298245779803765,4.69655780315966,11.280618916784553
3712,7.323540733555224,4.752012252441484,3.052106855623928,7.799579817524478,3.5051370133024284,4.694166030751142,11.203277545000498
3713,7.320698949449134,4.784228476259859,3.0519494633553834,7.802041967060384,3.5077014008492045,4.696005996515485,11.251921612455176
3714,7.299815140551043,4.778990741425348,3.0290146523564405,7.877552640788309,3.5051370133024284,4.687903108615997,11.215915363179118
3715,7.3064684236920465,4.767549179701721,3.046276284322726,7.874611616717576,3.500000893297377,4.683475652117474,11.251921612455176
3716,7.302667514457853,4.81456765769889,3.058393898475456,7.91545649147358,3.5128228632366643,4.6829218366287,11.269868581464726
3717,7.314062525495249,4.859344781573376,3.0741942408313316,7.934597241562271,3.523886130110844,4.681629268598221,11.29671944324796
3718,7.319751368700411,4.864676802643362,3.0709177383154045,8.021131565524264,3.5382855689999224,4.681813949633847,11.22493103201758
3719,7.331584665479549,4.86779445647709,3.0743501513179146,8.025374469572078,3.536595479862916,4.689009122010965,11.23573739937077
3720,7.32401422460854,4.871817580606616,3.0511623433686528,8.063469395089701,3.5425061980950217,4.683844815057421,11.278828121052157
3721,7.317381717478046,4.855568745611261,3.0598061648527866,8.100696597196938,3.544192616966374,4.682183283239868,11.232136781608318
3722,7.3244876757920565,4.826403598081932,3.0492721754161343,8.0923189225751,3.5408187328282215,4.68458302725958,11.210501427728804
3723,7.337728159419252,4.835059316052895,3.041854278693309,8.168675731282892,3.5298245779803774,4.686981171075214,11.251921612455176
3724,7.333475685354553,4.81456765769889,3.0309212911740286,8.121503006605595,3.5306718658246337,4.689930540324729,11.215915363179118
3725,7.340089258518268,4.797404083197336,3.0577659517819487,8.07100495502273,3.5111167902552305,4.697661163172159,11.22493103201758
3726,7.33111181122996,4.838594480207815,3.0569807821209123,8.065755236008718,3.52048687083939,4.696189941447658,11.282409342283609
3727,7.3462234909936,4.840557007361653,3.049114592520652,8.120268412285666,3.5340583717509757,4.69655780315966,11.262694263921135
3728,7.353293171049475,4.840557007361653,3.0654467588022114,8.103073285747275,3.537440655907327,4.705008286296163,11.319923127167451
3729,7.3443367456445765,4.86272694664089,3.071386088876749,8.083471857921237,3.5408187328282215,4.695270122914649,11.296719443247966
3730,7.3443367456445765,4.870779769388235,3.071386088876749,8.0887939468962,3.5382855689999224,4.688824810044136,11.359050373808467
3731,7.322593631802066,4.841472498770764,3.07294658596592,8.113681385796214,3.5425061980950217,4.681998621180622,11.376777578887792
3732,7.313588195024049,4.857652548606254,3.0787114706092735,8.118688920459936,3.5349043380118412,4.676824226652838,11.413888069372447
3733,7.320225179046887,4.871817580606616,3.077154780851791,8.224138452186173,3.5450354345645487,4.679412355547674,11.416532808235491
3734,7.3443367456445765,4.823513861301025,3.0549381106023348,8.323030841387048,3.5441926169663738,4.691404319346838,11.406831526864382
3735,7.337728159419253,4.8212793373925695,3.062471465043671,8.30974338538305,3.527281123511292,4.693061600217972,11.456108523620355
3736,7.329219996831173,4.863766996552755,3.0773104959878963,8.277105393274132,3.5213370863943223,4.684398488415395,11.394468876278097
3737,7.330165983529145,4.871298710997883,3.0788670832010836,8.335861723008376,3.5450354345645487,4.688087467785275,11.376777578887792
3738,7.343393136165708,4.866625641154907,3.0715421850592177,8.37272291651919,3.5450354345645487,4.695638078492142,11.382088729249881
3739,7.335366070275051,4.85661079268689,3.073102578908488,8.383545048826296,3.5408187328282215,4.693429781343373,11.383858395492467
3740,7.350466361856548,4.815621276035055,3.0684182957132657,8.319104273765006,3.5255841591189774,4.699131784962547,11.375006477551514
3741,7.3466950787156735,4.844740271696919,3.0720104116191904,8.34509795624203,3.5332121416298925,4.698580372052949,11.456108523620355
3742,7.3622354089645405,4.810218303838962,3.0511623433686528,8.279321416280712,3.537440655907327,4.71600103307037,11.498127262669763
3743,7.360354008495784,4.825090360824038,3.0459607040607177,8.173849104414439,3.5187856368590027,4.715452188355072,11.43678268312797
3744,7.365526353680142,4.791841803082232,3.0137049163112635,8.222649710460562,3.5238861301108435,4.717098472969179,11.447329319059522
3745,7.373041329908417,4.758423743404613,3.008899797423243,8.254136522423833,3.510263348689517,4.719657873583378,11.33950873317231
3746,7.401601080594509,4.69650891219757,2.972049331478793,8.299951530426698,3.4957132815282264,4.733884417234082,11.280618916784553
3747,7.397396376582304,4.703712387473783,2.940218801336899,8.268691960675387,3.4602932726887192,4.734248468396091,11.303865646960851
3748,7.391785257216065,4.712120899185899,2.9633975549438545,8.165424132874,3.4629009966089295,4.735340403152581,11.31858613704446
3749,7.397863719649232,4.726721490601596,2.9491238135093725,8.161256158301496,3.4602932726887192,4.730788508787727,11.302079647799943
3750,7.3987982904314205,4.703576605835956,2.9538917115761714,8.186340245612548,3.4190998739010587,4.730424110735091,11.287778399497704
3751,7.399265518164186,4.71983409816888,2.9655227325138798,8.176585155496984,3.434073940516812,4.726048478887629,11.251921612455176
3752,7.411866170043535,4.695148151217597,2.9189690231706833,8.146534448923857,3.4358300097671726,4.734612483096444,11.106982303350163
3753,7.405335984993049,4.69950078004399,2.9296190088584875,8.158412619227178,3.4252759935193895,4.732245735520856,11.127057421959782
3754,7.402068077895058,4.72375206281526,2.947971436285915,8.181455908084386,3.4296786417488208,4.729695204915546,11.152539539788823
3755,7.381483769753304,4.738306008617573,2.9874756631388664,8.2028632426425,3.443717894168623,4.71837839932387,11.116113211665544
3756,7.396461575052948,4.692833677847358,2.9568460613799363,8.17636517240699,3.45332679608204,4.723128456855313,11.033580199004131
3757,7.400199858356779,4.676316934118223,2.9645421279141093,8.099782630338654,3.414679447284388,4.728601571748057,11.018823275596594
3758,7.401601080594509,4.694603702961746,2.9560257944374815,8.182875983202175,3.4164485119613026,4.729148429510864,11.015130020206247
3759,7.411866170043535,4.689563652490028,2.9344282195419447,8.214153890824756,3.4235128687456675,4.728783866822025,10.944649317969564
3760,7.420716595279377,4.698277134062936,2.914795096604396,8.225551508374483,3.3826298066464084,4.735522360393874,10.931601411600761
3761,7.441159708495471,4.6423629011546765,2.943521045977451,8.288752295087866,3.3501796530514008,4.7522236314998905,10.784815466718157
3762,7.432805468618502,4.677958352428735,2.968462015196031,8.377874315665691,3.280293704582073,4.74097684873472,10.847233046391754
3763,7.438376319817241,4.678642055352579,2.967972398040938,8.302365547609243,3.3219047252755662,4.745697468602208,10.809460261537488
3764,7.447185736258993,4.678642055352579,2.972212257323525,8.291474029057106,3.3356251274624262,4.75041197986484,10.80377949997141
3765,7.440232062971522,4.703033428219847,2.9861806045447343,8.154584022448642,3.3383603987280357,4.743519481354656,10.879205725307036
3766,7.439304266768023,4.7046627160167125,2.969114674481499,8.213051080943355,3.3808376547899317,4.747330104981833,10.903573081946282
3767,7.434198691221619,4.715370565078133,2.987475663138866,8.24845154824023,3.3691583774408613,4.745153093865611,10.968827536257146
3768,7.440232062971522,4.69922889458209,2.9687883682007588,8.23246537699569,3.3754537598333694,4.745153093865611,10.968827536257146
3769,7.46014334724542,4.688745681937483,2.9354219475728494,8.162523093401983,3.3727576129770944,4.750593185526334,10.903573081946282
3770,7.45644416539424,4.684789534551402,2.9674826756526302,8.123381736230863,3.3519931838834562,4.749505816471185,10.90918625313757
3771,7.469380864758177,4.70629126916881,2.9597965711358762,8.112901130771121,3.363750114104611,4.750230765199253,10.907315614149379
3772,7.461039267016221,4.749585614155224,2.9712345276862586,8.168689344836807,3.3995939371909847,4.746604579118849,10.939059840404312
3773,7.461039267016221,4.742875772759178,2.9712345276862586,8.08317434331146,3.3942487723021824,4.745516019394724,10.799990162989642
3774,7.457327988108652,4.761097746458212,2.9869901018753184,8.12552796533967,3.3826298066464084,4.744608637767933,10.75438234258079
3775,7.477247913782553,4.731575319653946,2.976118993106538,8.15258545894858,3.3619448406141488,4.752042506819544,10.733394325483918
3776,7.470769951707182,4.733865152593581,2.9741664607775755,8.123748114581652,3.368257785647422,4.753858767569698,10.781017444557747
3777,7.501245164305276,4.688472983777107,2.9527417577348376,8.07742763008267,3.3556164165390108,4.766909250960811,10.752476545754934
3778,7.509068763588725,4.670977134285531,2.936249719655334,8.095088964246433,3.3237383761286274,4.775403271454524,10.695096720369774
3779,7.497559790166201,4.691743999248619,2.9571740851764683,8.091360429053772,3.3319735479445267,4.771429798944282,10.781017444557747
3780,7.490181954181489,4.690926523908623,2.949782051513532,8.113222806469093,3.327401730222624,4.767090180099789,10.729572575375627
3781,7.475397813591155,4.705612794576383,2.9517420309291875,8.164447316934348,3.327401730222624,4.760208573739203,10.813245276495818
3782,7.480484155085481,4.7005881170571095,2.958425872059955,8.153272933362498,3.3565581505545032,4.758939495324553,10.723836623279569
3783,7.479097417879769,4.69215266735225,2.9437280757029383,8.07908313005866,3.3565581505545032,4.764013167307328,10.637313069647718
3784,7.4814084605531,4.719293356711693,2.9979625550098534,8.092611930076732,3.327401730222625,4.752587479980031,10.675880761046136
3785,7.474009846940768,4.759092427648276,3.015335854969262,8.15064693619559,3.381802070327065,4.742401191162084,10.818919565251202
3786,7.445249682985739,4.759627286939976,3.001479647315302,8.164558942590798,3.382699104100184,4.731455589678413,10.733394325483918
3787,7.452685503533998,4.777304981560015,3.002278238122804,8.144954511253644,3.3728146309644274,4.729445315669008,10.666255865021283
3788,7.453614301781789,4.769663917002046,2.9942798390831626,8.06398961649394,3.3728146309644274,4.730907443477155,10.675880761046136
3789,7.457792029539244,4.769927667446996,2.9891462242366136,8.09372503280494,3.387179632636056,4.735290299242624,10.758192617057459
3790,7.457327988108652,4.775067009068997,2.9986024260477318,8.111896446191997,3.3925460970077053,4.727616827500563,10.788611747435692
3791,7.467064971780774,4.791490908036536,3.005948197311239,8.15529773287658,3.4262800101792994,4.727799717770545,10.828368108118564
3792,7.464284664616194,4.795683653358163,2.991714465968503,8.174142565629158,3.420982389937566,4.735472803575816,10.881082661408698
3793,7.4666016809006654,4.815013296509617,3.023420041143703,8.166025752810176,3.4262800101792994,4.736567637227683,10.899828875715619
3794,7.474009846940768,4.81488302985841,3.031633852923183,8.176953407768517,3.4456139645965327,4.739485583294128,10.839692202838426
3795,7.46984393112758,4.814752758616261,3.0276885277750445,8.189846176948928,3.4561004476549138,4.7330995321824485,10.813245276495818
3796,7.474472539793902,4.811624870355458,3.0292674610399937,8.242698002695162,3.447364597830702,4.740579209973702,10.691257127193536
3797,7.450362848008253,4.827627410874072,3.055166676749375,8.229804036800983,3.4499883785246714,4.731090168069296,10.711873869565386
3798,7.450362848008253,4.81943963423066,3.055166676749375,8.182056222373744,3.4499883785246714,4.730359214535036,10.635379900934247
3799,7.4461796895489165,4.820610425819825,3.057506995000911,8.209865591758863,3.4543555795186287,4.735107785746642,10.706604741048745
3800,7.446644636097232,4.8161854898517555,3.0554788540984967,8.270404904311578,3.4561004476549138,4.730541966711304,10.788611747435692
3801,7.445714705181258,4.832946261934187,3.0399758996449275,8.309209303417667,3.482137018157209,4.723041572035411,10.781017444557747
3802,7.440131939757886,4.829314702029921,3.0509482090050644,8.32182956220237,3.4674142318940846,4.716993380450241,10.854767067594475
3803,7.444319525077054,4.816836547827793,3.0354150832633424,8.255729728430579,3.4717529069398534,4.718277174136019,10.832144519808462
3804,7.449433521657406,4.8113640934297885,3.019936202273961,8.311056380417876,3.4499883785246714,4.716993380450241,10.847233046391763
3805,7.472621544463415,4.815273816040979,3.024685595983064,8.266431631082842,3.4350857439950993,4.724872366748087,10.858531525147043
3806,7.481870557510908,4.809016272115444,3.0208868591944515,8.324246157387321,3.447364597830702,4.734925263086599,10.940923412887114
3807,7.502626571721285,4.793980926629768,2.9731908975782186,8.27374316087533,3.4218660686164597,4.750225341382088,10.955817132384878
3808,7.501245164305272,4.7742768101422515,2.9994020148185205,8.346015948077898,3.3880748123417446,4.753132371752337,10.896082993383315
3809,7.5007846215214915,4.783485221704588,3.0084977740512517,8.382185380404666,3.39075850474376,4.753313984262656,10.896082993383315
3810,7.515963132553707,4.779410061835041,3.0000414859804665,8.34316718020188,3.382699104100184,4.761296004570669,10.838749116845538
3811,7.510908068028759,4.7963383386087095,2.997482534962586,8.329802395633644,3.373714778604786,4.760208573739202,10.873102767896272
3812,7.5044679330642845,4.80797231657031,3.0188266096202323,8.34400989125692,3.3934394332136133,4.7583954696047615,10.922269044020641
3813,7.5044679330642845,4.823730727364238,3.018033718072061,8.392427818591552,3.4139022295507218,4.757669975924994,10.897956144191948
3814,7.505388393077243,4.81553431721393,3.005948197311239,8.328508985255404,3.4085795311657043,4.755492629766652,10.889992354425075
3815,7.486027758340149,4.829703967876563,3.0240529047993996,8.359130683322583,3.4130158639518933,4.745678461582562,10.93719585428858
3816,7.509068763588725,4.785061489449508,2.970763679540124,8.40349753966063,3.4289248235643264,4.754040343934888,10.922269044020641
3817,7.5256014322131675,4.777699776141974,2.977391972102324,8.38371754652159,3.3943324631900427,4.757125761081796,11.079530732589442
3818,7.51917768729349,4.766629420361666,2.9602157543853376,8.341839309877747,3.375514135985668,4.758576820513111,11.051990277592926
3819,7.511367802474886,4.77993614322964,2.9844839456415326,8.292500044530302,3.372814630964428,4.756400015116132,11.112462021068858
3820,7.520095802773317,4.762139027889478,2.9435642295917965,8.275432566256733,3.3592746825244832,4.76129600457067,11.074029777795383
3821,7.5338500526513075,4.773486440817297,2.9465116441758847,8.289485069101211,3.3255683872499664,4.767090180099789,11.08869109297933
3822,7.543915751561714,4.775988692588051,2.9328886389121545,8.240150555395212,3.308085547306253,4.770345376303949,11.053829089212211
3823,7.543915751561714,4.762271176983644,2.9328886389121545,8.214636222108131,3.275561349936322,4.768537291318132,10.97810838884829
3824,7.536596980028721,4.762799725600649,2.958588646922673,8.27155238262181,3.259611058858912,4.765099467362921,10.987379032595742
3825,7.532476099605492,4.763328197825124,2.952394980806845,8.174631071646765,3.3043895849533884,4.762020778769001,11.033580199004135
3826,7.555332851857006,4.718399785431904,2.9322300251519526,8.039009557128788,3.2914111058379354,4.766909250960811,10.978108388848293
3827,7.557157503318292,4.719335910465207,2.921831331587156,8.089778390326757,3.27275394820947,4.767632913855578,10.939059840404312
3828,7.574008398118743,4.686966124496834,2.8950353695833413,8.019009064041928,3.261492839441719,4.7759447750144775,10.866055344781794
3829,7.578554319108054,4.705000065629164,2.9008880197467852,8.049320125347423,3.276496454317725,4.775583781527893,10.922269044020641
3830,7.5871817974088165,4.693840427841489,2.874851126017725,8.07140979568206,3.237868048271557,4.780454198138121,10.888586192096476
3831,7.5871817974088165,4.701642359704056,2.874851126017725,8.025861904896228,3.2397662946935304,4.782977056594829,10.852884200955247
3832,7.588542863056556,4.711840124859701,2.902390502937781,8.05668202264356,3.2397662946935304,4.782076234736745,10.834032082706132
3833,7.619760043248401,4.695725198882977,2.865368344993781,7.937515432188593,3.27275394820947,4.781175191786165,10.865115238447034
3834,7.601683471484482,4.693840427841489,2.882610182186196,7.903034773863557,3.279299683888234,4.775764282714142,10.862294283502457
3835,7.585820413645246,4.752081684392032,2.929263875679604,7.943419848490945,3.2699434060634713,4.766185444937014,10.856649508903159
3836,7.602588630018903,4.753141657718606,2.918851407937459,7.84869745650758,3.307162061091841,4.774861687899569,10.852884200955247
3837,7.600766432324415,4.781908277085205,2.9262938087238735,7.8190079082037744,3.3228159017209444,4.763288787982938,10.847233046391763
3838,7.62077940803975,4.770586960462586,2.9108855054170144,7.7883517592707925,3.320060443027264,4.774681142265598,10.77151475581165
3839,7.622595376683092,4.764384913218668,2.8988831306208747,7.858967215574345,3.299762046020976,4.777568806051175,10.784815466718161
3840,7.622141437356067,4.797516478816611,2.9223276007656604,7.828348518718414,3.3173020022633297,4.78061961122958,10.777217678741719
3841,7.606686496189573,4.800133219822118,2.953374053082163,7.865667935284934,3.3411100708371975,4.7705602939649125,10.748663631522716
3842,7.581598895829175,4.811233698062584,2.955493927264871,7.904051321328953,3.342021357235449,4.751985837261507,10.809460261537492
3843,7.576110850028129,4.819439634230658,2.9667125658419593,7.953184606251811,3.3365487743150033,4.741484686392342,10.773416167052703
3844,7.613055245067388,4.818919163474308,2.9186857404098925,7.997573121734102,3.35565200324106,4.742209876330046,10.786713824619184
3845,7.593928117387898,4.830352653486337,2.9305826471238268,7.92145072789704,3.3411100708371975,4.734588163529647,10.765807897163146
3846,7.577025883913199,4.794504926442731,2.920888780605219,7.891813830292503,3.303536083972064,4.735314729487659,10.693177148262746
3847,7.564660757819473,4.788736819742041,2.896718545683476,7.888472345221879,3.306304278685413,4.73040758775044,10.681650277227515
3848,7.574738029218219,4.751551582220937,2.8781652541748945,7.872831734473033,3.275686246061907,4.733861452306707,10.67395668619639
3849,7.589364780933229,4.765309288817212,2.900543604952883,7.817291500090912,3.269143427121409,4.736222732778735,10.675880761046136
3850,7.601222035092595,4.764781102792795,2.907842859175884,7.861491782953067,3.259766846133195,4.736404306228634,10.712352713854989
3851,7.609871738483232,4.780330654786289,2.928122067110872,7.908237846998219,3.2550653542951578,4.741665997420967,10.672032159463065
3852,7.578398164915223,4.808966468536823,2.955690566224851,7.926582235797938,3.283142970187209,4.732771112924589,10.675880761046136
3853,7.553188045623249,4.808966468536823,2.971202685653388,7.952417718608186,3.283142970187209,4.732771112924589,10.675880761046136
3854,7.572449274059377,4.809224602717549,2.93680410409549,7.80278358638005,3.3081480658960274,4.725493806254753,10.687415737005216
3855,7.592559491564095,4.823008560636572,2.925165811262872,7.735186275476666,3.276619545613188,4.732407593744252,10.69509672036978
3856,7.635744331459151,4.787997344699476,2.90154036648729,7.679881199698664,3.276619545613188,4.754696736975631,10.71426781226348
3857,7.633932436242063,4.779289869999731,2.8887145470734366,7.710526962668676,3.276619545613188,4.756864008042474,10.856649508903164
3858,7.652477883140207,4.755924647615232,2.848423881906292,7.600543553995362,3.220950142112464,4.766060594744792,10.77151475581165
3859,7.65744354064261,4.7568411814578235,2.8477432342251325,7.613224565171787,3.201792194699728,4.767861138235535,10.788611747435697
3860,7.65744354064261,4.770300818738821,2.812399080125876,7.6386029813550875,3.2085144286726024,4.763898772299628,10.855708341398524
3861,7.666461278595233,4.743463152624947,2.823957765045905,7.626618024047422,3.2152183670331755,4.772718187137841,10.826479258787291
3862,7.647960004043185,4.733858425443034,2.8387045699020628,7.642095954795928,3.196015612838552,4.773257461894083,10.815137136966673
3863,7.666010719830016,4.723435587666361,2.815855905759217,7.634165898991515,3.1737449763576215,4.772538411246815,10.873572384574965
3864,7.6673622926659215,4.734780526987988,2.823957765045905,7.576773570213558,3.1737449763576215,4.777389267887872,10.93719585428858
3865,7.684455425835541,4.691585978336542,2.804600916592854,7.536024564405195,3.1542123927441543,4.78115772541299,10.815137136966673
3866,7.6822091593128,4.664693575308191,2.802516630693274,7.582116873544708,3.105678820140581,4.789219990629897,10.786713824619184
3867,7.697466940034573,4.637191711521874,2.7731219042727537,7.511250257424186,3.1315533319518147,4.791366944365142,10.724314771927194
3868,7.7032903978675416,4.619690610593545,2.756673867307733,7.581243104195087,3.137484949005043,4.790830323421668,10.754382342580795
3869,7.7032903978675416,4.466661664475734,2.756673867307733,7.555795316310449,3.0875999128951506,4.801012766993768,10.677804384305787
3870,7.73410399486311,4.4702123981543584,2.751518688703729,7.573977239859008,3.0065695084113835,4.788683056273341,10.71426781226348
3871,7.744784360897747,4.3673169436933685,2.79171550189307,7.577285344228594,3.037672358694625,4.807429316524925,10.68357254747512
3872,7.701051285211743,4.47290850069746,2.789443836214546,7.613097958598782,3.0642964766188006,4.7870717824820375,10.781017444557753
3873,7.7122383827908525,4.456985017666037,2.7817371797986827,7.604900973153122,3.124614562193017,4.793155115707232,10.875450587152885
3874,7.7108970472290945,4.485933478626938,2.808416876030363,7.566506473778283,3.0632780411400673,4.79422760153656,10.87357238457497
3875,7.696570513974902,4.492709604898869,2.813609598407779,7.554421614132326,3.1006706710258762,4.7874299043714466,11.123410910265973
3876,7.680860988639119,4.486781223485391,2.7878697318714023,7.577226724233517,3.099667776100536,4.782950869859803,11.105154948030368
3877,7.702394854549713,4.490452375980634,2.822064300472001,7.590330474996124,3.1136700488071405,4.7965502493821965,11.233937278394464
3878,7.7122383827908525,4.515341250633874,2.8567446829754464,7.588463852614458,3.105678820140581,4.798514423132158,11.143447496176346
3879,7.70552866306698,4.5220600465679945,2.8393880411714503,7.585185658225294,3.1453711220882163,4.795657096693316,11.148903881310837
3880,7.72340438237083,4.452279120366395,2.8129179567654274,7.583434357861037,3.1335321628232826,4.809031711764581,11.079530732589442
3881,7.719387046079282,4.465951076415224,2.796425899353966,7.5015767933230935,3.0653144713859963,4.803509418531569,11.106982303350168
3882,7.697466940034573,4.475319009910297,2.8129179567654274,7.485050207631327,3.0774962240472887,4.8051135166298895,11.179757914564913
3883,7.713132437703564,4.4462804098775095,2.8000824089495047,7.502580289803839,3.060220085144818,4.809387705158617,11.206890244544761
3884,7.720280022806219,4.462538201745131,2.8002563733464254,7.487467212590389,3.060220085144818,4.807429316524925,11.194239150482174
3885,7.7068712157767045,4.510574213190846,2.8146466458191544,7.47173976208298,3.0551146280602905,4.798157378532121,11.12523436072153
3886,7.710449867828889,4.525973346354683,2.8381918257479257,7.5149930040681125,3.0673491408944606,4.79422760153656,11.194239150482174
3887,7.688047674311308,4.510153277101455,2.8106685900520505,7.479735130828683,3.1216346510418886,4.784922317890923,11.41212446656637
3888,7.696570513974902,4.48833488073893,2.8040800343023435,7.371402257789669,3.119645983298588,4.792082317202043,11.427984132563939
3889,7.696570513974902,4.515901647687329,2.8040800343023435,7.353504815791483,3.117655662885343,4.7833093936821465,11.438541335469504
3890,7.670964970556151,4.529603182471075,2.813090887942415,7.381570119837017,3.134520968120844,4.785997207369009,11.515576167430304
3891,7.661503233672922,4.511275659653358,2.8222365019961266,7.48316262482637,3.0865914821483824,4.781337079277339,11.552107210357862
3892,7.6956739518949435,4.487063758744398,2.797645427594893,7.546246248333061,3.1275907761065564,4.783488642467629,11.64192362369941
3893,7.69612224994103,4.460403427443851,2.7924139917201765,7.539656859208436,3.1086786668249045,4.784743139063442,11.598855728450937
3894,7.670514756352633,4.482964726917889,2.819652040496785,7.549991928468068,3.1473386451344614,4.780440222301039,11.572914698759535
3895,7.679962036919644,4.519262129459992,2.83031458853445,7.461235700664134,3.1463550839422876,4.773257461894083,11.698457436651877
3896,7.683557021873153,4.513238954354447,2.8297998632250763,7.523757424532565,3.15813150301883,4.771639399445696,11.901098102509934
3897,7.714026357645989,4.489040857050718,2.808936711039042,7.4972029242747436,3.1483218061159537,4.787250847788802,11.97428382575313
3898,7.759084479998902,4.440271138767624,2.785944252966124,7.40873411620113,3.115663685995281,4.8051135166298895,11.926113516403852
3899,7.756390602532054,4.433103403470162,2.7731219042727537,7.38225303486496,3.057158143658537,4.809565688984736,11.967654655901844
3900,7.750100144208166,4.388758543592343,2.7669467269400987,7.398609134157044,3.0530693304395227,4.817743689519917,11.926113516403852
3901,7.731188744903946,4.41194231098743,2.777697609374168,7.338265461247053,3.0551146280602914,4.807570214328586,12.091165384714513
3902,7.744253043410464,4.401384447582385,2.735259815304076,7.353992647345125,3.0805318637179453,4.815960893820958,12.08298245350965
3903,7.76446858323157,4.367902204029453,2.732028830981057,7.353086730083526,3.033549294103564,4.821306705280792,12.131972280889812
3904,7.785956529064122,4.353827653933677,2.7079995296860795,7.364368723403774,3.009698649820153,4.829666320619705,11.970969838557528
3905,7.7474021965695785,4.39761613541834,2.756673867307734,7.44365394314406,3.0169835492834958,4.818991135379404,11.842460809581185
3906,7.777012616370073,4.399065983863227,2.743851563380868,7.413582712571745,3.044870233321819,4.822374941413621,11.942752559822331
3907,7.7734312972681305,4.389630814667456,2.7637609495904067,7.355555602664371,2.995838964045025,4.820416272937692,11.942752559822331
3908,7.810928569738554,4.341905986507057,2.737770283221124,7.3943965100079,2.979968886862918,4.82753374316635,11.876014009232529
3909,7.831807262395174,4.298720206776965,2.715621921487604,7.455398102086815,2.929514664743897,4.834460140723681,11.648795248664364
3910,7.8046953152953105,4.348387235969568,2.7695915924809533,7.47368868057817,2.947893975571354,4.822730951635858,11.724037346880994
3911,7.825595664250011,4.326240085211929,2.736157584595293,7.488334341669261,2.985271125413057,4.823442869401971,11.604034872568905
3912,7.825595664250011,4.33647929646371,2.7586237916254497,7.501640596478296,2.985271125413057,4.820772471583278,11.463125582654362
3913,7.825595664250011,4.33647929646371,2.7586237916254497,7.542513172490558,3.0021564267237437,4.820772471583278,11.463125582654362
3914,7.784615795395659,4.33647929646371,2.80459193962303,7.4885640953776225,3.0021564267237437,4.820772471583278,11.463125582654362
3915,7.794440867898677,4.3866341999294685,2.808580610568564,7.478175228542541,3.03763296499861,4.796651655955032,11.578108962175465
3916,7.798455569546164,4.374959837137954,2.7974633152621027,7.583583385214972,3.0397030465151555,4.793064745480761,11.643642025185965
3917,7.789530349439216,4.387641196653236,2.7892622577631903,7.615750661645612,3.0251736932861033,4.789833533895448,11.7918975642985
3918,7.7997932053208805,4.385051167855446,2.774174195738392,7.578687471430977,3.048995773648639,4.787138687024169,11.75803122505261
3919,7.806922221801184,4.3860586380117335,2.7752303201399124,7.62866816479695,3.0116002818095917,4.79252640727279,11.70869813640941
3920,7.771191881003783,4.440162581138472,2.8179164375417955,7.693543842840911,3.031411667046487,4.78156306580803,11.672804460377858
3921,7.7626744226206155,4.451897082817334,2.823085643533144,7.719805546014942,3.083773315949795,4.779042265298917,11.631606269032655
3922,7.7626744226206155,4.44511578530288,2.8284142357712607,7.589126937308518,3.107012551113701,4.779042265298917,11.586759328886156
3923,7.787743706287724,4.44850811722777,2.8258375190160936,7.591120537382565,3.092894021789733,4.783002746351813,11.65566159755986
3924,7.76491703901261,4.463310110417731,2.821191700433718,7.624580228330502,3.1130378385402167,4.773273922024258,11.74105031143716
3925,7.76491703901261,4.444691506655524,2.82549372548928,7.567332914842896,3.092894021789733,4.774356177934498,11.724037346880994
3926,7.785062740037141,4.431370622094383,2.8023342012702166,7.520832226071247,3.076655065770407,4.781203057437056,11.901098102509934
3927,7.766262203976101,4.428387543906774,2.814981730164741,7.611690590488493,3.059277945544363,4.779042265298904,11.876014009232529
3928,7.785509651257657,4.39396400911752,2.781731551789856,7.628193766117405,3.0999637562639424,4.791449494485154,11.901098102509934
3929,7.776565068965936,4.388791681550226,2.778922639530826,7.6320792794326024,3.059277945544363,4.792167471369481,11.829004799560034
3930,7.762225798061029,4.4007048574031895,2.7871633312682684,7.695613876032364,3.062353832776207,4.783002746351813,11.74105031143716
3931,7.7384001864214715,4.426823933994306,2.826009395350435,7.720933706034916,3.0827577336549528,4.77273267418823,11.850860712152157
3932,7.732090654244252,4.425544081496982,2.818261435563285,7.746560212809717,3.110027095500669,4.76496598535672,11.842460809581185
3933,7.725774408311239,4.464997698556199,2.831845109036678,7.6889020821250895,3.114040577099674,4.757001569133582,11.869313251741946
3934,7.733443261369092,4.451755943007161,2.8306449195141528,7.747139186470311,3.1369885071716808,4.758632066971721,11.810470164994937
3935,7.728933371733068,4.423836861159335,2.8129077701895797,7.758811536989826,3.1210480027124063,4.755370343000604,11.884383036937916
3936,7.723968530707499,4.446246937219868,2.811004888895532,7.793093237542887,3.127038097396983,4.755189050656895,11.89775753626186
3937,7.70180174088232,4.466684456262676,2.8253218082908322,7.719187742146168,3.122047391573214,4.750472285812727,11.74274984233161
3938,7.694091775607583,4.483506606930985,2.8359550233453,7.739113339161573,3.1488749940972407,4.749019745681228,11.732547845992544
3939,7.702708134821989,4.488257960492232,2.8455147781587447,7.715584037809401,3.1547963779976373,4.746658132919023,11.754637598389278
3940,7.704520506033503,4.47650738389521,2.835099431135009,7.761459010834875,3.1547963779976373,4.756095422363626,11.672804460377858
3941,7.716287407760268,4.4903520644053385,2.829272462175148,7.768694649343212,3.147886685839898,4.757001569133581,11.585029928595588
3942,7.714478636727419,4.4903520644053385,2.852147829318764,7.820379160149599,3.1429390702372544,4.757001569133581,11.471889045949203
3943,7.691368207398719,4.513165122680813,2.849088920582547,7.842604350239862,3.170516393810952,4.74756662661249,11.595401291497572
3944,7.694999352656995,4.5175989669452745,2.842958234707053,7.818436478508216,3.170516393810952,4.74756662661249,11.595401291497572
3945,7.688189122538301,4.518014349290539,2.8533362515763505,7.858063330302511,3.170516393810952,4.754463791233151,11.68136360660101
3946,7.696360456853538,4.519813764895835,2.8327019817725687,7.8250114560137245,3.1773620739511914,4.750109205020319,11.610935717813561
3947,7.716287407760268,4.527278292183666,2.8284142357712607,7.897968942452082,3.1597198285094144,4.766592935553068,11.54516052252922
3948,7.723516975365046,4.501499199185485,2.8352705764826966,7.889814837929551,3.130027547311044,4.777601029919457,11.54168513604746
3949,7.722613761499593,4.51621399968525,2.8579141382387943,7.934875289047493,3.141948329034298,4.774536522853398,11.61783122470304
3950,7.690005952080253,4.519398597969994,2.8645098274900085,7.962019043867809,3.165614809949498,4.760804932740111,11.64364202518596
3951,7.679551534376004,4.527692518215249,2.861637217966895,7.969083894351787,3.1763852960695207,4.751379829686847,11.64364202518596
3952,7.70134849180323,4.5292109248415615,2.874618585997826,7.962203541267141,3.190024763790163,4.745931174853422,11.758031225052605
3953,7.6995351479197724,4.549164636051534,2.870243817518489,7.901097480789703,3.190024763790163,4.749746088074236,11.802032793252073
3954,7.704520506033506,4.56381630975079,2.871085793558801,7.861360788545026,3.190024763790163,4.743931291893267,11.74105031143716
3955,7.720806920843424,4.5319699666868285,2.867210036413025,7.836500908746304,3.1832145457334096,4.74883813747137,11.732547845992544
3956,7.710859436438123,4.509419648359106,2.8521478293187643,7.842592576864778,3.156766958524158,4.737378529058631,11.796966596568543
3957,7.685462829148991,4.522027150059253,2.8567281962293536,7.8404199679073034,3.1646333062291454,4.733732998306454,11.735949795034985
3958,7.7036143898527465,4.483506606930983,2.844833325840394,7.798762796890218,3.1685569454488074,4.738653601868861,11.74105031143716
3959,7.7036143898527465,4.486721475049241,2.844833325840394,7.822735324105021,3.1340077046180226,4.738653601868861,11.74105031143716
3960,7.68728049801165,4.491468399856863,2.8590994395563905,7.855904545085086,3.156766958524158,4.732821044036909,11.734248981102983
3961,7.6672552535262835,4.505809061371129,2.8675473296811056,7.859590719543087,3.1379812885393314,4.726248204959926,11.68136360660101
3962,7.654933231841356,4.525068252417733,2.8779779004154085,7.943080064909248,3.178338460850488,4.713433483376305,11.538208385882475
3963,7.662802620293846,4.525206421094633,2.8831747668608925,7.933007262071092,3.1977847534279946,4.715450230042737,11.63504671142918
3964,7.689572237054112,4.492584374009499,2.8719274480897936,7.952741651865061,3.2074503801033827,4.727892530683093,11.612660094560196
3965,7.714387011569102,4.490072924051562,2.8685588995487548,7.927306092601224,3.1832145457334087,4.717282661634179,11.61783122470304
3966,7.7079635420709565,4.488537247878829,2.875122809122511,7.969155797272774,3.2016555655113903,4.721493739510361,11.536469498955771
3967,7.687729953571243,4.488537247878829,2.910963323895236,7.971050832759716,3.198753028490124,4.709044982178924,11.569450168706751
3968,7.710717311084952,4.4431353667359375,2.8700753836993877,8.024153427027553,3.214193807847422,4.718385560490533,11.665951252755182
3969,7.688651167187841,4.436478393614352,2.8638342570145263,8.072857557425332,3.1861355324562193,4.706660187451487,11.659092796982073
3970,7.659563559271997,4.4359112417329065,2.853505973557493,8.074825018622962,3.1685569454488074,4.699128581454298,11.66080790354793
3971,7.667888973092701,4.401421177682458,2.833215943393161,8.002359160661968,3.181265279978622,4.693239311145739,11.672804460377858
3972,7.634981118728799,4.410576699157228,2.839033992793309,7.9522244695839435,3.1519000463608795,4.687155901982854,11.65566159755986
3973,7.625677885253771,4.421986403485971,2.8602915935323088,8.050289115519675,3.160746944633285,4.681986144423743,11.647077837492876
3974,7.6317266673114705,4.426823933994304,2.8678941509842772,8.138260952100692,3.195816341463598,4.683463976544117,11.69333270515048
3975,7.643341421989408,4.438746057309313,2.866881993677656,8.111134661875514,3.200647561027089,4.688262741235379,11.800344375818462
3976,7.663265197727395,4.417427127969963,2.856056553595576,8.186489984149608,3.2045057082779644,4.687524886226549,11.891072735946087
3977,7.646125544190821,4.419707531526063,2.8660381735491547,8.244260760450004,3.1754205158760693,4.677548998120884,11.859252866465406
3978,7.665115143854367,4.370869711806947,2.846029285158997,8.217723525638492,3.157801565449089,4.683279280747874,11.98587338388675
3979,7.657711865929096,4.379724319000155,2.831330297986824,8.078281016804866,3.146971096124155,4.686971395671478,11.990835871494442
3980,7.678509897450538,4.368151521325552,2.812902087482302,8.111295602274964,3.1519000463608795,4.690106717299712,11.904437447800625
3981,7.674356163706186,4.382290647735005,2.8272104741796618,8.150779378040516,3.1499296718064085,4.689184847334763,11.842460809581185
3982,7.699694535780441,4.333335741422497,2.796582063768004,8.155597724420922,3.146971096124155,4.704457440604009,11.901098102509934
3983,7.704749191000073,4.318551632755341,2.800586711705124,8.131956135309169,3.1151847387368434,4.703722893037388,11.942752559822331
3984,7.706586176877772,4.32072989995314,2.78452306185008,8.223835831044033,3.109177605781169,4.6888160332405215,11.926113516403847
3985,7.706586176877772,4.284236794588508,2.7846983159705228,8.16138207206611,3.1081749462913395,4.692318242787721,12.000752829430095
3986,7.716221009393861,4.296689761768583,2.74864431685043,8.175623189533963,3.092074735472989,4.68457195214099,12.078069227954252
3987,7.7180544395895145,4.3061809908356885,2.738459661166424,8.219137105643057,3.0849964426544707,4.7007832074401135,12.051821272852106
3988,7.7180544395895145,4.281593639888349,2.738459661166424,8.25313234257755,3.0890437683102805,4.709044982178924,12.022203033174003
3989,7.7345298480019515,4.288637338284843,2.7255238811762,8.272755493951268,3.1001384552902937,4.72204196507727,12.249715327341223
3990,7.745488105879876,4.289663285840257,2.772043096313616,8.240400790466827,3.0636335442681824,4.720762643079824,11.984218626493323
3991,7.754149092437274,4.3000513164649234,2.7377430945207597,8.113741111784416,3.073830473519531,4.721493739510361,12.050178302284197
3992,7.759157593448579,4.29625104550346,2.7507821993870896,8.120373081128001,3.065676465173034,4.722224688510042,12.27100172566908
3993,7.722635534888822,4.246443421380992,2.7555845390710623,8.083598158836963,3.069756995933122,4.713443551926208,12.277418363904928
3994,7.738641563467162,4.249411807294709,2.736129925683361,8.11549260417378,3.0666972609476773,4.7225901077490064,12.246900312546499
3995,7.751871107450628,4.239010605900642,2.730743727032124,8.074746433328906,3.0369123788950905,4.7238687851411205,12.099341108609691
3996,7.735443808582539,4.2507467001626775,2.7748618660768005,8.176074427021017,3.0348441978633542,4.722407402733524,11.95936146128238
3997,7.706126983882956,4.2922999701756,2.789249890228424,8.121047997558483,3.0533922134648566,4.712344410841545,11.956042085098428
3998,7.697395535756652,4.307347259857463,2.785223992150302,8.10903134330737,3.044136606931179,4.696185148824469,11.791897564298495
3999,7.702911634440412,4.319132643928911,2.801282411133837,8.141830956119241,3.044136606931179,4.686786879898645,11.817214413586122
4000,7.6937152742050054,4.324647180294846,2.8313302979868236,8.187972425757007,3.0829701837399845,4.6842026648722,11.791897564298495
4001,7.6812774280227405,4.347478457596107,2.8381793714703214,8.148277444112741,3.0981250880041897,4.6825404026655235,11.758031225052605
4002,7.714845564267123,4.32247148434181,2.8106524148227985,8.095213176726052,3.1271539552553294,4.69563298762075,11.65566159755986
4003,7.692794850447825,4.317389304842536,2.816703895870844,8.041942127395513,3.097117764946501,4.68826274123538,11.689914591525072
4004,7.717596135229238,4.290835406099314,2.7969305905533357,8.036314771819027,3.0981250880041897,4.702988196021903,11.766509714863805
4005,7.712552445628576,4.321455671222639,2.8256635225430466,8.03400971837114,3.0748477448056373,4.710878369717641,11.664237131260435
4006,7.713011140401201,4.321165381768772,2.832873220374954,8.069953248982491,3.099131984619026,4.72204196507727,11.68136360660101
4007,7.7345298480019515,4.336082392947967,2.827554091510054,8.026187586759315,3.097117764946501,4.727519667227265,11.698030487384852
4008,7.7404680794396965,4.312735911721052,2.8316732642692157,8.015835170141685,3.064655226457323,4.731895883724345,11.626443118637694
4009,7.7345298480019515,4.3018038129962255,2.8090935741104515,8.025504784880143,3.056469306748807,4.730802323933441,11.531250788572242
4010,7.730872598080165,4.34690237678999,2.8374954329853144,8.026263318642084,3.052365617630024,4.735538707746463,11.572914698759535
4011,7.723551329258149,4.361274680566545,2.8450069830376883,7.962137864964061,3.08499644265447,4.7300731011051464,11.58157011879957
4012,7.7568815242809315,4.355245837358372,2.8289280172229367,8.013233646529969,3.0748477448056373,4.743721744575799,11.598855728450932
4013,7.747768535648459,4.364714865107103,2.856904215849022,7.958338040567898,3.079927538712828,4.745719247696856,11.491138034538945
4014,7.735900736129067,4.375871149097843,2.888708798689581,7.948185805219724,3.1021501207944744,4.742995108100456,11.456108523620355
4015,7.759612702930244,4.359983699669773,2.8821833579149976,7.927976791168391,3.0930841982678894,4.750436270589787,11.350173242695963
4016,7.75141540580647,4.325227125135323,2.882518464085953,7.9579604179120835,3.0656764651730337,4.752248886516661,11.417414210529627
4017,7.76325232779602,4.326966352212996,2.8952150948147546,7.975450988312514,3.055444057480728,4.753879471208727,11.358163067354374
4018,7.770979159835126,4.319568335507104,2.8952150948147546,8.038803476871609,3.064655226457323,4.762021489628444,11.375006477551514
4019,7.78005675712888,4.303409451595328,2.877150662294947,8.038831765681284,3.0789124531995062,4.763105722617587,11.319923127167456
4020,7.7759735465252975,4.2751236304638,2.8538510966004944,8.077554927291994,3.046196574631815,4.75876685968029,11.36791847741805
4021,7.786855911793764,4.277477836153185,2.855886981816129,8.102517254780865,3.047225878348468,4.766175971634823,11.323487428945416
4022,7.77642737451082,4.266427865931946,2.8412544414550154,8.161907505957926,3.0358785177873697,4.75750038692236,11.491138034538945
4023,7.769161982215756,4.288783921794221,2.867556816921586,8.154891628239234,3.027591064019601,4.75134269114622,11.36791847741805
4024,7.792289672848863,4.271294440510844,2.8390339927933077,8.083203103641592,3.04825472937864,4.75134269114622,11.36791847741805
4025,7.790478967681132,4.286877826879867,2.8431315186829584,8.107955980373417,3.0379457817493747,4.767980797668852,11.343065020884946
4026,7.7963617568980625,4.289223633171745,2.856056553595576,8.124633863656804,3.038978726911957,4.760213719729616,11.341287058600063
4027,7.792289672848863,4.315499652152719,2.8786616744551843,8.040591257401358,3.04001121494344,4.75750038692236,11.273453510334472
4028,7.784514425590088,4.310989202144343,2.8690744133914645,8.020516825683693,3.06904341315624,4.7549661230589555,11.244732374693093
4029,7.784514425590088,4.310552380684261,2.8690744133914645,7.992288254070126,3.045166817676985,4.764550866708643,11.223128652919636
4030,7.808265795399379,4.325517059575041,2.868231433370026,7.995869519399822,3.0223963646649383,4.761840752865481,11.215915363179118
4031,7.819651293824451,4.325227125135323,2.8734527184579943,7.964780058899355,3.029665696219095,4.762021489628444,11.172508125719698
4032,7.827835500773118,4.264213394452877,2.835784646598608,8.000435464832442,3.019273954804355,4.773570111221228,11.179304982168684
4033,7.819651293824451,4.237224202355348,2.833901227471456,7.974678456383654,2.9772330595290915,4.778802932583002,11.116113211665548
4034,7.8137335315679115,4.256820980942488,2.860291593532308,7.959658788063951,3.024475639082409,4.774472854815569,11.136166897928069
4035,7.828289852183539,4.2442153569584695,2.818602295884455,7.934455423002094,2.999400229620863,4.776999354827426,11.044631042750517
4036,7.81692074406615,4.250005160439582,2.8311587945507424,7.843966769106295,2.9920349364185395,4.773389535815283,11.08136359379959
4037,7.822380602155006,4.239754651365439,2.8376664377371066,7.824642189707844,2.9697050554285536,4.772486525283482,11.07036049626931
4038,7.8009677131983075,4.251932813355365,2.8438136921327346,7.798857796600368,2.980365512149299,4.75891456812016,11.161621938570958
4039,7.86091333378142,4.195108740429324,2.78676832145794,7.794784115930626,2.980365512149299,4.780425394807498,10.974397274615402
4040,7.850058459552468,4.179684297650948,2.8256534514328493,7.884651840558117,2.9156381895813217,4.783488090225704,10.912926278179018
4041,7.87580698272654,4.131882985679721,2.7606836822322114,7.928034878269823,2.931994715095443,4.787987419483508,10.85476706759448
4042,7.873101775952927,4.148917009992041,2.8251372681774463,7.980672746151024,2.896955103796768,4.784028300790358,10.832144519808462
4043,7.7886319923964775,4.242919750059334,2.8920741056751758,8.025272805062508,2.949311668738919,4.7485660633837465,10.909186253137575
4044,7.775812455037774,4.209607881934042,2.8349238295299517,8.062876645354626,2.967566975030643,4.743835923002663,10.94092341288712
4045,7.768015714699854,4.19229884551443,2.809940882324082,8.038384061240098,2.967566975030643,4.748020591197461,10.87169375931239
4046,7.779477988050131,4.20051729881256,2.801084675292457,8.053916193006149,2.9761072978796896,4.757645278130533,10.851000908719318
4047,7.751931421909019,4.241446453944116,2.8083806651419128,8.002192730997928,2.9664971819883994,4.746565599479252,10.866055344781794
4048,7.766638760867682,4.209161401892624,2.809594264923344,8.038859430570051,2.955771490986565,4.7580079774204345,10.83308835480819
4049,7.81874124858528,4.093227217676118,2.713883895667877,7.855145971541968,2.9395872341441835,4.783668169243296,10.737214303883796
4050,7.760668282929298,4.145426958144409,2.7674116618268987,7.885379251467431,2.883671963870832,4.778261952364656,10.73148367203549
4051,7.774895720032518,4.13325773080342,2.7558902664554985,7.859434919681077,2.900263515403246,4.775736322449309,10.687415737005216
4052,7.7863448054456885,4.083178307970141,2.6954887283343805,7.811188306416976,2.869191369354434,4.791223529443092,10.468369023882211
4053,7.8018804598169345,4.09831669448382,2.653536666785066,7.814681330336705,2.8489827405491,4.785108483612565,10.549862926374765
4054,7.859557542328337,3.9853406812148844,2.6097485326587475,7.823437646406822,2.788366299282046,4.814511397373594,10.378059950446968
4055,7.834647168749442,3.9423682548590846,2.536279918901483,7.795470376106118,2.759169017711252,4.816475182867686,10.441680139053998
4056,7.769851158730504,3.8921914549454844,2.5017127759354896,7.804594251462628,2.624370921499116,4.801452477269992,10.382051097923659
4057,7.728416186926167,3.8211363824243385,2.3998291038503647,7.765608932861871,2.639377772635516,4.795354420141702,10.47527391161984
4058,7.73441911145671,3.690791658222637,2.457247845923545,7.859930673800977,2.486633376853328,4.777360141334316,10.291761806411413
4059,7.73441911145671,3.892521069618516,2.457247845923545,7.84605279678248,2.486633376853328,4.7652544141094415,10.36807332420464
4060,7.688085441610322,3.915504388283425,2.540829497467619,7.83390395036852,2.6995339497300206,4.759095859265691,10.441680139053998
4061,7.682500922280958,3.78256091780705,2.4117093068500526,7.8162931792632975,2.6751931471320094,4.75891456812016,10.196344746641907
4062,7.692270366030442,3.7654036705646123,2.487141562985128,7.867030553717638,2.5160308028426583,4.76434939455939,10.228957351129694
4063,7.681569654855081,3.835619119193015,2.4545630504282814,7.848854993835739,2.574808458493824,4.769956910998432,10.305874522376584
4064,7.7136138202372155,3.8194476985885406,2.522367520241376,7.797858066104161,2.6243709214991155,4.772125258747123,10.143057552842164
4065,7.756991166893971,3.7654036705646123,2.49342887805919,7.767525931648043,2.6468396847639144,4.7881672781153855,10.006124636875954
4066,7.779019919458411,3.697847952028563,2.4321090486701165,7.800698870866731,2.570944296245294,4.803602325714748,9.840010793971743
4067,7.796401891963411,3.6437724928765642,2.3945006295036926,7.838691317884395,2.542372795638572,4.811653118143085,9.862441242623772
4068,7.7771872936381365,3.590279288176182,2.339462852142656,7.885963667737676,2.4333767646281257,4.813797034811847,9.785257640318784
4069,7.776729049282388,3.6045238883358532,2.292199683230902,7.9315056962643915,2.364232823105421,4.811653118143086,9.919816603615436
4070,7.753311778924234,3.7950219795634177,2.386157231925713,7.935715339333114,2.4458009842194395,4.817902735681847,10.087332126642945
4071,7.7441033437360645,3.780849755189444,2.3921512008441312,8.005878217076617,2.5266105377790686,4.813618422593898,10.15743993519879
4072,7.730263887377881,3.8238362564028976,2.456422162094256,7.976885753556592,2.6180849624822526,4.816475182867686,9.972559192922825
4073,7.715929128639319,3.88294743956171,2.4986862310546125,7.958532707205972,2.5475986818492395,4.794277243439319,9.938845941751202
4074,7.736726313331914,3.8538734142013054,2.507952568748884,7.938188630992498,2.5475986818492395,4.807540462785696,9.953613791873291
4075,7.776270769751418,3.956275964884684,2.510161834254888,7.908724228509646,2.6268798213530307,4.808613771137153,10.076968519756193
4076,7.786802312843894,3.8746695630068686,2.4547697089659053,7.933681613818751,2.681305343875142,4.812546567946007,10.04579407920591
4077,7.784972073108244,3.767639869918652,2.413400264147058,7.933261470749942,2.590190119582012,4.82236029106727,9.911343838436794
4078,7.773520353467476,3.8433365411374822,2.443993256078571,7.948986835621882,2.5722331905344533,4.827880216852468,9.78094637952264
4079,7.788631992396474,3.8341068214300753,2.4117093068500526,7.972058663411098,2.6318882795513883,4.827168430333595,9.811073412679264
4080,7.788631992396474,3.7885420618016505,2.4117093068500526,7.999553836457867,2.586355872063855,4.830370393887015,9.733358172465236
4081,7.821016103070567,3.723455842867565,2.3155424180576607,7.96444608978728,2.5799489542282705,4.83658853232071,9.68109570673976
4082,7.812822588329379,3.7232812261179418,2.39855167607764,7.974839972202807,2.5186811646539704,4.840314422277998,9.718152762626595
4083,7.826472240387326,3.7638545186276655,2.304582765609265,7.904879886062591,2.5489029733953514,4.842264588797537,9.672349508067411
4084,7.843717410510301,3.726945940376564,2.3115242875542057,7.8564770267660275,2.550206396155393,4.84421373279367,9.606421913973424
4085,7.872650790431526,3.6955565814386175,2.3222191924067115,7.893468732166987,2.5266105377790686,4.846870011234655,9.670161348159825
4086,7.895608295527029,3.630630712670163,2.228697815616578,7.897997787656874,2.5173564380891347,4.860828562063007,9.573236035998349
4087,7.937695827144462,3.594487264608702,2.1556641440307844,7.845817646592113,2.4402892805517715,4.882458147878179,9.377728171528457
4088,7.930552531262507,3.519240203940203,2.197000242159547,7.885428093456416,2.4758304430223435,4.880879727259104,9.299862443756552
4089,7.899201590071358,3.702249243466205,2.2731173847245274,7.897525147778945,2.4758304430223435,4.866291727300063,9.411814358443175
4090,7.951066985304928,3.6792875534658895,2.2838199753337944,7.80967503400911,2.526610537779069,4.878949643099094,9.427666347298146
4091,7.9812670178215575,3.708575155576065,2.3475849277208067,7.781999538844903,2.5027240902173533,4.890690234304904,9.411814358443175
4092,7.9812670178215575,3.7382594654993775,2.3475849277208067,7.883295167957354,2.53450762771442,4.8908651890245,9.370891543788607
4093,7.997898142847653,3.7393015438740433,2.360461149453202,7.9113652830640575,2.550206396155393,4.894187781059406,9.33202731054625
4094,8.044405553986866,3.6416164420347794,2.238745823370124,7.9209036612956,2.5371328796009607,4.909190271716018,9.23509417673716
4095,8.051529505824961,3.685664836273057,2.291747746090913,7.885578936740406,2.469047313149163,4.929158902176379,9.174417841447724
4096,8.0706345621473,3.6794648946558666,2.3211081336734054,7.8826755906270956,2.4879794498296883,4.937635340051052,8.984357724238926
4097,8.097636450625423,3.693616282944721,2.2955855187699368,7.925956571488936,2.47040588027914,4.926906862076134,8.899537299617885
4098,8.058200761956854,3.664350949413355,2.3275426626477422,8.01636005759009,2.471763474910278,4.932078419279931,8.66382480477007
4099,8.051529505824961,3.743119265555216,2.3801435859053277,8.019287884090257,2.531878828991853,4.90840379005578,8.739155916732205
4100,8.067528452073095,3.761443074556367,2.3545800234925798,7.9193907859509585,2.535820696184473,4.898683620646668,8.711633007506096
4101,8.050639460876557,3.778281118157065,2.3710858281961387,7.878106546305464,2.569654559724009,4.895206036635931,8.746642595472046
4102,8.08481413516218,3.7697025205550276,2.3217148128104568,7.758105653472115,2.5748084584938247,4.895032072952397,8.8456781759804
4103,8.095869427920446,3.745546086331511,2.36868185613844,7.836332512532038,2.522649909450349,4.883183594563852,8.689029727070475
4104,8.106905091062705,3.7389542264507374,2.335800572168952,7.822500863844022,2.569654559724009,4.902331626252986,8.653716046562193
4105,8.160043354249337,3.7578221280492308,2.388258258676513,7.888645033609844,2.558008777459232,4.91186920903348,8.613126310287113
4106,8.185355476085897,3.767639869918652,2.3962459997476664,7.8479032766532155,2.569654559724009,4.933284100010437,8.709125304678663
4107,8.197973385079685,3.7592020719520844,2.399259360406085,7.811865296251289,2.5709442962452944,4.937758986029483,8.668873427247911
4108,8.16965653019861,3.7392463471740243,2.398614055357038,7.830378886973428,2.5631931901019795,4.932595186598864,8.736658499821992
4109,8.168783213982865,3.7172379719954827,2.3839260351091243,7.784242745075807,2.579948954228272,4.942400398696941,8.833377756617214
4110,8.174457597284007,3.7266165550194383,2.357274348637999,7.890703724673414,2.579948954228272,4.943259296688807,8.8456781759804
4111,8.174457597284007,3.7266165550194383,2.357274348637999,7.850570054077059,2.5567105339883587,4.943259296688807,8.8456781759804
4112,8.177510910368175,3.7266165550194383,2.3752306821653977,7.776190513655931,2.5567105339883587,4.943259296688807,8.8456781759804
4113,8.191885141472675,3.746832059472439,2.364960363135327,7.756767846605835,2.5812319952157226,4.951152055031859,8.72665951997082
4114,8.17794697673914,3.7773175782983976,2.396461403492329,7.808464187248262,2.5951636155841573,4.942400398696941,8.691544984623386
4115,8.09321795152081,3.8446807398320444,2.4329312628614024,7.796753181630172,2.5951636155841573,4.9391348117352125,8.850592110370043
4116,8.091007523190234,3.8465115569677644,2.4392564003584467,7.805466094502046,2.63313845573678,4.938274979180735,8.801291779065481
4117,8.095869427920446,3.8566437358233463,2.453097030826373,7.710670249647758,2.621858893485316,4.914293108669678,8.948134338575212
4118,8.10071869887772,3.851087289733525,2.445408682466738,7.599728022848102,2.6135118506402426,4.904426684801459,9.057455650343217
4119,8.105555309865636,3.829909954095151,2.416393296792135,7.473371987519254,2.608069576991056,4.908590938888403,9.127830794753253
4120,8.110379234745034,3.7933692919935744,2.366809175142422,7.332427537777473,2.605514011118172,4.92682163481192,9.158336351139624
4121,8.132696035797009,3.7657466986096417,2.3464174386211987,7.337094605444302,2.605514011118172,4.934705791207259,9.027758094544334
4122,8.12876357493456,3.736456045392166,2.356425093487146,7.271723478107235,2.545809471782204,4.935048208502932,9.02646571777915
4123,8.149708151338107,3.666561570112041,2.313168519760532,7.283813438888734,2.5444912310433425,4.9466720349196684,8.949784477851589
4124,8.150579321031893,3.646735365516427,2.331300852958343,7.3130207860263745,2.5004796726729177,4.95264104102752,8.926219141699281
4125,8.124828634457117,3.6436587699866863,2.338108113008735,7.328927752076016,2.527272481679051,4.950766077759852,8.904546167415187
4126,8.124828634457117,3.630772722036011,2.338108113008735,7.321239883667835,2.5286024264347486,4.934705791207259,8.785769823686769
4127,8.130511641186114,3.5930435004388945,2.2704265011048967,7.330698788063061,2.499130198958959,4.938983785194813,8.707666992442933
4128,8.086662164574637,3.622392114009886,2.317164627631451,7.331472591544037,2.477408166818376,4.934363342959104,8.54033085188426
4129,8.070359127141666,3.6027997313414306,2.294849126666342,7.286107602983389,2.497779775402198,4.918749073489037,8.52642465151725
4130,8.064620837852884,3.5959924113054726,2.2849402061693453,7.346790302085282,2.455435165857297,4.8978866987032665,8.548660433416178
4131,8.057108886609972,3.6165471977431753,2.301349651684913,7.331828442570981,2.435996487181742,4.885937974706088,8.664182461346428
4132,8.087542190599493,3.626949921393048,2.311834483770149,7.257719592333967,2.5031757779536385,4.895984374314996,8.559750124126506
4133,8.060645058412018,3.704560433050572,2.3579431499353363,7.264723350683126,2.507212858032585,4.898232472476651,8.638228461924065
4134,8.034518105569349,3.6516147857336745,2.3198237201513363,7.2933291844712915,2.520609039224056,4.89321563707314,8.61766648493208
4135,8.028746422906053,3.6394909233075494,2.297317663715716,7.3306748742690155,2.48694196903432,4.88801874713086,8.587392801575882
4136,8.059319230824022,3.607756680896087,2.304925931992902,7.418899071990086,2.476042289717296,4.889231998405811,8.664182461346428
4137,8.025636353984941,3.644020898027524,2.3069344171640536,7.3994427423206535,2.4637049622629856,4.880036175133202,8.72930355475568
4138,8.012735025703378,3.6735574237945285,2.307826346510883,7.38243137868046,2.4950760713436395,4.87795096589226,8.82048951314119
4139,8.0207459285758,3.7011914885212236,2.312056892731987,7.410407040960764,2.484222887935804,4.88125201140271,8.80715688367569
4140,8.005159581913317,3.7551458060013805,2.3514282011017547,7.408701603986547,2.5031757779536385,4.878819944157222,8.892036558431172
4141,7.99712833247275,3.752010215570188,2.346199263099785,7.447908200585211,2.481499924620108,4.873254994746746,8.849729275908023
4142,8.041614309405086,3.6819653332821214,2.3011258937380545,7.474667847444443,2.4883000585312254,4.8887120815986265,8.713082695025879
4143,8.057551018638673,3.6835725076208963,2.3031386960278297,7.480955256463986,2.4883000585312254,4.912381917195287,8.726602805176425
4144,8.070800313905103,3.660988335209066,2.315833589616965,7.457440286594479,2.459574591430379,4.926821634811919,8.653266819911943
4145,8.028302223426435,3.6654837408493934,2.295073682051614,7.525776562727901,2.4609523850823565,4.92390376216377,8.645068303458638
4146,8.028302223426435,3.636406340568609,2.295073682051614,7.561844813984249,2.456815983857146,4.933507086870781,8.579112178613293
4147,8.079617460753267,3.591383351778635,2.256250160406432,7.643355467350264,2.4457409824609337,4.943769415390657,8.54033085188426
4148,8.057108886609972,3.579548905617614,2.2394085002447603,7.678348229009958,2.4373916657128696,4.938983785194812,8.527120663230885
4149,8.025636353984941,3.579548905617614,2.233602735779116,7.725265827487368,2.4332030030761054,4.928365480020314,8.581873542703516
4150,8.047816803504572,3.504589423417928,2.2151259915475108,7.682739917145283,2.409287692569006,4.940693631998657,8.459259664875857
4151,8.043387086329144,3.4669907390078403,2.189775732191356,7.737804921544193,2.4078712634475283,4.940180758897082,8.41409430395736
4152,8.034518105569353,3.483553214564828,2.2163013577615764,7.804005700448599,2.3950742452551297,4.944623357419308,8.509698115711192
4153,7.99891396234682,3.461769585464387,2.189059459485569,7.7172415512754045,2.4205802980033884,4.944281803661486,8.556979456409639
4154,8.002037565848745,3.4756699733031184,2.1794798301507146,7.7368802318271,2.4163536259457987,4.922873386841105,8.625898937580317
4155,8.000680783325254,3.459833219681376,2.161125826095427,7.724426447618782,2.4332030030761054,4.925277159192073,8.574277003665115
4156,8.039906506623424,3.388364309092263,2.120562804998634,7.754672022387457,2.3907887271728323,4.939496820189011,8.48732922626692
4157,8.02911054434124,3.3955201246327453,2.0881315139260828,7.719031094095198,2.3836238766400224,4.93693095069931,8.48802941665584
4158,8.00791349718127,3.4577015855694513,2.11257826997564,7.766008404814464,2.3922183444090366,4.920124344989997,8.59566303668304
4159,8.054271815954566,3.3889613789105972,2.0743589615457148,7.779078393464885,2.412117301512444,4.943830522677465,8.49712505400999
4160,8.054271815954566,3.368182407945996,2.0815151019764637,7.6948901123959255,2.376430862458119,4.956402025877845,8.470502029911458
4161,8.046644404827548,3.3753939880770174,2.0555489602635992,7.626420741010348,2.361959103381217,4.957089675577897,8.44235953330979
4162,8.023705465742784,3.460414277617548,2.1078187959430954,7.6555514244922716,2.3605055664388326,4.943658021102074,8.52642465151725
4163,8.04125467462432,3.4631242024951043,2.1078187959430954,7.675143727924406,2.4078712634475283,4.933639481859784,8.548660433416181
4164,8.052926485982496,3.5023025584471186,2.1732158239874546,7.595534051236109,2.376127168630885,4.941932573938117,8.554207619630244
4165,8.056961598136036,3.5002045555310963,2.180969826655433,7.619859790631328,2.4348543764847315,4.930697986892229,8.581873542703516
4166,8.043950127730655,3.51808045369927,2.1671328409490167,7.639758132993733,2.4586712235610277,4.920645052279613,8.60392291992184
4167,8.02685900440799,3.5064936604520662,2.209019517589978,7.575445439130804,2.490423504957629,4.9116092768056365,8.647802267249796
4168,8.15434968482825,3.536215389946336,2.240585276642982,7.661975831429681,2.490423504957629,4.907431607072229,8.664182461346428
4169,8.129591323156502,3.521111394821708,2.2288750867296208,7.5972002885558885,2.486311829353759,4.932774573453252,8.892036558431172
4170,8.130920154080759,3.512975164034457,2.196131488918809,7.544517826398822,2.486311829353759,4.946761850762918,8.865625328868056
4171,8.122499441452709,3.5790575824045856,2.2699765329195976,7.418380140859303,2.5283805290977552,4.939515628763883,8.839111211244385
4172,8.11895047412722,3.5797973043226627,2.2373144692268467,7.407483108442551,2.557691191151603,4.918214470497538,8.753561486949817
4173,8.091377178259913,3.5634771766258857,2.2582336014602187,7.468393043525474,2.5629735660715443,4.915608538248358,8.748178406149263
4174,8.1051790994318,3.6007962686840083,2.2972994606690254,7.416390408230584,2.5982648115154507,4.921686251591793,8.82847650599049
4175,8.094941899125306,3.583308267649245,2.267680238326027,7.406823423234039,2.585267123219205,4.920992150601667,8.769684915883605
4176,8.10829142803461,3.4972005384858504,2.2345059543569845,7.387047474023867,2.531063422230291,4.937097142129506,8.704957495132662
4177,8.116287421941895,3.552293759263473,2.2429177651268457,7.406512025289116,2.5216570189346545,4.942795395592499,8.691393499031584
4178,8.122499441452709,3.5649648475672726,2.263308913873556,7.480200552474631,2.556368375152282,4.943658021102075,8.683241849079986
4179,8.096278142411803,3.6423225082875526,2.315729303713936,7.5624557571558535,2.5956720541290887,4.914044114755889,8.788446914394273
4180,8.056513382336632,3.662138252337759,2.331312272378104,7.457341427357321,2.600854203146139,4.901679735792086,8.92884151388617
4181,8.052477977595505,3.63272460622617,2.3078863546211896,7.551433015501674,2.6188867080258538,4.905515292713754,8.905203933909634
4182,8.062785450477623,3.6165326495489616,2.2752465607339323,7.54106164934937,2.617604035025339,4.906038020599285,8.923595765605427
4183,8.078884514970426,3.6471993629243795,2.290962052783203,7.503594504739011,2.582657353563492,4.903772342184298,8.949784477851589
4184,8.067709049133448,3.6903588692240286,2.349176325690643,7.52975173459541,2.6278426012047498,4.902377400538189,9.076049372320877
4185,8.067709049133448,3.6903588692240286,2.349176325690643,7.518634848320526,2.63039413636757,4.902377400538189,9.076049372320877
4186,8.08959405046524,3.6903588692240286,2.346760731464697,7.592324546552425,2.621449602083727,4.902377400538189,9.076049372320877
4187,8.102510149629358,3.6988767467777754,2.323315178679018,7.557620150167419,2.615036229852953,4.908650572512012,9.001864613024608
4188,8.10829142803461,3.711782257823325,2.3341913462203725,7.586979542705986,2.602147640576196,4.913522496069263,9.02258714055055
4189,8.091822880238011,3.730243129459928,2.362513578674629,7.582760298955465,2.604732006173162,4.909346947193848,8.936702617621378
4190,8.065471535083327,3.754500272776351,2.3740225677111844,7.680490876931317,2.6265656226426017,4.8964431219192655,8.952397862470757
4191,8.086472344298462,3.6855562887150595,2.327096045037916,7.685336109074502,2.625287834872312,4.916477382245572,8.823818571282313
4192,8.069051169654667,3.7001168038592414,2.3550918370148137,7.688855318056781,2.6060229373298536,4.918388135371485,8.872237738813261
4193,8.05561685328037,3.7163646512520816,2.350053921849645,7.58092706445318,2.604732006173162,4.907257436954322,8.902572488085474
4194,8.059202190106285,3.712487721016792,2.3496151771415703,7.516092354532917,2.615036229852953,4.904295312064931,8.844422319146323
4195,8.043950127730652,3.7466696290918935,2.3772666617375444,7.53679145245462,2.6008542031461395,4.910739310692567,8.881484342501142
4196,8.065471535083327,3.7454496117811367,2.361859940762475,7.477071127810165,2.602147640576196,4.915260944633082,8.852381200414861
4197,8.047991102815997,3.7291914279042406,2.362295725546365,7.4807204752935315,2.570870642018166,4.917346026286186,8.813826482258294
4198,8.032261319258932,3.762829578069028,2.400882595946225,7.530174291999578,2.570870642018166,4.919256339955575,8.860330771848897
4199,8.02730937820477,3.776658630638366,2.3863195912438235,7.4651686359825895,2.617604035025339,4.913870249874265,8.93932098478757
4200,8.021451949306678,3.776658630638366,2.395114031153326,7.544147833892423,2.639299226330038,4.913870249874265,9.068987604289203
4201,8.025958158052623,3.8269229573162886,2.4323969532296883,7.495143900223607,2.639299226330038,4.913870249874265,9.068987604289203
4202,8.02730937820477,3.8135012946652767,2.431348041841455,7.545034288460586,2.639299226330038,4.905341033960852,9.09463254105558
4203,8.031811307125386,3.834033625022358,2.4351213692968905,7.5491814722669295,2.639299226330038,4.902900564238301,9.163407755370669
4204,8.007461701852757,3.7969369032743767,2.411729794251444,7.505942923444074,2.6807632152081795,4.880513921535174,9.1557992767336
4205,8.010623572188255,3.8397773232445664,2.44243667449335,7.45102490806925,2.6919275424648723,4.868918369938446,9.09463254105558
4206,8.035860234693395,3.8169049966913153,2.429458514511571,7.373449491125561,2.6906900404576533,4.882267694855912,9.084385881763875
4207,8.037209286836218,3.8077059020827706,2.4157546995128567,7.422552653155104,2.677028285985705,4.878934823383123,9.102307678065015
4208,8.049786243654914,3.766119968441586,2.368168601730716,7.462243622164018,2.679518992245056,4.889099583430106,9.045826126115294
4209,8.047991102816004,3.775451221840517,2.3785626859976667,7.457605867665287,2.650691436409869,4.894521201298682,9.068987604289203
4210,8.04350096725195,3.758841452615205,2.372723311977557,7.415342544780067,2.6695379931883565,4.887524097762387,9.038088444961348
4211,8.023254828412357,3.8117979587813204,2.4089708625933173,7.432877795255364,2.646901128490317,4.884896817263369,9.032925193366443
4212,8.017844606741603,3.847867072279586,2.40769612030085,7.408119206301453,2.672037796656845,4.877530621483716,8.988881416678689
4213,8.02685900440799,3.866824756551829,2.398321020567713,7.449009841096207,2.678274016258471,4.876652727826547,8.957621652662198
4214,7.997513791327972,3.8253970022785184,2.385459334974378,7.5132512404639815,2.672037796656845,4.876828323026227,8.859006488514392
4215,7.976207257937281,3.8311575684348855,2.3725066792426994,7.49228970418183,2.6645292172215718,4.863635754953141,8.83645409780479
4216,7.976207257937281,3.831496073999225,2.3725066792426994,7.500406408222054,2.678274016258471,4.863635754953141,8.83645409780479
4217,7.962568489468649,3.8609658665477125,2.420615296394644,7.562355621327786,2.677028285985705,4.855167991150287,8.852381200414861
4218,7.9278800122485364,3.848540218438781,2.4028014437272387,7.610626802414102,2.688212809771493,4.856404071359089,8.732003216356768
4219,7.926964486186843,3.84635193230384,2.40322758335767,7.561428166034063,2.6919275424648723,4.846680946420525,8.745485247038644
4220,7.957975437114348,3.8418018409601213,2.43155787127114,7.561197419419026,2.6993370450047136,4.861167975077291,8.82847650599049
4221,7.912097376407583,3.9075173235736704,2.461324177081316,7.511151464830034,2.7214081922761224,4.844379037850494,8.926874828820747
4222,7.917676804083265,3.9091665379559775,2.479206602994468,7.521708515899063,2.7238461764046322,4.849512111160545,8.918345997437333
4223,7.933920956522085,3.8669919835339757,2.475725556205486,7.476127593162315,2.7287136365176816,4.863283314832517,8.934083250787419
4224,7.90045707794543,3.8896477127333764,2.488594133902026,7.484037152076934,2.7214081922761224,4.85428482568497,9.148182553374111
4225,7.853201157335084,3.8861606288857824,2.4875759847673447,7.387459145017284,2.732356822814706,4.838077868098688,9.163407755370669
4226,7.84662155482394,3.863478236580151,2.47715970012058,7.409844180641922,2.739624276047925,4.845744900218535,9.307676409170744
4227,7.859773587104614,3.8673264092416875,2.479615719482386,7.315581628567347,2.732356822814705,4.851973862327305,9.390402107368967
4228,7.8513220037630145,3.866657520148852,2.4775692569280494,7.322799036521821,2.757683939978588,4.842537368987833,9.338655870802608
4229,7.870555635755969,3.8979339466436844,2.473036819530909,7.4154934331228795,2.760077880196151,4.8439632799823285,9.461256412462069
4230,7.8799157154758745,3.883168452593295,2.475922348287822,7.3883675257032015,2.7743850811350663,4.852151679642044,9.355946046308892
4231,7.893462162686275,3.822172935087263,2.4514627021457955,7.375580388620908,2.762469118812831,4.869713759169662,9.25157233766093
4232,7.902321026741335,3.8114571726107416,2.4334339316115208,7.351550836995452,2.729956674654124,4.870421605065537,9.256577311574866
4233,7.909771101647475,3.7991623340799654,2.436801283220378,7.313874472339504,2.7372251631898714,4.876079554896255,9.294002806790667
4234,7.8700872510793,3.806852668987904,2.445821144060848,7.356405050697694,2.7250969774321194,4.864046160340978,9.341128448509647
4235,7.880383339368839,3.8027579081140543,2.452297051172186,7.35579446136102,2.73116983950216,4.874665869347977,9.434462221321517
4236,7.9037186125994445,3.7547283417467114,2.4141655679118887,7.400210212513081,2.736015494801884,4.8822581616805225,9.17607029839847
4237,7.9139577549567885,3.7611438473757404,2.401136444849193,7.332734741539514,2.701857636527533,4.880846806852819,9.246563834350757
4238,7.90465015769565,3.796947146254726,2.415442179113612,7.336780442066314,2.70677173835322,4.884903020547787,9.383032537431417
4239,7.935774673944518,3.8005375126533725,2.4426796078687416,7.368377485464901,2.7323823028207963,4.888778776115355,9.446044585650371
4240,7.941795363861773,3.7863211256491365,2.444774549568661,7.345658008036731,2.745673417084952,4.893705774829105,9.363343394743742
4241,7.942721096266489,3.818253624623028,2.446030392966034,7.316680667116368,2.734805129353432,4.900206557863205,9.338655870802608
4242,7.937164591951892,3.792153100806164,2.4451932573875816,7.350598256295447,2.749283751508345,4.898626320504534,9.28902408571283
4243,7.937164591951892,3.82622492072569,2.45999731696308,7.36188100450809,2.748080993151924,4.894584916303156,9.40021649722328
4244,7.954280913905528,3.763048413172244,2.424565624540072,7.303281446686734,2.7432630879698667,4.908272980671242,9.338655870802608
4245,7.954280913905528,3.757504365444095,2.424565624540072,7.300366511032927,2.7384341356273367,4.9068713651667215,9.244058257017612
4246,7.954742851542901,3.7435974148857354,2.416717912045537,7.327489282393387,2.7202259652390537,4.912124737672891,9.289646615932734
4247,7.967201984615164,3.7226099107903843,2.3961998448320383,7.364138322513915,2.7153435648583546,4.914049141666486,9.281549480060415
4248,8.006260467532151,3.711705731812737,2.378924965406356,7.388799952896391,2.687045003385771,4.918419140364682,9.112528099561624
4249,7.984234504407445,3.7339972151071046,2.381526608110056,7.3827497049028965,2.6721252346091857,4.91159972975475,9.2189536688619
4250,8.008550302308583,3.7194484705633855,2.382176440589173,7.445839056771366,2.665876530387339,4.9189432004127465,9.1684755062401
4251,7.998009989959186,3.767890742022438,2.4096904880936885,7.468169478803887,2.6394210813332517,4.9173708020056965,9.143100145170418
4252,7.982395432823246,3.78357261382877,2.4156548622147223,7.5098063714799075,2.667127797018453,4.9124747023490185,9.251572337660935
4253,7.950121901694198,3.8318088873450886,2.454797882440203,7.518034082110723,2.670877016978059,4.90108418075138,9.368270734211055
4254,7.95936030746269,3.8520254461668033,2.469940307032194,7.580098394202747,2.675865338351584,4.910549494561024,9.465510019005812
4255,7.9404065016482805,3.8573932382643523,2.469733693031805,7.510570046324274,2.683325188800721,4.897396787779364,9.509721519159775
4256,7.958898718889218,3.87026977905729,2.481269597255568,7.507977413787628,2.683325188800721,4.8968697220756905,9.514550354379072
4257,7.98193557868291,3.8825922700512576,2.4822961947249693,7.468605549332283,2.7141211767047304,4.903715821996424,9.514550354379072
4258,7.966279956191759,3.899659518608845,2.4816803026245915,7.472906024974381,2.7238802880091963,4.900382098819806,9.591381773887218
4259,7.930675592813909,3.9426407236326955,2.51526345311863,7.511753772004982,2.7323823028207963,4.887898274074045,9.688665559254416
4260,7.9404065016482805,3.9421520234757246,2.528534429070608,7.507162390993287,2.750485824856296,4.884021608217645,9.747365639265581
4261,7.930675592813909,3.9421520234757246,2.5317379999975973,7.579648318159886,2.767243524886124,4.881728965905061,9.784693295333463
4262,7.931139322110373,3.925816635324185,2.5313378424144304,7.55745626363085,2.767243524886124,4.893705774829105,9.770717190419813
4263,7.928820322323176,3.9488241089062583,2.5291355012734336,7.515303644855026,2.7708173000613607,4.894057456103967,9.723940989475583
4264,7.934384438765598,3.976977808788421,2.543108045196886,7.485300225839339,2.7815027717405605,4.893002313500039,9.911614767807572
4265,7.967662946709206,3.9698830415740503,2.537331578775293,7.505024392633675,2.8015418648864783,4.915972564504984,9.934464871887934
4266,7.934384438765594,4.001041529805304,2.559152482133488,7.4392102685675505,2.7991940180703523,4.907221817931231,10.112625664418102
4267,7.9302118281944045,3.9938422390450237,2.573892494488631,7.506916231782498,2.803887151496887,4.9051186120824015,10.157085687253502
4268,7.914422760593255,3.9795536404863854,2.564471601908765,7.497928230379385,2.7874161082934497,4.906696126557642,10.347603834395454
4269,7.921393579125315,3.9750445079646544,2.5474788175429057,7.474814750998463,2.80505883713642,4.901084180751379,10.152651093379323
4270,7.897660080222381,4.010455111894992,2.5695801700723533,7.541216574355665,2.8074002978862618,4.881199695394185,10.227699062034667
4271,7.919070861011583,3.990797457494022,2.574871256548322,7.592498487793238,2.822558194493208,4.888074391010441,10.117083123326612
4272,7.931603016091241,3.9579135448227163,2.557178779070333,7.647484562107676,2.8260411431826737,4.889130919098447,10.03645371027755
4273,7.934384438765598,3.976816747144,2.5719335145578808,7.589012318920867,2.810907727023506,4.890715153840393,10.13266412223409
4274,7.95936030746269,3.9898353186444813,2.582683970694,7.625375673281666,2.8190696384701117,4.894233284397711,10.310736213155883
4275,7.966740987778431,3.9655212451911894,2.564078085857819,7.56702963479446,2.827200884309538,4.910899605466075,10.143774328041317
4276,7.981015766858939,3.928763536229588,2.529135501273434,7.640113546099292,2.7874161082934497,4.915797748390503,10.083589580680574
4277,7.9736522956404965,3.9413373478024503,2.544698548445585,7.663857424464633,2.792135038692903,4.914573808777913,10.181431004440443
4278,7.987451552620104,3.9471981254572843,2.5552030897034754,7.701350879885402,2.7815027717405605,4.921038713713771,10.056690037851737
4279,7.991126113719076,3.9630953223458563,2.567224014763297,7.740659869782622,2.8003682619876176,4.9231330653271135,9.973153702429922
4280,7.963513036516833,4.004235804489381,2.5926007525097408,7.715631418255225,2.789776873165455,4.913349471991017,10.025188305099427
4281,7.975954331650361,4.016184881238424,2.5916307037258592,7.68994473938766,2.822558194493208,4.916496964268864,10.011648014932977
4282,7.984694186095022,4.033310636980113,2.595701736229744,7.615717989069554,2.8167408069032436,4.92191150129437,9.970883299971721
4283,7.9879109931742605,4.0331524994623695,2.5970569003205384,7.571512337650759,2.8318336644025064,4.927841118252558,9.880657847273646
4284,7.984694186095022,4.024918191518703,2.595895387521298,7.52595914877842,2.8167408069032436,4.925923730152201,9.916190276296657
4285,7.989289108350896,4.026503416004147,2.590077641178646,7.593974515752858,2.8190696384701117,4.926795390692837,9.955540436539579
4286,8.003669360244592,4.011410813845525,2.574675542908349,7.614112093809211,2.812075604012298,4.926795390692837,9.955540436539579
4287,8.013391731185989,3.96503621528526,2.547677256980844,7.555740976867267,2.8167408069032436,4.927841118252558,9.849574069721122
4288,8.027715784096879,3.957427299992232,2.5419143169121616,7.579344565564083,2.794490612781671,4.930976567940264,9.840339487103321
4289,8.019864784999525,3.960667463648852,2.553818922328999,7.6597860138517975,2.7815027717405605,4.9281896298773,9.844958188794367
4290,7.99857054476359,3.9951233481740074,2.5684024443515563,7.648423361269159,2.7779468958503566,4.925400637374419,9.835717959871891
4291,7.99857054476359,4.008383405974165,2.5684024443515563,7.6854031975039225,2.794490612781671,4.929455419465348,9.870310754328305
4292,7.997643032437636,4.013957903534126,2.583463550066563,7.736475996504134,2.8062298856135244,4.923106879425944,9.936746118899578
4293,7.995323638400402,4.044202684591751,2.6015031106793933,7.787024648195418,2.7968436032983233,4.909492136635133,9.93218294232355
4294,8.024484231480484,4.060234329962576,2.6175319245370128,7.7672329035064696,2.8179665822343583,4.919751957709467,9.851880953886765
4295,8.025869390138142,4.055684709949021,2.6167623831676954,7.754283477834817,2.8086041365748105,4.930864760511722,9.82473048044248
4296,8.013391731185992,4.058352534331379,2.62636055507106,7.7628760203409355,2.782645378041484,4.928045553368382,9.80328775013623
4297,8.002742617619548,4.067124547932435,2.636484980976696,7.803107456893687,2.785018298789043,4.922753870014484,9.85937347259893
4298,7.993931581189495,4.0912766627544315,2.6616711874869865,7.80572071353715,2.786203772164822,4.916570859557731,10.022933244565989
4299,8.00922688316335,4.087238311595658,2.662611991013731,7.765537770486693,2.8074309700478253,4.913033158739501,10.103703060290098
4300,7.992539208144952,4.092206548864558,2.6614829747960207,7.799027388928086,2.802731904994085,4.908429181061672,9.989027704954658
4301,7.992075013577231,4.0754071069044775,2.6607299505994497,7.795348345562402,2.802731904994085,4.909492136635133,9.93218294232355
4302,7.99857054476359,4.088170455197893,2.670497706783326,7.848120886301311,2.802731904994085,4.9066569218178735,9.927617033273874
4303,8.011078274930728,4.0915859489078406,2.6597882797981978,7.86371705922131,2.802731904994085,4.910731872707999,9.893285158181122
4304,8.0180160356234,4.050666375086794,2.6326704005028554,7.896349512417294,2.816798492721387,4.921694643884022,9.817203499556676
4305,8.026331040497572,4.047835303012611,2.629613544478283,7.971528381348344,2.799200860184213,4.931569234309983,9.759050512721537
4306,8.031868149260129,4.096082524257239,2.6556397593097367,7.951708568239146,2.764763796478741,4.929631615798752,9.80096595592365
4307,8.035095834413106,4.091275602944561,2.647885817519946,7.965912305024173,2.771934462339403,4.934209844351707,9.842649190842556
4308,8.036478611175566,4.0850622322630405,2.6391509156146213,8.008678039214354,2.7755107507320296,4.933153821271046,9.928758766953415
4309,8.06406933288747,4.036643059785406,2.603828480918005,8.065055834034194,2.758769683131056,4.945806723144907,9.86570750809053
4310,8.06223377671289,4.012386120429118,2.5931482126286687,8.07951011397272,2.72975873260194,4.951591901763861,9.747365639265581
4311,8.061774802605248,4.030636204035567,2.61387397403814,8.016220133658061,2.7236640448469327,4.949489219527215,9.70749990026893
4312,8.059020242883832,4.0641571783906505,2.6326704005028554,8.03297846855468,2.7212211891710294,4.944929411725069,9.782365750566802
4313,8.077360871667,4.065096221735235,2.6347693099806717,8.008192066998644,2.737049041212993,4.952292537436158,9.826466409617533
4314,8.060856752264275,4.086927535518536,2.6480752900209423,7.945532693980449,2.743105033177958,4.953518339271093,9.97996087368163
4315,8.035095834413106,4.086305890999118,2.658469210646177,7.982934421890289,2.7611693625280984,4.939309810950161,9.975423431833116
4316,8.035095834413106,4.109688106726363,2.658469210646177,7.921864007323482,2.7611693625280984,4.9433497400426125,10.066227668582522
4317,8.053967029012178,4.094532707604566,2.6512936246598366,7.9747176361114676,2.770741029745836,4.947385373074855,9.962931583074118
4318,8.031406913443318,4.130293720235766,2.6729323849871784,7.911435240005716,2.770741029745836,4.936321007791129,9.955540436539579
4319,8.019402649701378,4.1290672923273295,2.673680935834167,7.878976473723609,2.7909391091775877,4.926282481569396,9.994689034965672
4320,8.030484338284932,4.104129287366634,2.6616711874869865,7.928631245779065,2.7933028578081722,4.926635161679088,9.97145096371537
4321,8.03371274761148,4.129527258392937,2.667684865049069,7.944947126743609,2.7909391091775877,4.927164120189849,10.06790955832728
4322,8.046149383542957,4.113080346985976,2.6607299505994493,7.93081285831015,2.801555534156192,4.935441499312012,9.989027704954658
4323,8.027254237469768,4.126459556282953,2.639341205313729,8.007550849144323,2.80037851954491,4.922400827626038,10.102028929035633
4324,8.025869390138142,4.106909922131159,2.658846174529127,7.960741663502513,2.7933028578081722,4.924518587472208,10.105934673385033
4325,8.014316870132872,4.096237463915242,2.6370565482401918,8.008237875073874,2.7956640038089016,4.917454766820848,10.112625664418093
4326,7.999497917012325,4.068224327459029,2.6250195622660053,8.047217886298743,2.8050827192417263,4.916570859557731,10.179220927226911
4327,8.024484231480479,4.065096221735235,2.6082778956936723,8.089669099039732,2.7897562563915526,4.931040891251849,10.148213974969151
4328,8.034173811006028,4.016680627657984,2.568462118958597,8.138317691508286,2.7707410297458366,4.933329845566093,9.977692488733306
4329,8.018478275020527,4.0550651490452365,2.590420434702692,8.147556973038792,2.7467302840786885,4.922400827626038,10.075193521821419
4330,8.04476877168178,3.990342281530249,2.5605603320510046,8.23231322784409,2.76236818413686,4.939309810950161,9.977692488733306
4331,8.041085630345973,3.973462932766971,2.5593723220753617,8.337865463416877,2.740684727996614,4.938430995779362,10.011648014932977
4332,8.030945643120631,3.9829589872841997,2.572794635952168,8.307652370926075,2.740684727996614,4.930864760511722,9.97145096371537
4333,8.021250982811317,3.9980276636781125,2.5658975145959118,8.345028822078701,2.740684727996614,4.926458825735194,10.007129280448027
4334,8.029100216628223,4.013500085973409,2.5933429109154646,8.381959112519523,2.7248844031220996,4.922047752252052,10.011648014932977
4335,8.039243235351902,4.01985789221425,2.591979622815012,8.289147053021749,2.7334070528555907,4.917101228752075,9.973153702429919
4336,8.042467065824763,4.066347840167268,2.614451988417834,8.376579930119231,2.737049041212993,4.92592976856777,10.049950492362608
4337,8.043387851123292,4.056477721384468,2.609630104549586,8.305601293626136,2.7455225598919824,4.930512474444035,10.086945455694371
4338,8.043387851123292,4.072754523593199,2.609630104549586,8.301535481529516,2.7455225598919824,4.933329845566093,10.090299877024735
4339,8.053967029012174,4.073847036247691,2.5978157273461324,8.337655988285968,2.7358357467612264,4.927164120189848,10.063423705288677
4340,8.054886102325025,4.080394113401527,2.606537998539876,8.347157202814696,2.7321916511526902,4.926635161679088,10.056690037851734
4341,8.07690301696008,4.115083140774851,2.635722640125712,8.182711255603934,2.7358357467612264,4.9379036088818165,10.24086853053056
4342,8.07827647967765,4.114929124791967,2.6343878520881967,8.174232064190825,2.728541213487256,4.942647452636059,10.269326962851588
4343,8.06911430832421,4.112155552035668,2.633815530309518,8.201625838928255,2.7199986894611667,4.942647452636059,10.321597440083242
4344,8.075529249950039,4.088791730492743,2.6057642251113093,8.20958459445698,2.7065036711137043,4.9456312770781885,10.249635934823102
4345,8.073238961554088,4.076030917403729,2.604215779702571,8.266716461447663,2.6978700988224715,4.9500149991619375,10.302036489416238
4346,8.074155178460874,4.109379540359422,2.623485905585085,8.2466979134593,2.6978700988224715,4.9456312770781885,10.262221990782528
4347,8.088339259479564,4.107218730195098,2.618108887225001,8.208404866241633,2.68671662970703,4.949313943480689,10.229895507172166
4348,8.098842031703802,4.113080346985976,2.6186856843401025,8.172908577254773,2.694158957687454,4.947911443930751,10.277517059234489
4349,8.098842031703802,4.057889653279207,2.6186856843401025,8.187023271039335,2.68671662970703,4.965231081145783,10.19688407992686
4350,8.117520490626925,4.063061270494297,2.583193233821252,8.26933687032752,2.64529468116609,4.966627213650944,10.216707607859583
4351,8.119817639155476,4.065878542068287,2.5925640034869883,8.302216400381338,2.680494113685255,4.966278228453106,10.288968931896674
4352,8.108323417121492,4.110150899700584,2.61387397403814,8.279612130970891,2.7065036711137047,4.966627213650944,10.397212875825856
4353,8.094963473199273,4.108762317066896,2.6265520526756765,8.326799356154135,2.71632688892465,4.964183646097591,10.508250912588275
4354,8.08388520842973,4.10845366012496,2.611367318866346,8.320192604060495,2.755165057593196,4.961389077570125,10.460927331269625
4355,8.057958711149503,4.1076818855920925,2.641243120275107,8.24842832832621,2.7599698625473286,4.951767072788053,10.497640600760704
4356,8.068620226708921,4.112309703340267,2.640482568421751,8.247751247693923,2.779081046730085,4.959481058650466,10.52308194674465
4357,8.08527107293022,4.076342776024088,2.628274713379856,8.31324952953682,2.7755107507320296,4.966305413080917,10.529429776550423
4358,8.081574746288807,4.059144166844424,2.6288486068916392,8.244291040106207,2.7599698625473286,4.968228023821045,10.630324901551663
4359,8.067230634984826,4.085373193180342,2.62636055507106,8.25748380813564,2.740665315503348,4.960181555360453,10.621964617028237
4360,8.052388879975613,4.101964873660794,2.635570581049032,8.184779092937905,2.7731403689815166,4.9568530474120855,10.775266078964437
4361,8.049137492978591,4.114929124791966,2.650828140231193,8.084744108968327,2.774333651554807,4.959305914334494,10.734114298179696
4362,8.03704590697211,4.116622887817758,2.649497670639948,8.253204400107474,2.771946417195194,4.950362847316245,10.678231242936969
4363,8.039838375615835,4.144058479282484,2.657278084948875,8.288857655905899,2.783855944376879,4.957554027845949,10.7691063665445
4364,8.064450515776112,4.124617508221791,2.64911737659041,8.260248817362289,2.780290062433293,4.967529004789506,10.64180632780579
4365,8.049602081573928,4.128448649141108,2.6559518228211627,8.250729896715479,2.780290062433293,4.96770377155905,10.696901189302741
4366,8.021197988284625,4.153770832854629,2.6672919328614064,8.308579522580255,2.783855944376879,4.959305914334494,10.744421494482983
4367,8.009519035652183,4.163480079683903,2.681192153797736,8.238224261735116,2.805127449331786,4.948431189684302,10.703115080612502
4368,8.00671278441232,4.164691663015944,2.694999133950331,8.256613301824656,2.805127449331786,4.937172918637996,10.723794193703219
4369,8.00671278441232,4.164691663015944,2.694999133950331,8.3021449270182,2.823860608546386,4.937172918637996,10.723794193703219
4370,7.987502345057347,4.176028001804742,2.6992717686718257,8.228111003427435,2.8354870908163945,4.937172918637996,10.723794193703219
4371,7.99172442417256,4.179797885592264,2.69685788466429,8.228033932966996,2.8401203377020083,4.931707653118214,10.748540768711718
4372,7.998286333703208,4.164237373075473,2.697415184576358,8.190719031735219,2.8250260624465544,4.928530649614495,10.701044305732584
4373,7.988440836062503,4.186873302346188,2.709638044102159,8.285374250685157,2.8389629493018624,4.92888378173536,10.748025971892128
4374,8.008583760888923,4.183111723469666,2.706866432812298,8.363735728514659,2.8435888222590315,4.933118799303623,10.824379568297426
4375,8.001564660313315,4.18250946186246,2.7064966052660204,8.31225560026891,2.845898087075197,4.929236880903494,10.980026814415789
4376,7.997349347414427,4.1819070872702,2.7131434592528256,8.288766203239252,2.843588822259031,4.932060488970512,10.836612668041582
4377,8.003437204529149,4.184315907963406,2.7206877451523157,8.21812179955951,2.8574079793565037,4.9318840751544215,10.78552208593454
4378,8.003437204529149,4.187925755891004,2.714801861750197,8.164224740294472,2.8574079793565037,4.936996742745504,10.877260351748639
4379,8.024930578339863,4.153314986304383,2.7066815272668374,8.21123208080368,2.8665725961916446,4.944564924943331,10.78552208593454
4380,8.014193277112543,4.170591568336457,2.7164589456796078,8.257817515189858,2.847051804699723,4.944389092060499,10.814171544895439
4381,8.024930578339863,4.173008899943348,2.7250912964416063,8.28060898561734,2.8677154919310555,4.945971294895982,10.887391403296997
4382,8.04076891779395,4.137777252077177,2.7087145841125766,8.335136781577477,2.875699205489374,4.953346206685761,10.825909690547064
4383,8.04076891779395,4.148600750626462,2.7087145841125766,8.368177144049781,2.861995066103569,4.954924685095008,10.824379568297422
4384,8.034252173933018,4.16968459830604,2.7265570887687485,8.462311230209766,2.852811280525273,4.951240549027772,10.811106689262719
4385,8.04495462279658,4.134874561016207,2.7105610943235257,8.47006723641469,2.8458980870751964,4.960706843340033,10.758829968421844
4386,8.056566723570842,4.090856579274497,2.687174080631724,8.367238094947442,2.8608491925096575,4.964556743430058,10.692755981547549
4387,8.059814207497324,4.060174021784141,2.670681743531626,8.32954075539869,2.830843961235324,4.963857050877419,10.684459280357183
4388,8.053781808179295,4.062990040713018,2.66992893671095,8.259516939422896,2.823860608546385,4.962982254485015,10.701044305732578
4389,8.056566723570839,4.07609797950753,2.6595496733020894,8.278002328699339,2.802774327195058,4.963332197142672,10.657436863341566
4390,8.051924500821208,4.06142589974344,2.671998490773213,8.297558637107675,2.7933359980770467,4.965081428559953,10.56951747449469
4391,8.053317533647405,4.04621282717916,2.650067978434469,8.31748466421407,2.8109990347064246,4.966829857606581,10.416541407139354
4392,8.066304067260962,4.04794176596566,2.6382489540841805,8.291607870517257,2.780290062433292,4.968577485300357,10.351929962340092
4393,8.057958711149503,4.064709690346475,2.651967850816863,8.296849550505545,2.7862298974435378,4.968228023821045,10.375681688759345
4394,8.062596409191949,4.088685986230164,2.6621966695774715,8.2830333970098,2.8063030467526318,4.966305413080917,10.4422403391385
4395,8.049602081573928,4.079521949794652,2.662007712105241,8.279987869575711,2.81217143607872,4.962107257193919,10.364894238255454
4396,8.070009506770997,4.026497794667067,2.621354178789041,8.321048800007336,2.8027743271950576,4.975385595437523,10.280245202892798
4397,8.087580159738142,3.984120177315753,2.61961829775694,8.161239890143621,2.7695565018217403,4.983226058999229,10.141553555136158
4398,8.076488698540068,4.003150828709806,2.614401642522141,8.117802665594983,2.755160237684658,4.976431920365026,10.210105335366588
4399,8.069083354682506,4.03834185726266,2.6250139079038566,8.145995597141718,2.7539561214295856,4.968053281073792,10.306387546981538
4400,8.059350385576973,4.030134794634117,2.625591152569443,8.047176431176258,2.759969862547327,4.96665505077958,10.256205082778308
4401,8.055174422645868,4.034872292119271,2.647214838723537,7.980231209473069,2.759969862547327,4.960356659404602,10.308562178765246
4402,8.063987041188602,4.016354856036307,2.661629744737595,7.887088066079058,2.774333651554806,4.968228023821045,10.287878992691331
4403,8.063987041188602,4.025390031901611,2.661629744737595,7.874927174546251,2.763569929050559,4.967878530320136,10.306387546981538
4404,8.07139847536447,4.047784629460521,2.6750050292762424,7.883840548754964,2.7647685945906324,4.968577485300358,10.466258491622998
4405,8.052388879975613,4.06736546822212,2.6868007183509337,7.811001066575766,2.798060346451521,4.968926914766192,10.440101908074213
4406,8.037976870263511,4.076720798194739,2.692766426480014,7.787304481881445,2.8004186288420865,4.960181555360454,10.424045454858803
4407,8.038442299244416,4.085427279450853,2.6963004346998245,7.8220825016882305,2.7779094943545966,4.952644450367172,10.482230789521743
4408,8.038442299244416,4.078121687272168,2.699457335609956,7.7710704148750125,2.8063030467526318,4.95737879484163,10.514610406804373
4409,8.063987041188602,4.051553714959966,2.6886668544884142,7.774669087442749,2.8039512098031336,4.972768528319349,10.44918630378888
4410,8.063987041188602,4.059860973723878,2.692394074067093,7.860389783555226,2.785043250389744,4.979046479785412,10.478506756358659
4411,8.078338653057353,4.04023271182079,2.6949991339503314,7.871107189041439,2.7743336515548056,4.98322605899923,10.36057516073369
4412,8.089092658862866,4.050454870257938,2.693510930171318,7.86661142945423,2.7755262659521907,4.984792224509681,10.461460606557988
4413,8.086289061951874,4.084650897691842,2.7157226265336463,7.890496450148289,2.7826679783911628,4.984618237772544,10.487016301335402
4414,8.085821672688471,4.104157439773736,2.7291197583756546,7.902987994761479,2.789785894950035,4.982355689934777,10.535772625419918
4415,8.086756416028335,4.113865574090886,2.732775286812227,7.905560940552139,2.790969916254431,4.979917602281646,10.640763228544905
4416,8.089559801971493,4.1100167144207385,2.7360598251128567,7.910037883436246,2.780290062433292,4.983574151185888,10.638676630343014
4417,8.07553019172639,4.136097070146448,2.759089594389066,7.763323368207319,2.8063030467526318,4.979344589357054,10.677712026213834
4418,8.070846593552028,4.138845996215151,2.7626935640627592,7.846700718085734,2.829681627818473,4.976875182338847,10.671998470305335
4419,8.075998356962419,4.142050073812637,2.7675492306879446,7.87595534368118,2.828518672155131,4.981988613608068,10.728955862259669
4420,8.070378038990338,4.147687511624643,2.777406229713826,7.865885207401671,2.8308439612353227,4.979873540499946,10.682383793403872
4421,8.06709716438748,4.1502743423593245,2.7802753784532444,7.922637030069822,2.843673457842974,4.975463375759537,10.684459280357183
4422,8.068503466292443,4.15680814606112,2.7808129146187075,7.901587260091556,2.8494801955241806,4.977933695021601,10.734114298179696
4423,8.069909448990954,4.149970118342554,2.7763293030167557,7.921688844780636,2.8494801955241806,4.9796972315841845,10.669400081792807
4424,8.084886788571474,4.163328599473498,2.78600213540497,7.821871349776589,2.850639694709847,4.983398012792631,10.72998780787526
4425,8.084886788571474,4.179948588832714,2.791713599731711,7.840490434772869,2.8610476644169847,4.987799042375902,10.797812550303586
4426,8.076466486849597,4.179948588832714,2.7886812815298563,7.824347085522036,2.851798579886599,4.986391263391497,10.769619851198998
4427,8.073188835054642,4.1677338536831225,2.7739940931901663,7.8742476316394034,2.8587390469572185,4.989382175333247,10.732051311369474
4428,8.082081290970557,4.171206972491913,2.791535346830721,7.8874808285459705,2.8587390469572185,4.996059312565394,10.723794193703219
4429,8.083016597771277,4.179948588832714,2.804686240927917,7.900201657498388,2.8552715603432786,4.997989999924614,10.721728619885678
4430,8.046434601312718,4.181302913549185,2.7938514792279183,7.9025019569432295,2.8587390469572185,4.992195019450377,10.663680723661692
4431,8.030420611772973,4.2070765690694865,2.7863595487774293,7.954450760942991,2.8622010637144037,4.9796972315841845,10.6553545173759
4432,8.04267034000996,4.207524285988702,2.786538233071145,8.017089836154161,2.880573748925725,4.98216481690843,10.65327164119217
4433,8.04267034000996,4.2183996633570855,2.791357079102088,8.055912378107255,2.888563990858582,4.984630811298029,10.78142120811066
4434,8.041728916037458,4.217358402128051,2.7954534914983387,8.078959155905718,2.899928929510998,4.990437233894413,10.814171544895434
4435,8.051606718270394,4.221075656121623,2.7877886054556167,7.992034179374693,2.898795046592049,4.992722197932424,10.869146652050834
4436,8.045023272176945,4.237529012221422,2.7952755491915777,8.09445072272001,2.9134907331809123,4.993951999169296,10.91771113210279
4437,8.045023272176945,4.237529012221422,2.7952755491915777,8.01492297473001,2.922486443277125,4.993951999169296,10.91771113210279
4438,8.013892055544641,4.237529012221422,2.8174050661954224,7.950898685869846,2.9280904940551875,4.993951999169296,10.91771113210279
4439,8.020508802469555,4.247714969658932,2.8249654908483057,7.996497265688395,2.92024089922263,4.983574151185888,10.95194143686458
4440,8.044552757457767,4.24107556854942,2.8218038726134056,7.998049494878375,2.92024089922263,4.989733893808393,10.921745481723914
4441,8.038432801044662,4.2324980955502935,2.821452296795305,7.969724690797294,2.906720133980597,4.992019277174325,10.938869853119396
4442,8.041258150212565,4.2426997831593125,2.8293489961982097,7.984086287124876,2.9112361455824103,4.983926403647196,11.025965002992406
4443,8.051606718270394,4.248746550993045,2.8307498509708338,7.872818060869373,2.9168683596817333,4.980578694868534,11.04586056799775
4444,8.06146876068681,4.245945784898087,2.834947007163514,7.85015406888109,2.9055897021732218,4.985335089308165,11.083534090726468
4445,8.053016544735444,4.254782129909515,2.8616883535713598,7.844919512099744,2.912363723569011,4.988150906261396,11.136784963092232
4446,8.056304890184366,4.26227427216274,2.866515549457025,7.8789661553233215,2.917993103699147,4.989909740936392,11.17112300854063
4447,8.076466486849597,4.229683305122801,2.850094290592005,7.883070898973942,2.8987950465920487,4.996937018186099,11.095396395006755
4448,8.06803473446807,4.217655939505397,2.8471427256240185,7.951403606219136,2.877140506631239,4.997463545180388,10.947921576289533
4449,8.067565967168898,4.249188557421182,2.8618609360803284,7.961303058427952,2.877140506631239,4.994303298502582,11.012509017318168
4450,8.079742406911814,4.247125348067094,2.8666877535210245,7.878030664978414,2.8987950465920487,4.999218113509478,10.923761928788442
4451,8.068972162649425,4.236198056330927,2.876824044632561,7.918917533471029,2.881716979262692,5.002724845891203,10.836612668041576
4452,8.058183160011328,4.250072390653024,2.894579005905154,7.856740240517389,2.881716979262692,5.002724845891203,10.883340456774608
4453,8.060999495958779,4.270334855082601,2.889812798231447,7.81195264360307,2.9055897021732218,5.004477011968135,10.83864976974893
4454,8.094229301800812,4.220778432720379,2.863068634252724,7.784555094130082,2.9112361455824103,5.025092523967713,10.525198444118983
4455,8.074125483851239,4.19855812676942,2.8677206950648104,7.780259276127512,2.8805737489257237,5.014798567083705,10.588437433866146
4456,8.086756416028335,4.219589266387435,2.8908349902301915,7.7420822530377285,2.8805737489257237,5.010603309842031,10.621964617028231
4457,8.100760712661423,4.205733045786957,2.8559855067676136,7.785973610896289,2.8919795819237795,5.018291125794179,10.727923787338675
4458,8.089092658862866,4.229831512820032,2.8788799768765743,7.778477575207037,2.8919795819237795,5.018291125794179,10.727923787338675
4459,8.10775104939987,4.178593692289936,2.844361136576118,7.671503961484279,2.8919795819237795,5.0306642156490025,10.53365889523318
4460,8.124031381294156,4.16410570569318,2.824965490848305,7.676960111561095,2.8919795819237795,5.044038266057271,10.450788364813814
4461,8.161084890857788,4.142097488141183,2.770396454352407,7.638237030770313,2.8506396947098462,5.055810825840203,10.403660917190512
4462,8.154616353519325,4.090968954091964,2.7402980562708485,7.58343919266367,2.8214656362735644,5.054773506905451,10.343275349222482
4463,8.131923658356463,4.161836020627872,2.806280201856483,7.56234548433458,2.834350418256005,5.029620135822405,10.493392562360151
4464,8.134706786972922,4.195863410654054,2.811938091134582,7.560371682799595,2.819114701987719,5.032229806361774,10.407419871845804
4465,8.12821088904159,4.230276095331032,2.8504412718326217,7.608746046899882,2.814405156193699,5.032751528964274,10.450788364813814
4466,8.129603436367264,4.2481571158998,2.843839194035365,7.641295405001808,2.8459980048905287,5.034142444934188,10.546333000777098
4467,8.156003031248911,4.195863410654055,2.818637633412497,7.666420273973204,2.8261598659795344,5.050275250491164,10.407956721017486
4468,8.151379577079027,4.188366233820344,2.8177572999222416,7.606103363206131,2.7990277572400615,5.050275250491164,10.165947317269326
4469,8.169852952755642,4.212445082173344,2.7958093318566544,7.561869178955255,2.800214541129603,5.0622015093523975,10.295505411238187
4470,8.170314090216705,4.1822054793418735,2.777765084430795,7.587272331697453,2.787123681954974,5.062719212411427,10.179220927226908
4471,8.19194943082707,4.125911840947438,2.718269117440741,7.538735624328927,2.7763531013343083,5.080967315501786,10.173139989651995
4472,8.202509863609603,4.118401770989349,2.7348124817156236,7.585523978400621,2.7376092717156686,5.082512753786807,10.299860062723834
4473,8.19746143277918,4.111796574367701,2.718084565075391,7.537045131411301,2.741271841278227,5.083371066180722,10.354092143461367
4474,8.21259460185857,4.0701581146791215,2.714574964051113,7.5247945401696725,2.7031127496199834,5.094683145291794,10.207903341662163
4475,8.19746143277918,4.101785656553917,2.714944674059569,7.531906812386831,2.7068362243945834,5.085087124882118,10.205700729053037
4476,8.172619269163958,4.151070897859484,2.770396454352407,7.586288939596906,2.726583075552872,5.077358909570474,10.323767899629585
4477,8.182357499577273,4.144685642450822,2.755582091865368,7.483457001994204,2.7461453744320248,5.086802429566505,10.278062763427814
4478,8.182357499577273,4.160927695007763,2.755582091865368,7.442737096555142,2.741271841278227,5.086802429566505,10.278062763427814
4479,8.184210689613233,4.158807263481982,2.7182691174407414,7.460103664604644,2.738830837144245,5.082856101399771,10.168161153131269
4480,8.173083337180751,4.165617934262516,2.7524978137966665,7.476302447494125,2.72166385238677,5.085773337186566,10.148213974969147
4481,8.167047773417423,4.183709192091729,2.7705764808335718,7.496124765836546,2.7643215977427977,5.084743973492555,10.073513216072
4482,8.2100981760825,4.144989992809443,2.7106890421916097,7.592963110297161,2.7619070994672357,5.098275589429298,9.920763036391088
4483,8.212404391708809,4.143011194856702,2.675949142879703,7.657825905299915,2.71179050335943,5.09930409677977,9.88410374340735
4484,8.217475098907771,4.123155110143491,2.6725559521138704,7.633615841931531,2.7130272322746563,5.1068382422472345,9.993557103156999
4485,8.212404391708812,4.158958769579857,2.67783182947559,7.534023160301759,2.705595807749581,5.098961291022016,10.015035323158893
4486,8.183284162927919,4.185212201168182,2.711244618103219,7.601437024271329,2.711797041912973,5.089694162845358,10.052197661519395
4487,8.207329602985588,4.1841601686589005,2.731958767371416,7.6181143487164515,2.7351950443988184,5.100160979869874,10.056690037851734
4488,8.193930982646354,4.1972110504081765,2.7424226580164066,7.611103773775653,2.757123587592988,5.090381370532994,10.162071592696991
4489,8.18467390172381,4.228942165146473,2.766457321283729,7.637492024412234,2.753484619170324,5.082299033553371,10.204048363150273
4490,8.189304145979795,4.233386470310951,2.767362385475444,7.484319364248634,2.7812251870905134,5.082815427650316,10.185849285178719
4491,8.209175453519547,4.239154996968538,2.7684479538149085,7.43039661323784,2.7716173018126677,5.085052346142064,10.1081656447645
4492,8.200402842423058,4.233391563747833,2.7648272330736225,7.425338095667496,2.7704132630654064,5.07419991931259,10.058935246080164
4493,8.196705451887956,4.253004571032509,2.756476047954183,7.394893565437229,2.800312365111681,5.070057699307781,10.101470804968487
4494,8.214709764045432,4.247854687115727,2.72716838372172,7.433677644527141,2.784817018977007,5.079716037252807,10.079112816360366
4495,8.227604304990157,4.238268979357913,2.7243997080972404,7.455857802099792,2.7607563106061375,5.08831938476088,10.052197661519395
4496,8.226224006185088,4.219606579141419,2.708640827040845,7.4917346862772405,2.7607563106061375,5.094502081397314,10.090299877024732
4497,8.231283627970345,4.199790026069368,2.7288278331249747,7.428597074271313,2.738865691703204,5.095531580960295,10.167054313689842
4498,8.25010662838318,4.212170990782962,2.724030274359219,7.384699814405592,2.732744377110726,5.09930409677977,10.245253454295025
4499,8.262014237045,4.159030407140079,2.672407991740528,7.394829921166135,2.715508932648948,5.103586638498212,10.069591082167866
4500,8.2624717756551,4.159333123696706,2.659869631677392,7.330693382078802,2.694386687297449,5.1017028970419895,10.123764519181933
4501,8.263844193508877,4.140510133035226,2.651659107084685,7.270778905519252,2.670521293827029,5.104613752212985,10.011648014932968
4502,8.25560522775912,4.11805037845627,2.638029240989013,7.308307488522201,2.675568642363335,5.104271410888005,10.045454189430385
4503,8.25560522775912,4.114521808744341,2.638029240989013,7.291156290320734,2.681860439250869,5.108377534736947,10.033638903483219
4504,8.267959666821033,4.141271281723663,2.6274075037474773,7.296300894968197,2.6931374763013176,5.102387998749876,10.157085687253494
4505,8.259726048756546,4.170362700274635,2.672218588081972,7.323880094431905,2.683116493191801,5.098961291022016,10.148213974969147
4506,8.2510233930941,4.181955608361817,2.684493653064812,7.309176935713599,2.715508932648948,5.094158854649734,10.150432849989858
4507,8.244603251206641,4.193207298760085,2.696321651696912,7.318010474468481,2.7192142259796976,5.092098861272924,10.190265070918958
4508,8.249648196262335,4.198444652733712,2.689383261799028,7.324011736330206,2.716744761867864,5.101531602889029,10.117640125840344
4509,8.236339201879995,4.2233179809832135,2.7207024295243647,7.289635336952563,2.714272370387159,5.091755423493182,10.167054313689842
4510,8.253314724585083,4.228654947982675,2.7207024295243647,7.323503496850702,2.7474057120458557,5.090037781795936,10.196884079926852
4511,8.26887385414,4.220943173510931,2.704542555463471,7.291644106345981,2.731517969278103,5.091755423493182,10.210105335366585
4512,8.281658678867249,4.17759436701177,2.663487041973783,7.232142241007665,2.698129801478675,5.100332333985861,10.135443161000593
4513,8.277095622773667,4.176992350927946,2.6667182563149785,7.16646891448193,2.698129801478675,5.091240210239803,10.121538025555179
4514,8.282114804378063,4.172172147799535,2.6908854291180964,7.124602389672124,2.68437178167984,5.0936439580408175,10.12599037515838
4515,8.290319474878308,4.172925782655948,2.6693754320847893,7.155410493020487,2.681860439250869,5.094673683476328,10.201293645193426
4516,8.281202520630746,4.209340979842737,2.7116163224274743,7.158190559569614,2.6730465198970537,5.090553153573757,10.299860062723834
4517,8.266588138914312,4.224208085475284,2.741690046528656,7.1186501561885,2.7031101232506565,5.082299033553369,10.249635934823093
4518,8.267959666821037,4.228210535846785,2.765551871235328,7.08267398413756,2.7093187667687326,5.074199919312587,10.299860062723834
4519,8.255605227759125,4.234278910957597,2.7622890491164367,7.10672461890166,2.7093187667687326,5.071438928987447,10.299860062723834
4520,8.270701833928827,4.225394511561898,2.741506853809156,7.116569947453888,2.7400878177666517,5.075234786322948,10.331359831456583
4521,8.278464883608416,4.209638992439673,2.7369218431286906,7.139564348674019,2.7339700684318338,5.082471172512702,10.38268570456592
4522,8.298968501330865,4.210085959815384,2.741140420526188,7.151833190029361,2.715508932648948,5.08831938476088,10.53154461241006
4523,8.288497128967837,4.255649922596678,2.7584760670048967,7.157169221351988,2.717979859245373,5.083675932648065,10.640763228544902
4524,8.303970470359673,4.258733461441732,2.753017010296954,7.200498741675516,2.7327443771107256,5.099132697653346,10.615688774321447
4525,8.293962602187767,4.26899098279637,2.764102347438355,7.275667122577195,2.7093187667687326,5.099132697653346,10.674076587932353
4526,8.301697334732795,4.27396164263983,2.7499172760787665,7.345753668870938,2.7266051495767014,5.107009304590773,10.624055491586045
4527,8.321673182648658,4.253592612137444,2.7422395290453303,7.335450364145204,2.730290843773488,5.114699399212562,10.589487251907624
4528,8.31985977754062,4.2736694593240365,2.757385381775975,7.33959293936093,2.717979859245373,5.11333337220958,10.5753032514251
4529,8.333900227587197,4.253298604822466,2.7330626877436583,7.371509642361318,2.715508932648948,5.112991791176216,10.54211050415532
4530,8.3510691790501,4.217823594987317,2.680724506688251,7.350488802681958,2.683116493191801,5.131564810804201,10.490205062898578
4531,8.344297458128874,4.205165914326962,2.675436075490533,7.280601777957685,2.6730465198970537,5.131734800293118,10.532073234947369
4532,8.350166696206763,4.205464312358436,2.66405762724875,7.338118730225905,2.680603618563788,5.137340344036233,10.422973878874052
4533,8.369092226788498,4.203972046291844,2.675814272156753,7.343717252078538,2.669257513632512,5.149373824427954,10.434218278707466
4534,8.352873763718632,4.2314681465245245,2.693886491386938,7.381259879160356,2.6679929535599425,5.142598910075762,10.489142282679317
4535,8.351520372835228,4.23324364899041,2.68900754916157,7.391241201851448,2.6768285430393624,5.149373824427954,10.407956721017486
4536,8.360988117706638,4.187961410028629,2.666148412649357,7.427200476433121,2.6931374763013176,5.15664393144005,10.321597440083242
4537,8.34926408629137,4.17096596306188,2.6676676434413764,7.356319686440814,2.6679929535599425,5.162382950133633,10.291148359236407
4538,8.352873763718632,4.175938550738385,2.651276415882837,7.332771790165848,2.6603891407496443,5.159683271216746,10.262768754582481
4539,8.374938843178397,4.146898127762318,2.6376439718142803,7.209543510088172,2.6438163391799527,5.176190035106489,10.238675151255766
4540,8.360988117706638,4.139901082831679,2.6562458017237285,7.256838502468555,2.625816031469775,5.183075621175897,10.179220927226902
4541,8.369092226788498,4.139748802043178,2.6462948676464326,7.277945419140133,2.633550074678493,5.18206871876346,10.232091338188354
4542,8.33932697627828,4.157516393660989,2.6807245066882515,7.318314698699124,2.645095974626175,5.172490406880746,10.308562178765246
4543,8.365491663041778,4.141727883481226,2.649170326868062,7.311663905276202,2.664194580720692,5.172490406880746,10.308562178765246
4544,8.375906193595004,4.143401529223535,2.655100095580392,7.296727028351031,2.621937859588665,5.188944147350574,10.299860062723834
4545,8.351427907991713,4.19110996959393,2.694261318053215,7.294994024375383,2.6386897105174483,5.169797601695492,10.397212875825847
4546,8.344157110881914,4.196051490329067,2.7082685906666337,7.322535815032832,2.6527569130526003,5.158332741521575,10.493392562360151
4547,8.329134969889719,4.212319870127637,2.7284591802004825,7.376870022553249,2.6616584082243606,5.145140864754279,10.499763780502455
4548,8.329134969889719,4.215890920255308,2.7284591802004825,7.356063825910496,2.68437178167984,5.149881475064635,10.582135676327628
4549,8.352790264770334,4.205165914326962,2.704356078140792,7.3857420273632695,2.6743079684208846,5.165254917357723,10.533658895233177
4550,8.341883293666516,4.213064164060943,2.7132881711750567,7.380503485555935,2.648930051367803,5.15911270069836,10.525198444118983
4551,8.317731021838737,4.220794690250894,2.711802149703169,7.315783786000203,2.660465744611684,5.152960943876536,10.416005134244099
4552,8.310878866160488,4.231764130989305,2.7159023180009125,7.346459435996797,2.6770142954390765,5.14114326024017,10.395062370814117
4553,8.325487920190133,4.243728916930072,2.7429106727463486,7.328283965724028,2.6883933718089845,5.139256009354672,10.46092733126962
4554,8.341428433334386,4.250209928325589,2.7414397304195868,7.322660662809685,2.6871321285640204,5.1479983960676785,10.529958537384415
4555,8.334146269376213,4.249326912137322,2.7480508978887603,7.30648288468984,2.7134581875425696,5.1397708036626,10.512491132192649
4556,8.325943915206821,4.24417121363895,2.7416236544310046,7.360491349557674,2.7109652797194808,5.128945983357383,10.541582537162638
4557,8.332779940649147,4.231339682009196,2.741807562371635,7.393201897966649,2.727116180485213,5.1366810296526335,10.553189864911566
4558,8.340063658445542,4.255045754024066,2.773747432836519,7.411927335604198,2.727116180485213,5.129634158330564,10.602074509247817
4559,8.36866309001642,4.252991186018098,2.769576983588439,7.535704979685137,2.7221599640094105,5.132385656424825,10.562147786469213
4560,8.374096182715256,4.23532730115422,2.7562858349933435,7.491441553903962,2.7221599640094105,5.152276824658274,10.678231242936965
4561,8.374548733208258,4.223349723856955,2.741255790333493,7.561122229983428,2.7221599640094105,5.160478460749998,10.79985919001112
4562,8.364132000517257,4.257245643858149,2.7788135031168877,7.661500869355183,2.707220309350361,5.151421509207787,10.850861921250281
4563,8.385400403432156,4.256805784359186,2.775558126413311,7.695559426283129,2.72463954018517,5.165254917357724,10.810084819179524
4564,8.399390128204496,4.253871873441654,2.786210044937857,7.627784420435416,2.717191965368316,5.168322460898929,10.835593930108237
4565,8.391270761094317,4.24564286669489,2.7926835454318883,7.607920122290343,2.727116180485213,5.167811368344909,10.897510189904182
4566,8.388110464252343,4.24004704463524,2.7869302901848103,7.665230273473025,2.7022164937245687,5.161843750133001,10.917206701849278
4567,8.388562030183342,4.23414629433139,2.796988376055468,7.650909082932901,2.703468578726428,5.161331821742367,10.939372982594865
4568,8.399840904438376,4.2095428945899815,2.7802587438444237,7.693605964700021,2.70096365255897,5.168833487626624,10.943899792161249
4569,8.404797364794755,4.241225911700849,2.8125215325809294,7.671849091002533,2.7209190719537397,5.162184998989364,10.974016399928564
4570,8.417846181659401,4.24608423306129,2.809495108889676,7.716854917687799,2.74314343868054,5.172919334512366,10.93886985311939
4571,8.420093315946541,4.249172125804427,2.808425944893122,7.798945170930724,2.7406856498272423,5.166959401077023,10.87117581650407
4572,8.424585242566563,4.25343155942056,2.820334998854089,7.689595620657592,2.728353402684119,5.168492810454374,11.04586056799775
4573,8.424585242566563,4.262226586767945,2.820334998854089,7.634408836218415,2.728353402684119,5.166448132871316,11.01599966213233
4574,8.417396661027649,4.259883558636906,2.8226381337358486,7.733760263129116,2.7059704852826822,5.165595872711361,11.093420491614609
4575,8.420991950966878,4.2993445175662055,2.8457113736127035,7.672532553700015,2.7072203093503613,5.163890802685019,11.04586056799775
4576,8.40614846609836,4.3046956613538665,2.8481628297281616,7.692671890705216,2.728353402684119,5.162184998989364,11.03392883670513
4577,8.393075949127876,4.312778247582611,2.841502465584998,7.7356915779994235,2.7209190719537397,5.14851205204115,10.984031377693587
4578,8.412899733747391,4.322278893816829,2.8483378285826166,7.754550980050483,2.717191965368316,5.147655921660136,11.041885190233115
4579,8.416497525941653,4.309605300613516,2.826530179777673,7.669052604677433,2.722159964009411,5.142515239736158,10.933836899549297
4580,8.416497525941653,4.3247216282995415,2.8376371532891183,7.706579022524602,2.702216493724569,5.138741147868279,10.941888177968108
4581,8.404346934818676,4.335620178977129,2.8304152574579753,7.760548110991459,2.702216493724569,5.128945983357381,10.937863503727606
4582,8.399390128204496,4.34776722563976,2.840624587068844,7.702314268319592,2.709717705322364,5.132729458604029,10.95194143686458
4583,8.398488481187087,4.357168649452359,2.8483378285826166,7.67782929493216,2.709717705322364,5.136852747276873,10.965995837577038
4584,8.378620255011391,4.349478544550329,2.8458865688485813,7.800074852579753,2.70096365255897,5.126880736428125,10.998032396310876
4585,8.364132000517257,4.338625334905109,2.842379990956857,7.770119642689671,2.7059704852826827,5.1177462381933365,10.863056195927316
4586,8.382689201250344,4.344484742926211,2.832178907587941,7.757487167900468,2.702216493724569,5.118436375219455,10.90559641599722
4587,8.395782783298166,4.349763679108848,2.8409757808777987,7.736098611310884,2.680814312441515,5.127052881729058,10.907616752578214
4588,8.39533172321388,4.339769443293326,2.835173834017067,7.733792124663432,2.6757460605930854,5.133416972987119,10.962986155875551
4589,8.401643694350543,4.361007080343839,2.8589863939140496,7.823455286675719,2.677014295439077,5.133245105635993,11.091444129687146
4590,8.402995456180728,4.355318944195654,2.86472561900281,7.860194263558528,2.677014295439077,5.142343768373869,11.047350854283664
4591,8.437146070511288,4.383099043371609,2.892170762282622,7.846689626881736,2.6997100539643566,5.146970883792481,11.148573528382848
4592,8.427278901703765,4.388599417036513,2.899021996568914,7.904281996766988,2.735761439664123,5.1418293095946765,11.111680140299066
4593,8.426381139949108,4.389867459408466,2.896112801521559,7.8952461784475325,2.7455983624298823,5.146628320318123,11.06967380066491
4594,8.402094313103213,4.3940908255724205,2.8813369951272336,7.837873945561962,2.7419149029703522,5.142515239736159,11.149555176054392
4595,8.414249140647685,4.385356694062929,2.8913128706550464,7.759674086712988,2.756610309847899,5.137367855292001,11.107242202577455
4596,8.414249140647685,4.38394583985756,2.8913128706550464,7.8072747903359785,2.762703374581079,5.139084396324677,11.141698839809187
4597,8.385400403432156,4.373062392582595,2.86750288973028,7.805864895822849,2.746824752775252,5.124814405260317,11.028454505739482
4598,8.351427907991717,4.39887092413353,2.870103402656745,7.7446567400158886,2.7590496391266517,5.1177462381933365,11.01599966213233
4599,8.359597711407291,4.365692527790963,2.845185703589036,7.685858074129617,2.7529460350607384,5.106514475727544,10.700526530448393
4600,8.353698341847254,4.373203962230263,2.847812789995019,7.697286683566139,2.7590496391266517,5.111011039011317,10.771673470987132
4601,8.343247680859433,4.408831139145763,2.8739119457749425,7.652923547066877,2.777255778792254,5.094209048320382,10.821828738262987
4602,8.344157110881914,4.413870208441844,2.877023143534017,7.729835514897773,2.78449487015415,5.094729779492771,10.742361085732353
4603,8.360958334471563,4.405187140483925,2.8839212728819503,7.703947866011433,2.7929096132198192,5.103052068149938,10.789620933723098
4604,8.369116023228193,4.378861860667261,2.870103402656745,7.670225565209323,2.7929096132198192,5.118436375219456,10.73411429817969
4605,8.3368780518498,4.410651668133954,2.898679935711762,7.648268006867137,2.785699003864817,5.098199550380025,10.739269507060381
4606,8.3368780518498,4.420158526504425,2.898679935711762,7.605736523897259,2.790508773181917,5.0921254299264,10.777318297466335
4607,8.345975583700499,4.409391406194812,2.8894243409947618,7.510894463912131,2.785699003864817,5.090561987024624,10.754715827199833
4608,8.354152332171962,4.374902332590688,2.8894243409947618,7.506726976961268,2.795307767975995,5.087954858029438,10.746481388690912
4609,8.358724784665114,4.37815514416251,2.8801299649941297,7.534194563501115,2.773626999207424,5.1021859879881175,10.77321335121018
4610,8.321593735944953,4.422252044817997,2.910110486569311,7.565808521186527,2.780878392805481,5.0829094681936615,10.903070309473867
4611,8.309629273836247,4.441868352542362,2.9253735288056477,7.582656213659734,2.800096054786001,5.079251833742915,10.923761928788434
4612,8.315154119774856,4.441868352542362,2.9299322625248814,7.583613286424802,2.802486203306743,5.073846189602401,10.856961288665497
4613,8.335829835495577,4.443671271993267,2.9386861111912985,7.594363694814438,2.800096054786001,5.0785547523842345,10.83151773019036
4614,8.279156708925646,4.460682725145932,2.94606677177459,7.658684865803446,2.7977032457466335,5.060490260867744,10.836612668041576
4615,8.261081316332382,4.451011794885399,2.9490792012323928,7.638658413251681,2.808449988362887,5.049928428160291,10.965995837577038
4616,8.26061716713184,4.44865900614264,2.95008245412145,7.669051620866433,2.813213812913201,5.061017599016568,10.891440387431322
4617,8.244350492510092,4.458612682887194,2.9659517809295437,7.6598407560531525,2.8072573864643067,5.057852495739025,10.843740343391987
4618,8.257367171083738,4.464267837191848,2.9617863777269884,7.702818003801107,2.814403128309972,5.058204301284596,10.869146652050834
4619,8.216367082656618,4.463854361819508,2.959951180757128,7.720924098113357,2.8167797972077637,5.045342686438246,10.91569322889969
4620,8.204202302743262,4.458612682887194,2.954938549139602,7.747077543883583,2.8167797972077637,5.046401416330943,10.863056195927316
4621,8.214964651583491,4.462337858457102,2.9674494620976284,7.818167873273886,2.8167797972077637,5.04498971215803,10.84475808463649
4622,8.246211656822922,4.456694383203146,2.969444840030844,7.8640176825286465,2.8167797972077637,5.050985906206065,10.883340456774608
4623,8.240626521079562,4.463025451331016,2.9735962776057785,7.9109553922133875,2.8072573864643062,5.06242348429019,10.972011975294077
4624,8.24528114307029,4.47688539196294,2.9899623264947186,7.906997490997213,2.8227100713342583,5.061193362495319,11.093420491614609
4625,8.23783210329512,4.4749675495289525,2.9902917520855365,7.95790173541738,2.8203399107073053,5.067164596768397,11.140716290315714
4626,8.223841454774263,4.470168253164902,2.987984779320487,8.087349114542842,2.8203399107073053,5.062950560173186,11.097865629879923
4627,8.223841454774263,4.470168253164902,2.987984779320487,8.079132490561467,2.815591789409728,5.062950560173186,11.097865629879923
4628,8.235968471928336,4.448694995691596,2.9917735826035985,8.0656807489238,2.822710071334257,5.062950560173186,11.097865629879923
4629,8.20935180604818,4.446761299952245,2.9874901260762554,8.085211305778301,2.8179671526968844,5.062950560173186,11.097865629879923
4630,8.24528114307029,4.45214530332405,2.9891385556075503,8.126217665761912,2.8238941800848707,5.057324727647789,11.122518724466005
4631,8.236900356266752,4.429586242027665,2.9884793259208684,8.067960620933874,2.804870200690353,5.068919098723838,11.126948727695654
4632,8.243419705086666,4.448833074924937,3.00080851665451,7.948415076596745,2.804870200690353,5.068919098723838,11.126948727695654
4633,8.24760717105943,4.444688266891147,2.98187658292698,7.963208738228164,2.8274426318154817,5.0787297257134085,11.176017229599264
4634,8.214964651583491,4.440400002723213,2.996870363016558,8.079580358522067,2.8262604593509844,5.0654093031419185,11.14317245246102
4635,8.232239560353216,4.4484188204760615,2.994241177818928,8.01667561552305,2.841578784951882,5.075228765968937,11.2432744447234
4636,8.257367171083738,4.437491981965575,2.9838594043276254,8.016986945860895,2.846270530406216,5.082577154147648,11.246186794137566
4637,8.264329410055193,4.415671940192008,2.9919381714311912,8.012829729272598,2.846270530406216,5.079779400832511,11.187263356377144
4638,8.25411550796911,4.431807251776911,2.9994965470849366,7.965841627723802,2.841578784951882,5.075579003500406,11.195566255549855
4639,8.254580133426218,4.47071708386259,3.0098081551227827,7.966580978189991,2.841578784951882,5.053980529060028,11.220913707625714
4640,8.269893705311086,4.4661866028127,3.0088280799053733,7.976166702788738,2.848612629773082,5.058731949850083,11.18579730545196
4641,8.263401552972978,4.477433150418182,3.01844749460148,7.926825425004544,2.841578784951882,5.053980529060028,11.162306365195597
4642,8.263401552972978,4.472637300545217,3.01844749460148,7.970181744363034,2.8404042708925696,5.05591699521304,11.093420491614609
4643,8.255509282157789,4.491098847299639,3.0228363088965353,7.984013092690275,2.841578784951882,5.046401416330943,11.12498012105087
4644,8.262009512840422,4.475652616142785,2.9853453948010893,7.989620345082812,2.848612629773082,5.047988968891261,11.085512289744742
4645,8.23270579461811,4.467148114098198,2.9689461593086146,8.002115077926787,2.8333438612161665,5.038630665906506,11.03392883670513
4646,8.242488780744281,4.471677326463753,2.9624533549589054,8.067088376615521,2.8132138129131996,5.036331772807462,11.053309382449822
4647,8.24528114307029,4.47359700631472,2.971770575733256,8.143761386891732,2.822710071334257,5.041458198582026,11.043873112113056
4648,8.26479328771506,4.470305469067809,2.973430365043468,8.139076089166302,2.836876927171021,5.042871190590641,10.94591092482878
4649,8.24528114307029,4.491371608966409,2.9947343790821708,8.126837201131952,2.830985292178188,5.0342085037643285,10.994034475113503
4650,8.257831558243586,4.49750305139654,2.9970345873461115,8.135958464664443,2.836876927171021,5.0320840675792615,11.07363618953239
4651,8.27221072294456,4.477570076393897,2.966118238594382,8.21869028056238,2.825077642431879,5.038277078976228,11.156423559885956
4652,8.261545431566288,4.479075902292481,2.9774089436158526,8.228807204668403,2.8072573864643062,5.035270284067728,11.2539482605106
4653,8.24714203382365,4.503623624818519,3.002775071242848,8.258750900810938,2.8132138129131996,5.026945184139681,11.320122393247726
4654,8.233638159983107,4.501040705037737,3.000644561319673,8.284250547559608,2.8356998755916085,5.021444317160371,11.263155955273943
4655,8.221506664271642,4.50335182939443,3.002938875075638,8.287362729889601,2.8321648965092003,5.027831686669303,11.271386115821826
4656,8.19529777601939,4.511496417352119,3.007030194496665,8.191539454360978,2.843925917958294,5.01895747991407,11.302300278384537
4657,8.195766749527808,4.5284030825306765,3.0189355510945806,8.209501311886289,2.849782739377883,5.021444317160371,11.315790649120883
4658,8.177450811273733,4.5370275548453325,3.0286751817684987,8.231942257708925,2.855623923618805,5.022332084636592,11.346547381462292
4659,8.194828767551053,4.541466215381488,3.024621966783751,8.301180236323884,2.8544569322044837,5.01451270252535,11.304228758234855
4660,8.182152297640707,4.5440192464156,3.0281891690587295,8.238274095108164,2.853289318992168,5.015402068503579,11.288788900689815
4661,8.192952383934246,4.55434666437662,3.043047610167264,8.214002050527668,2.853289318992168,5.018068934674653,11.211173521328027
4662,8.196704591693747,4.560902806218035,3.04787237059548,8.17708244163696,2.867259839219864,5.018602086408512,11.244245337036666
4663,8.197642294106538,4.560234374579413,3.041276032574814,8.130884801896265,2.867259839219864,5.020556345192335,11.215557968704799
4664,8.195766749527808,4.565444761360332,3.0518854179091672,8.135474158769775,2.8753685213252687,5.028008962744271,11.222860423695893
4665,8.208415845700378,4.561170143146997,3.0616485205440984,8.155581941049586,2.87883456841239,5.038807447251827,11.242303443189643
4666,8.20935180604818,4.563575257634834,3.0648407239131985,8.162466693684006,2.881142249891961,5.029072448264334,11.343188653690031
4667,8.20935180604818,4.53971832695923,3.0648407239131985,8.134118683719457,2.8822951882705046,5.039337742820819,11.365715318571556
4668,8.239695185645603,4.527593440858407,3.028513188820168,8.093689748457013,2.8579560447137062,5.045519161516571,11.263640299217434
4669,8.232239560353213,4.497094627305263,3.004412586136989,8.104633546360313,2.849782739377883,5.049046976064383,11.268482247330018
4670,8.2396951856456,4.476200571105843,3.012745889545451,8.148562863109639,2.836876927171021,5.048694339095856,11.302300278384537
4671,8.242954260033827,4.502672247333699,3.0446569702669106,8.168924592422588,2.84040427089257,5.046930672794213,11.340308712753314
4672,8.245775388569841,4.525298431315753,3.047551029401254,8.124527120772244,2.853289318992168,5.045519161516571,11.398204522526813
4673,8.248595260419552,4.507426519588217,3.015516994438526,8.13320479750235,2.868420050804569,5.043754048773286,11.42867278893255
4674,8.235895930503315,4.4969584752039795,3.0252709565715925,8.149494048155042,2.8392291238730367,5.041458198582026,11.41725959960614
4675,8.209474938671562,4.524217902045612,3.0562118027058025,8.188628896928666,2.850952223500028,5.020201099118194,11.441969440247085
4676,8.233070391328384,4.491644349057751,3.050120524399505,8.134142360709648,2.8637755298093195,5.027654402452065,11.406307996927834
4677,8.23354140223835,4.490553259220906,3.0241351053807914,8.153251342022712,2.8450985387838728,5.028371642828675,11.331182608482981
4678,8.224586185387837,4.495324230981369,3.0488361294965625,8.160691823899992,2.843925917958294,5.022091264375132,11.401542155855076
4679,8.242954260033827,4.487687504109519,3.0383741844085734,8.161389386846292,2.852121083064029,5.023886701821998,11.371457495111663
4680,8.263613416689727,4.460411863811638,3.005230907789026,8.126473900417036,2.83498124803909,5.031418428822119,11.379107860265472
4681,8.2650195467904,4.445379417829653,3.0117851122062183,8.19802558916725,2.812915250717936,5.0360735761065625,11.311938395780768
4682,8.280933960450781,4.415950786067817,3.0068712037121097,8.183572059033727,2.813943816786078,5.035357764456496,11.328298690952542
4683,8.284672742888686,4.347504142828507,2.9902502969266163,8.183768243415187,2.8380922893959517,5.052857150968444,11.204836484756047
4684,8.311713447287817,4.303101315248333,2.978991853557728,8.156525121136946,2.885957444646104,5.06193282160423,11.126948727695654
4685,8.302867918231728,4.348215482644999,2.9826403494524225,8.232877936736509,2.8775859307441585,5.049648898662032,11.259764787744288
4686,8.295409519486313,4.346939288710178,3.0001385637135964,8.221652146383374,2.9012236095529294,5.044474455745896,11.331182608482981
4687,8.280933960450781,4.397332230231396,3.031337141336141,8.168616021104475,2.9012236095529294,5.037862525672271,11.350384342383958
4688,8.276257388090547,4.389079076095981,3.0223962449316875,8.148412339483427,2.959921003765752,5.0333885986369005,11.407737243551898
4689,8.273917810599086,4.3963540974661,3.0272773614486232,8.15875972725833,2.938258455434777,5.0392930897659385,11.466136760064444
4690,8.25986221187128,4.430421635651037,3.038465203197675,8.15710282848886,2.9341735116521823,5.034283798386544,11.464716989598704
4691,8.25000472557096,4.4349843011172805,3.047344764405827,8.186772376765266,2.9477613382279113,5.02819234522825,11.487405899203456
4692,8.247185481483653,4.429453010371598,3.0407286601626216,8.205122731622206,2.9409776466809663,5.029088749967466,11.43484873886697
4693,8.23777892200723,4.430559988173956,3.0573142119121512,8.217195237363462,2.95182181072798,5.020833960510804,11.49731396428633
4694,8.248595260419552,4.465657935166338,3.0755354432187265,8.215554718815524,2.9813789835022,5.0213728552376224,11.459035616113015
4695,8.245305287792245,4.464973191716076,3.0799893733094486,8.29267468181139,2.984047111595387,5.018857368272967,11.485045194812512
4696,8.244364981484502,4.497416587264541,3.085862087061428,8.262368223870395,2.9800437523600034,5.015620755617984,11.466609966001817
4697,8.25141387713109,4.494430406406723,3.0896636436951592,8.235611855364255,2.9853800110528845,5.01687976152051,11.477959286402788
4698,8.237308226694694,4.502162013807261,3.092194633639149,8.23879349143512,2.972015946688576,5.0131015080608545,11.487405899203456
4699,8.226472549523741,4.5069009339623225,3.095196683704315,8.16720168481256,2.9679914316729925,5.006615858447162,11.549032635742568
4700,8.22930103974856,4.502974861520881,3.0885554859160362,8.172174937905263,2.9679914316729925,5.0078778139323425,11.540120975290892
4701,8.226001011314178,4.50581832455231,3.0745799359692483,8.129595880765761,2.990703874044365,4.998131976219043,11.62047091150272
4702,8.227886952956656,4.502162013807263,3.063723704788453,8.058935076713391,2.9827134361623555,4.996324473308573,11.569635851387604
4703,8.247185481483653,4.479324189230648,3.0429899245640883,8.04756217847049,2.9626143285578714,5.004271126933225,11.521330223817078
4704,8.256578086354754,4.491713452074425,3.046700114520098,8.173790236419203,2.974695017755984,5.009319541741757,11.483628468739068
4705,8.250944194775933,4.4889943553391785,3.0553879476513357,8.142196664209138,2.973355875263146,5.008058059475076,11.493069013057243
4706,8.268767704481823,4.498094904630013,3.0674012672510647,8.093531609235066,2.9626143285578714,5.015620755617982,11.577116091847744
4707,8.280466458024877,4.460176152535661,3.047667022744869,8.06006370750535,2.963959795692724,5.039114298184016,11.540120975290892
4708,8.282336261497035,4.46552099741776,3.0475058991239057,8.07009818995898,2.946406227246902,5.033925743370615,11.619540765999618
4709,8.272513650379011,4.514739743010724,3.0748984813596976,8.051184265628978,2.969333726177058,5.0312392726414465,11.657597512833176
4710,8.275789541513653,4.528213453644869,3.078558668243077,7.998965483966911,2.9773709495932064,5.035894635619017,11.683032972284686
4711,8.275789541513653,4.528213453644869,3.078558668243077,8.088528247336429,2.978707741477527,5.035894635619017,11.683032972284686
4712,8.284672742888683,4.528213453644869,3.079035666149771,8.043306994578055,2.976033375442116,5.035894635619017,11.683032972284686
4713,8.294943079491834,4.5464543239347375,3.0896636436951592,7.9859640082255545,2.9626143285578714,5.040365665782288,11.681647443383804
4714,8.287475388052911,4.561271743890711,3.1037081885481346,7.98043284244266,2.9813789835022,5.0330304606621405,11.676103185944802
4715,8.302867918231728,4.578281032897531,3.108266658859476,8.03731730819273,3.001314729566312,5.043760196751245,11.722201040100348
4716,8.308455995290938,4.5890023327899305,3.11641873289288,8.092096766035393,3.001314729566312,5.043760196751245,11.722201040100348
4717,8.311713447287817,4.588605829365265,3.0970907627951747,8.105021361528868,3.022391129489589,5.043760196751245,11.722201040100348
4718,8.3182233674089,4.5752307454368895,3.0807838355318684,8.140468622796272,3.022391129489589,5.044117342716629,11.773551881321787
4719,8.324262356677979,4.554871915746645,3.0616425366123488,8.241938135395431,3.022391129489589,5.039650648143383,11.689034459135378
4720,8.335859785898412,4.5551388091217655,3.06132219330365,8.280318730035837,3.022391129489589,5.051075116276712,11.4675563015725
4721,8.342345175726233,4.558606571080756,3.0606813756584414,8.370186588457324,3.0026376537526196,5.063532211530744,11.43057354417691
4722,8.34882400484579,4.566463004769115,3.0780815740468035,8.377768980457358,2.9960154207025838,5.071696614361163,11.426771621821345
4723,8.336786672532785,4.585167595182631,3.098825677445637,8.312607017637873,2.9986665999821525,5.067971512321757,11.511919860875995
4724,8.346973579200915,4.568989297950414,3.0755354432187225,8.406248228096977,3.0026376537526196,5.07010057859094,11.424870042596252
4725,8.339566527367058,4.577750738292816,3.087922020302856,8.379410678977333,2.9813789835022,5.06903619105894,11.436273341176507
4726,8.349286527791808,4.548995099682229,3.0650035088881844,8.424400521748156,2.976033375442116,5.075595283487245,11.340788769066291
4727,8.356682360760393,4.541233244498519,3.043635598213481,8.419977309446354,2.965304467724716,5.071164675138118,11.310011628146452
4728,8.362223645241922,4.519731114323484,3.044442439459664,8.41620318652904,2.965304467724716,5.073291996157948,11.218966551526531
4729,8.350211473572248,4.537077571254294,3.0664424569658943,8.422366303722425,2.9773709495932064,5.070277948216807,11.31771613535099
4730,8.352060964873315,4.550866068038487,3.0693177175613324,8.357460657063175,2.970675230753826,5.07010057859094,11.21507091813942
4731,8.358529987284644,4.519057024299957,3.0539422106954364,8.354847446836603,2.970675230753826,5.079490055727109,11.21507091813942
4732,8.363608219208889,4.4775506480402045,3.032472611291858,8.353159542928946,2.9504691286284506,5.088680452221859,11.17601722959927
4733,8.36637647180689,4.481642056155172,3.0272773614486246,8.235446926366421,2.95182181072798,5.081612838310182,11.226752536849528
4734,8.368221310898281,4.491713452074425,3.042021079349357,8.225611814094,2.9436935669960844,5.084441419559188,11.29651226550351
4735,8.386640641873027,4.488450278492036,3.064683623126637,8.251877920731921,2.9612680650175704,5.09309122551875,11.323490035421786
4736,8.39077773528757,4.484911682983966,3.072348913465701,8.159629682181357,2.9572244828856373,5.096440088395902,11.440071151028087
4737,8.39077773528757,4.490897948218876,3.072348913465701,8.08965717568395,2.9572244828856373,5.096440088395902,11.440071151028087
4738,8.393101043166288,4.5248499247055225,3.0923527309253958,8.13002231397332,2.9800437523600034,5.09009244136894,11.548563824287967
4739,8.414899318309466,4.494837765062913,3.0462165104824184,8.182288444749101,2.9813789835022,5.097320891824127,11.530730585500907
4740,8.403777486395661,4.473590985830735,3.044765097981303,8.211927292059944,2.9626143285578714,5.095911511147038,11.44196944024709
4741,8.415362312530238,4.480960492705209,3.024349922963148,8.101888314253095,2.955875020627562,5.086561511099106,11.468502535429623
4742,8.414899318309466,4.462506981933831,3.0062152252393983,8.078874903551473,2.9409776466809663,5.0929148901159245,11.521330223817078
4743,8.413047009512386,4.47427401188371,3.00769091475482,8.036562359672365,2.9477613382279113,5.082293040356245,11.568232604823367
4744,8.426464235463452,4.452899244524243,2.9914061224908925,8.052885351203363,2.9504691286284515,5.089554428266226,11.531670072731862
4745,8.412583849301665,4.492121131688266,2.997670479571574,8.062174094688809,2.9491156382411523,5.0950357997787,11.521330223817078
4746,8.420453060641435,4.459215937945262,2.9785823212320963,8.11874136808667,2.9531736858743045,5.106504129764402,11.438172451419758
4747,8.415362312530238,4.467437628391044,2.9745785634326247,8.029234392710231,2.947761338227911,5.108969843971018,11.389138808504878
4748,8.39077773528757,4.500400187646104,3.0047672649517314,7.974597361484132,2.9585731434928104,5.098921150179047,11.46092981489697
4749,8.42507753711044,4.46730076169917,2.979748764221202,7.980376194004604,2.963959795692724,5.112313693103484,11.390570861908776
4750,8.438469857803389,4.461821608513087,2.984076068710059,7.925862331002329,2.9423360150243507,5.116357702619464,11.314827745944996
4751,8.43200805875424,4.485100305489501,2.9815805453056003,7.951455276943784,2.9328102163842424,5.111082080214967,11.294099453007156
4752,8.42923674078094,4.486321144204298,2.995189701710085,7.899253548296128,2.9328102163842424,5.109850080623006,11.27719093118457
4753,8.424152906350074,4.51791233933578,3.018076656366535,7.926303046122438,2.9477613382279113,5.104565694374402,11.291203191429837
4754,8.424615238253777,4.523820497987888,3.009047773220506,7.9764477506323495,2.9679914316729925,5.112313693103484,11.310975065404621
4755,8.444925217881362,4.486185516828536,3.014961569198595,7.905462280882681,2.9679914316729925,5.128289622759851,11.23258741323133
4756,8.456436686883647,4.478581842117457,3.0083897498146737,7.832210099130596,2.9773709495932064,5.1342420441124546,11.218966551526531
4757,8.446768426289628,4.476406272715078,3.022659692153266,7.814040780092461,2.965304467724716,5.12443325549648,11.250068399187642
4758,8.414436290903891,4.496883670868716,3.0433343443060363,7.820183030423494,2.973355875263146,5.1156546957291855,11.250068399187642
4759,8.400530005062876,4.523954657529861,3.050131510363117,7.759842983947537,2.993361181987162,5.106856469597403,11.282991857072405
4760,8.385198374719323,4.544420344450638,3.0583587780321446,7.729243879708317,2.9973413921618772,5.103155320706709,11.282991857072405
4761,8.374491062105259,4.557200497651808,3.077284748476495,7.728522838002111,3.0026376537526196,5.099980122113815,11.225779673348613
4762,8.374491062105259,4.560919259428375,3.077284748476495,7.68855824613922,3.0145099694417747,5.100509500688571,11.228697934482364
4763,8.39449462588095,4.567550099848779,3.0838253409747542,7.702125258494751,3.01582535946491,5.10244994343591,11.36380041976224
4764,8.405168763825584,4.561981037623451,3.0882817234246085,7.7340463112444695,3.0315521147783957,5.1142483042940174,11.322527985075643
4765,8.389848177472667,4.574300664300356,3.109651290545711,7.639632468250904,3.030245610819089,5.109498009665387,11.390570861908776
4766,8.426464235463456,4.555605531955749,3.100810157870892,7.720639748263227,3.040677181269441,5.1331922700876165,11.288788900689815
4767,8.450913730799744,4.501207679405497,3.0704055915615958,7.705373107348745,3.030245610819089,5.161264913642689,11.172102076181536
4768,8.45367579634961,4.488219366962358,3.06366697820882,7.704032217554244,3.0105593062015985,5.155875094056146,11.199470728214651
4769,8.45827662846924,4.512532539094673,3.072807575984532,7.755399630165784,3.0145099694417747,5.149780979552012,11.241332332401315
4770,8.447229146536475,4.4936371068775935,3.054329410653034,7.821010009780715,3.0118769439903144,5.153264480154142,11.23112906430988
4771,8.46011604884901,4.4960723161411895,3.0644702063820484,7.8249741628002605,3.0184538999841726,5.160396083844485,11.20532411485245
4772,8.461954948431371,4.475181909447249,3.041226447686417,7.774772384969104,3.0184538999841726,5.16768834202413,11.20824931514237
4773,8.462414592000192,4.501072636033358,3.067199133114288,7.721327791035416,3.0066018783569546,5.162307257991707,11.313383191012926
4774,8.451834549959127,4.502962763222351,3.06623634373712,7.683943574728676,3.022391129489589,5.147689405073791,11.28395830041652
4775,8.434778190789643,4.525430070588127,3.0836660292830973,7.6465315783169965,3.022391129489589,5.12688774455371,11.294582069219357
4776,8.444464333891858,4.531057711235675,3.0807965834862747,7.616937066064307,3.0380736618981534,5.136340753821748,11.381975020544585
4777,8.438469857803389,4.535874166887013,3.067680380211036,7.643972224855331,3.0276303992621,5.147166338460143,11.442918431037317
4778,8.450913730799744,4.53480441923307,3.054168091908084,7.701584200568754,3.0341629247588697,5.151348934544382,11.506268830239495
4779,8.441698341603955,4.503907439386898,3.0144693299742893,7.678772811811398,3.0276303992621,5.166300374066329,11.489294007827581
4780,8.449532256961142,4.492418857368397,3.013812848096203,7.639212250580319,3.0092409167922107,5.168728999410572,11.466609966001823
4781,8.484897416668185,4.481571004209014,3.014961569198595,7.578991032831911,2.9999910453793643,5.184651697051894,11.452402706197597
4782,8.498167102892205,4.426948963942914,3.0006438875277475,7.570493424325656,3.0171400025881696,5.199134386318394,11.379107860265472
4783,8.521438203868184,4.372135966866287,2.957483725741556,7.544675121049343,2.9999910453793643,5.210305267457261,11.37623975865095
4784,8.524170541746503,4.345380633462004,2.9658795854396445,7.63517243143726,2.974695017755984,5.212021097254339,11.265577403757884
4785,8.551431417164384,4.268286186453501,2.8921135533758164,7.617192280469929,2.9773709495932072,5.225379396134996,11.17601722959927
4786,8.524170541746503,4.260317006512438,2.87053224496185,7.711069032121463,2.9273487617124556,5.198101651172707,11.02994785608843
4787,8.569090452620696,4.099712496758952,2.748223771033779,7.658535708977132,2.902606259849871,5.235795356318389,10.99353460179898
4788,8.604716809987355,4.110066611594164,2.836337508067508,7.643719212203127,2.88456438961567,5.225550367662061,11.027956663752674
4789,8.611459633356663,4.074292095694469,2.7776348912732356,7.6275839331328665,2.887349624330425,5.252133238363304,11.011012585406702
4790,8.587153176939882,4.107481269816102,2.831535739954864,7.612177198066111,2.88456438961567,5.232383263176205,11.046357359192573
4791,8.606065925209718,4.158791327492123,2.841660416992643,7.536671185540763,2.878983385467466,5.228455769528969,11.027956663752674
4792,8.597066613640367,4.16283069351947,2.8715813692262504,7.480883072597529,2.8942974456319828,5.228455769528969,10.971510794601992
4793,8.611908910425903,4.130371475045552,2.8586070873755243,7.480169563061048,2.8970704996211847,5.237670773549661,10.970007073566979
4794,8.619990682851993,4.117051643666461,2.852443802247349,7.49079303330525,2.8929096199547413,5.25094417194529,11.004524983770434
4795,8.632542747057531,4.025634193682079,2.7874700744635126,7.52499350562909,2.878983385467466,5.272124965246427,10.897510189904187
4796,8.632542747057531,3.9845983139083043,2.765184946265291,7.537891991204146,2.8466153450284946,5.270265503392289,10.93182287293255
4797,8.626717961484468,3.986497099739494,2.758379933473328,7.535035322833417,2.8323916795199926,5.2684051865741495,10.88536617549882
4798,8.619093195555113,4.018128304274535,2.8158114044448297,7.457065068167411,2.850864433755729,5.266205526577813,10.96198268943925
4799,8.597967096974031,4.055786464204512,2.8267233414910344,7.450322165994015,2.836668535765132,5.255868023401274,10.943899792161252
4800,8.609212789881736,4.014211743726505,2.8014166316918843,7.427632369750044,2.855105289079364,5.262819095435511,10.951941436864585
4801,8.617297855673133,4.018754492627741,2.8295764200864757,7.46683970931038,2.8579279735952148,5.267728495544008,10.970007073566984
4802,8.602017752630339,4.056868980601936,2.8876058407663163,7.489420817268932,2.8663743178510006,5.267728495544008,10.970007073566984
4803,8.621336685620692,4.0421454500972205,2.88639065870729,7.613387304576711,2.878983385467466,5.268574341642601,11.065709563431108
4804,8.61002616868282,4.080129437124641,2.895055962590813,7.6375867527143315,2.878983385467466,5.2526427309277,11.146609895196553
4805,8.626758874391292,4.053929845697443,2.8628233559362073,7.625276770630413,2.8929096199547413,5.270772714096565,11.12793286090985
4806,8.648403373567536,4.004319867052376,2.812940123703881,7.710698770147055,2.878983385467466,5.292186602850913,11.089467308929677
4807,8.648403373567536,3.9061960479664215,2.812940123703881,7.751041433618757,2.8565170854921815,5.323513383560936,10.992034804185776
4808,8.647052659454458,3.9126863018162537,2.810784155244126,7.673281441696208,2.8295357622818615,5.324347704521369,10.984031377693592
4809,8.63668804080042,3.968251685279604,2.8633498209937143,7.574857398119767,2.853692582736494,5.314036649439646,11.024968996857716
4810,8.647502928027437,3.950696707054572,2.84148319591744,7.52250893427631,2.8565365298420935,5.319110913764581,11.057775534306094
4811,8.66369230329629,3.8894186441739467,2.803734860762453,7.5108095046779875,2.847993585296276,5.341363151104812,10.953950646614922
4812,8.655152826248004,3.852437173926573,2.8131435712224184,7.553104604288029,2.822162214719052,5.345060132063324,10.978023819175844
4813,8.643899923920197,3.8983891539548483,2.8311229571291485,7.5704474073608345,2.832244221147679,5.335643070160687,10.963989502684324
4814,8.63894259673543,3.968410812223393,2.849842611247684,7.569771657528366,2.8178269611750704,5.317927482835765,10.93987608193007
4815,8.623144575342591,4.014681993795712,2.8729753637542057,7.5896361315075085,2.8394171299345556,5.308617135027107,10.968001694432912
4816,8.625855484562019,4.023583971134436,2.8780636512201805,7.602877140854849,2.8636303116051214,5.320800934674137,10.980026814415789
4817,8.654253295364581,3.9694636840008166,2.8493099857784756,7.590896358642232,2.8636303116051214,5.3326115556664595,10.899532479045368
4818,8.651103977753325,4.011239257282882,2.8280769612555425,7.587197882114264,2.845138508223941,5.333790744662205,10.88030095748101
4819,8.659648655176392,3.9746971265457565,2.7792977308671736,7.608750576784185,2.8494197267284656,5.337999364572574,10.8569612886655
4820,8.688797737225952,3.8715482544687605,2.7510489031541003,7.566489303138843,2.8264888108997246,5.3526117825625485,10.670959213798891
4821,8.665937712589963,3.897994347223089,2.7632808139328118,7.670441917473648,2.8264888108997246,5.341867481130597,10.625100727889514
4822,8.647502928027437,3.9354656965715282,2.786256033810172,7.627440317724193,2.794557389462965,5.32924057123917,10.61568877432145
4823,8.625403743428711,4.042396612395407,2.8133241064177406,7.599723009941301,2.8336806952591065,5.303699467458937,10.698455102884262
4824,8.629016810017893,4.005597371534582,2.7675269156984985,7.571518412881167,2.8422796942927637,5.292655477530919,10.682383793403876
4825,8.637139013314902,4.027636014446118,2.788266059547454,7.634799393707289,2.8522692237774794,5.2987758532649085,10.707255065522789
4826,8.639393415960066,3.990974372570926,2.744160522875034,7.636580808817517,2.847993585296276,5.318941873201658,10.532073234947374
4827,8.666386703515087,3.9274293202353556,2.677660133948892,7.601059126248342,2.8279290940216897,5.33480120787991,10.614119058334984
4828,8.665039639823094,3.904001801819581,2.744160522875034,7.5429803543885505,2.817826961175071,5.346235745916294,10.566359856610672
4829,8.640745689813045,3.9895555368950095,2.76881752440898,7.571536800054844,2.806223592859929,5.326879228541167,10.53999842948209
4830,8.623596470635166,4.044720822188716,2.800286785080468,7.629441720958003,2.8279290940216897,5.306752511601223,10.671998470305335
4831,8.605949641448046,4.038519056552307,2.7758100548110494,7.63599612505419,2.836550801500233,5.304547764877087,10.680826833417033
4832,8.605949641448046,4.104702361718032,2.7758100548110494,7.615771534170917,2.836550801500233,5.283457589952131,10.727923787338675
4833,8.586892499721245,4.106677062143489,2.828973285879631,7.569492089739837,2.8607955482787384,5.2832870619563055,10.669919825435393
4834,8.577343237250716,4.150859904472074,2.8416613894295844,7.629927125815977,2.8579571213014474,5.261571443192942,10.711392966389305
4835,8.592797022343307,4.130880496082509,2.844154571925726,7.725348352912419,2.8664614243387256,5.282775434946238,10.624055491586082
4836,8.58371094971984,4.141261425162305,2.8713938512438726,7.701904307741469,2.86221338708037,5.267567704873808,10.655354517375905
4837,8.600510355968886,4.097095801375473,2.829331712170724,7.634233349745269,2.879156601871016,5.2887404061103975,10.651188234416475
4838,8.604590239950388,4.118801937055351,2.871921148131097,7.637951707991239,2.8607955482787384,5.300304509043924,10.630324901551663
4839,8.605043404864903,4.116380683056728,2.8455779703522124,7.645884707249982,2.8636303116051214,5.2906133024078255,10.580559472966522
4840,8.600056879890237,4.079990004918916,2.84077027626311,7.637465938708504,2.85084493899768,5.303190404163928,10.375681688759345
4841,8.598696264736914,4.132236457126722,2.874029075731067,7.6291915785889515,2.8494197267284656,5.28652586877883,10.457193412311241
4842,8.590072514971142,4.165501795465816,2.909041853942567,7.676985146438393,2.8721127498801904,5.283457589952132,10.641284794823784
4843,8.612742457380628,4.164607279567494,2.8771871964308438,7.669146738984539,2.86221338708037,5.292485335473593,10.657957367030154
4844,8.597335369083092,4.163414202252247,2.8955202685063,7.657790494988585,2.8579571213014474,5.299964857391332,10.63658949892029
4845,8.560028328569064,4.267327854122549,2.9650267200531006,7.641969853264095,2.881967866388363,5.266369163941194,10.724310506187374
4846,8.582801653253558,4.24864069672074,2.958780300360164,7.586413912402832,2.90015468200535,5.271161198125771,10.692755981547549
4847,8.611837151812795,4.196063071518717,2.917494479924694,7.5301817046569175,2.891779279669528,5.300644132347598,10.647019827591862
4848,8.646152030673962,4.10531009363106,2.8873327805245306,7.5418720191794355,2.873523319838225,5.340690614567811,10.427259322212514
4849,8.646602360338543,4.130277660590789,2.9076587927881405,7.631831333555806,2.85084493899768,5.33480120787991,10.455058964380074
4850,8.638942596735433,4.19399527301731,2.9334500928902534,7.655922631516325,2.85084493899768,5.319110913764581,10.493392562360155
4851,8.64570167045497,4.147863487403805,2.9320820110294155,7.6645525241369,2.865046323482872,5.334632814656717,10.491267702884352
4852,8.653353642675508,4.1320858234101445,2.930541924377815,7.715664736776819,2.86221338708037,5.345396056101978,10.448118085331142
4853,8.639393415960066,4.160877433156797,2.9462356546262525,7.684743795979877,2.8465665130225934,5.342203666694316,10.482230789521743
4854,8.662344693781701,4.077691948706545,2.881915928760639,7.646752021369387,2.857957121301448,5.356801153813944,10.461460606557988
4855,8.648403373567536,4.118499381700532,2.8927364271147664,7.595990568107838,2.823605373011696,5.345396056101977,10.47424860634761
4856,8.648403373567536,4.162817496557779,2.8927364271147664,7.6039735079743735,2.823605373011696,5.328734683972975,10.556879619964795
4857,8.6515539716977,4.128920861518079,2.913185907303924,7.574979273372302,2.8422796942927637,5.349928341969389,10.533658895233186
4858,8.647953166063227,4.14066055763076,2.9233408716714235,7.573170537666945,2.8336806952591065,5.347578892411269,10.44598122152111
4859,8.652453868135101,4.124544997590637,2.90298462229679,7.5559708593019,2.8163799444982685,5.343212058077488,10.520964894728694
4860,8.662344693781701,4.08442813924762,2.885412187968296,7.587826819637935,2.8207180945007297,5.336821386758505,10.38268570456592
4861,8.64570167045497,4.088249081558987,2.887507297341942,7.62145422811745,2.8091302890957786,5.318772825640629,10.412250216523876
4862,8.654703076029145,4.026857187799832,2.856754977209248,7.545381793252582,2.8047687730047626,5.327722721719094,10.331901834266771
4863,8.660547456183169,4.016870825359471,2.843086413859279,7.518652985699739,2.7989396390699963,5.324347704521369,10.334069475238769
4864,8.673117934798105,3.985926633998392,2.8044600678993796,7.643762518340383,2.7989396390699963,5.29775643019194,10.22989550717217
4865,8.673117934798105,3.9727950955205014,2.8044600678993796,7.625860970813914,2.7739874631527233,5.291804695985507,10.220006660975734
4866,8.65515282624801,3.9772313251515325,2.791003965786747,7.682282860853463,2.775463333393366,5.280898916798064,10.168714514004064
4867,8.658749732637338,4.062328263701734,2.850730032327629,7.637225650709128,2.794557389462965,5.275435009955905,10.238675151255771
4868,8.6515539716977,4.0781516948977545,2.84859961668019,7.678068046033064,2.819273010580079,5.267054087974972,10.175351787385353
4869,8.637965933803725,4.172797662803463,2.917666650471816,7.573042467714109,2.812033072881167,5.271503269176179,10.412250216523876
4870,8.633884089204779,4.168630632479975,2.909387485425023,7.455424372596875,2.836550801500233,5.293335974526236,10.482762653589404
4871,8.649291229486215,4.166843100350144,2.912495765063187,7.438349767475186,2.8437095692118315,5.298945732274503,10.47211868551743
4872,8.646574920604442,4.171310060132841,2.935329849532152,7.460585019303489,2.8494197267284656,5.28891070510987,10.448652212341809
4873,8.639325990467063,4.159533621798114,2.930370738552836,7.410251397001594,2.835116221466896,5.290102598164634,10.425652549848436
4874,8.657433496807656,4.1499612752504245,2.9372080394574724,7.362886471472413,2.8522692237774803,5.299441502110443,10.351929962340092
4875,8.669628228292742,4.106069593765408,2.893780776446387,7.353785918109948,2.846559942065629,5.318224107694372,10.31508249157342
4876,8.653815943299906,4.14276309738353,2.93589097010889,7.35611183402882,2.826458967540794,5.295029421394541,10.321054732295913
4877,8.664211107763974,4.080755649086232,2.9134615108136845,7.380501092174331,2.842268172508524,5.317717605540321,10.218357307843442
4878,8.673688177076468,4.0804494138752645,2.886772212634524,7.349190728883234,2.830781977363266,5.314170329484396,10.185297136611622
4879,8.681800657169362,4.053073609458007,2.868622343801501,7.365035585015825,2.8264589675407943,5.336920700851133,10.09532878717232
4880,8.679548181163838,4.062020217628588,2.8843139723714093,7.353224670728015,2.8061700380892307,5.333558249256915,10.13044017618027
4881,8.692601961760444,4.043199563238132,2.8930809150838477,7.318600014590237,2.810533733197737,5.350342997406616,10.185849285178724
4882,8.697097349365501,4.043354294952457,2.8664980524316555,7.273262461706359,2.795953552930728,5.343133972249526,10.099237906908492
4883,8.676844204468456,4.104336063183838,2.922287494910437,7.278028726511134,2.800337991913733,5.330193034171787,10.190265070918967
4884,8.670981819687352,4.084089619867015,2.926773681946378,7.331633858249058,2.8163383013783165,5.333558249256915,10.165947317269332
4885,8.672335135896997,4.1064597083653736,2.93468891419064,7.37809526229643,2.80762558477375,5.333390054187803,10.218907130749988
4886,8.655624966230862,4.109036498710187,2.937092385283929,7.377372922300452,2.80762558477375,5.329688013169117,10.227699062034667
4887,8.657885552564965,4.113578648223907,2.9436032137576094,7.350471777859959,2.8177870105348,5.329688013169117,10.227699062034667
4888,8.679548181163838,4.082256436225167,2.9209053235589293,7.3619521727147506,2.8134379672166,5.34565018679841,10.173139989652004
4889,8.682701434458956,4.101907286183104,2.9345171395558665,7.445713838853917,2.810533733197738,5.350510498636623,10.152651093379323
4890,8.691702520786238,4.112368047285495,2.92608408241273,7.459673403171545,2.814888620873815,5.3541937990369215,10.212306710647448
4891,8.674590051811268,4.1898176900453645,2.9480472048861928,7.527055841293769,2.814888620873815,5.343805113699855,10.338944503262882
4892,8.67007945600995,4.183459447630282,2.9413779375046127,7.536369000752841,2.829341930024055,5.336248431310183,10.330817791605488
4893,8.673237193899341,4.181830897323769,2.9413779375046127,7.458471648810754,2.82357216958316,5.34917029748805,10.262768754582485
4894,8.680899758123912,4.160584102761193,2.944458506015076,7.475184856231866,2.80908014919911,5.353356975164935,10.315082491573426
4895,8.68360209003823,4.152225056479389,2.9489008186664902,7.480662673789966,2.80908014919911,5.356536000027793,10.418686139182496
4896,8.679998737277048,4.191146895208004,2.9686150300305183,7.526091373045575,2.8134379672166,5.350342997406616,10.535244244661019
4897,8.693950895964685,4.191442199571595,2.973517007663319,7.560240495125361,2.814888620873815,5.360046802259746,10.535772625419918
4898,8.686753426753619,4.2038205976214575,2.979082346672276,7.509430755404395,2.8076255847737506,5.35770660040987,10.528900981126652
4899,8.703385811876535,4.181386603840411,2.9726725902264635,7.509103144010221,2.823572169583159,5.371227961166952,10.487547849300578
4900,8.703385811876535,4.207495489136795,2.9726725902264635,7.611943810207656,2.8061700380892307,5.370727960574319,10.528900981126652
4901,8.704732569756413,4.240673990483392,2.970137461270417,7.623230371048279,2.820681521995116,5.368060266090192,10.66159996611171
4902,8.69529955759601,4.251272147856614,2.9915132192502534,7.618922296210034,2.8307819773632668,5.366558928769128,10.623010121314824
4903,8.679548181163838,4.264002435690618,2.9998745106925573,7.630385922533926,2.8451302891542594,5.354361143368619,10.676154178686371
4904,8.666468777337702,4.264002435690618,3.0042104096049256,7.677359859963293,2.8593849593341374,5.339440729779663,10.64076322854491
4905,8.658789571855847,4.268331008270659,3.00037522331195,7.7057425166287326,2.862224804392181,5.3320442448266006,10.688608679542709
4906,8.661500892354907,4.264724261894085,3.010034356151192,7.743373250719315,2.8636433515473967,5.327667305530965,10.683940457854725
4907,8.680899758123912,4.27682722880852,3.0198187756261903,7.752968473358422,2.877778780250555,5.3439728819077885,10.71346113621299
4908,8.699793129740447,4.2970432242607215,3.019322259127377,7.752223854148992,2.8749589347581623,5.35201770244319,10.767052108932075
4909,8.708322597875721,4.295756542623146,3.0260988034958154,7.77152071743484,2.8721354819798677,5.353022197902161,10.742361085732368
4910,8.716841197700766,4.280277035287145,3.0158436614776107,7.658045652312554,2.8678935111291084,5.365891492093968,10.771160113853623
4911,8.723111128548236,4.282718458578354,3.0138535426942945,7.611208421830507,2.8693084091148173,5.368227047588136,10.697419193165919
4912,8.715496876606315,4.324799048293996,3.044346596482917,7.612172470245291,2.86647770328755,5.355532362985134,10.737207810395267
4913,8.720872541576647,4.333858237893429,3.0500709451204497,7.649557208489982,2.877778780250555,5.360715186956806,10.605218283463156
4914,8.69664794680682,4.364672660671108,3.07751659889156,7.729977805389154,2.870722398861148,5.343637338630839,10.71139296638931
4915,8.706976563280387,4.363131661606786,3.0725060919461598,7.711709725509613,2.883407700211602,5.3540264478920125,10.669919825435398
4916,8.69215225642758,4.361870316674074,3.076870679008402,7.776217526487767,2.88200181264796,5.337088751001804,10.72792378733868
4917,8.690353131954797,4.368312207809665,3.0783237505011023,7.719188722423932,2.896020720383478,5.330529680216627,10.721728619885686
4918,8.681350222868966,4.376416996771423,3.07088752714726,7.695426309271125,2.896020720383478,5.32277980243889,10.787571763409398
4919,8.69844537558573,4.340777543136457,3.053172596502844,7.766680213403222,2.890423784326357,5.345817879585663,10.692755981547554
4920,8.690802958555508,4.361169364145879,3.069915854648264,7.7585018547099445,2.896020720383478,5.341959210410251,10.632935734732683
4921,8.702487822460887,4.349652737355893,3.0650514713869716,7.777918640475707,2.9029971377880086,5.3495053887775885,10.638676630343014
4922,8.704283680621456,4.357241315052487,3.0544773278521413,7.77748392024504,2.9320625183673696,5.359712569195723,10.613072412995043
4923,8.687203496161775,4.373205369634674,3.076870679008402,7.881793284709971,2.9265552270632846,5.350007974453115,10.525198444118988
4924,8.685403036247802,4.390623015002487,3.077193661025888,7.796129423775026,2.9512327767595177,5.344308397743517,10.529429776550428
4925,8.685403036247802,4.41692676622511,3.077193661025888,7.830633726121485,2.960757355314216,5.3389368479420725,10.566886211612115
4926,8.67729494347195,4.400614855222447,3.069105821439061,7.84820455724617,2.960757355314216,5.336416509037723,10.719662527588426
4927,8.689003470143405,4.387981335321185,3.0577359843653333,7.83549525975341,2.972944905312242,5.352519980866697,10.779370007065358
4928,8.693051636790482,4.375858673467973,3.0791306265267977,7.933466158685014,2.9742950640640164,5.352687393365054,10.764997340665301
4929,8.693051636790482,4.39201254152186,3.073800144571191,7.950565186036679,2.983723907575486,5.357204955329846,10.869146652050842
4930,8.705630257579356,4.387007562542541,3.0739618512584577,7.990183122532867,2.981033915712515,5.365557733200543,10.8813142467948
4931,8.706527824843697,4.393679217838555,3.0712113289985807,7.960056091846545,2.999797953461147,5.3722277805104826,10.862040687400263
4932,8.69437449403948,4.397703622879659,3.0448378043107738,8.01738698636046,2.993114098101903,5.36972777744556,10.869146652050842
4933,8.682198994014653,4.417478338020557,3.058875446040105,7.950763607932159,2.993114098101903,5.361717560516351,10.91771113210279
4934,8.698428062035983,4.40559971102964,3.0336783018975613,7.944005518506891,3.0011323984805722,5.37089463417542,10.867624454822282
4935,8.692572117840154,4.390900966129465,3.0410692358488856,7.946719922298286,2.990435105165662,5.36972777744556,10.793205762459488
4936,8.707876831308925,4.323381315712337,3.0102005390023736,7.958720929824259,2.983723907575486,5.376890402726774,10.684978070045284
4937,8.70202916902773,4.3356953738757085,3.0239522845740665,7.953527585393211,2.9742950640640164,5.37739577987671,10.62875800064088
4938,8.693022757525403,4.383248941687636,3.0404132114294384,7.887486187174053,2.9999848223116445,5.373688242889798,10.621441814614348
4939,8.688064046228712,4.401030540803273,3.0612480526091783,7.826795375761335,3.0200655933596905,5.374025429391817,10.687052900769114
4940,8.688514990501039,4.407259697905079,3.0569977033136917,7.823049423207902,3.014727751426145,5.379921738140524,10.663680723661695
4941,8.670453380825414,4.427803745789007,3.08270917921562,7.85327914229351,3.0187322853884644,5.370821044180122,10.721728619885686
4942,8.630999196323508,4.451502201370812,3.069563024540878,7.837523778862,3.0439352667008603,5.344416627880611,10.668880305168571
4943,8.633273041884756,4.47042476192872,3.0818998026722686,7.845791371549492,3.049206622756836,5.343057971063521,10.717079182555798
4944,8.6264491627264,4.472591816233917,3.0820617001303843,7.855965257534826,3.049206622756836,5.325354315696428,10.730503732207524
4945,8.607304791560825,4.473674830678522,3.092238996091508,7.871859078730677,3.051837854789756,5.321428719721938,10.764997340665301
4946,8.605935213200349,4.449769115921477,3.0809281851928,7.819084819267049,3.051837854789756,5.325013109159872,10.69897300875081
4947,8.624172973205205,4.448542164627339,3.0793079351808736,7.764971624220114,3.0426155684383978,5.340169330097106,10.630324901551667
4948,8.630089439578844,4.421436889605365,3.068911930184267,7.747776669737082,3.0465724298072487,5.351203173781881,10.533658895233186
4949,8.638727090906805,4.429262076209692,3.0852973259459207,7.6628243428831375,3.0333567262406,5.360347265727478,10.556879619964795
4950,8.639181392554839,4.454128044745762,3.1115045581354295,7.632317826698182,3.0360058633274454,5.346793195321426,10.584236805219202
4951,8.655062388771173,4.45126812486338,3.0991604269927118,7.67358189414634,3.0649499213362965,5.355777761750336,10.596832185476469
4952,8.654155925726478,4.418549374305776,3.088044136720685,7.642999966783769,3.0636420029931,5.365756412212348,10.542110504155325
4953,8.664572794578854,4.393974861223418,3.088205614728541,7.66430794086002,3.0570914728313467,5.370989758120262,10.474248606347615
4954,8.650982330690555,4.416898261420449,3.082385461818255,7.637283821450551,3.051837854789756,5.37436258833816,10.453991527529897
4955,8.657781036221348,4.450450565152409,3.0993211509970133,7.613799842360741,3.055779171217536,5.372170562461835,10.461460606557988
4956,8.63554610760941,4.419649669894191,3.0896584221568206,7.583108681968858,3.049206622756836,5.373351028825848,10.45292394868702
4957,8.648714548294453,4.373404964135362,3.064022976045607,7.650359894035454,3.0187322853884644,5.377732663608539,10.384301142121272
4958,8.665930314317029,4.354110729208887,3.059287308725555,7.732640023571871,3.013391365998141,5.38799444247404,10.419222232342205
4959,8.665930314317029,4.354110729208887,3.059287308725555,7.700569245900748,2.997294134389,5.38799444247404,10.419222232342205
4960,8.699778704696849,4.354110729208887,3.035959726444124,7.773725889852537,2.982438768893261,5.38799444247404,10.419222232342205
4961,8.712820860969542,4.309931154600705,3.010393999527564,7.796100426815621,2.9797274216214222,5.4052641565188315,10.325937764948998
4962,8.704728725924173,4.339918695914022,3.026861391063677,7.864318962170377,2.9688497516047807,5.396219109672627,10.386454549789194
4963,8.700228858224998,4.354811740627344,3.0525757162490508,7.864799304166917,2.978370542092988,5.394206415686862,10.410640425997421
4964,8.71102345489938,4.312629804031164,3.025866688803076,7.817608680210707,2.9932521930446536,5.40459482915449,10.33244380004311
4965,8.71551606482065,4.332447148737108,3.030670477975589,7.788778142882423,2.9688497516047807,5.406267945186406,10.32376789962959
4966,8.707427192735384,4.37368377605303,3.0478168617904684,7.749990328778037,2.9688497516047807,5.399906511134067,10.347603834395454
4967,8.711922218314664,4.350463097551611,3.035629500056067,7.634224190492733,2.995947609812374,5.407104250332178,10.306387546981544
4968,8.717312264408456,4.329482077136766,3.031332291549517,7.587707353030908,2.9878518530872737,5.411283251115169,10.333527620522073
4969,8.714617784177678,4.352006812346625,3.040248419055318,7.574917623945446,2.983793239269837,5.409779295244823,10.36489423825546
4970,8.724492246677913,4.298116421863608,3.01955699152496,7.564524824726925,2.9810834967820607,5.419962133834108,10.304212317350268
4971,8.717761238984288,4.30381554304982,3.0329860026210365,7.562365545614418,2.972934953809631,5.411116171795129,10.363274858953854
4972,8.71551606482065,4.343718521736815,3.054050638646466,7.571452785268948,2.982438768893261,5.403255850402626,10.336778193873743
4973,8.72224932921502,4.360834381262884,3.0643492224589037,7.655397128475541,2.982438768893261,5.414957297458229,10.370289790609773
4974,8.72852760646274,4.375774127906003,3.0775243765835474,7.638837340526837,2.9756543646415463,5.412118546938542,10.407956721017495
4975,8.732560537579069,4.361533985386124,3.061411374100872,7.6225826349288,2.9756543646415463,5.419128412525428,10.440101908074222
4976,8.723146586345463,4.361533985386124,3.057652104179581,7.6551068087723575,2.952435221431061,5.419128412525428,10.440101908074222
4977,8.729872186487109,4.355372443947612,3.062717537669361,7.704116151860033,2.95654998592112,5.427125252230142,10.395062370814122
4978,8.730320319887356,4.335268571072413,3.04502268291887,7.607921128528036,2.95654998592112,5.428955700777671,10.37082914475088
4979,8.742408614426392,4.303103690532969,3.015729606400938,7.547992046472942,2.95654998592112,5.43444222900624,10.330275714706527
4980,8.742855910998523,4.31092564988688,3.0263640931664053,7.5168877393990945,2.922029154035198,5.43444222900624,10.330275714706527
4981,8.750902157658393,4.275364451047933,3.0228800232976383,7.569735910986044,2.9303624943254882,5.441912251034174,10.297683036816746
4982,8.750902157658393,4.285257274883674,3.0137301957108247,7.657455329252274,2.9122676287254565,5.445890806939534,10.286788903052457
4983,8.746880239502147,4.292407440267976,3.023876005426155,7.703653292928625,2.9094707817083023,5.440087479407199,10.280245202892807
4984,8.755368133513473,4.301537074808718,3.0183928043665205,7.767275361201281,2.896841400497375,5.446056497948445,10.28460827224399
4985,8.765628633423892,4.274790039269979,2.996664961394089,7.749250029694785,2.901059152805113,5.456812362194803,10.234286555558171
4986,8.764291194615014,4.254188388074952,2.9978401509503247,7.760855820311628,2.894025115809317,5.455159411624876,10.240868530530564
4987,8.765628633423896,4.251296665954132,2.987410361892279,7.786789769120739,2.8727881692921464,5.45482874321399,10.256205082778317
4988,8.774983272064944,4.229817800972495,2.9568581629278756,7.753329522593662,2.8841398879197375,5.464407548656253,10.293871798244725
4989,8.775873512695924,4.212883169925604,2.9450368216573457,7.743787409675808,2.849907688707353,5.462097426405108,10.32159744008325
4990,8.770530303135724,4.241445591382288,2.9743908346752184,7.702040938816223,2.8527808291444723,5.459620882315112,10.282972403821784
4991,8.762507529217425,4.262127452476473,2.9670877773768822,7.6796455489182165,2.8670903382406627,5.4530096000441635,10.243061298052957
4992,8.775873512695924,4.233019591396701,2.977779660059031,7.764755113242298,2.844150060102884,5.469847809683862,10.200742585316354
4993,8.768748290731322,4.216394157336465,2.986061124656963,7.745681649623487,2.8427082787697957,5.466881268787973,10.216707607859588
4994,8.776318588902031,4.235055453000702,2.9803179861369626,7.712563362011882,2.8455908900301896,5.472318327162463,10.210105335366594
4995,8.776318588902031,4.236799463143768,2.9803179861369626,7.73409135465684,2.8484697026046004,5.471989008774719,10.225502002300177
4996,8.776763635709054,4.252742847169412,3.0003563957042867,7.791431637752449,2.855650205298179,5.4729768865056,10.216707607859588
4997,8.800752654029768,4.223988261709946,2.9706573084891463,7.724888071672124,2.8513447303156454,5.487767271166782,10.19688407992686
4998,8.807002352282638,4.217417478251437,2.96657738758367,7.681175888634378,2.839821854917897,5.497435080395473,10.168161153131278
4999,8.830165102876249,4.153199565838995,2.9315986994595757,7.699292823721419,2.823877744256013,5.502669387013755,10.12487752684487
5000,8.811462887980861,4.13285486347623,2.9255426160745266,7.731445050880688,2.8019449167103714,5.502669387013755,10.12487752684487
5001,8.807002352282638,4.13510516416436,2.946753888162138,7.840131383294537,2.81950894959181,5.502669387013755,10.12487752684487
5002,8.788235883552547,4.168966900402715,2.9813325284680956,7.859656810045591,2.836931604485348,5.471303318147809,10.12599037515839
5003,8.791814472404116,4.183032290080448,2.97337320583311,7.857784054994016,2.849907688707353,5.4668269976563515,10.160409978321828
5004,8.794050127263946,4.184361608381699,2.989180644035214,7.832383449700136,2.8253320542001408,5.474616038008511,10.140998262925184
5005,8.802985352602718,4.182736811277255,2.953157517668856,7.731884912790895,2.849907688707353,5.479249463908729,10.117640125840358
5006,8.786445877121157,4.1862807642340325,2.9791649408961147,7.747651086872088,2.83837720890181,5.457860004211294,10.102028929035637
5007,8.800752654029765,4.182293542085645,2.958829184948358,7.673002681609854,2.8455908900301905,5.4472075442040335,10.097562811258102
5008,8.794497169403735,4.176673493473962,2.9779737241501127,7.719803576666442,2.842708278769796,5.443205868366953,10.085267700006884
5009,8.802538871900305,4.211396585850302,2.9905353429645993,7.791628260387243,2.8412655442901364,5.452204260420742,10.026315587628062
5010,8.801199252767331,4.216952819010341,2.9937495535154253,7.823934548888546,2.865663573993485,5.45869108753702,10.013906386247484
5011,8.793603055520656,4.248356095328377,3.0136116539645466,7.7285956117116354,2.8556502052981805,5.43936732980142,10.015599729457609
5012,8.78599830128706,4.2564484776246685,3.0131087968152896,7.707956374331963,2.8685161782413613,5.422636855519895,9.966340473678965
5013,8.790920003083764,4.230219924972476,2.981035600398733,7.700762930677802,2.879889822981608,5.439200356770183,9.890417158646226
5014,8.780625073006268,4.218267372951382,2.9935804966007185,7.721369432524489,2.874210328810325,5.429504472532707,9.866858581913037
5015,8.796285042036533,4.180517345088095,2.973032057747864,7.747980317569761,2.865663573993485,5.449206946886017,9.872611329129628
5016,8.792708823201922,4.186274505598477,2.982055315947487,7.675047723376734,2.8613777191480083,5.4402020948285355,9.82878036065643
5017,8.795838118256455,4.207003331754569,3.001175783502402,7.685386710990458,2.8670903382406627,5.432348705097202,9.880083379043972
5018,8.806556136843938,4.180665093608944,2.9986468053336,7.699224034290421,2.8855547646932975,5.442872222378898,9.82878036065643
5019,8.79047272396405,4.261784254003183,3.040936678163617,7.754242476432343,2.9052689326856953,5.430173878310677,9.981094814345914
5020,8.809232987881227,4.286760973586421,3.0508541135527123,7.787557761388357,2.90667042819044,5.441537371936947,9.982228587228603
5021,8.796731936240242,4.308709738940935,3.071872159087517,7.672039018818578,2.9164563510678376,5.438699397611528,10.141553555136166
5022,8.796731936240242,4.305156534747244,3.071872159087517,7.7512719089890965,2.9178508516905475,5.454534021236404,10.083589580680574
5023,8.807448538274505,4.299605896068296,3.069582435931788,7.750916697066377,2.9164563510678376,5.46749045748998,10.054444176506825
5024,8.819039055811173,4.259622150719098,3.0534916804261645,7.733100760355034,2.909470781708303,5.479414849023288,9.948142135407128
5025,8.82438183885174,4.257314330468934,3.052502940728101,7.7357160812907155,2.8897939827720425,5.481398963443412,10.017856940469064
5026,8.827051650929914,4.2650967067493,3.0333046837017585,7.706465517366868,2.8841398879197375,5.481894845896336,9.982228587228603
5027,8.825716876391358,4.275157525425979,3.0276475277459167,7.795103974384998,2.8841398879197375,5.490810758181822,9.960658145018355
5028,8.827496517356186,4.268549610205243,3.0229783337686533,7.834401004617401,2.8628072661145576,5.4950968863990814,9.911042635772107
5029,8.82438183885174,4.301599506492421,3.0434199841804004,7.866711542609766,2.8628072661145576,5.493284056087202,9.981094814345914
5030,8.831943576432874,4.3018842097466825,3.035796123894396,7.791570071372435,2.8628072661145576,5.4972383183776845,9.993557103157002
5031,8.82438183885174,4.318213556156239,3.0419303174582883,7.820042680375538,2.869941095650761,5.497567673018172,9.96008967988493
5032,8.830165102876249,4.33756239432155,3.0487089013568403,7.7280612960651185,2.8670903382406627,5.502175942031716,9.977692488733311
5033,8.822156191449155,4.355118877037589,3.0435854440834835,7.722495829476863,2.877051901421133,5.499543261360143,10.049950492362608
5034,8.834166012585278,4.3217527851778845,3.026981074359137,7.738321068420774,2.858515830786771,5.509571573922853,9.959521172486276
5035,8.839052810339025,4.264376893419866,3.004375176321691,7.801621214400171,2.8354850399066946,5.508093482234239,9.90245548732581
5036,8.844379851882852,4.238502556863049,2.9847723393767533,7.787988613997551,2.8311395674994952,5.496908938031877,9.886400138407762
5037,8.843936091382863,4.264808800407578,2.9898580934426184,7.731640383744447,2.812207966085558,5.491140615079827,9.890990845213874
5038,8.83816456343533,4.304303197149737,3.001175783502403,7.754907093309395,2.8253320542001408,5.480737695926796,9.90818133005399
5039,8.81280047528024,4.362535063063705,3.0399426157707645,7.582732899235068,2.8412655442901364,5.467822148084251,9.952695783848892
5040,8.825271893107582,4.359598539851068,3.026314429784392,7.583133164041703,2.849907688707353,5.472628719540526,9.952695783848892
5041,8.82794135458136,4.357919369186424,3.0172959383876794,7.558192194741026,2.8599472412653304,5.488170973225074,9.939026683923315
5042,8.81280047528024,4.35665943789686,2.9951015614074232,7.600484893003846,2.8527808291444723,5.472628719540527,9.870310754328305
5043,8.826606755297217,4.303734182970491,2.9912123927643126,7.617755073384763,2.8527808291444723,5.498061656793573,9.821836376975945
5044,8.806109891953035,4.389542093481353,3.0238128072664248,7.6807073700625255,2.8398218549178975,5.460352759920539,9.872036250898661
5045,8.8123546422313,4.402274202517644,3.031642241599718,7.608458856967193,2.8670903382406627,5.467656306063399,9.909325981485264
5046,8.796285042036533,4.419496787662725,3.0432545125591237,7.654629686610708,2.8756315723096155,5.452870038675912,9.970315594127596
5047,8.793603055520661,4.412755967447113,3.0419303174582892,7.626090069001209,2.8869687383648843,5.462013773882399,9.99129273838592
5048,8.793155954168464,4.410689767676021,3.048213573088653,7.684675258936683,2.901059152805113,5.459189658429337,9.957246720065879
5049,8.801199252767336,4.41041417910155,3.0435854440834835,7.657993934453406,2.888381810528129,5.47047472985356,9.906464029867733
5050,8.798519217399592,4.401721629812925,3.042426978599481,7.663953866151106,2.888381810528129,5.467324602363284,9.858797388319866
5051,8.784207700881973,4.415096138117038,3.0381190675138554,7.72778375368759,2.894025115809317,5.4561973428394825,9.851880953886761
5052,8.768519622603264,4.410965333822699,3.051183971839984,7.8062226923598095,2.892615633835041,5.438532397867875,9.81256777251684
5053,8.76133573839918,4.42485237409895,3.062371637143591,7.841278030326247,2.9164563510678376,5.442371703439187,9.81836198587402
5054,8.765377616934165,4.434991112840382,3.0726893787963747,7.741126267530598,2.9261996883000734,5.450039749366182,9.864556259303404
5055,8.766275482527135,4.434854304056734,3.070564018197125,7.79774793829403,2.9317483857852524,5.446874217474371,9.807929191000023
5056,8.768968360850167,4.443053122290654,3.069909675445357,7.832158070409809,2.927588147044048,5.441036693041543,9.878359713245588
5057,8.789130708701501,4.431021423856977,3.0630280781897645,7.818384244554875,2.922029154035198,5.4563636386751,9.89557877829758
5058,8.799859367982382,4.408070769981613,3.0526677596470457,7.809275711477329,2.927588147044049,5.47246306723286,9.964636218257228
5059,8.796285042036533,4.416609505636396,3.0576069476505925,7.845193181949995,2.913664741088133,5.476933389197302,9.995820799814016
5060,8.803431803809831,4.433759635823001,3.06056547848501,7.773678489199223,2.9164563510678385,5.476933389197302,9.995820799814016
5061,8.807002352282638,4.425538377293513,3.0671266897044562,7.80953906151199,2.910869642770017,5.478422440781002,9.992991074621257
5062,8.803878225527034,4.428966317528328,3.069418799132952,7.822653680384549,2.9164563510678385,5.472628719540526,9.943585770262127
5063,8.814137798186232,4.397712772467191,3.055467909728445,7.775201298730802,2.9038665559774186,5.483216913533712,9.900736893320342
5064,8.831637386591847,4.4112408775466205,3.062699880575521,7.731752170946404,2.8813074186691026,5.479910965357743,9.954971590706032
5065,8.831637386591847,4.428966317528328,3.062699880575521,7.726718958512629,2.874210328810326,5.475278268714507,10.016728417783204
5066,8.822220149833493,4.408070769981613,3.0831248886671574,7.746125295862198,2.8727881692921478,5.4711376135654755,10.053321000751318
5067,8.820873761080522,4.411240877546621,3.079542877119281,7.7589168304983565,2.857083486027623,5.463919465377543,10.109838452480394
5068,8.80289626843323,4.469428742911829,3.104342833367688,7.696326269797037,2.8599472412653304,5.449277189216291,10.117083123326612
5069,8.810992052932447,4.483754889851322,3.114961571619108,7.739903454535168,2.8869687383648848,5.4533215534329536,10.232091338188358
5070,8.806045781112271,4.481191383044853,3.106115907594784,7.815479181142381,2.8869687383648848,5.448771368721812,10.307474937575924
5071,8.803796278961308,4.50714297688057,3.1099798640667307,7.80682038087218,2.8770519014211344,5.44978294855921,10.354092143461372
5072,8.791636007945181,4.516908292933088,3.1204134739212934,7.813038083284445,2.899654123257523,5.436613277999969,10.367052898140495
5073,8.80289626843323,4.525047310812106,3.1366952128966865,7.912238139856866,2.9053130877084983,5.440838848197327,10.397212875825856
5074,8.778098848763136,4.529841730933212,3.1516745858321604,7.8487778912373525,2.9250073342807923,5.421365680411804,10.597880920463345
5075,8.78261425522993,4.531305374878608,3.1421240231782837,7.9645108152508275,2.9250073342807923,5.425945820694298,10.535772625419918
5076,8.787577712222253,4.51957892718081,3.139251470492684,8.049878842646086,2.9250073342807923,5.432721971475723,10.527314387253766
5077,8.79298823104701,4.529309344012776,3.135735916388084,8.011175703708396,2.9389695794508643,5.434752671155532,10.478506756358664
5078,8.793438911891512,4.528111175310204,3.131894901884451,7.932587037166234,2.915181874575378,5.4453976678175495,10.42297387887406
5079,8.801095887703799,4.548151293071016,3.1352561247510424,7.894436856528835,2.9222044505618046,5.443540971248301,10.429401183812361
5080,8.808294535001519,4.535025431850842,3.132535497032861,7.898263764654033,2.912366665430888,5.449445782457538,10.36489423825546
5081,8.815036313978503,4.531038115016759,3.1135656847557804,7.9381919967920656,2.9179935468745133,5.447590882974741,10.407956721017491
5082,8.828499761483927,4.502327556330893,3.0994824656378483,7.887542021104805,2.902485401953511,5.4682854104436815,10.343275349222488
5083,8.82491212469264,4.515978022677095,3.117597270048016,7.806683674140011,2.908137193113601,5.467278287726127,10.414396099728938
5084,8.824463536498934,4.491179911493105,3.1090422212762845,7.875115040691883,2.8954004407269682,5.467446158293826,10.431007204080059
5085,8.827154620263613,4.505276332176593,3.1125970919565424,7.959882202946084,2.8854433898497183,5.469292291606496,10.45078836481382
5086,8.828948082569587,4.504472369943323,3.1132428641036283,7.954479843398107,2.88401729698724,5.4682854104436815,10.408493534121643
5087,8.831189243333844,4.507687098355026,3.109850611251192,7.903082273101761,2.879733496962712,5.471305329908886,10.402586605155959
5088,8.822668886611,4.511166354153056,3.1193690179172733,7.8469817748609945,2.891138602517956,5.469963411597125,10.431007204080059
5089,8.808294535001515,4.526513623507904,3.1158242096415267,7.820031614771768,2.898237132602054,5.458539748433381,10.408493534121646
5090,8.808294535001515,4.504606376628527,3.1158242096415267,7.825543922716282,2.898237132602054,5.4661030057099085,10.362734992599929
5091,8.811890986557986,4.486602984865535,3.093467717618328,7.883198366414296,2.88401729698724,5.467278287726127,10.302036489416244
5092,8.816832987760158,4.4759448086304205,3.0902101506062536,7.8020444443927675,2.856745000273539,5.467278287726127,10.201844666298577
5093,8.818180180191328,4.4938693854959055,3.0960705576087455,7.757965836295516,2.8509601029992626,5.4647594230768926,10.218357307843442
5094,8.819527104582264,4.489296030748643,3.0840084189263406,7.8205953139917295,2.8509601029992626,5.472479156851867,10.17203385585481
5095,8.819976019840258,4.5024616461736064,3.0955827422457594,7.793211706279964,2.853854460943081,5.46811757343639,10.103145056688405
5096,8.806945372420799,4.527179359333615,3.1059678393503405,7.7833321587668785,2.8740088186463906,5.457193739653384,10.07687346261945
5097,8.783968287637654,4.526913080306724,3.1190469794465927,7.786653197122227,2.8868685652044896,5.438304019296263,10.155423010142433
5098,8.782162850662786,4.535955148923671,3.1048341725718447,7.825285688640875,2.9137747128784715,5.439994076175016,10.206802112750783
5099,8.79298823104701,4.520382859899092,3.0763153123154625,7.8158537203279055,2.915181874575378,5.448602748297548,10.114854713711154
5100,8.784419571360983,4.509025687516021,3.0848253642636543,7.84098474097776,2.9179935468745133,5.442865604298855,10.086945455694371
5101,8.79298823104701,4.477565901103049,3.0738547839589314,7.976735907807079,2.916588152062046,5.449445782457539,10.059496446149453
5102,8.793438911891512,4.477160699662316,3.0731982096257444,8.08104535211997,2.909547907099924,5.453153116259037,10.043205054597896
5103,8.77900217208034,4.48107564801887,3.077626546543475,8.01785287753383,2.9236063299508652,5.448939982349185,10.038704815552112
5104,8.797944066553095,4.489161428431271,3.0715559738670533,8.028386790138734,2.9053130877084983,5.46022165167046,10.007129280448027
5105,8.797944066553095,4.479591192233716,3.0715559738670533,7.952604814442201,2.902485401953511,5.473149767879395,9.947572738425697
5106,8.797944066553095,4.50071807229576,3.0715559738670533,8.02985206558667,2.8925601241136247,5.469963411597124,9.977692488733311
5107,8.811441534677442,4.496556764508339,3.0730340374901792,8.05766958005747,2.90389969315999,5.472814475745349,9.970883299971721
5108,8.805146070081873,4.516111584823508,3.0942814114864325,8.078220250105604,2.9081371931136,5.471976128324809,10.049950492362614
5109,8.804246239285517,4.514775731740628,3.0672807990466366,8.054307273786298,2.920801694599227,5.4744906689394925,10.022933244565994
5110,8.815036313978503,4.512369897879843,3.078937053477776,8.094568301949893,2.9179935468745133,5.479515241982552,9.97428865122886
5111,8.801996138028796,4.5331652525061115,3.090373135196609,8.11678849380313,2.913774712878471,5.475160959066542,10.004303721186682
5112,8.827603030336372,4.496019456088351,3.051427871435138,8.103590515512169,2.909547907099924,5.489045432580709,10.0059991814627
5113,8.835221466827942,4.4825594635224135,3.037134628231641,8.122000239840844,2.892560124113624,5.490047357243844,9.993557103157007
5114,8.836565008769123,4.467286035267195,3.0414650704985715,8.042479524609558,2.8811623521876197,5.49522017807146,10.00034619096624
5115,8.837460555590246,4.474728487206313,3.038801134268467,8.12744571522012,2.869705542980972,5.495386937671247,10.103703060290098
5116,8.840594038964376,4.467150568433507,3.0287841710834025,8.031771576897903,2.8668320164484498,5.496720777242596,10.140442931104689
5117,8.840594038964376,4.452216416675832,3.0054108196681595,8.00976113336675,2.8668320164484498,5.497554212920741,10.110395974938903
5118,8.840146487058247,4.435302932987793,2.9974538208241235,8.090826236211099,2.8882928246834623,5.497720880307623,10.101470804968491
5119,8.844620678773737,4.422013425008702,3.009800798689823,8.14182831750699,2.916588152062046,5.499053982538561,10.06959108216787
5120,8.837012796956719,4.456295833457313,3.0373013324351956,8.318743248781512,2.9347899892473897,5.493051703135868,10.129327964633525
5121,8.827603030336372,4.465795605679053,3.0411322446876894,8.300637308773803,2.9333950682863708,5.482359837933824,10.103703060290098
5122,8.821771383322885,4.474187761645794,3.046119659711265,8.269431358658897,2.9459184089501336,5.480686779106913,10.022933244565994
5123,8.821771383322885,4.490238099813466,3.046119659711265,8.34733732910401,2.965262465575038,5.479682624404251,10.054444176506825
5124,8.820424905337855,4.511567581864367,3.062503159566617,8.480119732827044,2.965262465575038,5.478175942772568,10.14599446781918
5125,8.826706180517625,4.506214051986908,3.065305021169827,8.51433201095064,2.970759234527469,5.482192561979022,10.173139989652004
5126,8.83163738659185,4.5163786936816495,3.0628329636441194,8.489521438104905,2.974873133255204,5.479682624404252,10.19688407992686
5127,8.839251294691657,4.522649838012672,3.073362370338204,8.527548878565458,2.958372784021522,5.491215968403877,10.176457451444195
5128,8.840146487058247,4.532367728334714,3.0905361085910847,8.562729403363058,2.970759234527469,5.492217377336958,10.310736213155883
5129,8.84239206548301,4.53555672914662,3.0880903311364105,8.634187865183126,2.977611620614115,5.490715174720387,10.382147152619876
5130,8.837900165363079,4.539008187360288,3.0846619977420935,8.676240606735378,2.980346831249481,5.485369669027308,10.442240339138504
5131,8.84149392326199,4.544178974034646,3.08564202788482,8.596503422800245,2.974873133255204,5.488377350438684,10.384301142121272
5132,8.846880995241428,4.55304427122582,3.084171830544009,8.543673414333853,2.980346831249481,5.498928445160571,10.403660917190512
5133,8.849572929582525,4.570576250024756,3.0869481043796276,8.546829473814322,2.989894420085942,5.509617476864594,10.367052898140495
5134,8.841044807582486,4.56307328823117,3.08743769753411,8.55799001449137,2.9912551222517156,5.509781712571497,10.380531278403804
5135,8.84239206548301,4.566234387397027,3.0954201148713603,8.482627836414132,2.988532910807829,5.508139068441816,10.459327292898132
5136,8.835653099716213,4.58212836629568,3.1111434661702493,8.467465817805774,2.9871705930909545,5.504523003407016,10.429401183812361
5137,8.825757155408787,4.5922054379606285,3.0996448154402625,8.445337425905134,2.9953323992857825,5.499422380883672,10.480634986365395
5138,8.816748283423022,4.578325612996514,3.0897211296385665,8.48480422399109,3.018349497971851,5.501891193169965,10.448652212341809
5139,8.818100378555306,4.5863197427321465,3.0944642656153745,8.615395995802373,3.022387661896356,5.499587013283735,10.450788364813814
5140,8.806373234836842,4.585141422526252,3.1110722835019917,8.458382097122458,3.031782819316513,5.496128383755219,10.418686139182496
5141,8.79372121144091,4.601341482172768,3.130947256887236,8.37075267718775,3.0464704843115933,5.48804720287855,10.400974866077286
5142,8.799598311998901,4.603035576212859,3.1330382751700907,8.40989716077293,3.0768866898760643,5.484744303362754,10.371368462356838
5143,8.800050184906542,4.608243086402748,3.144266493166972,8.394167976623395,3.059743321791247,5.488212279892328,10.312909650607486
5144,8.809532543265975,4.59731124783093,3.1322342525500746,8.35726503547684,3.0464704843115933,5.494480420452391,10.361115173681604
5145,8.80998375257715,4.59731124783093,3.114477271960716,8.310695314920464,3.0464704843115933,5.494480420452391,10.361115173681604
5146,8.821704645994807,4.5957467907213045,3.1120456325533663,8.384255040919735,3.101720859002775,5.507974768931079,10.354092143461372
5147,8.823055751867216,4.588436800632189,3.0977298841006538,8.40498797433134,3.110805283565548,5.507810463036185,10.31127962846411
5148,8.79914640886356,4.625870979770582,3.089365425007031,8.360293808270782,3.110805283565548,5.482265427460805,10.520964894728694
5149,8.784669514742037,4.624448446662299,3.086904298299535,8.417503835744245,3.110805283565548,5.475151211845855,10.433683188994738
5150,8.781498549151884,4.627939102216502,3.0912095953739334,8.453006521698654,3.1429711245950713,5.463544105807114,10.31508249157342
5151,8.783310712081986,4.61551225226036,3.091363211556576,8.455190126736888,3.1365723091966573,5.466697780473052,10.317254736506612
5152,8.791006977104116,4.609672136813091,3.090748687152326,8.355333342329505,3.117273060324345,5.472500985904483,10.332443800043102
5153,8.79733849393338,4.6121391383063015,3.0971932752302944,8.285343075702261,3.1275852965583835,5.475647943210219,10.356253736605916
5154,8.787386299055743,4.614344999356952,3.10010295350665,8.251309383192234,3.1391338742499006,5.457894762170219,10.427259322212514
5155,8.792364230701018,4.61265828805842,3.097959325184145,8.16178189764182,3.159529145230915,5.456564397453136,10.392911286137481
5156,8.79598224007061,4.617067991584037,3.096733526768037,8.165296243231412,3.159529145230915,5.461052686697449,10.295505411238192
5157,8.803664080642097,4.601870291604176,3.103314780566295,8.217117816915637,3.169662760803035,5.467859063422681,10.28951384510473
5158,8.804567252690404,4.606163436565548,3.0996437671367194,8.219226778835372,3.1314409874185207,5.471672447367702,10.278062763427814
5159,8.791911843160335,4.617197605707511,3.112924381103095,8.185702341752323,3.1365723091966573,5.459723324253211,10.2856986629225
5160,8.800050184906542,4.617067991584036,3.1171829356382155,8.205469987477196,3.1734520058524667,5.470512218792502,10.278062763427814
5161,8.800050184906542,4.6209543556272585,3.1171829356382155,8.164685748599267,3.149353015495047,5.4638761832222205,10.26714149971119
5162,8.803212449354644,4.609802021873404,3.1284013693421646,8.163756521290834,3.1468022821494177,5.466531856675926,10.336778193873737
5163,8.804115681752148,4.612917834395596,3.124314236179773,8.21135123053281,3.1159809037765047,5.473826307800409,10.349226408421544
5164,8.802309096225256,4.615901251123998,3.129611036817982,8.176375168873681,3.1352905042205332,5.470677985355652,10.345439886684714
5165,8.778326091369122,4.649068330581785,3.1353486587106705,8.237789245053344,3.174713778633516,5.455732704908844,10.284608272243986
5166,8.772430418542017,4.6439264040874,3.138664197736673,8.284403882315225,3.1607981620742174,5.446906590594575,10.280790718468074
5167,8.77288411507626,4.64701244929894,3.1410726363105366,8.330401341547622,3.1683983670819105,5.445739484080273,10.31019276053899
5168,8.771522933768209,4.637230792186764,3.1200683585434814,8.357304625872793,3.1973149415358417,5.441902409541159,10.40527211435
5169,8.775152139448657,4.631168135623202,3.133840084739393,8.293907419423629,3.198564467080648,5.444572051660628,10.375681688759345
5170,8.770161477258629,4.644569550442104,3.1427270434625516,8.319618599104654,3.206048305911292,5.4472399897737125,10.440101908074213
5171,8.780592284992057,4.5880447658106,3.129157482896392,8.24827130530877,3.215991500342106,5.459058484896174,10.433148063534052
5172,8.772430418542017,4.598614432551283,3.139718185728406,8.328098079375192,3.1910577497791577,5.452737243383535,10.424581189047025
5173,8.78421661094285,4.571014489172027,3.144680790491885,8.342762767177772,3.236988907857865,5.45855978615641,10.393986900960938
5174,8.7882916507315,4.583598651367949,3.140922179370924,8.349857295822183,3.230831646947541,5.4620494319766255,10.395062370814117
5175,8.78738629905574,4.594703433802601,3.149633215021049,8.276690567384977,3.2035562231167045,5.463045940382771,10.435823333424333
5176,8.786933577651574,4.586737667824913,3.1493333568129263,8.235056123446752,3.2035562231167045,5.463710147800967,10.407956721017491
5177,8.779232660256373,4.598744724567173,3.155173898692791,8.146113383856795,3.228364458018081,5.45822728735618,10.435823333424333
5178,8.770615326682602,4.6121391383063015,3.1604034464441506,8.179735078275012,3.2147507913057325,5.449573040168971,10.48701630133541
5179,8.783310712081986,4.592224223426409,3.1630885442705226,8.188404235050365,3.2246590629121665,5.457894762170221,10.520964894728694
5180,8.781951635549609,4.579277926064176,3.1644299804591003,8.241758828519556,3.203556223116705,5.456231740251544,10.542110504155325
5181,8.781951635549609,4.589873888504816,3.1644299804591003,8.128477371073771,3.2357586764774524,5.461052686697449,10.440101908074222
5182,8.77651258763799,4.622637125192617,3.178544653456047,8.138310737082561,3.229598359365528,5.461883324217154,10.420830296285292
5183,8.780139107218627,4.618363919606742,3.149183413761899,8.168700012968984,3.2406759529583002,5.456730716148045,10.403123779237186
5184,8.789649450498295,4.579015893224463,3.1391159633212293,8.255463780615765,3.222185715117354,5.473826307800409,10.347603834395454
5185,8.792816587924266,4.603301919431884,3.1538273316968333,8.318352572032678,3.233296384190304,5.47448881203166,10.284608272243986
5186,8.81043493178891,4.597050553138799,3.124617225624988,8.343540262468661,3.265117886794798,5.477965247211315,10.260034556024948
5187,8.814945069659991,4.588959445867782,3.125374531854929,8.291012954172729,3.23452783553382,5.49810509050412,10.227699062034658
5188,8.812239347752843,4.60694344855902,3.14498122664631,8.365270976362275,3.2135094582226333,5.498434451638559,10.210105335366588
5189,8.815878465880312,4.629101892241964,3.1431780485700016,8.307176264238626,3.2480336970614245,5.497611000608951,10.190265070918967
5190,8.82269654346574,4.612528507755836,3.152030743231247,8.366264590702867,3.2565903848540554,5.506824493561068,10.121538025555182
5191,8.818606520897092,4.610321514451575,3.1554730341598334,8.340349154894694,3.2639014486949343,5.505838294083154,10.122651352106471
5192,8.815423683125697,4.648040538001904,3.1702343304518217,8.32272350044678,3.2687636640579463,5.49975163926447,10.130440176180262
5193,8.805410719927998,4.665856512814666,3.172463090615323,8.355308936849406,3.2977412405046707,5.499418151499042,10.076873462619444
5194,8.791732729977067,4.669690076874638,3.182689221214452,8.361033533197961,3.3024460363084724,5.493744824131502,10.134887432654374
5195,8.777569625767626,4.679256097586328,3.1924663468798373,8.36202702221557,3.340724372740671,5.490905296536779,10.103703060290098
5196,8.776654854606651,4.681166247015565,3.1927620148030393,8.43405331572186,3.347838194438693,5.489234092322331,10.074073358552196
5197,8.784883329043401,4.673391962762877,3.1912833183370686,8.518519853499226,3.344283747466847,5.496582441267814,10.137665677585582
5198,8.783969549895097,4.680784298356912,3.1968976267113987,8.463832088338227,3.337160051305686,5.4979171304631205,10.108165644764503
5199,8.783969549895097,4.697044837864228,3.208822302269482,8.488012572154885,3.351387732491952,5.499251397737652,10.128215593989632
5200,8.796751209731571,4.691978234219392,3.2082347840833005,8.541740399645656,3.3725829136209518,5.502585222440465,10.100912640730236
5201,8.805410719927998,4.686650619051902,3.2029408011712417,8.598042664140461,3.3335907640876608,5.511240877475196,10.038704815552109
5202,8.816333218077311,4.671130243045822,3.1948306924187126,8.53915764322669,3.3631843121605822,5.524191257375304,10.042080241108444
5203,8.810874173660062,4.685888886990122,3.203088010175202,8.466647277730187,3.3631843121605822,5.516060387647793,10.04489196721988
5204,8.81178432033264,4.6647499887752675,3.195716734632317,8.514009712669148,3.3819475213824024,5.5203766693009335,10.011648014932977
5205,8.814968869807796,4.665133124599279,3.201762811728265,8.440718681547562,3.3490219182984164,5.518385085748611,10.056690037851734
5206,8.816787939722397,4.655286297549583,3.201320920110453,8.429462413244115,3.3737553416338364,5.524025477063515,10.022369376159622
5207,8.820424613695144,4.655542402529676,3.2063243813798907,8.39505505036891,3.360829310123433,5.5253515381523615,9.982795410773294
5208,8.832230337717073,4.6348669148587005,3.20661838598931,8.387126057691926,3.376098606885719,5.538754627779866,9.998083828902208
5209,8.831776651468864,4.637699221335221,3.20661838598931,8.41525023513575,3.35847215659823,5.535945137882132,9.964068048736811
5210,8.831776651468864,4.637699221335221,3.20661838598931,8.430702629667541,3.360829310123433,5.535945137882132,9.964068048736811
5211,8.832230337717073,4.637699221335221,3.1875826669408327,8.484708480745837,3.338348709259936,5.535945137882132,9.964068048736811
5212,8.828146068059278,4.668324330511206,3.1838764107638347,8.570464594030714,3.316867864415128,5.532141104551972,9.920763036391094
5213,8.840844615545723,4.650673265868971,3.160471501251221,8.63668724511104,3.3572927713257106,5.537598003855188,9.89500543819158
5214,8.853519448791962,4.64104359047383,3.169741104315483,8.678248990046196,3.3959314330040278,5.545852711831194,9.920763036391094
5215,8.863010084786254,4.596928643130431,3.1654097236176697,8.659910414283312,3.410996511844228,5.551127336647888,9.929900329640985
5216,8.854423889825313,4.601611968938559,3.181055893103296,8.588285734931056,3.4545437269668398,5.545522830773744,9.933894453508211
5217,8.852614887391328,4.599401172485186,3.1752561803618717,8.608822995898217,3.453406900534368,5.539580595143705,9.997518134184952
5218,8.840844615545723,4.638342613198135,3.200436898434424,8.661150552152947,3.464753314414181,5.533299214450442,9.97655804431162
5219,8.844921249382903,4.644770148780903,3.203382401748238,8.52751267937443,3.486179187567239,5.533299214450442,9.950419298935707
5220,8.858040451171842,4.626743720043985,3.1937965717806147,8.499912982511791,3.4873021184398616,5.5428828615848245,9.85130429881287
5221,8.859848010792431,4.602781830667865,3.1336599063415886,8.54100571687278,3.4692783535272254,5.546677302672631,9.890990845213874
5222,8.85623241096741,4.608625338720458,3.166754771087282,8.562308867911138,3.4670167955938003,5.538754627779865,9.984495629923874
5223,8.860299825647775,4.558972876762269,3.1418252647896656,8.61230175642218,3.4771787257749507,5.550468365585466,9.952126726210205
5224,8.86210678503545,4.549089507554965,3.132447864843297,8.53637748120161,3.4636208511910134,5.548985307969036,9.981661721755644
5225,8.857588486189288,4.542220585841341,3.146952266524208,8.540558571476803,3.4715379927305348,5.546677302672631,9.929900329640985
5226,8.860751610494235,4.553178021779059,3.1540217278152536,8.508775079389006,3.4951494825249085,5.549314920945435,9.93446487188793
5227,8.860751610494235,4.596538085380244,3.1767446011591414,8.485973122166694,3.491789139340689,5.546182567331123,9.944725116484683
5228,8.861655090182566,4.62364427827219,3.1815014545490867,8.533204861495186,3.5252051591319886,5.548490840679804,9.97825964794435
5229,8.859396165922695,4.643100104421975,3.1929098353909597,8.459786264609,3.534046690555311,5.547501733865093,10.04489196721988
5230,8.870683296014876,4.640143492259348,3.1846181115101078,8.562481047975213,3.536252575889665,5.554091446288298,9.90760893973947
5231,8.871134392175989,4.662578111067719,3.1948306924187126,8.566606764712546,3.536252575889665,5.555079025059223,9.945294725839936
5232,8.868427366863068,4.664749988775267,3.204412494840896,8.619724620138589,3.5296295309798436,5.552444973175224,9.886974128605134
5233,8.876094479272693,4.664749988775267,3.167352331160572,8.638742063121416,3.524097935427275,5.552444973175224,9.886974128605134
5234,8.876545217271323,4.675971654784958,3.1903956719035373,8.673584107894735,3.5107757441564384,5.561985682628976,9.749704073389882
5235,8.853519448791962,4.713336341515518,3.2123444727790678,8.741362357712813,3.5107757441564384,5.54832600549409,9.913902865887179
5236,8.848542870353622,4.714596187416421,3.2218585157805255,8.742672657855499,3.5107757441564384,5.54832600549409,9.913902865887179
5237,8.846732301269357,4.730809046472482,3.232209133013499,8.722341040926583,3.563676321070723,5.537102211544487,9.904746341818825
5238,8.851257819504697,4.743452498713458,3.237731204187945,8.736152532579395,3.573481850490611,5.5432129473000185,9.975423431833116
5239,8.849900480542097,4.751316827986433,3.2330818558503385,8.728832044139324,3.570217238049047,5.543708027871832,9.93218294232355
5240,8.831322934860898,4.7528128741015365,3.2443994462499317,8.779324467648188,3.614501976645556,5.522201465742039,9.890417158646226
5241,8.827692108370645,4.753186789798316,3.2428064913366503,8.72977091550882,3.6315934327629953,5.527008531781576,9.874911205835158
5242,8.820424613695144,4.766498146898639,3.2602732936264878,8.797381546976133,3.6305282860265313,5.521372110199367,9.855339961434346
5243,8.824513538742217,4.77307372474584,3.262717555491602,8.868660175817263,3.660200023565117,5.523196478277474,9.815465436117194
5244,8.843109714337787,4.772329912037155,3.260129439172407,8.953516024390213,3.6580910031348814,5.5329683581274285,9.847266481555277
5245,8.824967711422353,4.78087466046287,3.2747602319654763,8.896522422343946,3.670721464919269,5.532472025317269,9.840916979238346
5246,8.823605102026463,4.791866856308027,3.2771904305013173,8.935784787611723,3.6916473365444986,5.526511501641449,9.868009480844496
5247,8.826784097756448,4.799997210672784,3.2781904184972785,8.981379041505589,3.692689577969945,5.522367317381998,9.868009480844496
5248,8.80632160217088,4.80810966608139,3.258114607991455,8.966484640394063,3.7206865710114543,5.51821907818829,9.918476999607623
5249,8.808142998574471,4.776295169870957,3.2599855764495147,8.851037517868365,3.6080654689322342,5.51954695657636,9.84091697923835
5250,8.808598271024925,4.763392354096547,3.2614238317398625,8.861904878266335,3.610212632456919,5.521537994289297,9.824151748591813
5251,8.808598271024925,4.778523744228467,3.2614238317398625,8.883925557462586,3.5527399064730774,5.521537994289297,9.824151748591813
5252,8.782598648960445,4.798274089426856,3.2743311294876345,8.853166475977714,3.577828633313425,5.508413093206822,9.842649190842556
5253,8.784883329043398,4.772205928570253,3.2642978665358005,8.836542603338444,3.5713058741260366,5.5024185936906065,9.865707508090525
5254,8.785340172192523,4.786807120226474,3.2727571266736732,8.823709764495305,3.5063203525255995,5.50758103200462,9.973153702429919
5255,8.777969571461101,4.769601305897669,3.256530387032382,8.787697319485748,3.5141124607117153,5.505749920754589,9.969180056103312
