day,original,filled,is_missing,is_interpolated,method_used,predictors_selected,uncertainty_95_log_half_width,lower_95,upper_95
2,3.338254497449678,3.338254497449678,False,False,,"guitars, tranquillity",,,
3,3.329913612910073,3.329913612910073,False,False,,"guitars, tranquillity",,,
4,3.308941403434607,3.3089414034346074,False,False,,"guitars, tranquillity",,,
5,3.315671314559597,3.3156713145595966,False,False,,"guitars, tranquillity",,,
6,3.315671314559597,3.3156713145595966,False,False,,"guitars, tranquillity",,,
7,3.293733540162881,3.293733540162881,False,False,,"guitars, tranquillity",,,
8,3.3165113030052185,3.3165113030052185,False,False,,"guitars, tranquillity",,,
9,3.3064130849670925,3.3064130849670925,False,False,,"guitars, tranquillity",,,
10,3.3064130849670925,3.3064130849670925,False,False,,"guitars, tranquillity",,,
11,3.3064130849670925,3.3064130849670925,False,False,,"guitars, tranquillity",,,
12,3.313149684505175,3.313149684505175,False,False,,"guitars, tranquillity",,,
13,3.293733540162881,3.293733540162881,False,False,,"guitars, tranquillity",,,
14,3.294580821371088,3.2945808213710883,False,False,,"guitars, tranquillity",,,
15,3.294580821371088,3.2945808213710883,False,False,,"guitars, tranquillity",,,
16,3.300503859888876,3.3005038598888765,False,False,,"guitars, tranquillity",,,
17,3.299658559332771,3.2996585593327716,False,False,,"guitars, tranquillity",,,
18,3.29542781884251,3.29542781884251,False,False,,"guitars, tranquillity",,,
19,3.300503859888876,3.3005038598888765,False,False,,"guitars, tranquillity",,,
20,3.293733540162881,3.293733540162881,False,False,,"guitars, tranquillity",,,
21,3.286945044301724,3.286945044301724,False,False,,"guitars, tranquillity",,,
22,3.296241392780167,3.296241392780167,False,False,,"guitars, tranquillity",,,
23,3.3463585902226964,3.3463585902226964,False,False,,"guitars, tranquillity",,,
24,3.378417273270377,3.378417273270377,False,False,,"guitars, tranquillity",,,
25,3.380050643091205,3.380050643091205,False,False,,"guitars, tranquillity",,,
26,3.3849445947403822,3.3849445947403822,False,False,,"guitars, tranquillity",,,
27,3.3955166613684704,3.395516661368471,False,False,,"guitars, tranquillity",,,
28,3.39957144396674,3.3995714439667406,False,False,,"guitars, tranquillity",,,
29,3.385759357673657,3.3857593576736567,False,False,,"guitars, tranquillity",,,
30,3.406854220217141,3.4068542202171406,False,False,,"guitars, tranquillity",,,
31,3.442170656604252,3.4421706566042514,False,False,,"guitars, tranquillity",,,
32,3.4381812036175567,3.4381812036175563,False,False,,"guitars, tranquillity",,,
33,3.451720855269694,3.4517208552696936,False,False,,"guitars, tranquillity",,,
34,3.430984953049701,3.4309849530497014,False,False,,"guitars, tranquillity",,,
35,3.4301841554304,3.4301841554304,False,False,,"guitars, tranquillity",,,
36,3.435123654355781,3.435123654355781,False,False,,"guitars, tranquillity",,,
37,3.4458282633030604,3.445828263303061,False,False,,"guitars, tranquillity",,,
38,3.462351838266749,3.462351838266749,False,False,,"guitars, tranquillity",,,
39,3.4529224082717995,3.452922408271799,False,False,,"guitars, tranquillity",,,
40,3.4236349558066475,3.423634955806647,False,False,,"guitars, tranquillity",,,
41,3.4458282633030604,3.445828263303061,False,False,,"guitars, tranquillity",,,
42,3.4958691852416384,3.4958691852416384,False,False,,"guitars, tranquillity",,,
43,3.506691904306733,3.5066919043067335,False,False,,"guitars, tranquillity",,,
44,3.4981920116482126,3.498192011648213,False,False,,"guitars, tranquillity",,,
45,3.5259107138897794,3.52591071388978,False,False,,"guitars, tranquillity",,,
46,3.535850780186609,3.535850780186609,False,False,,"guitars, tranquillity",,,
47,3.5312675860196903,3.5312675860196903,False,False,,"guitars, tranquillity",,,
48,3.526676630323524,3.526676630323524,False,False,,"guitars, tranquillity",,,
49,3.59250027813853,3.59250027813853,False,False,,"guitars, tranquillity",,,
50,3.573747010990718,3.5737470109907186,False,False,,"guitars, tranquillity",,,
51,3.58651312688194,3.58651312688194,False,False,,"guitars, tranquillity",,,
52,3.5518313580119263,3.5518313580119263,False,False,,"guitars, tranquillity",,,
53,3.539664205844357,3.5396642058443564,False,False,,"guitars, tranquillity",,,
54,3.5228448786483546,3.5228448786483546,False,False,,"guitars, tranquillity",,,
55,3.524378230510488,3.524378230510488,False,False,,"guitars, tranquillity",,,
56,3.5020589306083094,3.502058930608309,False,False,,"guitars, tranquillity",,,
57,3.5120869831086883,3.5120869831086883,False,False,,"guitars, tranquillity",,,
58,3.507463291733852,3.507463291733852,False,False,,"guitars, tranquillity",,,
59,3.553348437943117,3.553348437943117,False,False,,"guitars, tranquillity",,,
60,3.5729942119788074,3.572994211978808,False,False,,"guitars, tranquillity",,,
61,3.5729942119788074,3.572994211978808,False,False,,"guitars, tranquillity",,,
62,3.5947421120951915,3.594742112095191,False,False,,"guitars, tranquillity",,,
63,3.5947421120951915,3.594742112095191,False,False,,"guitars, tranquillity",,,
64,3.5947421120951915,3.594742112095191,False,False,,"guitars, tranquillity",,,
65,3.5947421120951915,3.594742112095191,False,False,,"guitars, tranquillity",,,
66,3.5782594740280587,3.5782594740280587,False,False,,"guitars, tranquillity",,,
67,3.588759833364194,3.588759833364194,False,False,,"guitars, tranquillity",,,
68,3.5992203250797257,3.599220325079726,False,False,,"guitars, tranquillity",,,
69,3.602201772789605,3.6022017727896056,False,False,,"guitars, tranquillity",,,
70,3.5737470109907177,3.5737470109907177,False,False,,"guitars, tranquillity",,,
71,3.5729942119788074,3.572994211978808,False,False,,"guitars, tranquillity",,,
72,3.5662097023936377,3.5662097023936377,False,False,,"guitars, tranquillity",,,
73,3.572241206309433,3.5722412063094335,False,False,,"guitars, tranquillity",,,
74,3.542711097701132,3.5427110977011322,False,False,,"guitars, tranquillity",,,
75,3.5578946235629263,3.5578946235629263,False,False,,"guitars, tranquillity",,,
76,3.5480349605376595,3.54803496053766,False,False,,"guitars, tranquillity",,,
77,3.576756143598751,3.576756143598751,False,False,,"guitars, tranquillity",,,
78,3.5594083383537622,3.5594083383537622,False,False,,"guitars, tranquillity",,,
79,3.5782594740280578,3.578259474028058,False,False,,"guitars, tranquillity",,,
80,3.596982126381571,3.596982126381571,False,False,,"guitars, tranquillity",,,
81,3.587262232701076,3.587262232701076,False,False,,"guitars, tranquillity",,,
82,3.594742112095191,3.594742112095191,False,False,,"guitars, tranquillity",,,
83,3.565454829714416,3.5654548297144157,False,False,,"guitars, tranquillity",,,
84,3.5760041696496714,3.5760041696496714,False,False,,"guitars, tranquillity",,,
85,3.585014303501325,3.5850143035013247,False,False,,"guitars, tranquillity",,,
86,3.602201772789605,3.6022017727896056,False,False,,"guitars, tranquillity",,,
87,3.593328173835241,3.593328173835241,False,False,,"guitars, tranquillity",,,
88,3.588138700007194,3.588138700007194,False,False,,"guitars, tranquillity",,,
89,3.5672823393916246,3.567282339391624,False,False,,"guitars, tranquillity",,,
90,3.5672823393916246,3.567282339391624,False,False,,"guitars, tranquillity",,,
91,3.566534529266164,3.566534529266164,False,False,,"guitars, tranquillity",,,
92,3.5620433728703604,3.56204337287036,False,False,,"guitars, tranquillity",,,
93,3.5530388617981323,3.5530388617981323,False,False,,"guitars, tranquillity",,,
94,3.530396501898938,3.530396501898938,False,False,,"guitars, tranquillity",,,
95,3.515957958465373,3.515957958465373,False,False,,"guitars, tranquillity",,,
96,3.512145483033397,3.512145483033397,False,False,,"guitars, tranquillity",,,
97,3.503739004952429,3.5037390049524286,False,False,,"guitars, tranquillity",,,
98,3.4574154664056853,3.457415466405685,False,False,,"guitars, tranquillity",,,
99,3.483763964920715,3.4837639649207146,False,False,,"guitars, tranquillity",,,
100,3.478360517385149,3.478360517385149,False,False,,"guitars, tranquillity",,,
101,3.4960738881065585,3.4960738881065585,False,False,,"guitars, tranquillity",,,
102,3.4922331079485973,3.4922331079485973,False,False,,"guitars, tranquillity",,,
103,3.5129084093129963,3.5129084093129967,False,False,,"guitars, tranquillity",,,
104,3.4937700800082085,3.493770080008209,False,False,,"guitars, tranquillity",,,
105,3.4899259963745144,3.4899259963745144,False,False,,"guitars, tranquillity",,,
106,3.5129084093129963,3.5129084093129967,False,False,,"guitars, tranquillity",,,
107,3.493770080008208,3.493770080008208,False,False,,"guitars, tranquillity",,,
108,3.4914642913968805,3.4914642913968805,False,False,,"guitars, tranquillity",,,
109,3.509091616878341,3.5090916168783406,False,False,,"guitars, tranquillity",,,
110,3.4906952542639336,3.490695254263934,False,False,,"guitars, tranquillity",,,
111,3.4991425595624053,3.4991425595624057,False,False,,"guitars, tranquillity",,,
112,3.5167198076043604,3.516719807604361,False,False,,"guitars, tranquillity",,,
113,3.5182428612797536,3.5182428612797536,False,False,,"guitars, tranquillity",,,
114,3.537209038417608,3.5372090384176085,False,False,,"guitars, tranquillity",,,
115,3.5349400929881822,3.5349400929881822,False,False,,"guitars, tranquillity",,,
116,3.534183356149061,3.534183356149061,False,False,,"guitars, tranquillity",,,
117,3.5462659215367,3.5462659215367,False,False,,"guitars, tranquillity",,,
118,3.528880277786943,3.528880277786943,False,False,,"guitars, tranquillity",,,
119,3.522806877534616,3.5228068775346157,False,False,,"guitars, tranquillity",,,
120,3.5258452810611565,3.5258452810611565,False,False,,"guitars, tranquillity",,,
121,3.528880277786942,3.528880277786942,False,False,,"guitars, tranquillity",,,
122,3.4976086622094087,3.4976086622094087,False,False,,"guitars, tranquillity",,,
123,3.50450431585364,3.5045043158536404,False,False,,"guitars, tranquillity",,,
124,3.515957958465369,3.515957958465369,False,False,,"guitars, tranquillity",,,
125,3.5075633848041483,3.5075633848041483,False,False,,"guitars, tranquillity",,,
126,3.553038861798132,3.5530388617981323,False,False,,"guitars, tranquillity",,,
127,3.553790373064267,3.5537903730642664,False,False,,"guitars, tranquillity",,,
128,3.5455123320548587,3.545512332054859,False,False,,"guitars, tranquillity",,,
129,3.550030744072382,3.550030744072382,False,False,,"guitars, tranquillity",,,
130,3.56204337287036,3.56204337287036,False,False,,"guitars, tranquillity",,,
131,3.5552927749038257,3.5552927749038252,False,False,,"guitars, tranquillity",,,
132,3.5432503107846,3.5432503107846003,False,False,,"guitars, tranquillity",,,
133,3.5552927749038257,3.5552927749038252,False,False,,"guitars, tranquillity",,,
134,3.554541677380282,3.554541677380282,False,False,,"guitars, tranquillity",,,
135,3.5762401817624663,3.5762401817624663,False,False,,"guitars, tranquillity",,,
136,3.5836827855286755,3.5836827855286755,False,False,,"guitars, tranquillity",,,
137,3.568029945374907,3.568029945374907,False,False,,"guitars, tranquillity",,,
138,3.58888065191122,3.5888806519112197,False,False,,"guitars, tranquillity",,,
139,3.577730316105018,3.577730316105018,False,False,,"guitars, tranquillity",,,
140,3.577730316105018,3.577730316105018,False,False,,"guitars, tranquillity",,,
141,3.565038295971095,3.565038295971095,False,False,,"guitars, tranquillity",,,
142,3.5635412442525656,3.563541244252566,False,False,,"guitars, tranquillity",,,
143,3.5440045268389504,3.5440045268389504,False,False,,"guitars, tranquillity",,,
144,3.5507830847194923,3.550783084719492,False,False,,"guitars, tranquillity",,,
145,3.5575448282932283,3.5575448282932287,False,False,,"guitars, tranquillity",,,
146,3.5642898724922043,3.5642898724922043,False,False,,"guitars, tranquillity",,,
147,3.577730316105018,3.577730316105018,False,False,,"guitars, tranquillity",,,
148,3.5873965482065726,3.587396548206572,False,False,,"guitars, tranquillity",,,
149,3.586654196360232,3.586654196360232,False,False,,"guitars, tranquillity",,,
150,3.582195875947783,3.582195875947783,False,False,,"guitars, tranquillity",,,
151,3.5851688919329545,3.5851688919329545,False,False,,"guitars, tranquillity",,,
152,3.5999019203542875,3.599901920354287,False,False,,"guitars, tranquillity",,,
153,3.599167133982525,3.599167133982525,False,False,,"guitars, tranquillity",,,
154,3.5822128092342065,3.5822128092342065,False,False,,"guitars, tranquillity",,,
155,3.5844301689538303,3.5844301689538303,False,False,,"guitars, tranquillity",,,
156,3.5710990912321927,3.5710990912321923,False,False,,"guitars, tranquillity",,,
157,3.574067151528056,3.574067151528056,False,False,,"guitars, tranquillity",,,
158,3.6028391141869616,3.6028391141869616,False,False,,"guitars, tranquillity",,,
159,3.5822128092342065,3.5822128092342065,False,False,,"guitars, tranquillity",,,
160,3.5822128092342065,3.5822128092342065,False,False,,"guitars, tranquillity",,,
161,3.549483846240034,3.549483846240034,False,False,,"guitars, tranquillity",,,
162,3.5427407030121985,3.542740703012198,False,False,,"guitars, tranquillity",,,
163,3.5322180137075607,3.532218013707561,False,False,,"guitars, tranquillity",,,
164,3.5479868124667493,3.5479868124667493,False,False,,"guitars, tranquillity",,,
165,3.5224102496009597,3.52241024960096,False,False,,"guitars, tranquillity",,,
166,3.5224102496009597,3.52241024960096,False,False,,"guitars, tranquillity",,,
167,3.5359807999164734,3.5359807999164734,False,False,,"guitars, tranquillity",,,
168,3.519385310171157,3.519385310171157,False,False,,"guitars, tranquillity",,,
169,3.5254318090502488,3.525431809050249,False,False,,"guitars, tranquillity",,,
170,3.5171143811810928,3.5171143811810928,False,False,,"guitars, tranquillity",,,
171,3.513325249375795,3.513325249375795,False,False,,"guitars, tranquillity",,,
172,3.5352286599951803,3.5352286599951808,False,False,,"guitars, tranquillity",,,
173,3.533723754492254,3.533723754492254,False,False,,"guitars, tranquillity",,,
174,3.536732731497515,3.536732731497515,False,False,,"guitars, tranquillity",,,
175,3.549483846240034,3.549483846240034,False,False,,"guitars, tranquillity",,,
176,3.5352286599951803,3.5352286599951808,False,False,,"guitars, tranquillity",,,
177,3.5389872777945843,3.538987277794584,False,False,,"guitars, tranquillity",,,
178,3.5389872777945843,3.538987277794584,False,False,,"guitars, tranquillity",,,
179,3.5254318090502488,3.525431809050249,False,False,,"guitars, tranquillity",,,
180,3.5163569802756363,3.5163569802756363,False,False,,"guitars, tranquillity",,,
181,3.5224102496009597,3.52241024960096,False,False,,"guitars, tranquillity",,,
182,3.5299578335666792,3.5299578335666792,False,False,,"guitars, tranquillity",,,
183,3.517114381181092,3.517114381181092,False,False,,"guitars, tranquillity",,,
184,3.517114381181092,3.517114381181092,False,False,,"guitars, tranquillity",,,
185,3.529204021151999,3.529204021151999,False,False,,"guitars, tranquillity",,,
186,3.5254318090502488,3.525431809050249,False,False,,"guitars, tranquillity",,,
187,3.5352286599951803,3.5352286599951808,False,False,,"guitars, tranquillity",,,
188,3.5389872777945843,3.538987277794584,False,False,,"guitars, tranquillity",,,
189,3.5118081052412404,3.51180810524124,False,False,,"guitars, tranquillity",,,
190,3.4942992128353083,3.4942992128353083,False,False,,"guitars, tranquillity",,,
191,3.473598361629964,3.473598361629964,False,False,,"guitars, tranquillity",,,
192,3.481284041882963,3.4812840418829634,False,False,,"guitars, tranquillity",,,
193,3.4651184481903146,3.4651184481903146,False,False,,"guitars, tranquillity",,,
194,3.4635737392589565,3.4635737392589565,False,False,,"guitars, tranquillity",,,
195,3.4635737392589565,3.4635737392589565,False,False,,"guitars, tranquillity",,,
196,3.4348331272718475,3.4348331272718475,False,False,,"guitars, tranquillity",,,
197,3.3899338110603376,3.3899338110603376,False,False,,"guitars, tranquillity",,,
198,3.401033292708086,3.4010332927080866,False,False,,"guitars, tranquillity",,,
199,3.353126283730385,3.353126283730385,False,False,,"guitars, tranquillity",,,
200,3.36277886791633,3.36277886791633,False,False,,"guitars, tranquillity",,,
201,3.3603691073073447,3.3603691073073447,False,False,,"guitars, tranquillity",,,
202,3.3931099182175357,3.3931099182175357,False,False,,"guitars, tranquillity",,,
203,3.3539320481795216,3.3539320481795216,False,False,,"guitars, tranquillity",,,
204,3.379584591880658,3.379584591880658,False,False,,"guitars, tranquillity",,,
205,3.3595653533787018,3.3595653533787013,False,False,,"guitars, tranquillity",,,
206,3.3571525873919925,3.3571525873919925,False,False,,"guitars, tranquillity",,,
207,3.341009418537423,3.341009418537423,False,False,,"guitars, tranquillity",,,
208,3.297730679784935,3.297730679784935,False,False,,"guitars, tranquillity",,,
209,3.297730679784935,3.297730679784935,False,False,,"guitars, tranquillity",,,
210,3.2704055674231567,3.2704055674231567,False,False,,"guitars, tranquillity",,,
211,3.284519119851185,3.2845191198511854,False,False,,"guitars, tranquillity",,,
212,3.2402531137136568,3.2402531137136568,False,False,,"guitars, tranquillity",,,
213,3.192609180844353,3.192609180844353,False,False,,"guitars, tranquillity",,,
214,3.213140714528808,3.213140714528808,False,False,,"guitars, tranquillity",,,
215,3.263736364076482,3.2637363640764816,False,False,,"guitars, tranquillity",,,
216,3.3026672791729546,3.3026672791729546,False,False,,"guitars, tranquillity",,,
217,3.303489111693954,3.3034891116939535,False,False,,"guitars, tranquillity",,,
218,3.253699144558163,3.2536991445581624,False,False,,"guitars, tranquillity",,,
219,3.2395283298762543,3.2395283298762547,False,False,,"guitars, tranquillity",,,
220,3.195672615871836,3.1956726158718354,False,False,,"guitars, tranquillity",,,
221,3.253699144558163,3.2536991445581624,False,False,,"guitars, tranquillity",,,
222,3.278512223712005,3.2785122237120055,False,False,,"guitars, tranquillity",,,
223,3.286729095417376,3.286729095417376,False,False,,"guitars, tranquillity",,,
224,3.286729095417376,3.286729095417376,False,False,,"guitars, tranquillity",,,
225,3.307155107746208,3.3071551077462082,False,False,,"guitars, tranquillity",,,
226,3.324186825988787,3.324186825988787,False,False,,"guitars, tranquillity",,,
227,3.34271112865488,3.34271112865488,False,False,,"guitars, tranquillity",,,
228,3.2941014691336425,3.2941014691336425,False,False,,"guitars, tranquillity",,,
229,3.280980100031829,3.280980100031829,False,False,,"guitars, tranquillity",,,
230,3.2924650219168496,3.2924650219168496,False,False,,"guitars, tranquillity",,,
231,3.2924650219168496,3.2924650219168496,False,False,,"guitars, tranquillity",,,
232,3.2619974955210966,3.2619974955210966,False,False,,"guitars, tranquillity",,,
233,3.241199674697829,3.2411996746978287,False,False,,"guitars, tranquillity",,,
234,3.270268438878128,3.270268438878128,False,False,,"guitars, tranquillity",,,
235,3.2818021883496566,3.281802188349657,False,False,,"guitars, tranquillity",,,
236,3.2875493117053503,3.2875493117053503,False,False,,"guitars, tranquillity",,,
237,3.2875493117053503,3.2875493117053503,False,False,,"guitars, tranquillity",,,
238,3.282624008510577,3.2826240085105773,False,False,,"guitars, tranquillity",,,
239,3.3258029726697456,3.3258029726697456,False,False,,"guitars, tranquillity",,,
240,3.333063007013294,3.3330630070132945,False,False,,"guitars, tranquillity",,,
241,3.347521614279012,3.3475216142790125,False,False,,"guitars, tranquillity",,,
242,3.3746126156599794,3.37461261565998,False,False,,"guitars, tranquillity",,,
243,3.378572746073276,3.3785727460732766,False,False,,"guitars, tranquillity",,,
244,3.3990686760681355,3.3990686760681355,False,False,,"guitars, tranquillity",,,
245,3.3833169358131583,3.383316935813158,False,False,,"guitars, tranquillity",,,
246,3.415506310852555,3.4155063108525554,False,False,,"guitars, tranquillity",,,
247,3.393566398705044,3.393566398705044,False,False,,"guitars, tranquillity",,,
248,3.378572746073276,3.3785727460732766,False,False,,"guitars, tranquillity",,,
249,3.4256305586117666,3.425630558611766,False,False,,"guitars, tranquillity",,,
250,3.4318415404590064,3.4318415404590064,False,False,,"guitars, tranquillity",,,
251,3.4480761114081946,3.448076111408195,False,False,,"guitars, tranquillity",,,
252,3.4480761114081946,3.448076111408195,False,False,,"guitars, tranquillity",,,
253,3.3927794100284467,3.3927794100284463,False,False,,"guitars, tranquillity",,,
254,3.4310659685319824,3.4310659685319824,False,False,,"guitars, tranquillity",,,
255,3.418625624225822,3.418625624225822,False,False,,"guitars, tranquillity",,,
256,3.4029917819533857,3.4029917819533857,False,False,,"guitars, tranquillity",,,
257,3.449617073497937,3.4496170734979366,False,False,,"guitars, tranquillity",,,
258,3.4954355995664006,3.4954355995664006,False,False,,"guitars, tranquillity",,,
259,3.5180541539695485,3.5180541539695485,False,False,,"guitars, tranquillity",,,
260,3.510535723408401,3.510535723408401,False,False,,"guitars, tranquillity",,,
261,3.512041086961434,3.5120410869614345,False,False,,"guitars, tranquillity",,,
262,3.5007302949025063,3.5007302949025063,False,False,,"guitars, tranquillity",,,
263,3.5165521427125497,3.51655214271255,False,False,,"guitars, tranquillity",,,
264,3.477964734126566,3.4779647341265654,False,False,,"guitars, tranquillity",,,
265,3.493920909362654,3.493920909362654,False,False,,"guitars, tranquillity",,,
266,3.493920909362654,3.493920909362654,False,False,,"guitars, tranquillity",,,
267,3.4473052938667297,3.4473052938667297,False,False,,"guitars, tranquillity",,,
268,3.412383282244954,3.4123832822449542,False,False,,"guitars, tranquillity",,,
269,3.4209626784789045,3.420962678478905,False,False,,"guitars, tranquillity",,,
270,3.4131643883701144,3.4131643883701144,False,False,,"guitars, tranquillity",,,
271,3.4108203708955824,3.4108203708955824,False,False,,"guitars, tranquillity",,,
272,3.452696310755911,3.452696310755911,False,False,,"guitars, tranquillity",,,
273,3.4442197761655544,3.4442197761655544,False,False,,"guitars, tranquillity",,,
274,3.44576298488592,3.44576298488592,False,False,,"guitars, tranquillity",,,
275,3.480250023822075,3.4802500238220753,False,False,,"guitars, tranquillity",,,
276,3.477202536090182,3.477202536090182,False,False,,"guitars, tranquillity",,,
277,3.49240536333181,3.4924053633318097,False,False,,"guitars, tranquillity",,,
278,3.5075224710572,3.5075224710572,False,False,,"guitars, tranquillity",,,
279,3.468039130539254,3.468039130539254,False,False,,"guitars, tranquillity",,,
280,3.465743346085606,3.465743346085606,False,False,,"guitars, tranquillity",,,
281,3.4954355995664,3.4954355995663997,False,False,,"guitars, tranquillity",,,
282,3.4817997382564587,3.4817997382564587,False,False,,"guitars, tranquillity",,,
283,3.491654817001567,3.491654817001567,False,False,,"guitars, tranquillity",,,
284,3.484835937208135,3.484835937208135,False,False,,"guitars, tranquillity",,,
285,3.502227617356713,3.5022276173567133,False,False,,"guitars, tranquillity",,,
286,3.5052407912862846,3.5052407912862846,False,False,,"guitars, tranquillity",,,
287,3.541881790460911,3.5418817904609114,False,False,,"guitars, tranquillity",,,
288,3.539652649290882,3.539652649290882,False,False,,"guitars, tranquillity",,,
289,3.5463345990527992,3.5463345990527992,False,False,,"guitars, tranquillity",,,
290,3.543366869896216,3.5433668698962157,False,False,,"guitars, tranquillity",,,
291,3.5336993143164364,3.533699314316437,False,False,,"guitars, tranquillity",,,
292,3.5336993143164364,3.533699314316437,False,False,,"guitars, tranquillity",,,
293,3.5127590044117314,3.5127590044117314,False,False,,"guitars, tranquillity",,,
294,3.487110827118079,3.487110827118079,False,False,,"guitars, tranquillity",,,
295,3.4984563947058174,3.4984563947058174,False,False,,"guitars, tranquillity",,,
296,3.4795203238147385,3.479520323814739,False,False,,"guitars, tranquillity",,,
297,3.4939239260217736,3.4939239260217736,False,False,,"guitars, tranquillity",,,
298,3.4665667346474955,3.466566734647496,False,False,,"guitars, tranquillity",,,
299,3.46427425447328,3.4642742544732794,False,False,,"guitars, tranquillity",,,
300,3.424219528933388,3.424219528933388,False,False,,"guitars, tranquillity",,,
301,3.4420109370744227,3.4420109370744223,False,False,,"guitars, tranquillity",,,
302,3.4257713878145464,3.425771387814546,False,False,,"guitars, tranquillity",,,
303,3.465802794052405,3.465802794052405,False,False,,"guitars, tranquillity",,,
304,3.469620306461569,3.469620306461569,False,False,,"guitars, tranquillity",,,
305,3.489383785538547,3.489383785538547,False,False,,"guitars, tranquillity",,,
306,3.496191117096489,3.4961911170964886,False,False,,"guitars, tranquillity",,,
307,3.4810401494613754,3.481040149461375,False,False,,"guitars, tranquillity",,,
308,3.463509655140033,3.4635096551400335,False,False,,"guitars, tranquillity",,,
309,3.5037346262446265,3.5037346262446265,False,False,,"guitars, tranquillity",,,
310,3.4946798692634724,3.494679869263473,False,False,,"guitars, tranquillity",,,
311,3.5135096734806446,3.513509673480645,False,False,,"guitars, tranquillity",,,
312,3.5150103852195773,3.515010385219577,False,False,,"guitars, tranquillity",,,
313,3.504487814164505,3.5044878141645053,False,False,,"guitars, tranquillity",,,
314,3.484077210565772,3.484077210565772,False,False,,"guitars, tranquillity",,,
315,3.4757169714187808,3.475716971418781,False,False,,"guitars, tranquillity",,,
316,3.4810401494613754,3.481040149461375,False,False,,"guitars, tranquillity",,,
317,3.476478075527148,3.476478075527148,False,False,,"guitars, tranquillity",,,
318,3.4680939583200576,3.468093958320057,False,False,,"guitars, tranquillity",,,
319,3.476478075527148,3.476478075527148,False,False,,"guitars, tranquillity",,,
320,3.4680939583200576,3.468093958320057,False,False,,"guitars, tranquillity",,,
321,3.4680939583200576,3.468093958320057,False,False,,"guitars, tranquillity",,,
322,3.4566183432679223,3.456618343267922,False,False,,"guitars, tranquillity",,,
323,3.4566183432679223,3.456618343267922,False,False,,"guitars, tranquillity",,,
324,3.4566183432679223,3.456618343267922,False,False,,"guitars, tranquillity",,,
325,3.4566183432679223,3.456618343267922,False,False,,"guitars, tranquillity",,,
326,3.481799738256458,3.4817997382564583,False,False,,"guitars, tranquillity",,,
327,3.473432355465455,3.4734323554654556,False,False,,"guitars, tranquillity",,,
328,3.4863527453156795,3.4863527453156795,False,False,,"guitars, tranquillity",,,
329,3.5037346262446256,3.503734626244626,False,False,,"guitars, tranquillity",,,
330,3.511257039070277,3.511257039070277,False,False,,"guitars, tranquillity",,,
331,3.5127590044117314,3.5127590044117314,False,False,,"guitars, tranquillity",,,
332,3.502227617356712,3.5022276173567115,False,False,,"guitars, tranquillity",,,
333,3.5067461137881666,3.506746113788167,False,False,,"guitars, tranquillity",,,
334,3.507498459494056,3.507498459494056,False,False,,"guitars, tranquillity",,,
335,3.511257039070276,3.511257039070276,False,False,,"guitars, tranquillity",,,
336,3.5225014575859754,3.522501457585975,False,False,,"guitars, tranquillity",,,
337,3.5351888724572333,3.535188872457234,False,False,,"guitars, tranquillity",,,
338,3.5389091957485026,3.538909195748502,False,False,,"guitars, tranquillity",,,
339,3.544851139019341,3.544851139019341,False,False,,"guitars, tranquillity",,,
340,3.531463442341978,3.5314634423419786,False,False,,"guitars, tranquillity",,,
341,3.551520355168225,3.5515203551682255,False,False,,"guitars, tranquillity",,,
342,3.553000189346168,3.5530001893461676,False,False,,"guitars, tranquillity",,,
343,3.5603873479607078,3.560387347960708,False,False,,"guitars, tranquillity",,,
344,3.5662827318218624,3.5662827318218624,False,False,,"guitars, tranquillity",,,
345,3.563336628011973,3.5633366280119727,False,False,,"guitars, tranquillity",,,
346,3.5589429229047145,3.5589429229047145,False,False,,"guitars, tranquillity",,,
347,3.5457192190815827,3.5457192190815827,False,False,,"guitars, tranquillity",,,
348,3.559675697693212,3.559675697693212,False,False,,"guitars, tranquillity",,,
349,3.5822950003029974,3.5822950003029974,False,False,,"guitars, tranquillity",,,
350,3.590276633646443,3.590276633646443,False,False,,"guitars, tranquillity",,,
351,3.590276633646443,3.590276633646443,False,False,,"guitars, tranquillity",,,
352,3.603287860017241,3.6032878600172413,False,False,,"guitars, tranquillity",,,
353,3.588827147203261,3.5888271472032605,False,False,,"guitars, tranquillity",,,
354,3.5822950003029974,3.5822950003029974,False,False,,"guitars, tranquillity",,,
355,3.5852000906439727,3.5852000906439727,False,False,,"guitars, tranquillity",,,
356,3.602566619435822,3.602566619435822,False,False,,"guitars, tranquillity",,,
357,3.568453714712235,3.5684537147122355,False,False,,"guitars, tranquillity",,,
358,3.544982684100236,3.544982684100236,False,False,,"guitars, tranquillity",,,
359,3.5309504646912098,3.5309504646912098,False,False,,"guitars, tranquillity",,,
360,3.559675697693212,3.559675697693212,False,False,,"guitars, tranquillity",,,
361,3.539821348018981,3.5398213480189806,False,False,,"guitars, tranquillity",,,
362,3.5019175604281734,3.501917560428173,False,False,,"guitars, tranquillity",,,
363,3.533170905727631,3.533170905727631,False,False,,"guitars, tranquillity",,,
364,3.518333459614174,3.518333459614174,False,False,,"guitars, tranquillity",,,
365,3.5309504646912107,3.53095046469121,False,False,,"guitars, tranquillity",,,
366,3.5242782030706024,3.5242782030706024,False,False,,"guitars, tranquillity",,,
367,3.529469159630193,3.5294691596301924,False,False,,"guitars, tranquillity",,,
368,3.5427718822376333,3.542771882237633,False,False,,"guitars, tranquillity",,,
369,3.525762349412683,3.5257623494126826,False,False,,"guitars, tranquillity",,,
370,3.533910648935773,3.5339106489357732,False,False,,"guitars, tranquillity",,,
371,3.522050455854244,3.5220504558542443,False,False,,"guitars, tranquillity",,,
372,3.5205642707671427,3.520564270767143,False,False,,"guitars, tranquillity",,,
373,3.5116299454251743,3.511629945425174,False,False,,"guitars, tranquillity",,,
374,3.5205642707671427,3.520564270767143,False,False,,"guitars, tranquillity",,,
375,3.5346501904958174,3.5346501904958174,False,False,,"guitars, tranquillity",,,
376,3.5435090158278117,3.5435090158278117,False,False,,"guitars, tranquillity",,,
377,3.536128669279681,3.536128669279681,False,False,,"guitars, tranquillity",,,
378,3.542034548811764,3.542034548811764,False,False,,"guitars, tranquillity",,,
379,3.5390832137483867,3.5390832137483867,False,False,,"guitars, tranquillity",,,
380,3.5309504646912107,3.53095046469121,False,False,,"guitars, tranquillity",,,
381,3.5146113412309004,3.5146113412309004,False,False,,"guitars, tranquillity",,,
382,3.504909720919502,3.504909720919502,False,False,,"guitars, tranquillity",,,
383,3.510884081120908,3.510884081120908,False,False,,"guitars, tranquillity",,,
384,3.4921699605771512,3.4921699605771512,False,False,,"guitars, tranquillity",,,
385,3.500420230609137,3.5004202306091377,False,False,,"guitars, tranquillity",,,
386,3.517589446333886,3.517589446333886,False,False,,"guitars, tranquillity",,,
387,3.505657241321257,3.5056572413212574,False,False,,"guitars, tranquillity",,,
388,3.5339106489357723,3.5339106489357723,False,False,,"guitars, tranquillity",,,
389,3.530209913366315,3.5302099133663147,False,False,,"guitars, tranquillity",,,
390,3.532430960719148,3.5324309607191475,False,False,,"guitars, tranquillity",,,
391,3.5213074654417844,3.5213074654417844,False,False,,"guitars, tranquillity",,,
392,3.527987044311292,3.527987044311292,False,False,,"guitars, tranquillity",,,
393,3.5272456824215546,3.5272456824215546,False,False,,"guitars, tranquillity",,,
394,3.538344878890193,3.5383448788901934,False,False,,"guitars, tranquillity",,,
395,3.5435090158278117,3.5435090158278117,False,False,,"guitars, tranquillity",,,
396,3.5309504646912098,3.5309504646912098,False,False,,"guitars, tranquillity",,,
397,3.5368676068070566,3.5368676068070566,False,False,,"guitars, tranquillity",,,
398,3.5390832137483867,3.5390832137483867,False,False,,"guitars, tranquillity",,,
399,3.54424594973213,3.54424594973213,False,False,,"guitars, tranquillity",,,
400,3.54055928185273,3.54055928185273,False,False,,"guitars, tranquillity",,,
401,3.516100804491997,3.5161008044919964,False,False,,"guitars, tranquillity",,,
402,3.5123756034305598,3.5123756034305598,False,False,,"guitars, tranquillity",,,
403,3.510138010359709,3.510138010359709,False,False,,"guitars, tranquillity",,,
404,3.5138663011758675,3.513866301175867,False,False,,"guitars, tranquillity",,,
405,3.516100804491997,3.5161008044919964,False,False,,"guitars, tranquillity",,,
406,3.5190772680091267,3.5190772680091262,False,False,,"guitars, tranquillity",,,
407,3.526504117506672,3.5265041175066725,False,False,,"guitars, tranquillity",,,
408,3.525020377985441,3.5250203779854408,False,False,,"guitars, tranquillity",,,
409,3.525762349412684,3.5257623494126835,False,False,,"guitars, tranquillity",,,
410,3.526504117506672,3.5265041175066725,False,False,,"guitars, tranquillity",,,
411,3.529469159630193,3.5294691596301924,False,False,,"guitars, tranquillity",,,
412,3.5072701716736505,3.5072701716736505,False,False,,"guitars, tranquillity",,,
413,3.509498305432626,3.509498305432626,False,False,,"guitars, tranquillity",,,
414,3.478134947733767,3.4781349477337673,False,False,,"guitars, tranquillity",,,
415,3.4736243214696545,3.4736243214696545,False,False,,"guitars, tranquillity",,,
416,3.4668440412568846,3.4668440412568846,False,False,,"guitars, tranquillity",,,
417,3.468352262433588,3.468352262433588,False,False,,"guitars, tranquillity",,,
418,3.477383705898259,3.4773837058982586,False,False,,"guitars, tranquillity",,,
419,3.4736243214696545,3.4736243214696545,False,False,,"guitars, tranquillity",,,
420,3.4736243214696545,3.4736243214696545,False,False,,"guitars, tranquillity",,,
421,3.4600464439135177,3.4600464439135172,False,False,,"guitars, tranquillity",,,
422,3.4425952786900336,3.442595278690034,False,False,,"guitars, tranquillity",,,
423,3.4623142413814905,3.4623142413814905,False,False,,"guitars, tranquillity",,,
424,3.4630697440444536,3.4630697440444536,False,False,,"guitars, tranquillity",,,
425,3.4630697440444536,3.4630697440444536,False,False,,"guitars, tranquillity",,,
426,3.4630697440444536,3.4630697440444536,False,False,,"guitars, tranquillity",,,
427,3.4585335026751234,3.4585335026751234,False,False,,"guitars, tranquillity",,,
428,3.434971759863209,3.434971759863209,False,False,,"guitars, tranquillity",,,
429,3.4395485122149543,3.439548512214954,False,False,,"guitars, tranquillity",,,
430,3.44791868485817,3.44791868485817,False,False,,"guitars, tranquillity",,,
431,3.4395485122149543,3.439548512214954,False,False,,"guitars, tranquillity",,,
432,3.4486782978598467,3.4486782978598467,False,False,,"guitars, tranquillity",,,
433,3.4448780506048267,3.444878050604826,False,False,,"guitars, tranquillity",,,
434,3.4570196988439275,3.4570196988439275,False,False,,"guitars, tranquillity",,,
435,3.4486782978598467,3.4486782978598467,False,False,,"guitars, tranquillity",,,
436,3.456262473030374,3.4562624730303746,False,False,,"guitars, tranquillity",,,
437,3.456262473030374,3.4562624730303746,False,False,,"guitars, tranquillity",,,
438,3.4630697440444536,3.4630697440444536,False,False,,"guitars, tranquillity",,,
439,3.481137803730724,3.4811378037307246,False,False,,"guitars, tranquillity",,,
440,3.481887990714156,3.4818879907141556,False,False,,"guitars, tranquillity",,,
441,3.47211908282876,3.4721190828287596,False,False,,"guitars, tranquillity",,,
442,3.4736243214696545,3.4736243214696545,False,False,,"guitars, tranquillity",,,
443,3.4758805876721426,3.4758805876721426,False,False,,"guitars, tranquillity",,,
444,3.4660896100668825,3.4660896100668825,False,False,,"guitars, tranquillity",,,
445,3.471366144658891,3.4713661446588913,False,False,,"guitars, tranquillity",,,
446,3.465334964918772,3.465334964918772,False,False,,"guitars, tranquillity",,,
447,3.4630697440444536,3.4630697440444536,False,False,,"guitars, tranquillity",,,
448,3.453231406472106,3.453231406472106,False,False,,"guitars, tranquillity",,,
449,3.456262473030374,3.4562624730303746,False,False,,"guitars, tranquillity",,,
450,3.4592900810334,3.4592900810334,False,False,,"guitars, tranquillity",,,
451,3.4570196988439275,3.4570196988439275,False,False,,"guitars, tranquillity",,,
452,3.4698596297887687,3.4698596297887687,False,False,,"guitars, tranquillity",,,
453,3.4675982586565888,3.4675982586565883,False,False,,"guitars, tranquillity",,,
454,3.457776708668701,3.457776708668701,False,False,,"guitars, tranquillity",,,
455,3.457776708668701,3.457776708668701,False,False,,"guitars, tranquillity",,,
456,3.4623142413814896,3.46231424138149,False,False,,"guitars, tranquillity",,,
457,3.447158853805269,3.447158853805269,False,False,,"guitars, tranquillity",,,
458,3.447158853805269,3.447158853805269,False,False,,"guitars, tranquillity",,,
459,3.428857039115419,3.4288570391154196,False,False,,"guitars, tranquillity",,,
460,3.422728081289647,3.422728081289647,False,False,,"guitars, tranquillity",,,
461,3.4173534919407165,3.417353491940716,False,False,,"guitars, tranquillity",,,
462,3.4188902119886926,3.4188902119886926,False,False,,"guitars, tranquillity",,,
463,3.422728081289647,3.422728081289647,False,False,,"guitars, tranquillity",,,
464,3.4196582347216515,3.4196582347216515,False,False,,"guitars, tranquillity",,,
465,3.4242616604935754,3.4242616604935754,False,False,,"guitars, tranquillity",,,
466,3.4188902119886926,3.4188902119886926,False,False,,"guitars, tranquillity",,,
467,3.406571150988861,3.406571150988861,False,False,,"guitars, tranquillity",,,
468,3.394969093951204,3.394969093951204,False,False,,"guitars, tranquillity",,,
469,3.394969093951204,3.394969093951204,False,False,,"guitars, tranquillity",,,
470,3.3801985993833066,3.3801985993833066,False,False,,"guitars, tranquillity",,,
471,3.3723907774259363,3.372390777425936,False,False,,"guitars, tranquillity",,,
472,3.381757346930081,3.3817573469300815,False,False,,"guitars, tranquillity",,,
473,3.387982999533345,3.3879829995333455,False,False,,"guitars, tranquillity",,,
474,3.396519018297681,3.3965190182976817,False,False,,"guitars, tranquillity",,,
475,3.394193786028339,3.394193786028339,False,False,,"guitars, tranquillity",,,
476,3.393422709793977,3.3934227097939766,False,False,,"guitars, tranquillity",,,
477,3.418748794185152,3.418748794185152,False,False,,"guitars, tranquillity",,,
478,3.4156919859779817,3.4156919859779813,False,False,,"guitars, tranquillity",,,
479,3.414162244761896,3.414162244761896,False,False,,"guitars, tranquillity",,,
480,3.411865957494177,3.4118659574941774,False,False,,"guitars, tranquillity",,,
481,3.393422709793977,3.3934227097939766,False,False,,"guitars, tranquillity",,,
482,3.393422709793977,3.3934227097939766,False,False,,"guitars, tranquillity",,,
483,3.38260358630999,3.3826035863099904,False,False,,"guitars, tranquillity",,,
484,3.391108110587884,3.3911081105878838,False,False,,"guitars, tranquillity",,,
485,3.403428961825462,3.403428961825462,False,False,,"guitars, tranquillity",,,
486,3.4041970871779976,3.404197087177997,False,False,,"guitars, tranquillity",,,
487,3.416456522038236,3.416456522038236,False,False,,"guitars, tranquillity",,,
488,3.4248517538231917,3.4248517538231917,False,False,,"guitars, tranquillity",,,
489,3.42103906604535,3.4210390660453505,False,False,,"guitars, tranquillity",,,
490,3.439289805463127,3.439289805463127,False,False,,"guitars, tranquillity",,,
491,3.439289805463127,3.439289805463127,False,False,,"guitars, tranquillity",,,
492,3.447612712185268,3.4476127121852675,False,False,,"guitars, tranquillity",,,
493,3.440047517431289,3.440047517431289,False,False,,"guitars, tranquillity",,,
494,3.450632743192805,3.450632743192805,False,False,,"guitars, tranquillity",,,
495,3.4461014036508613,3.4461014036508613,False,False,,"guitars, tranquillity",,,
496,3.4461014036508613,3.4461014036508613,False,False,,"guitars, tranquillity",,,
497,3.4461014036508613,3.4461014036508613,False,False,,"guitars, tranquillity",,,
498,3.4430761936986984,3.443076193698698,False,False,,"guitars, tranquillity",,,
499,3.4408050120665927,3.4408050120665927,False,False,,"guitars, tranquillity",,,
500,3.431700694375965,3.431700694375965,False,False,,"guitars, tranquillity",,,
501,3.429419693715225,3.429419693715225,False,False,,"guitars, tranquillity",,,
502,3.4332202649676176,3.4332202649676176,False,False,,"guitars, tranquillity",,,
503,3.4347389599790583,3.4347389599790583,False,False,,"guitars, tranquillity",,,
504,3.4256136281808445,3.425613628180845,False,False,,"guitars, tranquillity",,,
505,3.417220835306493,3.417220835306493,False,False,,"guitars, tranquillity",,,
506,3.417220835306493,3.417220835306493,False,False,,"guitars, tranquillity",,,
507,3.4118659574941765,3.4118659574941765,False,False,,"guitars, tranquillity",,,
508,3.412631610216705,3.4126316102167045,False,False,,"guitars, tranquillity",,,
509,3.39804574934827,3.39804574934827,False,False,,"guitars, tranquillity",,,
510,3.381054314408743,3.3810543144087424,False,False,,"guitars, tranquillity",,,
511,3.302378038917417,3.302378038917417,False,False,,"guitars, tranquillity",,,
512,3.319101846201767,3.319101846201767,False,False,,"guitars, tranquillity",,,
513,3.3230675583199782,3.3230675583199787,False,False,,"guitars, tranquillity",,,
514,3.320688871356339,3.3206888713563396,False,False,,"guitars, tranquillity",,,
515,3.317513831984585,3.3175138319845847,False,False,,"guitars, tranquillity",,,
516,3.373294045165424,3.373294045165424,False,False,,"guitars, tranquillity",,,
517,3.365510451531345,3.365510451531345,False,False,,"guitars, tranquillity",,,
518,3.370183417502693,3.370183417502693,False,False,,"guitars, tranquillity",,,
519,3.3608290186076557,3.3608290186076557,False,False,,"guitars, tranquillity",,,
520,3.3545738635535414,3.3545738635535414,False,False,,"guitars, tranquillity",,,
521,3.3639509167589305,3.363950916758931,False,False,,"guitars, tranquillity",,,
522,3.3545738635535414,3.3545738635535414,False,False,,"guitars, tranquillity",,,
523,3.3341388911683496,3.3341388911683496,False,False,,"guitars, tranquillity",,,
524,3.3254440294512126,3.325444029451212,False,False,,"guitars, tranquillity",,,
525,3.3341388911683496,3.3341388911683496,False,False,,"guitars, tranquillity",,,
526,3.339656641480944,3.3396566414809445,False,False,,"guitars, tranquillity",,,
527,3.3238599612851742,3.3238599612851742,False,False,,"guitars, tranquillity",,,
528,3.3079648803845814,3.3079648803845814,False,False,,"guitars, tranquillity",,,
529,3.298379887938093,3.298379887938093,False,False,,"guitars, tranquillity",,,
530,3.312743837854173,3.312743837854173,False,False,,"guitars, tranquillity",,,
531,3.307167512758918,3.307167512758918,False,False,,"guitars, tranquillity",,,
532,3.32068887135634,3.32068887135634,False,False,,"guitars, tranquillity",,,
533,3.32068887135634,3.32068887135634,False,False,,"guitars, tranquillity",,,
534,3.2927718480279027,3.292771848027903,False,False,,"guitars, tranquillity",,,
535,3.272640805049003,3.2726408050490026,False,False,,"guitars, tranquillity",,,
536,3.216224073426547,3.216224073426547,False,False,,"guitars, tranquillity",,,
537,3.2253042770493057,3.2253042770493057,False,False,,"guitars, tranquillity",,,
538,3.192958786970447,3.192958786970447,False,False,,"guitars, tranquillity",,,
539,3.226128099909403,3.2261280999094035,False,False,,"guitars, tranquillity",,,
540,3.231887203829053,3.231887203829053,False,False,,"guitars, tranquillity",,,
541,3.2269775451755565,3.2269775451755565,False,False,,"guitars, tranquillity",,,
542,3.22205813718828,3.22205813718828,False,False,,"guitars, tranquillity",,,
543,3.1923339076067814,3.1923339076067814,False,False,,"guitars, tranquillity",,,
544,3.1989703989014555,3.198970398901455,False,False,,"guitars, tranquillity",,,
545,3.1647663962452897,3.1647663962452897,False,False,,"guitars, tranquillity",,,
546,3.1723157680055865,3.1723157680055865,False,False,,"guitars, tranquillity",,,
547,3.157193493548864,3.157193493548864,False,False,,"guitars, tranquillity",,,
548,3.1939947145224634,3.1939947145224634,False,False,,"guitars, tranquillity",,,
549,3.1723157680055865,3.1723157680055865,False,False,,"guitars, tranquillity",,,
550,3.1546639283564075,3.1546639283564075,False,False,,"guitars, tranquillity",,,
551,3.1495968557949925,3.1495968557949925,False,False,,"guitars, tranquillity",,,
552,3.1495968557949925,3.1495968557949925,False,False,,"guitars, tranquillity",,,
553,3.1402795412924136,3.1402795412924136,False,False,,"guitars, tranquillity",,,
554,3.116398708617962,3.1163987086179623,False,False,,"guitars, tranquillity",,,
555,3.116398708617962,3.1163987086179623,False,False,,"guitars, tranquillity",,,
556,3.1402795412924136,3.1402795412924136,False,False,,"guitars, tranquillity",,,
557,3.1915030819414345,3.191503081941435,False,False,,"guitars, tranquillity",,,
558,3.1773357092740597,3.1773357092740597,False,False,,"guitars, tranquillity",,,
559,3.180676605532335,3.180676605532335,False,False,,"guitars, tranquillity",,,
560,3.144519142363024,3.144519142363024,False,False,,"guitars, tranquillity",,,
561,3.0853400282777,3.0853400282777,False,False,,"guitars, tranquillity",,,
562,3.1078118354572526,3.107811835457252,False,False,,"guitars, tranquillity",,,
563,3.1292215330845403,3.1292215330845403,False,False,,"guitars, tranquillity",,,
564,3.1172557019025287,3.1172557019025287,False,False,,"guitars, tranquillity",,,
565,3.114683800478598,3.1146838004785975,False,False,,"guitars, tranquillity",,,
566,3.1563505985502363,3.1563505985502363,False,False,,"guitars, tranquillity",,,
567,3.1614035788340287,3.1614035788340287,False,False,,"guitars, tranquillity",,,
568,3.16812456560819,3.1681245656081893,False,False,,"guitars, tranquillity",,,
569,3.173990230916242,3.173990230916242,False,False,,"guitars, tranquillity",,,
570,3.142824195868809,3.142824195868809,False,False,,"guitars, tranquillity",,,
571,3.1639261283423323,3.163926128342332,False,False,,"guitars, tranquillity",,,
572,3.153820152595453,3.153820152595453,False,False,,"guitars, tranquillity",,,
573,3.169801912818879,3.169801912818879,False,False,,"guitars, tranquillity",,,
574,3.192333907606781,3.192333907606781,False,False,,"guitars, tranquillity",,,
575,3.217951144346147,3.217951144346147,False,False,,"guitars, tranquillity",,,
576,3.2055890046541418,3.2055890046541418,False,False,,"guitars, tranquillity",,,
577,3.209716609812597,3.209716609812597,False,False,,"guitars, tranquillity",,,
578,3.2080663978466246,3.208066397846625,False,False,,"guitars, tranquillity",,,
579,3.213837312425399,3.213837312425399,False,False,,"guitars, tranquillity",,,
580,3.203109114995254,3.2031091149952546,False,False,,"guitars, tranquillity",,,
581,3.2047626524967945,3.204762652496794,False,False,,"guitars, tranquillity",,,
582,3.227796497209807,3.227796497209807,False,False,,"guitars, tranquillity",,,
583,3.227796497209807,3.227796497209807,False,False,,"guitars, tranquillity",,,
584,3.227796497209807,3.227796497209807,False,False,,"guitars, tranquillity",,,
585,3.227796497209807,3.227796497209807,False,False,,"guitars, tranquillity",,,
586,3.231069602156453,3.2310696021564533,False,False,,"guitars, tranquillity",,,
587,3.220416158727516,3.220416158727516,False,False,,"guitars, tranquillity",,,
588,3.210541301516017,3.2105413015160176,False,False,,"guitars, tranquillity",,,
589,3.180676605532335,3.180676605532335,False,False,,"guitars, tranquillity",,,
590,3.173990230916242,3.173990230916242,False,False,,"guitars, tranquillity",,,
591,3.1890089129420844,3.189008912942084,False,False,,"guitars, tranquillity",,,
592,3.16812456560819,3.1681245656081893,False,False,,"guitars, tranquillity",,,
593,3.1764997699356656,3.1764997699356656,False,False,,"guitars, tranquillity",,,
594,3.1630855696586626,3.163085569658662,False,False,,"guitars, tranquillity",,,
595,3.1411280578492646,3.1411280578492646,False,False,,"guitars, tranquillity",,,
596,3.121536072629709,3.1215360726297092,False,False,,"guitars, tranquillity",,,
597,3.1300739562779927,3.1300739562779927,False,False,,"guitars, tranquillity",,,
598,3.1343315439825843,3.1343315439825843,False,False,,"guitars, tranquillity",,,
599,3.0991939460342097,3.0991939460342097,False,False,,"guitars, tranquillity",,,
600,3.1043684190006324,3.1043684190006324,False,False,,"guitars, tranquillity",,,
601,3.1017825880375542,3.1017825880375547,False,False,,"guitars, tranquillity",,,
602,3.1163987086179614,3.1163987086179614,False,False,,"guitars, tranquillity",,,
603,3.082733384489351,3.082733384489351,False,False,,"guitars, tranquillity",,,
604,3.107811835457252,3.107811835457252,False,False,,"guitars, tranquillity",,,
605,3.128368807315096,3.128368807315096,False,False,,"guitars, tranquillity",,,
606,3.132618751273428,3.132618751273428,False,False,,"guitars, tranquillity",,,
607,3.105287976549348,3.105287976549348,False,False,,"guitars, tranquillity",,,
608,3.1078635458331205,3.10786354583312,False,False,,"guitars, tranquillity",,,
609,3.090640220270961,3.090640220270961,False,False,,"guitars, tranquillity",,,
610,3.056690149017739,3.056690149017739,False,False,,"guitars, tranquillity",,,
611,3.032895498456002,3.032895498456002,False,False,,"guitars, tranquillity",,,
612,3.013325931692823,3.0133259316928225,False,False,,"guitars, tranquillity",,,
613,3.017788080911493,3.017788080911493,False,False,,"guitars, tranquillity",,,
614,3.0311232439468867,3.0311232439468867,False,False,,"guitars, tranquillity",,,
615,3.019570536289092,3.019570536289092,False,False,,"guitars, tranquillity",,,
616,3.024020689495148,3.024020689495148,False,False,,"guitars, tranquillity",,,
617,3.0160042531075177,3.0160042531075177,False,False,,"guitars, tranquillity",,,
618,3.0399710653827974,3.0399710653827974,False,False,,"guitars, tranquillity",,,
619,3.040854003815701,3.040854003815701,False,False,,"guitars, tranquillity",,,
620,3.064568290503616,3.064568290503616,False,False,,"guitars, tranquillity",,,
621,3.0593191326397062,3.059319132639706,False,False,,"guitars, tranquillity",,,
622,3.02313134142887,3.02313134142887,False,False,,"guitars, tranquillity",,,
623,3.0177880809114934,3.0177880809114934,False,False,,"guitars, tranquillity",,,
624,3.001683869719279,3.0016838697192796,False,False,,"guitars, tranquillity",,,
625,3.004375716249212,3.004375716249212,False,False,,"guitars, tranquillity",,,
626,2.998988875081694,2.998988875081694,False,False,,"guitars, tranquillity",,,
627,3.029349638654514,3.029349638654514,False,False,,"guitars, tranquillity",,,
628,3.029349638654514,3.029349638654514,False,False,,"guitars, tranquillity",,,
629,3.071549002557056,3.071549002557056,False,False,,"guitars, tranquillity",,,
630,3.1537567386561376,3.153756738656137,False,False,,"guitars, tranquillity",,,
631,3.1512299270153963,3.1512299270153967,False,False,,"guitars, tranquillity",,,
632,3.183875145019777,3.183875145019777,False,False,,"guitars, tranquillity",,,
633,3.1813794523713224,3.181379452371323,False,False,,"guitars, tranquillity",,,
634,3.1755462294457324,3.175546229445732,False,False,,"guitars, tranquillity",,,
635,3.178881206921606,3.1788812069216057,False,False,,"guitars, tranquillity",,,
636,3.2078699934457364,3.207869993445736,False,False,,"guitars, tranquillity",,,
637,3.185537525456046,3.1855375254560463,False,False,,"guitars, tranquillity",,,
638,3.1688625517997244,3.168862551799724,False,False,,"guitars, tranquillity",,,
639,3.171371081194396,3.171371081194396,False,False,,"guitars, tranquillity",,,
640,3.18968854072536,3.18968854072536,False,False,,"guitars, tranquillity",,,
641,3.1813794523713224,3.181379452371323,False,False,,"guitars, tranquillity",,,
642,3.145323745665136,3.145323745665136,False,False,,"guitars, tranquillity",,,
643,3.168862551799725,3.168862551799725,False,False,,"guitars, tranquillity",,,
644,3.183875145019778,3.183875145019778,False,False,,"guitars, tranquillity",,,
645,3.1913469780581343,3.1913469780581343,False,False,,"guitars, tranquillity",,,
646,3.1855375254560467,3.1855375254560467,False,False,,"guitars, tranquillity",,,
647,3.161321397888728,3.161321397888728,False,False,,"guitars, tranquillity",,,
648,3.194660489259036,3.194660489259036,False,False,,"guitars, tranquillity",,,
649,3.2086932365976937,3.2086932365976937,False,False,,"guitars, tranquillity",,,
650,3.197142687872639,3.197142687872639,False,False,,"guitars, tranquillity",,,
651,3.187198776644716,3.187198776644716,False,False,,"guitars, tranquillity",,,
652,3.206222681016164,3.2062226810161634,False,False,,"guitars, tranquillity",,,
653,3.197142687872639,3.197142687872639,False,False,,"guitars, tranquillity",,,
654,3.1963155673164434,3.196315567316443,False,False,,"guitars, tranquillity",,,
655,3.202099568951732,3.2020995689517315,False,False,,"guitars, tranquillity",,,
656,3.203749643227801,3.2037496432278005,False,False,,"guitars, tranquillity",,,
657,3.25436318432911,3.25436318432911,False,False,,"guitars, tranquillity",,,
658,3.314250944699841,3.314250944699841,False,False,,"guitars, tranquillity",,,
659,3.313461698994516,3.3134616989945154,False,False,,"guitars, tranquillity",,,
660,3.300800310183725,3.300800310183725,False,False,,"guitars, tranquillity",,,
661,3.2912625917941742,3.2912625917941742,False,False,,"guitars, tranquillity",,,
662,3.290466155868703,3.2904661558687036,False,False,,"guitars, tranquillity",,,
663,3.276087143407528,3.2760871434075285,False,False,,"guitars, tranquillity",,,
664,3.2952410113580526,3.295241011358053,False,False,,"guitars, tranquillity",,,
665,3.2736826384001696,3.273682638400169,False,False,,"guitars, tranquillity",,,
666,3.2880753401266163,3.288075340126616,False,False,,"guitars, tranquillity",,,
667,3.307930108552916,3.307930108552916,False,False,,"guitars, tranquillity",,,
668,3.292058776757393,3.2920587767573934,False,False,,"guitars, tranquillity",,,
669,3.298419248006478,3.298419248006478,False,False,,"guitars, tranquillity",,,
670,3.309499534627644,3.309499534627644,False,False,,"guitars, tranquillity",,,
671,3.2777119222262785,3.2777119222262785,False,False,,"guitars, tranquillity",,,
672,3.284899088338839,3.284899088338839,False,False,,"guitars, tranquillity",,,
673,3.2705041690580807,3.2705041690580807,False,False,,"guitars, tranquillity",,,
674,3.2761119841705417,3.2761119841705417,False,False,,"guitars, tranquillity",,,
675,3.3142334668258853,3.3142334668258853,False,False,,"guitars, tranquillity",,,
676,3.333081729668521,3.333081729668521,False,False,,"guitars, tranquillity",,,
677,3.329166467067925,3.329166467067925,False,False,,"guitars, tranquillity",,,
678,3.347905389288273,3.347905389288273,False,False,,"guitars, tranquillity",,,
679,3.349460806083408,3.349460806083408,False,False,,"guitars, tranquillity",,,
680,3.349460806083408,3.349460806083408,False,False,,"guitars, tranquillity",,,
681,3.3181716927198512,3.318171692719851,False,False,,"guitars, tranquillity",,,
682,3.3322991564877,3.3322991564877,False,False,,"guitars, tranquillity",,,
683,3.303965441700044,3.303965441700044,False,False,,"guitars, tranquillity",,,
684,3.297625942526542,3.2976259425265417,False,False,,"guitars, tranquillity",,,
685,3.275311633344498,3.275311633344498,False,False,,"guitars, tranquillity",,,
686,3.2688996338989047,3.268899633898905,False,False,,"guitars, tranquillity",,,
687,3.284101525918178,3.284101525918178,False,False,,"guitars, tranquillity",,,
688,3.317384534699617,3.317384534699617,False,False,,"guitars, tranquillity",,,
689,3.301589987542036,3.301589987542036,False,False,,"guitars, tranquillity",,,
690,3.283303711116718,3.2833037111167185,False,False,,"guitars, tranquillity",,,
691,3.2697020296839243,3.2697020296839243,False,False,,"guitars, tranquillity",,,
692,3.3079195957339267,3.3079195957339262,False,False,,"guitars, tranquillity",,,
693,3.3079195957339267,3.3079195957339262,False,False,,"guitars, tranquillity",,,
694,3.313445089865217,3.313445089865217,False,False,,"guitars, tranquillity",,,
695,3.33464615844066,3.3346461584406604,False,False,,"guitars, tranquillity",,,
696,3.318171692719851,3.318171692719851,False,False,,"guitars, tranquillity",,,
697,3.318171692719851,3.318171692719851,False,False,,"guitars, tranquillity",,,
698,3.2872902635228654,3.2872902635228654,False,False,,"guitars, tranquillity",,,
699,3.2936556807692594,3.29365568076926,False,False,,"guitars, tranquillity",,,
700,3.286493456920809,3.286493456920809,False,False,,"guitars, tranquillity",,,
701,3.3039654417000435,3.303965441700044,False,False,,"guitars, tranquillity",,,
702,3.2848990883388387,3.2848990883388387,False,False,,"guitars, tranquillity",,,
703,3.291270528430291,3.291270528430291,False,False,,"guitars, tranquillity",,,
704,3.2944502317561204,3.294450231756121,False,False,,"guitars, tranquillity",,,
705,3.309499534627644,3.309499534627644,False,False,,"guitars, tranquillity",,,
706,3.308709688020285,3.308709688020285,False,False,,"guitars, tranquillity",,,
707,3.294450231756121,3.294450231756121,False,False,,"guitars, tranquillity",,,
708,3.2960385853436374,3.296038585343637,False,False,,"guitars, tranquillity",,,
709,3.275311633344498,3.275311633344498,False,False,,"guitars, tranquillity",,,
710,3.243086210127987,3.243086210127987,False,False,,"guitars, tranquillity",,,
711,3.25763904205678,3.25763904205678,False,False,,"guitars, tranquillity",,,
712,3.267294072188036,3.267294072188036,False,False,,"guitars, tranquillity",,,
713,3.252797519940564,3.252797519940564,False,False,,"guitars, tranquillity",,,
714,3.301589987542036,3.301589987542036,False,False,,"guitars, tranquillity",,,
715,3.301589987542036,3.301589987542036,False,False,,"guitars, tranquillity",,,
716,3.2936556807692594,3.29365568076926,False,False,,"guitars, tranquillity",,,
717,3.296832388377545,3.296832388377545,False,False,,"guitars, tranquillity",,,
718,3.283303711116718,3.2833037111167185,False,False,,"guitars, tranquillity",,,
719,3.278511509903735,3.278511509903735,False,False,,"guitars, tranquillity",,,
720,3.282505643713292,3.2825056437132916,False,False,,"guitars, tranquillity",,,
721,3.2737101669742112,3.2737101669742112,False,False,,"guitars, tranquillity",,,
722,3.2833037111167176,3.2833037111167176,False,False,,"guitars, tranquillity",,,
723,3.2713060522480277,3.2713060522480273,False,False,,"guitars, tranquillity",,,
724,3.292860880030986,3.2928608800309864,False,False,,"guitars, tranquillity",,,
725,3.305547842683179,3.3055478426831786,False,False,,"guitars, tranquillity",,,
726,3.3252451974543096,3.3252451974543096,False,False,,"guitars, tranquillity",,,
727,3.321317895250309,3.321317895250309,False,False,,"guitars, tranquillity",,,
728,3.313445089865217,3.313445089865217,False,False,,"guitars, tranquillity",,,
729,3.313445089865217,3.313445089865217,False,False,,"guitars, tranquillity",,,
730,3.311867602487429,3.311867602487429,False,False,,"guitars, tranquillity",,,
731,3.3408943352556637,3.3408943352556637,False,False,,"guitars, tranquillity",,,
732,3.3486832153205857,3.3486832153205857,False,False,,"guitars, tranquillity",,,
733,3.335428014436405,3.335428014436405,False,False,,"guitars, tranquillity",,,
734,3.354897370378791,3.3548973703787905,False,False,,"guitars, tranquillity",,,
735,3.3703675377552065,3.3703675377552065,False,False,,"guitars, tranquillity",,,
736,3.3649663646307943,3.3649663646307943,False,False,,"guitars, tranquillity",,,
737,3.3688254963606137,3.3688254963606137,False,False,,"guitars, tranquillity",,,
738,3.377295379836685,3.377295379836685,False,False,,"guitars, tranquillity",,,
739,3.407864292408296,3.407864292408296,False,False,,"guitars, tranquillity",,,
740,3.3949163078230384,3.3949163078230384,False,False,,"guitars, tranquillity",,,
741,3.392624684023905,3.3926246840239047,False,False,,"guitars, tranquillity",,,
742,3.4017791196839124,3.4017791196839124,False,False,,"guitars, tranquillity",,,
743,3.396442938288317,3.3964429382883172,False,False,,"guitars, tranquillity",,,
744,3.416208366631835,3.4162083666318344,False,False,,"guitars, tranquillity",,,
745,3.397205918444469,3.397205918444469,False,False,,"guitars, tranquillity",,,
746,3.401017475683917,3.401017475683917,False,False,,"guitars, tranquillity",,,
747,3.3865038076459983,3.3865038076459983,False,False,,"guitars, tranquillity",,,
748,3.4124189001731464,3.4124189001731464,False,False,,"guitars, tranquillity",,,
749,3.4267898548822324,3.426789854882233,False,False,,"guitars, tranquillity",,,
750,3.4313117742405197,3.43131177424052,False,False,,"guitars, tranquillity",,,
751,3.4313117742405197,3.43131177424052,False,False,,"guitars, tranquillity",,,
752,3.448574331780513,3.448574331780513,False,False,,"guitars, tranquillity",,,
753,3.4395818602303017,3.4395818602303017,False,False,,"guitars, tranquillity",,,
754,3.4365775554934888,3.4365775554934888,False,False,,"guitars, tranquillity",,,
755,3.4365775554934888,3.4365775554934888,False,False,,"guitars, tranquillity",,,
756,3.4365775554934888,3.4365775554934888,False,False,,"guitars, tranquillity",,,
757,3.4916138680307225,3.4916138680307225,False,False,,"guitars, tranquillity",,,
758,3.4989648961096,3.4989648961096003,False,False,,"guitars, tranquillity",,,
759,3.49455669644758,3.4945566964475803,False,False,,"guitars, tranquillity",,,
760,3.4989648961096,3.4989648961096003,False,False,,"guitars, tranquillity",,,
761,3.49455669644758,3.4945566964475803,False,False,,"guitars, tranquillity",,,
762,3.482765937199683,3.4827659371996833,False,False,,"guitars, tranquillity",,,
763,3.468696525640595,3.4686965256405946,False,False,,"guitars, tranquillity",,,
764,3.468696525640595,3.4686965256405946,False,False,,"guitars, tranquillity",,,
765,3.4901412415559605,3.4901412415559605,False,False,,"guitars, tranquillity",,,
766,3.4938212920264413,3.493821292026441,False,False,,"guitars, tranquillity",,,
767,3.4746295337091717,3.474629533709172,False,False,,"guitars, tranquillity",,,
768,3.4790706445659976,3.479070644565998,False,False,,"guitars, tranquillity",,,
769,3.4672112067780367,3.4672112067780367,False,False,,"guitars, tranquillity",,,
770,3.45455238375349,3.45455238375349,False,False,,"guitars, tranquillity",,,
771,3.4746295337091717,3.474629533709172,False,False,,"guitars, tranquillity",,,
772,3.482765937199683,3.4827659371996833,False,False,,"guitars, tranquillity",,,
773,3.502632877381276,3.5026328773812754,False,False,,"guitars, tranquillity",,,
774,3.49529189933512,3.49529189933512,False,False,,"guitars, tranquillity",,,
775,3.5055636639477434,3.5055636639477434,False,False,,"guitars, tranquillity",,,
776,3.5062958620597016,3.5062958620597016,False,False,,"guitars, tranquillity",,,
777,3.5201699648438165,3.520169964843816,False,False,,"guitars, tranquillity",,,
778,3.5223541089279093,3.5223541089279093,False,False,,"guitars, tranquillity",,,
779,3.5018996814578225,3.501899681457822,False,False,,"guitars, tranquillity",,,
780,3.5077596610984907,3.5077596610984907,False,False,,"guitars, tranquillity",,,
781,3.520898208973728,3.520898208973728,False,False,,"guitars, tranquillity",,,
782,3.5274435968672493,3.5274435968672493,False,False,,"guitars, tranquillity",,,
783,3.525263559699823,3.525263559699823,False,False,,"guitars, tranquillity",,,
784,3.525263559699823,3.525263559699823,False,False,,"guitars, tranquillity",,,
785,3.5114156820927063,3.5114156820927063,False,False,,"guitars, tranquillity",,,
786,3.525990433838573,3.5259904338385732,False,False,,"guitars, tranquillity",,,
787,3.5084912623247084,3.508491262324709,False,False,,"guitars, tranquillity",,,
788,3.5136069166932926,3.513606916693293,False,False,,"guitars, tranquillity",,,
789,3.509222664888095,3.509222664888095,False,False,,"guitars, tranquillity",,,
790,3.49749630032302,3.4974963003230206,False,False,,"guitars, tranquillity",,,
791,3.474629533709172,3.474629533709172,False,False,,"guitars, tranquillity",,,
792,3.477591095103719,3.477591095103719,False,False,,"guitars, tranquillity",,,
793,3.4716646806034794,3.471664680603479,False,False,,"guitars, tranquillity",,,
794,3.4879307830507265,3.4879307830507265,False,False,,"guitars, tranquillity",,,
795,3.450817682168141,3.4508176821681413,False,False,,"guitars, tranquillity",,,
796,3.4463290788738665,3.446329078873866,False,False,,"guitars, tranquillity",,,
797,3.4538058642420792,3.4538058642420792,False,False,,"guitars, tranquillity",,,
798,3.4620060516557194,3.462006051655719,False,False,,"guitars, tranquillity",,,
799,3.4612616255604483,3.4612616255604487,False,False,,"guitars, tranquillity",,,
800,3.468696525640595,3.4686965256405946,False,False,,"guitars, tranquillity",,,
801,3.472406203031809,3.4724062030318086,False,False,,"guitars, tranquillity",,,
802,3.4470777081761312,3.4470777081761312,False,False,,"guitars, tranquillity",,,
803,3.460516990854489,3.4605169908544893,False,False,,"guitars, tranquillity",,,
804,3.4290517854909703,3.4290517854909703,False,False,,"guitars, tranquillity",,,
805,3.4418328475970004,3.441832847597001,False,False,,"guitars, tranquillity",,,
806,3.4290517854909703,3.4290517854909703,False,False,,"guitars, tranquillity",,,
807,3.442582750721243,3.442582750721243,False,False,,"guitars, tranquillity",,,
808,3.4620060516557194,3.462006051655719,False,False,,"guitars, tranquillity",,,
809,3.476110725238207,3.4761107252382066,False,False,,"guitars, tranquillity",,,
810,3.488667805263776,3.4886678052637765,False,False,,"guitars, tranquillity",,,
811,3.488667805263776,3.4886678052637765,False,False,,"guitars, tranquillity",,,
812,3.5048312665741697,3.50483126657417,False,False,,"guitars, tranquillity",,,
813,3.5048312665741697,3.50483126657417,False,False,,"guitars, tranquillity",,,
814,3.519441524416972,3.5194415244169726,False,False,,"guitars, tranquillity",,,
815,3.533973202496488,3.533973202496488,False,False,,"guitars, tranquillity",,,
816,3.546985485329458,3.5469854853294582,False,False,,"guitars, tranquillity",,,
817,3.5426549742498628,3.5426549742498628,False,False,,"guitars, tranquillity",,,
818,3.554906918911426,3.5549069189114255,False,False,,"guitars, tranquillity",,,
819,3.5678198965459678,3.567819896545968,False,False,,"guitars, tranquillity",,,
820,3.5678198965459678,3.567819896545968,False,False,,"guitars, tranquillity",,,
821,3.5577817464242005,3.557781746424201,False,False,,"guitars, tranquillity",,,
822,3.569250917160018,3.569250917160018,False,False,,"guitars, tranquillity",,,
823,3.579959836808906,3.579959836808906,False,False,,"guitars, tranquillity",,,
824,3.579959836808906,3.579959836808906,False,False,,"guitars, tranquillity",,,
825,3.579959836808906,3.579959836808906,False,False,,"guitars, tranquillity",,,
826,3.579959836808906,3.579959836808906,False,False,,"guitars, tranquillity",,,
827,3.5742536141119774,3.574253614111978,False,False,,"guitars, tranquillity",,,
828,3.5771082075741734,3.577108207574174,False,False,,"guitars, tranquillity",,,
829,3.5877866021880136,3.5877866021880136,False,False,,"guitars, tranquillity",,,
830,3.5927557131197143,3.592755713119714,False,False,,"guitars, tranquillity",,,
831,3.5863652086117592,3.5863652086117597,False,False,,"guitars, tranquillity",,,
832,3.582808510319767,3.582808510319767,False,False,,"guitars, tranquillity",,,
833,3.5884970239849645,3.588497023984965,False,False,,"guitars, tranquillity",,,
834,3.609725094145524,3.609725094145524,False,False,,"guitars, tranquillity",,,
835,3.6125432360749534,3.612543236074953,False,False,,"guitars, tranquillity",,,
836,3.615358517267879,3.615358517267879,False,False,,"guitars, tranquillity",,,
837,3.6104298982620735,3.610429898262073,False,False,,"guitars, tranquillity",,,
838,3.613247324253205,3.613247324253205,False,False,,"guitars, tranquillity",,,
839,3.613247324253205,3.613247324253205,False,False,,"guitars, tranquillity",,,
840,3.594173815805085,3.5941738158050844,False,False,,"guitars, tranquillity",,,
841,3.5778213924463245,3.5778213924463245,False,False,,"guitars, tranquillity",,,
842,3.5671041057934305,3.567104105793431,False,False,,"guitars, tranquillity",,,
843,3.5671041057934305,3.567104105793431,False,False,,"guitars, tranquillity",,,
844,3.5671041057934305,3.567104105793431,False,False,,"guitars, tranquillity",,,
845,3.559218026121894,3.5592180261218944,False,False,,"guitars, tranquillity",,,
846,3.569966147291696,3.5699661472916957,False,False,,"guitars, tranquillity",,,
847,3.542654974249864,3.542654974249864,False,False,,"guitars, tranquillity",,,
848,3.5563447110545163,3.5563447110545163,False,False,,"guitars, tranquillity",,,
849,3.534697744585927,3.5346977445859276,False,False,,"guitars, tranquillity",,,
850,3.540487130737584,3.540487130737584,False,False,,"guitars, tranquillity",,,
851,3.5977158878159154,3.5977158878159154,False,False,,"guitars, tranquillity",,,
852,3.6069040834195936,3.6069040834195936,False,False,,"guitars, tranquillity",,,
853,3.591336880948002,3.591336880948002,False,False,,"guitars, tranquillity",,,
854,3.5948825939145843,3.5948825939145848,False,False,,"guitars, tranquillity",,,
855,3.601253423151637,3.6012534231516375,False,False,,"guitars, tranquillity",,,
856,3.5892072626288862,3.5892072626288862,False,False,,"guitars, tranquillity",,,
857,3.581384542499908,3.581384542499908,False,False,,"guitars, tranquillity",,,
858,3.578534392187558,3.578534392187558,False,False,,"guitars, tranquillity",,,
859,3.5778213924463245,3.5778213924463245,False,False,,"guitars, tranquillity",,,
860,3.596299604314286,3.596299604314286,False,False,,"guitars, tranquillity",,,
861,3.5948825939145843,3.5948825939145848,False,False,,"guitars, tranquillity",,,
862,3.584943080852048,3.584943080852048,False,False,,"guitars, tranquillity",,,
863,3.593464855583315,3.593464855583315,False,False,,"guitars, tranquillity",,,
864,3.563522342157876,3.563522342157876,False,False,,"guitars, tranquillity",,,
865,3.583520217858337,3.5835202178583376,False,False,,"guitars, tranquillity",,,
866,3.582096618577626,3.582096618577626,False,False,,"guitars, tranquillity",,,
867,3.582096618577626,3.582096618577626,False,False,,"guitars, tranquillity",,,
868,3.579247206930824,3.579247206930824,False,False,,"guitars, tranquillity",,,
869,3.5692783917237816,3.5692783917237816,False,False,,"guitars, tranquillity",,,
870,3.566423489224724,3.5664234892247246,False,False,,"guitars, tranquillity",,,
871,3.601193288921257,3.6011932889212566,False,False,,"guitars, tranquillity",,,
872,3.599077089002006,3.599077089002006,False,False,,"guitars, tranquillity",,,
873,3.616662850672181,3.616662850672181,False,False,,"guitars, tranquillity",,,
874,3.6180649044478743,3.6180649044478748,False,False,,"guitars, tranquillity",,,
875,3.621566946348972,3.6215669463489726,False,False,,"guitars, tranquillity",,,
876,3.615260088548239,3.6152600885482387,False,False,,"guitars, tranquillity",,,
877,3.621566946348972,3.6215669463489726,False,False,,"guitars, tranquillity",,,
878,3.629953901156939,3.629953901156939,False,False,,"guitars, tranquillity",,,
879,3.6376198305556415,3.637619830555642,False,False,,"guitars, tranquillity",,,
880,3.6376198305556415,3.637619830555642,False,False,,"guitars, tranquillity",,,
881,3.6376198305556415,3.637619830555642,False,False,,"guitars, tranquillity",,,
882,3.626462407020825,3.626462407020825,False,False,,"guitars, tranquillity",,,
883,3.625763582576465,3.625763582576465,False,False,,"guitars, tranquillity",,,
884,3.625064582642315,3.625064582642315,False,False,,"guitars, tranquillity",,,
885,3.614558441545963,3.6145584415459626,False,False,,"guitars, tranquillity",,,
886,3.620166659121502,3.6201666591215016,False,False,,"guitars, tranquillity",,,
887,3.61245243528786,3.6124524352878598,False,False,,"guitars, tranquillity",,,
888,3.61245243528786,3.6124524352878598,False,False,,"guitars, tranquillity",,,
889,3.5813786810262545,3.581378681026255,False,False,,"guitars, tranquillity",,,
890,3.587054549384699,3.587054549384699,False,False,,"guitars, tranquillity",,,
891,3.574979291167081,3.5749792911670815,False,False,,"guitars, tranquillity",,,
892,3.587054549384699,3.587054549384699,False,False,,"guitars, tranquillity",,,
893,3.5671374938838136,3.5671374938838136,False,False,,"guitars, tranquillity",,,
894,3.5692783917237816,3.5692783917237816,False,False,,"guitars, tranquillity",,,
895,3.5506680266526085,3.5506680266526085,False,False,,"guitars, tranquillity",,,
896,3.5499497040008983,3.5499497040008983,False,False,,"guitars, tranquillity",,,
897,3.5614202341593098,3.5614202341593098,False,False,,"guitars, tranquillity",,,
898,3.555690994111634,3.555690994111634,False,False,,"guitars, tranquillity",,,
899,3.517427048754469,3.5174270487544694,False,False,,"guitars, tranquillity",,,
900,3.5261379784172737,3.5261379784172737,False,False,,"guitars, tranquillity",,,
901,3.492592141566764,3.4925921415667642,False,False,,"guitars, tranquillity",,,
902,3.510146416420316,3.510146416420316,False,False,,"guitars, tranquillity",,,
903,3.5225118342805093,3.5225118342805093,False,False,,"guitars, tranquillity",,,
904,3.5145171532672026,3.5145171532672026,False,False,,"guitars, tranquillity",,,
905,3.5094172708039784,3.5094172708039784,False,False,,"guitars, tranquillity",,,
906,3.493325864828964,3.4933258648289636,False,False,,"guitars, tranquillity",,,
907,3.5188808212891933,3.5188808212891938,False,False,,"guitars, tranquillity",,,
908,3.5166998689039186,3.516699868903919,False,False,,"guitars, tranquillity",,,
909,3.5239628751858083,3.5239628751858083,False,False,,"guitars, tranquillity",,,
910,3.499920361589959,3.4999203615899583,False,False,,"guitars, tranquillity",,,
911,3.48156210671658,3.4815621067165803,False,False,,"guitars, tranquillity",,,
912,3.497723995345781,3.4977239953457815,False,False,,"guitars, tranquillity",,,
913,3.490389766154759,3.490389766154759,False,False,,"guitars, tranquillity",,,
914,3.494059387407146,3.4940593874071464,False,False,,"guitars, tranquillity",,,
915,3.504307716372243,3.5043077163722436,False,False,,"guitars, tranquillity",,,
916,3.513789188872143,3.5137891888721433,False,False,,"guitars, tranquillity",,,
917,3.5159724931366605,3.515972493136661,False,False,,"guitars, tranquillity",,,
918,3.5072286490446287,3.5072286490446287,False,False,,"guitars, tranquillity",,,
919,3.5290354002690663,3.5290354002690663,False,False,,"guitars, tranquillity",,,
920,3.529759271726247,3.529759271726247,False,False,,"guitars, tranquillity",,,
921,3.5355432959806907,3.5355432959806907,False,False,,"guitars, tranquillity",,,
922,3.544196293419481,3.5441962934194806,False,False,,"guitars, tranquillity",,,
923,3.5319297267725416,3.5319297267725416,False,False,,"guitars, tranquillity",,,
924,3.510146416420316,3.510146416420316,False,False,,"guitars, tranquillity",,,
925,3.5130610279746657,3.5130610279746657,False,False,,"guitars, tranquillity",,,
926,3.496258752555088,3.4962587525550886,False,False,,"guitars, tranquillity",,,
927,3.486715112560596,3.486715112560596,False,False,,"guitars, tranquillity",,,
928,3.455646694387375,3.4556466943873754,False,False,,"guitars, tranquillity",,,
929,3.455646694387375,3.4556466943873754,False,False,,"guitars, tranquillity",,,
930,3.461592507347582,3.4615925073475826,False,False,,"guitars, tranquillity",,,
931,3.457134396509166,3.4571343965091663,False,False,,"guitars, tranquillity",,,
932,3.473444394695345,3.473444394695345,False,False,,"guitars, tranquillity",,,
933,3.461598324346666,3.461598324346666,False,False,,"guitars, tranquillity",,,
934,3.459371300861417,3.459371300861417,False,False,,"guitars, tranquillity",,,
935,3.484502490141053,3.4845024901410535,False,False,,"guitars, tranquillity",,,
936,3.485973451963797,3.485973451963797,False,False,,"guitars, tranquillity",,,
937,3.486708629774051,3.4867086297740513,False,False,,"guitars, tranquillity",,,
938,3.5064826250051,3.5064826250051,False,False,,"guitars, tranquillity",,,
939,3.5064826250051,3.5064826250051,False,False,,"guitars, tranquillity",,,
940,3.540561746199513,3.540561746199513,False,False,,"guitars, tranquillity",,,
941,3.530455310471105,3.5304553104711047,False,False,,"guitars, tranquillity",,,
942,3.539120270805049,3.5391202708050495,False,False,,"guitars, tranquillity",,,
943,3.5290084551887584,3.529008455188758,False,False,,"guitars, tranquillity",,,
944,3.5290084551887584,3.529008455188758,False,False,,"guitars, tranquillity",,,
945,3.527560826806481,3.527560826806481,False,False,,"guitars, tranquillity",,,
946,3.5427225270593548,3.5427225270593548,False,False,,"guitars, tranquillity",,,
947,3.555651321710572,3.555651321710572,False,False,,"guitars, tranquillity",,,
948,3.5520661375088665,3.552066137508867,False,False,,"guitars, tranquillity",,,
949,3.557084077700801,3.5570840777008006,False,False,,"guitars, tranquillity",,,
950,3.5520661375088665,3.552066137508867,False,False,,"guitars, tranquillity",,,
951,3.552783551380004,3.552783551380004,False,False,,"guitars, tranquillity",,,
952,3.538399246240761,3.538399246240761,False,False,,"guitars, tranquillity",,,
953,3.5282847377065707,3.5282847377065707,False,False,,"guitars, tranquillity",,,
954,3.5304553104711056,3.5304553104711056,False,False,,"guitars, tranquillity",,,
955,3.518132318711342,3.518132318711342,False,False,,"guitars, tranquillity",,,
956,3.509399771741293,3.509399771741293,False,False,,"guitars, tranquillity",,,
957,3.509399771741293,3.509399771741293,False,False,,"guitars, tranquillity",,,
958,3.518858757133054,3.5188587571330534,False,False,,"guitars, tranquillity",,,
959,3.5253879321665647,3.5253879321665647,False,False,,"guitars, tranquillity",,,
960,3.5513485348477776,3.551348534847777,False,False,,"guitars, tranquillity",,,
961,3.547038946577011,3.5470389465770116,False,False,,"guitars, tranquillity",,,
962,3.5520661375088665,3.552066137508867,False,False,,"guitars, tranquillity",,,
963,3.566378726609409,3.5663787266094094,False,False,,"guitars, tranquillity",,,
964,3.538399246240761,3.538399246240761,False,False,,"guitars, tranquillity",,,
965,3.5282847377065707,3.5282847377065707,False,False,,"guitars, tranquillity",,,
966,3.523213291602195,3.523213291602195,False,False,,"guitars, tranquillity",,,
967,3.522488022759233,3.522488022759233,False,False,,"guitars, tranquillity",,,
968,3.499175892099239,3.499175892099239,False,False,,"guitars, tranquillity",,,
969,3.5137695788869587,3.5137695788869587,False,False,,"guitars, tranquillity",,,
970,3.511585560709888,3.511585560709888,False,False,,"guitars, tranquillity",,,
971,3.5123137633274317,3.512313763327432,False,False,,"guitars, tranquillity",,,
972,3.47639770081447,3.47639770081447,False,False,,"guitars, tranquillity",,,
973,3.4896473239208885,3.489647323920889,False,False,,"guitars, tranquillity",,,
974,3.4896473239208885,3.489647323920889,False,False,,"guitars, tranquillity",,,
975,3.48817837995993,3.4881783799599297,False,False,,"guitars, tranquillity",,,
976,3.523213291602195,3.523213291602195,False,False,,"guitars, tranquillity",,,
977,3.5050228654971267,3.5050228654971267,False,False,,"guitars, tranquillity",,,
978,3.50575284421972,3.5057528442197206,False,False,,"guitars, tranquillity",,,
979,3.523213291602195,3.523213291602195,False,False,,"guitars, tranquillity",,,
980,3.530455310471105,3.5304553104711047,False,False,,"guitars, tranquillity",,,
981,3.520311048244812,3.520311048244812,False,False,,"guitars, tranquillity",,,
982,3.522488022759233,3.522488022759233,False,False,,"guitars, tranquillity",,,
983,3.513769578886958,3.513769578886958,False,False,,"guitars, tranquillity",,,
984,3.501369997616541,3.501369997616541,False,False,,"guitars, tranquillity",,,
985,3.515224609190477,3.515224609190477,False,False,,"guitars, tranquillity",,,
986,3.531901393795147,3.531901393795147,False,False,,"guitars, tranquillity",,,
987,3.5290084551887584,3.529008455188758,False,False,,"guitars, tranquillity",,,
988,3.5340690738499103,3.5340690738499103,False,False,,"guitars, tranquillity",,,
989,3.537678030244404,3.537678030244404,False,False,,"guitars, tranquillity",,,
990,3.542002457550295,3.542002457550295,False,False,,"guitars, tranquillity",,,
991,3.539120270805048,3.5391202708050487,False,False,,"guitars, tranquillity",,,
992,3.524663246161766,3.524663246161766,False,False,,"guitars, tranquillity",,,
993,3.523213291602195,3.523213291602195,False,False,,"guitars, tranquillity",,,
994,3.492582798056347,3.4925827980563473,False,False,,"guitars, tranquillity",,,
995,3.491115462879763,3.4911154628797636,False,False,,"guitars, tranquillity",,,
996,3.49038149394928,3.49038149394928,False,False,,"guitars, tranquillity",,,
997,3.511585560709887,3.511585560709887,False,False,,"guitars, tranquillity",,,
998,3.457885580439959,3.457885580439959,False,False,,"guitars, tranquillity",,,
999,,3.460002159978689,True,True,ridge_adjusted_bridge,"guitars, tranquillity",0.01166766200456835,3.419866623495696,3.5006087269041304
1000,,3.461199938846803,True,True,ridge_adjusted_bridge,"guitars, tranquillity",0.016337994732167384,3.4051103161209593,3.518213480472611
1001,,3.4551041176993773,True,True,ridge_adjusted_bridge,"guitars, tranquillity",0.019808765878934608,3.3873361846293357,3.524227833751169
1002,,3.4559737789643448,True,True,ridge_adjusted_bridge,"guitars, tranquillity",0.022638589575925266,3.3786143649099287,3.5351044750582252
1003,,3.4498352252983495,True,True,ridge_adjusted_bridge,"guitars, tranquillity",0.025045671659801295,3.3645048240691873,3.5373297718489396
1004,,3.4515888836622053,True,True,ridge_adjusted_bridge,"guitars, tranquillity",0.02714271538289028,3.3591634025310495,3.5465573996323
1005,,3.4480025544680757,True,True,ridge_adjusted_bridge,"guitars, tranquillity",0.028997064099409046,3.34945628458945,3.5494482105401177
1006,,3.4480231872769442,True,True,ridge_adjusted_bridge,"guitars, tranquillity",0.03065279519026803,3.343935084275098,3.5553512853485123
1007,,3.449267766842263,True,True,ridge_adjusted_bridge,"guitars, tranquillity",0.032140618819967263,3.3401688119183066,3.561930188954773
1008,,3.4493017707928417,True,True,ridge_adjusted_bridge,"guitars, tranquillity",0.0334829255270053,3.3357211729592366,3.5667497638718335
1009,,3.4497282487716134,True,True,ridge_adjusted_bridge,"guitars, tranquillity",0.0346966082510404,3.332087056012152,3.5715228294831993
1010,,3.448736443871377,True,True,ridge_adjusted_bridge,"guitars, tranquillity",0.0357947530368346,3.327473019011899,3.5744190835898877
1011,,3.4477449241173566,True,True,ridge_adjusted_bridge,"guitars, tranquillity",0.03678770806087856,3.3232149210026214,3.5769414089506677
1012,,3.4484922556263333,True,True,ridge_adjusted_bridge,"guitars, tranquillity",0.03768378938402442,3.3209580772413916,3.580924106995401
1013,,3.450733636040381,True,True,ridge_adjusted_bridge,"guitars, tranquillity",0.03848976355953915,3.3204392985153826,3.586140735120354
1014,,3.441372376811961,True,True,ridge_adjusted_bridge,"guitars, tranquillity",0.03921118735720173,3.3090434219034552,3.5789931789628655
1015,,3.4462092507803574,True,True,ridge_adjusted_bridge,"guitars, tranquillity",0.03985265270488978,3.3115693681004186,3.5863232443705764
1016,,3.4482116642227902,True,True,ridge_adjusted_bridge,"guitars, tranquillity",0.04041796679490663,3.3116209140635475,3.5904362213645387
1017,,3.4458152781954245,True,True,ridge_adjusted_bridge,"guitars, tranquillity",0.0409102866112476,3.307690611254264,3.589707843607105
1018,,3.4503726637328627,True,True,ridge_adjusted_bridge,"guitars, tranquillity",0.04133222060278527,3.3106681369419757,3.595972482349615
1019,,3.4547129546196604,True,True,ridge_adjusted_bridge,"guitars, tranquillity",0.04168590610581499,3.313660489826897,3.601769594518834
1020,,3.4500432742608003,True,True,ridge_adjusted_bridge,"guitars, tranquillity",0.04197306844073915,3.3082313319844614,3.5979341828953117
1021,,3.456499921857157,True,True,ridge_adjusted_bridge,"guitars, tranquillity",0.042195065817720395,3.3136868715326098,3.6054679192644286
1022,,3.4569193951935873,True,True,ridge_adjusted_bridge,"guitars, tranquillity",0.04235292295645216,3.3135659020672468,3.6064747338841596
1023,,3.4559906851115265,True,True,ridge_adjusted_bridge,"guitars, tranquillity",0.04244735545485987,3.312362894788087,3.60584633838611
1024,,3.456923369126723,True,True,ridge_adjusted_bridge,"guitars, tranquillity",0.0424787863036352,3.313152680477086,3.6069328318107083
1025,,3.457497071966975,True,True,ridge_adjusted_bridge,"guitars, tranquillity",0.04244735545485987,3.3138066775930235,3.6074180438742967
1026,,3.456392190737754,True,True,ridge_adjusted_bridge,"guitars, tranquillity",0.04235292295645216,3.3130605600246477,3.6059247211901417
1027,,3.4552337714116264,True,True,ridge_adjusted_bridge,"guitars, tranquillity",0.042195065817720395,3.312473034933856,3.604147200353528
1028,,3.458234268328832,True,True,ridge_adjusted_bridge,"guitars, tranquillity",0.04197306844073915,3.3160856401950642,3.606476295328837
1029,,3.458702715240978,True,True,ridge_adjusted_bridge,"guitars, tranquillity",0.04168590610581499,3.317487352523854,3.6059291871344974
1030,,3.450381444474112,True,True,ridge_adjusted_bridge,"guitars, tranquillity",0.04133222060278527,3.310676562153715,3.5959816336231105
1031,,3.4514203037724087,True,True,ridge_adjusted_bridge,"guitars, tranquillity",0.0409102866112476,3.3130709607448905,3.5955469274386256
1032,,3.4544532097124625,True,True,ridge_adjusted_bridge,"guitars, tranquillity",0.04041796679490663,3.3176152191098813,3.596935204949546
1033,,3.447853877054744,True,True,ridge_adjusted_bridge,"guitars, tranquillity",0.03985265270488978,3.3131497405026455,3.588034736914101
1034,,3.4494568499244194,True,True,ridge_adjusted_bridge,"guitars, tranquillity",0.03921118735720173,3.316817027791789,3.5874009509087195
1035,,3.4517115110974443,True,True,ridge_adjusted_bridge,"guitars, tranquillity",0.03848976355953915,3.3213802505305132,3.5871569820828455
1036,,3.4537031784538907,True,True,ridge_adjusted_bridge,"guitars, tranquillity",0.03768378938402442,3.3259762866416955,3.5863351439906124
1037,,3.4526675715972805,True,True,ridge_adjusted_bridge,"guitars, tranquillity",0.03678770806087856,3.3279597660872113,3.5820485215706985
1038,,3.4578161192760906,True,True,ridge_adjusted_bridge,"guitars, tranquillity",0.0357947530368346,3.3362334376238407,3.5838296504939158
1039,,3.4575775691836483,True,True,ridge_adjusted_bridge,"guitars, tranquillity",0.0346966082510404,3.339668702175946,3.5796492745321657
1040,,3.459701336416215,True,True,ridge_adjusted_bridge,"guitars, tranquillity",0.0334829255270053,3.3457782956885977,3.5775034324970667
1041,,3.459869344957851,True,True,ridge_adjusted_bridge,"guitars, tranquillity",0.032140618819967263,3.3504350663735876,3.5728780433091027
1042,,3.457462505560462,True,True,ridge_adjusted_bridge,"guitars, tranquillity",0.03065279519026803,3.3530894506657787,3.5650844253447733
1043,,3.4592431990265196,True,True,ridge_adjusted_bridge,"guitars, tranquillity",0.028997064099409046,3.3603756638429045,3.5610195725339144
1044,,3.465108712348461,True,True,ridge_adjusted_bridge,"guitars, tranquillity",0.02714271538289028,3.372321201811934,3.5604492187582575
1045,,3.4621562036104363,True,True,ridge_adjusted_bridge,"guitars, tranquillity",0.025045671659801295,3.376521047529449,3.549963234189994
1046,,3.4626972305459836,True,True,ridge_adjusted_bridge,"guitars, tranquillity",0.022638589575925266,3.385187317006315,3.5419818720797998
1047,,3.458815387523685,True,True,ridge_adjusted_bridge,"guitars, tranquillity",0.019808765878934608,3.3909746621219243,3.52801335220961
1048,,3.4559232369408677,True,True,ridge_adjusted_bridge,"guitars, tranquillity",0.016337994732167384,3.399919124507515,3.5128498597324342
1049,,3.4547943403424326,True,True,ridge_adjusted_bridge,"guitars, tranquillity",0.01166766200456835,3.4147192138318445,3.4953397883243538
1050,3.454733755423657,3.4547337554236566,False,False,,"guitars, tranquillity",,,
1051,3.441296513044484,3.441296513044484,False,False,,"guitars, tranquillity",,,
1052,3.461820107004076,3.4618201070040766,False,False,,"guitars, tranquillity",,,
1053,3.454733755423657,3.4547337554236566,False,False,,"guitars, tranquillity",,,
1054,3.4515781803979424,3.4515781803979424,False,False,,"guitars, tranquillity",,,
1055,3.4182150821979684,3.418215082197968,False,False,,"guitars, tranquillity",,,
1056,3.4061963578976138,3.4061963578976133,False,False,,"guitars, tranquillity",,,
1057,3.419014374548642,3.4190143745486425,False,False,,"guitars, tranquillity",,,
1058,3.396541455845328,3.3965414558453286,False,False,,"guitars, tranquillity",,,
1059,3.3738731663811574,3.3738731663811574,False,False,,"guitars, tranquillity",,,
1060,3.392559674927868,3.392559674927868,False,False,,"guitars, tranquillity",,,
1061,3.3803880854360804,3.3803880854360804,False,False,,"guitars, tranquillity",,,
1062,3.3909400835293497,3.3909400835293497,False,False,,"guitars, tranquillity",,,
1063,3.3803880854360804,3.3803880854360804,False,False,,"guitars, tranquillity",,,
1064,3.3599742731573703,3.3599742731573707,False,False,,"guitars, tranquillity",,,
1065,3.3624324584296934,3.362432458429694,False,False,,"guitars, tranquillity",,,
1066,3.3812013008944826,3.381201300894483,False,False,,"guitars, tranquillity",,,
1067,3.408700514411855,3.408700514411855,False,False,,"guitars, tranquillity",,,
1068,3.411113064998316,3.4111130649983155,False,False,,"guitars, tranquillity",,,
1069,3.411113064998316,3.4111130649983155,False,False,,"guitars, tranquillity",,,
1070,3.4239426359175544,3.4239426359175544,False,False,,"guitars, tranquillity",,,
1071,3.3836394200175377,3.3836394200175377,False,False,,"guitars, tranquillity",,,
1072,3.411916754789352,3.411916754789352,False,False,,"guitars, tranquillity",,,
1073,3.411916754789352,3.411916754789352,False,False,,"guitars, tranquillity",,,
1074,3.391750005151072,3.391750005151072,False,False,,"guitars, tranquillity",,,
1075,3.39336909307636,3.39336909307636,False,False,,"guitars, tranquillity",,,
1076,3.3640699489713386,3.3640699489713386,False,False,,"guitars, tranquillity",,,
1077,3.3640699489713386,3.3640699489713386,False,False,,"guitars, tranquillity",,,
1078,3.3803880854360804,3.3803880854360804,False,False,,"guitars, tranquillity",,,
1079,3.382826967964724,3.3828269679647245,False,False,,"guitars, tranquillity",,,
1080,3.3640699489713386,3.3640699489713386,False,False,,"guitars, tranquillity",,,
1081,3.3476480497390173,3.3476480497390173,False,False,,"guitars, tranquillity",,,
1082,3.37957461506765,3.3795746150676496,False,False,,"guitars, tranquillity",,,
1083,3.3746884273331093,3.3746884273331093,False,False,,"guitars, tranquillity",,,
1084,3.3344345818429986,3.3344345818429986,False,False,,"guitars, tranquillity",,,
1085,3.3624324584296934,3.362432458429694,False,False,,"guitars, tranquillity",,,
1086,3.346824198104098,3.3468241981040983,False,False,,"guitars, tranquillity",,,
1087,3.3730576487401382,3.3730576487401382,False,False,,"guitars, tranquillity",,,
1088,3.37957461506765,3.3795746150676496,False,False,,"guitars, tranquillity",,,
1089,3.382826967964724,3.3828269679647245,False,False,,"guitars, tranquillity",,,
1090,3.408700514411855,3.408700514411855,False,False,,"guitars, tranquillity",,,
1091,3.4135233950219512,3.4135233950219512,False,False,,"guitars, tranquillity",,,
1092,3.420741118074473,3.4207411180744725,False,False,,"guitars, tranquillity",,,
1093,3.4383014587720573,3.4383014587720573,False,False,,"guitars, tranquillity",,,
1094,3.432726767759647,3.4327267677596467,False,False,,"guitars, tranquillity",,,
1095,3.427140259158639,3.427140259158639,False,False,,"guitars, tranquillity",,,
1096,3.42873761439515,3.42873761439515,False,False,,"guitars, tranquillity",,,
1097,3.42873761439515,3.42873761439515,False,False,,"guitars, tranquillity",,,
1098,3.4762149669357,3.4762149669357,False,False,,"guitars, tranquillity",,,
1099,3.480133391164863,3.4801333911648626,False,False,,"guitars, tranquillity",,,
1100,3.498084588014486,3.4980845880144864,False,False,,"guitars, tranquillity",,,
1101,3.498084588014486,3.4980845880144864,False,False,,"guitars, tranquillity",,,
1102,3.5489423651260084,3.5489423651260084,False,False,,"guitars, tranquillity",,,
1103,3.5405320884113625,3.540532088411362,False,False,,"guitars, tranquillity",,,
1104,3.539000149202744,3.539000149202744,False,False,,"guitars, tranquillity",,,
1105,3.521320386389984,3.521320386389984,False,False,,"guitars, tranquillity",,,
1106,3.5489423651260084,3.5489423651260084,False,False,,"guitars, tranquillity",,,
1107,3.548178867320756,3.5481788673207566,False,False,,"guitars, tranquillity",,,
1108,3.552756649036224,3.552756649036224,False,False,,"guitars, tranquillity",,,
1109,3.539000149202744,3.539000149202744,False,False,,"guitars, tranquillity",,,
1110,3.5626489093559432,3.562648909355943,False,False,,"guitars, tranquillity",,,
1111,3.5762871061766464,3.576287106176647,False,False,,"guitars, tranquillity",,,
1112,3.5588484322590843,3.5588484322590848,False,False,,"guitars, tranquillity",,,
1113,3.521320386389984,3.521320386389984,False,False,,"guitars, tranquillity",,,
1114,3.523632997767742,3.523632997767742,False,False,,"guitars, tranquillity",,,
1115,3.5359336765998624,3.535933676599862,False,False,,"guitars, tranquillity",,,
1116,3.542063164689161,3.5420631646891607,False,False,,"guitars, tranquillity",,,
1117,3.522862347025488,3.522862347025488,False,False,,"guitars, tranquillity",,,
1118,3.564167622454494,3.5641676224544945,False,False,,"guitars, tranquillity",,,
1119,3.557326760264496,3.5573267602644965,False,False,,"guitars, tranquillity",,,
1120,3.545122733824857,3.545122733824857,False,False,,"guitars, tranquillity",,,
1121,3.5679607221858216,3.5679607221858216,False,False,,"guitars, tranquillity",,,
1122,3.577042798649188,3.5770427986491877,False,False,,"guitars, tranquillity",,,
1123,3.5777982832225974,3.577798283222597,False,False,,"guitars, tranquillity",,,
1124,3.570234062975477,3.5702340629754774,False,False,,"guitars, tranquillity",,,
1125,3.572505519775315,3.5725055197753153,False,False,,"guitars, tranquillity",,,
1126,3.5565656062240087,3.5565656062240087,False,False,,"guitars, tranquillity",,,
1127,3.5808181456864068,3.5808181456864063,False,False,,"guitars, tranquillity",,,
1128,3.556624560874013,3.556624560874013,False,False,,"guitars, tranquillity",,,
1129,3.576298080934116,3.5762980809341154,False,False,,"guitars, tranquillity",,,
1130,3.5732805655335134,3.5732805655335134,False,False,,"guitars, tranquillity",,,
1131,3.592835467640049,3.592835467640049,False,False,,"guitars, tranquillity",,,
1132,3.5770519417667908,3.5770519417667908,False,False,,"guitars, tranquillity",,,
1133,3.574035255509473,3.574035255509473,False,False,,"guitars, tranquillity",,,
1134,3.564965233973006,3.5649652339730054,False,False,,"guitars, tranquillity",,,
1135,3.56345063912036,3.56345063912036,False,False,,"guitars, tranquillity",,,
1136,3.564965233973006,3.5649652339730054,False,False,,"guitars, tranquillity",,,
1137,3.5589018153286176,3.5589018153286176,False,False,,"guitars, tranquillity",,,
1138,3.588335114806061,3.588335114806061,False,False,,"guitars, tranquillity",,,
1139,3.5830753934803115,3.583075393480311,False,False,,"guitars, tranquillity",,,
1140,3.5732805655335134,3.5732805655335134,False,False,,"guitars, tranquillity",,,
1141,3.5732805655335134,3.5732805655335134,False,False,,"guitars, tranquillity",,,
1142,3.539102132298084,3.5391021322980842,False,False,,"guitars, tranquillity",,,
1143,3.549019959410371,3.549019959410371,False,False,,"guitars, tranquillity",,,
1144,3.542920961243508,3.542920961243508,False,False,,"guitars, tranquillity",,,
1145,3.523772855170671,3.523772855170671,False,False,,"guitars, tranquillity",,,
1146,3.5122186425475497,3.51221864254755,False,False,,"guitars, tranquillity",,,
1147,3.523004109528068,3.523004109528068,False,False,,"guitars, tranquillity",,,
1148,3.5075830677074347,3.5075830677074347,False,False,,"guitars, tranquillity",,,
1149,3.5129904638483147,3.5129904638483143,False,False,,"guitars, tranquillity",,,
1150,3.517616760541956,3.517616760541956,False,False,,"guitars, tranquillity",,,
1151,3.547496490236624,3.547496490236624,False,False,,"guitars, tranquillity",,,
1152,3.5352779282769173,3.5352779282769173,False,False,,"guitars, tranquillity",,,
1153,3.5626930271444333,3.5626930271444333,False,False,,"guitars, tranquillity",,,
1154,3.572525667877082,3.572525667877082,False,False,,"guitars, tranquillity",,,
1155,3.55206434494022,3.55206434494022,False,False,,"guitars, tranquillity",,,
1156,3.55206434494022,3.55206434494022,False,False,,"guitars, tranquillity",,,
1157,3.5436840838613337,3.5436840838613337,False,False,,"guitars, tranquillity",,,
1158,3.541394073336546,3.541394073336546,False,False,,"guitars, tranquillity",,,
1159,3.5452096872568064,3.5452096872568064,False,False,,"guitars, tranquillity",,,
1160,3.561177173289109,3.5611771732891095,False,False,,"guitars, tranquillity",,,
1161,3.574035255509473,3.574035255509473,False,False,,"guitars, tranquillity",,,
1162,3.559660478487795,3.559660478487795,False,False,,"guitars, tranquillity",,,
1163,3.545972168366273,3.545972168366273,False,False,,"guitars, tranquillity",,,
1164,3.5551053354667923,3.5551053354667923,False,False,,"guitars, tranquillity",,,
1165,3.513762064329089,3.5137620643290894,False,False,,"guitars, tranquillity",,,
1166,3.513762064329089,3.5137620643290894,False,False,,"guitars, tranquillity",,,
1167,3.487402710140203,3.4874027101402025,False,False,,"guitars, tranquillity",,,
1168,3.511446600251792,3.511446600251792,False,False,,"guitars, tranquillity",,,
1169,3.4827240555060657,3.482724055506066,False,False,,"guitars, tranquillity",,,
1170,3.506809695754104,3.506809695754104,False,False,,"guitars, tranquillity",,,
1171,3.435479737052052,3.4354797370520522,False,False,,"guitars, tranquillity",,,
1172,3.4607812441247363,3.460781244124736,False,False,,"guitars, tranquillity",,,
1173,3.455267152660745,3.455267152660745,False,False,,"guitars, tranquillity",,,
1174,3.475690683393089,3.475690683393089,False,False,,"guitars, tranquillity",,,
1175,3.4850644055209408,3.4850644055209408,False,False,,"guitars, tranquillity",,,
1176,3.4536895911392578,3.453689591139258,False,False,,"guitars, tranquillity",,,
1177,3.444996173095409,3.4449961730954093,False,False,,"guitars, tranquillity",,,
1178,3.46863872298433,3.4686387229843305,False,False,,"guitars, tranquillity",,,
1179,3.4607812441247363,3.460781244124736,False,False,,"guitars, tranquillity",,,
1180,3.421939044781575,3.421939044781575,False,False,,"guitars, tranquillity",,,
1181,3.4259288390966245,3.425928839096624,False,False,,"guitars, tranquillity",,,
1182,3.434685149899614,3.434685149899614,False,False,,"guitars, tranquillity",,,
1183,3.409933147020799,3.409933147020799,False,False,,"guitars, tranquillity",,,
1184,3.403507428413481,3.403507428413481,False,False,,"guitars, tranquillity",,,
1185,3.388182657789645,3.3881826577896446,False,False,,"guitars, tranquillity",,,
1186,3.388182657789645,3.3881826577896446,False,False,,"guitars, tranquillity",,,
1187,3.38899147597852,3.3889914759785196,False,False,,"guitars, tranquillity",,,
1188,3.42991259015782,3.42991259015782,False,False,,"guitars, tranquillity",,,
1189,3.4211403584923747,3.4211403584923743,False,False,,"guitars, tranquillity",,,
1190,3.4251313645055186,3.425131364505518,False,False,,"guitars, tranquillity",,,
1191,3.4227374883235444,3.4227374883235444,False,False,,"guitars, tranquillity",,,
1192,3.43070861740612,3.4307086174061197,False,False,,"guitars, tranquillity",,,
1193,3.4315044041367924,3.431504404136792,False,False,,"guitars, tranquillity",,,
1194,3.4320350311715906,3.432035031171591,False,False,,"guitars, tranquillity",,,
1195,3.4323003754580528,3.432300375458053,False,False,,"guitars, tranquillity",,,
1196,3.4323003754580528,3.432300375458053,False,False,,"guitars, tranquillity",,,
1197,3.4323003754580528,3.432300375458053,False,False,,"guitars, tranquillity",,,
1198,3.4323003754580528,3.432300375458053,False,False,,"guitars, tranquillity",,,
1199,3.445665381042693,3.445665381042693,False,False,,"guitars, tranquillity",,,
1200,3.445665381042693,3.445665381042693,False,False,,"guitars, tranquillity",,,
1201,3.462277265042146,3.4622772650421454,False,False,,"guitars, tranquillity",,,
1202,3.462277265042146,3.4622772650421454,False,False,,"guitars, tranquillity",,,
1203,3.482897234186143,3.482897234186143,False,False,,"guitars, tranquillity",,,
1204,3.472194757140672,3.472194757140672,False,False,,"guitars, tranquillity",,,
1205,3.443164588559046,3.4431645885590463,False,False,,"guitars, tranquillity",,,
1206,3.4464984533456056,3.4464984533456056,False,False,,"guitars, tranquillity",,,
1207,3.428109883315953,3.4281098833159533,False,False,,"guitars, tranquillity",,,
1208,3.4339747076501275,3.4339747076501275,False,False,,"guitars, tranquillity",,,
1209,3.405364988471117,3.4053649884711175,False,False,,"guitars, tranquillity",,,
1210,3.422231960194574,3.4222319601945745,False,False,,"guitars, tranquillity",,,
1211,3.4331376745101565,3.433137674510157,False,False,,"guitars, tranquillity",,,
1212,3.40790196889263,3.4079019688926295,False,False,,"guitars, tranquillity",,,
1213,3.420550136333333,3.4205501363333335,False,False,,"guitars, tranquillity",,,
1214,3.420550136333333,3.4205501363333335,False,False,,"guitars, tranquillity",,,
1215,3.420550136333333,3.4205501363333335,False,False,,"guitars, tranquillity",,,
1216,3.38242046732755,3.38242046732755,False,False,,"guitars, tranquillity",,,
1217,3.38242046732755,3.38242046732755,False,False,,"guitars, tranquillity",,,
1218,3.384127014656816,3.384127014656816,False,False,,"guitars, tranquillity",,,
1219,3.42894851544452,3.42894851544452,False,False,,"guitars, tranquillity",,,
1220,3.4011312082085023,3.401131208208503,False,False,,"guitars, tranquillity",,,
1221,3.393493055046888,3.393493055046888,False,False,,"guitars, tranquillity",,,
1222,3.384127014656816,3.384127014656816,False,False,,"guitars, tranquillity",,,
1223,3.4205501363333326,3.4205501363333326,False,False,,"guitars, tranquillity",,,
1224,3.3849798681043137,3.384979868104314,False,False,,"guitars, tranquillity",,,
1225,3.3994357725157465,3.3994357725157465,False,False,,"guitars, tranquillity",,,
1226,3.368727514096474,3.368727514096474,False,False,,"guitars, tranquillity",,,
1227,3.30002894198235,3.3000289419823505,False,False,,"guitars, tranquillity",,,
1228,3.35323576636476,3.35323576636476,False,False,,"guitars, tranquillity",,,
1229,3.307949312924744,3.307949312924744,False,False,,"guitars, tranquillity",,,
1230,3.307949312924744,3.307949312924744,False,False,,"guitars, tranquillity",,,
1231,3.307949312924744,3.307949312924744,False,False,,"guitars, tranquillity",,,
1232,3.318471537478708,3.318471537478708,False,False,,"guitars, tranquillity",,,
1233,3.316720852345701,3.316720852345701,False,False,,"guitars, tranquillity",,,
1234,3.314968962698147,3.314968962698147,False,False,,"guitars, tranquillity",,,
1235,3.260050113193844,3.260050113193844,False,False,,"guitars, tranquillity",,,
1236,3.2519773905207376,3.2519773905207376,False,False,,"guitars, tranquillity",,,
1237,3.260945475975207,3.2609454759752063,False,False,,"guitars, tranquillity",,,
1238,3.2130420994186517,3.213042099418652,False,False,,"guitars, tranquillity",,,
1239,3.226693708998837,3.226693708998837,False,False,,"guitars, tranquillity",,,
1240,3.190120000271614,3.190120000271614,False,False,,"guitars, tranquillity",,,
1241,3.28056302432139,3.2805630243213897,False,False,,"guitars, tranquillity",,,
1242,3.348051085130761,3.348051085130761,False,False,,"guitars, tranquillity",,,
1243,3.263629644897955,3.263629644897955,False,False,,"guitars, tranquillity",,,
1244,3.31409256546404,3.3140925654640405,False,False,,"guitars, tranquillity",,,
1245,3.351508700053143,3.351508700053143,False,False,,"guitars, tranquillity",,,
1246,3.351508700053143,3.351508700053143,False,False,,"guitars, tranquillity",,,
1247,3.263629644897955,3.263629644897955,False,False,,"guitars, tranquillity",,,
1248,3.2867730181711243,3.2867730181711243,False,False,,"guitars, tranquillity",,,
1249,3.340254396071645,3.3402543960716455,False,False,,"guitars, tranquillity",,,
1250,3.340254396071645,3.3402543960716455,False,False,,"guitars, tranquillity",,,
1251,3.36615200342071,3.36615200342071,False,False,,"guitars, tranquillity",,,
1252,3.3558241954516084,3.355824195451609,False,False,,"guitars, tranquillity",,,
1253,3.3324339292516267,3.3324339292516267,False,False,,"guitars, tranquillity",,,
1254,3.3114615606662583,3.3114615606662583,False,False,,"guitars, tranquillity",,,
1255,3.318471537478708,3.318471537478708,False,False,,"guitars, tranquillity",,,
1256,3.2858868120332496,3.28588681203325,False,False,,"guitars, tranquillity",,,
1257,3.341121865402592,3.3411218654025925,False,False,,"guitars, tranquillity",,,
1258,3.319385572923321,3.3193855729233213,False,False,,"guitars, tranquillity",,,
1259,3.2833311455102017,3.283331145510201,False,False,,"guitars, tranquillity",,,
1260,3.2700108780844057,3.270010878084406,False,False,,"guitars, tranquillity",,,
1261,3.269120345415124,3.269120345415124,False,False,,"guitars, tranquillity",,,
1262,3.2744588107220607,3.2744588107220607,False,False,,"guitars, tranquillity",,,
1263,3.318512261056528,3.3185122610565285,False,False,,"guitars, tranquillity",,,
1264,3.2833311455102017,3.283331145510201,False,False,,"guitars, tranquillity",,,
1265,3.2068927183875457,3.206892718387546,False,False,,"guitars, tranquillity",,,
1266,3.1580047948259096,3.1580047948259096,False,False,,"guitars, tranquillity",,,
1267,3.1580047948259096,3.1580047948259096,False,False,,"guitars, tranquillity",,,
1268,3.188559106723844,3.1885591067238446,False,False,,"guitars, tranquillity",,,
1269,3.188559106723844,3.1885591067238446,False,False,,"guitars, tranquillity",,,
1270,3.160798370105083,3.1607983701050824,False,False,,"guitars, tranquillity",,,
1271,3.205979279554197,3.2059792795541964,False,False,,"guitars, tranquillity",,,
1272,3.205979279554197,3.2059792795541964,False,False,,"guitars, tranquillity",,,
1273,3.1848758745631938,3.1848758745631938,False,False,,"guitars, tranquillity",,,
1274,3.175643432107828,3.175643432107828,False,False,,"guitars, tranquillity",,,
1275,3.1848758745631938,3.1848758745631938,False,False,,"guitars, tranquillity",,,
1276,3.1848758745631938,3.1848758745631938,False,False,,"guitars, tranquillity",,,
1277,3.192236805164142,3.1922368051641414,False,False,,"guitars, tranquillity",,,
1278,3.156140621573,3.1561406215730003,False,False,,"guitars, tranquillity",,,
1279,3.161728847491582,3.1617288474915815,False,False,,"guitars, tranquillity",,,
1280,3.1986595308601338,3.1986595308601333,False,False,,"guitars, tranquillity",,,
1281,3.1986595308601338,3.1986595308601333,False,False,,"guitars, tranquillity",,,
1282,3.2788988871020046,3.278898887102005,False,False,,"guitars, tranquillity",,,
1283,3.2948187009524488,3.2948187009524483,False,False,,"guitars, tranquillity",,,
1284,3.308009078503203,3.308009078503203,False,False,,"guitars, tranquillity",,,
1285,3.336789356073903,3.336789356073903,False,False,,"guitars, tranquillity",,,
1286,3.320258585606137,3.320258585606137,False,False,,"guitars, tranquillity",,,
1287,3.3463112361027987,3.3463112361027987,False,False,,"guitars, tranquillity",,,
1288,3.363533908982665,3.363533908982665,False,False,,"guitars, tranquillity",,,
1289,3.366107416501659,3.3661074165016585,False,False,,"guitars, tranquillity",,,
1290,3.360098570656372,3.3600985706563717,False,False,,"guitars, tranquillity",,,
1291,3.366107416501659,3.3661074165016585,False,False,,"guitars, tranquillity",,,
1292,3.332449506815038,3.3324495068150375,False,False,,"guitars, tranquillity",,,
1293,3.348038698678089,3.348038698678089,False,False,,"guitars, tranquillity",,,
1294,3.3652498654921748,3.365249865492175,False,False,,"guitars, tranquillity",,,
1295,3.35665865120487,3.3566586512048704,False,False,,"guitars, tranquillity",,,
1296,3.3686783636850786,3.3686783636850786,False,False,,"guitars, tranquillity",,,
1297,3.372102322677958,3.372102322677958,False,False,,"guitars, tranquillity",,,
1298,3.376375913439974,3.376375913439974,False,False,,"guitars, tranquillity",,,
1299,3.3797897197547604,3.3797897197547604,False,False,,"guitars, tranquillity",,,
1300,3.3797897197547604,3.3797897197547604,False,False,,"guitars, tranquillity",,,
1301,3.372957605123005,3.3729576051230055,False,False,,"guitars, tranquillity",,,
1302,3.3376564440340872,3.337656444034087,False,False,,"guitars, tranquillity",,,
1303,3.342852821635702,3.3428528216357014,False,False,,"guitars, tranquillity",,,
1304,3.347175112553124,3.347175112553124,False,False,,"guitars, tranquillity",,,
1305,3.332449506815038,3.3324495068150375,False,False,,"guitars, tranquillity",,,
1306,3.3298420597441085,3.3298420597441085,False,False,,"guitars, tranquillity",,,
1307,3.341121865402592,3.3411218654025925,False,False,,"guitars, tranquillity",,,
1308,3.3263613209936844,3.326361320993684,False,False,,"guitars, tranquillity",,,
1309,3.288639589333542,3.288639589333542,False,False,,"guitars, tranquillity",,,
1310,3.306254320784153,3.3062543207841526,False,False,,"guitars, tranquillity",,,
1311,3.318512261056528,3.3185122610565285,False,False,,"guitars, tranquillity",,,
1312,3.3540756950613795,3.3540756950613795,False,False,,"guitars, tranquillity",,,
1313,3.381494939781498,3.3814949397814975,False,False,,"guitars, tranquillity",,,
1314,3.372102322677958,3.372102322677958,False,False,,"guitars, tranquillity",,,
1315,3.366107416501658,3.366107416501658,False,False,,"guitars, tranquillity",,,
1316,3.347175112553124,3.347175112553124,False,False,,"guitars, tranquillity",,,
1317,3.378936689341735,3.3789366893417347,False,False,,"guitars, tranquillity",,,
1318,3.3600985706563717,3.3600985706563717,False,False,,"guitars, tranquillity",,,
1319,3.361816811404916,3.3618168114049163,False,False,,"guitars, tranquillity",,,
1320,3.342852821635702,3.3428528216357014,False,False,,"guitars, tranquillity",,,
1321,3.32632178716758,3.32632178716758,False,False,,"guitars, tranquillity",,,
1322,3.366162732601566,3.366162732601566,False,False,,"guitars, tranquillity",,,
1323,3.348916432121424,3.348916432121424,False,False,,"guitars, tranquillity",,,
1324,3.3592780509051816,3.3592780509051816,False,False,,"guitars, tranquillity",,,
1325,3.328066934865308,3.328066934865308,False,False,,"guitars, tranquillity",,,
1326,3.3385128844336074,3.3385128844336074,False,False,,"guitars, tranquillity",,,
1327,3.348051077731464,3.348051077731464,False,False,,"guitars, tranquillity",,,
1328,3.348051077731464,3.348051077731464,False,False,,"guitars, tranquillity",,,
1329,3.329810891370498,3.329810891370498,False,False,,"guitars, tranquillity",,,
1330,3.318453820903585,3.318453820903585,False,False,,"guitars, tranquillity",,,
1331,3.354965775293421,3.354965775293421,False,False,,"guitars, tranquillity",,,
1332,3.3515107493667764,3.3515107493667764,False,False,,"guitars, tranquillity",,,
1333,3.289394464079702,3.289394464079702,False,False,,"guitars, tranquillity",,,
1334,3.3061662364587345,3.306166236458735,False,False,,"guitars, tranquillity",,,
1335,3.299117973148149,3.299117973148149,False,False,,"guitars, tranquillity",,,
1336,3.256409930123753,3.2564099301237532,False,False,,"guitars, tranquillity",,,
1337,3.2347797555845488,3.2347797555845483,False,False,,"guitars, tranquillity",,,
1338,3.256409930123753,3.2564099301237532,False,False,,"guitars, tranquillity",,,
1339,3.280522305929193,3.2805223059291926,False,False,,"guitars, tranquillity",,,
1340,3.313194981443143,3.313194981443143,False,False,,"guitars, tranquillity",,,
1341,3.313194981443143,3.313194981443143,False,False,,"guitars, tranquillity",,,
1342,3.3140722096185424,3.3140722096185424,False,False,,"guitars, tranquillity",,,
1343,3.307925246700788,3.3079252467007874,False,False,,"guitars, tranquillity",,,
1344,3.3026445539717195,3.30264455397172,False,False,,"guitars, tranquillity",,,
1345,3.307925246700788,3.3079252467007874,False,False,,"guitars, tranquillity",,,
1346,3.263578537521317,3.263578537521317,False,False,,"guitars, tranquillity",,,
1347,3.2537163963345117,3.253716396334512,False,False,,"guitars, tranquillity",,,
1348,3.25551240806247,3.2555124080624704,False,False,,"guitars, tranquillity",,,
1349,3.2626835833997494,3.2626835833997494,False,False,,"guitars, tranquillity",,,
1350,3.2519190923248287,3.251919092324829,False,False,,"guitars, tranquillity",,,
1351,3.2528179060257374,3.2528179060257374,False,False,,"guitars, tranquillity",,,
1352,3.281410928152179,3.281410928152179,False,False,,"guitars, tranquillity",,,
1353,3.240204938131908,3.240204938131908,False,False,,"guitars, tranquillity",,,
1354,3.2220746793755843,3.2220746793755843,False,False,,"guitars, tranquillity",,,
1355,3.2220746793755843,3.2220746793755843,False,False,,"guitars, tranquillity",,,
1356,3.2383978592884506,3.238397859288451,False,False,,"guitars, tranquillity",,,
1357,3.234779755584549,3.234779755584549,False,False,,"guitars, tranquillity",,,
1358,3.234779755584549,3.234779755584549,False,False,,"guitars, tranquillity",,,
1359,3.234779755584549,3.234779755584549,False,False,,"guitars, tranquillity",,,
1360,3.204726979177241,3.204726979177241,False,False,,"guitars, tranquillity",,,
1361,3.200141418598572,3.2001414185985717,False,False,,"guitars, tranquillity",,,
1362,3.200141418598572,3.2001414185985717,False,False,,"guitars, tranquillity",,,
1363,3.219343660994249,3.219343660994249,False,False,,"guitars, tranquillity",,,
1364,3.211132441995418,3.211132441995418,False,False,,"guitars, tranquillity",,,
1365,3.215697602027678,3.215697602027678,False,False,,"guitars, tranquillity",,,
1366,3.20747421791097,3.20747421791097,False,False,,"guitars, tranquillity",,,
1367,3.208389283328546,3.2083892833285463,False,False,,"guitars, tranquillity",,,
1368,3.222074679375585,3.222074679375585,False,False,,"guitars, tranquillity",,,
1369,3.2492207076430453,3.2492207076430453,False,False,,"guitars, tranquillity",,,
1370,3.2429130975672518,3.242913097567252,False,False,,"guitars, tranquillity",,,
1371,3.2653674873866314,3.265367487386631,False,False,,"guitars, tranquillity",,,
1372,3.254614563572988,3.2546145635729875,False,False,,"guitars, tranquillity",,,
1373,3.259100564938415,3.259100564938415,False,False,,"guitars, tranquillity",,,
1374,3.26715516151643,3.26715516151643,False,False,,"guitars, tranquillity",,,
1375,3.2429130975672518,3.242913097567252,False,False,,"guitars, tranquillity",,,
1376,3.257307130077093,3.2573071300770935,False,False,,"guitars, tranquillity",,,
1377,3.2492207076430453,3.2492207076430453,False,False,,"guitars, tranquillity",,,
1378,3.214785245511089,3.214785245511089,False,False,,"guitars, tranquillity",,,
1379,3.2302496997688213,3.2302496997688213,False,False,,"guitars, tranquillity",,,
1380,3.2138725515954243,3.213872551595424,False,False,,"guitars, tranquillity",,,
1381,3.225711353624945,3.225711353624945,False,False,,"guitars, tranquillity",,,
1382,3.2156976020276784,3.2156976020276784,False,False,,"guitars, tranquillity",,,
1383,3.214785245511089,3.214785245511089,False,False,,"guitars, tranquillity",,,
1384,3.2302496997688213,3.2302496997688213,False,False,,"guitars, tranquillity",,,
1385,3.2193436609942494,3.21934366099425,False,False,,"guitars, tranquillity",,,
1386,3.1918116602380486,3.191811660238049,False,False,,"guitars, tranquillity",,,
1387,3.18534286819317,3.18534286819317,False,False,,"guitars, tranquillity",,,
1388,3.1667656324668303,3.1667656324668303,False,False,,"guitars, tranquillity",,,
1389,3.157423560822813,3.157423560822813,False,False,,"guitars, tranquillity",,,
1390,3.169561263257041,3.1695612632570414,False,False,,"guitars, tranquillity",,,
1391,3.228453129378725,3.228453129378725,False,False,,"guitars, tranquillity",,,
1392,3.218430866337521,3.2184308663375205,False,False,,"guitars, tranquillity",,,
1393,3.2166042646570414,3.2166042646570414,False,False,,"guitars, tranquillity",,,
1394,3.1936567527384785,3.1936567527384785,False,False,,"guitars, tranquillity",,,
1395,3.1955004577563275,3.195500457756327,False,False,,"guitars, tranquillity",,,
1396,3.196421790860885,3.1964217908608847,False,False,,"guitars, tranquillity",,,
1397,3.2092843088756022,3.2092843088756022,False,False,,"guitars, tranquillity",,,
1398,3.224813364045199,3.224813364045199,False,False,,"guitars, tranquillity",,,
1399,3.2537832423552766,3.2537832423552766,False,False,,"guitars, tranquillity",,,
1400,3.3107369022528363,3.3107369022528363,False,False,,"guitars, tranquillity",,,
1401,3.3160111161408268,3.3160111161408268,False,False,,"guitars, tranquillity",,,
1402,3.3239020104067536,3.3239020104067536,False,False,,"guitars, tranquillity",,,
1403,3.314254259547708,3.314254259547708,False,False,,"guitars, tranquillity",,,
1404,3.3221505879205107,3.3221505879205107,False,False,,"guitars, tranquillity",,,
1405,3.325652231619675,3.3256522316196753,False,False,,"guitars, tranquillity",,,
1406,3.325652231619675,3.3256522316196753,False,False,,"guitars, tranquillity",,,
1407,3.2833106696518257,3.2833106696518253,False,False,,"guitars, tranquillity",,,
1408,3.3089763968951007,3.3089763968951007,False,False,,"guitars, tranquillity",,,
1409,3.3089763968951007,3.3089763968951007,False,False,,"guitars, tranquillity",,,
1410,3.326526892460681,3.326526892460681,False,False,,"guitars, tranquillity",,,
1411,3.334385398055314,3.334385398055314,False,False,,"guitars, tranquillity",,,
1412,3.3300225440108564,3.3300225440108564,False,False,,"guitars, tranquillity",,,
1413,3.3300225440108564,3.3300225440108564,False,False,,"guitars, tranquillity",,,
1414,3.3221505879205107,3.3221505879205107,False,False,,"guitars, tranquillity",,,
1415,3.299271730342555,3.299271730342555,False,False,,"guitars, tranquillity",,,
1416,3.2904169257918565,3.2904169257918565,False,False,,"guitars, tranquillity",,,
1417,3.307214670614304,3.3072146706143037,False,False,,"guitars, tranquillity",,,
1418,3.270826282277196,3.270826282277196,False,False,,"guitars, tranquillity",,,
1419,3.288642236730659,3.288642236730659,False,False,,"guitars, tranquillity",,,
1420,3.293962568532325,3.2939625685323253,False,False,,"guitars, tranquillity",,,
1421,3.2966185416303007,3.2966185416303007,False,False,,"guitars, tranquillity",,,
1422,3.3107369022528363,3.3107369022528363,False,False,,"guitars, tranquillity",,,
1423,3.2868662993105,3.2868662993104993,False,False,,"guitars, tranquillity",,,
1424,3.275292108529696,3.275292108529696,False,False,,"guitars, tranquillity",,,
1425,3.275292108529696,3.275292108529696,False,False,,"guitars, tranquillity",,,
1426,3.264560749681366,3.264560749681366,False,False,,"guitars, tranquillity",,,
1427,3.264560749681366,3.264560749681366,False,False,,"guitars, tranquillity",,,
1428,3.240245617679266,3.2402456176792658,False,False,,"guitars, tranquillity",,,
1429,3.2239025862134376,3.2239025862134376,False,False,,"guitars, tranquillity",,,
1430,3.227543689264128,3.2275436892641283,False,False,,"guitars, tranquillity",,,
1431,3.220256118655093,3.220256118655093,False,False,,"guitars, tranquillity",,,
1432,3.200103668966103,3.200103668966103,False,False,,"guitars, tranquillity",,,
1433,3.165833040827139,3.165833040827139,False,False,,"guitars, tranquillity",,,
1434,3.1936567527384785,3.1936567527384785,False,False,,"guitars, tranquillity",,,
1435,3.224813364045199,3.224813364045199,False,False,,"guitars, tranquillity",,,
1436,3.224813364045199,3.224813364045199,False,False,,"guitars, tranquillity",,,
1437,3.212947002139902,3.2129470021399014,False,False,,"guitars, tranquillity",,,
1438,3.189041413624776,3.189041413624776,False,False,,"guitars, tranquillity",,,
1439,3.1955004577563275,3.195500457756327,False,False,,"guitars, tranquillity",,,
1440,3.1742135234884654,3.1742135234884654,False,False,,"guitars, tranquillity",,,
1441,3.137687095548853,3.137687095548853,False,False,,"guitars, tranquillity",,,
1442,3.0736097393888384,3.0736097393888384,False,False,,"guitars, tranquillity",,,
1443,3.100598215868082,3.1005982158680814,False,False,,"guitars, tranquillity",,,
1444,3.135798986926672,3.1357989869266714,False,False,,"guitars, tranquillity",,,
1445,3.1291789146922904,3.12917891469229,False,False,,"guitars, tranquillity",,,
1446,3.115883748610804,3.115883748610804,False,False,,"guitars, tranquillity",,,
1447,3.0977212332188864,3.097721233218887,False,False,,"guitars, tranquillity",,,
1448,3.1853428681931706,3.18534286819317,False,False,,"guitars, tranquillity",,,
1449,3.177928946756436,3.1779289467564364,False,False,,"guitars, tranquillity",,,
1450,3.177928946756436,3.1779289467564364,False,False,,"guitars, tranquillity",,,
1451,3.148847081890293,3.148847081890293,False,False,,"guitars, tranquillity",,,
1452,3.0799148018864937,3.0799148018864932,False,False,,"guitars, tranquillity",,,
1453,3.1327493719757338,3.1327493719757333,False,False,,"guitars, tranquillity",,,
1454,3.1327493719757338,3.1327493719757333,False,False,,"guitars, tranquillity",,,
1455,3.109838045480263,3.109838045480263,False,False,,"guitars, tranquillity",,,
1456,3.081856763984431,3.0818567639844305,False,False,,"guitars, tranquillity",,,
1457,3.093475216907438,3.093475216907438,False,False,,"guitars, tranquillity",,,
1458,3.0515751099890505,3.0515751099890505,False,False,,"guitars, tranquillity",,,
1459,3.082827147565652,3.0828271475656526,False,False,,"guitars, tranquillity",,,
1460,3.082827147565652,3.0828271475656526,False,False,,"guitars, tranquillity",,,
1461,3.123229588643337,3.1232295886433366,False,False,,"guitars, tranquillity",,,
1462,3.078943222463954,3.0789432224639546,False,False,,"guitars, tranquillity",,,
1463,3.098299500965587,3.0982995009655876,False,False,,"guitars, tranquillity",,,
1464,3.080885982242208,3.0808859822422083,False,False,,"guitars, tranquillity",,,
1465,3.040735423793499,3.040735423793499,False,False,,"guitars, tranquillity",,,
1466,3.019900500225263,3.019900500225263,False,False,,"guitars, tranquillity",,,
1467,3.0338111535206043,3.0338111535206047,False,False,,"guitars, tranquillity",,,
1468,2.9988766334877943,2.998876633487794,False,False,,"guitars, tranquillity",,,
1469,2.9988766334877943,2.998876633487794,False,False,,"guitars, tranquillity",,,
1470,3.087673108835121,3.087673108835121,False,False,,"guitars, tranquillity",,,
1471,2.999882124777621,2.999882124777621,False,False,,"guitars, tranquillity",,,
1472,2.992834441108349,2.9928344411083496,False,False,,"guitars, tranquillity",,,
1473,3.050591756558074,3.0505917565580742,False,False,,"guitars, tranquillity",,,
1474,3.032820290541784,3.0328202905417836,False,False,,"guitars, tranquillity",,,
1475,3.015910665939504,3.0159106659395034,False,False,,"guitars, tranquillity",,,
1476,3.002895967950007,3.002895967950007,False,False,,"guitars, tranquillity",,,
1477,3.027859637737353,3.0278596377373526,False,False,,"guitars, tranquillity",,,
1478,3.056485697850155,3.0564856978501544,False,False,,"guitars, tranquillity",,,
1479,3.0925091834719205,3.0925091834719205,False,False,,"guitars, tranquillity",,,
1480,3.127042032356264,3.127042032356264,False,False,,"guitars, tranquillity",,,
1481,3.130848431149709,3.130848431149709,False,False,,"guitars, tranquillity",,,
1482,3.112713981098859,3.1127139810988593,False,False,,"guitars, tranquillity",,,
1483,3.0915427567977507,3.0915427567977507,False,False,,"guitars, tranquillity",,,
1484,3.087673108835121,3.087673108835121,False,False,,"guitars, tranquillity",,,
1485,3.0925091834719205,3.0925091834719205,False,False,,"guitars, tranquillity",,,
1486,3.072130954377,3.072130954377,False,False,,"guitars, tranquillity",,,
1487,3.056485697850155,3.0564856978501544,False,False,,"guitars, tranquillity",,,
1488,3.1011893807339668,3.101189380733967,False,False,,"guitars, tranquillity",,,
1489,3.1011893807339668,3.101189380733967,False,False,,"guitars, tranquillity",,,
1490,3.146014103371007,3.1460141033710074,False,False,,"guitars, tranquillity",,,
1491,3.127994197729238,3.1279941977292376,False,False,,"guitars, tranquillity",,,
1492,3.118455492724556,3.118455492724556,False,False,,"guitars, tranquillity",,,
1493,3.1213210916231726,3.1213210916231726,False,False,,"guitars, tranquillity",,,
1494,3.111755720575611,3.1117557205756103,False,False,,"guitars, tranquillity",,,
1495,3.1450690384169824,3.1450690384169824,False,False,,"guitars, tranquillity",,,
1496,3.110797075511877,3.1107970755118775,False,False,,"guitars, tranquillity",,,
1497,3.1355979692556035,3.1355979692556035,False,False,,"guitars, tranquillity",,,
1498,3.143177797934916,3.143177797934916,False,False,,"guitars, tranquillity",,,
1499,3.1355979692556035,3.1355979692556035,False,False,,"guitars, tranquillity",,,
1500,3.150733891274356,3.150733891274356,False,False,,"guitars, tranquillity",,,
1501,3.1336992791869034,3.1336992791869034,False,False,,"guitars, tranquillity",,,
1502,3.180724959989337,3.180724959989337,False,False,,"guitars, tranquillity",,,
1503,3.180724959989337,3.180724959989337,False,False,,"guitars, tranquillity",,,
1504,3.2103521252302296,3.21035212523023,False,False,,"guitars, tranquillity",,,
1505,3.201131991356185,3.2011319913561853,False,False,,"guitars, tranquillity",,,
1506,3.2103521252302296,3.21035212523023,False,False,,"guitars, tranquillity",,,
1507,3.2066682153277397,3.2066682153277393,False,False,,"guitars, tranquillity",,,
1508,3.189093852788499,3.1890938527884987,False,False,,"guitars, tranquillity",,,
1509,3.184448004906736,3.184448004906736,False,False,,"guitars, tranquillity",,,
1510,3.191877134922949,3.1918771349229496,False,False,,"guitars, tranquillity",,,
1511,3.167649373946353,3.1676493739463534,False,False,,"guitars, tranquillity",,,
1512,3.162962445986135,3.162962445986135,False,False,,"guitars, tranquillity",,,
1513,3.177928946756436,3.1779289467564364,False,False,,"guitars, tranquillity",,,
1514,3.175129725492324,3.175129725492324,False,False,,"guitars, tranquillity",,,
1515,3.1946572592793463,3.1946572592793463,False,False,,"guitars, tranquillity",,,
1516,3.173276126543693,3.173276126543693,False,False,,"guitars, tranquillity",,,
1517,3.1365859874339312,3.1365859874339312,False,False,,"guitars, tranquillity",,,
1518,3.112769585488882,3.112769585488882,False,False,,"guitars, tranquillity",,,
1519,3.102214807497427,3.102214807497427,False,False,,"guitars, tranquillity",,,
1520,3.109895636539635,3.1098956365396355,False,False,,"guitars, tranquillity",,,
1521,3.112769585488882,3.112769585488882,False,False,,"guitars, tranquillity",,,
1522,3.120416603027941,3.120416603027941,False,False,,"guitars, tranquillity",,,
1523,3.1022148074974267,3.1022148074974263,False,False,,"guitars, tranquillity",,,
1524,3.0712407199763345,3.0712407199763345,False,False,,"guitars, tranquillity",,,
1525,3.0712407199763345,3.0712407199763345,False,False,,"guitars, tranquillity",,,
1526,3.076107219589362,3.0761072195893626,False,False,,"guitars, tranquillity",,,
1527,3.0712407199763345,3.0712407199763345,False,False,,"guitars, tranquillity",,,
1528,3.08677837066793,3.0867783706679304,False,False,,"guitars, tranquillity",,,
1529,3.07221482327624,3.0722148232762403,False,False,,"guitars, tranquillity",,,
1530,3.041828309226996,3.0418283092269958,False,False,,"guitars, tranquillity",,,
1531,3.023007226624657,3.023007226624657,False,False,,"guitars, tranquillity",,,
1532,3.0546189861922137,3.0546189861922133,False,False,,"guitars, tranquillity",,,
1533,3.0516734882158807,3.051673488215881,False,False,,"guitars, tranquillity",,,
1534,3.0368901192366504,3.0368901192366504,False,False,,"guitars, tranquillity",,,
1535,3.0438006640628954,3.0438006640628954,False,False,,"guitars, tranquillity",,,
1536,3.0408415068227943,3.040841506822794,False,False,,"guitars, tranquillity",,,
1537,3.044786217467512,3.0447862174675118,False,False,,"guitars, tranquillity",,,
1538,3.075134722127444,3.0751347221274434,False,False,,"guitars, tranquillity",,,
1539,3.075134722127444,3.0751347221274434,False,False,,"guitars, tranquillity",,,
1540,3.079022311902025,3.0790223119020252,False,False,,"guitars, tranquillity",,,
1541,3.081933813648959,3.081933813648959,False,False,,"guitars, tranquillity",,,
1542,3.100290725855414,3.100290725855414,False,False,,"guitars, tranquillity",,,
1543,3.130891564550434,3.130891564550434,False,False,,"guitars, tranquillity",,,
1544,3.1108540038096075,3.1108540038096075,False,False,,"guitars, tranquillity",,,
1545,3.117551834515385,3.117551834515385,False,False,,"guitars, tranquillity",,,
1546,3.117551834515385,3.117551834515385,False,False,,"guitars, tranquillity",,,
1547,3.14132107360736,3.1413210736073602,False,False,,"guitars, tranquillity",,,
1548,3.126135885961184,3.1261358859611836,False,False,,"guitars, tranquillity",,,
1549,3.160169128228256,3.1601691282282562,False,False,,"guitars, tranquillity",,,
1550,3.1432125071555053,3.1432125071555057,False,False,,"guitars, tranquillity",,,
1551,3.129941181745932,3.129941181745932,False,False,,"guitars, tranquillity",,,
1552,3.122324547008631,3.122324547008631,False,False,,"guitars, tranquillity",,,
1553,3.1156400822419066,3.1156400822419066,False,False,,"guitars, tranquillity",,,
1554,3.081933813648959,3.081933813648959,False,False,,"guitars, tranquillity",,,
1555,3.1022148074974267,3.1022148074974263,False,False,,"guitars, tranquillity",,,
1556,3.088713422894904,3.0887134228949034,False,False,,"guitars, tranquillity",,,
1557,3.098365087523862,3.098365087523862,False,False,,"guitars, tranquillity",,,
1558,3.098365087523862,3.098365087523862,False,False,,"guitars, tranquillity",,,
1559,3.0974016835091427,3.0974016835091427,False,False,,"guitars, tranquillity",,,
1560,3.1041373359278945,3.1041373359278945,False,False,,"guitars, tranquillity",,,
1561,3.124230973541183,3.124230973541183,False,False,,"guitars, tranquillity",,,
1562,3.1165961493194847,3.1165961493194847,False,False,,"guitars, tranquillity",,,
1563,3.109895636539635,3.1098956365396355,False,False,,"guitars, tranquillity",,,
1564,3.1108540038096075,3.1108540038096075,False,False,,"guitars, tranquillity",,,
1565,3.129941181745932,3.129941181745932,False,False,,"guitars, tranquillity",,,
1566,3.1422669757581643,3.1422669757581643,False,False,,"guitars, tranquillity",,,
1567,3.130891564550434,3.130891564550434,False,False,,"guitars, tranquillity",,,
1568,3.149820879511833,3.149820879511833,False,False,,"guitars, tranquillity",,,
1569,3.1394281554340964,3.1394281554340964,False,False,,"guitars, tranquillity",,,
1570,3.128990422897227,3.1289904228972274,False,False,,"guitars, tranquillity",,,
1571,3.091613043919153,3.091613043919153,False,False,,"guitars, tranquillity",,,
1572,3.118507138251481,3.1185071382514815,False,False,,"guitars, tranquillity",,,
1573,3.118507138251481,3.1185071382514815,False,False,,"guitars, tranquillity",,,
1574,3.186312982716611,3.186312982716611,False,False,,"guitars, tranquillity",,,
1575,3.176075607955511,3.176075607955511,False,False,,"guitars, tranquillity",,,
1576,3.2029732423865496,3.20297324238655,False,False,,"guitars, tranquillity",,,
1577,3.23504908582403,3.2350490858240297,False,False,,"guitars, tranquillity",,,
1578,3.245103436643178,3.245103436643178,False,False,,"guitars, tranquillity",,,
1579,3.246015457735705,3.246015457735705,False,False,,"guitars, tranquillity",,,
1580,3.2741242701914457,3.2741242701914457,False,False,,"guitars, tranquillity",,,
1581,3.284921117772229,3.2849211177722286,False,False,,"guitars, tranquillity",,,
1582,3.308157104262282,3.3081571042622815,False,False,,"guitars, tranquillity",,,
1583,3.270514997861608,3.2705149978616075,False,False,,"guitars, tranquillity",,,
1584,3.321466313075923,3.3214663130759225,False,False,,"guitars, tranquillity",,,
1585,3.321466313075923,3.3214663130759225,False,False,,"guitars, tranquillity",,,
1586,3.28850981167538,3.2885098116753797,False,False,,"guitars, tranquillity",,,
1587,3.2532996429447776,3.253299642944777,False,False,,"guitars, tranquillity",,,
1588,3.299245408807294,3.299245408807294,False,False,,"guitars, tranquillity",,,
1589,3.2938833074294624,3.2938833074294624,False,False,,"guitars, tranquillity",,,
1590,3.295671937294042,3.295671937294042,False,False,,"guitars, tranquillity",,,
1591,3.2804280562642414,3.2804280562642414,False,False,,"guitars, tranquillity",,,
1592,3.269611868740214,3.269611868740214,False,False,,"guitars, tranquillity",,,
1593,3.3241198301315493,3.3241198301315493,False,False,,"guitars, tranquillity",,,
1594,3.32500372292058,3.32500372292058,False,False,,"guitars, tranquillity",,,
1595,3.328536237416773,3.3285362374167735,False,False,,"guitars, tranquillity",,,
1596,3.334706414545876,3.334706414545876,False,False,,"guitars, tranquillity",,,
1597,3.3391045952741107,3.3391045952741107,False,False,,"guitars, tranquillity",,,
1598,3.364466604401069,3.3644666044010685,False,False,,"guitars, tranquillity",,,
1599,3.3696829061056666,3.369682906105666,False,False,,"guitars, tranquillity",,,
1600,3.343495242824768,3.3434952428247686,False,False,,"guitars, tranquillity",,,
1601,3.360111625315594,3.3601116253155934,False,False,,"guitars, tranquillity",,,
1602,3.360111625315594,3.3601116253155934,False,False,,"guitars, tranquillity",,,
1603,3.3583675734777185,3.3583675734777185,False,False,,"guitars, tranquillity",,,
1604,3.364466604401069,3.3644666044010685,False,False,,"guitars, tranquillity",,,
1605,3.349629561393683,3.3496295613936833,False,False,,"guitars, tranquillity",,,
1606,3.360983209212092,3.3609832092120917,False,False,,"guitars, tranquillity",,,
1607,3.332063875268763,3.332063875268763,False,False,,"guitars, tranquillity",,,
1608,3.3513795382787,3.3513795382787004,False,False,,"guitars, tranquillity",,,
1609,3.3783534442378955,3.378353444237895,False,False,,"guitars, tranquillity",,,
1610,3.38267786295839,3.38267786295839,False,False,,"guitars, tranquillity",,,
1611,3.3809489600260165,3.3809489600260165,False,False,,"guitars, tranquillity",,,
1612,3.3809489600260165,3.3809489600260165,False,False,,"guitars, tranquillity",,,
1613,3.3809489600260165,3.3809489600260165,False,False,,"guitars, tranquillity",,,
1614,3.359239746829381,3.359239746829381,False,False,,"guitars, tranquillity",,,
1615,3.359239746829381,3.359239746829381,False,False,,"guitars, tranquillity",,,
1616,3.359239746829381,3.359239746829381,False,False,,"guitars, tranquillity",,,
1617,3.359239746829381,3.359239746829381,False,False,,"guitars, tranquillity",,,
1618,3.410185297519019,3.410185297519019,False,False,,"guitars, tranquillity",,,
1619,3.381813555407741,3.381813555407741,False,False,,"guitars, tranquillity",,,
1620,3.3800840765477718,3.3800840765477718,False,False,,"guitars, tranquillity",,,
1621,3.3566223410729266,3.356622341072926,False,False,,"guitars, tranquillity",,,
1622,3.3826778629583902,3.3826778629583902,False,False,,"guitars, tranquillity",,,
1623,3.3766216563464684,3.376621656346469,False,False,,"guitars, tranquillity",,,
1624,3.366206541595659,3.3662065415956586,False,False,,"guitars, tranquillity",,,
1625,3.3329450249368757,3.332945024936876,False,False,,"guitars, tranquillity",,,
1626,3.3329450249368757,3.332945024936876,False,False,,"guitars, tranquillity",,,
1627,3.307267341980776,3.3072673419807757,False,False,,"guitars, tranquillity",,,
1628,3.3134891446224164,3.3134891446224164,False,False,,"guitars, tranquillity",,,
1629,3.319695766520636,3.319695766520636,False,False,,"guitars, tranquillity",,,
1630,3.327653566706749,3.3276535667067484,False,False,,"guitars, tranquillity",,,
1631,3.3152640097351087,3.3152640097351083,False,False,,"guitars, tranquillity",,,
1632,3.3143767319338564,3.3143767319338564,False,False,,"guitars, tranquillity",,,
1633,3.301030255383,3.301030255383,False,False,,"guitars, tranquillity",,,
1634,3.2903022471074617,3.290302247107461,False,False,,"guitars, tranquillity",,,
1635,3.301030255383,3.301030255383,False,False,,"guitars, tranquillity",,,
1636,3.336466593108618,3.336466593108618,False,False,,"guitars, tranquillity",,,
1637,3.326770590915466,3.3267705909154657,False,False,,"guitars, tranquillity",,,
1638,3.3117130402724646,3.3117130402724646,False,False,,"guitars, tranquillity",,,
1639,3.321466313075923,3.3214663130759225,False,False,,"guitars, tranquillity",,,
1640,3.341739885501009,3.341739885501009,False,False,,"guitars, tranquillity",,,
1641,3.3452494005397244,3.345249400539725,False,False,,"guitars, tranquillity",,,
1642,3.349629561393683,3.3496295613936833,False,False,,"guitars, tranquillity",,,
1643,3.389605861868724,3.389605861868724,False,False,,"guitars, tranquillity",,,
1644,3.389605861868724,3.389605861868724,False,False,,"guitars, tranquillity",,,
1645,3.403367579623598,3.403367579623598,False,False,,"guitars, tranquillity",,,
1646,3.404225281997298,3.404225281997298,False,False,,"guitars, tranquillity",,,
1647,3.3982154417081984,3.3982154417081984,False,False,,"guitars, tranquillity",,,
1648,3.426427513931573,3.426427513931573,False,False,,"guitars, tranquillity",,,
1649,3.4230239898521804,3.4230239898521804,False,False,,"guitars, tranquillity",,,
1650,3.44506869973216,3.44506869973216,False,False,,"guitars, tranquillity",,,
1651,3.4476005143228656,3.4476005143228656,False,False,,"guitars, tranquillity",,,
1652,3.4349171169324024,3.4349171169324024,False,False,,"guitars, tranquillity",,,
1653,3.439151686824921,3.439151686824921,False,False,,"guitars, tranquillity",,,
1654,3.4221724197879477,3.422172419787948,False,False,,"guitars, tranquillity",,,
1655,3.442534459156496,3.442534459156496,False,False,,"guitars, tranquillity",,,
1656,3.454340208238102,3.454340208238102,False,False,,"guitars, tranquillity",,,
1657,3.4298266399532973,3.4298266399532973,False,False,,"guitars, tranquillity",,,
1658,3.460223421119304,3.460223421119304,False,False,,"guitars, tranquillity",,,
1659,3.4660936331696166,3.4660936331696166,False,False,,"guitars, tranquillity",,,
1660,3.4802962215781483,3.4802962215781483,False,False,,"guitars, tranquillity",,,
1661,3.4777953708115943,3.4777953708115947,False,False,,"guitars, tranquillity",,,
1662,3.4686054781440205,3.4686054781440205,False,False,,"guitars, tranquillity",,,
1663,3.461901947698977,3.4619019476989776,False,False,,"guitars, tranquillity",,,
1664,3.457703640755236,3.457703640755236,False,False,,"guitars, tranquillity",,,
1665,3.4894460454201486,3.4894460454201486,False,False,,"guitars, tranquillity",,,
1666,3.4836270524619115,3.483627052461911,False,False,,"guitars, tranquillity",,,
1667,3.496080883523875,3.496080883523875,False,False,,"guitars, tranquillity",,,
1668,3.504351436332759,3.504351436332759,False,False,,"guitars, tranquillity",,,
1669,3.491936034141426,3.4919360341414256,False,False,,"guitars, tranquillity",,,
1670,3.5109496180362534,3.5109496180362534,False,False,,"guitars, tranquillity",,,
1671,3.5109496180362534,3.5109496180362534,False,False,,"guitars, tranquillity",,,
1672,3.488615534677429,3.4886155346774292,False,False,,"guitars, tranquillity",,,
1673,3.440843614488569,3.440843614488569,False,False,,"guitars, tranquillity",,,
1674,3.4272777071403078,3.4272777071403078,False,False,,"guitars, tranquillity",,,
1675,3.4238752840516407,3.42387528405164,False,False,,"guitars, tranquillity",,,
1676,3.4213205736113905,3.421320573611391,False,False,,"guitars, tranquillity",,,
1677,3.439151686824921,3.439151686824921,False,False,,"guitars, tranquillity",,,
1678,3.4652558244068468,3.4652558244068463,False,False,,"guitars, tranquillity",,,
1679,3.4433794759661778,3.4433794759661773,False,False,,"guitars, tranquillity",,,
1680,3.4585438332523024,3.4585438332523024,False,False,,"guitars, tranquillity",,,
1681,3.462740813585637,3.462740813585637,False,False,,"guitars, tranquillity",,,
1682,3.4374586742435227,3.4374586742435227,False,False,,"guitars, tranquillity",,,
1683,3.404225281997297,3.404225281997297,False,False,,"guitars, tranquillity",,,
1684,3.393053108743713,3.393053108743713,False,False,,"guitars, tranquillity",,,
1685,3.401651329663604,3.401651329663604,False,False,,"guitars, tranquillity",,,
1686,3.394775022630155,3.3947750226301556,False,False,,"guitars, tranquillity",,,
1687,3.401651329663604,3.401651329663604,False,False,,"guitars, tranquillity",,,
1688,3.4230239898521804,3.4230239898521804,False,False,,"guitars, tranquillity",,,
1689,3.4221724197879477,3.422172419787948,False,False,,"guitars, tranquillity",,,
1690,3.4560224574694374,3.456022457469437,False,False,,"guitars, tranquillity",,,
1691,3.453498683307856,3.453498683307856,False,False,,"guitars, tranquillity",,,
1692,3.460223421119305,3.460223421119305,False,False,,"guitars, tranquillity",,,
1693,3.4669311782270573,3.466931178227057,False,False,,"guitars, tranquillity",,,
1694,3.482794733726759,3.4827947337267595,False,False,,"guitars, tranquillity",,,
1695,3.490276298764657,3.4902762987646576,False,False,,"guitars, tranquillity",,,
1696,3.4752921753586667,3.475292175358667,False,False,,"guitars, tranquillity",,,
1697,3.454340208238102,3.454340208238102,False,False,,"guitars, tranquillity",,,
1698,3.441689172077089,3.441689172077089,False,False,,"guitars, tranquillity",,,
1699,3.440843614488569,3.440843614488569,False,False,,"guitars, tranquillity",,,
1700,3.462740813585638,3.462740813585638,False,False,,"guitars, tranquillity",,,
1701,3.431524558600361,3.431524558600361,False,False,,"guitars, tranquillity",,,
1702,3.450972504442736,3.450972504442736,False,False,,"guitars, tranquillity",,,
1703,3.44084361448857,3.4408436144885695,False,False,,"guitars, tranquillity",,,
1704,3.435764574816735,3.435764574816735,False,False,,"guitars, tranquillity",,,
1705,3.452656891188556,3.4526568911885565,False,False,,"guitars, tranquillity",,,
1706,3.444224222745169,3.4442242227451687,False,False,,"guitars, tranquillity",,,
1707,3.4366117605065,3.4366117605065,False,False,,"guitars, tranquillity",,,
1708,3.448477510558003,3.4484775105580026,False,False,,"guitars, tranquillity",,,
1709,3.447631720597456,3.447631720597456,False,False,,"guitars, tranquillity",,,
1710,3.4628148044158458,3.462814804415846,False,False,,"guitars, tranquillity",,,
1711,3.4391589113588705,3.4391589113588705,False,False,,"guitars, tranquillity",,,
1712,3.4391589113588705,3.4391589113588705,False,False,,"guitars, tranquillity",,,
1713,3.398967245405815,3.398967245405815,False,False,,"guitars, tranquillity",,,
1714,3.411861406272908,3.411861406272908,False,False,,"guitars, tranquillity",,,
1715,3.435762163541455,3.435762163541455,False,False,,"guitars, tranquillity",,,
1716,3.451013260642852,3.451013260642852,False,False,,"guitars, tranquillity",,,
1717,3.406711369831961,3.406711369831961,False,False,,"guitars, tranquillity",,,
1718,3.406711369831961,3.406711369831961,False,False,,"guitars, tranquillity",,,
1719,3.3633938690657783,3.3633938690657783,False,False,,"guitars, tranquillity",,,
1720,3.370373445419945,3.370373445419945,False,False,,"guitars, tranquillity",,,
1721,3.414432631282013,3.414432631282013,False,False,,"guitars, tranquillity",,,
1722,3.4084291749402844,3.4084291749402844,False,False,,"guitars, tranquillity",,,
1723,3.440007415772715,3.4400074157727154,False,False,,"guitars, tranquillity",,,
1724,3.44678566027276,3.44678566027276,False,False,,"guitars, tranquillity",,,
1725,3.452702413250844,3.452702413250844,False,False,,"guitars, tranquillity",,,
1726,3.4560774931348,3.4560774931347997,False,False,,"guitars, tranquillity",,,
1727,3.4661770658129907,3.466177065812991,False,False,,"guitars, tranquillity",,,
1728,3.480419519229629,3.480419519229629,False,False,,"guitars, tranquillity",,,
1729,3.4837596689702,3.4837596689702,False,False,,"guitars, tranquillity",,,
1730,3.4837596689702,3.4837596689702,False,False,,"guitars, tranquillity",,,
1731,3.4837596689702,3.4837596689702,False,False,,"guitars, tranquillity",,,
1732,3.456920592541161,3.456920592541161,False,False,,"guitars, tranquillity",,,
1733,3.462814804415845,3.4628148044158444,False,False,,"guitars, tranquillity",,,
1734,3.4383101341718354,3.438310134171836,False,False,,"guitars, tranquillity",,,
1735,3.4161453810547764,3.416145381054776,False,False,,"guitars, tranquillity",,,
1736,3.410145853072611,3.4101458530726108,False,False,,"guitars, tranquillity",,,
1737,3.432361035770205,3.432361035770205,False,False,,"guitars, tranquillity",,,
1738,3.4178570130017327,3.4178570130017327,False,False,,"guitars, tranquillity",,,
1739,3.4246924027793084,3.4246924027793084,False,False,,"guitars, tranquillity",,,
1740,3.445092727573228,3.445092727573228,False,False,,"guitars, tranquillity",,,
1741,3.447631720597455,3.447631720597455,False,False,,"guitars, tranquillity",,,
1742,3.4187124104210347,3.4187124104210347,False,False,,"guitars, tranquillity",,,
1743,3.426398475731223,3.4263984757312227,False,False,,"guitars, tranquillity",,,
1744,3.4703739276146592,3.4703739276146597,False,False,,"guitars, tranquillity",,,
1745,3.46701696761886,3.4670169676188594,False,False,,"guitars, tranquillity",,,
1746,3.4737266631081964,3.473726663108197,False,False,,"guitars, tranquillity",,,
1747,3.4737266631081964,3.473726663108197,False,False,,"guitars, tranquillity",,,
1748,3.503713575108107,3.503713575108107,False,False,,"guitars, tranquillity",,,
1749,3.502056403274114,3.5020564032741137,False,False,,"guitars, tranquillity",,,
1750,3.488762086302269,3.4887620863022692,False,False,,"guitars, tranquillity",,,
1751,3.4945864564910085,3.4945864564910085,False,False,,"guitars, tranquillity",,,
1752,3.5218755025345576,3.521875502534558,False,False,,"guitars, tranquillity",,,
1753,3.499568728573085,3.499568728573085,False,False,,"guitars, tranquillity",,,
1754,3.497908998256772,3.497908998256772,False,False,,"guitars, tranquillity",,,
1755,3.491259794797024,3.491259794797024,False,False,,"guitars, tranquillity",,,
1756,3.485428180588272,3.485428180588272,False,False,,"guitars, tranquillity",,,
1757,3.49541747762394,3.4954174776239397,False,False,,"guitars, tranquillity",,,
1758,3.525164585371685,3.5251645853716855,False,False,,"guitars, tranquillity",,,
1759,3.525986231722788,3.525986231722788,False,False,,"guitars, tranquillity",,,
1760,3.5399162430625912,3.5399162430625917,False,False,,"guitars, tranquillity",,,
1761,3.5399162430625912,3.5399162430625917,False,False,,"guitars, tranquillity",,,
1762,3.540733433373913,3.5407334333739127,False,False,,"guitars, tranquillity",,,
1763,3.535826600336612,3.535826600336612,False,False,,"guitars, tranquillity",,,
1764,3.551334631846578,3.551334631846578,False,False,,"guitars, tranquillity",,,
1765,3.540733433373913,3.5407334333739127,False,False,,"guitars, tranquillity",,,
1766,3.51940606221011,3.51940606221011,False,False,,"guitars, tranquillity",,,
1767,3.5210526064156347,3.521052606415635,False,False,,"guitars, tranquillity",,,
1768,3.5136352395810544,3.5136352395810544,False,False,,"guitars, tranquillity",,,
1769,3.511984163834033,3.5119841638340334,False,False,,"guitars, tranquillity",,,
1770,3.520229459711254,3.520229459711254,False,False,,"guitars, tranquillity",,,
1771,3.5235205438598136,3.523520543859814,False,False,,"guitars, tranquillity",,,
1772,3.5086789755091026,3.5086789755091026,False,False,,"guitars, tranquillity",,,
1773,3.4921008702517304,3.4921008702517304,False,False,,"guitars, tranquillity",,,
1774,3.4937632935416087,3.4937632935416087,False,False,,"guitars, tranquillity",,,
1775,3.482104606630863,3.482104606630863,False,False,,"guitars, tranquillity",,,
1776,3.483773245661081,3.483773245661081,False,False,,"guitars, tranquillity",,,
1777,3.4770924289871608,3.4770924289871608,False,False,,"guitars, tranquillity",,,
1778,3.4804349253784386,3.4804349253784386,False,False,,"guitars, tranquillity",,,
1779,3.48544084426767,3.48544084426767,False,False,,"guitars, tranquillity",,,
1780,3.481269896395036,3.4812698963950366,False,False,,"guitars, tranquillity",,,
1781,3.484607174905119,3.484607174905119,False,False,,"guitars, tranquillity",,,
1782,3.5095052044933603,3.5095052044933603,False,False,,"guitars, tranquillity",,,
1783,3.5095052044933603,3.5095052044933603,False,False,,"guitars, tranquillity",,,
1784,3.5267978304712986,3.5267978304712986,False,False,,"guitars, tranquillity",,,
1785,3.522690565377592,3.5226905653775917,False,False,,"guitars, tranquillity",,,
1786,3.5374476694287,3.5374476694286994,False,False,,"guitars, tranquillity",,,
1787,3.5358119517193805,3.5358119517193805,False,False,,"guitars, tranquillity",,,
1788,3.5407161526076965,3.5407161526076965,False,False,,"guitars, tranquillity",,,
1789,3.5407161526076965,3.5407161526076965,False,False,,"guitars, tranquillity",,,
1790,3.5537509610016373,3.553750961001637,False,False,,"guitars, tranquillity",,,
1791,3.503716270325912,3.503716270325912,False,False,,"guitars, tranquillity",,,
1792,3.462839891245795,3.462839891245795,False,False,,"guitars, tranquillity",,,
1793,3.487107404244114,3.487107404244114,False,False,,"guitars, tranquillity",,,
1794,3.487107404244114,3.487107404244114,False,False,,"guitars, tranquillity",,,
1795,3.5415326595461663,3.5415326595461663,False,False,,"guitars, tranquillity",,,
1796,3.524334219629319,3.524334219629319,False,False,,"guitars, tranquillity",,,
1797,3.548055907282304,3.548055907282304,False,False,,"guitars, tranquillity",,,
1798,3.546426560470698,3.546426560470698,False,False,,"guitars, tranquillity",,,
1799,3.5796354422170213,3.579635442217022,False,False,,"guitars, tranquillity",,,
1800,3.566723787896861,3.5667237878968616,False,False,,"guitars, tranquillity",,,
1801,3.5504981016515864,3.5504981016515864,False,False,,"guitars, tranquillity",,,
1802,3.559434151302708,3.559434151302708,False,False,,"guitars, tranquillity",,,
1803,3.5349937231166213,3.5349937231166213,False,False,,"guitars, tranquillity",,,
1804,3.559434151302708,3.559434151302708,False,False,,"guitars, tranquillity",,,
1805,3.5496842800398256,3.5496842800398256,False,False,,"guitars, tranquillity",,,
1806,3.5618661895406585,3.561866189540659,False,False,,"guitars, tranquillity",,,
1807,3.569149358607437,3.569149358607437,False,False,,"guitars, tranquillity",,,
1808,3.585265257969524,3.585265257969524,False,False,,"guitars, tranquillity",,,
1809,3.5948896706201627,3.5948896706201627,False,False,,"guitars, tranquillity",,,
1810,3.5924867157285,3.5924867157284996,False,False,,"guitars, tranquillity",,,
1811,3.610856189485362,3.6108561894853626,False,False,,"guitars, tranquillity",,,
1812,3.621185302488694,3.621185302488694,False,False,,"guitars, tranquillity",,,
1813,3.618805069063463,3.6188050690634634,False,False,,"guitars, tranquillity",,,
1814,3.629895440676967,3.6298954406769663,False,False,,"guitars, tranquillity",,,
1815,3.625147835660894,3.625147835660894,False,False,,"guitars, tranquillity",,,
1816,3.6346349710682455,3.634634971068246,False,False,,"guitars, tranquillity",,,
1817,3.61801120459556,3.61801120459556,False,False,,"guitars, tranquillity",,,
1818,3.61801120459556,3.61801120459556,False,False,,"guitars, tranquillity",,,
1819,3.612447788306804,3.6124477883068034,False,False,,"guitars, tranquillity",,,
1820,3.586068577744808,3.586068577744808,False,False,,"guitars, tranquillity",,,
1821,3.610856189485362,3.6108561894853626,False,False,,"guitars, tranquillity",,,
1822,3.617217113165692,3.6172171131656916,False,False,,"guitars, tranquillity",,,
1823,3.619598706748848,3.6195987067488486,False,False,,"guitars, tranquillity",,,
1824,3.600488444632417,3.6004884446324175,False,False,,"guitars, tranquillity",,,
1825,3.590081665369727,3.5900816653697265,False,False,,"guitars, tranquillity",,,
1826,3.595690190797296,3.5956901907972956,False,False,,"guitars, tranquillity",,,
1827,3.6052783835420086,3.6052783835420086,False,False,,"guitars, tranquillity",,,
1828,3.618805069063462,3.6188050690634626,False,False,,"guitars, tranquillity",,,
1829,3.615628248701106,3.615628248701106,False,False,,"guitars, tranquillity",,,
1830,3.632266212825394,3.6322662128253937,False,False,,"guitars, tranquillity",,,
1831,3.639366464730138,3.6393664647301383,False,False,,"guitars, tranquillity",,,
1832,3.639366464730138,3.6393664647301383,False,False,,"guitars, tranquillity",,,
1833,3.629104734939808,3.6291047349398085,False,False,,"guitars, tranquillity",,,
1834,3.620392117830932,3.6203921178309315,False,False,,"guitars, tranquillity",,,
1835,3.631476179443867,3.631476179443867,False,False,,"guitars, tranquillity",,,
1836,3.618805069063462,3.6188050690634626,False,False,,"guitars, tranquillity",,,
1837,3.610827947095468,3.6108279470954674,False,False,,"guitars, tranquillity",,,
1838,3.6259649457817664,3.6259649457817664,False,False,,"guitars, tranquillity",,,
1839,3.5714037583088,3.5714037583088,False,False,,"guitars, tranquillity",,,
1840,3.560848686511461,3.560848686511461,False,False,,"guitars, tranquillity",,,
1841,3.5575927615319154,3.5575927615319154,False,False,,"guitars, tranquillity",,,
1842,3.576261651426309,3.576261651426309,False,False,,"guitars, tranquillity",,,
1843,3.5964109877655304,3.596410987765531,False,False,,"guitars, tranquillity",,,
1844,3.5964109877655304,3.596410987765531,False,False,,"guitars, tranquillity",,,
1845,3.603628858688488,3.603628858688488,False,False,,"guitars, tranquillity",,,
1846,3.613223492658192,3.6132234926581916,False,False,,"guitars, tranquillity",,,
1847,3.610827947095468,3.6108279470954674,False,False,,"guitars, tranquillity",,,
1848,3.6283474829724303,3.6283474829724307,False,False,,"guitars, tranquillity",,,
1849,3.652848676275024,3.6528486762750236,False,False,,"guitars, tranquillity",,,
1850,3.677917690208908,3.6779176902089077,False,False,,"guitars, tranquillity",,,
1851,3.6934734479288975,3.6934734479288975,False,False,,"guitars, tranquillity",,,
1852,3.6740153371960993,3.6740153371960993,False,False,,"guitars, tranquillity",,,
1853,3.671671331573876,3.6716713315738763,False,False,,"guitars, tranquillity",,,
1854,3.695799459698677,3.6957994596986765,False,False,,"guitars, tranquillity",,,
1855,3.688038653242696,3.6880386532426965,False,False,,"guitars, tranquillity",,,
1856,3.679477122211865,3.6794771222118645,False,False,,"guitars, tranquillity",,,
1857,3.659136910651163,3.6591369106511635,False,False,,"guitars, tranquillity",,,
1858,3.6732342184712743,3.673234218471274,False,False,,"guitars, tranquillity",,,
1859,3.690369127601137,3.690369127601137,False,False,,"guitars, tranquillity",,,
1860,3.684928366978248,3.684928366978248,False,False,,"guitars, tranquillity",,,
1861,3.7012194184071454,3.701219418407146,False,False,,"guitars, tranquillity",,,
1862,3.6833719407285455,3.683371940728546,False,False,,"guitars, tranquillity",,,
1863,3.678697513845736,3.6786975138457363,False,False,,"guitars, tranquillity",,,
1864,3.5600350688900093,3.5600350688900098,False,False,,"guitars, tranquillity",,,
1865,3.5412545863932303,3.54125458639323,False,False,,"guitars, tranquillity",,,
1866,3.5689715809562563,3.568971580956256,False,False,,"guitars, tranquillity",,,
1867,3.5730240119828616,3.5730240119828616,False,False,,"guitars, tranquillity",,,
1868,3.5412545863932303,3.54125458639323,False,False,,"guitars, tranquillity",,,
1869,3.519041048452279,3.5190410484522787,False,False,,"guitars, tranquillity",,,
1870,3.492475068568163,3.492475068568163,False,False,,"guitars, tranquillity",,,
1871,3.484955801146468,3.484955801146468,False,False,,"guitars, tranquillity",,,
1872,3.484955801146468,3.484955801146468,False,False,,"guitars, tranquillity",,,
1873,3.485792318832502,3.485792318832502,False,False,,"guitars, tranquillity",,,
1874,3.5115958180678613,3.5115958180678617,False,False,,"guitars, tranquillity",,,
1875,3.514079844704713,3.514079844704713,False,False,,"guitars, tranquillity",,,
1876,3.514079844704713,3.514079844704713,False,False,,"guitars, tranquillity",,,
1877,3.514079844704713,3.514079844704713,False,False,,"guitars, tranquillity",,,
1878,3.514079844704713,3.514079844704713,False,False,,"guitars, tranquillity",,,
1879,3.491640635838181,3.491640635838181,False,False,,"guitars, tranquillity",,,
1880,3.4597375817146983,3.4597375817146983,False,False,,"guitars, tranquillity",,,
1881,3.4563570271238224,3.456357027123823,False,False,,"guitars, tranquillity",,,
1882,3.3782535738592,3.3782535738592,False,False,,"guitars, tranquillity",,,
1883,3.418024996300654,3.4180249963006535,False,False,,"guitars, tranquillity",,,
1884,3.415449577523583,3.415449577523583,False,False,,"guitars, tranquillity",,,
1885,3.441941375056928,3.4419413750569285,False,False,,"guitars, tranquillity",,,
1886,3.4205978898491143,3.4205978898491147,False,False,,"guitars, tranquillity",,,
1887,3.393888623002988,3.3938886230029874,False,False,,"guitars, tranquillity",,,
1888,3.37563855568941,3.37563855568941,False,False,,"guitars, tranquillity",,,
1889,3.327220716828301,3.3272207168283003,False,False,,"guitars, tranquillity",,,
1890,3.3236635203888434,3.3236635203888434,False,False,,"guitars, tranquillity",,,
1891,3.301317762759292,3.301317762759292,False,False,,"guitars, tranquillity",,,
1892,3.322773446083235,3.322773446083235,False,False,,"guitars, tranquillity",,,
1893,3.303112673897304,3.3031126738973042,False,False,,"guitars, tranquillity",,,
1894,3.326331882238092,3.3263318822380925,False,False,,"guitars, tranquillity",,,
1895,3.3298853666916624,3.3298853666916624,False,False,,"guitars, tranquillity",,,
1896,3.333433918467985,3.3334339184679855,False,False,,"guitars, tranquillity",,,
1897,3.3660275005119527,3.3660275005119527,False,False,,"guitars, tranquillity",,,
1898,3.3730208960950665,3.3730208960950665,False,False,,"guitars, tranquillity",,,
1899,3.4111515825986896,3.41115158259869,False,False,,"guitars, tranquillity",,,
1900,3.4068465220471498,3.4068465220471498,False,False,,"guitars, tranquillity",,,
1901,3.4068465220471498,3.4068465220471498,False,False,,"guitars, tranquillity",,,
1902,3.387819493604138,3.3878194936041375,False,False,,"guitars, tranquillity",,,
1903,3.3747662963475342,3.374766296347534,False,False,,"guitars, tranquillity",,,
1904,3.39042228195299,3.3904222819529903,False,False,,"guitars, tranquillity",,,
1905,3.3799954554855303,3.3799954554855307,False,False,,"guitars, tranquillity",,,
1906,3.3537433071476603,3.3537433071476603,False,False,,"guitars, tranquillity",,,
1907,3.333433918467985,3.3334339184679855,False,False,,"guitars, tranquillity",,,
1908,3.337862700399635,3.337862700399635,False,False,,"guitars, tranquillity",,,
1909,3.3642761919206063,3.3642761919206063,False,False,,"guitars, tranquillity",,,
1910,3.38347571534722,3.3834757153472195,False,False,,"guitars, tranquillity",,,
1911,3.4033973646963376,3.403397364696338,False,False,,"guitars, tranquillity",,,
1912,3.402534363627149,3.402534363627149,False,False,,"guitars, tranquillity",,,
1913,3.393022470165559,3.3930224701655596,False,False,,"guitars, tranquillity",,,
1914,3.3886873790687813,3.3886873790687813,False,False,,"guitars, tranquillity",,,
1915,3.423168265009992,3.423168265009992,False,False,,"guitars, tranquillity",,,
1916,3.422311752689506,3.422311752689506,False,False,,"guitars, tranquillity",,,
1917,3.433424717541,3.433424717541,False,False,,"guitars, tranquillity",,,
1918,3.4283014873817024,3.4283014873817024,False,False,,"guitars, tranquillity",,,
1919,3.439389261894473,3.439389261894473,False,False,,"guitars, tranquillity",,,
1920,3.433424717541,3.433424717541,False,False,,"guitars, tranquillity",,,
1921,3.430864348123747,3.430864348123747,False,False,,"guitars, tranquillity",,,
1922,3.416308331453769,3.4163083314537697,False,False,,"guitars, tranquillity",,,
1923,3.4214549610532967,3.4214549610532963,False,False,,"guitars, tranquillity",,,
1924,3.441941375056928,3.4419413750569285,False,False,,"guitars, tranquillity",,,
1925,3.432571537468799,3.432571537468799,False,False,,"guitars, tranquillity",,,
1926,3.417166804294625,3.417166804294625,False,False,,"guitars, tranquillity",,,
1927,3.393022470165559,3.3930224701655596,False,False,,"guitars, tranquillity",,,
1928,3.402534363627149,3.402534363627149,False,False,,"guitars, tranquillity",,,
1929,3.418024996300654,3.4180249963006535,False,False,,"guitars, tranquillity",,,
1930,3.38347571534722,3.3834757153472195,False,False,,"guitars, tranquillity",,,
1931,3.386951318434733,3.3869513184347326,False,False,,"guitars, tranquillity",,,
1932,3.386951318434733,3.3869513184347326,False,False,,"guitars, tranquillity",,,
1933,3.370400587678452,3.3704005876784526,False,False,,"guitars, tranquillity",,,
1934,3.350222755008572,3.350222755008572,False,False,,"guitars, tranquillity",,,
1935,3.3528636205113465,3.352863620511347,False,False,,"guitars, tranquillity",,,
1936,3.344050166187924,3.344050166187924,False,False,,"guitars, tranquillity",,,
1937,3.3120682353562487,3.312068235356249,False,False,,"guitars, tranquillity",,,
1938,3.281489229702733,3.2814892297027325,False,False,,"guitars, tranquillity",,,
1939,3.2905214946498336,3.2905214946498336,False,False,,"guitars, tranquillity",,,
1940,3.315641641969808,3.3156416419698074,False,False,,"guitars, tranquillity",,,
1941,3.320101357901033,3.320101357901033,False,False,,"guitars, tranquillity",,,
1942,3.2751473257026973,3.2751473257026977,False,False,,"guitars, tranquillity",,,
1943,3.2796788869968903,3.2796788869968903,False,False,,"guitars, tranquillity",,,
1944,3.305802660910547,3.305802660910547,False,False,,"guitars, tranquillity",,,
1945,3.287815208552275,3.287815208552275,False,False,,"guitars, tranquillity",,,
1946,3.308489799729266,3.3084897997292666,False,False,,"guitars, tranquillity",,,
1947,3.3022153771817413,3.3022153771817413,False,False,,"guitars, tranquillity",,,
1948,3.3209923651398854,3.3209923651398854,False,False,,"guitars, tranquillity",,,
1949,3.314748760717208,3.3147487607172086,False,False,,"guitars, tranquillity",,,
1950,3.328997458757838,3.328997458757838,False,False,,"guitars, tranquillity",,,
1951,3.335206350514493,3.3352063505144924,False,False,,"guitars, tranquillity",,,
1952,3.313855566067256,3.313855566067256,False,False,,"guitars, tranquillity",,,
1953,3.3307729663337424,3.3307729663337424,False,False,,"guitars, tranquillity",,,
1954,3.305802660910546,3.305802660910546,False,False,,"guitars, tranquillity",,,
1955,3.34493287311471,3.3449328731147094,False,False,,"guitars, tranquillity",,,
1956,3.339632071616475,3.339632071616475,False,False,,"guitars, tranquillity",,,
1957,3.363400092143319,3.363400092143319,False,False,,"guitars, tranquillity",,,
1958,3.387819493604138,3.3878194936041375,False,False,,"guitars, tranquillity",,,
1959,3.4051225122370035,3.4051225122370035,False,False,,"guitars, tranquillity",,,
1960,3.4033973646963367,3.4033973646963362,False,False,,"guitars, tranquillity",,,
1961,3.3852140979099943,3.3852140979099943,False,False,,"guitars, tranquillity",,,
1962,3.3799954554855294,3.379995455485529,False,False,,"guitars, tranquillity",,,
1963,3.367777623007838,3.3677776230078376,False,False,,"guitars, tranquillity",,,
1964,3.3704005876784517,3.3704005876784517,False,False,,"guitars, tranquillity",,,
1965,3.3414002225916186,3.3414002225916186,False,False,,"guitars, tranquillity",,,
1966,3.342283841215804,3.3422838412158034,False,False,,"guitars, tranquillity",,,
1967,3.341399684363295,3.341399684363295,False,False,,"guitars, tranquillity",,,
1968,3.349346156220942,3.349346156220942,False,False,,"guitars, tranquillity",,,
1969,3.349346156220942,3.349346156220942,False,False,,"guitars, tranquillity",,,
1970,3.3120497241428275,3.312049724142828,False,False,,"guitars, tranquillity",,,
1971,3.321870586995732,3.321870586995732,False,False,,"guitars, tranquillity",,,
1972,3.3209793441339253,3.3209793441339253,False,False,,"guitars, tranquillity",,,
1973,3.3209793441339253,3.3209793441339253,False,False,,"guitars, tranquillity",,,
1974,3.3111550363184894,3.3111550363184894,False,False,,"guitars, tranquillity",,,
1975,3.313838155991604,3.3138381559916046,False,False,,"guitars, tranquillity",,,
1976,3.341399684363295,3.341399684363295,False,False,,"guitars, tranquillity",,,
1977,3.328989346118485,3.3289893461184845,False,False,,"guitars, tranquillity",,,
1978,3.2841665262226374,3.284166526222638,False,False,,"guitars, tranquillity",,,
1979,3.304883384069229,3.304883384069229,False,False,,"guitars, tranquillity",,,
1980,3.3012926118577197,3.3012926118577197,False,False,,"guitars, tranquillity",,,
1981,3.2769206293874573,3.2769206293874573,False,False,,"guitars, tranquillity",,,
1982,3.2769206293874573,3.2769206293874573,False,False,,"guitars, tranquillity",,,
1983,3.2841665262226374,3.284166526222638,False,False,,"guitars, tranquillity",,,
1984,3.296796979902273,3.296796979902273,False,False,,"guitars, tranquillity",,,
1985,3.2994953165108423,3.299495316510842,False,False,,"guitars, tranquillity",,,
1986,3.3245424486199737,3.3245424486199733,False,False,,"guitars, tranquillity",,,
1987,3.3120497241428275,3.312049724142828,False,False,,"guitars, tranquillity",,,
1988,3.3048833840692287,3.304883384069228,False,False,,"guitars, tranquillity",,,
1989,3.3048833840692287,3.304883384069228,False,False,,"guitars, tranquillity",,,
1990,3.2904896470025107,3.2904896470025107,False,False,,"guitars, tranquillity",,,
1991,3.2523102144748104,3.2523102144748104,False,False,,"guitars, tranquillity",,,
1992,3.2614533934790457,3.2614533934790457,False,False,,"guitars, tranquillity",,,
1993,3.244971492095865,3.2449714920958646,False,False,,"guitars, tranquillity",,,
1994,3.26236587618089,3.26236587618089,False,False,,"guitars, tranquillity",,,
1995,3.2458900145514136,3.2458900145514136,False,False,,"guitars, tranquillity",,,
1996,3.1986060523787527,3.1986060523787523,False,False,,"guitars, tranquillity",,,
1997,3.196733185971013,3.196733185971013,False,False,,"guitars, tranquillity",,,
1998,3.2366895026401377,3.2366895026401377,False,False,,"guitars, tranquillity",,,
1999,3.220042176107805,3.220042176107805,False,False,,"guitars, tranquillity",,,
2000,3.2283798166034194,3.2283798166034194,False,False,,"guitars, tranquillity",,,
2001,3.1911059924748675,3.1911059924748675,False,False,,"guitars, tranquillity",,,
2002,3.1976697977809097,3.197669797780909,False,False,,"guitars, tranquillity",,,
2003,3.1788691853241478,3.1788691853241478,False,False,,"guitars, tranquillity",,,
2004,3.1637237522717365,3.1637237522717365,False,False,,"guitars, tranquillity",,,
2005,3.167518956120777,3.167518956120777,False,False,,"guitars, tranquillity",,,
2006,3.2060832746081678,3.206083274608168,False,False,,"guitars, tranquillity",,,
2007,3.1976697977809097,3.197669797780909,False,False,,"guitars, tranquillity",,,
2008,3.1976697977809097,3.197669797780909,False,False,,"guitars, tranquillity",,,
2009,3.2523102144748104,3.2523102144748104,False,False,,"guitars, tranquillity",,,
2010,3.240373790986551,3.240373790986551,False,False,,"guitars, tranquillity",,,
2011,3.246808198559059,3.246808198559059,False,False,,"guitars, tranquillity",,,
2012,3.210745026417426,3.210745026417426,False,False,,"guitars, tranquillity",,,
2013,3.21260726058952,3.2126072605895195,False,False,,"guitars, tranquillity",,,
2014,3.175091647300266,3.175091647300266,False,False,,"guitars, tranquillity",,,
2015,3.1882875426420485,3.1882875426420485,False,False,,"guitars, tranquillity",,,
2016,3.1948588892045606,3.194858889204561,False,False,,"guitars, tranquillity",,,
2017,3.177925349127164,3.177925349127164,False,False,,"guitars, tranquillity",,,
2018,3.176981147651993,3.1769811476519934,False,False,,"guitars, tranquillity",,,
2019,3.172254647375547,3.172254647375547,False,False,,"guitars, tranquillity",,,
2020,3.151348185460134,3.151348185460134,False,False,,"guitars, tranquillity",,,
2021,3.14082688809639,3.1408268880963894,False,False,,"guitars, tranquillity",,,
2022,3.14082688809639,3.1408268880963894,False,False,,"guitars, tranquillity",,,
2023,3.14848328194749,3.14848328194749,False,False,,"guitars, tranquillity",,,
2024,3.1901668695749734,3.1901668695749734,False,False,,"guitars, tranquillity",,,
2025,3.1807557634462515,3.1807557634462515,False,False,,"guitars, tranquillity",,,
2026,3.166570710592153,3.166570710592153,False,False,,"guitars, tranquillity",,,
2027,3.1798126566337914,3.179812656633792,False,False,,"guitars, tranquillity",,,
2028,3.2051498641961635,3.2051498641961635,False,False,,"guitars, tranquillity",,,
2029,3.2032819803526773,3.2032819803526773,False,False,,"guitars, tranquillity",,,
2030,3.1882875426420485,3.1882875426420485,False,False,,"guitars, tranquillity",,,
2031,3.201412676664784,3.2014126766647837,False,False,,"guitars, tranquillity",,,
2032,3.180811414973757,3.1808114149737574,False,False,,"guitars, tranquillity",,,
2033,3.1845700164870565,3.184570016487056,False,False,,"guitars, tranquillity",,,
2034,3.218140699185824,3.218140699185824,False,False,,"guitars, tranquillity",,,
2035,3.219992385281195,3.219992385281195,False,False,,"guitars, tranquillity",,,
2036,3.2329155400596834,3.232915540059684,False,False,,"guitars, tranquillity",,,
2037,3.2032769673542267,3.2032769673542267,False,False,,"guitars, tranquillity",,,
2038,3.169500746172959,3.1695007461729596,False,False,,"guitars, tranquillity",,,
2039,3.1723333389081727,3.1723333389081723,False,False,,"guitars, tranquillity",,,
2040,3.1333318457668176,3.133331845766818,False,False,,"guitars, tranquillity",,,
2041,3.1053590061465064,3.105359006146507,False,False,,"guitars, tranquillity",,,
2042,3.0444266934645965,3.0444266934645965,False,False,,"guitars, tranquillity",,,
2043,3.0672146799849065,3.0672146799849065,False,False,,"guitars, tranquillity",,,
2044,3.0672146799849065,3.0672146799849065,False,False,,"guitars, tranquillity",,,
2045,3.1053590061465064,3.105359006146507,False,False,,"guitars, tranquillity",,,
2046,3.106329053590587,3.106329053590587,False,False,,"guitars, tranquillity",,,
2047,3.0917366766096146,3.0917366766096146,False,False,,"guitars, tranquillity",,,
2048,3.0917366766096146,3.0917366766096146,False,False,,"guitars, tranquillity",,,
2049,3.0917366766096146,3.0917366766096146,False,False,,"guitars, tranquillity",,,
2050,3.080978316482743,3.080978316482743,False,False,,"guitars, tranquillity",,,
2051,3.097584373679066,3.0975843736790662,False,False,,"guitars, tranquillity",,,
2052,3.097584373679066,3.0975843736790662,False,False,,"guitars, tranquillity",,,
2053,3.0711553478436406,3.07115534784364,False,False,,"guitars, tranquillity",,,
2054,3.0573340423872306,3.057334042387231,False,False,,"guitars, tranquillity",,,
2055,3.0384453468441697,3.0384453468441697,False,False,,"guitars, tranquillity",,,
2056,3.053370119012811,3.053370119012811,False,False,,"guitars, tranquillity",,,
2057,3.0662284820511445,3.066228482051145,False,False,,"guitars, tranquillity",,,
2058,3.0731232141174187,3.0731232141174183,False,False,,"guitars, tranquillity",,,
2059,3.0848961025640578,3.0848961025640578,False,False,,"guitars, tranquillity",,,
2060,3.1014748631879274,3.101474863187928,False,False,,"guitars, tranquillity",,,
2061,3.11986850355298,3.11986850355298,False,False,,"guitars, tranquillity",,,
2062,3.1150417843725657,3.115041784372566,False,False,,"guitars, tranquillity",,,
2063,3.1140752708828843,3.1140752708828843,False,False,,"guitars, tranquillity",,,
2064,3.099530413546303,3.099530413546303,False,False,,"guitars, tranquillity",,,
2065,3.0956367399815248,3.0956367399815243,False,False,,"guitars, tranquillity",,,
2066,3.088807418268228,3.088807418268228,False,False,,"guitars, tranquillity",,,
2067,3.1034177261953,3.1034177261953,False,False,,"guitars, tranquillity",,,
2068,3.0966107562849,3.0966107562848997,False,False,,"guitars, tranquillity",,,
2069,3.1005028369205445,3.100502836920544,False,False,,"guitars, tranquillity",,,
2070,3.085874536932235,3.0858745369322356,False,False,,"guitars, tranquillity",,,
2071,3.089784239658525,3.0897842396585253,False,False,,"guitars, tranquillity",,,
2072,3.055352918046645,3.055352918046645,False,False,,"guitars, tranquillity",,,
2073,3.050392771824354,3.050392771824354,False,False,,"guitars, tranquillity",,,
2074,3.052378090260261,3.052378090260261,False,False,,"guitars, tranquillity",,,
2075,3.033449149733923,3.0334491497339235,False,False,,"guitars, tranquillity",,,
2076,3.0662284820511445,3.066228482051145,False,False,,"guitars, tranquillity",,,
2077,3.0662284820511445,3.066228482051145,False,False,,"guitars, tranquillity",,,
2078,3.0444266934645965,3.0444266934645965,False,False,,"guitars, tranquillity",,,
2079,3.046417077396036,3.0464170773960357,False,False,,"guitars, tranquillity",,,
2080,3.050392771824354,3.050392771824354,False,False,,"guitars, tranquillity",,,
2081,3.035448914036426,3.035448914036426,False,False,,"guitars, tranquillity",,,
2082,3.033449149733923,3.0334491497339235,False,False,,"guitars, tranquillity",,,
2083,3.0384453468441697,3.0384453468441697,False,False,,"guitars, tranquillity",,,
2084,3.030446279437688,3.030446279437688,False,False,,"guitars, tranquillity",,,
2085,3.027439528228938,3.0274395282289377,False,False,,"guitars, tranquillity",,,
2086,3.0444266934645965,3.0444266934645965,False,False,,"guitars, tranquillity",,,
2087,3.042434613070057,3.0424346130700575,False,False,,"guitars, tranquillity",,,
2088,3.0173888161264126,3.017388816126413,False,False,,"guitars, tranquillity",,,
2089,3.0042573322100723,3.0042573322100727,False,False,,"guitars, tranquillity",,,
2090,2.9849295716815707,2.9849295716815702,False,False,,"guitars, tranquillity",,,
2091,2.936404096418976,2.9364040964189764,False,False,,"guitars, tranquillity",,,
2092,2.9436974089007863,2.9436974089007863,False,False,,"guitars, tranquillity",,,
2093,2.990031607432326,2.990031607432326,False,False,,"guitars, tranquillity",,,
2094,2.986971748236388,2.986971748236388,False,False,,"guitars, tranquillity",,,
2095,2.9818507892722805,2.9818507892722805,False,False,,"guitars, tranquillity",,,
2096,2.984924737875392,2.984924737875392,False,False,,"guitars, tranquillity",,,
2097,2.929997671356708,2.9299976713567077,False,False,,"guitars, tranquillity",,,
2098,2.891910308758832,2.8919103087588325,False,False,,"guitars, tranquillity",,,
2099,2.8908429828058293,2.8908429828058293,False,False,,"guitars, tranquillity",,,
2100,2.935236753751377,2.935236753751377,False,False,,"guitars, tranquillity",,,
2101,2.937328979638852,2.9373289796388518,False,False,,"guitars, tranquillity",,,
2102,2.9173738197672625,2.9173738197672625,False,False,,"guitars, tranquillity",,,
2103,2.9173738197672625,2.9173738197672625,False,False,,"guitars, tranquillity",,,
2104,2.978772707365985,2.978772707365985,False,False,,"guitars, tranquillity",,,
2105,2.9890169329046543,2.9890169329046543,False,False,,"guitars, tranquillity",,,
2106,3.0425642756553803,3.042564275655381,False,False,,"guitars, tranquillity",,,
2107,3.093934325654454,3.093934325654454,False,False,,"guitars, tranquillity",,,
2108,3.0752940322600546,3.075294032260055,False,False,,"guitars, tranquillity",,,
2109,3.0910008519540213,3.091000851954021,False,False,,"guitars, tranquillity",,,
2110,3.024516787572409,3.024516787572409,False,False,,"guitars, tranquillity",,,
2111,3.0164504833181884,3.0164504833181884,False,False,,"guitars, tranquillity",,,
2112,3.033558013896827,3.033558013896827,False,False,,"guitars, tranquillity",,,
2113,3.041565294936348,3.041565294936348,False,False,,"guitars, tranquillity",,,
2114,3.0425642756553803,3.042564275655381,False,False,,"guitars, tranquillity",,,
2115,3.062454871948537,3.062454871948537,False,False,,"guitars, tranquillity",,,
2116,3.052530677212671,3.052530677212671,False,False,,"guitars, tranquillity",,,
2117,2.9971795043702105,2.997179504370211,False,False,,"guitars, tranquillity",,,
2118,2.9890169329046543,2.9890169329046543,False,False,,"guitars, tranquillity",,,
2119,3.0315518873351497,3.0315518873351492,False,False,,"guitars, tranquillity",,,
2120,3.052530677212671,3.052530677212671,False,False,,"guitars, tranquillity",,,
2121,3.0574980195230506,3.0574980195230506,False,False,,"guitars, tranquillity",,,
2122,3.047552783346032,3.047552783346032,False,False,,"guitars, tranquillity",,,
2123,3.021495210370287,3.021495210370287,False,False,,"guitars, tranquillity",,,
2124,3.094911345509198,3.094911345509198,False,False,,"guitars, tranquillity",,,
2125,3.106604389474972,3.106604389474972,False,False,,"guitars, tranquillity",,,
2126,3.101739265394557,3.101739265394557,False,False,,"guitars, tranquillity",,,
2127,3.0949113455091983,3.0949113455091988,False,False,,"guitars, tranquillity",,,
2128,3.1027130852407065,3.102713085240707,False,False,,"guitars, tranquillity",,,
2129,3.1027130852407065,3.102713085240707,False,False,,"guitars, tranquillity",,,
2130,3.1133989364418486,3.1133989364418486,False,False,,"guitars, tranquillity",,,
2131,3.1163049803507463,3.1163049803507463,False,False,,"guitars, tranquillity",,,
2132,3.1163049803507463,3.1163049803507463,False,False,,"guitars, tranquillity",,,
2133,3.154719903510771,3.154719903510771,False,False,,"guitars, tranquillity",,,
2134,3.1489965463557743,3.1489965463557748,False,False,,"guitars, tranquillity",,,
2135,3.1489965463557743,3.1489965463557748,False,False,,"guitars, tranquillity",,,
2136,3.1489965463557743,3.1489965463557748,False,False,,"guitars, tranquillity",,,
2137,3.171809364112429,3.171809364112429,False,False,,"guitars, tranquillity",,,
2138,3.1461297800787955,3.146129780078795,False,False,,"guitars, tranquillity",,,
2139,3.135589072195616,3.1355890721956166,False,False,,"guitars, tranquillity",,,
2140,3.1182403835121906,3.11824038351219,False,False,,"guitars, tranquillity",,,
2141,3.128857247233873,3.1288572472338725,False,False,,"guitars, tranquillity",,,
2142,3.1085476627786983,3.1085476627786983,False,False,,"guitars, tranquillity",,,
2143,3.1259663963373665,3.1259663963373665,False,False,,"guitars, tranquillity",,,
2144,3.0910008519540213,3.091000851954021,False,False,,"guitars, tranquillity",,,
2145,3.119207498574577,3.1192074985745775,False,False,,"guitars, tranquillity",,,
2146,3.106604389474972,3.106604389474972,False,False,,"guitars, tranquillity",,,
2147,3.1375089962558755,3.1375089962558755,False,False,,"guitars, tranquillity",,,
2148,3.124037226148343,3.124037226148343,False,False,,"guitars, tranquillity",,,
2149,3.124037226148343,3.124037226148343,False,False,,"guitars, tranquillity",,,
2150,3.1104893549692774,3.1104893549692774,False,False,,"guitars, tranquillity",,,
2151,3.098815413559123,3.098815413559123,False,False,,"guitars, tranquillity",,,
2152,3.094911345509198,3.094911345509198,False,False,,"guitars, tranquillity",,,
2153,3.0997904300056507,3.0997904300056507,False,False,,"guitars, tranquillity",,,
2154,3.06740129557201,3.06740129557201,False,False,,"guitars, tranquillity",,,
2155,3.0495452110511208,3.0495452110511208,False,False,,"guitars, tranquillity",,,
2156,3.041565294936348,3.041565294936348,False,False,,"guitars, tranquillity",,,
2157,3.050540789326313,3.050540789326313,False,False,,"guitars, tranquillity",,,
2158,3.032555166700714,3.0325551667007145,False,False,,"guitars, tranquillity",,,
2159,3.0345604294383253,3.0345604294383253,False,False,,"guitars, tranquillity",,,
2160,3.047562643519251,3.047562643519251,False,False,,"guitars, tranquillity",,,
2161,3.070391210160526,3.070391210160526,False,False,,"guitars, tranquillity",,,
2162,3.0425703564212982,3.0425703564212982,False,False,,"guitars, tranquillity",,,
2163,3.001224418044255,3.0012244180442544,False,False,,"guitars, tranquillity",,,
2164,3.0144141253248247,3.014414125324825,False,False,,"guitars, tranquillity",,,
2165,3.003258516510939,3.003258516510939,False,False,,"guitars, tranquillity",,,
2166,3.0002066950753234,3.0002066950753234,False,False,,"guitars, tranquillity",,,
2167,2.986935154889665,2.986935154889665,False,False,,"guitars, tranquillity",,,
2168,2.9746159577187816,2.9746159577187816,False,False,,"guitars, tranquillity",,,
2169,2.9746159577187816,2.9746159577187816,False,False,,"guitars, tranquillity",,,
2170,3.0214852392453517,3.0214852392453517,False,False,,"guitars, tranquillity",,,
2171,3.024509127459872,3.024509127459872,False,False,,"guitars, tranquillity",,,
2172,3.0052908220016312,3.0052908220016317,False,False,,"guitars, tranquillity",,,
2173,3.018457403878455,3.018457403878455,False,False,,"guitars, tranquillity",,,
2174,3.0002066950753234,3.0002066950753234,False,False,,"guitars, tranquillity",,,
2175,2.9889819279574645,2.9889819279574645,False,False,,"guitars, tranquillity",,,
2176,3.010363770076464,3.010363770076464,False,False,,"guitars, tranquillity",,,
2177,2.9961312987884483,2.9961312987884483,False,False,,"guitars, tranquillity",,,
2178,3.001224418044254,3.001224418044254,False,False,,"guitars, tranquillity",,,
2179,2.98078384623366,2.9807838462336598,False,False,,"guitars, tranquillity",,,
2180,2.979757019531032,2.979757019531032,False,False,,"guitars, tranquillity",,,
2181,2.946651915186393,2.9466519151863935,False,False,,"guitars, tranquillity",,,
2182,2.9424796163801448,2.9424796163801448,False,False,,"guitars, tranquillity",,,
2183,2.9456095621271854,2.9456095621271854,False,False,,"guitars, tranquillity",,,
2184,2.9193928969848897,2.9193928969848892,False,False,,"guitars, tranquillity",,,
2185,2.9611947268746084,2.961194726874609,False,False,,"guitars, tranquillity",,,
2186,2.950816532805361,2.950816532805361,False,False,,"guitars, tranquillity",,,
2187,2.9518564916033685,2.9518564916033685,False,False,,"guitars, tranquillity",,,
2188,2.929916237790624,2.929916237790624,False,False,,"guitars, tranquillity",,,
2189,2.9035145992119347,2.9035145992119347,False,False,,"guitars, tranquillity",,,
2190,2.9098794629989104,2.909879462998911,False,False,,"guitars, tranquillity",,,
2191,2.9098794629989104,2.909879462998911,False,False,,"guitars, tranquillity",,,
2192,2.871413950000281,2.8714139500002807,False,False,,"guitars, tranquillity",,,
2193,2.900325341407463,2.900325341407463,False,False,,"guitars, tranquillity",,,
2194,2.9035145992119347,2.9035145992119347,False,False,,"guitars, tranquillity",,,
2195,2.8949997367733813,2.8949997367733813,False,False,,"guitars, tranquillity",,,
2196,2.89926123977201,2.89926123977201,False,False,,"guitars, tranquillity",,,
2197,2.871413950000281,2.8714139500002807,False,False,,"guitars, tranquillity",,,
2198,2.902452020456711,2.902452020456711,False,False,,"guitars, tranquillity",,,
2199,2.916226243597083,2.9162262435970834,False,False,,"guitars, tranquillity",,,
2200,2.960159039649875,2.960159039649875,False,False,,"guitars, tranquillity",,,
2201,2.9414353368903177,2.941435336890317,False,False,,"guitars, tranquillity",,,
2202,2.9424796163801457,2.9424796163801457,False,False,,"guitars, tranquillity",,,
2203,2.947693788172999,2.947693788172999,False,False,,"guitars, tranquillity",,,
2204,2.9320150051938265,2.9320150051938265,False,False,,"guitars, tranquillity",,,
2205,2.889661340144677,2.8896613401446776,False,False,,"guitars, tranquillity",,,
2206,2.8917982392804795,2.8917982392804795,False,False,,"guitars, tranquillity",,,
2207,2.864937510643428,2.864937510643428,False,False,,"guitars, tranquillity",,,
2208,2.909879462998911,2.909879462998911,False,False,,"guitars, tranquillity",,,
2209,2.8864521265210104,2.886452126521011,False,False,,"guitars, tranquillity",,,
2210,2.868178111449748,2.868178111449748,False,False,,"guitars, tranquillity",,,
2211,2.855186939549371,2.855186939549371,False,False,,"guitars, tranquillity",,,
2212,2.8366498836787035,2.8366498836787035,False,False,,"guitars, tranquillity",,,
2213,2.8453928001050297,2.8453928001050297,False,False,,"guitars, tranquillity",,,
2214,2.8530142482325744,2.8530142482325744,False,False,,"guitars, tranquillity",,,
2215,2.8530142482325744,2.8530142482325744,False,False,,"guitars, tranquillity",,,
2216,2.8278717250741447,2.8278717250741447,False,False,,"guitars, tranquillity",,,
2217,2.8333622252562694,2.8333622252562694,False,False,,"guitars, tranquillity",,,
2218,2.8333622252562694,2.8333622252562694,False,False,,"guitars, tranquillity",,,
2219,2.806880025039151,2.806880025039151,False,False,,"guitars, tranquillity",,,
2220,2.795749170896138,2.7957491708961375,False,False,,"guitars, tranquillity",,,
2221,2.7744399866333174,2.7744399866333174,False,False,,"guitars, tranquillity",,,
2222,2.738060906195303,2.7380609061953027,False,False,,"guitars, tranquillity",,,
2223,2.7800683017313275,2.7800683017313275,False,False,,"guitars, tranquillity",,,
2224,2.767666314942785,2.767666314942785,False,False,,"guitars, tranquillity",,,
2225,2.768796759468513,2.7687967594685126,False,False,,"guitars, tranquillity",,,
2226,2.751776500243694,2.7517765002436945,False,False,,"guitars, tranquillity",,,
2227,2.751776500243694,2.7517765002436945,False,False,,"guitars, tranquillity",,,
2228,2.732319582336776,2.732319582336776,False,False,,"guitars, tranquillity",,,
2229,2.614014408818763,2.614014408818763,False,False,,"guitars, tranquillity",,,
2230,2.654028372325526,2.654028372325526,False,False,,"guitars, tranquillity",,,
2231,2.6956260392729146,2.6956260392729146,False,False,,"guitars, tranquillity",,,
2232,2.635938279003459,2.635938279003459,False,False,,"guitars, tranquillity",,,
2233,2.660022832912813,2.660022832912813,False,False,,"guitars, tranquillity",,,
2234,2.693271543172066,2.693271543172066,False,False,,"guitars, tranquillity",,,
2235,2.667193038906197,2.667193038906197,False,False,,"guitars, tranquillity",,,
2236,2.643193671678423,2.643193671678423,False,False,,"guitars, tranquillity",,,
2237,2.643193671678423,2.643193671678423,False,False,,"guitars, tranquillity",,,
2238,2.667193038906197,2.667193038906197,False,False,,"guitars, tranquillity",,,
2239,2.6564282710685383,2.6564282710685383,False,False,,"guitars, tranquillity",,,
2240,2.662415696632905,2.662415696632905,False,False,,"guitars, tranquillity",,,
2241,2.662415696632905,2.662415696632905,False,False,,"guitars, tranquillity",,,
2242,2.699152768981867,2.699152768981867,False,False,,"guitars, tranquillity",,,
2243,2.716697093477652,2.716697093477652,False,False,,"guitars, tranquillity",,,
2244,2.692093289071197,2.692093289071197,False,False,,"guitars, tranquillity",,,
2245,2.721350722322567,2.721350722322567,False,False,,"guitars, tranquillity",,,
2246,2.7190252047402224,2.7190252047402224,False,False,,"guitars, tranquillity",,,
2247,2.7190252047402224,2.7190252047402224,False,False,,"guitars, tranquillity",,,
2248,2.696802283383598,2.696802283383598,False,False,,"guitars, tranquillity",,,
2249,2.6944491262204,2.6944491262204,False,False,,"guitars, tranquillity",,,
2250,2.7398624399295004,2.7398624399295004,False,False,,"guitars, tranquillity",,,
2251,2.77187164769728,2.77187164769728,False,False,,"guitars, tranquillity",,,
2252,2.7547841132729785,2.7547841132729785,False,False,,"guitars, tranquillity",,,
2253,2.7707367469967226,2.7707367469967226,False,False,,"guitars, tranquillity",,,
2254,2.787697140866864,2.7876971408668645,False,False,,"guitars, tranquillity",,,
2255,2.752495326992037,2.752495326992037,False,False,,"guitars, tranquillity",,,
2256,2.76049526989024,2.76049526989024,False,False,,"guitars, tranquillity",,,
2257,2.766191076817792,2.766191076817792,False,False,,"guitars, tranquillity",,,
2258,2.796687971835867,2.796687971835867,False,False,,"guitars, tranquillity",,,
2259,2.785443523729964,2.785443523729964,False,False,,"guitars, tranquillity",,,
2260,2.8089892333766926,2.8089892333766926,False,False,,"guitars, tranquillity",,,
2261,2.7910731237939883,2.7910731237939883,False,False,,"guitars, tranquillity",,,
2262,2.776405209936836,2.776405209936836,False,False,,"guitars, tranquillity",,,
2263,2.761635655594446,2.761635655594446,False,False,,"guitars, tranquillity",,,
2264,2.74561404766693,2.74561404766693,False,False,,"guitars, tranquillity",,,
2265,2.74216496880332,2.74216496880332,False,False,,"guitars, tranquillity",,,
2266,2.74561404766693,2.74561404766693,False,False,,"guitars, tranquillity",,,
2267,2.753640029888308,2.7536400298883077,False,False,,"guitars, tranquillity",,,
2268,2.7752727236823787,2.7752727236823787,False,False,,"guitars, tranquillity",,,
2269,2.7364039130965296,2.736403913096529,False,False,,"guitars, tranquillity",,,
2270,2.747910301669678,2.7479103016696778,False,False,,"guitars, tranquillity",,,
2271,2.7259940083331475,2.7259940083331475,False,False,,"guitars, tranquillity",,,
2272,2.712033057782529,2.712033057782529,False,False,,"guitars, tranquillity",,,
2273,2.714366380512712,2.714366380512712,False,False,,"guitars, tranquillity",,,
2274,2.7201882872416223,2.7201882872416228,False,False,,"guitars, tranquillity",,,
2275,2.76049526989024,2.76049526989024,False,False,,"guitars, tranquillity",,,
2276,2.766191076817792,2.766191076817792,False,False,,"guitars, tranquillity",,,
2277,2.784315824013207,2.7843158240132073,False,False,,"guitars, tranquillity",,,
2278,2.7775370947981264,2.777537094798127,False,False,,"guitars, tranquillity",,,
2279,2.7786683791493263,2.7786683791493263,False,False,,"guitars, tranquillity",,,
2280,2.7820586379412644,2.782058637941265,False,False,,"guitars, tranquillity",,,
2281,2.7820586379412644,2.782058637941265,False,False,,"guitars, tranquillity",,,
2282,2.8190019550420096,2.8190019550420096,False,False,,"guitars, tranquillity",,,
2283,2.806757862354195,2.8067578623541944,False,False,,"guitars, tranquillity",,,
2284,2.7797990638713763,2.779799063871376,False,False,,"guitars, tranquillity",,,
2285,2.7797990638713763,2.779799063871376,False,False,,"guitars, tranquillity",,,
2286,2.7786683791493263,2.7786683791493263,False,False,,"guitars, tranquillity",,,
2287,2.7467624872293688,2.7467624872293688,False,False,,"guitars, tranquillity",,,
2288,2.7547841132729785,2.7547841132729785,False,False,,"guitars, tranquillity",,,
2289,2.786570629059086,2.786570629059086,False,False,,"guitars, tranquillity",,,
2290,2.797809180595562,2.797809180595562,False,False,,"guitars, tranquillity",,,
2291,2.7955661772591927,2.795566177259192,False,False,,"guitars, tranquillity",,,
2292,2.77187164769728,2.77187164769728,False,False,,"guitars, tranquillity",,,
2293,2.763914588705481,2.763914588705481,False,False,,"guitars, tranquillity",,,
2294,2.791073123793988,2.7910731237939883,False,False,,"guitars, tranquillity",,,
2295,2.7559604210344144,2.7559604210344144,False,False,,"guitars, tranquillity",,,
2296,2.762801829047256,2.762801829047256,False,False,,"guitars, tranquillity",,,
2297,2.7387593637328944,2.738759363732895,False,False,,"guitars, tranquillity",,,
2298,2.7502423025332825,2.7502423025332825,False,False,,"guitars, tranquillity",,,
2299,2.7502423025332825,2.7502423025332825,False,False,,"guitars, tranquillity",,,
2300,2.7559604210344144,2.7559604210344144,False,False,,"guitars, tranquillity",,,
2301,2.7364552396114568,2.7364552396114568,False,False,,"guitars, tranquillity",,,
2302,2.7364552396114568,2.7364552396114568,False,False,,"guitars, tranquillity",,,
2303,2.754818034007449,2.754818034007449,False,False,,"guitars, tranquillity",,,
2304,2.753675029569409,2.7536750295694086,False,False,,"guitars, tranquillity",,,
2305,2.753675029569409,2.7536750295694086,False,False,,"guitars, tranquillity",,,
2306,2.753675029569409,2.7536750295694086,False,False,,"guitars, tranquillity",,,
2307,2.7955620175229376,2.7955620175229376,False,False,,"guitars, tranquillity",,,
2308,2.7955620175229376,2.7955620175229376,False,False,,"guitars, tranquillity",,,
2309,2.7786799090795085,2.778679909079508,False,False,,"guitars, tranquillity",,,
2310,2.7786799090795085,2.778679909079508,False,False,,"guitars, tranquillity",,,
2311,2.7696212407186964,2.7696212407186964,False,False,,"guitars, tranquillity",,,
2312,2.7559604210344144,2.7559604210344144,False,False,,"guitars, tranquillity",,,
2313,2.7559604210344144,2.7559604210344144,False,False,,"guitars, tranquillity",,,
2314,2.7318393939142247,2.7318393939142243,False,False,,"guitars, tranquillity",,,
2315,2.7295276568935547,2.7295276568935547,False,False,,"guitars, tranquillity",,,
2316,2.720255098994675,2.720255098994675,False,False,,"guitars, tranquillity",,,
2317,2.720255098994675,2.720255098994675,False,False,,"guitars, tranquillity",,,
2318,2.7295276568935547,2.7295276568935547,False,False,,"guitars, tranquillity",,,
2319,2.705098761063834,2.705098761063834,False,False,,"guitars, tranquillity",,,
2320,2.707437701708939,2.707437701708939,False,False,,"guitars, tranquillity",,,
2321,2.700412959782715,2.700412959782715,False,False,,"guitars, tranquillity",,,
2322,2.719093131913308,2.7190931319133083,False,False,,"guitars, tranquillity",,,
2323,2.719093131913308,2.7190931319133083,False,False,,"guitars, tranquillity",,,
2324,2.702757183170591,2.702757183170591,False,False,,"guitars, tranquillity",,,
2325,2.6862915968915946,2.6862915968915946,False,False,,"guitars, tranquillity",,,
2326,2.693364333549502,2.693364333549502,False,False,,"guitars, tranquillity",,,
2327,2.672072870107323,2.672072870107323,False,False,,"guitars, tranquillity",,,
2328,2.660148200720227,2.660148200720227,False,False,,"guitars, tranquillity",,,
2329,2.6409225705974424,2.6409225705974424,False,False,,"guitars, tranquillity",,,
2330,2.632453766055768,2.632453766055768,False,False,,"guitars, tranquillity",,,
2331,2.646950124958361,2.646950124958361,False,False,,"guitars, tranquillity",,,
2332,2.667311334704233,2.667311334704233,False,False,,"guitars, tranquillity",,,
2333,2.667311334704233,2.667311334704233,False,False,,"guitars, tranquillity",,,
2334,2.683928620544531,2.683928620544531,False,False,,"guitars, tranquillity",,,
2335,2.6957165433251182,2.6957165433251182,False,False,,"guitars, tranquillity",,,
2336,2.7074377017089386,2.7074377017089386,False,False,,"guitars, tranquillity",,,
2337,2.7074377017089386,2.7074377017089386,False,False,,"guitars, tranquillity",,,
2338,2.7132735691001497,2.7132735691001497,False,False,,"guitars, tranquillity",,,
2339,2.6732615282730983,2.6732615282730983,False,False,,"guitars, tranquillity",,,
2340,2.681562931180886,2.681562931180886,False,False,,"guitars, tranquillity",,,
2341,2.7341485855729637,2.734148585572964,False,False,,"guitars, tranquillity",,,
2342,2.7364552396114568,2.7364552396114568,False,False,,"guitars, tranquillity",,,
2343,2.7353022293123894,2.7353022293123894,False,False,,"guitars, tranquillity",,,
2344,2.7248965156054616,2.724896515605461,False,False,,"guitars, tranquillity",,,
2345,2.767350535460172,2.767350535460172,False,False,,"guitars, tranquillity",,,
2346,2.767350535460172,2.767350535460172,False,False,,"guitars, tranquillity",,,
2347,2.797802947503289,2.7978029475032895,False,False,,"guitars, tranquillity",,,
2348,2.857446613182897,2.8574466131828973,False,False,,"guitars, tranquillity",,,
2349,2.862887508422764,2.8628875084227645,False,False,,"guitars, tranquillity",,,
2350,2.856356813697423,2.8563568136974227,False,False,,"guitars, tranquillity",,,
2351,2.884616338260293,2.8846163382602925,False,False,,"guitars, tranquillity",,,
2352,2.9189097471325134,2.918909747132514,False,False,,"guitars, tranquillity",,,
2353,2.92103569563409,2.9210356956340906,False,False,,"guitars, tranquillity",,,
2354,2.887853901458175,2.887853901458175,False,False,,"guitars, tranquillity",,,
2355,2.859636107430421,2.8596361074304215,False,False,,"guitars, tranquillity",,,
2356,2.8770435569878163,2.8770435569878163,False,False,,"guitars, tranquillity",,,
2357,2.884616338260293,2.8846163382602925,False,False,,"guitars, tranquillity",,,
2358,2.8705318746696005,2.8705318746696005,False,False,,"guitars, tranquillity",,,
2359,2.90290041338077,2.90290041338077,False,False,,"guitars, tranquillity",,,
2360,2.8705318746696005,2.8705318746696005,False,False,,"guitars, tranquillity",,,
2361,2.8705318746696005,2.8705318746696005,False,False,,"guitars, tranquillity",,,
2362,2.853072608572385,2.853072608572385,False,False,,"guitars, tranquillity",,,
2363,2.840988172040706,2.8409881720407055,False,False,,"guitars, tranquillity",,,
2364,2.8365771927155943,2.8365771927155943,False,False,,"guitars, tranquillity",,,
2365,2.8508803998632697,2.8508803998632697,False,False,,"guitars, tranquillity",,,
2366,2.851976778586134,2.8519767785861334,False,False,,"guitars, tranquillity",,,
2367,2.8299439213216706,2.8299439213216706,False,False,,"guitars, tranquillity",,,
2368,2.825510465009297,2.8255104650092964,False,False,,"guitars, tranquillity",,,
2369,2.83878379835169,2.8387837983516895,False,False,,"guitars, tranquillity",,,
2370,2.860728117429168,2.8607281174291685,False,False,,"guitars, tranquillity",,,
2371,2.8629105100459764,2.8629105100459764,False,False,,"guitars, tranquillity",,,
2372,2.856356813697423,2.8563568136974227,False,False,,"guitars, tranquillity",,,
2373,2.856356813697423,2.8563568136974227,False,False,,"guitars, tranquillity",,,
2374,2.833263085646213,2.833263085646213,False,False,,"guitars, tranquillity",,,
2375,2.842089523855288,2.8420895238552877,False,False,,"guitars, tranquillity",,,
2376,2.833263085646213,2.833263085646213,False,False,,"guitars, tranquillity",,,
2377,2.8188432395179013,2.8188432395179013,False,False,,"guitars, tranquillity",,,
2378,2.8365771927155943,2.8365771927155943,False,False,,"guitars, tranquillity",,,
2379,2.8552626253711497,2.8552626253711497,False,False,,"guitars, tranquillity",,,
2380,2.875959610065035,2.875959610065035,False,False,,"guitars, tranquillity",,,
2381,2.879209856469288,2.8792098564692874,False,False,,"guitars, tranquillity",,,
2382,2.8727045718898827,2.8727045718898827,False,False,,"guitars, tranquillity",,,
2383,2.8943148838585078,2.8943148838585073,False,False,,"guitars, tranquillity",,,
2384,2.8996847198708227,2.899684719870822,False,False,,"guitars, tranquillity",,,
2385,2.892163311899353,2.892163311899353,False,False,,"guitars, tranquillity",,,
2386,2.8889320391386435,2.8889320391386435,False,False,,"guitars, tranquillity",,,
2387,2.879209856469288,2.8792098564692874,False,False,,"guitars, tranquillity",,,
2388,2.879209856469288,2.8792098564692874,False,False,,"guitars, tranquillity",,,
2389,2.8727045718898827,2.8727045718898827,False,False,,"guitars, tranquillity",,,
2390,2.879209856469288,2.8792098564692874,False,False,,"guitars, tranquillity",,,
2391,2.879209856469288,2.8792098564692874,False,False,,"guitars, tranquillity",,,
2392,2.879209856469288,2.8792098564692874,False,False,,"guitars, tranquillity",,,
2393,2.879209856469288,2.8792098564692874,False,False,,"guitars, tranquillity",,,
2394,2.853072608572385,2.853072608572385,False,False,,"guitars, tranquillity",,,
2395,2.880292210468792,2.880292210468792,False,False,,"guitars, tranquillity",,,
2396,2.8878539014581754,2.887853901458176,False,False,,"guitars, tranquillity",,,
2397,2.880292210468792,2.880292210468792,False,False,,"guitars, tranquillity",,,
2398,2.8552626253711497,2.8552626253711497,False,False,,"guitars, tranquillity",,,
2399,2.860728117429168,2.8607281174291685,False,False,,"guitars, tranquillity",,,
2400,2.8878539014581754,2.887853901458176,False,False,,"guitars, tranquillity",,,
2401,2.898611789192523,2.898611789192523,False,False,,"guitars, tranquillity",,,
2402,2.905041633817041,2.905041633817041,False,False,,"guitars, tranquillity",,,
2403,2.911452994025165,2.911452994025165,False,False,,"guitars, tranquillity",,,
2404,2.905041633817041,2.905041633817041,False,False,,"guitars, tranquillity",,,
2405,2.9274014808686197,2.9274014808686193,False,False,,"guitars, tranquillity",,,
2406,2.917846016145967,2.9178460161459667,False,False,,"guitars, tranquillity",,,
2407,2.9252815572439475,2.9252815572439475,False,False,,"guitars, tranquillity",,,
2408,2.922097914472157,2.922097914472157,False,False,,"guitars, tranquillity",,,
2409,2.918909747132514,2.918909747132514,False,False,,"guitars, tranquillity",,,
2410,2.909317918707983,2.909317918707983,False,False,,"guitars, tranquillity",,,
2411,2.9050416338170413,2.9050416338170417,False,False,,"guitars, tranquillity",,,
2412,2.9029004133807703,2.90290041338077,False,False,,"guitars, tranquillity",,,
2413,2.923159630581408,2.923159630581408,False,False,,"guitars, tranquillity",,,
2414,2.891086743656147,2.891086743656147,False,False,,"guitars, tranquillity",,,
2415,2.892163311899354,2.8921633118993544,False,False,,"guitars, tranquillity",,,
2416,2.882455330575391,2.8824553305753904,False,False,,"guitars, tranquillity",,,
2417,2.86726880658171,2.8672688065817105,False,False,,"guitars, tranquillity",,,
2418,2.859636107430422,2.859636107430422,False,False,,"guitars, tranquillity",,,
2419,2.8683570332226287,2.868357033222629,False,False,,"guitars, tranquillity",,,
2420,2.8541678905814765,2.854167890581477,False,False,,"guitars, tranquillity",,,
2421,2.834385903681412,2.834385903681412,False,False,,"guitars, tranquillity",,,
2422,2.80437116218084,2.80437116218084,False,False,,"guitars, tranquillity",,,
2423,2.781865335165935,2.781865335165935,False,False,,"guitars, tranquillity",,,
2424,2.7998888391121253,2.7998888391121253,False,False,,"guitars, tranquillity",,,
2425,2.759119801929504,2.759119801929504,False,False,,"guitars, tranquillity",,,
2426,2.7682472330672017,2.7682472330672017,False,False,,"guitars, tranquillity",,,
2427,2.73843792804726,2.73843792804726,False,False,,"guitars, tranquillity",,,
2428,2.753395128285488,2.753395128285488,False,False,,"guitars, tranquillity",,,
2429,2.7579761052916614,2.7579761052916614,False,False,,"guitars, tranquillity",,,
2430,2.7163840145956435,2.7163840145956435,False,False,,"guitars, tranquillity",,,
2431,2.7349711229200997,2.7349711229200997,False,False,,"guitars, tranquillity",,,
2432,2.772796282119061,2.7727962821190606,False,False,,"guitars, tranquillity",,,
2433,2.771659931536816,2.771659931536816,False,False,,"guitars, tranquillity",,,
2434,2.780733809986954,2.780733809986954,False,False,,"guitars, tranquillity",,,
2435,2.7908960389998367,2.7908960389998363,False,False,,"guitars, tranquillity",,,
2436,2.777335630472314,2.7773356304723134,False,False,,"guitars, tranquillity",,,
2437,2.8010102958792333,2.8010102958792333,False,False,,"guitars, tranquillity",,,
2438,2.7942727572273336,2.7942727572273336,False,False,,"guitars, tranquillity",,,
2439,2.812192851045646,2.812192851045646,False,False,,"guitars, tranquillity",,,
2440,2.7875139906462576,2.7875139906462576,False,False,,"guitars, tranquillity",,,
2441,2.763688425722816,2.763688425722816,False,False,,"guitars, tranquillity",,,
2442,2.7739320264103573,2.7739320264103573,False,False,,"guitars, tranquillity",,,
2443,2.7522483317757542,2.7522483317757542,False,False,,"guitars, tranquillity",,,
2444,2.7338142483648764,2.7338142483648764,False,False,,"guitars, tranquillity",,,
2445,2.739592260135524,2.739592260135524,False,False,,"guitars, tranquillity",,,
2446,2.7511009124969448,2.751100912496945,False,False,,"guitars, tranquillity",,,
2447,2.72453620021792,2.72453620021792,False,False,,"guitars, tranquillity",,,
2448,2.721046301805386,2.721046301805386,False,False,,"guitars, tranquillity",,,
2449,2.731498584154081,2.7314985841540804,False,False,,"guitars, tranquillity",,,
2450,2.6917340884599588,2.6917340884599588,False,False,,"guitars, tranquillity",,,
2451,2.6929145646629924,2.6929145646629924,False,False,,"guitars, tranquillity",,,
2452,2.658402838782406,2.658402838782406,False,False,,"guitars, tranquillity",,,
2453,2.672753971283832,2.672753971283832,False,False,,"guitars, tranquillity",,,
2454,2.701159094532032,2.701159094532032,False,False,,"guitars, tranquillity",,,
2455,2.687005425546088,2.687005425546088,False,False,,"guitars, tranquillity",,,
2456,2.676326104721852,2.676326104721852,False,False,,"guitars, tranquillity",,,
2457,2.6703690899636343,2.6703690899636343,False,False,,"guitars, tranquillity",,,
2458,2.672753971283832,2.672753971283832,False,False,,"guitars, tranquillity",,,
2459,2.6439500742768387,2.6439500742768387,False,False,,"guitars, tranquillity",,,
2460,2.689371110764536,2.689371110764536,False,False,,"guitars, tranquillity",,,
2461,2.6787040809157903,2.6787040809157903,False,False,,"guitars, tranquillity",,,
2462,2.703508662118957,2.703508662118957,False,False,,"guitars, tranquillity",,,
2463,2.673945373124266,2.673945373124266,False,False,,"guitars, tranquillity",,,
2464,2.66798143101535,2.66798143101535,False,False,,"guitars, tranquillity",,,
2465,2.663197744298328,2.663197744298328,False,False,,"guitars, tranquillity",,,
2466,2.6775154366926754,2.6775154366926754,False,False,,"guitars, tranquillity",,,
2467,2.6810793105143764,2.6810793105143764,False,False,,"guitars, tranquillity",,,
2468,2.654799253349935,2.654799253349935,False,False,,"guitars, tranquillity",,,
2469,2.658402838782406,2.658402838782406,False,False,,"guitars, tranquillity",,,
2470,2.654799253349935,2.654799253349935,False,False,,"guitars, tranquillity",,,
2471,2.6787040809157903,2.6787040809157903,False,False,,"guitars, tranquillity",,,
2472,2.688188607132376,2.688188607132376,False,False,,"guitars, tranquillity",,,
2473,2.714048957467517,2.714048957467517,False,False,,"guitars, tranquillity",,,
2474,2.6917340884599583,2.6917340884599583,False,False,,"guitars, tranquillity",,,
2475,2.6787040809157903,2.6787040809157903,False,False,,"guitars, tranquillity",,,
2476,2.656001156154378,2.656001156154378,False,False,,"guitars, tranquillity",,,
2477,2.6535966413444587,2.6535966413444587,False,False,,"guitars, tranquillity",,,
2478,2.6439500742768387,2.6439500742768387,False,False,,"guitars, tranquillity",,,
2479,2.612277392619355,2.612277392619355,False,False,,"guitars, tranquillity",,,
2480,2.592535313391153,2.592535313391153,False,False,,"guitars, tranquillity",,,
2481,2.6073601200506094,2.6073601200506094,False,False,,"guitars, tranquillity",,,
2482,2.595013778388517,2.595013778388517,False,False,,"guitars, tranquillity",,,
2483,2.6232974040359225,2.6232974040359225,False,False,,"guitars, tranquillity",,,
2484,2.6232974040359225,2.6232974040359225,False,False,,"guitars, tranquillity",,,
2485,2.630610704162523,2.630610704162523,False,False,,"guitars, tranquillity",,,
2486,2.6318309121344883,2.6318309121344883,False,False,,"guitars, tranquillity",,,
2487,2.606049963666881,2.606049963666881,False,False,,"guitars, tranquillity",,,
2488,2.606049963666881,2.606049963666881,False,False,,"guitars, tranquillity",,,
2489,2.659694882643261,2.659694882643261,False,False,,"guitars, tranquillity",,,
2490,2.651254907847925,2.651254907847925,False,False,,"guitars, tranquillity",,,
2491,2.66089774791617,2.66089774791617,False,False,,"guitars, tranquillity",,,
2492,2.639136737040592,2.639136737040592,False,False,,"guitars, tranquillity",,,
2493,2.639136737040592,2.639136737040592,False,False,,"guitars, tranquillity",,,
2494,2.622048523321927,2.622048523321927,False,False,,"guitars, tranquillity",,,
2495,2.606049963666881,2.606049963666881,False,False,,"guitars, tranquillity",,,
2496,2.626945649100517,2.626945649100517,False,False,,"guitars, tranquillity",,,
2497,2.65487631966288,2.65487631966288,False,False,,"guitars, tranquillity",,,
2498,2.620822378959634,2.620822378959634,False,False,,"guitars, tranquillity",,,
2499,2.5986226891414463,2.5986226891414463,False,False,,"guitars, tranquillity",,,
2500,2.594898661633575,2.594898661633575,False,False,,"guitars, tranquillity",,,
2501,2.5736630207820697,2.5736630207820697,False,False,,"guitars, tranquillity",,,
2502,2.5824346595325576,2.5824346595325576,False,False,,"guitars, tranquillity",,,
2503,2.5432888579199115,2.5432888579199115,False,False,,"guitars, tranquillity",,,
2504,2.550926591374417,2.550926591374417,False,False,,"guitars, tranquillity",,,
2505,2.52406257782121,2.52406257782121,False,False,,"guitars, tranquillity",,,
2506,2.516318413689805,2.516318413689805,False,False,,"guitars, tranquillity",,,
2507,2.529208207083875,2.529208207083875,False,False,,"guitars, tranquillity",,,
2508,2.529208207083875,2.529208207083875,False,False,,"guitars, tranquillity",,,
2509,2.568633124601394,2.568633124601394,False,False,,"guitars, tranquillity",,,
2510,2.5698918009760705,2.5698918009760705,False,False,,"guitars, tranquillity",,,
2511,2.5799324404473007,2.5799324404473007,False,False,,"guitars, tranquillity",,,
2512,2.598622689141447,2.598622689141447,False,False,,"guitars, tranquillity",,,
2513,2.5761731736484035,2.5761731736484035,False,False,,"guitars, tranquillity",,,
2514,2.5483839929383603,2.5483839929383603,False,False,,"guitars, tranquillity",,,
2515,2.5521966535306246,2.5521966535306246,False,False,,"guitars, tranquillity",,,
2516,2.5369011813047244,2.5369011813047244,False,False,,"guitars, tranquillity",,,
2517,2.5471114536899733,2.5471114536899733,False,False,,"guitars, tranquillity",,,
2518,2.558534652673065,2.558534652673065,False,False,,"guitars, tranquillity",,,
2519,2.543288857919912,2.543288857919912,False,False,,"guitars, tranquillity",,,
2520,2.559799800427341,2.559799800427341,False,False,,"guitars, tranquillity",,,
2521,2.533058498362065,2.533058498362065,False,False,,"guitars, tranquillity",,,
2522,2.5521966535306246,2.5521966535306246,False,False,,"guitars, tranquillity",,,
2523,2.5521966535306246,2.5521966535306246,False,False,,"guitars, tranquillity",,,
2524,2.581183944945137,2.581183944945137,False,False,,"guitars, tranquillity",,,
2525,2.584933724485585,2.584933724485585,False,False,,"guitars, tranquillity",,,
2526,2.569891800976075,2.569891800976075,False,False,,"guitars, tranquillity",,,
2527,2.5445638876782177,2.5445638876782177,False,False,,"guitars, tranquillity",,,
2528,2.516318413689805,2.516318413689805,False,False,,"guitars, tranquillity",,,
2529,2.522774033731649,2.522774033731649,False,False,,"guitars, tranquillity",,,
2530,2.512434664583646,2.512434664583646,False,False,,"guitars, tranquillity",,,
2531,2.5007362257200105,2.5007362257200105,False,False,,"guitars, tranquillity",,,
2532,2.529208207083875,2.529208207083875,False,False,,"guitars, tranquillity",,,
2533,2.5059443145947284,2.5059443145947284,False,False,,"guitars, tranquillity",,,
2534,2.504643614714835,2.504643614714835,False,False,,"guitars, tranquillity",,,
2535,2.517611262943287,2.517611262943287,False,False,,"guitars, tranquillity",,,
2536,2.5432888579199115,2.5432888579199115,False,False,,"guitars, tranquillity",,,
2537,2.557268689506619,2.557268689506619,False,False,,"guitars, tranquillity",,,
2538,2.5749184956461155,2.5749184956461155,False,False,,"guitars, tranquillity",,,
2539,2.5635903657157786,2.5635903657157786,False,False,,"guitars, tranquillity",,,
2540,2.571149674855428,2.571149674855428,False,False,,"guitars, tranquillity",,,
2541,2.6134497671425607,2.6134497671425607,False,False,,"guitars, tranquillity",,,
2542,2.606049963666881,2.606049963666881,False,False,,"guitars, tranquillity",,,
2543,2.6109862009802702,2.6109862009802702,False,False,,"guitars, tranquillity",,,
2544,2.6085196032708344,2.6085196032708344,False,False,,"guitars, tranquillity",,,
2545,2.5836845855879,2.5836845855879,False,False,,"guitars, tranquillity",,,
2546,2.5749184956461155,2.5749184956461155,False,False,,"guitars, tranquillity",,,
2547,2.5749184956461155,2.5749184956461155,False,False,,"guitars, tranquillity",,,
2548,2.5673736443128,2.5673736443128,False,False,,"guitars, tranquillity",,,
2549,2.5648522662989035,2.5648522662989035,False,False,,"guitars, tranquillity",,,
2550,2.5471114536899724,2.5471114536899724,False,False,,"guitars, tranquillity",,,
2551,2.554751861313513,2.554751861313513,False,False,,"guitars, tranquillity",,,
2552,2.525299784181376,2.525299784181376,False,False,,"guitars, tranquillity",,,
2553,2.517542690589143,2.517542690589143,False,False,,"guitars, tranquillity",,,
2554,2.529166716805096,2.529166716805096,False,False,,"guitars, tranquillity",,,
2555,2.498012428132882,2.498012428132882,False,False,,"guitars, tranquillity",,,
2556,2.5123539502350845,2.5123539502350845,False,False,,"guitars, tranquillity",,,
2557,2.5110545822688457,2.5110545822688457,False,False,,"guitars, tranquillity",,,
2558,2.5110545822688457,2.5110545822688457,False,False,,"guitars, tranquillity",,,
2559,2.530453984265528,2.530453984265528,False,False,,"guitars, tranquillity",,,
2560,2.530453984265528,2.530453984265528,False,False,,"guitars, tranquillity",,,
2561,2.545835147397607,2.545835147397607,False,False,,"guitars, tranquillity",,,
2562,2.527878595351642,2.527878595351642,False,False,,"guitars, tranquillity",,,
2563,2.527878595351642,2.527878595351642,False,False,,"guitars, tranquillity",,,
2564,2.527878595351642,2.527878595351642,False,False,,"guitars, tranquillity",,,
2565,2.5522083688408577,2.5522083688408577,False,False,,"guitars, tranquillity",,,
2566,2.539441075569501,2.539441075569501,False,False,,"guitars, tranquillity",,,
2567,2.5265896183352767,2.5265896183352767,False,False,,"guitars, tranquillity",,,
2568,2.5265896183352767,2.5265896183352767,False,False,,"guitars, tranquillity",,,
2569,2.5201318445310954,2.5201318445310954,False,False,,"guitars, tranquillity",,,
2570,2.5201318445310954,2.5201318445310954,False,False,,"guitars, tranquillity",,,
2571,2.5317403992981142,2.5317403992981142,False,False,,"guitars, tranquillity",,,
2572,2.536877566289569,2.536877566289569,False,False,,"guitars, tranquillity",,,
2573,2.533025963463334,2.533025963463334,False,False,,"guitars, tranquillity",,,
2574,2.545835147397607,2.545835147397607,False,False,,"guitars, tranquillity",,,
2575,2.525299784181376,2.525299784181376,False,False,,"guitars, tranquillity",,,
2576,2.525299784181376,2.525299784181376,False,False,,"guitars, tranquillity",,,
2577,2.536877566289569,2.536877566289569,False,False,,"guitars, tranquillity",,,
2578,2.5623626203274616,2.5623626203274616,False,False,,"guitars, tranquillity",,,
2579,2.5547518613135125,2.5547518613135125,False,False,,"guitars, tranquillity",,,
2580,2.5381597424968905,2.5381597424968905,False,False,,"guitars, tranquillity",,,
2581,2.5278785953516416,2.5278785953516416,False,False,,"guitars, tranquillity",,,
2582,2.503239912361112,2.503239912361112,False,False,,"guitars, tranquillity",,,
2583,2.4993206345142003,2.4993206345142003,False,False,,"guitars, tranquillity",,,
2584,2.500627949561001,2.500627949561001,False,False,,"guitars, tranquillity",,,
2585,2.524009091310564,2.524009091310564,False,False,,"guitars, tranquillity",,,
2586,2.518837700903035,2.518837700903035,False,False,,"guitars, tranquillity",,,
2587,2.533025963463334,2.533025963463334,False,False,,"guitars, tranquillity",,,
2588,2.521425123076777,2.521425123076777,False,False,,"guitars, tranquillity",,,
2589,2.522717538138679,2.522717538138679,False,False,,"guitars, tranquillity",,,
2590,2.522717538138679,2.522717538138679,False,False,,"guitars, tranquillity",,,
2591,2.522717538138679,2.522717538138679,False,False,,"guitars, tranquillity",,,
2592,2.544558007098782,2.544558007098782,False,False,,"guitars, tranquillity",,,
2593,2.5381597424968905,2.5381597424968905,False,False,,"guitars, tranquillity",,,
2594,2.5496615702734053,2.5496615702734053,False,False,,"guitars, tranquillity",,,
2595,2.5598289753095664,2.5598289753095664,False,False,,"guitars, tranquillity",,,
2596,2.5509353835624045,2.5509353835624045,False,False,,"guitars, tranquillity",,,
2597,2.540721567040109,2.540721567040109,False,False,,"guitars, tranquillity",,,
2598,2.5432800312833987,2.5432800312833987,False,False,,"guitars, tranquillity",,,
2599,2.529166716805096,2.529166716805096,False,False,,"guitars, tranquillity",,,
2600,2.5381597424968905,2.5381597424968905,False,False,,"guitars, tranquillity",,,
2601,2.5071512133549394,2.5071512133549394,False,False,,"guitars, tranquillity",,,
2602,2.509754337892926,2.509754337892926,False,False,,"guitars, tranquillity",,,
2603,2.5110545822688457,2.5110545822688457,False,False,,"guitars, tranquillity",,,
2604,2.5071512133549394,2.5071512133549394,False,False,,"guitars, tranquillity",,,
2605,2.5265896183352767,2.5265896183352767,False,False,,"guitars, tranquillity",,,
2606,2.520131844531095,2.520131844531095,False,False,,"guitars, tranquillity",,,
2607,2.521425123076777,2.521425123076777,False,False,,"guitars, tranquillity",,,
2608,2.5058483299017373,2.5058483299017373,False,False,,"guitars, tranquillity",,,
2609,2.474310349649544,2.474310349649544,False,False,,"guitars, tranquillity",,,
2610,2.4676737325597435,2.4676737325597435,False,False,,"guitars, tranquillity",,,
2611,2.43819233652904,2.43819233652904,False,False,,"guitars, tranquillity",,,
2612,2.454330276201129,2.454330276201129,False,False,,"guitars, tranquillity",,,
2613,2.442178587283351,2.442178587283351,False,False,,"guitars, tranquillity",,,
2614,2.462388056823849,2.462388056823849,False,False,,"guitars, tranquillity",,,
2615,2.43267254018758,2.43267254018758,False,False,,"guitars, tranquillity",,,
2616,2.455675631848793,2.455675631848793,False,False,,"guitars, tranquillity",,,
2617,2.471745602995508,2.471745602995508,False,False,,"guitars, tranquillity",,,
2618,2.490323556197058,2.490323556197058,False,False,,"guitars, tranquillity",,,
2619,2.490323556197058,2.490323556197058,False,False,,"guitars, tranquillity",,,
2620,2.517856712155339,2.517856712155339,False,False,,"guitars, tranquillity",,,
2621,2.4916436544804363,2.4916436544804363,False,False,,"guitars, tranquillity",,,
2622,2.515251405930832,2.515251405930832,False,False,,"guitars, tranquillity",,,
2623,2.508722711974481,2.508722711974481,False,False,,"guitars, tranquillity",,,
2624,2.502171811389392,2.502171811389392,False,False,,"guitars, tranquillity",,,
2625,2.4475890403449885,2.4475890403449885,False,False,,"guitars, tranquillity",,,
2626,2.4664040967349523,2.4664040967349523,False,False,,"guitars, tranquillity",,,
2627,2.475741886677417,2.475741886677417,False,False,,"guitars, tranquillity",,,
2628,2.4650663636714856,2.4650663636714856,False,False,,"guitars, tranquillity",,,
2629,2.4784014144739235,2.4784014144739235,False,False,,"guitars, tranquillity",,,
2630,2.4784014144739235,2.4784014144739235,False,False,,"guitars, tranquillity",,,
2631,2.479729785382182,2.479729785382182,False,False,,"guitars, tranquillity",,,
2632,2.473078632233958,2.473078632233958,False,False,,"guitars, tranquillity",,,
2633,2.473078632233958,2.473078632233958,False,False,,"guitars, tranquillity",,,
2634,2.4448857633217305,2.4448857633217305,False,False,,"guitars, tranquillity",,,
2635,2.43267254018758,2.43267254018758,False,False,,"guitars, tranquillity",,,
2636,2.4462378882389557,2.4462378882389557,False,False,,"guitars, tranquillity",,,
2637,2.4502884338558863,2.4502884338558863,False,False,,"guitars, tranquillity",,,
2638,2.4408235322611027,2.4408235322611027,False,False,,"guitars, tranquillity",,,
2639,2.448939221574506,2.448939221574506,False,False,,"guitars, tranquillity",,,
2640,2.462388056823849,2.462388056823849,False,False,,"guitars, tranquillity",,,
2641,2.4340335085192075,2.4340335085192075,False,False,,"guitars, tranquillity",,,
2642,2.438110478409698,2.438110478409698,False,False,,"guitars, tranquillity",,,
2643,2.442178587283351,2.442178587283351,False,False,,"guitars, tranquillity",,,
2644,2.424485817035214,2.424485817035214,False,False,,"guitars, tranquillity",,,
2645,2.4148888965505826,2.4148888965505826,False,False,,"guitars, tranquillity",,,
2646,2.4148888965505826,2.4148888965505826,False,False,,"guitars, tranquillity",,,
2647,2.438110478409698,2.438110478409698,False,False,,"guitars, tranquillity",,,
2648,2.4448857633217305,2.4448857633217305,False,False,,"guitars, tranquillity",,,
2649,2.4529839592564366,2.4529839592564366,False,False,,"guitars, tranquillity",,,
2650,2.4529839592564366,2.4529839592564366,False,False,,"guitars, tranquillity",,,
2651,2.475741886677417,2.475741886677417,False,False,,"guitars, tranquillity",,,
2652,2.475741886677417,2.475741886677417,False,False,,"guitars, tranquillity",,,
2653,2.470411636654856,2.470411636654856,False,False,,"guitars, tranquillity",,,
2654,2.482383750174124,2.482383750174124,False,False,,"guitars, tranquillity",,,
2655,2.496914960923659,2.496914960923659,False,False,,"guitars, tranquillity",,,
2656,2.4942811215770178,2.4942811215770178,False,False,,"guitars, tranquillity",,,
2657,2.496914960923659,2.496914960923659,False,False,,"guitars, tranquillity",,,
2658,2.482383750174124,2.482383750174124,False,False,,"guitars, tranquillity",,,
2659,2.479729785382182,2.479729785382182,False,False,,"guitars, tranquillity",,,
2660,2.4744107261899404,2.4744107261899404,False,False,,"guitars, tranquillity",,,
2661,2.475741886677417,2.475741886677417,False,False,,"guitars, tranquillity",,,
2662,2.4650663636714856,2.4650663636714856,False,False,,"guitars, tranquillity",,,
2663,2.4744107261899404,2.4744107261899404,False,False,,"guitars, tranquillity",,,
2664,2.4903235561970574,2.4903235561970574,False,False,,"guitars, tranquillity",,,
2665,2.4942811215770173,2.4942811215770173,False,False,,"guitars, tranquillity",,,
2666,2.482383750174124,2.482383750174124,False,False,,"guitars, tranquillity",,,
2667,2.4982305244993994,2.4982305244993994,False,False,,"guitars, tranquillity",,,
2668,2.513947433683076,2.513947433683076,False,False,,"guitars, tranquillity",,,
2669,2.517856712155339,2.517856712155339,False,False,,"guitars, tranquillity",,,
2670,2.541148210771901,2.541148210771901,False,False,,"guitars, tranquillity",,,
2671,2.5424340418278994,2.5424340418278994,False,False,,"guitars, tranquillity",,,
2672,2.543719026361817,2.543719026361817,False,False,,"guitars, tranquillity",,,
2673,2.5501313049631307,2.5501313049631307,False,False,,"guitars, tranquillity",,,
2674,2.5679749153035303,2.5679749153035303,False,False,,"guitars, tranquillity",,,
2675,2.570510843473732,2.570510843473732,False,False,,"guitars, tranquillity",,,
2676,2.5679749153035303,2.5679749153035303,False,False,,"guitars, tranquillity",,,
2677,2.579361037303503,2.579361037303503,False,False,,"guitars, tranquillity",,,
2678,2.585658466419279,2.585658466419279,False,False,,"guitars, tranquillity",,,
2679,2.590682062317104,2.590682062317104,False,False,,"guitars, tranquillity",,,
2680,2.573043517002939,2.573043517002939,False,False,,"guitars, tranquillity",,,
2681,2.6006913713257345,2.6006913713257345,False,False,,"guitars, tranquillity",,,
2682,2.606921790891537,2.606921790891537,False,False,,"guitars, tranquillity",,,
2683,2.6143727855619807,2.6143727855619807,False,False,,"guitars, tranquillity",,,
2684,2.606921790891537,2.606921790891537,False,False,,"guitars, tranquillity",,,
2685,2.613132874559541,2.613132874559541,False,False,,"guitars, tranquillity",,,
2686,2.585658466419279,2.585658466419279,False,False,,"guitars, tranquillity",,,
2687,2.58942735338004,2.58942735338004,False,False,,"guitars, tranquillity",,,
2688,2.5869155568198323,2.5869155568198323,False,False,,"guitars, tranquillity",,,
2689,2.606921790891537,2.606921790891537,False,False,,"guitars, tranquillity",,,
2690,2.6056772591769333,2.6056772591769333,False,False,,"guitars, tranquillity",,,
2691,2.62796156852565,2.62796156852565,False,False,,"guitars, tranquillity",,,
2692,2.668189027848517,2.668189027848517,False,False,,"guitars, tranquillity",,,
2693,2.6669816097463337,2.6669816097463337,False,False,,"guitars, tranquillity",,,
2694,2.6669816097463337,2.6669816097463337,False,False,,"guitars, tranquillity",,,
2695,2.695765639639397,2.695765639639397,False,False,,"guitars, tranquillity",,,
2696,2.699335569790239,2.699335569790239,False,False,,"guitars, tranquillity",,,
2697,2.717093709743335,2.717093709743335,False,False,,"guitars, tranquillity",,,
2698,2.7076415819216213,2.7076415819216213,False,False,,"guitars, tranquillity",,,
2699,2.668189027848517,2.668189027848517,False,False,,"guitars, tranquillity",,,
2700,2.686215587333041,2.686215587333041,False,False,,"guitars, tranquillity",,,
2701,2.6898020332274184,2.6898020332274184,False,False,,"guitars, tranquillity",,,
2702,2.68262289330595,2.68262289330595,False,False,,"guitars, tranquillity",,,
2703,2.65729651830037,2.65729651830037,False,False,,"guitars, tranquillity",,,
2704,2.6585096688344514,2.6585096688344514,False,False,,"guitars, tranquillity",,,
2705,2.6585096688344514,2.6585096688344514,False,False,,"guitars, tranquillity",,,
2706,2.6560826459048017,2.6560826459048017,False,False,,"guitars, tranquillity",,,
2707,2.67301159888933,2.67301159888933,False,False,,"guitars, tranquillity",,,
2708,2.6693957346569204,2.6693957346569204,False,False,,"guitars, tranquillity",,,
2709,2.6766211030001323,2.6766211030001323,False,False,,"guitars, tranquillity",,,
2710,2.7005241807662426,2.7005241807662426,False,False,,"guitars, tranquillity",,,
2711,2.69814627666731,2.69814627666731,False,False,,"guitars, tranquillity",,,
2712,2.6693957346569204,2.6693957346569204,False,False,,"guitars, tranquillity",,,
2713,2.6657734791887355,2.6657734791887355,False,False,,"guitars, tranquillity",,,
2714,2.666981609746333,2.666981609746333,False,False,,"guitars, tranquillity",,,
2715,2.650002414239561,2.650002414239561,False,False,,"guitars, tranquillity",,,
2716,2.6451251131497453,2.6451251131497453,False,False,,"guitars, tranquillity",,,
2717,2.637787119614799,2.637787119614799,False,False,,"guitars, tranquillity",,,
2718,2.630422439081085,2.630422439081085,False,False,,"guitars, tranquillity",,,
2719,2.635335204585021,2.635335204585021,False,False,,"guitars, tranquillity",,,
2720,2.654868050457684,2.654868050457684,False,False,,"guitars, tranquillity",,,
2721,2.6657734791887355,2.6657734791887355,False,False,,"guitars, tranquillity",,,
2722,2.683821154079136,2.683821154079136,False,False,,"guitars, tranquillity",,,
2723,2.70408593161668,2.70408593161668,False,False,,"guitars, tranquillity",,,
2724,2.7017121106771227,2.7017121106771227,False,False,,"guitars, tranquillity",,,
2725,2.720627236373241,2.7206272363732413,False,False,,"guitars, tranquillity",,,
2726,2.742868789755436,2.742868789755436,False,False,,"guitars, tranquillity",,,
2727,2.7498438198521797,2.7498438198521797,False,False,,"guitars, tranquillity",,,
2728,2.757952338201292,2.757952338201292,False,False,,"guitars, tranquillity",,,
2729,2.75332270809916,2.75332270809916,False,False,,"guitars, tranquillity",,,
2730,2.746359189174664,2.7463591891746635,False,False,,"guitars, tranquillity",,,
2731,2.756795880030702,2.756795880030702,False,False,,"guitars, tranquillity",,,
2732,2.747521372401762,2.7475213724017626,False,False,,"guitars, tranquillity",,,
2733,2.7451963649778905,2.74519636497789,False,False,,"guitars, tranquillity",,,
2734,2.75332270809916,2.75332270809916,False,False,,"guitars, tranquillity",,,
2735,2.7912188110950344,2.791218811095035,False,False,,"guitars, tranquillity",,,
2736,2.8014384681447826,2.8014384681447826,False,False,,"guitars, tranquillity",,,
2737,2.795766888631219,2.795766888631219,False,False,,"guitars, tranquillity",,,
2738,2.7912188110950344,2.791218811095035,False,False,,"guitars, tranquillity",,,
2739,2.7912188110950344,2.791218811095035,False,False,,"guitars, tranquillity",,,
2740,2.7957668886312184,2.7957668886312184,False,False,,"guitars, tranquillity",,,
2741,2.8228553396378726,2.8228553396378726,False,False,,"guitars, tranquillity",,,
2742,2.8127369833419853,2.8127369833419853,False,False,,"guitars, tranquillity",,,
2743,2.7797448283864914,2.779744828386491,False,False,,"guitars, tranquillity",,,
2744,2.7991464785982427,2.7991464785982427,False,False,,"guitars, tranquillity",,,
2745,2.7991464785982427,2.7991464785982427,False,False,,"guitars, tranquillity",,,
2746,2.821750005759452,2.8217500057594522,False,False,,"guitars, tranquillity",,,
2747,2.827364153543598,2.827364153543598,False,False,,"guitars, tranquillity",,,
2748,2.840779211630192,2.8407792116301924,False,False,,"guitars, tranquillity",,,
2749,2.822873998972226,2.822873998972226,False,False,,"guitars, tranquillity",,,
2750,2.76824922706185,2.76824922706185,False,False,,"guitars, tranquillity",,,
2751,2.76824922706185,2.76824922706185,False,False,,"guitars, tranquillity",,,
2752,2.77170442952009,2.7717044295200894,False,False,,"guitars, tranquillity",,,
2753,2.750888302509271,2.7508883025092707,False,False,,"guitars, tranquillity",,,
2754,2.754371894784019,2.754371894784019,False,False,,"guitars, tranquillity",,,
2755,2.736896110497195,2.7368961104971956,False,False,,"guitars, tranquillity",,,
2756,2.7462345547961857,2.7462345547961857,False,False,,"guitars, tranquillity",,,
2757,2.761321916563189,2.761321916563189,False,False,,"guitars, tranquillity",,,
2758,2.7957353963048743,2.7957353963048748,False,False,,"guitars, tranquillity",,,
2759,2.8014175286611893,2.8014175286611898,False,False,,"guitars, tranquillity",,,
2760,2.805952448816209,2.805952448816209,False,False,,"guitars, tranquillity",,,
2761,2.819500267996672,2.819500267996672,False,False,,"guitars, tranquillity",,,
2762,2.774004784347269,2.7740047843472686,False,False,,"guitars, tranquillity",,,
2763,2.7785980550895006,2.7785980550895006,False,False,,"guitars, tranquillity",,,
2764,2.8070846881090654,2.807084688109065,False,False,,"guitars, tranquillity",,,
2765,2.8070846881090654,2.807084688109065,False,False,,"guitars, tranquillity",,,
2766,2.829605751506393,2.829605751506393,False,False,,"guitars, tranquillity",,,
2767,2.8183745217663985,2.8183745217663985,False,False,,"guitars, tranquillity",,,
2768,2.8183745217663985,2.8183745217663985,False,False,,"guitars, tranquillity",,,
2769,2.8329638179027192,2.8329638179027192,False,False,,"guitars, tranquillity",,,
2770,2.8485666979909547,2.8485666979909547,False,False,,"guitars, tranquillity",,,
2771,2.837433190543009,2.837433190543009,False,False,,"guitars, tranquillity",,,
2772,2.8161212703925456,2.8161212703925456,False,False,,"guitars, tranquillity",,,
2773,2.7485627116218465,2.748562711621847,False,False,,"guitars, tranquillity",,,
2774,2.7647883978874286,2.764788397887428,False,False,,"guitars, tranquillity",,,
2775,2.770553318995767,2.770553318995767,False,False,,"guitars, tranquillity",,,
2776,2.777450664957372,2.777450664957372,False,False,,"guitars, tranquillity",,,
2777,2.802552154886543,2.8025521548865435,False,False,,"guitars, tranquillity",,,
2778,2.793458326351992,2.793458326351992,False,False,,"guitars, tranquillity",,,
2779,2.785469474358838,2.7854694743588375,False,False,,"guitars, tranquillity",,,
2780,2.785469474358838,2.7854694743588375,False,False,,"guitars, tranquillity",,,
2781,2.8183745217663985,2.8183745217663985,False,False,,"guitars, tranquillity",,,
2782,2.814993763556772,2.814993763556772,False,False,,"guitars, tranquillity",,,
2783,2.7774506649573723,2.7774506649573723,False,False,,"guitars, tranquillity",,,
2784,2.791178836048897,2.791178836048897,False,False,,"guitars, tranquillity",,,
2785,2.779744828386492,2.779744828386492,False,False,,"guitars, tranquillity",,,
2786,2.746234554796186,2.746234554796186,False,False,,"guitars, tranquillity",,,
2787,2.745069511704604,2.745069511704604,False,False,,"guitars, tranquillity",,,
2788,2.756691104917744,2.7566911049177443,False,False,,"guitars, tranquillity",,,
2789,2.7380656854367937,2.7380656854367937,False,False,,"guitars, tranquillity",,,
2790,2.68597449956306,2.68597449956306,False,False,,"guitars, tranquillity",,,
2791,2.7050680133538663,2.7050680133538663,False,False,,"guitars, tranquillity",,,
2792,2.6703298310032477,2.6703298310032477,False,False,,"guitars, tranquillity",,,
2793,2.7015013631591303,2.7015013631591303,False,False,,"guitars, tranquillity",,,
2794,2.697928568699336,2.697928568699336,False,False,,"guitars, tranquillity",,,
2795,2.697928568699336,2.697928568699336,False,False,,"guitars, tranquillity",,,
2796,2.718093631888584,2.718093631888584,False,False,,"guitars, tranquillity",,,
2797,2.7345550054218566,2.7345550054218566,False,False,,"guitars, tranquillity",,,
2798,2.735725884160588,2.735725884160588,False,False,,"guitars, tranquillity",,,
2799,2.7345550054218566,2.7345550054218566,False,False,,"guitars, tranquillity",,,
2800,2.764788397887429,2.764788397887429,False,False,,"guitars, tranquillity",,,
2801,2.762478039932316,2.7624780399323154,False,False,,"guitars, tranquillity",,,
2802,2.757849757466545,2.757849757466545,False,False,,"guitars, tranquillity",,,
2803,2.7670962437798456,2.7670962437798456,False,False,,"guitars, tranquillity",,,
2804,2.762478039932316,2.7624780399323154,False,False,,"guitars, tranquillity",,,
2805,2.726340502026216,2.7263405020262157,False,False,,"guitars, tranquillity",,,
2806,2.732211286704896,2.7322112867048967,False,False,,"guitars, tranquillity",,,
2807,2.7121829973476697,2.7121829973476697,False,False,,"guitars, tranquillity",,,
2808,2.727515975937508,2.7275159759375076,False,False,,"guitars, tranquillity",,,
2809,2.736896110497196,2.736896110497196,False,False,,"guitars, tranquillity",,,
2810,2.770553318995768,2.770553318995768,False,False,,"guitars, tranquillity",,,
2811,2.746234554796186,2.746234554796186,False,False,,"guitars, tranquillity",,,
2812,2.7298649462544518,2.7298649462544518,False,False,,"guitars, tranquillity",,,
2813,2.7310384447037026,2.7310384447037026,False,False,,"guitars, tranquillity",,,
2814,2.750888302509271,2.7508883025092707,False,False,,"guitars, tranquillity",,,
2815,2.755531817677965,2.755531817677965,False,False,,"guitars, tranquillity",,,
2816,2.755531817677965,2.755531817677965,False,False,,"guitars, tranquillity",,,
2817,2.759007776285165,2.759007776285165,False,False,,"guitars, tranquillity",,,
2818,2.759007776285165,2.759007776285165,False,False,,"guitars, tranquillity",,,
2819,2.770553318995767,2.770553318995767,False,False,,"guitars, tranquillity",,,
2820,2.800282303523685,2.800282303523685,False,False,,"guitars, tranquillity",,,
2821,2.800282303523685,2.800282303523685,False,False,,"guitars, tranquillity",,,
2822,2.8183745217663985,2.8183745217663985,False,False,,"guitars, tranquillity",,,
2823,2.816121270392545,2.8161212703925456,False,False,,"guitars, tranquillity",,,
2824,2.8036861830734403,2.8036861830734403,False,False,,"guitars, tranquillity",,,
2825,2.819500267996671,2.8195002679966716,False,False,,"guitars, tranquillity",,,
2826,2.8251202382463907,2.8251202382463907,False,False,,"guitars, tranquillity",,,
2827,2.8251202382463907,2.8251202382463907,False,False,,"guitars, tranquillity",,,
2828,2.8161212703925456,2.8161212703925456,False,False,,"guitars, tranquillity",,,
2829,2.817248189513389,2.8172481895133896,False,False,,"guitars, tranquillity",,,
2830,2.7945971634276945,2.794597163427695,False,False,,"guitars, tranquillity",,,
2831,2.814993763556771,2.8149937635567706,False,False,,"guitars, tranquillity",,,
2832,2.836316707349,2.836316707349,False,False,,"guitars, tranquillity",,,
2833,2.8385491017813784,2.838549101781378,False,False,,"guitars, tranquillity",,,
2834,2.830725683554679,2.830725683554679,False,False,,"guitars, tranquillity",,,
2835,2.834082021843793,2.834082021843793,False,False,,"guitars, tranquillity",,,
2836,2.834822278786333,2.8348222787863326,False,False,,"guitars, tranquillity",,,
2837,2.832944403799072,2.8329444037990723,False,False,,"guitars, tranquillity",,,
2838,2.828453598081235,2.8284535980812344,False,False,,"guitars, tranquillity",,,
2839,2.822826996827692,2.8228269968276916,False,False,,"guitars, tranquillity",,,
2840,2.813793925321176,2.813793925321176,False,False,,"guitars, tranquillity",,,
2841,2.8126621333060267,2.8126621333060267,False,False,,"guitars, tranquillity",,,
2842,2.8126621333060267,2.8126621333060267,False,False,,"guitars, tranquillity",,,
2843,2.7944721484176926,2.7944721484176926,False,False,,"guitars, tranquillity",,,
2844,2.7703611410940536,2.7703611410940536,False,False,,"guitars, tranquillity",,,
2845,2.7749747640334124,2.7749747640334124,False,False,,"guitars, tranquillity",,,
2846,2.773822295313592,2.773822295313592,False,False,,"guitars, tranquillity",,,
2847,2.766894345052387,2.7668943450523864,False,False,,"guitars, tranquillity",,,
2848,2.764580000747761,2.764580000747761,False,False,,"guitars, tranquillity",,,
2849,2.764580000747761,2.764580000747761,False,False,,"guitars, tranquillity",,,
2850,2.7749747640334124,2.7749747640334124,False,False,,"guitars, tranquillity",,,
2851,2.7853190534987147,2.7853190534987147,False,False,,"guitars, tranquillity",,,
2852,2.7841721594978206,2.7841721594978206,False,False,,"guitars, tranquillity",,,
2853,2.7990340849598674,2.7990340849598674,False,False,,"guitars, tranquillity",,,
2854,2.801311425529791,2.801311425529791,False,False,,"guitars, tranquillity",,,
2855,2.810396767795329,2.8103967677953294,False,False,,"guitars, tranquillity",,,
2856,2.80585888663611,2.8058588866361105,False,False,,"guitars, tranquillity",,,
2857,2.822826996827692,2.8228269968276916,False,False,,"guitars, tranquillity",,,
2858,2.7990340849598674,2.7990340849598674,False,False,,"guitars, tranquillity",,,
2859,2.7990340849598674,2.7990340849598674,False,False,,"guitars, tranquillity",,,
2860,2.8171857487226952,2.8171857487226952,False,False,,"guitars, tranquillity",,,
2861,2.8396632778995845,2.839663277899584,False,False,,"guitars, tranquillity",,,
2862,2.8663340667399444,2.8663340667399444,False,False,,"guitars, tranquillity",,,
2863,2.8773520187500274,2.8773520187500274,False,False,,"guitars, tranquillity",,,
2864,2.87405240925839,2.87405240925839,False,False,,"guitars, tranquillity",,,
2865,2.882840441428576,2.882840441428576,False,False,,"guitars, tranquillity",,,
2866,2.899224616252083,2.899224616252083,False,False,,"guitars, tranquillity",,,
2867,2.895957437453313,2.8959574374533132,False,False,,"guitars, tranquillity",,,
2868,2.895957437453313,2.8959574374533132,False,False,,"guitars, tranquillity",,,
2869,2.8839364937397565,2.883936493739757,False,False,,"guitars, tranquillity",,,
2870,2.870713046840751,2.8707130468407516,False,False,,"guitars, tranquillity",,,
2871,2.8551847112629,2.8551847112629,False,False,,"guitars, tranquillity",,,
2872,2.868501414452321,2.868501414452321,False,False,,"guitars, tranquillity",,,
2873,2.861853152196366,2.8618531521963666,False,False,,"guitars, tranquillity",,,
2874,2.8828375563642568,2.8828375563642568,False,False,,"guitars, tranquillity",,,
2875,2.886132733657595,2.886132733657595,False,False,,"guitars, tranquillity",,,
2876,2.8839364937397565,2.883936493739757,False,False,,"guitars, tranquillity",,,
2877,2.868501414452321,2.868501414452321,False,False,,"guitars, tranquillity",,,
2878,2.8673947648777265,2.867394764877726,False,False,,"guitars, tranquillity",,,
2879,2.874026340075519,2.874026340075519,False,False,,"guitars, tranquillity",,,
2880,2.895988985805786,2.8959889858057863,False,False,,"guitars, tranquillity",,,
2881,2.9198999726688504,2.9198999726688504,False,False,,"guitars, tranquillity",,,
2882,2.9209807832382118,2.9209807832382118,False,False,,"guitars, tranquillity",,,
2883,2.9198999726688504,2.9198999726688504,False,False,,"guitars, tranquillity",,,
2884,2.923140843043376,2.923140843043376,False,False,,"guitars, tranquillity",,,
2885,2.91448808530208,2.91448808530208,False,False,,"guitars, tranquillity",,,
2886,2.9306847308748734,2.9306847308748734,False,False,,"guitars, tranquillity",,,
2887,2.94676561065969,2.94676561065969,False,False,,"guitars, tranquillity",,,
2888,2.9595484853245253,2.9595484853245253,False,False,,"guitars, tranquillity",,,
2889,2.949968095019138,2.949968095019138,False,False,,"guitars, tranquillity",,,
2890,2.961671981484,2.961671981484,False,False,,"guitars, tranquillity",,,
2891,2.9360577738126272,2.9360577738126277,False,False,,"guitars, tranquillity",,,
2892,2.956359514777858,2.956359514777858,False,False,,"guitars, tranquillity",,,
2893,2.962732986228073,2.962732986228073,False,False,,"guitars, tranquillity",,,
2894,2.9595484853245253,2.9595484853245253,False,False,,"guitars, tranquillity",,,
2895,2.928531917041484,2.9285319170414836,False,False,,"guitars, tranquillity",,,
2896,2.934984190128326,2.934984190128326,False,False,,"guitars, tranquillity",,,
2897,2.9209807832382118,2.9209807832382118,False,False,,"guitars, tranquillity",,,
2898,2.9456971078771645,2.945697107877164,False,False,,"guitars, tranquillity",,,
2899,2.941418039158105,2.941418039158105,False,False,,"guitars, tranquillity",,,
2900,2.944628099997845,2.9446280999978445,False,False,,"guitars, tranquillity",,,
2901,2.961671981484,2.961671981484,False,False,,"guitars, tranquillity",,,
2902,2.9690886481795795,2.96908864817958,False,False,,"guitars, tranquillity",,,
2903,2.955295528336333,2.9552955283363325,False,False,,"guitars, tranquillity",,,
2904,2.9478336090053894,2.9478336090053894,False,False,,"guitars, tranquillity",,,
2905,2.9478336090053894,2.9478336090053894,False,False,,"guitars, tranquillity",,,
2906,2.919899972668851,2.919899972668851,False,False,,"guitars, tranquillity",,,
2907,2.919899972668851,2.919899972668851,False,False,,"guitars, tranquillity",,,
2908,2.919899972668851,2.919899972668851,False,False,,"guitars, tranquillity",,,
2909,2.919899972668851,2.919899972668851,False,False,,"guitars, tranquillity",,,
2910,2.9014458500387748,2.9014458500387743,False,False,,"guitars, tranquillity",,,
2911,2.8916138317120863,2.8916138317120863,False,False,,"guitars, tranquillity",,,
2912,2.820403061278373,2.8204030612783733,False,False,,"guitars, tranquillity",,,
2913,2.828305716391546,2.8283057163915455,False,False,,"guitars, tranquillity",,,
2914,2.854071330692624,2.854071330692624,False,False,,"guitars, tranquillity",,,
2915,2.8204030612783724,2.8204030612783724,False,False,,"guitars, tranquillity",,,
2916,2.824922390209688,2.824922390209688,False,False,,"guitars, tranquillity",,,
2917,2.7827527808628125,2.7827527808628125,False,False,,"guitars, tranquillity",,,
2918,2.802230667758637,2.802230667758637,False,False,,"guitars, tranquillity",,,
2919,2.8328086338902367,2.832808633890237,False,False,,"guitars, tranquillity",,,
2920,2.8215337775577822,2.8215337775577822,False,False,,"guitars, tranquillity",,,
2921,2.846261772727584,2.846261772727584,False,False,,"guitars, tranquillity",,,
2922,2.851842870626208,2.851842870626208,False,False,,"guitars, tranquillity",,,
2923,2.8384242029496884,2.8384242029496884,False,False,,"guitars, tranquillity",,,
2924,2.8574097774544094,2.8574097774544094,False,False,,"guitars, tranquillity",,,
2925,2.8562975265856534,2.856297526585654,False,False,,"guitars, tranquillity",,,
2926,2.8784363399073407,2.8784363399073403,False,False,,"guitars, tranquillity",,,
2927,2.8673947648777265,2.867394764877726,False,False,,"guitars, tranquillity",,,
2928,2.8751296661298515,2.8751296661298515,False,False,,"guitars, tranquillity",,,
2929,2.866287558685079,2.866287558685079,False,False,,"guitars, tranquillity",,,
2930,2.846261772727584,2.846261772727584,False,False,,"guitars, tranquillity",,,
2931,2.8551847112629,2.8551847112629,False,False,,"guitars, tranquillity",,,
2932,2.885034885921552,2.885034885921552,False,False,,"guitars, tranquillity",,,
2933,2.894896004699664,2.894896004699664,False,False,,"guitars, tranquillity",,,
2934,2.88942301764542,2.88942301764542,False,False,,"guitars, tranquillity",,,
2935,2.90797649189754,2.9079764918975406,False,False,,"guitars, tranquillity",,,
2936,2.895988985805786,2.8959889858057863,False,False,,"guitars, tranquillity",,,
2937,2.890518695044328,2.890518695044328,False,False,,"guitars, tranquillity",,,
2938,2.888326798775774,2.888326798775774,False,False,,"guitars, tranquillity",,,
2939,2.904713561665807,2.9047135616658073,False,False,,"guitars, tranquillity",,,
2940,2.903624856680398,2.903624856680398,False,False,,"guitars, tranquillity",,,
2941,2.8872300376941413,2.887230037694141,False,False,,"guitars, tranquillity",,,
2942,2.905801735386135,2.905801735386135,False,False,,"guitars, tranquillity",,,
2943,2.900355546940807,2.9003555469408067,False,False,,"guitars, tranquillity",,,
2944,2.903624856680398,2.903624856680398,False,False,,"guitars, tranquillity",,,
2945,2.9198999726688504,2.9198999726688504,False,False,,"guitars, tranquillity",,,
2946,2.927454736688577,2.9274547366885764,False,False,,"guitars, tranquillity",,,
2947,2.933910094668914,2.933910094668914,False,False,,"guitars, tranquillity",,,
2948,2.9328354867586106,2.93283548675861,False,False,,"guitars, tranquillity",,,
2949,2.936057773812627,2.936057773812627,False,False,,"guitars, tranquillity",,,
2950,2.933910094668914,2.933910094668914,False,False,,"guitars, tranquillity",,,
2951,2.920980783238211,2.920980783238211,False,False,,"guitars, tranquillity",,,
2952,2.897081429854026,2.897081429854026,False,False,,"guitars, tranquillity",,,
2953,2.891613831712086,2.8916138317120854,False,False,,"guitars, tranquillity",,,
2954,2.880638043031965,2.8806380430319645,False,False,,"guitars, tranquillity",,,
2955,2.870713046840751,2.8707130468407516,False,False,,"guitars, tranquillity",,,
2956,2.886132733657595,2.886132733657595,False,False,,"guitars, tranquillity",,,
2957,2.9025356197114127,2.9025356197114127,False,False,,"guitars, tranquillity",,,
2958,2.9047135616658077,2.9047135616658077,False,False,,"guitars, tranquillity",,,
2959,2.8784363399073403,2.8784363399073403,False,False,,"guitars, tranquillity",,,
2960,2.8828375563642568,2.8828375563642568,False,False,,"guitars, tranquillity",,,
2961,2.8861327336575946,2.886132733657594,False,False,,"guitars, tranquillity",,,
2962,2.8861327336575946,2.886132733657594,False,False,,"guitars, tranquillity",,,
2963,2.864071473341665,2.864071473341665,False,False,,"guitars, tranquillity",,,
2964,2.885034885921552,2.885034885921552,False,False,,"guitars, tranquillity",,,
2965,2.871818031196869,2.8718180311968684,False,False,,"guitars, tranquillity",,,
2966,2.860743151244681,2.860743151244681,False,False,,"guitars, tranquillity",,,
2967,2.8551847112629,2.8551847112629,False,False,,"guitars, tranquillity",,,
2968,2.84737913240386,2.84737913240386,False,False,,"guitars, tranquillity",,,
2969,2.864071473341665,2.864071473341665,False,False,,"guitars, tranquillity",,,
2970,2.851842870626208,2.851842870626208,False,False,,"guitars, tranquillity",,,
2971,2.8740263400755195,2.87402634007552,False,False,,"guitars, tranquillity",,,
2972,2.865179795098832,2.865179795098832,False,False,,"guitars, tranquillity",,,
2973,2.8551847112629,2.8551847112629,False,False,,"guitars, tranquillity",,,
2974,2.8440253375784024,2.8440253375784024,False,False,,"guitars, tranquillity",,,
2975,2.84737913240386,2.84737913240386,False,False,,"guitars, tranquillity",,,
2976,2.8384242029496884,2.8384242029496884,False,False,,"guitars, tranquillity",,,
2977,2.8283057163915464,2.8283057163915464,False,False,,"guitars, tranquillity",,,
2978,2.831683778866576,2.8316837788665765,False,False,,"guitars, tranquillity",,,
2979,2.842906260483186,2.842906260483186,False,False,,"guitars, tranquillity",,,
2980,2.8417866092895414,2.8417866092895414,False,False,,"guitars, tranquillity",,,
2981,2.814740600980551,2.814740600980551,False,False,,"guitars, tranquillity",,,
2982,2.8033709403537683,2.8033709403537683,False,False,,"guitars, tranquillity",,,
2983,2.8067881387084457,2.8067881387084457,False,False,,"guitars, tranquillity",,,
2984,2.810199926417784,2.810199926417784,False,False,,"guitars, tranquillity",,,
2985,2.8271785269747047,2.8271785269747047,False,False,,"guitars, tranquillity",,,
2986,2.829432320953388,2.829432320953388,False,False,,"guitars, tranquillity",,,
2987,2.8328086338902367,2.832808633890237,False,False,,"guitars, tranquillity",,,
2988,2.839545581341525,2.8395455813415253,False,False,,"guitars, tranquillity",,,
2989,2.851842870626208,2.851842870626208,False,False,,"guitars, tranquillity",,,
2990,2.852957384079456,2.852957384079456,False,False,,"guitars, tranquillity",,,
2991,2.860743151244682,2.8607431512446815,False,False,,"guitars, tranquillity",,,
2992,2.8596325889949394,2.859632588994939,False,False,,"guitars, tranquillity",,,
2993,2.850727789533834,2.850727789533834,False,False,,"guitars, tranquillity",,,
2994,2.8551847112629005,2.8551847112629005,False,False,,"guitars, tranquillity",,,
2995,2.8540713306926246,2.8540713306926246,False,False,,"guitars, tranquillity",,,
2996,2.8384242029496884,2.8384242029496884,False,False,,"guitars, tranquillity",,,
2997,2.869607508182657,2.869607508182657,False,False,,"guitars, tranquillity",,,
2998,2.872922462019535,2.8729224620195355,False,False,,"guitars, tranquillity",,,
2999,2.870713046840752,2.870713046840752,False,False,,"guitars, tranquillity",,,
3000,2.8573622907238097,2.8573622907238097,False,False,,"guitars, tranquillity",,,
3001,2.84729564840253,2.8472956484025302,False,False,,"guitars, tranquillity",,,
3002,2.868493539907825,2.868493539907825,False,False,,"guitars, tranquillity",,,
3003,2.8740381222710463,2.8740381222710463,False,False,,"guitars, tranquillity",,,
3004,2.856246056485053,2.856246056485053,False,False,,"guitars, tranquillity",,,
3005,2.855129253730752,2.855129253730752,False,False,,"guitars, tranquillity",,,
3006,2.8517754263440724,2.851775426344072,False,False,,"guitars, tranquillity",,,
3007,2.8517754263440724,2.851775426344072,False,False,,"guitars, tranquillity",,,
3008,2.848416453329418,2.848416453329418,False,False,,"guitars, tranquillity",,,
3009,2.8405587154931102,2.8405587154931102,False,False,,"guitars, tranquillity",,,
3010,2.8405587154931102,2.8405587154931102,False,False,,"guitars, tranquillity",,,
3011,2.827022038049107,2.8270220380491073,False,False,,"guitars, tranquillity",,,
3012,2.8292840114087445,2.829284011408744,False,False,,"guitars, tranquillity",,,
3013,2.820221930859512,2.820221930859512,False,False,,"guitars, tranquillity",,,
3014,2.8190865017095894,2.819086501709589,False,False,,"guitars, tranquillity",,,
3015,2.8292840114087445,2.829284011408744,False,False,,"guitars, tranquillity",,,
3016,2.839433868445603,2.839433868445603,False,False,,"guitars, tranquillity",,,
3017,2.8773581943274498,2.8773581943274498,False,False,,"guitars, tranquillity",,,
3018,2.872930320755083,2.872930320755083,False,False,,"guitars, tranquillity",,,
3019,2.8850856880358955,2.8850856880358955,False,False,,"guitars, tranquillity",,,
3020,2.882880585527608,2.882880585527608,False,False,,"guitars, tranquillity",,,
3021,2.880673283792118,2.880673283792118,False,False,,"guitars, tranquillity",,,
3022,2.880673283792118,2.880673283792118,False,False,,"guitars, tranquillity",,,
3023,2.880673283792118,2.880673283792118,False,False,,"guitars, tranquillity",,,
3024,2.8662717937209896,2.8662717937209896,False,False,,"guitars, tranquillity",,,
3025,2.850656341487783,2.850656341487783,False,False,,"guitars, tranquillity",,,
3026,2.850656341487783,2.850656341487783,False,False,,"guitars, tranquillity",,,
3027,2.839433868445603,2.839433868445603,False,False,,"guitars, tranquillity",,,
3028,2.84953668408672,2.84953668408672,False,False,,"guitars, tranquillity",,,
3029,2.8281533192986803,2.8281533192986807,False,False,,"guitars, tranquillity",,,
3030,2.819086501709589,2.819086501709589,False,False,,"guitars, tranquillity",,,
3031,2.825890166809645,2.825890166809645,False,False,,"guitars, tranquillity",,,
3032,2.8076992865641484,2.807699286564149,False,False,,"guitars, tranquillity",,,
3033,2.8076992865641484,2.807699286564149,False,False,,"guitars, tranquillity",,,
3034,2.806557253411932,2.806557253411932,False,False,,"guitars, tranquillity",,,
3035,2.8247577047279067,2.8247577047279067,False,False,,"guitars, tranquillity",,,
3036,2.815676634795416,2.8156766347954165,False,False,,"guitars, tranquillity",,,
3037,2.811121761001748,2.811121761001748,False,False,,"guitars, tranquillity",,,
3038,2.834928664489549,2.834928664489549,False,False,,"guitars, tranquillity",,,
3039,2.834928664489549,2.834928664489549,False,False,,"guitars, tranquillity",,,
3040,2.8383084406530683,2.8383084406530688,False,False,,"guitars, tranquillity",,,
3041,2.849536684086719,2.849536684086719,False,False,,"guitars, tranquillity",,,
3042,2.8416829826242536,2.8416829826242536,False,False,,"guitars, tranquillity",,,
3043,2.8428066706657606,2.8428066706657606,False,False,,"guitars, tranquillity",,,
3044,2.843929780442427,2.843929780442427,False,False,,"guitars, tranquillity",,,
3045,2.824757704727906,2.824757704727906,False,False,,"guitars, tranquillity",,,
3046,2.8461742684908127,2.8461742684908122,False,False,,"guitars, tranquillity",,,
3047,2.868493539907825,2.868493539907825,False,False,,"guitars, tranquillity",,,
3048,2.864047802016334,2.864047802016334,False,False,,"guitars, tranquillity",,,
3049,2.8618215585011875,2.8618215585011875,False,False,,"guitars, tranquillity",,,
3050,2.854011881658784,2.8540118816587836,False,False,,"guitars, tranquillity",,,
3051,2.855129253730752,2.855129253730752,False,False,,"guitars, tranquillity",,,
3052,2.824757704727906,2.824757704727906,False,False,,"guitars, tranquillity",,,
3053,2.824757704727906,2.824757704727906,False,False,,"guitars, tranquillity",,,
3054,2.8292840114087445,2.829284011408744,False,False,,"guitars, tranquillity",,,
3055,2.8304141152276707,2.8304141152276707,False,False,,"guitars, tranquillity",,,
3056,2.827022038049106,2.827022038049106,False,False,,"guitars, tranquillity",,,
3057,2.8405587154931093,2.840558715493109,False,False,,"guitars, tranquillity",,,
3058,2.8315436316018334,2.8315436316018334,False,False,,"guitars, tranquillity",,,
3059,2.820221930859512,2.820221930859512,False,False,,"guitars, tranquillity",,,
3060,2.8416829826242536,2.8416829826242536,False,False,,"guitars, tranquillity",,,
3061,2.851775426344072,2.851775426344072,False,False,,"guitars, tranquillity",,,
3062,2.838308440653068,2.838308440653068,False,False,,"guitars, tranquillity",,,
3063,2.831543631601833,2.831543631601833,False,False,,"guitars, tranquillity",,,
3064,2.83380090539137,2.83380090539137,False,False,,"guitars, tranquillity",,,
3065,2.817950476560391,2.817950476560391,False,False,,"guitars, tranquillity",,,
3066,2.817950476560391,2.817950476560391,False,False,,"guitars, tranquillity",,,
3067,2.821356764874769,2.821356764874769,False,False,,"guitars, tranquillity",,,
3068,2.83718243128491,2.83718243128491,False,False,,"guitars, tranquillity",,,
3069,2.839433868445602,2.839433868445602,False,False,,"guitars, tranquillity",,,
3070,2.838308440653068,2.838308440653068,False,False,,"guitars, tranquillity",,,
3071,2.851775426344072,2.851775426344072,False,False,,"guitars, tranquillity",,,
3072,2.8551292537307518,2.8551292537307513,False,False,,"guitars, tranquillity",,,
3073,2.859593056853928,2.8595930568539276,False,False,,"guitars, tranquillity",,,
3074,2.8696035728906533,2.869603572890653,False,False,,"guitars, tranquillity",,,
3075,2.8696035728906533,2.869603572890653,False,False,,"guitars, tranquillity",,,
3076,2.8839834113061453,2.8839834113061453,False,False,,"guitars, tranquillity",,,
3077,2.885085688035895,2.885085688035895,False,False,,"guitars, tranquillity",,,
3078,2.89168786060022,2.8916878606002197,False,False,,"guitars, tranquillity",,,
3079,2.896078423104614,2.8960784231046137,False,False,,"guitars, tranquillity",,,
3080,2.8971747098135863,2.8971747098135863,False,False,,"guitars, tranquillity",,,
3081,2.8971747098135863,2.8971747098135863,False,False,,"guitars, tranquillity",,,
3082,2.903741113882637,2.903741113882637,False,False,,"guitars, tranquillity",,,
3083,2.892786315058069,2.892786315058069,False,False,,"guitars, tranquillity",,,
3084,2.8960784231046146,2.8960784231046146,False,False,,"guitars, tranquillity",,,
3085,2.8960784231046146,2.8960784231046146,False,False,,"guitars, tranquillity",,,
3086,2.8960784231046146,2.8960784231046146,False,False,,"guitars, tranquillity",,,
3087,2.9048336353591586,2.9048336353591586,False,False,,"guitars, tranquillity",,,
3088,2.8960784231046146,2.8960784231046146,False,False,,"guitars, tranquillity",,,
3089,2.885085688035895,2.885085688035895,False,False,,"guitars, tranquillity",,,
3090,2.8949815955687006,2.8949815955687006,False,False,,"guitars, tranquillity",,,
3091,2.8982704564330435,2.898270456433044,False,False,,"guitars, tranquillity",,,
3092,2.89168786060022,2.8916878606002197,False,False,,"guitars, tranquillity",,,
3093,2.8883892314827206,2.888389231482721,False,False,,"guitars, tranquillity",,,
3094,2.8773581943274498,2.8773581943274498,False,False,,"guitars, tranquillity",,,
3095,2.872930320755083,2.872930320755083,False,False,,"guitars, tranquillity",,,
3096,2.876252058286646,2.876252058286646,False,False,,"guitars, tranquillity",,,
3097,2.874038122271046,2.874038122271046,False,False,,"guitars, tranquillity",,,
3098,2.885085688035895,2.885085688035895,False,False,,"guitars, tranquillity",,,
3099,2.881777209942701,2.881777209942701,False,False,,"guitars, tranquillity",,,
3100,2.876252058286646,2.876252058286646,False,False,,"guitars, tranquillity",,,
3101,2.88618741647274,2.88618741647274,False,False,,"guitars, tranquillity",,,
3102,2.8839834113061458,2.883983411306146,False,False,,"guitars, tranquillity",,,
3103,2.889489319559119,2.8894893195591185,False,False,,"guitars, tranquillity",,,
3104,2.88618741647274,2.88618741647274,False,False,,"guitars, tranquillity",,,
3105,2.880673283792118,2.880673283792118,False,False,,"guitars, tranquillity",,,
3106,2.8982704564330435,2.898270456433044,False,False,,"guitars, tranquillity",,,
3107,2.8982704564330435,2.898270456433044,False,False,,"guitars, tranquillity",,,
3108,2.8971747098135863,2.8971747098135863,False,False,,"guitars, tranquillity",,,
3109,2.9026480567067745,2.9026480567067745,False,False,,"guitars, tranquillity",,,
3110,2.9026480567067745,2.9026480567067745,False,False,,"guitars, tranquillity",,,
3111,2.91464234143996,2.9146423414399596,False,False,,"guitars, tranquillity",,,
3112,2.913554608779303,2.913554608779303,False,False,,"guitars, tranquillity",,,
3113,2.9124663468958163,2.9124663468958163,False,False,,"guitars, tranquillity",,,
3114,2.910288232605757,2.910288232605757,False,False,,"guitars, tranquillity",,,
3115,2.9168162219379883,2.9168162219379883,False,False,,"guitars, tranquillity",,,
3116,2.9157295455894814,2.915729545589481,False,False,,"guitars, tranquillity",,,
3117,2.9091983787679228,2.909198378767923,False,False,,"guitars, tranquillity",,,
3118,2.8982704564330435,2.898270456433044,False,False,,"guitars, tranquillity",,,
3119,2.903741113882637,2.903741113882637,False,False,,"guitars, tranquillity",,,
3120,2.9157295455894814,2.915729545589481,False,False,,"guitars, tranquillity",,,
3121,2.928735028445268,2.928735028445268,False,False,,"guitars, tranquillity",,,
3122,2.92981542600722,2.92981542600722,False,False,,"guitars, tranquillity",,,
3123,2.930895304859303,2.930895304859303,False,False,,"guitars, tranquillity",,,
3124,2.9362869425231333,2.9362869425231333,False,False,,"guitars, tranquillity",,,
3125,2.940590985723973,2.940590985723973,False,False,,"guitars, tranquillity",,,
3126,2.944886838657107,2.9448868386571068,False,False,,"guitars, tranquillity",,,
3127,2.941665715109163,2.941665715109163,False,False,,"guitars, tranquillity",,,
3128,2.950245202719084,2.950245202719084,False,False,,"guitars, tranquillity",,,
3129,2.939461562566946,2.939461562566946,False,False,,"guitars, tranquillity",,,
3130,2.9470155067720354,2.9470155067720354,False,False,,"guitars, tranquillity",,,
3131,2.940542245313885,2.940542245313885,False,False,,"guitars, tranquillity",,,
3132,2.935133646929032,2.935133646929032,False,False,,"guitars, tranquillity",,,
3133,2.940542245313885,2.940542245313885,False,False,,"guitars, tranquillity",,,
3134,2.9318822469926964,2.9318822469926964,False,False,,"guitars, tranquillity",,,
3135,2.940542245313885,2.940542245313885,False,False,,"guitars, tranquillity",,,
3136,2.940542245313885,2.940542245313885,False,False,,"guitars, tranquillity",,,
3137,2.9383803620429227,2.938380362042923,False,False,,"guitars, tranquillity",,,
3138,2.9253653174999514,2.925365317499951,False,False,,"guitars, tranquillity",,,
3139,2.9253653174999514,2.925365317499951,False,False,,"guitars, tranquillity",,,
3140,2.9286261434765777,2.9286261434765777,False,False,,"guitars, tranquillity",,,
3141,2.9383803620429227,2.938380362042923,False,False,,"guitars, tranquillity",,,
3142,2.913368243820396,2.9133682438203965,False,False,,"guitars, tranquillity",,,
3143,2.908989681103355,2.908989681103355,False,False,,"guitars, tranquillity",,,
3144,2.9220997500575776,2.9220997500575776,False,False,,"guitars, tranquillity",,,
3145,2.929712035098183,2.929712035098183,False,False,,"guitars, tranquillity",,,
3146,2.9253653174999514,2.925365317499951,False,False,,"guitars, tranquillity",,,
3147,2.9351336469290312,2.9351336469290312,False,False,,"guitars, tranquillity",,,
3148,2.9416224109694458,2.9416224109694458,False,False,,"guitars, tranquillity",,,
3149,2.9405422453138845,2.940542245313884,False,False,,"guitars, tranquillity",,,
3150,2.9470155067720354,2.9470155067720354,False,False,,"guitars, tranquillity",,,
3151,2.932966568662632,2.932966568662632,False,False,,"guitars, tranquillity",,,
3152,2.9242773227908248,2.9242773227908248,False,False,,"guitars, tranquillity",,,
3153,2.9242773227908248,2.9242773227908248,False,False,,"guitars, tranquillity",,,
3154,2.9122744069917337,2.912274406991734,False,False,,"guitars, tranquillity",,,
3155,2.8869668983186405,2.8869668983186405,False,False,,"guitars, tranquillity",,,
3156,2.8365979249265703,2.83659792492657,False,False,,"guitars, tranquillity",,,
3157,2.8557622722399234,2.8557622722399234,False,False,,"guitars, tranquillity",,,
3158,2.8568843758372044,2.8568843758372044,False,False,,"guitars, tranquillity",,,
3159,2.8467646888313034,2.8467646888313034,False,False,,"guitars, tranquillity",,,
3160,2.8568843758372044,2.8568843758372044,False,False,,"guitars, tranquillity",,,
3161,2.858005905638826,2.8580059056388265,False,False,,"guitars, tranquillity",,,
3162,2.853516340403568,2.853516340403568,False,False,,"guitars, tranquillity",,,
3163,2.8523925105323413,2.8523925105323413,False,False,,"guitars, tranquillity",,,
3164,2.8467646888313034,2.8467646888313034,False,False,,"guitars, tranquillity",,,
3165,2.8467646888313034,2.8467646888313034,False,False,,"guitars, tranquillity",,,
3166,2.8512681036011505,2.8512681036011505,False,False,,"guitars, tranquillity",,,
3167,2.8512681036011505,2.8512681036011505,False,False,,"guitars, tranquillity",,,
3168,2.8512681036011505,2.8512681036011505,False,False,,"guitars, tranquillity",,,
3169,2.8512681036011505,2.8512681036011505,False,False,,"guitars, tranquillity",,,
3170,2.870305093654661,2.8703050936546606,False,False,,"guitars, tranquillity",,,
3171,2.8714198006609126,2.8714198006609126,False,False,,"guitars, tranquillity",,,
3172,2.8680739863048683,2.8680739863048683,False,False,,"guitars, tranquillity",,,
3173,2.8602472470986404,2.86024724709864,False,False,,"guitars, tranquillity",,,
3174,2.859126862456149,2.8591268624561486,False,False,,"guitars, tranquillity",,,
3175,2.854639594033752,2.854639594033752,False,False,,"guitars, tranquillity",,,
3176,2.844509497653652,2.8445094976536516,False,False,,"guitars, tranquillity",,,
3177,2.829793627216466,2.8297936272164654,False,False,,"guitars, tranquillity",,,
3178,2.830929156459141,2.830929156459141,False,False,,"guitars, tranquillity",,,
3179,2.859126862456149,2.8591268624561486,False,False,,"guitars, tranquillity",,,
3180,2.855762272239923,2.8557622722399234,False,False,,"guitars, tranquillity",,,
3181,2.868073986304868,2.8680739863048683,False,False,,"guitars, tranquillity",,,
3182,2.864723080044349,2.864723080044349,False,False,,"guitars, tranquillity",,,
3183,2.854639594033752,2.854639594033752,False,False,,"guitars, tranquillity",,,
3184,2.855762272239923,2.8557622722399234,False,False,,"guitars, tranquillity",,,
3185,2.8691898224663177,2.8691898224663177,False,False,,"guitars, tranquillity",,,
3186,2.878096238943727,2.878096238943727,False,False,,"guitars, tranquillity",,,
3187,2.878096238943727,2.878096238943727,False,False,,"guitars, tranquillity",,,
3188,2.884752564005355,2.884752564005355,False,False,,"guitars, tranquillity",,,
3189,2.881426905147947,2.8814269051479475,False,False,,"guitars, tranquillity",,,
3190,2.881426905147947,2.8814269051479475,False,False,,"guitars, tranquillity",,,
3191,2.8792070186722443,2.879207018672244,False,False,,"guitars, tranquillity",,,
3192,2.8725339442742714,2.8725339442742714,False,False,,"guitars, tranquillity",,,
3193,2.8825360134431834,2.882536013443183,False,False,,"guitars, tranquillity",,,
3194,2.8680739863048683,2.8680739863048683,False,False,,"guitars, tranquillity",,,
3195,2.883644566139105,2.8836445661391052,False,False,,"guitars, tranquillity",,,
3196,2.88696689831864,2.8869668983186396,False,False,,"guitars, tranquillity",,,
3197,2.888073236296243,2.8880732362962434,False,False,,"guitars, tranquillity",,,
3198,2.8946997035962334,2.894699703596233,False,False,,"guitars, tranquillity",,,
3199,2.8969041401547377,2.8969041401547377,False,False,,"guitars, tranquillity",,,
3200,2.9078936982477708,2.9078936982477708,False,False,,"guitars, tranquillity",,,
3201,2.9024056943492065,2.9024056943492065,False,False,,"guitars, tranquillity",,,
3202,2.904602516770822,2.904602516770822,False,False,,"guitars, tranquillity",,,
3203,2.9089896811033547,2.908989681103354,False,False,,"guitars, tranquillity",,,
3204,2.913368243820395,2.913368243820395,False,False,,"guitars, tranquillity",,,
3205,2.908989681103354,2.908989681103354,False,False,,"guitars, tranquillity",,,
3206,2.8969041401547377,2.8969041401547377,False,False,,"guitars, tranquillity",,,
3207,2.906797177062405,2.906797177062405,False,False,,"guitars, tranquillity",,,
3208,2.912274406991733,2.912274406991733,False,False,,"guitars, tranquillity",,,
3209,2.912274406991733,2.912274406991733,False,False,,"guitars, tranquillity",,,
3210,2.9188294220185536,2.9188294220185536,False,False,,"guitars, tranquillity",,,
3211,2.9210101706147964,2.9210101706147964,False,False,,"guitars, tranquillity",,,
3212,2.917738251437033,2.917738251437033,False,False,,"guitars, tranquillity",,,
3213,2.917738251437033,2.917738251437033,False,False,,"guitars, tranquillity",,,
3214,2.9155543141251745,2.915554314125175,False,False,,"guitars, tranquillity",,,
3215,2.913368243820395,2.913368243820395,False,False,,"guitars, tranquillity",,,
3216,2.9264527853805795,2.926452785380579,False,False,,"guitars, tranquillity",,,
3217,2.9264527853805795,2.926452785380579,False,False,,"guitars, tranquillity",,,
3218,2.925365317499951,2.925365317499951,False,False,,"guitars, tranquillity",,,
3219,2.93405036840984,2.9340503684098396,False,False,,"guitars, tranquillity",,,
3220,2.9362164049134005,2.9362164049134005,False,False,,"guitars, tranquillity",,,
3221,2.9362164049134005,2.9362164049134005,False,False,,"guitars, tranquillity",,,
3222,2.935133646929031,2.935133646929031,False,False,,"guitars, tranquillity",,,
3223,2.9372986430546346,2.9372986430546346,False,False,,"guitars, tranquillity",,,
3224,2.936216404913401,2.936216404913401,False,False,,"guitars, tranquillity",,,
3225,2.927539727138159,2.927539727138159,False,False,,"guitars, tranquillity",,,
3226,2.9340503684098405,2.9340503684098405,False,False,,"guitars, tranquillity",,,
3227,2.932966568662631,2.9329665686626307,False,False,,"guitars, tranquillity",,,
3228,2.9416224109694458,2.9416224109694458,False,False,,"guitars, tranquillity",,,
3229,2.9437811937417693,2.943781193741769,False,False,,"guitars, tranquillity",,,
3230,2.950245202719083,2.9502452027190835,False,False,,"guitars, tranquillity",,,
3231,2.955617818481022,2.9556178184810222,False,False,,"guitars, tranquillity",,,
3232,2.954544313285533,2.954544313285533,False,False,,"guitars, tranquillity",,,
3233,2.9534702997790263,2.9534702997790263,False,False,,"guitars, tranquillity",,,
3234,2.9470155067720354,2.9470155067720354,False,False,,"guitars, tranquillity",,,
3235,2.932966568662632,2.932966568662632,False,False,,"guitars, tranquillity",,,
3236,2.937298643054634,2.9372986430546337,False,False,,"guitars, tranquillity",,,
3237,2.950245202719083,2.9502452027190835,False,False,,"guitars, tranquillity",,,
3238,2.974854742394682,2.974854742394682,False,False,,"guitars, tranquillity",,,
3239,2.987589859093371,2.987589859093371,False,False,,"guitars, tranquillity",,,
3240,2.987589859093371,2.987589859093371,False,False,,"guitars, tranquillity",,,
3241,2.988647929705222,2.988647929705222,False,False,,"guitars, tranquillity",,,
3242,2.99393097954912,2.9939309795491194,False,False,,"guitars, tranquillity",,,
3243,2.9918192177743665,2.9918192177743665,False,False,,"guitars, tranquillity",,,
3244,2.990762608424683,2.990762608424683,False,False,,"guitars, tranquillity",,,
3245,2.9897055126084315,2.989705512608431,False,False,,"guitars, tranquillity",,,
3246,3.01180318252272,3.01180318252272,False,False,,"guitars, tranquillity",,,
3247,3.009707742281147,3.009707742281147,False,False,,"guitars, tranquillity",,,
3248,3.012850190857553,3.012850190857553,False,False,,"guitars, tranquillity",,,
3249,3.006561014042493,3.006561014042493,False,False,,"guitars, tranquillity",,,
3250,3.005511150801571,3.0055111508015715,False,False,,"guitars, tranquillity",,,
3251,2.99393097954912,2.9939309795491194,False,False,,"guitars, tranquillity",,,
3252,3.009707742281147,3.009707742281147,False,False,,"guitars, tranquillity",,,
3253,3.005511150801575,3.0055111508015755,False,False,,"guitars, tranquillity",,,
3254,3.0159883758424875,3.0159883758424875,False,False,,"guitars, tranquillity",,,
3255,3.021209252839768,3.021209252839768,False,False,,"guitars, tranquillity",,,
3256,3.0284987978476843,3.0284987978476843,False,False,,"guitars, tranquillity",,,
3257,3.023294316377396,3.023294316377396,False,False,,"guitars, tranquillity",,,
3258,3.023294316377396,3.023294316377396,False,False,,"guitars, tranquillity",,,
3259,3.018061507601516,3.018061507601516,False,False,,"guitars, tranquillity",,,
3260,3.0358051700688837,3.0358051700688837,False,False,,"guitars, tranquillity",,,
3261,3.0503168054963727,3.0503168054963727,False,False,,"guitars, tranquillity",,,
3262,3.054446504497344,3.054446504497344,False,False,,"guitars, tranquillity",,,
3263,3.0482492223504303,3.0482492223504303,False,False,,"guitars, tranquillity",,,
3264,3.062684157210328,3.062684157210328,False,False,,"guitars, tranquillity",,,
3265,3.0595984227696715,3.0595984227696715,False,False,,"guitars, tranquillity",,,
3266,3.0595984227696715,3.0595984227696715,False,False,,"guitars, tranquillity",,,
3267,3.0811141412161054,3.0811141412161054,False,False,,"guitars, tranquillity",,,
3268,3.085190235040038,3.0851902350400384,False,False,,"guitars, tranquillity",,,
3269,3.082133823001449,3.082133823001449,False,False,,"guitars, tranquillity",,,
3270,3.082133823001449,3.082133823001449,False,False,,"guitars, tranquillity",,,
3271,3.1034464756566025,3.103446475656602,False,False,,"guitars, tranquillity",,,
3272,3.099401634291971,3.099401634291971,False,False,,"guitars, tranquillity",,,
3273,3.115539995745641,3.115539995745641,False,False,,"guitars, tranquillity",,,
3274,3.132568535913671,3.132568535913671,False,False,,"guitars, tranquillity",,,
3275,3.1255714179852405,3.1255714179852405,False,False,,"guitars, tranquillity",,,
3276,3.126572255286068,3.126572255286068,False,False,,"guitars, tranquillity",,,
3277,3.143523056335022,3.143523056335022,False,False,,"guitars, tranquillity",,,
3278,3.136557764542983,3.136557764542983,False,False,,"guitars, tranquillity",,,
3279,3.098389349024196,3.098389349024196,False,False,,"guitars, tranquillity",,,
3280,3.0923065689372944,3.0923065689372944,False,False,,"guitars, tranquillity",,,
3281,3.0923065689372944,3.0923065689372944,False,False,,"guitars, tranquillity",,,
3282,3.1235684900306406,3.1235684900306406,False,False,,"guitars, tranquillity",,,
3283,3.1165450311109795,3.1165450311109795,False,False,,"guitars, tranquillity",,,
3284,3.114534537888765,3.114534537888765,False,False,,"guitars, tranquillity",,,
3285,3.1115156244449587,3.111515624444959,False,False,,"guitars, tranquillity",,,
3286,3.105466323579103,3.1054663235791033,False,False,,"guitars, tranquillity",,,
3287,3.103446475656602,3.103446475656602,False,False,,"guitars, tranquillity",,,
3288,3.087225653854431,3.087225653854431,False,False,,"guitars, tranquillity",,,
3289,3.089259326152677,3.0892593261526775,False,False,,"guitars, tranquillity",,,
3290,3.0902755086530727,3.0902755086530727,False,False,,"guitars, tranquillity",,,
3291,3.0780524552026445,3.0780524552026445,False,False,,"guitars, tranquillity",,,
3292,3.0983893490241954,3.098389349024195,False,False,,"guitars, tranquillity",,,
3293,3.108492890811561,3.108492890811561,False,False,,"guitars, tranquillity",,,
3294,3.111515624444958,3.111515624444958,False,False,,"guitars, tranquillity",,,
3295,3.1014249139044834,3.1014249139044834,False,False,,"guitars, tranquillity",,,
3296,3.1325685359136703,3.132568535913671,False,False,,"guitars, tranquillity",,,
3297,3.156405536663231,3.156405536663231,False,False,,"guitars, tranquillity",,,
3298,3.154428075912849,3.154428075912849,False,False,,"guitars, tranquillity",,,
3299,3.154428075912849,3.154428075912849,False,False,,"guitars, tranquillity",,,
3300,3.174130558299477,3.174130558299477,False,False,,"guitars, tranquillity",,,
3301,3.17216747952704,3.1721674795270403,False,False,,"guitars, tranquillity",,,
3302,3.17216747952704,3.1721674795270403,False,False,,"guitars, tranquillity",,,
3303,3.174130558299477,3.174130558299477,False,False,,"guitars, tranquillity",,,
3304,3.174130558299477,3.174130558299477,False,False,,"guitars, tranquillity",,,
3305,3.18587596970268,3.18587596970268,False,False,,"guitars, tranquillity",,,
3306,3.18098891310718,3.1809889131071793,False,False,,"guitars, tranquillity",,,
3307,3.178051978813356,3.178051978813356,False,False,,"guitars, tranquillity",,,
3308,3.187828060578538,3.187828060578538,False,False,,"guitars, tranquillity",,,
3309,3.213064895723238,3.2130648957232384,False,False,,"guitars, tranquillity",,,
3310,3.2323035466549603,3.2323035466549603,False,False,,"guitars, tranquillity",,,
3311,3.237089959101594,3.237089959101594,False,False,,"guitars, tranquillity",,,
3312,3.2361334142634828,3.236133414263483,False,False,,"guitars, tranquillity",,,
3313,3.2361334142634828,3.236133414263483,False,False,,"guitars, tranquillity",,,
3314,3.239001945049802,3.239001945049802,False,False,,"guitars, tranquillity",,,
3315,3.2437754897366875,3.243775489736687,False,False,,"guitars, tranquillity",,,
3316,3.264671233720286,3.264671233720286,False,False,,"guitars, tranquillity",,,
3317,3.2580415190882515,3.2580415190882515,False,False,,"guitars, tranquillity",,,
3318,3.2532952287660275,3.253295228766028,False,False,,"guitars, tranquillity",,,
3319,3.2788190304209324,3.278819030420933,False,False,,"guitars, tranquillity",,,
3320,3.3003591576330105,3.3003591576330105,False,False,,"guitars, tranquillity",,,
3321,3.318941952947285,3.318941952947285,False,False,,"guitars, tranquillity",,,
3322,3.306878611176752,3.306878611176752,False,False,,"guitars, tranquillity",,,
3323,3.3105965079804065,3.3105965079804065,False,False,,"guitars, tranquillity",,,
3324,3.2853778274496945,3.2853778274496945,False,False,,"guitars, tranquillity",,,
3325,3.30687620612098,3.30687620612098,False,False,,"guitars, tranquillity",,,
3326,3.337407428283934,3.337407428283934,False,False,,"guitars, tranquillity",,,
3327,3.3401649879308906,3.34016498793089,False,False,,"guitars, tranquillity",,,
3328,3.3105965079804065,3.3105965079804065,False,False,,"guitars, tranquillity",,,
3329,3.2863163511596563,3.2863163511596563,False,False,,"guitars, tranquillity",,,
3330,3.281620235407068,3.281620235407068,False,False,,"guitars, tranquillity",,,
3331,3.30687620612098,3.30687620612098,False,False,,"guitars, tranquillity",,,
3332,3.322650047799018,3.322650047799018,False,False,,"guitars, tranquillity",,,
3333,3.353908527617006,3.3539085276170058,False,False,,"guitars, tranquillity",,,
3334,3.3520802951927435,3.3520802951927435,False,False,,"guitars, tranquillity",,,
3335,3.3520802951927435,3.3520802951927435,False,False,,"guitars, tranquillity",,,
3336,3.357561103386627,3.3575611033866273,False,False,,"guitars, tranquillity",,,
3337,3.38117775913773,3.38117775913773,False,False,,"guitars, tranquillity",,,
3338,3.3929059030805453,3.3929059030805453,False,False,,"guitars, tranquillity",,,
3339,3.363940686389405,3.3639406863894052,False,False,,"guitars, tranquillity",,,
3340,3.363940686389405,3.3639406863894052,False,False,,"guitars, tranquillity",,,
3341,3.363940686389405,3.3639406863894052,False,False,,"guitars, tranquillity",,,
3342,3.3893028730638743,3.389302873063874,False,False,,"guitars, tranquillity",,,
3343,3.3938058821806765,3.3938058821806765,False,False,,"guitars, tranquillity",,,
3344,3.3983011221155217,3.398301122115522,False,False,,"guitars, tranquillity",,,
3345,3.3983011221155217,3.398301122115522,False,False,,"guitars, tranquillity",,,
3346,3.373934024299145,3.373934024299145,False,False,,"guitars, tranquillity",,,
3347,3.3929059030805453,3.3929059030805453,False,False,,"guitars, tranquillity",,,
3348,3.398301122115521,3.3983011221155204,False,False,,"guitars, tranquillity",,,
3349,3.396503956069791,3.396503956069791,False,False,,"guitars, tranquillity",,,
3350,3.378463729236344,3.378463729236344,False,False,,"guitars, tranquillity",,,
3351,3.33832694451598,3.3383269445159804,False,False,,"guitars, tranquillity",,,
3352,3.2994192005773377,3.299419200577338,False,False,,"guitars, tranquillity",,,
3353,3.3300393864754567,3.3300393864754563,False,False,,"guitars, tranquillity",,,
3354,3.3346468975554835,3.3346468975554835,False,False,,"guitars, tranquillity",,,
3355,3.300352526700807,3.300352526700807,False,False,,"guitars, tranquillity",,,
3356,3.3291168873037127,3.329116887303713,False,False,,"guitars, tranquillity",,,
3357,3.3291168873037127,3.329116887303713,False,False,,"guitars, tranquillity",,,
3358,3.3520802951927435,3.3520802951927435,False,False,,"guitars, tranquillity",,,
3359,3.40099455226755,3.40099455226755,False,False,,"guitars, tranquillity",,,
3360,3.4099526507663307,3.4099526507663307,False,False,,"guitars, tranquillity",,,
3361,3.4188801995115257,3.4188801995115257,False,False,,"guitars, tranquillity",,,
3362,3.4027886298550887,3.4027886298550887,False,False,,"guitars, tranquillity",,,
3363,3.4233326074683883,3.4233326074683883,False,False,,"guitars, tranquillity",,,
3364,3.4215525498986925,3.421552549898692,False,False,,"guitars, tranquillity",,,
3365,3.424222184295362,3.4242221842953615,False,False,,"guitars, tranquillity",,,
3366,3.4251114601932446,3.4251114601932446,False,False,,"guitars, tranquillity",,,
3367,3.385694846918802,3.3856948469188017,False,False,,"guitars, tranquillity",,,
3368,3.4036852067741106,3.403685206774111,False,False,,"guitars, tranquillity",,,
3369,3.386597322891212,3.386597322891212,False,False,,"guitars, tranquillity",,,
3370,3.352994573715177,3.352994573715177,False,False,,"guitars, tranquillity",,,
3371,3.3730271322917678,3.3730271322917678,False,False,,"guitars, tranquillity",,,
3372,3.3520802951927435,3.3520802951927435,False,False,,"guitars, tranquillity",,,
3373,3.3593854518123583,3.3593854518123587,False,False,,"guitars, tranquillity",,,
3374,3.335567405132185,3.3355674051321853,False,False,,"guitars, tranquillity",,,
3375,3.3105965079804065,3.3105965079804065,False,False,,"guitars, tranquillity",,,
3376,3.35025076300828,3.3502507630082796,False,False,,"guitars, tranquillity",,,
3377,3.33832694451598,3.3383269445159804,False,False,,"guitars, tranquillity",,,
3378,3.3648507695646974,3.3648507695646974,False,False,,"guitars, tranquillity",,,
3379,3.368487900227127,3.368487900227127,False,False,,"guitars, tranquillity",,,
3380,3.373934024299144,3.3739340242991434,False,False,,"guitars, tranquillity",,,
3381,3.377558421240315,3.377558421240315,False,False,,"guitars, tranquillity",,,
3382,3.3520802951927435,3.3520802951927435,False,False,,"guitars, tranquillity",,,
3383,3.353908527617006,3.3539085276170058,False,False,,"guitars, tranquillity",,,
3384,3.3300393864754567,3.3300393864754563,False,False,,"guitars, tranquillity",,,
3385,3.351165691730385,3.351165691730385,False,False,,"guitars, tranquillity",,,
3386,3.336487581932079,3.336487581932079,False,False,,"guitars, tranquillity",,,
3387,3.3291168873037127,3.329116887303713,False,False,,"guitars, tranquillity",,,
3388,3.361351612966334,3.3613516129663337,False,False,,"guitars, tranquillity",,,
3389,3.3677503960817767,3.3677503960817767,False,False,,"guitars, tranquillity",,,
3390,3.3931886223176044,3.3931886223176044,False,False,,"guitars, tranquillity",,,
3391,3.383224741553028,3.383224741553028,False,False,,"guitars, tranquillity",,,
3392,3.388664316345257,3.388664316345257,False,False,,"guitars, tranquillity",,,
3393,3.373222489714136,3.3732224897141365,False,False,,"guitars, tranquillity",,,
3394,3.388664316345257,3.388664316345257,False,False,,"guitars, tranquillity",,,
3395,3.413899973510819,3.4138999735108193,False,False,,"guitars, tranquillity",,,
3396,3.413899973510819,3.4138999735108193,False,False,,"guitars, tranquillity",,,
3397,3.4058150674702654,3.405815067470265,False,False,,"guitars, tranquillity",,,
3398,3.404915200525585,3.404915200525585,False,False,,"guitars, tranquillity",,,
3399,3.409411442255165,3.409411442255165,False,False,,"guitars, tranquillity",,,
3400,3.418380830777864,3.418380830777864,False,False,,"guitars, tranquillity",,,
3401,3.426427150789821,3.426427150789821,False,False,,"guitars, tranquillity",,,
3402,3.448649931184289,3.4486499311842893,False,False,,"guitars, tranquillity",,,
3403,3.4601324019154323,3.4601324019154323,False,False,,"guitars, tranquillity",,,
3404,3.4601324019154323,3.4601324019154323,False,False,,"guitars, tranquillity",,,
3405,3.4873153248556603,3.4873153248556603,False,False,,"guitars, tranquillity",,,
3406,3.483823366198876,3.483823366198876,False,False,,"guitars, tranquillity",,,
3407,3.4803268423838394,3.4803268423838394,False,False,,"guitars, tranquillity",,,
3408,3.5003697911967997,3.5003697911967993,False,False,,"guitars, tranquillity",,,
3409,3.5055738591704277,3.5055738591704277,False,False,,"guitars, tranquillity",,,
3410,3.4968948060878797,3.4968948060878797,False,False,,"guitars, tranquillity",,,
3411,3.495155625567223,3.495155625567223,False,False,,"guitars, tranquillity",,,
3412,3.4715654513842766,3.4715654513842766,False,False,,"guitars, tranquillity",,,
3413,3.474196890941189,3.474196890941189,False,False,,"guitars, tranquillity",,,
3414,3.4759497426291586,3.475949742629159,False,False,,"guitars, tranquillity",,,
3415,3.457487008987869,3.4574870089878695,False,False,,"guitars, tranquillity",,,
3416,3.476825736854104,3.4768257368541033,False,False,,"guitars, tranquillity",,,
3417,3.4890595973968312,3.4890595973968312,False,False,,"guitars, tranquillity",,,
3418,3.4855699151411,3.4855699151411,False,False,,"guitars, tranquillity",,,
3419,3.491673878487315,3.4916738784873145,False,False,,"guitars, tranquillity",,,
3420,3.4433334961472486,3.4433334961472486,False,False,,"guitars, tranquillity",,,
3421,3.451304149624079,3.4513041496240793,False,False,,"guitars, tranquillity",,,
3422,3.46277516298995,3.4627751629899506,False,False,,"guitars, tranquillity",,,
3423,3.4680528184840598,3.4680528184840593,False,False,,"guitars, tranquillity",,,
3424,3.4539557118593014,3.4539557118593014,False,False,,"guitars, tranquillity",,,
3425,3.4495349662527746,3.449534966252774,False,False,,"guitars, tranquillity",,,
3426,3.4680528184840598,3.4680528184840593,False,False,,"guitars, tranquillity",,,
3427,3.4680528184840598,3.4680528184840593,False,False,,"guitars, tranquillity",,,
3428,3.4680528184840598,3.4680528184840593,False,False,,"guitars, tranquillity",,,
3429,3.4680528184840598,3.4680528184840593,False,False,,"guitars, tranquillity",,,
3430,3.4612927163250147,3.4612927163250147,False,False,,"guitars, tranquillity",,,
3431,3.4478120177099894,3.4478120177099894,False,False,,"guitars, tranquillity",,,
3432,3.4276893495127347,3.4276893495127347,False,False,,"guitars, tranquillity",,,
3433,3.42065398057256,3.42065398057256,False,False,,"guitars, tranquillity",,,
3434,3.396769254573098,3.3967692545730985,False,False,,"guitars, tranquillity",,,
3435,3.385190802255836,3.385190802255836,False,False,,"guitars, tranquillity",,,
3436,3.358272458505533,3.358272458505533,False,False,,"guitars, tranquillity",,,
3437,3.3681750623023445,3.368175062302345,False,False,,"guitars, tranquillity",,,
3438,3.3492369687056502,3.3492369687056507,False,False,,"guitars, tranquillity",,,
3439,3.353758677187819,3.353758677187819,False,False,,"guitars, tranquillity",,,
3440,3.324681099385045,3.3246810993850455,False,False,,"guitars, tranquillity",,,
3441,3.303575230387376,3.303575230387376,False,False,,"guitars, tranquillity",,,
3442,3.336533682250828,3.336533682250828,False,False,,"guitars, tranquillity",,,
3443,3.3164431147219195,3.3164431147219195,False,False,,"guitars, tranquillity",,,
3444,3.341077793410218,3.3410777934102174,False,False,,"guitars, tranquillity",,,
3445,3.331070085435849,3.331070085435849,False,False,,"guitars, tranquillity",,,
3446,3.329246290378625,3.329246290378625,False,False,,"guitars, tranquillity",,,
3447,3.294343761785316,3.2943437617853157,False,False,,"guitars, tranquillity",,,
3448,3.295268424884298,3.2952684248842976,False,False,,"guitars, tranquillity",,,
3449,3.324681099385046,3.324681099385046,False,False,,"guitars, tranquillity",,,
3450,3.312773218815961,3.312773218815961,False,False,,"guitars, tranquillity",,,
3451,3.2841500713905645,3.2841500713905645,False,False,,"guitars, tranquillity",,,
3452,3.259890545736541,3.259890545736541,False,False,,"guitars, tranquillity",,,
3453,3.2116087007481644,3.211608700748165,False,False,,"guitars, tranquillity",,,
3454,3.232551395386162,3.232551395386162,False,False,,"guitars, tranquillity",,,
3455,3.23349914096637,3.23349914096637,False,False,,"guitars, tranquillity",,,
3456,3.180825154593901,3.1808251545939004,False,False,,"guitars, tranquillity",,,
3457,3.18372759522742,3.18372759522742,False,False,,"guitars, tranquillity",,,
3458,3.197226981470884,3.1972269814708842,False,False,,"guitars, tranquillity",,,
3459,3.2410681163176296,3.241068116317629,False,False,,"guitars, tranquillity",,,
3460,3.2391780320416554,3.239178032041656,False,False,,"guitars, tranquillity",,,
3461,3.2201976130138066,3.220197613013806,False,False,,"guitars, tranquillity",,,
3462,3.221150095769564,3.221150095769564,False,False,,"guitars, tranquillity",,,
3463,3.263638077250035,3.263638077250035,False,False,,"guitars, tranquillity",,,
3464,3.26082795459012,3.26082795459012,False,False,,"guitars, tranquillity",,,
3465,3.2655097427311444,3.2655097427311444,False,False,,"guitars, tranquillity",,,
3466,3.2645740847119704,3.2645740847119704,False,False,,"guitars, tranquillity",,,
3467,3.24295676592828,3.2429567659282794,False,False,,"guitars, tranquillity",,,
3468,3.26082795459012,3.26082795459012,False,False,,"guitars, tranquillity",,,
3469,3.298040388447588,3.2980403884475886,False,False,,"guitars, tranquillity",,,
3470,3.302653595692409,3.302653595692409,False,False,,"guitars, tranquillity",,,
3471,3.308178388624385,3.308178388624385,False,False,,"guitars, tranquillity",,,
3472,3.301731625863338,3.301731625863338,False,False,,"guitars, tranquillity",,,
3473,3.2822922407786703,3.28229224077867,False,False,,"guitars, tranquillity",,,
3474,3.281362811612601,3.281362811612601,False,False,,"guitars, tranquillity",,,
3475,3.302653595692409,3.302653595692409,False,False,,"guitars, tranquillity",,,
3476,3.292493420669377,3.2924934206693766,False,False,,"guitars, tranquillity",,,
3477,3.2757790204833253,3.2757790204833253,False,False,,"guitars, tranquillity",,,
3478,3.255198225326882,3.2551982253268825,False,False,,"guitars, tranquillity",,,
3479,3.230654817588668,3.2306548175886682,False,False,,"guitars, tranquillity",,,
3480,3.230654817588668,3.2306548175886682,False,False,,"guitars, tranquillity",,,
3481,3.1943405100974647,3.1943405100974647,False,False,,"guitars, tranquillity",,,
3482,3.2058660968486863,3.2058660968486863,False,False,,"guitars, tranquillity",,,
3483,3.2457870569281817,3.2457870569281813,False,False,,"guitars, tranquillity",,,
3484,3.23349914096637,3.23349914096637,False,False,,"guitars, tranquillity",,,
3485,3.2287567883842416,3.2287567883842416,False,False,,"guitars, tranquillity",,,
3486,3.2551982253268825,3.2551982253268825,False,False,,"guitars, tranquillity",,,
3487,3.239178032041655,3.239178032041655,False,False,,"guitars, tranquillity",,,
3488,3.268314623737357,3.2683146237373566,False,False,,"guitars, tranquillity",,,
3489,3.281362811612601,3.281362811612601,False,False,,"guitars, tranquillity",,,
3490,3.289715366553527,3.2897153665535264,False,False,,"guitars, tranquillity",,,
3491,3.289715366553527,3.2897153665535264,False,False,,"guitars, tranquillity",,,
3492,3.295268424884298,3.2952684248842976,False,False,,"guitars, tranquillity",,,
3493,3.298963702193685,3.2989637021936855,False,False,,"guitars, tranquillity",,,
3494,3.296192750133479,3.296192750133479,False,False,,"guitars, tranquillity",,,
3495,3.269248887587706,3.2692488875877057,False,False,,"guitars, tranquillity",,,
3496,3.2897153665535277,3.289715366553528,False,False,,"guitars, tranquillity",,,
3497,3.312773218815961,3.312773218815961,False,False,,"guitars, tranquillity",,,
3498,3.3035752303873767,3.303575230387376,False,False,,"guitars, tranquillity",,,
3499,3.3054174957222258,3.3054174957222253,False,False,,"guitars, tranquillity",,,
3500,3.327421192987513,3.3274211929875133,False,False,,"guitars, tranquillity",,,
3501,3.330158350538226,3.330158350538226,False,False,,"guitars, tranquillity",,,
3502,3.347426057059182,3.347426057059182,False,False,,"guitars, tranquillity",,,
3503,3.345613868398114,3.3456138683981145,False,False,,"guitars, tranquillity",,,
3504,3.354662066393084,3.354662066393084,False,False,,"guitars, tranquillity",,,
3505,3.3410777934102187,3.341077793410219,False,False,,"guitars, tranquillity",,,
3506,3.3600757600260813,3.3600757600260813,False,False,,"guitars, tranquillity",,,
3507,3.358272458505533,3.358272458505533,False,False,,"guitars, tranquillity",,,
3508,3.338352293577811,3.3383522935778105,False,False,,"guitars, tranquillity",,,
3509,3.3392611154934726,3.3392611154934726,False,False,,"guitars, tranquillity",,,
3510,3.3210230589563032,3.3210230589563032,False,False,,"guitars, tranquillity",,,
3511,3.33471377881557,3.3347137788155696,False,False,,"guitars, tranquillity",,,
3512,3.333803341762645,3.333803341762645,False,False,,"guitars, tranquillity",,,
3513,3.356467894777273,3.356467894777273,False,False,,"guitars, tranquillity",,,
3514,3.35375867718782,3.3537586771878196,False,False,,"guitars, tranquillity",,,
3515,3.374457023955477,3.3744570239554776,False,False,,"guitars, tranquillity",,,
3516,3.378934829551031,3.378934829551031,False,False,,"guitars, tranquillity",,,
3517,3.3681750623023445,3.368175062302345,False,False,,"guitars, tranquillity",,,
3518,3.341937052933836,3.341937052933836,False,False,,"guitars, tranquillity",,,
3519,3.34466377080511,3.34466377080511,False,False,,"guitars, tranquillity",,,
3520,3.32368438121785,3.3236843812178494,False,False,,"guitars, tranquillity",,,
3521,3.3154279300173504,3.3154279300173504,False,False,,"guitars, tranquillity",,,
3522,3.321851924036052,3.321851924036052,False,False,,"guitars, tranquillity",,,
3523,3.3355634147038438,3.335563414703844,False,False,,"guitars, tranquillity",,,
3524,3.331001085488393,3.331001085488393,False,False,,"guitars, tranquillity",,,
3525,3.331001085488393,3.331001085488393,False,False,,"guitars, tranquillity",,,
3526,3.3282597765322777,3.3282597765322777,False,False,,"guitars, tranquillity",,,
3527,3.316346635975406,3.3163466359754055,False,False,,"guitars, tranquillity",,,
3528,3.3255155233495417,3.3255155233495417,False,False,,"guitars, tranquillity",,,
3529,3.3062225707241484,3.3062225707241484,False,False,,"guitars, tranquillity",,,
3530,3.307144608911298,3.3071446089112975,False,False,,"guitars, tranquillity",,,
3531,3.306222570724148,3.3062225707241475,False,False,,"guitars, tranquillity",,,
3532,3.340117629871119,3.3401176298711186,False,False,,"guitars, tranquillity",,,
3533,3.349201877001557,3.349201877001557,False,False,,"guitars, tranquillity",,,
3534,3.3555418018569863,3.3555418018569867,False,False,,"guitars, tranquillity",,,
3535,3.371773247373623,3.371773247373623,False,False,,"guitars, tranquillity",,,
3536,3.367274733353639,3.3672747333536384,False,False,,"guitars, tranquillity",,,
3537,3.3564462323384463,3.356446232338446,False,False,,"guitars, tranquillity",,,
3538,3.387010042040622,3.387010042040622,False,False,,"guitars, tranquillity",,,
3539,3.387010042040622,3.387010042040622,False,False,,"guitars, tranquillity",,,
3540,3.387010042040622,3.387010042040622,False,False,,"guitars, tranquillity",,,
3541,3.390582216908527,3.390582216908527,False,False,,"guitars, tranquillity",,,
3542,3.3843276869729304,3.3843276869729304,False,False,,"guitars, tranquillity",,,
3543,3.378954652476805,3.378954652476805,False,False,,"guitars, tranquillity",,,
3544,3.395931305837629,3.395931305837629,False,False,,"guitars, tranquillity",,,
3545,3.409256245650228,3.4092562456502273,False,False,,"guitars, tranquillity",,,
3546,3.4021580710652417,3.4021580710652417,False,False,,"guitars, tranquillity",,,
3547,3.407483507478695,3.4074835074786947,False,False,,"guitars, tranquillity",,,
3548,3.3923664673488023,3.392366467348802,False,False,,"guitars, tranquillity",,,
3549,3.403046397732279,3.403046397732279,False,False,,"guitars, tranquillity",,,
3550,3.413682846466753,3.413682846466753,False,False,,"guitars, tranquillity",,,
3551,3.415451394828349,3.4154513948283496,False,False,,"guitars, tranquillity",,,
3552,3.410142164636515,3.410142164636515,False,False,,"guitars, tranquillity",,,
3553,3.4198675553147515,3.419867555314751,False,False,,"guitars, tranquillity",,,
3554,3.407483507478695,3.4074835074786947,False,False,,"guitars, tranquillity",,,
3555,3.3807468999612165,3.3807468999612165,False,False,,"guitars, tranquillity",,,
3556,3.378058064205771,3.3780580642057716,False,False,,"guitars, tranquillity",,,
3557,3.3816425597662563,3.3816425597662563,False,False,,"guitars, tranquillity",,,
3558,3.3771611658536407,3.3771611658536402,False,False,,"guitars, tranquillity",,,
3559,3.3771611658536407,3.3771611658536402,False,False,,"guitars, tranquillity",,,
3560,3.3798509309632667,3.3798509309632667,False,False,,"guitars, tranquillity",,,
3561,3.3834329529776683,3.383432952977668,False,False,,"guitars, tranquillity",,,
3562,3.367274733353638,3.367274733353638,False,False,,"guitars, tranquillity",,,
3563,3.367274733353638,3.367274733353638,False,False,,"guitars, tranquillity",,,
3564,3.353731987640597,3.353731987640597,False,False,,"guitars, tranquillity",,,
3565,3.3464799752510728,3.3464799752510723,False,False,,"guitars, tranquillity",,,
3566,3.3726720124655056,3.372672012465506,False,False,,"guitars, tranquillity",,,
3567,3.369974780380001,3.3699747803800006,False,False,,"guitars, tranquillity",,,
3568,3.3609636308025905,3.360963630802591,False,False,,"guitars, tranquillity",,,
3569,3.352826603287247,3.352826603287247,False,False,,"guitars, tranquillity",,,
3570,3.3191007668169736,3.319100766816973,False,False,,"guitars, tranquillity",,,
3571,3.317265010541025,3.317265010541025,False,False,,"guitars, tranquillity",,,
3572,3.3319142023772645,3.3319142023772645,False,False,,"guitars, tranquillity",,,
3573,3.3319142023772645,3.3319142023772645,False,False,,"guitars, tranquillity",,,
3574,3.3200181491869585,3.3200181491869585,False,False,,"guitars, tranquillity",,,
3575,3.33465159926434,3.33465159926434,False,False,,"guitars, tranquillity",,,
3576,3.332826993421888,3.332826993421888,False,False,,"guitars, tranquillity",,,
3577,3.353731987640597,3.353731987640597,False,False,,"guitars, tranquillity",,,
3578,3.3726720124655047,3.3726720124655043,False,False,,"guitars, tranquillity",,,
3579,3.3762639571234185,3.376263957123419,False,False,,"guitars, tranquillity",,,
3580,3.367274733353638,3.367274733353638,False,False,,"guitars, tranquillity",,,
3581,3.370874170111882,3.370874170111882,False,False,,"guitars, tranquillity",,,
3582,3.380746899961216,3.380746899961216,False,False,,"guitars, tranquillity",,,
3583,3.3887918417280294,3.3887918417280294,False,False,,"guitars, tranquillity",,,
3584,3.3798514773800963,3.3798514773800963,False,False,,"guitars, tranquillity",,,
3585,3.3959220739880887,3.395922073988088,False,False,,"guitars, tranquillity",,,
3586,3.4030328584343263,3.4030328584343263,False,False,,"guitars, tranquillity",,,
3587,3.406581003455863,3.406581003455863,False,False,,"guitars, tranquillity",,,
3588,3.419843878663944,3.4198438786639436,False,False,,"guitars, tranquillity",,,
3589,3.4260103501372483,3.4260103501372483,False,False,,"guitars, tranquillity",,,
3590,3.43040613637996,3.43040613637996,False,False,,"guitars, tranquillity",,,
3591,3.417196666521625,3.417196666521625,False,False,,"guitars, tranquillity",,,
3592,3.4339174897267397,3.4339174897267393,False,False,,"guitars, tranquillity",,,
3593,3.4391757674375123,3.4391757674375123,False,False,,"guitars, tranquillity",,,
3594,3.4435496793676066,3.443549679367606,False,False,,"guitars, tranquillity",,,
3595,3.4435496793676066,3.443549679367606,False,False,,"guitars, tranquillity",,,
3596,3.457497809211582,3.4574978092115813,False,False,,"guitars, tranquillity",,,
3597,3.4548881207041378,3.4548881207041378,False,False,,"guitars, tranquillity",,,
3598,3.457497809211582,3.4574978092115813,False,False,,"guitars, tranquillity",,,
3599,3.457497809211582,3.4574978092115813,False,False,,"guitars, tranquillity",,,
3600,3.457497809211582,3.4574978092115813,False,False,,"guitars, tranquillity",,,
3601,3.465311522887775,3.4653115228877747,False,False,,"guitars, tranquillity",,,
3602,3.440926201296505,3.4409262012965045,False,False,,"guitars, tranquillity",,,
3603,3.440926201296505,3.4409262012965045,False,False,,"guitars, tranquillity",,,
3604,3.456628198194982,3.4566281981949816,False,False,,"guitars, tranquillity",,,
3605,3.429527566216785,3.4295275662167843,False,False,,"guitars, tranquillity",,,
3606,3.421607204917263,3.421607204917263,False,False,,"guitars, tranquillity",,,
3607,3.4400511293919287,3.440051129391929,False,False,,"guitars, tranquillity",,,
3608,3.455758302112098,3.4557583021120974,False,False,,"guitars, tranquillity",,,
3609,3.454017653711936,3.454017653711936,False,False,,"guitars, tranquillity",,,
3610,3.4574978092115813,3.4574978092115813,False,False,,"guitars, tranquillity",,,
3611,3.467044789648285,3.467044789648285,False,False,,"guitars, tranquillity",,,
3612,3.4627095033627127,3.4627095033627127,False,False,,"guitars, tranquillity",,,
3613,3.4713730261492795,3.4713730261492795,False,False,,"guitars, tranquillity",,,
3614,3.4713730261492795,3.4713730261492795,False,False,,"guitars, tranquillity",,,
3615,3.4791461872338854,3.4791461872338854,False,False,,"guitars, tranquillity",,,
3616,3.4748305607736523,3.4748305607736523,False,False,,"guitars, tranquillity",,,
3617,3.467910999915476,3.467910999915476,False,False,,"guitars, tranquillity",,,
3618,3.475694244503581,3.4756942445035817,False,False,,"guitars, tranquillity",,,
3619,3.4774207738068847,3.4774207738068847,False,False,,"guitars, tranquillity",,,
3620,3.468776928445885,3.468776928445885,False,False,,"guitars, tranquillity",,,
3621,3.4825936744283617,3.4825936744283617,False,False,,"guitars, tranquillity",,,
3622,3.484315752165972,3.484315752165972,False,False,,"guitars, tranquillity",,,
3623,3.4644444658856384,3.464444465885638,False,False,,"guitars, tranquillity",,,
3624,3.4713730261492786,3.4713730261492786,False,False,,"guitars, tranquillity",,,
3625,3.46010493444573,3.4601049344457304,False,False,,"guitars, tranquillity",,,
3626,3.4592361770791284,3.459236177079129,False,False,,"guitars, tranquillity",,,
3627,3.4791461872338854,3.4791461872338854,False,False,,"guitars, tranquillity",,,
3628,3.4791461872338854,3.4791461872338854,False,False,,"guitars, tranquillity",,,
3629,3.4868967920084515,3.4868967920084515,False,False,,"guitars, tranquillity",,,
3630,3.5006205093268727,3.500620509326873,False,False,,"guitars, tranquillity",,,
3631,3.510015059117176,3.510015059117176,False,False,,"guitars, tranquillity",,,
3632,3.508309396083457,3.508309396083457,False,False,,"guitars, tranquillity",,,
3633,3.512571531191301,3.512571531191301,False,False,,"guitars, tranquillity",,,
3634,3.515976395226369,3.5159763952263687,False,False,,"guitars, tranquillity",,,
3635,3.5134231501654205,3.5134231501654205,False,False,,"guitars, tranquillity",,,
3636,3.528706553023829,3.528706553023829,False,False,,"guitars, tranquillity",,,
3637,3.5380041161567823,3.5380041161567823,False,False,,"guitars, tranquillity",,,
3638,3.538847771876477,3.5388477718764775,False,False,,"guitars, tranquillity",,,
3639,3.529553104607476,3.529553104607476,False,False,,"guitars, tranquillity",,,
3640,3.480870486778389,3.480870486778389,False,False,,"guitars, tranquillity",,,
3641,3.468776928445885,3.468776928445885,False,False,,"guitars, tranquillity",,,
3642,3.4487888399274085,3.448788839927408,False,False,,"guitars, tranquillity",,,
3643,3.401256977534276,3.401256977534276,False,False,,"guitars, tranquillity",,,
3644,3.418961771260489,3.4189617712604896,False,False,,"guitars, tranquillity",,,
3645,3.4127787004907377,3.4127787004907377,False,False,,"guitars, tranquillity",,,
3646,3.4409931805023493,3.440993180502349,False,False,,"guitars, tranquillity",,,
3647,3.44624993653038,3.44624993653038,False,False,,"guitars, tranquillity",,,
3648,3.461087659452465,3.461087659452465,False,False,,"guitars, tranquillity",,,
3649,3.447999869273888,3.447999869273888,False,False,,"guitars, tranquillity",,,
3650,3.398556854631217,3.3985568546312175,False,False,,"guitars, tranquillity",,,
3651,3.420744672898888,3.420744672898888,False,False,,"guitars, tranquillity",,,
3652,3.4101179878042696,3.4101179878042696,False,False,,"guitars, tranquillity",,,
3653,3.4366045462304338,3.4366045462304338,False,False,,"guitars, tranquillity",,,
3654,3.449748645919429,3.4497486459194286,False,False,,"guitars, tranquillity",,,
3655,3.449748645919429,3.4497486459194286,False,False,,"guitars, tranquillity",,,
3656,3.4706445523264,3.4706445523263993,False,False,,"guitars, tranquillity",,,
3657,3.4758429847710093,3.4758429847710097,False,False,,"guitars, tranquillity",,,
3658,3.478438407260897,3.478438407260897,False,False,,"guitars, tranquillity",,,
3659,3.4749772827480565,3.4749772827480565,False,False,,"guitars, tranquillity",,,
3660,3.461087659452465,3.461087659452465,False,False,,"guitars, tranquillity",,,
3661,3.461957888265041,3.4619578882650415,False,False,,"guitars, tranquillity",,,
3662,3.4654359576393188,3.465435957639319,False,False,,"guitars, tranquillity",,,
3663,3.4401160370235764,3.4401160370235764,False,False,,"guitars, tranquillity",,,
3664,3.4602171455362862,3.460217145536286,False,False,,"guitars, tranquillity",,,
3665,3.487071652827344,3.487071652827344,False,False,,"guitars, tranquillity",,,
3666,3.482758514549044,3.482758514549044,False,False,,"guitars, tranquillity",,,
3667,3.482758514549044,3.482758514549044,False,False,,"guitars, tranquillity",,,
3668,3.50339856519641,3.5033985651964104,False,False,,"guitars, tranquillity",,,
3669,3.4965361786893667,3.4965361786893667,False,False,,"guitars, tranquillity",,,
3670,3.4973949363245747,3.497394936324574,False,False,,"guitars, tranquillity",,,
3671,3.484484604398984,3.484484604398984,False,False,,"guitars, tranquillity",,,
3672,3.4715116619622424,3.471511661962243,False,False,,"guitars, tranquillity",,,
3673,3.4930983975116137,3.4930983975116137,False,False,,"guitars, tranquillity",,,
3674,3.489656203585986,3.489656203585986,False,False,,"guitars, tranquillity",,,
3675,3.494817838715511,3.494817838715511,False,False,,"guitars, tranquillity",,,
3676,3.4706445523264,3.4706445523263993,False,False,,"guitars, tranquillity",,,
3677,3.4758429847710093,3.4758429847710097,False,False,,"guitars, tranquillity",,,
3678,3.4810313096600782,3.4810313096600782,False,False,,"guitars, tranquillity",,,
3679,3.4758429847710084,3.475842984771008,False,False,,"guitars, tranquillity",,,
3680,3.4610876594524647,3.461087659452465,False,False,,"guitars, tranquillity",,,
3681,3.477573546775738,3.477573546775738,False,False,,"guitars, tranquillity",,,
3682,3.47237848956878,3.4723784895687797,False,False,,"guitars, tranquillity",,,
3683,3.47237848956878,3.4723784895687797,False,False,,"guitars, tranquillity",,,
3684,3.4610876594524647,3.461087659452465,False,False,,"guitars, tranquillity",,,
3685,3.4758429847710093,3.4758429847710097,False,False,,"guitars, tranquillity",,,
3686,3.4758429847710093,3.4758429847710097,False,False,,"guitars, tranquillity",,,
3687,3.4758429847710093,3.4758429847710097,False,False,,"guitars, tranquillity",,,
3688,3.4982534193830173,3.4982534193830173,False,False,,"guitars, tranquillity",,,
3689,3.494817838715511,3.494817838715511,False,False,,"guitars, tranquillity",,,
3690,3.50339856519641,3.5033985651964104,False,False,,"guitars, tranquillity",,,
3691,3.50339856519641,3.5033985651964104,False,False,,"guitars, tranquillity",,,
3692,3.485347231806436,3.485347231806436,False,False,,"guitars, tranquillity",,,
3693,3.4973949363245738,3.4973949363245738,False,False,,"guitars, tranquillity",,,
3694,3.485347231806436,3.485347231806436,False,False,,"guitars, tranquillity",,,
3695,3.48620958119994,3.4862095811999403,False,False,,"guitars, tranquillity",,,
3696,3.482758514549043,3.482758514549043,False,False,,"guitars, tranquillity",,,
3697,3.47237848956878,3.4723784895687797,False,False,,"guitars, tranquillity",,,
3698,3.487071652827344,3.487071652827344,False,False,,"guitars, tranquillity",,,
3699,3.4982534193830173,3.4982534193830173,False,False,,"guitars, tranquillity",,,
3700,3.499111628107541,3.499111628107541,False,False,,"guitars, tranquillity",,,
3701,3.4965361786893667,3.4965361786893667,False,False,,"guitars, tranquillity",,,
3702,3.477573546775738,3.477573546775738,False,False,,"guitars, tranquillity",,,
3703,3.489656203585986,3.489656203585986,False,False,,"guitars, tranquillity",,,
3704,3.495677146234198,3.4956771462341982,False,False,,"guitars, tranquillity",,,
3705,3.489656203585985,3.489656203585985,False,False,,"guitars, tranquillity",,,
3706,3.51280585509418,3.5128058550941805,False,False,,"guitars, tranquillity",,,
3707,3.5196269626036534,3.519626962603654,False,False,,"guitars, tranquillity",,,
3708,3.524731514859812,3.5247315148598117,False,False,,"guitars, tranquillity",,,
3709,3.528977964396605,3.5289779643966055,False,False,,"guitars, tranquillity",,,
3710,3.5281292070533947,3.528129207053395,False,False,,"guitars, tranquillity",,,
3711,3.5298245779803765,3.5298245779803765,False,False,,"guitars, tranquillity",,,
3712,3.5051370133024284,3.5051370133024284,False,False,,"guitars, tranquillity",,,
3713,3.5077014008492045,3.5077014008492045,False,False,,"guitars, tranquillity",,,
3714,3.5051370133024284,3.5051370133024284,False,False,,"guitars, tranquillity",,,
3715,3.500000893297377,3.500000893297377,False,False,,"guitars, tranquillity",,,
3716,3.5128228632366647,3.5128228632366643,False,False,,"guitars, tranquillity",,,
3717,3.523886130110844,3.523886130110844,False,False,,"guitars, tranquillity",,,
3718,3.538285568999922,3.5382855689999224,False,False,,"guitars, tranquillity",,,
3719,3.536595479862916,3.536595479862916,False,False,,"guitars, tranquillity",,,
3720,3.5425061980950217,3.5425061980950217,False,False,,"guitars, tranquillity",,,
3721,3.5441926169663747,3.544192616966374,False,False,,"guitars, tranquillity",,,
3722,3.540818732828221,3.5408187328282215,False,False,,"guitars, tranquillity",,,
3723,3.5298245779803774,3.5298245779803774,False,False,,"guitars, tranquillity",,,
3724,3.530671865824633,3.5306718658246337,False,False,,"guitars, tranquillity",,,
3725,3.5111167902552305,3.5111167902552305,False,False,,"guitars, tranquillity",,,
3726,3.52048687083939,3.52048687083939,False,False,,"guitars, tranquillity",,,
3727,3.5340583717509757,3.5340583717509757,False,False,,"guitars, tranquillity",,,
3728,3.537440655907327,3.537440655907327,False,False,,"guitars, tranquillity",,,
3729,3.540818732828221,3.5408187328282215,False,False,,"guitars, tranquillity",,,
3730,3.538285568999922,3.5382855689999224,False,False,,"guitars, tranquillity",,,
3731,3.5425061980950217,3.5425061980950217,False,False,,"guitars, tranquillity",,,
3732,3.534904338011841,3.5349043380118412,False,False,,"guitars, tranquillity",,,
3733,3.545035434564549,3.5450354345645487,False,False,,"guitars, tranquillity",,,
3734,3.5441926169663738,3.5441926169663738,False,False,,"guitars, tranquillity",,,
3735,3.5272811235112926,3.527281123511292,False,False,,"guitars, tranquillity",,,
3736,3.5213370863943223,3.5213370863943223,False,False,,"guitars, tranquillity",,,
3737,3.545035434564549,3.5450354345645487,False,False,,"guitars, tranquillity",,,
3738,3.545035434564549,3.5450354345645487,False,False,,"guitars, tranquillity",,,
3739,3.540818732828221,3.5408187328282215,False,False,,"guitars, tranquillity",,,
3740,3.5255841591189774,3.5255841591189774,False,False,,"guitars, tranquillity",,,
3741,3.533212141629892,3.5332121416298925,False,False,,"guitars, tranquillity",,,
3742,3.537440655907327,3.537440655907327,False,False,,"guitars, tranquillity",,,
3743,3.5187856368590023,3.5187856368590027,False,False,,"guitars, tranquillity",,,
3744,3.523886130110843,3.5238861301108435,False,False,,"guitars, tranquillity",,,
3745,3.510263348689517,3.510263348689517,False,False,,"guitars, tranquillity",,,
3746,3.495713281528226,3.4957132815282264,False,False,,"guitars, tranquillity",,,
3747,3.4602932726887192,3.4602932726887192,False,False,,"guitars, tranquillity",,,
3748,3.46290099660893,3.4629009966089295,False,False,,"guitars, tranquillity",,,
3749,3.4602932726887192,3.4602932726887192,False,False,,"guitars, tranquillity",,,
3750,3.4190998739010587,3.4190998739010587,False,False,,"guitars, tranquillity",,,
3751,3.4340739405168126,3.434073940516812,False,False,,"guitars, tranquillity",,,
3752,3.435830009767173,3.4358300097671726,False,False,,"guitars, tranquillity",,,
3753,3.42527599351939,3.4252759935193895,False,False,,"guitars, tranquillity",,,
3754,3.4296786417488208,3.4296786417488208,False,False,,"guitars, tranquillity",,,
3755,3.443717894168623,3.443717894168623,False,False,,"guitars, tranquillity",,,
3756,3.4533267960820404,3.45332679608204,False,False,,"guitars, tranquillity",,,
3757,3.4146794472843878,3.414679447284388,False,False,,"guitars, tranquillity",,,
3758,3.416448511961302,3.4164485119613026,False,False,,"guitars, tranquillity",,,
3759,3.4235128687456675,3.4235128687456675,False,False,,"guitars, tranquillity",,,
3760,3.3826298066464084,3.3826298066464084,False,False,,"guitars, tranquillity",,,
3761,3.3501796530514008,3.3501796530514008,False,False,,"guitars, tranquillity",,,
3762,3.280293704582073,3.280293704582073,False,False,,"guitars, tranquillity",,,
3763,3.3219047252755662,3.3219047252755662,False,False,,"guitars, tranquillity",,,
3764,3.335625127462426,3.3356251274624262,False,False,,"guitars, tranquillity",,,
3765,3.338360398728036,3.3383603987280357,False,False,,"guitars, tranquillity",,,
3766,3.3808376547899317,3.3808376547899317,False,False,,"guitars, tranquillity",,,
3767,3.369158377440861,3.3691583774408613,False,False,,"guitars, tranquillity",,,
3768,3.375453759833369,3.3754537598333694,False,False,,"guitars, tranquillity",,,
3769,3.3727576129770944,3.3727576129770944,False,False,,"guitars, tranquillity",,,
3770,3.351993183883456,3.3519931838834562,False,False,,"guitars, tranquillity",,,
3771,3.363750114104611,3.363750114104611,False,False,,"guitars, tranquillity",,,
3772,3.3995939371909847,3.3995939371909847,False,False,,"guitars, tranquillity",,,
3773,3.3942487723021824,3.3942487723021824,False,False,,"guitars, tranquillity",,,
3774,3.3826298066464084,3.3826298066464084,False,False,,"guitars, tranquillity",,,
3775,3.361944840614149,3.3619448406141488,False,False,,"guitars, tranquillity",,,
3776,3.3682577856474216,3.368257785647422,False,False,,"guitars, tranquillity",,,
3777,3.3556164165390108,3.3556164165390108,False,False,,"guitars, tranquillity",,,
3778,3.3237383761286274,3.3237383761286274,False,False,,"guitars, tranquillity",,,
3779,3.3319735479445267,3.3319735479445267,False,False,,"guitars, tranquillity",,,
3780,3.327401730222624,3.327401730222624,False,False,,"guitars, tranquillity",,,
3781,3.327401730222624,3.327401730222624,False,False,,"guitars, tranquillity",,,
3782,3.3565581505545032,3.3565581505545032,False,False,,"guitars, tranquillity",,,
3783,3.3565581505545032,3.3565581505545032,False,False,,"guitars, tranquillity",,,
3784,3.327401730222625,3.327401730222625,False,False,,"guitars, tranquillity",,,
3785,3.381802070327065,3.381802070327065,False,False,,"guitars, tranquillity",,,
3786,3.382699104100184,3.382699104100184,False,False,,"guitars, tranquillity",,,
3787,3.372814630964427,3.3728146309644274,False,False,,"guitars, tranquillity",,,
3788,3.372814630964427,3.3728146309644274,False,False,,"guitars, tranquillity",,,
3789,3.387179632636056,3.387179632636056,False,False,,"guitars, tranquillity",,,
3790,3.392546097007705,3.3925460970077053,False,False,,"guitars, tranquillity",,,
3791,3.4262800101792994,3.4262800101792994,False,False,,"guitars, tranquillity",,,
3792,3.4209823899375658,3.420982389937566,False,False,,"guitars, tranquillity",,,
3793,3.4262800101792994,3.4262800101792994,False,False,,"guitars, tranquillity",,,
3794,3.445613964596533,3.4456139645965327,False,False,,"guitars, tranquillity",,,
3795,3.456100447654914,3.4561004476549138,False,False,,"guitars, tranquillity",,,
3796,3.447364597830702,3.447364597830702,False,False,,"guitars, tranquillity",,,
3797,3.4499883785246714,3.4499883785246714,False,False,,"guitars, tranquillity",,,
3798,3.4499883785246714,3.4499883785246714,False,False,,"guitars, tranquillity",,,
3799,3.454355579518629,3.4543555795186287,False,False,,"guitars, tranquillity",,,
3800,3.456100447654914,3.4561004476549138,False,False,,"guitars, tranquillity",,,
3801,3.4821370181572093,3.482137018157209,False,False,,"guitars, tranquillity",,,
3802,3.4674142318940846,3.4674142318940846,False,False,,"guitars, tranquillity",,,
3803,3.471752906939853,3.4717529069398534,False,False,,"guitars, tranquillity",,,
3804,3.4499883785246714,3.4499883785246714,False,False,,"guitars, tranquillity",,,
3805,3.4350857439950997,3.4350857439950993,False,False,,"guitars, tranquillity",,,
3806,3.447364597830702,3.447364597830702,False,False,,"guitars, tranquillity",,,
3807,3.4218660686164597,3.4218660686164597,False,False,,"guitars, tranquillity",,,
3808,3.388074812341745,3.3880748123417446,False,False,,"guitars, tranquillity",,,
3809,3.3907585047437605,3.39075850474376,False,False,,"guitars, tranquillity",,,
3810,3.382699104100184,3.382699104100184,False,False,,"guitars, tranquillity",,,
3811,3.373714778604786,3.373714778604786,False,False,,"guitars, tranquillity",,,
3812,3.393439433213613,3.3934394332136133,False,False,,"guitars, tranquillity",,,
3813,3.4139022295507218,3.4139022295507218,False,False,,"guitars, tranquillity",,,
3814,3.4085795311657043,3.4085795311657043,False,False,,"guitars, tranquillity",,,
3815,3.4130158639518933,3.4130158639518933,False,False,,"guitars, tranquillity",,,
3816,3.4289248235643264,3.4289248235643264,False,False,,"guitars, tranquillity",,,
3817,3.394332463190043,3.3943324631900427,False,False,,"guitars, tranquillity",,,
3818,3.375514135985668,3.375514135985668,False,False,,"guitars, tranquillity",,,
3819,3.372814630964428,3.372814630964428,False,False,,"guitars, tranquillity",,,
3820,3.3592746825244832,3.3592746825244832,False,False,,"guitars, tranquillity",,,
3821,3.3255683872499664,3.3255683872499664,False,False,,"guitars, tranquillity",,,
3822,3.308085547306253,3.308085547306253,False,False,,"guitars, tranquillity",,,
3823,3.275561349936322,3.275561349936322,False,False,,"guitars, tranquillity",,,
3824,3.2596110588589124,3.259611058858912,False,False,,"guitars, tranquillity",,,
3825,3.3043895849533884,3.3043895849533884,False,False,,"guitars, tranquillity",,,
3826,3.2914111058379354,3.2914111058379354,False,False,,"guitars, tranquillity",,,
3827,3.27275394820947,3.27275394820947,False,False,,"guitars, tranquillity",,,
3828,3.261492839441719,3.261492839441719,False,False,,"guitars, tranquillity",,,
3829,3.276496454317725,3.276496454317725,False,False,,"guitars, tranquillity",,,
3830,3.237868048271557,3.237868048271557,False,False,,"guitars, tranquillity",,,
3831,3.2397662946935304,3.2397662946935304,False,False,,"guitars, tranquillity",,,
3832,3.2397662946935304,3.2397662946935304,False,False,,"guitars, tranquillity",,,
3833,3.27275394820947,3.27275394820947,False,False,,"guitars, tranquillity",,,
3834,3.279299683888234,3.279299683888234,False,False,,"guitars, tranquillity",,,
3835,3.269943406063472,3.2699434060634713,False,False,,"guitars, tranquillity",,,
3836,3.3071620610918404,3.307162061091841,False,False,,"guitars, tranquillity",,,
3837,3.322815901720945,3.3228159017209444,False,False,,"guitars, tranquillity",,,
3838,3.320060443027264,3.320060443027264,False,False,,"guitars, tranquillity",,,
3839,3.299762046020976,3.299762046020976,False,False,,"guitars, tranquillity",,,
3840,3.31730200226333,3.3173020022633297,False,False,,"guitars, tranquillity",,,
3841,3.341110070837197,3.3411100708371975,False,False,,"guitars, tranquillity",,,
3842,3.3420213572354496,3.342021357235449,False,False,,"guitars, tranquillity",,,
3843,3.3365487743150037,3.3365487743150033,False,False,,"guitars, tranquillity",,,
3844,3.35565200324106,3.35565200324106,False,False,,"guitars, tranquillity",,,
3845,3.341110070837197,3.3411100708371975,False,False,,"guitars, tranquillity",,,
3846,3.3035360839720638,3.303536083972064,False,False,,"guitars, tranquillity",,,
3847,3.306304278685413,3.306304278685413,False,False,,"guitars, tranquillity",,,
3848,3.275686246061907,3.275686246061907,False,False,,"guitars, tranquillity",,,
3849,3.269143427121409,3.269143427121409,False,False,,"guitars, tranquillity",,,
3850,3.259766846133195,3.259766846133195,False,False,,"guitars, tranquillity",,,
3851,3.2550653542951578,3.2550653542951578,False,False,,"guitars, tranquillity",,,
3852,3.283142970187209,3.283142970187209,False,False,,"guitars, tranquillity",,,
3853,3.283142970187209,3.283142970187209,False,False,,"guitars, tranquillity",,,
3854,3.308148065896027,3.3081480658960274,False,False,,"guitars, tranquillity",,,
3855,3.276619545613188,3.276619545613188,False,False,,"guitars, tranquillity",,,
3856,3.276619545613188,3.276619545613188,False,False,,"guitars, tranquillity",,,
3857,3.276619545613188,3.276619545613188,False,False,,"guitars, tranquillity",,,
3858,3.220950142112464,3.220950142112464,False,False,,"guitars, tranquillity",,,
3859,3.201792194699728,3.201792194699728,False,False,,"guitars, tranquillity",,,
3860,3.2085144286726024,3.2085144286726024,False,False,,"guitars, tranquillity",,,
3861,3.2152183670331755,3.2152183670331755,False,False,,"guitars, tranquillity",,,
3862,3.1960156128385524,3.196015612838552,False,False,,"guitars, tranquillity",,,
3863,3.173744976357622,3.1737449763576215,False,False,,"guitars, tranquillity",,,
3864,3.173744976357622,3.1737449763576215,False,False,,"guitars, tranquillity",,,
3865,3.1542123927441543,3.1542123927441543,False,False,,"guitars, tranquillity",,,
3866,3.105678820140581,3.105678820140581,False,False,,"guitars, tranquillity",,,
3867,3.1315533319518147,3.1315533319518147,False,False,,"guitars, tranquillity",,,
3868,3.137484949005043,3.137484949005043,False,False,,"guitars, tranquillity",,,
3869,3.0875999128951506,3.0875999128951506,False,False,,"guitars, tranquillity",,,
3870,3.0065695084113835,3.0065695084113835,False,False,,"guitars, tranquillity",,,
3871,3.037672358694625,3.037672358694625,False,False,,"guitars, tranquillity",,,
3872,3.0642964766188,3.0642964766188006,False,False,,"guitars, tranquillity",,,
3873,3.124614562193017,3.124614562193017,False,False,,"guitars, tranquillity",,,
3874,3.0632780411400677,3.0632780411400673,False,False,,"guitars, tranquillity",,,
3875,3.1006706710258767,3.1006706710258762,False,False,,"guitars, tranquillity",,,
3876,3.099667776100536,3.099667776100536,False,False,,"guitars, tranquillity",,,
3877,3.11367004880714,3.1136700488071405,False,False,,"guitars, tranquillity",,,
3878,3.105678820140581,3.105678820140581,False,False,,"guitars, tranquillity",,,
3879,3.1453711220882163,3.1453711220882163,False,False,,"guitars, tranquillity",,,
3880,3.1335321628232826,3.1335321628232826,False,False,,"guitars, tranquillity",,,
3881,3.0653144713859963,3.0653144713859963,False,False,,"guitars, tranquillity",,,
3882,3.077496224047289,3.0774962240472887,False,False,,"guitars, tranquillity",,,
3883,3.060220085144818,3.060220085144818,False,False,,"guitars, tranquillity",,,
3884,3.060220085144818,3.060220085144818,False,False,,"guitars, tranquillity",,,
3885,3.0551146280602905,3.0551146280602905,False,False,,"guitars, tranquillity",,,
3886,3.067349140894461,3.0673491408944606,False,False,,"guitars, tranquillity",,,
3887,3.1216346510418886,3.1216346510418886,False,False,,"guitars, tranquillity",,,
3888,3.119645983298588,3.119645983298588,False,False,,"guitars, tranquillity",,,
3889,3.117655662885343,3.117655662885343,False,False,,"guitars, tranquillity",,,
3890,3.134520968120844,3.134520968120844,False,False,,"guitars, tranquillity",,,
3891,3.086591482148383,3.0865914821483824,False,False,,"guitars, tranquillity",,,
3892,3.127590776106557,3.1275907761065564,False,False,,"guitars, tranquillity",,,
3893,3.1086786668249045,3.1086786668249045,False,False,,"guitars, tranquillity",,,
3894,3.1473386451344614,3.1473386451344614,False,False,,"guitars, tranquillity",,,
3895,3.146355083942288,3.1463550839422876,False,False,,"guitars, tranquillity",,,
3896,3.15813150301883,3.15813150301883,False,False,,"guitars, tranquillity",,,
3897,3.148321806115954,3.1483218061159537,False,False,,"guitars, tranquillity",,,
3898,3.115663685995281,3.115663685995281,False,False,,"guitars, tranquillity",,,
3899,3.057158143658537,3.057158143658537,False,False,,"guitars, tranquillity",,,
3900,3.053069330439523,3.0530693304395227,False,False,,"guitars, tranquillity",,,
3901,3.055114628060291,3.0551146280602914,False,False,,"guitars, tranquillity",,,
3902,3.0805318637179457,3.0805318637179453,False,False,,"guitars, tranquillity",,,
3903,3.033549294103564,3.033549294103564,False,False,,"guitars, tranquillity",,,
3904,3.009698649820153,3.009698649820153,False,False,,"guitars, tranquillity",,,
3905,3.0169835492834958,3.0169835492834958,False,False,,"guitars, tranquillity",,,
3906,3.044870233321819,3.044870233321819,False,False,,"guitars, tranquillity",,,
3907,2.9958389640450247,2.995838964045025,False,False,,"guitars, tranquillity",,,
3908,2.979968886862918,2.979968886862918,False,False,,"guitars, tranquillity",,,
3909,2.929514664743897,2.929514664743897,False,False,,"guitars, tranquillity",,,
3910,2.947893975571354,2.947893975571354,False,False,,"guitars, tranquillity",,,
3911,2.985271125413057,2.985271125413057,False,False,,"guitars, tranquillity",,,
3912,2.985271125413057,2.985271125413057,False,False,,"guitars, tranquillity",,,
3913,3.002156426723744,3.0021564267237437,False,False,,"guitars, tranquillity",,,
3914,3.002156426723744,3.0021564267237437,False,False,,"guitars, tranquillity",,,
3915,3.03763296499861,3.03763296499861,False,False,,"guitars, tranquillity",,,
3916,3.0397030465151555,3.0397030465151555,False,False,,"guitars, tranquillity",,,
3917,3.025173693286103,3.0251736932861033,False,False,,"guitars, tranquillity",,,
3918,3.048995773648639,3.048995773648639,False,False,,"guitars, tranquillity",,,
3919,3.011600281809592,3.0116002818095917,False,False,,"guitars, tranquillity",,,
3920,3.031411667046487,3.031411667046487,False,False,,"guitars, tranquillity",,,
3921,3.0837733159497955,3.083773315949795,False,False,,"guitars, tranquillity",,,
3922,3.107012551113701,3.107012551113701,False,False,,"guitars, tranquillity",,,
3923,3.092894021789733,3.092894021789733,False,False,,"guitars, tranquillity",,,
3924,3.1130378385402167,3.1130378385402167,False,False,,"guitars, tranquillity",,,
3925,3.092894021789733,3.092894021789733,False,False,,"guitars, tranquillity",,,
3926,3.0766550657704075,3.076655065770407,False,False,,"guitars, tranquillity",,,
3927,3.0592779455443635,3.059277945544363,False,False,,"guitars, tranquillity",,,
3928,3.0999637562639424,3.0999637562639424,False,False,,"guitars, tranquillity",,,
3929,3.0592779455443635,3.059277945544363,False,False,,"guitars, tranquillity",,,
3930,3.062353832776207,3.062353832776207,False,False,,"guitars, tranquillity",,,
3931,3.082757733654953,3.0827577336549528,False,False,,"guitars, tranquillity",,,
3932,3.110027095500669,3.110027095500669,False,False,,"guitars, tranquillity",,,
3933,3.114040577099674,3.114040577099674,False,False,,"guitars, tranquillity",,,
3934,3.1369885071716803,3.1369885071716808,False,False,,"guitars, tranquillity",,,
3935,3.1210480027124063,3.1210480027124063,False,False,,"guitars, tranquillity",,,
3936,3.127038097396983,3.127038097396983,False,False,,"guitars, tranquillity",,,
3937,3.122047391573214,3.122047391573214,False,False,,"guitars, tranquillity",,,
3938,3.1488749940972407,3.1488749940972407,False,False,,"guitars, tranquillity",,,
3939,3.154796377997637,3.1547963779976373,False,False,,"guitars, tranquillity",,,
3940,3.154796377997637,3.1547963779976373,False,False,,"guitars, tranquillity",,,
3941,3.147886685839898,3.147886685839898,False,False,,"guitars, tranquillity",,,
3942,3.142939070237255,3.1429390702372544,False,False,,"guitars, tranquillity",,,
3943,3.1705163938109515,3.170516393810952,False,False,,"guitars, tranquillity",,,
3944,3.1705163938109515,3.170516393810952,False,False,,"guitars, tranquillity",,,
3945,3.1705163938109515,3.170516393810952,False,False,,"guitars, tranquillity",,,
3946,3.1773620739511914,3.1773620739511914,False,False,,"guitars, tranquillity",,,
3947,3.159719828509415,3.1597198285094144,False,False,,"guitars, tranquillity",,,
3948,3.1300275473110446,3.130027547311044,False,False,,"guitars, tranquillity",,,
3949,3.1419483290342978,3.141948329034298,False,False,,"guitars, tranquillity",,,
3950,3.165614809949498,3.165614809949498,False,False,,"guitars, tranquillity",,,
3951,3.1763852960695207,3.1763852960695207,False,False,,"guitars, tranquillity",,,
3952,3.190024763790163,3.190024763790163,False,False,,"guitars, tranquillity",,,
3953,3.190024763790163,3.190024763790163,False,False,,"guitars, tranquillity",,,
3954,3.190024763790163,3.190024763790163,False,False,,"guitars, tranquillity",,,
3955,3.183214545733409,3.1832145457334096,False,False,,"guitars, tranquillity",,,
3956,3.1567669585241585,3.156766958524158,False,False,,"guitars, tranquillity",,,
3957,3.1646333062291454,3.1646333062291454,False,False,,"guitars, tranquillity",,,
3958,3.168556945448807,3.1685569454488074,False,False,,"guitars, tranquillity",,,
3959,3.1340077046180226,3.1340077046180226,False,False,,"guitars, tranquillity",,,
3960,3.1567669585241585,3.156766958524158,False,False,,"guitars, tranquillity",,,
3961,3.1379812885393314,3.1379812885393314,False,False,,"guitars, tranquillity",,,
3962,3.1783384608504885,3.178338460850488,False,False,,"guitars, tranquillity",,,
3963,3.197784753427994,3.1977847534279946,False,False,,"guitars, tranquillity",,,
3964,3.2074503801033827,3.2074503801033827,False,False,,"guitars, tranquillity",,,
3965,3.1832145457334087,3.1832145457334087,False,False,,"guitars, tranquillity",,,
3966,3.20165556551139,3.2016555655113903,False,False,,"guitars, tranquillity",,,
3967,3.1987530284901244,3.198753028490124,False,False,,"guitars, tranquillity",,,
3968,3.214193807847422,3.214193807847422,False,False,,"guitars, tranquillity",,,
3969,3.1861355324562197,3.1861355324562193,False,False,,"guitars, tranquillity",,,
3970,3.168556945448807,3.1685569454488074,False,False,,"guitars, tranquillity",,,
3971,3.1812652799786223,3.181265279978622,False,False,,"guitars, tranquillity",,,
3972,3.1519000463608795,3.1519000463608795,False,False,,"guitars, tranquillity",,,
3973,3.160746944633285,3.160746944633285,False,False,,"guitars, tranquillity",,,
3974,3.1958163414635985,3.195816341463598,False,False,,"guitars, tranquillity",,,
3975,3.200647561027089,3.200647561027089,False,False,,"guitars, tranquillity",,,
3976,3.204505708277965,3.2045057082779644,False,False,,"guitars, tranquillity",,,
3977,3.1754205158760693,3.1754205158760693,False,False,,"guitars, tranquillity",,,
3978,3.157801565449089,3.157801565449089,False,False,,"guitars, tranquillity",,,
3979,3.146971096124155,3.146971096124155,False,False,,"guitars, tranquillity",,,
3980,3.1519000463608795,3.1519000463608795,False,False,,"guitars, tranquillity",,,
3981,3.1499296718064085,3.1499296718064085,False,False,,"guitars, tranquillity",,,
3982,3.1469710961241555,3.146971096124155,False,False,,"guitars, tranquillity",,,
3983,3.1151847387368434,3.1151847387368434,False,False,,"guitars, tranquillity",,,
3984,3.109177605781169,3.109177605781169,False,False,,"guitars, tranquillity",,,
3985,3.1081749462913395,3.1081749462913395,False,False,,"guitars, tranquillity",,,
3986,3.0920747354729894,3.092074735472989,False,False,,"guitars, tranquillity",,,
3987,3.0849964426544703,3.0849964426544707,False,False,,"guitars, tranquillity",,,
3988,3.0890437683102805,3.0890437683102805,False,False,,"guitars, tranquillity",,,
3989,3.1001384552902933,3.1001384552902937,False,False,,"guitars, tranquillity",,,
3990,3.0636335442681824,3.0636335442681824,False,False,,"guitars, tranquillity",,,
3991,3.073830473519531,3.073830473519531,False,False,,"guitars, tranquillity",,,
3992,3.065676465173034,3.065676465173034,False,False,,"guitars, tranquillity",,,
3993,3.0697569959331226,3.069756995933122,False,False,,"guitars, tranquillity",,,
3994,3.0666972609476773,3.0666972609476773,False,False,,"guitars, tranquillity",,,
3995,3.03691237889509,3.0369123788950905,False,False,,"guitars, tranquillity",,,
3996,3.034844197863354,3.0348441978633542,False,False,,"guitars, tranquillity",,,
3997,3.053392213464857,3.0533922134648566,False,False,,"guitars, tranquillity",,,
3998,3.044136606931179,3.044136606931179,False,False,,"guitars, tranquillity",,,
3999,3.044136606931179,3.044136606931179,False,False,,"guitars, tranquillity",,,
4000,3.0829701837399845,3.0829701837399845,False,False,,"guitars, tranquillity",,,
4001,3.09812508800419,3.0981250880041897,False,False,,"guitars, tranquillity",,,
4002,3.1271539552553294,3.1271539552553294,False,False,,"guitars, tranquillity",,,
4003,3.097117764946501,3.097117764946501,False,False,,"guitars, tranquillity",,,
4004,3.09812508800419,3.0981250880041897,False,False,,"guitars, tranquillity",,,
4005,3.0748477448056377,3.0748477448056373,False,False,,"guitars, tranquillity",,,
4006,3.099131984619026,3.099131984619026,False,False,,"guitars, tranquillity",,,
4007,3.097117764946501,3.097117764946501,False,False,,"guitars, tranquillity",,,
4008,3.064655226457323,3.064655226457323,False,False,,"guitars, tranquillity",,,
4009,3.056469306748807,3.056469306748807,False,False,,"guitars, tranquillity",,,
4010,3.052365617630024,3.052365617630024,False,False,,"guitars, tranquillity",,,
4011,3.08499644265447,3.08499644265447,False,False,,"guitars, tranquillity",,,
4012,3.0748477448056373,3.0748477448056373,False,False,,"guitars, tranquillity",,,
4013,3.079927538712828,3.079927538712828,False,False,,"guitars, tranquillity",,,
4014,3.1021501207944744,3.1021501207944744,False,False,,"guitars, tranquillity",,,
4015,3.0930841982678894,3.0930841982678894,False,False,,"guitars, tranquillity",,,
4016,3.0656764651730337,3.0656764651730337,False,False,,"guitars, tranquillity",,,
4017,3.055444057480728,3.055444057480728,False,False,,"guitars, tranquillity",,,
4018,3.064655226457323,3.064655226457323,False,False,,"guitars, tranquillity",,,
4019,3.0789124531995062,3.0789124531995062,False,False,,"guitars, tranquillity",,,
4020,3.046196574631815,3.046196574631815,False,False,,"guitars, tranquillity",,,
4021,3.047225878348468,3.047225878348468,False,False,,"guitars, tranquillity",,,
4022,3.0358785177873697,3.0358785177873697,False,False,,"guitars, tranquillity",,,
4023,3.0275910640196004,3.027591064019601,False,False,,"guitars, tranquillity",,,
4024,3.04825472937864,3.04825472937864,False,False,,"guitars, tranquillity",,,
4025,3.0379457817493747,3.0379457817493747,False,False,,"guitars, tranquillity",,,
4026,3.038978726911957,3.038978726911957,False,False,,"guitars, tranquillity",,,
4027,3.04001121494344,3.04001121494344,False,False,,"guitars, tranquillity",,,
4028,3.06904341315624,3.06904341315624,False,False,,"guitars, tranquillity",,,
4029,3.045166817676985,3.045166817676985,False,False,,"guitars, tranquillity",,,
4030,3.0223963646649383,3.0223963646649383,False,False,,"guitars, tranquillity",,,
4031,3.0296656962190944,3.029665696219095,False,False,,"guitars, tranquillity",,,
4032,3.019273954804355,3.019273954804355,False,False,,"guitars, tranquillity",,,
4033,2.977233059529092,2.9772330595290915,False,False,,"guitars, tranquillity",,,
4034,3.024475639082409,3.024475639082409,False,False,,"guitars, tranquillity",,,
4035,2.999400229620863,2.999400229620863,False,False,,"guitars, tranquillity",,,
4036,2.9920349364185395,2.9920349364185395,False,False,,"guitars, tranquillity",,,
4037,2.9697050554285536,2.9697050554285536,False,False,,"guitars, tranquillity",,,
4038,2.980365512149299,2.980365512149299,False,False,,"guitars, tranquillity",,,
4039,2.980365512149299,2.980365512149299,False,False,,"guitars, tranquillity",,,
4040,2.9156381895813217,2.9156381895813217,False,False,,"guitars, tranquillity",,,
4041,2.931994715095443,2.931994715095443,False,False,,"guitars, tranquillity",,,
4042,2.896955103796768,2.896955103796768,False,False,,"guitars, tranquillity",,,
4043,2.949311668738919,2.949311668738919,False,False,,"guitars, tranquillity",,,
4044,2.9675669750306426,2.967566975030643,False,False,,"guitars, tranquillity",,,
4045,2.9675669750306426,2.967566975030643,False,False,,"guitars, tranquillity",,,
4046,2.9761072978796896,2.9761072978796896,False,False,,"guitars, tranquillity",,,
4047,2.9664971819883994,2.9664971819883994,False,False,,"guitars, tranquillity",,,
4048,2.9557714909865656,2.955771490986565,False,False,,"guitars, tranquillity",,,
4049,2.939587234144183,2.9395872341441835,False,False,,"guitars, tranquillity",,,
4050,2.883671963870832,2.883671963870832,False,False,,"guitars, tranquillity",,,
4051,2.9002635154032457,2.900263515403246,False,False,,"guitars, tranquillity",,,
4052,2.869191369354434,2.869191369354434,False,False,,"guitars, tranquillity",,,
4053,2.8489827405491,2.8489827405491,False,False,,"guitars, tranquillity",,,
4054,2.788366299282046,2.788366299282046,False,False,,"guitars, tranquillity",,,
4055,2.759169017711252,2.759169017711252,False,False,,"guitars, tranquillity",,,
4056,2.624370921499116,2.624370921499116,False,False,,"guitars, tranquillity",,,
4057,2.639377772635516,2.639377772635516,False,False,,"guitars, tranquillity",,,
4058,2.486633376853328,2.486633376853328,False,False,,"guitars, tranquillity",,,
4059,2.486633376853328,2.486633376853328,False,False,,"guitars, tranquillity",,,
4060,2.6995339497300206,2.6995339497300206,False,False,,"guitars, tranquillity",,,
4061,2.6751931471320094,2.6751931471320094,False,False,,"guitars, tranquillity",,,
4062,2.5160308028426583,2.5160308028426583,False,False,,"guitars, tranquillity",,,
4063,2.574808458493824,2.574808458493824,False,False,,"guitars, tranquillity",,,
4064,2.6243709214991155,2.6243709214991155,False,False,,"guitars, tranquillity",,,
4065,2.6468396847639144,2.6468396847639144,False,False,,"guitars, tranquillity",,,
4066,2.570944296245294,2.570944296245294,False,False,,"guitars, tranquillity",,,
4067,2.542372795638572,2.542372795638572,False,False,,"guitars, tranquillity",,,
4068,2.4333767646281257,2.4333767646281257,False,False,,"guitars, tranquillity",,,
4069,2.364232823105421,2.364232823105421,False,False,,"guitars, tranquillity",,,
4070,2.4458009842194395,2.4458009842194395,False,False,,"guitars, tranquillity",,,
4071,2.5266105377790686,2.5266105377790686,False,False,,"guitars, tranquillity",,,
4072,2.6180849624822526,2.6180849624822526,False,False,,"guitars, tranquillity",,,
4073,2.5475986818492395,2.5475986818492395,False,False,,"guitars, tranquillity",,,
4074,2.5475986818492395,2.5475986818492395,False,False,,"guitars, tranquillity",,,
4075,2.6268798213530307,2.6268798213530307,False,False,,"guitars, tranquillity",,,
4076,2.681305343875142,2.681305343875142,False,False,,"guitars, tranquillity",,,
4077,2.590190119582012,2.590190119582012,False,False,,"guitars, tranquillity",,,
4078,2.5722331905344533,2.5722331905344533,False,False,,"guitars, tranquillity",,,
4079,2.6318882795513883,2.6318882795513883,False,False,,"guitars, tranquillity",,,
4080,2.586355872063855,2.586355872063855,False,False,,"guitars, tranquillity",,,
4081,2.5799489542282705,2.5799489542282705,False,False,,"guitars, tranquillity",,,
4082,2.5186811646539704,2.5186811646539704,False,False,,"guitars, tranquillity",,,
4083,2.5489029733953514,2.5489029733953514,False,False,,"guitars, tranquillity",,,
4084,2.550206396155393,2.550206396155393,False,False,,"guitars, tranquillity",,,
4085,2.5266105377790686,2.5266105377790686,False,False,,"guitars, tranquillity",,,
4086,2.5173564380891347,2.5173564380891347,False,False,,"guitars, tranquillity",,,
4087,2.4402892805517715,2.4402892805517715,False,False,,"guitars, tranquillity",,,
4088,2.4758304430223435,2.4758304430223435,False,False,,"guitars, tranquillity",,,
4089,2.4758304430223435,2.4758304430223435,False,False,,"guitars, tranquillity",,,
4090,2.526610537779069,2.526610537779069,False,False,,"guitars, tranquillity",,,
4091,2.5027240902173533,2.5027240902173533,False,False,,"guitars, tranquillity",,,
4092,2.53450762771442,2.53450762771442,False,False,,"guitars, tranquillity",,,
4093,2.550206396155393,2.550206396155393,False,False,,"guitars, tranquillity",,,
4094,2.5371328796009607,2.5371328796009607,False,False,,"guitars, tranquillity",,,
4095,2.469047313149163,2.469047313149163,False,False,,"guitars, tranquillity",,,
4096,2.4879794498296883,2.4879794498296883,False,False,,"guitars, tranquillity",,,
4097,2.47040588027914,2.47040588027914,False,False,,"guitars, tranquillity",,,
4098,2.471763474910278,2.471763474910278,False,False,,"guitars, tranquillity",,,
4099,2.531878828991853,2.531878828991853,False,False,,"guitars, tranquillity",,,
4100,2.535820696184473,2.535820696184473,False,False,,"guitars, tranquillity",,,
4101,2.569654559724009,2.569654559724009,False,False,,"guitars, tranquillity",,,
4102,2.5748084584938247,2.5748084584938247,False,False,,"guitars, tranquillity",,,
4103,2.522649909450349,2.522649909450349,False,False,,"guitars, tranquillity",,,
4104,2.569654559724009,2.569654559724009,False,False,,"guitars, tranquillity",,,
4105,2.558008777459232,2.558008777459232,False,False,,"guitars, tranquillity",,,
4106,2.569654559724009,2.569654559724009,False,False,,"guitars, tranquillity",,,
4107,2.5709442962452944,2.5709442962452944,False,False,,"guitars, tranquillity",,,
4108,2.5631931901019795,2.5631931901019795,False,False,,"guitars, tranquillity",,,
4109,2.579948954228272,2.579948954228272,False,False,,"guitars, tranquillity",,,
4110,2.579948954228272,2.579948954228272,False,False,,"guitars, tranquillity",,,
4111,2.5567105339883587,2.5567105339883587,False,False,,"guitars, tranquillity",,,
4112,2.5567105339883587,2.5567105339883587,False,False,,"guitars, tranquillity",,,
4113,2.5812319952157226,2.5812319952157226,False,False,,"guitars, tranquillity",,,
4114,2.5951636155841573,2.5951636155841573,False,False,,"guitars, tranquillity",,,
4115,2.5951636155841573,2.5951636155841573,False,False,,"guitars, tranquillity",,,
4116,2.63313845573678,2.63313845573678,False,False,,"guitars, tranquillity",,,
4117,2.621858893485316,2.621858893485316,False,False,,"guitars, tranquillity",,,
4118,2.6135118506402426,2.6135118506402426,False,False,,"guitars, tranquillity",,,
4119,2.608069576991056,2.608069576991056,False,False,,"guitars, tranquillity",,,
4120,2.605514011118172,2.605514011118172,False,False,,"guitars, tranquillity",,,
4121,2.605514011118172,2.605514011118172,False,False,,"guitars, tranquillity",,,
4122,2.545809471782204,2.545809471782204,False,False,,"guitars, tranquillity",,,
4123,2.5444912310433425,2.5444912310433425,False,False,,"guitars, tranquillity",,,
4124,2.5004796726729177,2.5004796726729177,False,False,,"guitars, tranquillity",,,
4125,2.527272481679051,2.527272481679051,False,False,,"guitars, tranquillity",,,
4126,2.5286024264347486,2.5286024264347486,False,False,,"guitars, tranquillity",,,
4127,2.499130198958959,2.499130198958959,False,False,,"guitars, tranquillity",,,
4128,2.477408166818376,2.477408166818376,False,False,,"guitars, tranquillity",,,
4129,2.497779775402198,2.497779775402198,False,False,,"guitars, tranquillity",,,
4130,2.455435165857297,2.455435165857297,False,False,,"guitars, tranquillity",,,
4131,2.435996487181742,2.435996487181742,False,False,,"guitars, tranquillity",,,
4132,2.5031757779536385,2.5031757779536385,False,False,,"guitars, tranquillity",,,
4133,2.507212858032585,2.507212858032585,False,False,,"guitars, tranquillity",,,
4134,2.520609039224056,2.520609039224056,False,False,,"guitars, tranquillity",,,
4135,2.48694196903432,2.48694196903432,False,False,,"guitars, tranquillity",,,
4136,2.476042289717296,2.476042289717296,False,False,,"guitars, tranquillity",,,
4137,2.4637049622629856,2.4637049622629856,False,False,,"guitars, tranquillity",,,
4138,2.4950760713436395,2.4950760713436395,False,False,,"guitars, tranquillity",,,
4139,2.484222887935804,2.484222887935804,False,False,,"guitars, tranquillity",,,
4140,2.5031757779536385,2.5031757779536385,False,False,,"guitars, tranquillity",,,
4141,2.481499924620108,2.481499924620108,False,False,,"guitars, tranquillity",,,
4142,2.4883000585312254,2.4883000585312254,False,False,,"guitars, tranquillity",,,
4143,2.4883000585312254,2.4883000585312254,False,False,,"guitars, tranquillity",,,
4144,2.459574591430379,2.459574591430379,False,False,,"guitars, tranquillity",,,
4145,2.4609523850823565,2.4609523850823565,False,False,,"guitars, tranquillity",,,
4146,2.456815983857146,2.456815983857146,False,False,,"guitars, tranquillity",,,
4147,2.4457409824609337,2.4457409824609337,False,False,,"guitars, tranquillity",,,
4148,2.4373916657128696,2.4373916657128696,False,False,,"guitars, tranquillity",,,
4149,2.4332030030761054,2.4332030030761054,False,False,,"guitars, tranquillity",,,
4150,2.409287692569006,2.409287692569006,False,False,,"guitars, tranquillity",,,
4151,2.4078712634475283,2.4078712634475283,False,False,,"guitars, tranquillity",,,
4152,2.3950742452551297,2.3950742452551297,False,False,,"guitars, tranquillity",,,
4153,2.4205802980033884,2.4205802980033884,False,False,,"guitars, tranquillity",,,
4154,2.4163536259457987,2.4163536259457987,False,False,,"guitars, tranquillity",,,
4155,2.4332030030761054,2.4332030030761054,False,False,,"guitars, tranquillity",,,
4156,2.3907887271728323,2.3907887271728323,False,False,,"guitars, tranquillity",,,
4157,2.3836238766400224,2.3836238766400224,False,False,,"guitars, tranquillity",,,
4158,2.3922183444090366,2.3922183444090366,False,False,,"guitars, tranquillity",,,
4159,2.412117301512444,2.412117301512444,False,False,,"guitars, tranquillity",,,
4160,2.376430862458119,2.376430862458119,False,False,,"guitars, tranquillity",,,
4161,2.361959103381217,2.361959103381217,False,False,,"guitars, tranquillity",,,
4162,2.3605055664388326,2.3605055664388326,False,False,,"guitars, tranquillity",,,
4163,2.4078712634475283,2.4078712634475283,False,False,,"guitars, tranquillity",,,
4164,2.376127168630885,2.376127168630885,False,False,,"guitars, tranquillity",,,
4165,2.4348543764847315,2.4348543764847315,False,False,,"guitars, tranquillity",,,
4166,2.4586712235610277,2.4586712235610277,False,False,,"guitars, tranquillity",,,
4167,2.490423504957629,2.490423504957629,False,False,,"guitars, tranquillity",,,
4168,2.490423504957629,2.490423504957629,False,False,,"guitars, tranquillity",,,
4169,2.486311829353759,2.486311829353759,False,False,,"guitars, tranquillity",,,
4170,2.486311829353759,2.486311829353759,False,False,,"guitars, tranquillity",,,
4171,2.5283805290977552,2.5283805290977552,False,False,,"guitars, tranquillity",,,
4172,2.557691191151603,2.557691191151603,False,False,,"guitars, tranquillity",,,
4173,2.5629735660715443,2.5629735660715443,False,False,,"guitars, tranquillity",,,
4174,2.5982648115154507,2.5982648115154507,False,False,,"guitars, tranquillity",,,
4175,2.585267123219205,2.585267123219205,False,False,,"guitars, tranquillity",,,
4176,2.531063422230291,2.531063422230291,False,False,,"guitars, tranquillity",,,
4177,2.5216570189346545,2.5216570189346545,False,False,,"guitars, tranquillity",,,
4178,2.556368375152282,2.556368375152282,False,False,,"guitars, tranquillity",,,
4179,2.5956720541290887,2.5956720541290887,False,False,,"guitars, tranquillity",,,
4180,2.600854203146139,2.600854203146139,False,False,,"guitars, tranquillity",,,
4181,2.6188867080258538,2.6188867080258538,False,False,,"guitars, tranquillity",,,
4182,2.617604035025339,2.617604035025339,False,False,,"guitars, tranquillity",,,
4183,2.582657353563492,2.582657353563492,False,False,,"guitars, tranquillity",,,
4184,2.6278426012047498,2.6278426012047498,False,False,,"guitars, tranquillity",,,
4185,2.63039413636757,2.63039413636757,False,False,,"guitars, tranquillity",,,
4186,2.621449602083727,2.621449602083727,False,False,,"guitars, tranquillity",,,
4187,2.615036229852953,2.615036229852953,False,False,,"guitars, tranquillity",,,
4188,2.602147640576196,2.602147640576196,False,False,,"guitars, tranquillity",,,
4189,2.604732006173162,2.604732006173162,False,False,,"guitars, tranquillity",,,
4190,2.6265656226426017,2.6265656226426017,False,False,,"guitars, tranquillity",,,
4191,2.625287834872312,2.625287834872312,False,False,,"guitars, tranquillity",,,
4192,2.6060229373298536,2.6060229373298536,False,False,,"guitars, tranquillity",,,
4193,2.604732006173162,2.604732006173162,False,False,,"guitars, tranquillity",,,
4194,2.615036229852953,2.615036229852953,False,False,,"guitars, tranquillity",,,
4195,2.6008542031461395,2.6008542031461395,False,False,,"guitars, tranquillity",,,
4196,2.602147640576196,2.602147640576196,False,False,,"guitars, tranquillity",,,
4197,2.570870642018166,2.570870642018166,False,False,,"guitars, tranquillity",,,
4198,2.570870642018166,2.570870642018166,False,False,,"guitars, tranquillity",,,
4199,2.617604035025339,2.617604035025339,False,False,,"guitars, tranquillity",,,
4200,2.639299226330038,2.639299226330038,False,False,,"guitars, tranquillity",,,
4201,2.639299226330038,2.639299226330038,False,False,,"guitars, tranquillity",,,
4202,2.639299226330038,2.639299226330038,False,False,,"guitars, tranquillity",,,
4203,2.639299226330038,2.639299226330038,False,False,,"guitars, tranquillity",,,
4204,2.6807632152081795,2.6807632152081795,False,False,,"guitars, tranquillity",,,
4205,2.6919275424648723,2.6919275424648723,False,False,,"guitars, tranquillity",,,
4206,2.6906900404576533,2.6906900404576533,False,False,,"guitars, tranquillity",,,
4207,2.677028285985705,2.677028285985705,False,False,,"guitars, tranquillity",,,
4208,2.679518992245056,2.679518992245056,False,False,,"guitars, tranquillity",,,
4209,2.650691436409869,2.650691436409869,False,False,,"guitars, tranquillity",,,
4210,2.6695379931883565,2.6695379931883565,False,False,,"guitars, tranquillity",,,
4211,2.646901128490317,2.646901128490317,False,False,,"guitars, tranquillity",,,
4212,2.672037796656845,2.672037796656845,False,False,,"guitars, tranquillity",,,
4213,2.678274016258471,2.678274016258471,False,False,,"guitars, tranquillity",,,
4214,2.672037796656845,2.672037796656845,False,False,,"guitars, tranquillity",,,
4215,2.6645292172215718,2.6645292172215718,False,False,,"guitars, tranquillity",,,
4216,2.678274016258471,2.678274016258471,False,False,,"guitars, tranquillity",,,
4217,2.677028285985705,2.677028285985705,False,False,,"guitars, tranquillity",,,
4218,2.688212809771493,2.688212809771493,False,False,,"guitars, tranquillity",,,
4219,2.6919275424648723,2.6919275424648723,False,False,,"guitars, tranquillity",,,
4220,2.6993370450047136,2.6993370450047136,False,False,,"guitars, tranquillity",,,
4221,2.721408192276122,2.7214081922761224,False,False,,"guitars, tranquillity",,,
4222,2.723846176404632,2.7238461764046322,False,False,,"guitars, tranquillity",,,
4223,2.7287136365176816,2.7287136365176816,False,False,,"guitars, tranquillity",,,
4224,2.721408192276122,2.7214081922761224,False,False,,"guitars, tranquillity",,,
4225,2.732356822814706,2.732356822814706,False,False,,"guitars, tranquillity",,,
4226,2.739624276047925,2.739624276047925,False,False,,"guitars, tranquillity",,,
4227,2.732356822814705,2.732356822814705,False,False,,"guitars, tranquillity",,,
4228,2.757683939978588,2.757683939978588,False,False,,"guitars, tranquillity",,,
4229,2.7600778801961514,2.760077880196151,False,False,,"guitars, tranquillity",,,
4230,2.7743850811350663,2.7743850811350663,False,False,,"guitars, tranquillity",,,
4231,2.762469118812831,2.762469118812831,False,False,,"guitars, tranquillity",,,
4232,2.7299566746541246,2.729956674654124,False,False,,"guitars, tranquillity",,,
4233,2.7372251631898714,2.7372251631898714,False,False,,"guitars, tranquillity",,,
4234,2.7250969774321194,2.7250969774321194,False,False,,"guitars, tranquillity",,,
4235,2.73116983950216,2.73116983950216,False,False,,"guitars, tranquillity",,,
4236,2.736015494801884,2.736015494801884,False,False,,"guitars, tranquillity",,,
4237,2.701857636527533,2.701857636527533,False,False,,"guitars, tranquillity",,,
4238,2.70677173835322,2.70677173835322,False,False,,"guitars, tranquillity",,,
4239,2.732382302820796,2.7323823028207963,False,False,,"guitars, tranquillity",,,
4240,2.7456734170849524,2.745673417084952,False,False,,"guitars, tranquillity",,,
4241,2.734805129353432,2.734805129353432,False,False,,"guitars, tranquillity",,,
4242,2.749283751508345,2.749283751508345,False,False,,"guitars, tranquillity",,,
4243,2.748080993151924,2.748080993151924,False,False,,"guitars, tranquillity",,,
4244,2.7432630879698667,2.7432630879698667,False,False,,"guitars, tranquillity",,,
4245,2.7384341356273367,2.7384341356273367,False,False,,"guitars, tranquillity",,,
4246,2.7202259652390537,2.7202259652390537,False,False,,"guitars, tranquillity",,,
4247,2.7153435648583546,2.7153435648583546,False,False,,"guitars, tranquillity",,,
4248,2.687045003385771,2.687045003385771,False,False,,"guitars, tranquillity",,,
4249,2.6721252346091857,2.6721252346091857,False,False,,"guitars, tranquillity",,,
4250,2.665876530387339,2.665876530387339,False,False,,"guitars, tranquillity",,,
4251,2.6394210813332517,2.6394210813332517,False,False,,"guitars, tranquillity",,,
4252,2.667127797018453,2.667127797018453,False,False,,"guitars, tranquillity",,,
4253,2.670877016978059,2.670877016978059,False,False,,"guitars, tranquillity",,,
4254,2.675865338351584,2.675865338351584,False,False,,"guitars, tranquillity",,,
4255,2.683325188800721,2.683325188800721,False,False,,"guitars, tranquillity",,,
4256,2.683325188800721,2.683325188800721,False,False,,"guitars, tranquillity",,,
4257,2.7141211767047304,2.7141211767047304,False,False,,"guitars, tranquillity",,,
4258,2.7238802880091963,2.7238802880091963,False,False,,"guitars, tranquillity",,,
4259,2.732382302820796,2.7323823028207963,False,False,,"guitars, tranquillity",,,
4260,2.750485824856296,2.750485824856296,False,False,,"guitars, tranquillity",,,
4261,2.767243524886124,2.767243524886124,False,False,,"guitars, tranquillity",,,
4262,2.767243524886124,2.767243524886124,False,False,,"guitars, tranquillity",,,
4263,2.7708173000613607,2.7708173000613607,False,False,,"guitars, tranquillity",,,
4264,2.78150277174056,2.7815027717405605,False,False,,"guitars, tranquillity",,,
4265,2.8015418648864787,2.8015418648864783,False,False,,"guitars, tranquillity",,,
4266,2.7991940180703523,2.7991940180703523,False,False,,"guitars, tranquillity",,,
4267,2.8038871514968875,2.803887151496887,False,False,,"guitars, tranquillity",,,
4268,2.7874161082934497,2.7874161082934497,False,False,,"guitars, tranquillity",,,
4269,2.80505883713642,2.80505883713642,False,False,,"guitars, tranquillity",,,
4270,2.8074002978862618,2.8074002978862618,False,False,,"guitars, tranquillity",,,
4271,2.822558194493208,2.822558194493208,False,False,,"guitars, tranquillity",,,
4272,2.826041143182674,2.8260411431826737,False,False,,"guitars, tranquillity",,,
4273,2.810907727023506,2.810907727023506,False,False,,"guitars, tranquillity",,,
4274,2.8190696384701117,2.8190696384701117,False,False,,"guitars, tranquillity",,,
4275,2.8272008843095384,2.827200884309538,False,False,,"guitars, tranquillity",,,
4276,2.7874161082934497,2.7874161082934497,False,False,,"guitars, tranquillity",,,
4277,2.7921350386929027,2.792135038692903,False,False,,"guitars, tranquillity",,,
4278,2.78150277174056,2.7815027717405605,False,False,,"guitars, tranquillity",,,
4279,2.800368261987617,2.8003682619876176,False,False,,"guitars, tranquillity",,,
4280,2.789776873165455,2.789776873165455,False,False,,"guitars, tranquillity",,,
4281,2.822558194493208,2.822558194493208,False,False,,"guitars, tranquillity",,,
4282,2.816740806903243,2.8167408069032436,False,False,,"guitars, tranquillity",,,
4283,2.8318336644025064,2.8318336644025064,False,False,,"guitars, tranquillity",,,
4284,2.816740806903243,2.8167408069032436,False,False,,"guitars, tranquillity",,,
4285,2.8190696384701117,2.8190696384701117,False,False,,"guitars, tranquillity",,,
4286,2.8120756040122985,2.812075604012298,False,False,,"guitars, tranquillity",,,
4287,2.816740806903243,2.8167408069032436,False,False,,"guitars, tranquillity",,,
4288,2.794490612781671,2.794490612781671,False,False,,"guitars, tranquillity",,,
4289,2.78150277174056,2.7815027717405605,False,False,,"guitars, tranquillity",,,
4290,2.7779468958503566,2.7779468958503566,False,False,,"guitars, tranquillity",,,
4291,2.794490612781671,2.794490612781671,False,False,,"guitars, tranquillity",,,
4292,2.806229885613525,2.8062298856135244,False,False,,"guitars, tranquillity",,,
4293,2.7968436032983237,2.7968436032983233,False,False,,"guitars, tranquillity",,,
4294,2.8179665822343583,2.8179665822343583,False,False,,"guitars, tranquillity",,,
4295,2.8086041365748105,2.8086041365748105,False,False,,"guitars, tranquillity",,,
4296,2.782645378041484,2.782645378041484,False,False,,"guitars, tranquillity",,,
4297,2.7850182987890424,2.785018298789043,False,False,,"guitars, tranquillity",,,
4298,2.786203772164822,2.786203772164822,False,False,,"guitars, tranquillity",,,
4299,2.8074309700478253,2.8074309700478253,False,False,,"guitars, tranquillity",,,
4300,2.802731904994085,2.802731904994085,False,False,,"guitars, tranquillity",,,
4301,2.802731904994085,2.802731904994085,False,False,,"guitars, tranquillity",,,
4302,2.802731904994085,2.802731904994085,False,False,,"guitars, tranquillity",,,
4303,2.802731904994085,2.802731904994085,False,False,,"guitars, tranquillity",,,
4304,2.8167984927213867,2.816798492721387,False,False,,"guitars, tranquillity",,,
4305,2.799200860184213,2.799200860184213,False,False,,"guitars, tranquillity",,,
4306,2.764763796478741,2.764763796478741,False,False,,"guitars, tranquillity",,,
4307,2.771934462339403,2.771934462339403,False,False,,"guitars, tranquillity",,,
4308,2.7755107507320296,2.7755107507320296,False,False,,"guitars, tranquillity",,,
4309,2.7587696831310557,2.758769683131056,False,False,,"guitars, tranquillity",,,
4310,2.7297587326019404,2.72975873260194,False,False,,"guitars, tranquillity",,,
4311,2.7236640448469327,2.7236640448469327,False,False,,"guitars, tranquillity",,,
4312,2.7212211891710294,2.7212211891710294,False,False,,"guitars, tranquillity",,,
4313,2.7370490412129924,2.737049041212993,False,False,,"guitars, tranquillity",,,
4314,2.743105033177958,2.743105033177958,False,False,,"guitars, tranquillity",,,
4315,2.7611693625280984,2.7611693625280984,False,False,,"guitars, tranquillity",,,
4316,2.7611693625280984,2.7611693625280984,False,False,,"guitars, tranquillity",,,
4317,2.770741029745836,2.770741029745836,False,False,,"guitars, tranquillity",,,
4318,2.770741029745836,2.770741029745836,False,False,,"guitars, tranquillity",,,
4319,2.7909391091775877,2.7909391091775877,False,False,,"guitars, tranquillity",,,
4320,2.7933028578081727,2.7933028578081722,False,False,,"guitars, tranquillity",,,
4321,2.7909391091775877,2.7909391091775877,False,False,,"guitars, tranquillity",,,
4322,2.801555534156192,2.801555534156192,False,False,,"guitars, tranquillity",,,
4323,2.80037851954491,2.80037851954491,False,False,,"guitars, tranquillity",,,
4324,2.7933028578081727,2.7933028578081722,False,False,,"guitars, tranquillity",,,
4325,2.795664003808902,2.7956640038089016,False,False,,"guitars, tranquillity",,,
4326,2.8050827192417267,2.8050827192417263,False,False,,"guitars, tranquillity",,,
4327,2.789756256391553,2.7897562563915526,False,False,,"guitars, tranquillity",,,
4328,2.7707410297458366,2.7707410297458366,False,False,,"guitars, tranquillity",,,
4329,2.7467302840786885,2.7467302840786885,False,False,,"guitars, tranquillity",,,
4330,2.76236818413686,2.76236818413686,False,False,,"guitars, tranquillity",,,
4331,2.7406847279966136,2.740684727996614,False,False,,"guitars, tranquillity",,,
4332,2.7406847279966136,2.740684727996614,False,False,,"guitars, tranquillity",,,
4333,2.7406847279966136,2.740684727996614,False,False,,"guitars, tranquillity",,,
4334,2.7248844031221,2.7248844031220996,False,False,,"guitars, tranquillity",,,
4335,2.7334070528555907,2.7334070528555907,False,False,,"guitars, tranquillity",,,
4336,2.7370490412129924,2.737049041212993,False,False,,"guitars, tranquillity",,,
4337,2.745522559891983,2.7455225598919824,False,False,,"guitars, tranquillity",,,
4338,2.745522559891983,2.7455225598919824,False,False,,"guitars, tranquillity",,,
4339,2.7358357467612264,2.7358357467612264,False,False,,"guitars, tranquillity",,,
4340,2.7321916511526902,2.7321916511526902,False,False,,"guitars, tranquillity",,,
4341,2.7358357467612264,2.7358357467612264,False,False,,"guitars, tranquillity",,,
4342,2.7285412134872566,2.728541213487256,False,False,,"guitars, tranquillity",,,
4343,2.7199986894611667,2.7199986894611667,False,False,,"guitars, tranquillity",,,
4344,2.7065036711137043,2.7065036711137043,False,False,,"guitars, tranquillity",,,
4345,2.6978700988224715,2.6978700988224715,False,False,,"guitars, tranquillity",,,
4346,2.6978700988224715,2.6978700988224715,False,False,,"guitars, tranquillity",,,
4347,2.68671662970703,2.68671662970703,False,False,,"guitars, tranquillity",,,
4348,2.694158957687454,2.694158957687454,False,False,,"guitars, tranquillity",,,
4349,2.68671662970703,2.68671662970703,False,False,,"guitars, tranquillity",,,
4350,2.64529468116609,2.64529468116609,False,False,,"guitars, tranquillity",,,
4351,2.680494113685255,2.680494113685255,False,False,,"guitars, tranquillity",,,
4352,2.7065036711137047,2.7065036711137047,False,False,,"guitars, tranquillity",,,
4353,2.71632688892465,2.71632688892465,False,False,,"guitars, tranquillity",,,
4354,2.755165057593196,2.755165057593196,False,False,,"guitars, tranquillity",,,
4355,2.759969862547328,2.7599698625473286,False,False,,"guitars, tranquillity",,,
4356,2.779081046730085,2.779081046730085,False,False,,"guitars, tranquillity",,,
4357,2.7755107507320296,2.7755107507320296,False,False,,"guitars, tranquillity",,,
4358,2.759969862547328,2.7599698625473286,False,False,,"guitars, tranquillity",,,
4359,2.740665315503348,2.740665315503348,False,False,,"guitars, tranquillity",,,
4360,2.7731403689815166,2.7731403689815166,False,False,,"guitars, tranquillity",,,
4361,2.7743336515548065,2.774333651554807,False,False,,"guitars, tranquillity",,,
4362,2.7719464171951937,2.771946417195194,False,False,,"guitars, tranquillity",,,
4363,2.783855944376879,2.783855944376879,False,False,,"guitars, tranquillity",,,
4364,2.780290062433293,2.780290062433293,False,False,,"guitars, tranquillity",,,
4365,2.780290062433293,2.780290062433293,False,False,,"guitars, tranquillity",,,
4366,2.783855944376879,2.783855944376879,False,False,,"guitars, tranquillity",,,
4367,2.8051274493317866,2.805127449331786,False,False,,"guitars, tranquillity",,,
4368,2.8051274493317866,2.805127449331786,False,False,,"guitars, tranquillity",,,
4369,2.823860608546386,2.823860608546386,False,False,,"guitars, tranquillity",,,
4370,2.8354870908163945,2.8354870908163945,False,False,,"guitars, tranquillity",,,
4371,2.8401203377020083,2.8401203377020083,False,False,,"guitars, tranquillity",,,
4372,2.8250260624465544,2.8250260624465544,False,False,,"guitars, tranquillity",,,
4373,2.8389629493018624,2.8389629493018624,False,False,,"guitars, tranquillity",,,
4374,2.8435888222590315,2.8435888222590315,False,False,,"guitars, tranquillity",,,
4375,2.845898087075197,2.845898087075197,False,False,,"guitars, tranquillity",,,
4376,2.843588822259031,2.843588822259031,False,False,,"guitars, tranquillity",,,
4377,2.8574079793565037,2.8574079793565037,False,False,,"guitars, tranquillity",,,
4378,2.8574079793565037,2.8574079793565037,False,False,,"guitars, tranquillity",,,
4379,2.866572596191645,2.8665725961916446,False,False,,"guitars, tranquillity",,,
4380,2.847051804699723,2.847051804699723,False,False,,"guitars, tranquillity",,,
4381,2.867715491931056,2.8677154919310555,False,False,,"guitars, tranquillity",,,
4382,2.875699205489374,2.875699205489374,False,False,,"guitars, tranquillity",,,
4383,2.861995066103569,2.861995066103569,False,False,,"guitars, tranquillity",,,
4384,2.852811280525273,2.852811280525273,False,False,,"guitars, tranquillity",,,
4385,2.8458980870751964,2.8458980870751964,False,False,,"guitars, tranquillity",,,
4386,2.860849192509657,2.8608491925096575,False,False,,"guitars, tranquillity",,,
4387,2.830843961235324,2.830843961235324,False,False,,"guitars, tranquillity",,,
4388,2.823860608546385,2.823860608546385,False,False,,"guitars, tranquillity",,,
4389,2.802774327195058,2.802774327195058,False,False,,"guitars, tranquillity",,,
4390,2.7933359980770467,2.7933359980770467,False,False,,"guitars, tranquillity",,,
4391,2.810999034706424,2.8109990347064246,False,False,,"guitars, tranquillity",,,
4392,2.780290062433292,2.780290062433292,False,False,,"guitars, tranquillity",,,
4393,2.7862298974435378,2.7862298974435378,False,False,,"guitars, tranquillity",,,
4394,2.806303046752632,2.8063030467526318,False,False,,"guitars, tranquillity",,,
4395,2.81217143607872,2.81217143607872,False,False,,"guitars, tranquillity",,,
4396,2.8027743271950576,2.8027743271950576,False,False,,"guitars, tranquillity",,,
4397,2.76955650182174,2.7695565018217403,False,False,,"guitars, tranquillity",,,
4398,2.755160237684658,2.755160237684658,False,False,,"guitars, tranquillity",,,
4399,2.753956121429586,2.7539561214295856,False,False,,"guitars, tranquillity",,,
4400,2.759969862547327,2.759969862547327,False,False,,"guitars, tranquillity",,,
4401,2.759969862547327,2.759969862547327,False,False,,"guitars, tranquillity",,,
4402,2.774333651554806,2.774333651554806,False,False,,"guitars, tranquillity",,,
4403,2.763569929050559,2.763569929050559,False,False,,"guitars, tranquillity",,,
4404,2.7647685945906324,2.7647685945906324,False,False,,"guitars, tranquillity",,,
4405,2.798060346451521,2.798060346451521,False,False,,"guitars, tranquillity",,,
4406,2.8004186288420865,2.8004186288420865,False,False,,"guitars, tranquillity",,,
4407,2.777909494354596,2.7779094943545966,False,False,,"guitars, tranquillity",,,
4408,2.8063030467526318,2.8063030467526318,False,False,,"guitars, tranquillity",,,
4409,2.8039512098031336,2.8039512098031336,False,False,,"guitars, tranquillity",,,
4410,2.785043250389744,2.785043250389744,False,False,,"guitars, tranquillity",,,
4411,2.7743336515548056,2.7743336515548056,False,False,,"guitars, tranquillity",,,
4412,2.77552626595219,2.7755262659521907,False,False,,"guitars, tranquillity",,,
4413,2.7826679783911628,2.7826679783911628,False,False,,"guitars, tranquillity",,,
4414,2.789785894950035,2.789785894950035,False,False,,"guitars, tranquillity",,,
4415,2.790969916254431,2.790969916254431,False,False,,"guitars, tranquillity",,,
4416,2.780290062433292,2.780290062433292,False,False,,"guitars, tranquillity",,,
4417,2.8063030467526318,2.8063030467526318,False,False,,"guitars, tranquillity",,,
4418,2.829681627818473,2.829681627818473,False,False,,"guitars, tranquillity",,,
4419,2.828518672155131,2.828518672155131,False,False,,"guitars, tranquillity",,,
4420,2.8308439612353227,2.8308439612353227,False,False,,"guitars, tranquillity",,,
4421,2.843673457842974,2.843673457842974,False,False,,"guitars, tranquillity",,,
4422,2.8494801955241806,2.8494801955241806,False,False,,"guitars, tranquillity",,,
4423,2.8494801955241806,2.8494801955241806,False,False,,"guitars, tranquillity",,,
4424,2.850639694709847,2.850639694709847,False,False,,"guitars, tranquillity",,,
4425,2.861047664416984,2.8610476644169847,False,False,,"guitars, tranquillity",,,
4426,2.851798579886599,2.851798579886599,False,False,,"guitars, tranquillity",,,
4427,2.858739046957219,2.8587390469572185,False,False,,"guitars, tranquillity",,,
4428,2.858739046957219,2.8587390469572185,False,False,,"guitars, tranquillity",,,
4429,2.855271560343278,2.8552715603432786,False,False,,"guitars, tranquillity",,,
4430,2.858739046957219,2.8587390469572185,False,False,,"guitars, tranquillity",,,
4431,2.862201063714404,2.8622010637144037,False,False,,"guitars, tranquillity",,,
4432,2.880573748925725,2.880573748925725,False,False,,"guitars, tranquillity",,,
4433,2.888563990858582,2.888563990858582,False,False,,"guitars, tranquillity",,,
4434,2.899928929510998,2.899928929510998,False,False,,"guitars, tranquillity",,,
4435,2.898795046592049,2.898795046592049,False,False,,"guitars, tranquillity",,,
4436,2.9134907331809123,2.9134907331809123,False,False,,"guitars, tranquillity",,,
4437,2.922486443277125,2.922486443277125,False,False,,"guitars, tranquillity",,,
4438,2.9280904940551875,2.9280904940551875,False,False,,"guitars, tranquillity",,,
4439,2.92024089922263,2.92024089922263,False,False,,"guitars, tranquillity",,,
4440,2.92024089922263,2.92024089922263,False,False,,"guitars, tranquillity",,,
4441,2.906720133980597,2.906720133980597,False,False,,"guitars, tranquillity",,,
4442,2.9112361455824103,2.9112361455824103,False,False,,"guitars, tranquillity",,,
4443,2.9168683596817337,2.9168683596817333,False,False,,"guitars, tranquillity",,,
4444,2.9055897021732213,2.9055897021732218,False,False,,"guitars, tranquillity",,,
4445,2.9123637235690114,2.912363723569011,False,False,,"guitars, tranquillity",,,
4446,2.917993103699147,2.917993103699147,False,False,,"guitars, tranquillity",,,
4447,2.8987950465920487,2.8987950465920487,False,False,,"guitars, tranquillity",,,
4448,2.877140506631239,2.877140506631239,False,False,,"guitars, tranquillity",,,
4449,2.877140506631239,2.877140506631239,False,False,,"guitars, tranquillity",,,
4450,2.8987950465920487,2.8987950465920487,False,False,,"guitars, tranquillity",,,
4451,2.881716979262692,2.881716979262692,False,False,,"guitars, tranquillity",,,
4452,2.881716979262692,2.881716979262692,False,False,,"guitars, tranquillity",,,
4453,2.9055897021732213,2.9055897021732218,False,False,,"guitars, tranquillity",,,
4454,2.9112361455824103,2.9112361455824103,False,False,,"guitars, tranquillity",,,
4455,2.880573748925724,2.8805737489257237,False,False,,"guitars, tranquillity",,,
4456,2.880573748925724,2.8805737489257237,False,False,,"guitars, tranquillity",,,
4457,2.8919795819237795,2.8919795819237795,False,False,,"guitars, tranquillity",,,
4458,2.8919795819237795,2.8919795819237795,False,False,,"guitars, tranquillity",,,
4459,2.8919795819237795,2.8919795819237795,False,False,,"guitars, tranquillity",,,
4460,2.8919795819237795,2.8919795819237795,False,False,,"guitars, tranquillity",,,
4461,2.8506396947098462,2.8506396947098462,False,False,,"guitars, tranquillity",,,
4462,2.8214656362735644,2.8214656362735644,False,False,,"guitars, tranquillity",,,
4463,2.834350418256005,2.834350418256005,False,False,,"guitars, tranquillity",,,
4464,2.819114701987719,2.819114701987719,False,False,,"guitars, tranquillity",,,
4465,2.8144051561936987,2.814405156193699,False,False,,"guitars, tranquillity",,,
4466,2.8459980048905287,2.8459980048905287,False,False,,"guitars, tranquillity",,,
4467,2.8261598659795344,2.8261598659795344,False,False,,"guitars, tranquillity",,,
4468,2.799027757240061,2.7990277572400615,False,False,,"guitars, tranquillity",,,
4469,2.800214541129603,2.800214541129603,False,False,,"guitars, tranquillity",,,
4470,2.787123681954974,2.787123681954974,False,False,,"guitars, tranquillity",,,
4471,2.7763531013343083,2.7763531013343083,False,False,,"guitars, tranquillity",,,
4472,2.7376092717156686,2.7376092717156686,False,False,,"guitars, tranquillity",,,
4473,2.741271841278227,2.741271841278227,False,False,,"guitars, tranquillity",,,
4474,2.7031127496199834,2.7031127496199834,False,False,,"guitars, tranquillity",,,
4475,2.7068362243945834,2.7068362243945834,False,False,,"guitars, tranquillity",,,
4476,2.726583075552872,2.726583075552872,False,False,,"guitars, tranquillity",,,
4477,2.746145374432025,2.7461453744320248,False,False,,"guitars, tranquillity",,,
4478,2.741271841278227,2.741271841278227,False,False,,"guitars, tranquillity",,,
4479,2.738830837144245,2.738830837144245,False,False,,"guitars, tranquillity",,,
4480,2.7216638523867696,2.72166385238677,False,False,,"guitars, tranquillity",,,
4481,2.7643215977427973,2.7643215977427977,False,False,,"guitars, tranquillity",,,
4482,2.761907099467236,2.7619070994672357,False,False,,"guitars, tranquillity",,,
4483,2.71179050335943,2.71179050335943,False,False,,"guitars, tranquillity",,,
4484,2.7130272322746563,2.7130272322746563,False,False,,"guitars, tranquillity",,,
4485,2.705595807749581,2.705595807749581,False,False,,"guitars, tranquillity",,,
4486,2.711797041912973,2.711797041912973,False,False,,"guitars, tranquillity",,,
4487,2.735195044398818,2.7351950443988184,False,False,,"guitars, tranquillity",,,
4488,2.757123587592988,2.757123587592988,False,False,,"guitars, tranquillity",,,
4489,2.753484619170324,2.753484619170324,False,False,,"guitars, tranquillity",,,
4490,2.781225187090514,2.7812251870905134,False,False,,"guitars, tranquillity",,,
4491,2.7716173018126677,2.7716173018126677,False,False,,"guitars, tranquillity",,,
4492,2.7704132630654064,2.7704132630654064,False,False,,"guitars, tranquillity",,,
4493,2.800312365111681,2.800312365111681,False,False,,"guitars, tranquillity",,,
4494,2.784817018977007,2.784817018977007,False,False,,"guitars, tranquillity",,,
4495,2.760756310606137,2.7607563106061375,False,False,,"guitars, tranquillity",,,
4496,2.760756310606137,2.7607563106061375,False,False,,"guitars, tranquillity",,,
4497,2.738865691703204,2.738865691703204,False,False,,"guitars, tranquillity",,,
4498,2.732744377110726,2.732744377110726,False,False,,"guitars, tranquillity",,,
4499,2.715508932648948,2.715508932648948,False,False,,"guitars, tranquillity",,,
4500,2.694386687297449,2.694386687297449,False,False,,"guitars, tranquillity",,,
4501,2.670521293827029,2.670521293827029,False,False,,"guitars, tranquillity",,,
4502,2.675568642363335,2.675568642363335,False,False,,"guitars, tranquillity",,,
4503,2.681860439250869,2.681860439250869,False,False,,"guitars, tranquillity",,,
4504,2.6931374763013176,2.6931374763013176,False,False,,"guitars, tranquillity",,,
4505,2.683116493191801,2.683116493191801,False,False,,"guitars, tranquillity",,,
4506,2.715508932648948,2.715508932648948,False,False,,"guitars, tranquillity",,,
4507,2.7192142259796976,2.7192142259796976,False,False,,"guitars, tranquillity",,,
4508,2.716744761867864,2.716744761867864,False,False,,"guitars, tranquillity",,,
4509,2.714272370387159,2.714272370387159,False,False,,"guitars, tranquillity",,,
4510,2.747405712045856,2.7474057120458557,False,False,,"guitars, tranquillity",,,
4511,2.731517969278103,2.731517969278103,False,False,,"guitars, tranquillity",,,
4512,2.698129801478675,2.698129801478675,False,False,,"guitars, tranquillity",,,
4513,2.698129801478675,2.698129801478675,False,False,,"guitars, tranquillity",,,
4514,2.68437178167984,2.68437178167984,False,False,,"guitars, tranquillity",,,
4515,2.681860439250869,2.681860439250869,False,False,,"guitars, tranquillity",,,
4516,2.6730465198970537,2.6730465198970537,False,False,,"guitars, tranquillity",,,
4517,2.7031101232506565,2.7031101232506565,False,False,,"guitars, tranquillity",,,
4518,2.7093187667687326,2.7093187667687326,False,False,,"guitars, tranquillity",,,
4519,2.7093187667687326,2.7093187667687326,False,False,,"guitars, tranquillity",,,
4520,2.7400878177666512,2.7400878177666517,False,False,,"guitars, tranquillity",,,
4521,2.7339700684318338,2.7339700684318338,False,False,,"guitars, tranquillity",,,
4522,2.715508932648948,2.715508932648948,False,False,,"guitars, tranquillity",,,
4523,2.717979859245373,2.717979859245373,False,False,,"guitars, tranquillity",,,
4524,2.7327443771107256,2.7327443771107256,False,False,,"guitars, tranquillity",,,
4525,2.7093187667687326,2.7093187667687326,False,False,,"guitars, tranquillity",,,
4526,2.7266051495767014,2.7266051495767014,False,False,,"guitars, tranquillity",,,
4527,2.730290843773488,2.730290843773488,False,False,,"guitars, tranquillity",,,
4528,2.717979859245373,2.717979859245373,False,False,,"guitars, tranquillity",,,
4529,2.715508932648948,2.715508932648948,False,False,,"guitars, tranquillity",,,
4530,2.683116493191801,2.683116493191801,False,False,,"guitars, tranquillity",,,
4531,2.6730465198970537,2.6730465198970537,False,False,,"guitars, tranquillity",,,
4532,2.680603618563788,2.680603618563788,False,False,,"guitars, tranquillity",,,
4533,2.669257513632512,2.669257513632512,False,False,,"guitars, tranquillity",,,
4534,2.6679929535599425,2.6679929535599425,False,False,,"guitars, tranquillity",,,
4535,2.6768285430393624,2.6768285430393624,False,False,,"guitars, tranquillity",,,
4536,2.6931374763013176,2.6931374763013176,False,False,,"guitars, tranquillity",,,
4537,2.6679929535599425,2.6679929535599425,False,False,,"guitars, tranquillity",,,
4538,2.6603891407496443,2.6603891407496443,False,False,,"guitars, tranquillity",,,
4539,2.6438163391799527,2.6438163391799527,False,False,,"guitars, tranquillity",,,
4540,2.625816031469775,2.625816031469775,False,False,,"guitars, tranquillity",,,
4541,2.633550074678493,2.633550074678493,False,False,,"guitars, tranquillity",,,
4542,2.645095974626175,2.645095974626175,False,False,,"guitars, tranquillity",,,
4543,2.664194580720692,2.664194580720692,False,False,,"guitars, tranquillity",,,
4544,2.621937859588665,2.621937859588665,False,False,,"guitars, tranquillity",,,
4545,2.6386897105174483,2.6386897105174483,False,False,,"guitars, tranquillity",,,
4546,2.6527569130526003,2.6527569130526003,False,False,,"guitars, tranquillity",,,
4547,2.6616584082243606,2.6616584082243606,False,False,,"guitars, tranquillity",,,
4548,2.68437178167984,2.68437178167984,False,False,,"guitars, tranquillity",,,
4549,2.6743079684208846,2.6743079684208846,False,False,,"guitars, tranquillity",,,
4550,2.648930051367803,2.648930051367803,False,False,,"guitars, tranquillity",,,
4551,2.660465744611684,2.660465744611684,False,False,,"guitars, tranquillity",,,
4552,2.6770142954390765,2.6770142954390765,False,False,,"guitars, tranquillity",,,
4553,2.6883933718089845,2.6883933718089845,False,False,,"guitars, tranquillity",,,
4554,2.6871321285640204,2.6871321285640204,False,False,,"guitars, tranquillity",,,
4555,2.7134581875425696,2.7134581875425696,False,False,,"guitars, tranquillity",,,
4556,2.7109652797194808,2.7109652797194808,False,False,,"guitars, tranquillity",,,
4557,2.727116180485213,2.727116180485213,False,False,,"guitars, tranquillity",,,
4558,2.727116180485213,2.727116180485213,False,False,,"guitars, tranquillity",,,
4559,2.7221599640094105,2.7221599640094105,False,False,,"guitars, tranquillity",,,
4560,2.7221599640094105,2.7221599640094105,False,False,,"guitars, tranquillity",,,
4561,2.7221599640094105,2.7221599640094105,False,False,,"guitars, tranquillity",,,
4562,2.707220309350361,2.707220309350361,False,False,,"guitars, tranquillity",,,
4563,2.72463954018517,2.72463954018517,False,False,,"guitars, tranquillity",,,
4564,2.717191965368316,2.717191965368316,False,False,,"guitars, tranquillity",,,
4565,2.727116180485213,2.727116180485213,False,False,,"guitars, tranquillity",,,
4566,2.7022164937245687,2.7022164937245687,False,False,,"guitars, tranquillity",,,
4567,2.703468578726428,2.703468578726428,False,False,,"guitars, tranquillity",,,
4568,2.70096365255897,2.70096365255897,False,False,,"guitars, tranquillity",,,
4569,2.7209190719537397,2.7209190719537397,False,False,,"guitars, tranquillity",,,
4570,2.74314343868054,2.74314343868054,False,False,,"guitars, tranquillity",,,
4571,2.740685649827242,2.7406856498272423,False,False,,"guitars, tranquillity",,,
4572,2.7283534026841187,2.728353402684119,False,False,,"guitars, tranquillity",,,
4573,2.7283534026841187,2.728353402684119,False,False,,"guitars, tranquillity",,,
4574,2.7059704852826822,2.7059704852826822,False,False,,"guitars, tranquillity",,,
4575,2.7072203093503613,2.7072203093503613,False,False,,"guitars, tranquillity",,,
4576,2.7283534026841187,2.728353402684119,False,False,,"guitars, tranquillity",,,
4577,2.7209190719537397,2.7209190719537397,False,False,,"guitars, tranquillity",,,
4578,2.717191965368316,2.717191965368316,False,False,,"guitars, tranquillity",,,
4579,2.722159964009411,2.722159964009411,False,False,,"guitars, tranquillity",,,
4580,2.702216493724569,2.702216493724569,False,False,,"guitars, tranquillity",,,
4581,2.702216493724569,2.702216493724569,False,False,,"guitars, tranquillity",,,
4582,2.709717705322364,2.709717705322364,False,False,,"guitars, tranquillity",,,
4583,2.709717705322364,2.709717705322364,False,False,,"guitars, tranquillity",,,
4584,2.70096365255897,2.70096365255897,False,False,,"guitars, tranquillity",,,
4585,2.7059704852826827,2.7059704852826827,False,False,,"guitars, tranquillity",,,
4586,2.702216493724569,2.702216493724569,False,False,,"guitars, tranquillity",,,
4587,2.680814312441515,2.680814312441515,False,False,,"guitars, tranquillity",,,
4588,2.6757460605930854,2.6757460605930854,False,False,,"guitars, tranquillity",,,
4589,2.677014295439077,2.677014295439077,False,False,,"guitars, tranquillity",,,
4590,2.677014295439077,2.677014295439077,False,False,,"guitars, tranquillity",,,
4591,2.6997100539643566,2.6997100539643566,False,False,,"guitars, tranquillity",,,
4592,2.735761439664123,2.735761439664123,False,False,,"guitars, tranquillity",,,
4593,2.745598362429882,2.7455983624298823,False,False,,"guitars, tranquillity",,,
4594,2.741914902970352,2.7419149029703522,False,False,,"guitars, tranquillity",,,
4595,2.756610309847899,2.756610309847899,False,False,,"guitars, tranquillity",,,
4596,2.762703374581079,2.762703374581079,False,False,,"guitars, tranquillity",,,
4597,2.746824752775252,2.746824752775252,False,False,,"guitars, tranquillity",,,
4598,2.759049639126652,2.7590496391266517,False,False,,"guitars, tranquillity",,,
4599,2.752946035060738,2.7529460350607384,False,False,,"guitars, tranquillity",,,
4600,2.759049639126652,2.7590496391266517,False,False,,"guitars, tranquillity",,,
4601,2.777255778792254,2.777255778792254,False,False,,"guitars, tranquillity",,,
4602,2.78449487015415,2.78449487015415,False,False,,"guitars, tranquillity",,,
4603,2.792909613219819,2.7929096132198192,False,False,,"guitars, tranquillity",,,
4604,2.792909613219819,2.7929096132198192,False,False,,"guitars, tranquillity",,,
4605,2.785699003864817,2.785699003864817,False,False,,"guitars, tranquillity",,,
4606,2.790508773181917,2.790508773181917,False,False,,"guitars, tranquillity",,,
4607,2.785699003864817,2.785699003864817,False,False,,"guitars, tranquillity",,,
4608,2.795307767975995,2.795307767975995,False,False,,"guitars, tranquillity",,,
4609,2.773626999207424,2.773626999207424,False,False,,"guitars, tranquillity",,,
4610,2.780878392805481,2.780878392805481,False,False,,"guitars, tranquillity",,,
4611,2.800096054786001,2.800096054786001,False,False,,"guitars, tranquillity",,,
4612,2.802486203306743,2.802486203306743,False,False,,"guitars, tranquillity",,,
4613,2.800096054786001,2.800096054786001,False,False,,"guitars, tranquillity",,,
4614,2.797703245746633,2.7977032457466335,False,False,,"guitars, tranquillity",,,
4615,2.808449988362887,2.808449988362887,False,False,,"guitars, tranquillity",,,
4616,2.813213812913201,2.813213812913201,False,False,,"guitars, tranquillity",,,
4617,2.8072573864643067,2.8072573864643067,False,False,,"guitars, tranquillity",,,
4618,2.814403128309972,2.814403128309972,False,False,,"guitars, tranquillity",,,
4619,2.8167797972077637,2.8167797972077637,False,False,,"guitars, tranquillity",,,
4620,2.8167797972077637,2.8167797972077637,False,False,,"guitars, tranquillity",,,
4621,2.8167797972077637,2.8167797972077637,False,False,,"guitars, tranquillity",,,
4622,2.8167797972077637,2.8167797972077637,False,False,,"guitars, tranquillity",,,
4623,2.8072573864643062,2.8072573864643062,False,False,,"guitars, tranquillity",,,
4624,2.822710071334258,2.8227100713342583,False,False,,"guitars, tranquillity",,,
4625,2.8203399107073053,2.8203399107073053,False,False,,"guitars, tranquillity",,,
4626,2.8203399107073053,2.8203399107073053,False,False,,"guitars, tranquillity",,,
4627,2.8155917894097278,2.815591789409728,False,False,,"guitars, tranquillity",,,
4628,2.822710071334257,2.822710071334257,False,False,,"guitars, tranquillity",,,
4629,2.817967152696884,2.8179671526968844,False,False,,"guitars, tranquillity",,,
4630,2.8238941800848707,2.8238941800848707,False,False,,"guitars, tranquillity",,,
4631,2.804870200690353,2.804870200690353,False,False,,"guitars, tranquillity",,,
4632,2.804870200690353,2.804870200690353,False,False,,"guitars, tranquillity",,,
4633,2.8274426318154817,2.8274426318154817,False,False,,"guitars, tranquillity",,,
4634,2.826260459350985,2.8262604593509844,False,False,,"guitars, tranquillity",,,
4635,2.841578784951882,2.841578784951882,False,False,,"guitars, tranquillity",,,
4636,2.846270530406216,2.846270530406216,False,False,,"guitars, tranquillity",,,
4637,2.846270530406216,2.846270530406216,False,False,,"guitars, tranquillity",,,
4638,2.841578784951882,2.841578784951882,False,False,,"guitars, tranquillity",,,
4639,2.841578784951882,2.841578784951882,False,False,,"guitars, tranquillity",,,
4640,2.848612629773082,2.848612629773082,False,False,,"guitars, tranquillity",,,
4641,2.841578784951882,2.841578784951882,False,False,,"guitars, tranquillity",,,
4642,2.8404042708925696,2.8404042708925696,False,False,,"guitars, tranquillity",,,
4643,2.841578784951882,2.841578784951882,False,False,,"guitars, tranquillity",,,
4644,2.848612629773082,2.848612629773082,False,False,,"guitars, tranquillity",,,
4645,2.8333438612161665,2.8333438612161665,False,False,,"guitars, tranquillity",,,
4646,2.8132138129132,2.8132138129131996,False,False,,"guitars, tranquillity",,,
4647,2.822710071334257,2.822710071334257,False,False,,"guitars, tranquillity",,,
4648,2.836876927171021,2.836876927171021,False,False,,"guitars, tranquillity",,,
4649,2.830985292178188,2.830985292178188,False,False,,"guitars, tranquillity",,,
4650,2.836876927171021,2.836876927171021,False,False,,"guitars, tranquillity",,,
4651,2.825077642431879,2.825077642431879,False,False,,"guitars, tranquillity",,,
4652,2.8072573864643062,2.8072573864643062,False,False,,"guitars, tranquillity",,,
4653,2.8132138129132,2.8132138129131996,False,False,,"guitars, tranquillity",,,
4654,2.8356998755916085,2.8356998755916085,False,False,,"guitars, tranquillity",,,
4655,2.8321648965092,2.8321648965092003,False,False,,"guitars, tranquillity",,,
4656,2.8439259179582934,2.843925917958294,False,False,,"guitars, tranquillity",,,
4657,2.849782739377883,2.849782739377883,False,False,,"guitars, tranquillity",,,
4658,2.855623923618805,2.855623923618805,False,False,,"guitars, tranquillity",,,
4659,2.8544569322044837,2.8544569322044837,False,False,,"guitars, tranquillity",,,
4660,2.8532893189921675,2.853289318992168,False,False,,"guitars, tranquillity",,,
4661,2.8532893189921675,2.853289318992168,False,False,,"guitars, tranquillity",,,
4662,2.867259839219864,2.867259839219864,False,False,,"guitars, tranquillity",,,
4663,2.867259839219864,2.867259839219864,False,False,,"guitars, tranquillity",,,
4664,2.875368521325268,2.8753685213252687,False,False,,"guitars, tranquillity",,,
4665,2.87883456841239,2.87883456841239,False,False,,"guitars, tranquillity",,,
4666,2.881142249891961,2.881142249891961,False,False,,"guitars, tranquillity",,,
4667,2.882295188270505,2.8822951882705046,False,False,,"guitars, tranquillity",,,
4668,2.8579560447137062,2.8579560447137062,False,False,,"guitars, tranquillity",,,
4669,2.849782739377883,2.849782739377883,False,False,,"guitars, tranquillity",,,
4670,2.836876927171021,2.836876927171021,False,False,,"guitars, tranquillity",,,
4671,2.84040427089257,2.84040427089257,False,False,,"guitars, tranquillity",,,
4672,2.853289318992168,2.853289318992168,False,False,,"guitars, tranquillity",,,
4673,2.868420050804569,2.868420050804569,False,False,,"guitars, tranquillity",,,
4674,2.8392291238730367,2.8392291238730367,False,False,,"guitars, tranquillity",,,
4675,2.850952223500028,2.850952223500028,False,False,,"guitars, tranquillity",,,
4676,2.8637755298093195,2.8637755298093195,False,False,,"guitars, tranquillity",,,
4677,2.8450985387838728,2.8450985387838728,False,False,,"guitars, tranquillity",,,
4678,2.843925917958294,2.843925917958294,False,False,,"guitars, tranquillity",,,
4679,2.852121083064029,2.852121083064029,False,False,,"guitars, tranquillity",,,
4680,2.83498124803909,2.83498124803909,False,False,,"guitars, tranquillity",,,
4681,2.812915250717936,2.812915250717936,False,False,,"guitars, tranquillity",,,
4682,2.813943816786078,2.813943816786078,False,False,,"guitars, tranquillity",,,
4683,2.8380922893959517,2.8380922893959517,False,False,,"guitars, tranquillity",,,
4684,2.885957444646104,2.885957444646104,False,False,,"guitars, tranquillity",,,
4685,2.8775859307441585,2.8775859307441585,False,False,,"guitars, tranquillity",,,
4686,2.9012236095529294,2.9012236095529294,False,False,,"guitars, tranquillity",,,
4687,2.9012236095529294,2.9012236095529294,False,False,,"guitars, tranquillity",,,
4688,2.959921003765752,2.959921003765752,False,False,,"guitars, tranquillity",,,
4689,2.938258455434777,2.938258455434777,False,False,,"guitars, tranquillity",,,
4690,2.9341735116521828,2.9341735116521823,False,False,,"guitars, tranquillity",,,
4691,2.9477613382279118,2.9477613382279113,False,False,,"guitars, tranquillity",,,
4692,2.9409776466809663,2.9409776466809663,False,False,,"guitars, tranquillity",,,
4693,2.95182181072798,2.95182181072798,False,False,,"guitars, tranquillity",,,
4694,2.9813789835022,2.9813789835022,False,False,,"guitars, tranquillity",,,
4695,2.984047111595387,2.984047111595387,False,False,,"guitars, tranquillity",,,
4696,2.9800437523600034,2.9800437523600034,False,False,,"guitars, tranquillity",,,
4697,2.9853800110528845,2.9853800110528845,False,False,,"guitars, tranquillity",,,
4698,2.972015946688576,2.972015946688576,False,False,,"guitars, tranquillity",,,
4699,2.9679914316729925,2.9679914316729925,False,False,,"guitars, tranquillity",,,
4700,2.9679914316729925,2.9679914316729925,False,False,,"guitars, tranquillity",,,
4701,2.9907038740443657,2.990703874044365,False,False,,"guitars, tranquillity",,,
4702,2.982713436162356,2.9827134361623555,False,False,,"guitars, tranquillity",,,
4703,2.962614328557871,2.9626143285578714,False,False,,"guitars, tranquillity",,,
4704,2.974695017755984,2.974695017755984,False,False,,"guitars, tranquillity",,,
4705,2.9733558752631466,2.973355875263146,False,False,,"guitars, tranquillity",,,
4706,2.962614328557871,2.9626143285578714,False,False,,"guitars, tranquillity",,,
4707,2.963959795692724,2.963959795692724,False,False,,"guitars, tranquillity",,,
4708,2.9464062272469023,2.946406227246902,False,False,,"guitars, tranquillity",,,
4709,2.969333726177058,2.969333726177058,False,False,,"guitars, tranquillity",,,
4710,2.977370949593207,2.9773709495932064,False,False,,"guitars, tranquillity",,,
4711,2.9787077414775265,2.978707741477527,False,False,,"guitars, tranquillity",,,
4712,2.976033375442116,2.976033375442116,False,False,,"guitars, tranquillity",,,
4713,2.9626143285578714,2.9626143285578714,False,False,,"guitars, tranquillity",,,
4714,2.9813789835022,2.9813789835022,False,False,,"guitars, tranquillity",,,
4715,3.001314729566312,3.001314729566312,False,False,,"guitars, tranquillity",,,
4716,3.001314729566312,3.001314729566312,False,False,,"guitars, tranquillity",,,
4717,3.022391129489589,3.022391129489589,False,False,,"guitars, tranquillity",,,
4718,3.022391129489589,3.022391129489589,False,False,,"guitars, tranquillity",,,
4719,3.022391129489589,3.022391129489589,False,False,,"guitars, tranquillity",,,
4720,3.022391129489589,3.022391129489589,False,False,,"guitars, tranquillity",,,
4721,3.00263765375262,3.0026376537526196,False,False,,"guitars, tranquillity",,,
4722,2.9960154207025838,2.9960154207025838,False,False,,"guitars, tranquillity",,,
4723,2.998666599982153,2.9986665999821525,False,False,,"guitars, tranquillity",,,
4724,3.00263765375262,3.0026376537526196,False,False,,"guitars, tranquillity",,,
4725,2.9813789835022,2.9813789835022,False,False,,"guitars, tranquillity",,,
4726,2.976033375442116,2.976033375442116,False,False,,"guitars, tranquillity",,,
4727,2.965304467724716,2.965304467724716,False,False,,"guitars, tranquillity",,,
4728,2.965304467724716,2.965304467724716,False,False,,"guitars, tranquillity",,,
4729,2.9773709495932064,2.9773709495932064,False,False,,"guitars, tranquillity",,,
4730,2.970675230753826,2.970675230753826,False,False,,"guitars, tranquillity",,,
4731,2.970675230753826,2.970675230753826,False,False,,"guitars, tranquillity",,,
4732,2.950469128628451,2.9504691286284506,False,False,,"guitars, tranquillity",,,
4733,2.95182181072798,2.95182181072798,False,False,,"guitars, tranquillity",,,
4734,2.943693566996085,2.9436935669960844,False,False,,"guitars, tranquillity",,,
4735,2.96126806501757,2.9612680650175704,False,False,,"guitars, tranquillity",,,
4736,2.9572244828856373,2.9572244828856373,False,False,,"guitars, tranquillity",,,
4737,2.9572244828856373,2.9572244828856373,False,False,,"guitars, tranquillity",,,
4738,2.9800437523600034,2.9800437523600034,False,False,,"guitars, tranquillity",,,
4739,2.9813789835022,2.9813789835022,False,False,,"guitars, tranquillity",,,
4740,2.9626143285578714,2.9626143285578714,False,False,,"guitars, tranquillity",,,
4741,2.9558750206275626,2.955875020627562,False,False,,"guitars, tranquillity",,,
4742,2.9409776466809663,2.9409776466809663,False,False,,"guitars, tranquillity",,,
4743,2.9477613382279118,2.9477613382279113,False,False,,"guitars, tranquillity",,,
4744,2.9504691286284515,2.9504691286284515,False,False,,"guitars, tranquillity",,,
4745,2.9491156382411523,2.9491156382411523,False,False,,"guitars, tranquillity",,,
4746,2.953173685874304,2.9531736858743045,False,False,,"guitars, tranquillity",,,
4747,2.947761338227911,2.947761338227911,False,False,,"guitars, tranquillity",,,
4748,2.9585731434928104,2.9585731434928104,False,False,,"guitars, tranquillity",,,
4749,2.963959795692724,2.963959795692724,False,False,,"guitars, tranquillity",,,
4750,2.9423360150243503,2.9423360150243507,False,False,,"guitars, tranquillity",,,
4751,2.9328102163842424,2.9328102163842424,False,False,,"guitars, tranquillity",,,
4752,2.9328102163842424,2.9328102163842424,False,False,,"guitars, tranquillity",,,
4753,2.9477613382279118,2.9477613382279113,False,False,,"guitars, tranquillity",,,
4754,2.9679914316729925,2.9679914316729925,False,False,,"guitars, tranquillity",,,
4755,2.9679914316729925,2.9679914316729925,False,False,,"guitars, tranquillity",,,
4756,2.977370949593207,2.9773709495932064,False,False,,"guitars, tranquillity",,,
4757,2.965304467724716,2.965304467724716,False,False,,"guitars, tranquillity",,,
4758,2.9733558752631466,2.973355875263146,False,False,,"guitars, tranquillity",,,
4759,2.9933611819871624,2.993361181987162,False,False,,"guitars, tranquillity",,,
4760,2.997341392161877,2.9973413921618772,False,False,,"guitars, tranquillity",,,
4761,3.00263765375262,3.0026376537526196,False,False,,"guitars, tranquillity",,,
4762,3.014509969441775,3.0145099694417747,False,False,,"guitars, tranquillity",,,
4763,3.0158253594649103,3.01582535946491,False,False,,"guitars, tranquillity",,,
4764,3.0315521147783957,3.0315521147783957,False,False,,"guitars, tranquillity",,,
4765,3.0302456108190894,3.030245610819089,False,False,,"guitars, tranquillity",,,
4766,3.040677181269441,3.040677181269441,False,False,,"guitars, tranquillity",,,
4767,3.0302456108190894,3.030245610819089,False,False,,"guitars, tranquillity",,,
4768,3.0105593062015985,3.0105593062015985,False,False,,"guitars, tranquillity",,,
4769,3.014509969441775,3.0145099694417747,False,False,,"guitars, tranquillity",,,
4770,3.0118769439903144,3.0118769439903144,False,False,,"guitars, tranquillity",,,
4771,3.018453899984173,3.0184538999841726,False,False,,"guitars, tranquillity",,,
4772,3.018453899984173,3.0184538999841726,False,False,,"guitars, tranquillity",,,
4773,3.006601878356955,3.0066018783569546,False,False,,"guitars, tranquillity",,,
4774,3.022391129489589,3.022391129489589,False,False,,"guitars, tranquillity",,,
4775,3.022391129489589,3.022391129489589,False,False,,"guitars, tranquillity",,,
4776,3.038073661898154,3.0380736618981534,False,False,,"guitars, tranquillity",,,
4777,3.0276303992621,3.0276303992621,False,False,,"guitars, tranquillity",,,
4778,3.0341629247588693,3.0341629247588697,False,False,,"guitars, tranquillity",,,
4779,3.0276303992621,3.0276303992621,False,False,,"guitars, tranquillity",,,
4780,3.0092409167922103,3.0092409167922107,False,False,,"guitars, tranquillity",,,
4781,2.9999910453793643,2.9999910453793643,False,False,,"guitars, tranquillity",,,
4782,3.017140002588169,3.0171400025881696,False,False,,"guitars, tranquillity",,,
4783,2.9999910453793643,2.9999910453793643,False,False,,"guitars, tranquillity",,,
4784,2.974695017755984,2.974695017755984,False,False,,"guitars, tranquillity",,,
4785,2.9773709495932072,2.9773709495932072,False,False,,"guitars, tranquillity",,,
4786,2.927348761712455,2.9273487617124556,False,False,,"guitars, tranquillity",,,
4787,2.902606259849871,2.902606259849871,False,False,,"guitars, tranquillity",,,
4788,2.88456438961567,2.88456438961567,False,False,,"guitars, tranquillity",,,
4789,2.887349624330425,2.887349624330425,False,False,,"guitars, tranquillity",,,
4790,2.88456438961567,2.88456438961567,False,False,,"guitars, tranquillity",,,
4791,2.878983385467466,2.878983385467466,False,False,,"guitars, tranquillity",,,
4792,2.894297445631983,2.8942974456319828,False,False,,"guitars, tranquillity",,,
4793,2.8970704996211847,2.8970704996211847,False,False,,"guitars, tranquillity",,,
4794,2.8929096199547413,2.8929096199547413,False,False,,"guitars, tranquillity",,,
4795,2.878983385467466,2.878983385467466,False,False,,"guitars, tranquillity",,,
4796,2.8466153450284946,2.8466153450284946,False,False,,"guitars, tranquillity",,,
4797,2.8323916795199926,2.8323916795199926,False,False,,"guitars, tranquillity",,,
4798,2.850864433755729,2.850864433755729,False,False,,"guitars, tranquillity",,,
4799,2.836668535765132,2.836668535765132,False,False,,"guitars, tranquillity",,,
4800,2.855105289079364,2.855105289079364,False,False,,"guitars, tranquillity",,,
4801,2.8579279735952148,2.8579279735952148,False,False,,"guitars, tranquillity",,,
4802,2.8663743178510006,2.8663743178510006,False,False,,"guitars, tranquillity",,,
4803,2.878983385467466,2.878983385467466,False,False,,"guitars, tranquillity",,,
4804,2.878983385467466,2.878983385467466,False,False,,"guitars, tranquillity",,,
4805,2.8929096199547413,2.8929096199547413,False,False,,"guitars, tranquillity",,,
4806,2.878983385467466,2.878983385467466,False,False,,"guitars, tranquillity",,,
4807,2.856517085492182,2.8565170854921815,False,False,,"guitars, tranquillity",,,
4808,2.829535762281862,2.8295357622818615,False,False,,"guitars, tranquillity",,,
4809,2.853692582736494,2.853692582736494,False,False,,"guitars, tranquillity",,,
4810,2.856536529842094,2.8565365298420935,False,False,,"guitars, tranquillity",,,
4811,2.847993585296276,2.847993585296276,False,False,,"guitars, tranquillity",,,
4812,2.822162214719052,2.822162214719052,False,False,,"guitars, tranquillity",,,
4813,2.832244221147679,2.832244221147679,False,False,,"guitars, tranquillity",,,
4814,2.8178269611750704,2.8178269611750704,False,False,,"guitars, tranquillity",,,
4815,2.839417129934555,2.8394171299345556,False,False,,"guitars, tranquillity",,,
4816,2.863630311605121,2.8636303116051214,False,False,,"guitars, tranquillity",,,
4817,2.863630311605121,2.8636303116051214,False,False,,"guitars, tranquillity",,,
4818,2.845138508223941,2.845138508223941,False,False,,"guitars, tranquillity",,,
4819,2.849419726728465,2.8494197267284656,False,False,,"guitars, tranquillity",,,
4820,2.826488810899724,2.8264888108997246,False,False,,"guitars, tranquillity",,,
4821,2.826488810899724,2.8264888108997246,False,False,,"guitars, tranquillity",,,
4822,2.794557389462965,2.794557389462965,False,False,,"guitars, tranquillity",,,
4823,2.8336806952591065,2.8336806952591065,False,False,,"guitars, tranquillity",,,
4824,2.8422796942927637,2.8422796942927637,False,False,,"guitars, tranquillity",,,
4825,2.8522692237774794,2.8522692237774794,False,False,,"guitars, tranquillity",,,
4826,2.847993585296276,2.847993585296276,False,False,,"guitars, tranquillity",,,
4827,2.8279290940216897,2.8279290940216897,False,False,,"guitars, tranquillity",,,
4828,2.817826961175071,2.817826961175071,False,False,,"guitars, tranquillity",,,
4829,2.8062235928599293,2.806223592859929,False,False,,"guitars, tranquillity",,,
4830,2.8279290940216897,2.8279290940216897,False,False,,"guitars, tranquillity",,,
4831,2.8365508015002336,2.836550801500233,False,False,,"guitars, tranquillity",,,
4832,2.8365508015002336,2.836550801500233,False,False,,"guitars, tranquillity",,,
4833,2.8607955482787384,2.8607955482787384,False,False,,"guitars, tranquillity",,,
4834,2.8579571213014474,2.8579571213014474,False,False,,"guitars, tranquillity",,,
4835,2.8664614243387256,2.8664614243387256,False,False,,"guitars, tranquillity",,,
4836,2.8622133870803697,2.86221338708037,False,False,,"guitars, tranquillity",,,
4837,2.879156601871016,2.879156601871016,False,False,,"guitars, tranquillity",,,
4838,2.8607955482787384,2.8607955482787384,False,False,,"guitars, tranquillity",,,
4839,2.8636303116051214,2.8636303116051214,False,False,,"guitars, tranquillity",,,
4840,2.85084493899768,2.85084493899768,False,False,,"guitars, tranquillity",,,
4841,2.8494197267284656,2.8494197267284656,False,False,,"guitars, tranquillity",,,
4842,2.8721127498801904,2.8721127498801904,False,False,,"guitars, tranquillity",,,
4843,2.8622133870803697,2.86221338708037,False,False,,"guitars, tranquillity",,,
4844,2.8579571213014474,2.8579571213014474,False,False,,"guitars, tranquillity",,,
4845,2.881967866388363,2.881967866388363,False,False,,"guitars, tranquillity",,,
4846,2.9001546820053496,2.90015468200535,False,False,,"guitars, tranquillity",,,
4847,2.891779279669528,2.891779279669528,False,False,,"guitars, tranquillity",,,
4848,2.873523319838225,2.873523319838225,False,False,,"guitars, tranquillity",,,
4849,2.85084493899768,2.85084493899768,False,False,,"guitars, tranquillity",,,
4850,2.85084493899768,2.85084493899768,False,False,,"guitars, tranquillity",,,
4851,2.865046323482872,2.865046323482872,False,False,,"guitars, tranquillity",,,
4852,2.8622133870803697,2.86221338708037,False,False,,"guitars, tranquillity",,,
4853,2.846566513022594,2.8465665130225934,False,False,,"guitars, tranquillity",,,
4854,2.857957121301448,2.857957121301448,False,False,,"guitars, tranquillity",,,
4855,2.8236053730116963,2.823605373011696,False,False,,"guitars, tranquillity",,,
4856,2.8236053730116963,2.823605373011696,False,False,,"guitars, tranquillity",,,
4857,2.8422796942927637,2.8422796942927637,False,False,,"guitars, tranquillity",,,
4858,2.8336806952591065,2.8336806952591065,False,False,,"guitars, tranquillity",,,
4859,2.8163799444982685,2.8163799444982685,False,False,,"guitars, tranquillity",,,
4860,2.82071809450073,2.8207180945007297,False,False,,"guitars, tranquillity",,,
4861,2.8091302890957786,2.8091302890957786,False,False,,"guitars, tranquillity",,,
4862,2.8047687730047626,2.8047687730047626,False,False,,"guitars, tranquillity",,,
4863,2.798939639069996,2.7989396390699963,False,False,,"guitars, tranquillity",,,
4864,2.798939639069996,2.7989396390699963,False,False,,"guitars, tranquillity",,,
4865,2.7739874631527237,2.7739874631527233,False,False,,"guitars, tranquillity",,,
4866,2.775463333393366,2.775463333393366,False,False,,"guitars, tranquillity",,,
4867,2.794557389462965,2.794557389462965,False,False,,"guitars, tranquillity",,,
4868,2.8192730105800794,2.819273010580079,False,False,,"guitars, tranquillity",,,
4869,2.812033072881167,2.812033072881167,False,False,,"guitars, tranquillity",,,
4870,2.8365508015002336,2.836550801500233,False,False,,"guitars, tranquillity",,,
4871,2.843709569211831,2.8437095692118315,False,False,,"guitars, tranquillity",,,
4872,2.8494197267284656,2.8494197267284656,False,False,,"guitars, tranquillity",,,
4873,2.835116221466896,2.835116221466896,False,False,,"guitars, tranquillity",,,
4874,2.85226922377748,2.8522692237774803,False,False,,"guitars, tranquillity",,,
4875,2.8465599420656287,2.846559942065629,False,False,,"guitars, tranquillity",,,
4876,2.826458967540794,2.826458967540794,False,False,,"guitars, tranquillity",,,
4877,2.842268172508524,2.842268172508524,False,False,,"guitars, tranquillity",,,
4878,2.830781977363266,2.830781977363266,False,False,,"guitars, tranquillity",,,
4879,2.8264589675407943,2.8264589675407943,False,False,,"guitars, tranquillity",,,
4880,2.8061700380892307,2.8061700380892307,False,False,,"guitars, tranquillity",,,
4881,2.8105337331977376,2.810533733197737,False,False,,"guitars, tranquillity",,,
4882,2.795953552930728,2.795953552930728,False,False,,"guitars, tranquillity",,,
4883,2.800337991913733,2.800337991913733,False,False,,"guitars, tranquillity",,,
4884,2.816338301378316,2.8163383013783165,False,False,,"guitars, tranquillity",,,
4885,2.80762558477375,2.80762558477375,False,False,,"guitars, tranquillity",,,
4886,2.80762558477375,2.80762558477375,False,False,,"guitars, tranquillity",,,
4887,2.8177870105348,2.8177870105348,False,False,,"guitars, tranquillity",,,
4888,2.8134379672166,2.8134379672166,False,False,,"guitars, tranquillity",,,
4889,2.810533733197738,2.810533733197738,False,False,,"guitars, tranquillity",,,
4890,2.8148886208738144,2.814888620873815,False,False,,"guitars, tranquillity",,,
4891,2.8148886208738144,2.814888620873815,False,False,,"guitars, tranquillity",,,
4892,2.829341930024055,2.829341930024055,False,False,,"guitars, tranquillity",,,
4893,2.8235721695831595,2.82357216958316,False,False,,"guitars, tranquillity",,,
4894,2.80908014919911,2.80908014919911,False,False,,"guitars, tranquillity",,,
4895,2.80908014919911,2.80908014919911,False,False,,"guitars, tranquillity",,,
4896,2.8134379672166,2.8134379672166,False,False,,"guitars, tranquillity",,,
4897,2.8148886208738144,2.814888620873815,False,False,,"guitars, tranquillity",,,
4898,2.8076255847737506,2.8076255847737506,False,False,,"guitars, tranquillity",,,
4899,2.823572169583159,2.823572169583159,False,False,,"guitars, tranquillity",,,
4900,2.8061700380892307,2.8061700380892307,False,False,,"guitars, tranquillity",,,
4901,2.820681521995116,2.820681521995116,False,False,,"guitars, tranquillity",,,
4902,2.8307819773632668,2.8307819773632668,False,False,,"guitars, tranquillity",,,
4903,2.84513028915426,2.8451302891542594,False,False,,"guitars, tranquillity",,,
4904,2.8593849593341374,2.8593849593341374,False,False,,"guitars, tranquillity",,,
4905,2.862224804392181,2.862224804392181,False,False,,"guitars, tranquillity",,,
4906,2.8636433515473967,2.8636433515473967,False,False,,"guitars, tranquillity",,,
4907,2.877778780250555,2.877778780250555,False,False,,"guitars, tranquillity",,,
4908,2.8749589347581623,2.8749589347581623,False,False,,"guitars, tranquillity",,,
4909,2.872135481979868,2.8721354819798677,False,False,,"guitars, tranquillity",,,
4910,2.8678935111291084,2.8678935111291084,False,False,,"guitars, tranquillity",,,
4911,2.8693084091148173,2.8693084091148173,False,False,,"guitars, tranquillity",,,
4912,2.86647770328755,2.86647770328755,False,False,,"guitars, tranquillity",,,
4913,2.877778780250555,2.877778780250555,False,False,,"guitars, tranquillity",,,
4914,2.870722398861148,2.870722398861148,False,False,,"guitars, tranquillity",,,
4915,2.883407700211602,2.883407700211602,False,False,,"guitars, tranquillity",,,
4916,2.8820018126479594,2.88200181264796,False,False,,"guitars, tranquillity",,,
4917,2.8960207203834774,2.896020720383478,False,False,,"guitars, tranquillity",,,
4918,2.8960207203834774,2.896020720383478,False,False,,"guitars, tranquillity",,,
4919,2.890423784326357,2.890423784326357,False,False,,"guitars, tranquillity",,,
4920,2.8960207203834774,2.896020720383478,False,False,,"guitars, tranquillity",,,
4921,2.9029971377880086,2.9029971377880086,False,False,,"guitars, tranquillity",,,
4922,2.9320625183673696,2.9320625183673696,False,False,,"guitars, tranquillity",,,
4923,2.926555227063285,2.9265552270632846,False,False,,"guitars, tranquillity",,,
4924,2.9512327767595177,2.9512327767595177,False,False,,"guitars, tranquillity",,,
4925,2.960757355314216,2.960757355314216,False,False,,"guitars, tranquillity",,,
4926,2.960757355314216,2.960757355314216,False,False,,"guitars, tranquillity",,,
4927,2.972944905312242,2.972944905312242,False,False,,"guitars, tranquillity",,,
4928,2.974295064064016,2.9742950640640164,False,False,,"guitars, tranquillity",,,
4929,2.983723907575486,2.983723907575486,False,False,,"guitars, tranquillity",,,
4930,2.981033915712515,2.981033915712515,False,False,,"guitars, tranquillity",,,
4931,2.999797953461147,2.999797953461147,False,False,,"guitars, tranquillity",,,
4932,2.993114098101903,2.993114098101903,False,False,,"guitars, tranquillity",,,
4933,2.993114098101903,2.993114098101903,False,False,,"guitars, tranquillity",,,
4934,3.001132398480572,3.0011323984805722,False,False,,"guitars, tranquillity",,,
4935,2.990435105165662,2.990435105165662,False,False,,"guitars, tranquillity",,,
4936,2.983723907575486,2.983723907575486,False,False,,"guitars, tranquillity",,,
4937,2.974295064064016,2.9742950640640164,False,False,,"guitars, tranquillity",,,
4938,2.9999848223116445,2.9999848223116445,False,False,,"guitars, tranquillity",,,
4939,3.0200655933596905,3.0200655933596905,False,False,,"guitars, tranquillity",,,
4940,3.014727751426145,3.014727751426145,False,False,,"guitars, tranquillity",,,
4941,3.0187322853884644,3.0187322853884644,False,False,,"guitars, tranquillity",,,
4942,3.043935266700861,3.0439352667008603,False,False,,"guitars, tranquillity",,,
4943,3.049206622756836,3.049206622756836,False,False,,"guitars, tranquillity",,,
4944,3.049206622756836,3.049206622756836,False,False,,"guitars, tranquillity",,,
4945,3.051837854789756,3.051837854789756,False,False,,"guitars, tranquillity",,,
4946,3.051837854789756,3.051837854789756,False,False,,"guitars, tranquillity",,,
4947,3.0426155684383978,3.0426155684383978,False,False,,"guitars, tranquillity",,,
4948,3.0465724298072487,3.0465724298072487,False,False,,"guitars, tranquillity",,,
4949,3.0333567262406,3.0333567262406,False,False,,"guitars, tranquillity",,,
4950,3.0360058633274454,3.0360058633274454,False,False,,"guitars, tranquillity",,,
4951,3.064949921336297,3.0649499213362965,False,False,,"guitars, tranquillity",,,
4952,3.0636420029931,3.0636420029931,False,False,,"guitars, tranquillity",,,
4953,3.0570914728313463,3.0570914728313467,False,False,,"guitars, tranquillity",,,
4954,3.051837854789756,3.051837854789756,False,False,,"guitars, tranquillity",,,
4955,3.0557791712175355,3.055779171217536,False,False,,"guitars, tranquillity",,,
4956,3.049206622756836,3.049206622756836,False,False,,"guitars, tranquillity",,,
4957,3.0187322853884644,3.0187322853884644,False,False,,"guitars, tranquillity",,,
4958,3.013391365998141,3.013391365998141,False,False,,"guitars, tranquillity",,,
4959,2.997294134389,2.997294134389,False,False,,"guitars, tranquillity",,,
4960,2.982438768893261,2.982438768893261,False,False,,"guitars, tranquillity",,,
4961,2.979727421621422,2.9797274216214222,False,False,,"guitars, tranquillity",,,
4962,2.968849751604781,2.9688497516047807,False,False,,"guitars, tranquillity",,,
4963,2.978370542092988,2.978370542092988,False,False,,"guitars, tranquillity",,,
4964,2.9932521930446536,2.9932521930446536,False,False,,"guitars, tranquillity",,,
4965,2.9688497516047807,2.9688497516047807,False,False,,"guitars, tranquillity",,,
4966,2.9688497516047807,2.9688497516047807,False,False,,"guitars, tranquillity",,,
4967,2.995947609812374,2.995947609812374,False,False,,"guitars, tranquillity",,,
4968,2.987851853087274,2.9878518530872737,False,False,,"guitars, tranquillity",,,
4969,2.983793239269837,2.983793239269837,False,False,,"guitars, tranquillity",,,
4970,2.9810834967820607,2.9810834967820607,False,False,,"guitars, tranquillity",,,
4971,2.9729349538096304,2.972934953809631,False,False,,"guitars, tranquillity",,,
4972,2.982438768893261,2.982438768893261,False,False,,"guitars, tranquillity",,,
4973,2.982438768893261,2.982438768893261,False,False,,"guitars, tranquillity",,,
4974,2.9756543646415463,2.9756543646415463,False,False,,"guitars, tranquillity",,,
4975,2.9756543646415463,2.9756543646415463,False,False,,"guitars, tranquillity",,,
4976,2.952435221431061,2.952435221431061,False,False,,"guitars, tranquillity",,,
4977,2.95654998592112,2.95654998592112,False,False,,"guitars, tranquillity",,,
4978,2.95654998592112,2.95654998592112,False,False,,"guitars, tranquillity",,,
4979,2.95654998592112,2.95654998592112,False,False,,"guitars, tranquillity",,,
4980,2.9220291540351977,2.922029154035198,False,False,,"guitars, tranquillity",,,
4981,2.9303624943254887,2.9303624943254882,False,False,,"guitars, tranquillity",,,
4982,2.9122676287254565,2.9122676287254565,False,False,,"guitars, tranquillity",,,
4983,2.9094707817083023,2.9094707817083023,False,False,,"guitars, tranquillity",,,
4984,2.896841400497375,2.896841400497375,False,False,,"guitars, tranquillity",,,
4985,2.901059152805113,2.901059152805113,False,False,,"guitars, tranquillity",,,
4986,2.894025115809317,2.894025115809317,False,False,,"guitars, tranquillity",,,
4987,2.8727881692921464,2.8727881692921464,False,False,,"guitars, tranquillity",,,
4988,2.884139887919737,2.8841398879197375,False,False,,"guitars, tranquillity",,,
4989,2.8499076887073533,2.849907688707353,False,False,,"guitars, tranquillity",,,
4990,2.8527808291444723,2.8527808291444723,False,False,,"guitars, tranquillity",,,
4991,2.8670903382406627,2.8670903382406627,False,False,,"guitars, tranquillity",,,
4992,2.844150060102884,2.844150060102884,False,False,,"guitars, tranquillity",,,
4993,2.8427082787697957,2.8427082787697957,False,False,,"guitars, tranquillity",,,
4994,2.8455908900301896,2.8455908900301896,False,False,,"guitars, tranquillity",,,
4995,2.8484697026046004,2.8484697026046004,False,False,,"guitars, tranquillity",,,
4996,2.855650205298179,2.855650205298179,False,False,,"guitars, tranquillity",,,
4997,2.851344730315646,2.8513447303156454,False,False,,"guitars, tranquillity",,,
4998,2.839821854917897,2.839821854917897,False,False,,"guitars, tranquillity",,,
4999,2.823877744256013,2.823877744256013,False,False,,"guitars, tranquillity",,,
5000,2.8019449167103714,2.8019449167103714,False,False,,"guitars, tranquillity",,,
5001,2.81950894959181,2.81950894959181,False,False,,"guitars, tranquillity",,,
5002,2.8369316044853474,2.836931604485348,False,False,,"guitars, tranquillity",,,
5003,2.8499076887073533,2.849907688707353,False,False,,"guitars, tranquillity",,,
5004,2.8253320542001408,2.8253320542001408,False,False,,"guitars, tranquillity",,,
5005,2.8499076887073533,2.849907688707353,False,False,,"guitars, tranquillity",,,
5006,2.83837720890181,2.83837720890181,False,False,,"guitars, tranquillity",,,
5007,2.84559089003019,2.8455908900301905,False,False,,"guitars, tranquillity",,,
5008,2.842708278769796,2.842708278769796,False,False,,"guitars, tranquillity",,,
5009,2.8412655442901364,2.8412655442901364,False,False,,"guitars, tranquillity",,,
5010,2.865663573993485,2.865663573993485,False,False,,"guitars, tranquillity",,,
5011,2.85565020529818,2.8556502052981805,False,False,,"guitars, tranquillity",,,
5012,2.8685161782413617,2.8685161782413613,False,False,,"guitars, tranquillity",,,
5013,2.879889822981608,2.879889822981608,False,False,,"guitars, tranquillity",,,
5014,2.874210328810325,2.874210328810325,False,False,,"guitars, tranquillity",,,
5015,2.865663573993485,2.865663573993485,False,False,,"guitars, tranquillity",,,
5016,2.8613777191480083,2.8613777191480083,False,False,,"guitars, tranquillity",,,
5017,2.8670903382406627,2.8670903382406627,False,False,,"guitars, tranquillity",,,
5018,2.885554764693297,2.8855547646932975,False,False,,"guitars, tranquillity",,,
5019,2.905268932685695,2.9052689326856953,False,False,,"guitars, tranquillity",,,
5020,2.90667042819044,2.90667042819044,False,False,,"guitars, tranquillity",,,
5021,2.916456351067838,2.9164563510678376,False,False,,"guitars, tranquillity",,,
5022,2.917850851690547,2.9178508516905475,False,False,,"guitars, tranquillity",,,
5023,2.916456351067838,2.9164563510678376,False,False,,"guitars, tranquillity",,,
5024,2.9094707817083028,2.909470781708303,False,False,,"guitars, tranquillity",,,
5025,2.8897939827720425,2.8897939827720425,False,False,,"guitars, tranquillity",,,
5026,2.884139887919737,2.8841398879197375,False,False,,"guitars, tranquillity",,,
5027,2.884139887919737,2.8841398879197375,False,False,,"guitars, tranquillity",,,
5028,2.862807266114558,2.8628072661145576,False,False,,"guitars, tranquillity",,,
5029,2.862807266114558,2.8628072661145576,False,False,,"guitars, tranquillity",,,
5030,2.862807266114558,2.8628072661145576,False,False,,"guitars, tranquillity",,,
5031,2.8699410956507605,2.869941095650761,False,False,,"guitars, tranquillity",,,
5032,2.8670903382406627,2.8670903382406627,False,False,,"guitars, tranquillity",,,
5033,2.877051901421133,2.877051901421133,False,False,,"guitars, tranquillity",,,
5034,2.858515830786771,2.858515830786771,False,False,,"guitars, tranquillity",,,
5035,2.835485039906694,2.8354850399066946,False,False,,"guitars, tranquillity",,,
5036,2.8311395674994952,2.8311395674994952,False,False,,"guitars, tranquillity",,,
5037,2.8122079660855586,2.812207966085558,False,False,,"guitars, tranquillity",,,
5038,2.8253320542001408,2.8253320542001408,False,False,,"guitars, tranquillity",,,
5039,2.841265544290136,2.8412655442901364,False,False,,"guitars, tranquillity",,,
5040,2.8499076887073533,2.849907688707353,False,False,,"guitars, tranquillity",,,
5041,2.8599472412653304,2.8599472412653304,False,False,,"guitars, tranquillity",,,
5042,2.8527808291444723,2.8527808291444723,False,False,,"guitars, tranquillity",,,
5043,2.8527808291444723,2.8527808291444723,False,False,,"guitars, tranquillity",,,
5044,2.839821854917898,2.8398218549178975,False,False,,"guitars, tranquillity",,,
5045,2.8670903382406627,2.8670903382406627,False,False,,"guitars, tranquillity",,,
5046,2.8756315723096155,2.8756315723096155,False,False,,"guitars, tranquillity",,,
5047,2.8869687383648843,2.8869687383648843,False,False,,"guitars, tranquillity",,,
5048,2.901059152805113,2.901059152805113,False,False,,"guitars, tranquillity",,,
5049,2.888381810528129,2.888381810528129,False,False,,"guitars, tranquillity",,,
5050,2.888381810528129,2.888381810528129,False,False,,"guitars, tranquillity",,,
5051,2.894025115809317,2.894025115809317,False,False,,"guitars, tranquillity",,,
5052,2.892615633835041,2.892615633835041,False,False,,"guitars, tranquillity",,,
5053,2.916456351067838,2.9164563510678376,False,False,,"guitars, tranquillity",,,
5054,2.9261996883000734,2.9261996883000734,False,False,,"guitars, tranquillity",,,
5055,2.9317483857852524,2.9317483857852524,False,False,,"guitars, tranquillity",,,
5056,2.927588147044048,2.927588147044048,False,False,,"guitars, tranquillity",,,
5057,2.922029154035198,2.922029154035198,False,False,,"guitars, tranquillity",,,
5058,2.927588147044049,2.927588147044049,False,False,,"guitars, tranquillity",,,
5059,2.9136647410881324,2.913664741088133,False,False,,"guitars, tranquillity",,,
5060,2.9164563510678385,2.9164563510678385,False,False,,"guitars, tranquillity",,,
5061,2.910869642770017,2.910869642770017,False,False,,"guitars, tranquillity",,,
5062,2.9164563510678385,2.9164563510678385,False,False,,"guitars, tranquillity",,,
5063,2.903866555977418,2.9038665559774186,False,False,,"guitars, tranquillity",,,
5064,2.881307418669102,2.8813074186691026,False,False,,"guitars, tranquillity",,,
5065,2.874210328810326,2.874210328810326,False,False,,"guitars, tranquillity",,,
5066,2.8727881692921478,2.8727881692921478,False,False,,"guitars, tranquillity",,,
5067,2.857083486027623,2.857083486027623,False,False,,"guitars, tranquillity",,,
5068,2.859947241265331,2.8599472412653304,False,False,,"guitars, tranquillity",,,
5069,2.8869687383648848,2.8869687383648848,False,False,,"guitars, tranquillity",,,
5070,2.8869687383648848,2.8869687383648848,False,False,,"guitars, tranquillity",,,
5071,2.8770519014211344,2.8770519014211344,False,False,,"guitars, tranquillity",,,
5072,2.899654123257523,2.899654123257523,False,False,,"guitars, tranquillity",,,
5073,2.9053130877084983,2.9053130877084983,False,False,,"guitars, tranquillity",,,
5074,2.925007334280792,2.9250073342807923,False,False,,"guitars, tranquillity",,,
5075,2.925007334280792,2.9250073342807923,False,False,,"guitars, tranquillity",,,
5076,2.925007334280792,2.9250073342807923,False,False,,"guitars, tranquillity",,,
5077,2.938969579450865,2.9389695794508643,False,False,,"guitars, tranquillity",,,
5078,2.915181874575378,2.915181874575378,False,False,,"guitars, tranquillity",,,
5079,2.922204450561805,2.9222044505618046,False,False,,"guitars, tranquillity",,,
5080,2.912366665430888,2.912366665430888,False,False,,"guitars, tranquillity",,,
5081,2.9179935468745133,2.9179935468745133,False,False,,"guitars, tranquillity",,,
5082,2.902485401953511,2.902485401953511,False,False,,"guitars, tranquillity",,,
5083,2.9081371931136006,2.908137193113601,False,False,,"guitars, tranquillity",,,
5084,2.895400440726968,2.8954004407269682,False,False,,"guitars, tranquillity",,,
5085,2.8854433898497183,2.8854433898497183,False,False,,"guitars, tranquillity",,,
5086,2.88401729698724,2.88401729698724,False,False,,"guitars, tranquillity",,,
5087,2.8797334969627117,2.879733496962712,False,False,,"guitars, tranquillity",,,
5088,2.891138602517956,2.891138602517956,False,False,,"guitars, tranquillity",,,
5089,2.898237132602054,2.898237132602054,False,False,,"guitars, tranquillity",,,
5090,2.898237132602054,2.898237132602054,False,False,,"guitars, tranquillity",,,
5091,2.88401729698724,2.88401729698724,False,False,,"guitars, tranquillity",,,
5092,2.856745000273539,2.856745000273539,False,False,,"guitars, tranquillity",,,
5093,2.850960102999263,2.8509601029992626,False,False,,"guitars, tranquillity",,,
5094,2.850960102999263,2.8509601029992626,False,False,,"guitars, tranquillity",,,
5095,2.853854460943081,2.853854460943081,False,False,,"guitars, tranquillity",,,
5096,2.874008818646391,2.8740088186463906,False,False,,"guitars, tranquillity",,,
5097,2.8868685652044896,2.8868685652044896,False,False,,"guitars, tranquillity",,,
5098,2.9137747128784715,2.9137747128784715,False,False,,"guitars, tranquillity",,,
5099,2.915181874575378,2.915181874575378,False,False,,"guitars, tranquillity",,,
5100,2.9179935468745133,2.9179935468745133,False,False,,"guitars, tranquillity",,,
5101,2.916588152062046,2.916588152062046,False,False,,"guitars, tranquillity",,,
5102,2.9095479070999244,2.909547907099924,False,False,,"guitars, tranquillity",,,
5103,2.923606329950865,2.9236063299508652,False,False,,"guitars, tranquillity",,,
5104,2.9053130877084983,2.9053130877084983,False,False,,"guitars, tranquillity",,,
5105,2.902485401953511,2.902485401953511,False,False,,"guitars, tranquillity",,,
5106,2.8925601241136247,2.8925601241136247,False,False,,"guitars, tranquillity",,,
5107,2.90389969315999,2.90389969315999,False,False,,"guitars, tranquillity",,,
5108,2.9081371931136,2.9081371931136,False,False,,"guitars, tranquillity",,,
5109,2.9208016945992274,2.920801694599227,False,False,,"guitars, tranquillity",,,
5110,2.9179935468745133,2.9179935468745133,False,False,,"guitars, tranquillity",,,
5111,2.913774712878471,2.913774712878471,False,False,,"guitars, tranquillity",,,
5112,2.9095479070999244,2.909547907099924,False,False,,"guitars, tranquillity",,,
5113,2.8925601241136243,2.892560124113624,False,False,,"guitars, tranquillity",,,
5114,2.8811623521876197,2.8811623521876197,False,False,,"guitars, tranquillity",,,
5115,2.869705542980972,2.869705542980972,False,False,,"guitars, tranquillity",,,
5116,2.8668320164484498,2.8668320164484498,False,False,,"guitars, tranquillity",,,
5117,2.8668320164484498,2.8668320164484498,False,False,,"guitars, tranquillity",,,
5118,2.8882928246834623,2.8882928246834623,False,False,,"guitars, tranquillity",,,
5119,2.916588152062046,2.916588152062046,False,False,,"guitars, tranquillity",,,
5120,2.934789989247389,2.9347899892473897,False,False,,"guitars, tranquillity",,,
5121,2.933395068286371,2.9333950682863708,False,False,,"guitars, tranquillity",,,
5122,2.9459184089501336,2.9459184089501336,False,False,,"guitars, tranquillity",,,
5123,2.965262465575038,2.965262465575038,False,False,,"guitars, tranquillity",,,
5124,2.965262465575038,2.965262465575038,False,False,,"guitars, tranquillity",,,
5125,2.970759234527469,2.970759234527469,False,False,,"guitars, tranquillity",,,
5126,2.974873133255204,2.974873133255204,False,False,,"guitars, tranquillity",,,
5127,2.9583727840215226,2.958372784021522,False,False,,"guitars, tranquillity",,,
5128,2.970759234527469,2.970759234527469,False,False,,"guitars, tranquillity",,,
5129,2.977611620614115,2.977611620614115,False,False,,"guitars, tranquillity",,,
5130,2.9803468312494807,2.980346831249481,False,False,,"guitars, tranquillity",,,
5131,2.974873133255204,2.974873133255204,False,False,,"guitars, tranquillity",,,
5132,2.9803468312494807,2.980346831249481,False,False,,"guitars, tranquillity",,,
5133,2.989894420085942,2.989894420085942,False,False,,"guitars, tranquillity",,,
5134,2.991255122251716,2.9912551222517156,False,False,,"guitars, tranquillity",,,
5135,2.988532910807829,2.988532910807829,False,False,,"guitars, tranquillity",,,
5136,2.9871705930909545,2.9871705930909545,False,False,,"guitars, tranquillity",,,
5137,2.995332399285783,2.9953323992857825,False,False,,"guitars, tranquillity",,,
5138,3.0183494979718506,3.018349497971851,False,False,,"guitars, tranquillity",,,
5139,3.022387661896356,3.022387661896356,False,False,,"guitars, tranquillity",,,
5140,3.031782819316513,3.031782819316513,False,False,,"guitars, tranquillity",,,
5141,3.0464704843115933,3.0464704843115933,False,False,,"guitars, tranquillity",,,
5142,3.0768866898760643,3.0768866898760643,False,False,,"guitars, tranquillity",,,
5143,3.059743321791247,3.059743321791247,False,False,,"guitars, tranquillity",,,
5144,3.0464704843115933,3.0464704843115933,False,False,,"guitars, tranquillity",,,
5145,3.0464704843115933,3.0464704843115933,False,False,,"guitars, tranquillity",,,
5146,3.101720859002775,3.101720859002775,False,False,,"guitars, tranquillity",,,
5147,3.1108052835655484,3.110805283565548,False,False,,"guitars, tranquillity",,,
5148,3.1108052835655484,3.110805283565548,False,False,,"guitars, tranquillity",,,
5149,3.1108052835655484,3.110805283565548,False,False,,"guitars, tranquillity",,,
5150,3.142971124595071,3.1429711245950713,False,False,,"guitars, tranquillity",,,
5151,3.136572309196657,3.1365723091966573,False,False,,"guitars, tranquillity",,,
5152,3.117273060324345,3.117273060324345,False,False,,"guitars, tranquillity",,,
5153,3.127585296558383,3.1275852965583835,False,False,,"guitars, tranquillity",,,
5154,3.139133874249901,3.1391338742499006,False,False,,"guitars, tranquillity",,,
5155,3.159529145230915,3.159529145230915,False,False,,"guitars, tranquillity",,,
5156,3.159529145230915,3.159529145230915,False,False,,"guitars, tranquillity",,,
5157,3.169662760803035,3.169662760803035,False,False,,"guitars, tranquillity",,,
5158,3.1314409874185207,3.1314409874185207,False,False,,"guitars, tranquillity",,,
5159,3.1365723091966573,3.1365723091966573,False,False,,"guitars, tranquillity",,,
5160,3.1734520058524667,3.1734520058524667,False,False,,"guitars, tranquillity",,,
5161,3.1493530154950475,3.149353015495047,False,False,,"guitars, tranquillity",,,
5162,3.1468022821494177,3.1468022821494177,False,False,,"guitars, tranquillity",,,
5163,3.115980903776505,3.1159809037765047,False,False,,"guitars, tranquillity",,,
5164,3.135290504220533,3.1352905042205332,False,False,,"guitars, tranquillity",,,
5165,3.174713778633516,3.174713778633516,False,False,,"guitars, tranquillity",,,
5166,3.1607981620742174,3.1607981620742174,False,False,,"guitars, tranquillity",,,
5167,3.1683983670819105,3.1683983670819105,False,False,,"guitars, tranquillity",,,
5168,3.1973149415358413,3.1973149415358417,False,False,,"guitars, tranquillity",,,
5169,3.198564467080648,3.198564467080648,False,False,,"guitars, tranquillity",,,
5170,3.206048305911292,3.206048305911292,False,False,,"guitars, tranquillity",,,
5171,3.2159915003421053,3.215991500342106,False,False,,"guitars, tranquillity",,,
5172,3.1910577497791577,3.1910577497791577,False,False,,"guitars, tranquillity",,,
5173,3.236988907857865,3.236988907857865,False,False,,"guitars, tranquillity",,,
5174,3.230831646947541,3.230831646947541,False,False,,"guitars, tranquillity",,,
5175,3.2035562231167045,3.2035562231167045,False,False,,"guitars, tranquillity",,,
5176,3.2035562231167045,3.2035562231167045,False,False,,"guitars, tranquillity",,,
5177,3.228364458018081,3.228364458018081,False,False,,"guitars, tranquillity",,,
5178,3.214750791305732,3.2147507913057325,False,False,,"guitars, tranquillity",,,
5179,3.2246590629121665,3.2246590629121665,False,False,,"guitars, tranquillity",,,
5180,3.203556223116705,3.203556223116705,False,False,,"guitars, tranquillity",,,
5181,3.235758676477453,3.2357586764774524,False,False,,"guitars, tranquillity",,,
5182,3.229598359365528,3.229598359365528,False,False,,"guitars, tranquillity",,,
5183,3.2406759529583,3.2406759529583002,False,False,,"guitars, tranquillity",,,
5184,3.222185715117354,3.222185715117354,False,False,,"guitars, tranquillity",,,
5185,3.233296384190304,3.233296384190304,False,False,,"guitars, tranquillity",,,
5186,3.265117886794798,3.265117886794798,False,False,,"guitars, tranquillity",,,
5187,3.2345278355338203,3.23452783553382,False,False,,"guitars, tranquillity",,,
5188,3.213509458222634,3.2135094582226333,False,False,,"guitars, tranquillity",,,
5189,3.248033697061425,3.2480336970614245,False,False,,"guitars, tranquillity",,,
5190,3.2565903848540554,3.2565903848540554,False,False,,"guitars, tranquillity",,,
5191,3.263901448694934,3.2639014486949343,False,False,,"guitars, tranquillity",,,
5192,3.2687636640579463,3.2687636640579463,False,False,,"guitars, tranquillity",,,
5193,3.29774124050467,3.2977412405046707,False,False,,"guitars, tranquillity",,,
5194,3.302446036308473,3.3024460363084724,False,False,,"guitars, tranquillity",,,
5195,3.3407243727406706,3.340724372740671,False,False,,"guitars, tranquillity",,,
5196,3.347838194438693,3.347838194438693,False,False,,"guitars, tranquillity",,,
5197,3.344283747466847,3.344283747466847,False,False,,"guitars, tranquillity",,,
5198,3.3371600513056854,3.337160051305686,False,False,,"guitars, tranquillity",,,
5199,3.351387732491952,3.351387732491952,False,False,,"guitars, tranquillity",,,
5200,3.3725829136209518,3.3725829136209518,False,False,,"guitars, tranquillity",,,
5201,3.3335907640876608,3.3335907640876608,False,False,,"guitars, tranquillity",,,
5202,3.3631843121605822,3.3631843121605822,False,False,,"guitars, tranquillity",,,
5203,3.3631843121605822,3.3631843121605822,False,False,,"guitars, tranquillity",,,
5204,3.381947521382403,3.3819475213824024,False,False,,"guitars, tranquillity",,,
5205,3.349021918298417,3.3490219182984164,False,False,,"guitars, tranquillity",,,
5206,3.373755341633836,3.3737553416338364,False,False,,"guitars, tranquillity",,,
5207,3.360829310123433,3.360829310123433,False,False,,"guitars, tranquillity",,,
5208,3.376098606885719,3.376098606885719,False,False,,"guitars, tranquillity",,,
5209,3.35847215659823,3.35847215659823,False,False,,"guitars, tranquillity",,,
5210,3.360829310123433,3.360829310123433,False,False,,"guitars, tranquillity",,,
5211,3.3383487092599364,3.338348709259936,False,False,,"guitars, tranquillity",,,
5212,3.316867864415128,3.316867864415128,False,False,,"guitars, tranquillity",,,
5213,3.357292771325711,3.3572927713257106,False,False,,"guitars, tranquillity",,,
5214,3.3959314330040278,3.3959314330040278,False,False,,"guitars, tranquillity",,,
5215,3.410996511844228,3.410996511844228,False,False,,"guitars, tranquillity",,,
5216,3.45454372696684,3.4545437269668398,False,False,,"guitars, tranquillity",,,
5217,3.453406900534368,3.453406900534368,False,False,,"guitars, tranquillity",,,
5218,3.464753314414181,3.464753314414181,False,False,,"guitars, tranquillity",,,
5219,3.486179187567239,3.486179187567239,False,False,,"guitars, tranquillity",,,
5220,3.487302118439861,3.4873021184398616,False,False,,"guitars, tranquillity",,,
5221,3.4692783535272254,3.4692783535272254,False,False,,"guitars, tranquillity",,,
5222,3.4670167955938003,3.4670167955938003,False,False,,"guitars, tranquillity",,,
5223,3.4771787257749507,3.4771787257749507,False,False,,"guitars, tranquillity",,,
5224,3.4636208511910134,3.4636208511910134,False,False,,"guitars, tranquillity",,,
5225,3.4715379927305348,3.4715379927305348,False,False,,"guitars, tranquillity",,,
5226,3.495149482524908,3.4951494825249085,False,False,,"guitars, tranquillity",,,
5227,3.491789139340689,3.491789139340689,False,False,,"guitars, tranquillity",,,
5228,3.5252051591319886,3.5252051591319886,False,False,,"guitars, tranquillity",,,
5229,3.534046690555311,3.534046690555311,False,False,,"guitars, tranquillity",,,
5230,3.536252575889665,3.536252575889665,False,False,,"guitars, tranquillity",,,
5231,3.536252575889665,3.536252575889665,False,False,,"guitars, tranquillity",,,
5232,3.529629530979843,3.5296295309798436,False,False,,"guitars, tranquillity",,,
5233,3.524097935427275,3.524097935427275,False,False,,"guitars, tranquillity",,,
5234,3.510775744156439,3.5107757441564384,False,False,,"guitars, tranquillity",,,
5235,3.510775744156439,3.5107757441564384,False,False,,"guitars, tranquillity",,,
5236,3.510775744156439,3.5107757441564384,False,False,,"guitars, tranquillity",,,
5237,3.563676321070723,3.563676321070723,False,False,,"guitars, tranquillity",,,
5238,3.5734818504906105,3.573481850490611,False,False,,"guitars, tranquillity",,,
5239,3.5702172380490467,3.570217238049047,False,False,,"guitars, tranquillity",,,
5240,3.614501976645556,3.614501976645556,False,False,,"guitars, tranquillity",,,
5241,3.6315934327629953,3.6315934327629953,False,False,,"guitars, tranquillity",,,
5242,3.6305282860265313,3.6305282860265313,False,False,,"guitars, tranquillity",,,
5243,3.6602000235651166,3.660200023565117,False,False,,"guitars, tranquillity",,,
5244,3.6580910031348814,3.6580910031348814,False,False,,"guitars, tranquillity",,,
5245,3.670721464919269,3.670721464919269,False,False,,"guitars, tranquillity",,,
5246,3.6916473365444986,3.6916473365444986,False,False,,"guitars, tranquillity",,,
5247,3.692689577969945,3.692689577969945,False,False,,"guitars, tranquillity",,,
5248,3.7206865710114543,3.7206865710114543,False,False,,"guitars, tranquillity",,,
5249,3.6080654689322342,3.6080654689322342,False,False,,"guitars, tranquillity",,,
5250,3.610212632456919,3.610212632456919,False,False,,"guitars, tranquillity",,,
5251,3.552739906473077,3.5527399064730774,False,False,,"guitars, tranquillity",,,
5252,3.577828633313425,3.577828633313425,False,False,,"guitars, tranquillity",,,
5253,3.571305874126037,3.5713058741260366,False,False,,"guitars, tranquillity",,,
5254,3.5063203525255995,3.5063203525255995,False,False,,"guitars, tranquillity",,,
5255,3.514112460711716,3.5141124607117153,False,False,,"guitars, tranquillity",,,
