day,original,filled,is_missing,is_interpolated,method_used,predictors_selected,uncertainty_95_log_half_width,lower_95,upper_95
2,10.662704277543616,10.662704277543614,False,False,brownian_logprice_bridge,,,,
3,10.726619046961735,10.726619046961737,False,False,brownian_logprice_bridge,,,,
4,10.737988846707143,10.737988846707143,False,False,brownian_logprice_bridge,,,,
5,10.743113840416749,10.743113840416747,False,False,brownian_logprice_bridge,,,,
6,10.72402557056972,10.724025570569719,False,False,brownian_logprice_bridge,,,,
7,10.786055888957089,10.786055888957087,False,False,brownian_logprice_bridge,,,,
8,10.885663631883748,10.885663631883748,False,False,brownian_logprice_bridge,,,,
9,10.84342814448264,10.84342814448264,False,False,brownian_logprice_bridge,,,,
10,10.860040493955092,10.860040493955092,False,False,brownian_logprice_bridge,,,,
11,10.914051729436292,10.914051729436292,False,False,brownian_logprice_bridge,,,,
12,10.812007486003212,10.81200748600321,False,False,brownian_logprice_bridge,,,,
13,10.730431070158453,10.730431070158453,False,False,brownian_logprice_bridge,,,,
14,10.70007339100677,10.700073391006768,False,False,brownian_logprice_bridge,,,,
15,10.666033128231945,10.666033128231943,False,False,brownian_logprice_bridge,,,,
16,10.642966776936724,10.642966776936726,False,False,brownian_logprice_bridge,,,,
17,10.580460089857551,10.580460089857551,False,False,brownian_logprice_bridge,,,,
18,10.558532762406784,10.558532762406783,False,False,brownian_logprice_bridge,,,,
19,10.54126322406044,10.541263224060438,False,False,brownian_logprice_bridge,,,,
20,10.497411162530552,10.497411162530554,False,False,brownian_logprice_bridge,,,,
21,10.540752332012197,10.540752332012199,False,False,brownian_logprice_bridge,,,,
22,10.454584465739837,10.454584465739835,False,False,brownian_logprice_bridge,,,,
23,10.448510376609828,10.448510376609828,False,False,brownian_logprice_bridge,,,,
24,10.431060069415285,10.431060069415286,False,False,brownian_logprice_bridge,,,,
25,10.531035148004111,10.53103514800411,False,False,brownian_logprice_bridge,,,,
26,10.437611205913692,10.43761120591369,False,False,brownian_logprice_bridge,,,,
27,10.428675973990297,10.428675973990297,False,False,brownian_logprice_bridge,,,,
28,10.386570131427789,10.386570131427787,False,False,brownian_logprice_bridge,,,,
29,10.20916082116348,10.209160821163477,False,False,brownian_logprice_bridge,,,,
30,10.1867598593512,10.186759859351202,False,False,brownian_logprice_bridge,,,,
31,10.087048880700152,10.087048880700152,False,False,brownian_logprice_bridge,,,,
32,10.071494038546442,10.071494038546442,False,False,brownian_logprice_bridge,,,,
33,9.986462599717177,9.986462599717175,False,False,brownian_logprice_bridge,,,,
34,9.956914103581903,9.956914103581905,False,False,brownian_logprice_bridge,,,,
35,9.950215211029416,9.950215211029416,False,False,brownian_logprice_bridge,,,,
36,9.949887196105994,9.949887196105994,False,False,brownian_logprice_bridge,,,,
37,9.955929428773498,9.9559294287735,False,False,brownian_logprice_bridge,,,,
38,9.968353516936007,9.968353516936006,False,False,brownian_logprice_bridge,,,,
39,10.061873226270396,10.061873226270398,False,False,brownian_logprice_bridge,,,,
40,10.152758413826795,10.152758413826797,False,False,brownian_logprice_bridge,,,,
41,10.203255193656542,10.203255193656542,False,False,brownian_logprice_bridge,,,,
42,10.232684370530723,10.232684370530723,False,False,brownian_logprice_bridge,,,,
43,10.17783491975049,10.177834919750488,False,False,brownian_logprice_bridge,,,,
44,10.18494901681438,10.184949016814382,False,False,brownian_logprice_bridge,,,,
45,10.127555394607135,10.127555394607137,False,False,brownian_logprice_bridge,,,,
46,10.12897386252446,10.128973862524457,False,False,brownian_logprice_bridge,,,,
47,10.13106783358941,10.13106783358941,False,False,brownian_logprice_bridge,,,,
48,10.11751374410322,10.117513744103222,False,False,brownian_logprice_bridge,,,,
49,10.136743755908515,10.136743755908517,False,False,brownian_logprice_bridge,,,,
50,10.106616431484316,10.106616431484314,False,False,brownian_logprice_bridge,,,,
51,10.079660586142971,10.079660586142973,False,False,brownian_logprice_bridge,,,,
52,10.0039918077281,10.0039918077281,False,False,brownian_logprice_bridge,,,,
53,10.096904255072255,10.096904255072255,False,False,brownian_logprice_bridge,,,,
54,10.1703531862821,10.1703531862821,False,False,brownian_logprice_bridge,,,,
55,10.102429124104908,10.10242912410491,False,False,brownian_logprice_bridge,,,,
56,10.12290529320081,10.122905293200809,False,False,brownian_logprice_bridge,,,,
57,10.081752962994576,10.081752962994576,False,False,brownian_logprice_bridge,,,,
58,10.170048604510892,10.170048604510892,False,False,brownian_logprice_bridge,,,,
59,10.142619717038484,10.142619717038482,False,False,brownian_logprice_bridge,,,,
60,10.075285001218589,10.07528500121859,False,False,brownian_logprice_bridge,,,,
61,10.073844312095328,10.07384431209533,False,False,brownian_logprice_bridge,,,,
62,10.163342599377716,10.163342599377717,False,False,brownian_logprice_bridge,,,,
63,10.126018262218848,10.126018262218848,False,False,brownian_logprice_bridge,,,,
64,10.163627561327598,10.1636275613276,False,False,brownian_logprice_bridge,,,,
65,10.109950978762772,10.109950978762772,False,False,brownian_logprice_bridge,,,,
66,10.187932329405218,10.18793232940522,False,False,brownian_logprice_bridge,,,,
67,10.181659289616851,10.181659289616853,False,False,brownian_logprice_bridge,,,,
68,10.187269862020608,10.187269862020608,False,False,brownian_logprice_bridge,,,,
69,10.180381937002377,10.180381937002375,False,False,brownian_logprice_bridge,,,,
70,10.06332718139381,10.063327181393808,False,False,brownian_logprice_bridge,,,,
71,10.04881491730489,10.048814917304892,False,False,brownian_logprice_bridge,,,,
72,9.981701637108769,9.981701637108769,False,False,brownian_logprice_bridge,,,,
73,10.094562265748136,10.094562265748136,False,False,brownian_logprice_bridge,,,,
74,10.04576153634553,10.045761536345529,False,False,brownian_logprice_bridge,,,,
75,10.012548065032531,10.01254806503253,False,False,brownian_logprice_bridge,,,,
76,9.9585365755615,9.9585365755615,False,False,brownian_logprice_bridge,,,,
77,9.96261794851154,9.962617948511538,False,False,brownian_logprice_bridge,,,,
78,9.90064271163593,9.900642711635932,False,False,brownian_logprice_bridge,,,,
79,9.996540600990194,9.996540600990192,False,False,brownian_logprice_bridge,,,,
80,9.988633309999958,9.988633309999956,False,False,brownian_logprice_bridge,,,,
81,10.077876443218331,10.077876443218331,False,False,brownian_logprice_bridge,,,,
82,10.099407100396537,10.099407100396537,False,False,brownian_logprice_bridge,,,,
83,9.982565634397773,9.982565634397774,False,False,brownian_logprice_bridge,,,,
84,10.02834108389784,10.028341083897839,False,False,brownian_logprice_bridge,,,,
85,9.997417736908815,9.997417736908814,False,False,brownian_logprice_bridge,,,,
86,10.116076543713714,10.116076543713715,False,False,brownian_logprice_bridge,,,,
87,10.098997000664731,10.098997000664731,False,False,brownian_logprice_bridge,,,,
88,10.27915863679442,10.27915863679442,False,False,brownian_logprice_bridge,,,,
89,10.196201392230584,10.196201392230583,False,False,brownian_logprice_bridge,,,,
90,10.161879856467277,10.161879856467278,False,False,brownian_logprice_bridge,,,,
91,10.19459373038388,10.194593730383883,False,False,brownian_logprice_bridge,,,,
92,10.04762147729406,10.047621477294062,False,False,brownian_logprice_bridge,,,,
93,9.992374663041526,9.992374663041527,False,False,brownian_logprice_bridge,,,,
94,9.98634792902631,9.986347929026309,False,False,brownian_logprice_bridge,,,,
95,9.971930624232034,9.971930624232035,False,False,brownian_logprice_bridge,,,,
96,9.922770654585896,9.922770654585896,False,False,brownian_logprice_bridge,,,,
97,9.879761220235515,9.879761220235514,False,False,brownian_logprice_bridge,,,,
98,9.866054311545671,9.866054311545671,False,False,brownian_logprice_bridge,,,,
99,9.822675034503856,9.822675034503856,False,False,brownian_logprice_bridge,,,,
100,9.649792986187768,9.649792986187766,False,False,brownian_logprice_bridge,,,,
101,9.655918777445889,9.65591877744589,False,False,brownian_logprice_bridge,,,,
102,9.69866184480387,9.698661844803873,False,False,brownian_logprice_bridge,,,,
103,9.795082419981126,9.795082419981124,False,False,brownian_logprice_bridge,,,,
104,9.87403540047737,9.874035400477371,False,False,brownian_logprice_bridge,,,,
105,9.85792085427146,9.85792085427146,False,False,brownian_logprice_bridge,,,,
106,9.883033749722085,9.883033749722085,False,False,brownian_logprice_bridge,,,,
107,9.8613107854716,9.861310785471602,False,False,brownian_logprice_bridge,,,,
108,9.798237437693194,9.798237437693194,False,False,brownian_logprice_bridge,,,,
109,9.785731171467134,9.785731171467134,False,False,brownian_logprice_bridge,,,,
110,9.819579374465066,9.819579374465064,False,False,brownian_logprice_bridge,,,,
111,9.804452377802283,9.804452377802285,False,False,brownian_logprice_bridge,,,,
112,9.766650902019054,9.766650902019052,False,False,brownian_logprice_bridge,,,,
113,9.776746731273144,9.776746731273144,False,False,brownian_logprice_bridge,,,,
114,9.839840619922056,9.839840619922054,False,False,brownian_logprice_bridge,,,,
115,9.832731025754969,9.832731025754969,False,False,brownian_logprice_bridge,,,,
116,9.88151815639864,9.88151815639864,False,False,brownian_logprice_bridge,,,,
117,9.839570609760235,9.839570609760235,False,False,brownian_logprice_bridge,,,,
118,9.857688430536829,9.857688430536829,False,False,brownian_logprice_bridge,,,,
119,9.940070534198505,9.940070534198506,False,False,brownian_logprice_bridge,,,,
120,9.908466526662178,9.908466526662178,False,False,brownian_logprice_bridge,,,,
121,9.89948555930262,9.89948555930262,False,False,brownian_logprice_bridge,,,,
122,9.91941076747286,9.919410767472861,False,False,brownian_logprice_bridge,,,,
123,9.877583148991508,9.87758314899151,False,False,brownian_logprice_bridge,,,,
124,9.932007097183142,9.932007097183142,False,False,brownian_logprice_bridge,,,,
125,9.955579154625523,9.955579154625523,False,False,brownian_logprice_bridge,,,,
126,9.985714241484253,9.985714241484251,False,False,brownian_logprice_bridge,,,,
127,9.926944375673424,9.926944375673424,False,False,brownian_logprice_bridge,,,,
128,9.923861830532973,9.923861830532974,False,False,brownian_logprice_bridge,,,,
129,9.907165885736072,9.907165885736074,False,False,brownian_logprice_bridge,,,,
130,9.919107133572696,9.919107133572698,False,False,brownian_logprice_bridge,,,,
131,9.921659084320057,9.921659084320055,False,False,brownian_logprice_bridge,,,,
132,9.904701891356288,9.904701891356288,False,False,brownian_logprice_bridge,,,,
133,9.945199790130124,9.945199790130124,False,False,brownian_logprice_bridge,,,,
134,9.9145349185293,9.914534918529299,False,False,brownian_logprice_bridge,,,,
135,9.801024781598882,9.801024781598883,False,False,brownian_logprice_bridge,,,,
136,9.738388381786448,9.738388381786448,False,False,brownian_logprice_bridge,,,,
137,9.834734042515665,9.834734042515667,False,False,brownian_logprice_bridge,,,,
138,9.77033424128782,9.770334241287822,False,False,brownian_logprice_bridge,,,,
139,9.78587877817707,9.785878778177068,False,False,brownian_logprice_bridge,,,,
140,9.78707236614086,9.787072366140858,False,False,brownian_logprice_bridge,,,,
141,9.741732713530746,9.741732713530746,False,False,brownian_logprice_bridge,,,,
142,9.742227384030432,9.742227384030432,False,False,brownian_logprice_bridge,,,,
143,9.684406119423617,9.684406119423615,False,False,brownian_logprice_bridge,,,,
144,9.682412717769168,9.682412717769166,False,False,brownian_logprice_bridge,,,,
145,9.687805835451798,9.687805835451796,False,False,brownian_logprice_bridge,,,,
146,9.782367053584414,9.782367053584412,False,False,brownian_logprice_bridge,,,,
147,9.848953581681013,9.84895358168101,False,False,brownian_logprice_bridge,,,,
148,9.854437360008848,9.854437360008847,False,False,brownian_logprice_bridge,,,,
149,9.778904187881013,9.778904187881015,False,False,brownian_logprice_bridge,,,,
150,9.760287558863675,9.760287558863673,False,False,brownian_logprice_bridge,,,,
151,9.84030815316215,9.840308153162148,False,False,brownian_logprice_bridge,,,,
152,9.95081871722832,9.95081871722832,False,False,brownian_logprice_bridge,,,,
153,9.93239395719923,9.93239395719923,False,False,brownian_logprice_bridge,,,,
154,9.903266069345332,9.903266069345333,False,False,brownian_logprice_bridge,,,,
155,9.780117418264195,9.780117418264195,False,False,brownian_logprice_bridge,,,,
156,9.695282630285178,9.69528263028518,False,False,brownian_logprice_bridge,,,,
157,9.659653496038183,9.659653496038182,False,False,brownian_logprice_bridge,,,,
158,9.601026325655042,9.601026325655042,False,False,brownian_logprice_bridge,,,,
159,9.579240768086084,9.579240768086086,False,False,brownian_logprice_bridge,,,,
160,9.6503526120198,9.650352612019798,False,False,brownian_logprice_bridge,,,,
161,9.691259307894995,9.691259307894995,False,False,brownian_logprice_bridge,,,,
162,9.523464197989489,9.52346419798949,False,False,brownian_logprice_bridge,,,,
163,9.482090338778274,9.482090338778276,False,False,brownian_logprice_bridge,,,,
164,9.515431714049022,9.515431714049022,False,False,brownian_logprice_bridge,,,,
165,9.603621693286916,9.603621693286918,False,False,brownian_logprice_bridge,,,,
166,9.554418249086718,9.55441824908672,False,False,brownian_logprice_bridge,,,,
167,9.58177176470741,9.581771764707412,False,False,brownian_logprice_bridge,,,,
168,9.437699248089736,9.437699248089736,False,False,brownian_logprice_bridge,,,,
169,9.47690392643065,9.476903926430651,False,False,brownian_logprice_bridge,,,,
170,9.398370678229083,9.398370678229082,False,False,brownian_logprice_bridge,,,,
171,9.288761432373777,9.288761432373777,False,False,brownian_logprice_bridge,,,,
172,9.26884735598306,9.26884735598306,False,False,brownian_logprice_bridge,,,,
173,9.311880039391896,9.311880039391898,False,False,brownian_logprice_bridge,,,,
174,9.405751534692625,9.405751534692623,False,False,brownian_logprice_bridge,,,,
175,9.393340766410834,9.393340766410832,False,False,brownian_logprice_bridge,,,,
176,9.353124875738578,9.353124875738576,False,False,brownian_logprice_bridge,,,,
177,9.337071955723292,9.337071955723292,False,False,brownian_logprice_bridge,,,,
178,9.259357110174877,9.259357110174877,False,False,brownian_logprice_bridge,,,,
179,9.313480254895437,9.313480254895437,False,False,brownian_logprice_bridge,,,,
180,9.269588145947194,9.269588145947193,False,False,brownian_logprice_bridge,,,,
181,9.291917099708296,9.291917099708296,False,False,brownian_logprice_bridge,,,,
182,9.397665490812722,9.397665490812722,False,False,brownian_logprice_bridge,,,,
183,9.413262189259058,9.41326218925906,False,False,brownian_logprice_bridge,,,,
184,9.42179933794296,9.421799337942959,False,False,brownian_logprice_bridge,,,,
185,9.418620466372976,9.418620466372978,False,False,brownian_logprice_bridge,,,,
186,9.394948599128584,9.394948599128584,False,False,brownian_logprice_bridge,,,,
187,9.485879846804426,9.485879846804428,False,False,brownian_logprice_bridge,,,,
188,9.435507579568798,9.435507579568798,False,False,brownian_logprice_bridge,,,,
189,9.450558003675164,9.450558003675162,False,False,brownian_logprice_bridge,,,,
190,9.415727489050273,9.415727489050273,False,False,brownian_logprice_bridge,,,,
191,9.548940911604516,9.548940911604515,False,False,brownian_logprice_bridge,,,,
192,9.443270478047069,9.44327047804707,False,False,brownian_logprice_bridge,,,,
193,9.480964210785574,9.480964210785574,False,False,brownian_logprice_bridge,,,,
194,9.522695518606628,9.52269551860663,False,False,brownian_logprice_bridge,,,,
195,9.487870550638776,9.487870550638776,False,False,brownian_logprice_bridge,,,,
196,9.53682000547721,9.536820005477212,False,False,brownian_logprice_bridge,,,,
197,9.513468019664115,9.513468019664115,False,False,brownian_logprice_bridge,,,,
198,9.529422132591204,9.529422132591202,False,False,brownian_logprice_bridge,,,,
199,9.497707619951932,9.497707619951932,False,False,brownian_logprice_bridge,,,,
200,9.538810626518964,9.538810626518963,False,False,brownian_logprice_bridge,,,,
201,9.565287509132114,9.565287509132114,False,False,brownian_logprice_bridge,,,,
202,9.538062828611062,9.538062828611064,False,False,brownian_logprice_bridge,,,,
203,9.591553349597488,9.591553349597488,False,False,brownian_logprice_bridge,,,,
204,9.588108607879027,9.588108607879029,False,False,brownian_logprice_bridge,,,,
205,9.661355001085765,9.661355001085765,False,False,brownian_logprice_bridge,,,,
206,9.630195421717982,9.63019542171798,False,False,brownian_logprice_bridge,,,,
207,9.56080877550956,9.56080877550956,False,False,brownian_logprice_bridge,,,,
208,9.582570606482342,9.582570606482344,False,False,brownian_logprice_bridge,,,,
209,9.524163509043053,9.524163509043053,False,False,brownian_logprice_bridge,,,,
210,9.57678842917439,9.57678842917439,False,False,brownian_logprice_bridge,,,,
211,9.531581272348232,9.531581272348232,False,False,brownian_logprice_bridge,,,,
212,9.49805448829924,9.498054488299239,False,False,brownian_logprice_bridge,,,,
213,9.506316260133598,9.5063162601336,False,False,brownian_logprice_bridge,,,,
214,9.5735444842195,9.5735444842195,False,False,brownian_logprice_bridge,,,,
215,9.61702039536654,9.617020395366538,False,False,brownian_logprice_bridge,,,,
216,9.648020851745375,9.648020851745375,False,False,brownian_logprice_bridge,,,,
217,9.618208037052952,9.618208037052952,False,False,brownian_logprice_bridge,,,,
218,9.48814479172924,9.48814479172924,False,False,brownian_logprice_bridge,,,,
219,9.441353750522698,9.4413537505227,False,False,brownian_logprice_bridge,,,,
220,9.521839846348485,9.521839846348483,False,False,brownian_logprice_bridge,,,,
221,9.595163861687876,9.595163861687876,False,False,brownian_logprice_bridge,,,,
222,9.569383059906963,9.569383059906965,False,False,brownian_logprice_bridge,,,,
223,9.527675118851642,9.527675118851644,False,False,brownian_logprice_bridge,,,,
224,9.58671777561934,9.586717775619338,False,False,brownian_logprice_bridge,,,,
225,9.479535679890024,9.479535679890025,False,False,brownian_logprice_bridge,,,,
226,9.356220396150588,9.356220396150588,False,False,brownian_logprice_bridge,,,,
227,9.265409303178812,9.265409303178812,False,False,brownian_logprice_bridge,,,,
228,9.295498026504635,9.295498026504635,False,False,brownian_logprice_bridge,,,,
229,9.303023482467625,9.303023482467625,False,False,brownian_logprice_bridge,,,,
230,9.256078796059324,9.256078796059322,False,False,brownian_logprice_bridge,,,,
231,9.34100366953885,9.341003669538848,False,False,brownian_logprice_bridge,,,,
232,9.406954008302725,9.406954008302725,False,False,brownian_logprice_bridge,,,,
233,9.380352265946888,9.380352265946888,False,False,brownian_logprice_bridge,,,,
234,9.443884688100097,9.443884688100097,False,False,brownian_logprice_bridge,,,,
235,9.422381831283325,9.422381831283325,False,False,brownian_logprice_bridge,,,,
236,9.394004703100316,9.394004703100318,False,False,brownian_logprice_bridge,,,,
237,9.406378994982246,9.406378994982246,False,False,brownian_logprice_bridge,,,,
238,9.342377908594193,9.342377908594194,False,False,brownian_logprice_bridge,,,,
239,9.36036814344607,9.360368143446072,False,False,brownian_logprice_bridge,,,,
240,9.351532249411656,9.351532249411658,False,False,brownian_logprice_bridge,,,,
241,9.413108577523538,9.413108577523538,False,False,brownian_logprice_bridge,,,,
242,9.454241394678416,9.454241394678414,False,False,brownian_logprice_bridge,,,,
243,9.441351278545069,9.441351278545069,False,False,brownian_logprice_bridge,,,,
244,9.556020226965025,9.556020226965027,False,False,brownian_logprice_bridge,,,,
245,9.492014617752648,9.492014617752648,False,False,brownian_logprice_bridge,,,,
246,9.57130926586516,9.57130926586516,False,False,brownian_logprice_bridge,,,,
247,9.528562667662737,9.528562667662738,False,False,brownian_logprice_bridge,,,,
248,9.47036442835979,9.47036442835979,False,False,brownian_logprice_bridge,,,,
249,9.49270534459374,9.492705344593741,False,False,brownian_logprice_bridge,,,,
250,9.38229588609926,9.382295886099259,False,False,brownian_logprice_bridge,,,,
251,9.33678818232224,9.33678818232224,False,False,brownian_logprice_bridge,,,,
252,9.376117419802052,9.376117419802052,False,False,brownian_logprice_bridge,,,,
253,9.32858364387835,9.328583643878348,False,False,brownian_logprice_bridge,,,,
254,9.29498000995186,9.29498000995186,False,False,brownian_logprice_bridge,,,,
255,9.370398309320075,9.370398309320077,False,False,brownian_logprice_bridge,,,,
256,9.381029203383203,9.381029203383202,False,False,brownian_logprice_bridge,,,,
257,9.35833558021946,9.358335580219459,False,False,brownian_logprice_bridge,,,,
258,9.33530607475345,9.335306074753449,False,False,brownian_logprice_bridge,,,,
259,9.342000331055328,9.34200033105533,False,False,brownian_logprice_bridge,,,,
260,9.292844365228811,9.29284436522881,False,False,brownian_logprice_bridge,,,,
261,9.152786722677211,9.152786722677211,False,False,brownian_logprice_bridge,,,,
262,9.130322575030318,9.130322575030318,False,False,brownian_logprice_bridge,,,,
263,9.144303142883906,9.144303142883906,False,False,brownian_logprice_bridge,,,,
264,9.17846722592109,9.17846722592109,False,False,brownian_logprice_bridge,,,,
265,9.247750165258084,9.247750165258084,False,False,brownian_logprice_bridge,,,,
266,9.291086877540415,9.291086877540417,False,False,brownian_logprice_bridge,,,,
267,9.282168143187596,9.282168143187596,False,False,brownian_logprice_bridge,,,,
268,9.225978514572509,9.225978514572509,False,False,brownian_logprice_bridge,,,,
269,9.249154354626716,9.249154354626716,False,False,brownian_logprice_bridge,,,,
270,9.283372537113625,9.283372537113626,False,False,brownian_logprice_bridge,,,,
271,9.328992456006972,9.32899245600697,False,False,brownian_logprice_bridge,,,,
272,9.2271811027763,9.227181102776298,False,False,brownian_logprice_bridge,,,,
273,9.202047054983804,9.202047054983803,False,False,brownian_logprice_bridge,,,,
274,9.178385967942344,9.178385967942344,False,False,brownian_logprice_bridge,,,,
275,9.264960631414572,9.264960631414574,False,False,brownian_logprice_bridge,,,,
276,9.325410266242429,9.32541026624243,False,False,brownian_logprice_bridge,,,,
277,9.29268895560226,9.292688955602262,False,False,brownian_logprice_bridge,,,,
278,9.355553195982951,9.355553195982951,False,False,brownian_logprice_bridge,,,,
279,9.255235777735376,9.255235777735374,False,False,brownian_logprice_bridge,,,,
280,9.268065968877748,9.268065968877746,False,False,brownian_logprice_bridge,,,,
281,9.35855910786473,9.358559107864732,False,False,brownian_logprice_bridge,,,,
282,9.392973442379027,9.392973442379025,False,False,brownian_logprice_bridge,,,,
283,9.337698754367338,9.337698754367336,False,False,brownian_logprice_bridge,,,,
284,9.29818955135379,9.29818955135379,False,False,brownian_logprice_bridge,,,,
285,9.25721447763786,9.257214477637861,False,False,brownian_logprice_bridge,,,,
286,9.038483563419774,9.038483563419774,False,False,brownian_logprice_bridge,,,,
287,9.07661374673992,9.076613746739921,False,False,brownian_logprice_bridge,,,,
288,9.025512577672718,9.025512577672718,False,False,brownian_logprice_bridge,,,,
289,9.002605559474121,9.002605559474121,False,False,brownian_logprice_bridge,,,,
290,9.022412887601742,9.022412887601742,False,False,brownian_logprice_bridge,,,,
291,9.052628146808916,9.052628146808914,False,False,brownian_logprice_bridge,,,,
292,9.061341634321945,9.061341634321947,False,False,brownian_logprice_bridge,,,,
293,9.126255022296444,9.126255022296446,False,False,brownian_logprice_bridge,,,,
294,9.087581065039204,9.087581065039206,False,False,brownian_logprice_bridge,,,,
295,9.11645019444299,9.11645019444299,False,False,brownian_logprice_bridge,,,,
296,9.149903751382118,9.149903751382118,False,False,brownian_logprice_bridge,,,,
297,9.175889793538811,9.175889793538811,False,False,brownian_logprice_bridge,,,,
298,9.268900822826746,9.268900822826746,False,False,brownian_logprice_bridge,,,,
299,9.256401593430088,9.256401593430086,False,False,brownian_logprice_bridge,,,,
300,9.239582180384009,9.239582180384007,False,False,brownian_logprice_bridge,,,,
301,9.225556058085749,9.225556058085747,False,False,brownian_logprice_bridge,,,,
302,9.23790445580616,9.23790445580616,False,False,brownian_logprice_bridge,,,,
303,9.246455730447336,9.246455730447334,False,False,brownian_logprice_bridge,,,,
304,9.25331634772444,9.253316347724438,False,False,brownian_logprice_bridge,,,,
305,9.152974505536092,9.152974505536092,False,False,brownian_logprice_bridge,,,,
306,9.079341510740424,9.079341510740425,False,False,brownian_logprice_bridge,,,,
307,9.137266895521067,9.13726689552107,False,False,brownian_logprice_bridge,,,,
308,9.19026828682762,9.190268286827619,False,False,brownian_logprice_bridge,,,,
309,9.212104212928509,9.21210421292851,False,False,brownian_logprice_bridge,,,,
310,9.146506673322026,9.146506673322024,False,False,brownian_logprice_bridge,,,,
311,9.051932785406548,9.051932785406548,False,False,brownian_logprice_bridge,,,,
312,9.08326994115711,9.08326994115711,False,False,brownian_logprice_bridge,,,,
313,8.992734504572951,8.992734504572953,False,False,brownian_logprice_bridge,,,,
314,9.02806652958168,9.02806652958168,False,False,brownian_logprice_bridge,,,,
315,9.044280525095504,9.044280525095502,False,False,brownian_logprice_bridge,,,,
316,9.05562010271296,9.05562010271296,False,False,brownian_logprice_bridge,,,,
317,9.04795826707798,9.047958267077979,False,False,brownian_logprice_bridge,,,,
318,8.964870160597133,8.964870160597135,False,False,brownian_logprice_bridge,,,,
319,8.981516571542848,8.98151657154285,False,False,brownian_logprice_bridge,,,,
320,8.939582651503294,8.939582651503294,False,False,brownian_logprice_bridge,,,,
321,8.931634215466778,8.93163421546678,False,False,brownian_logprice_bridge,,,,
322,8.880992576392474,8.880992576392476,False,False,brownian_logprice_bridge,,,,
323,8.843015646145387,8.843015646145387,False,False,brownian_logprice_bridge,,,,
324,8.805658714305654,8.805658714305652,False,False,brownian_logprice_bridge,,,,
325,8.870413389899385,8.870413389899385,False,False,brownian_logprice_bridge,,,,
326,8.952629766916361,8.952629766916361,False,False,brownian_logprice_bridge,,,,
327,8.860687070366446,8.860687070366447,False,False,brownian_logprice_bridge,,,,
328,8.77553822178023,8.775538221780229,False,False,brownian_logprice_bridge,,,,
329,8.842297085102084,8.842297085102084,False,False,brownian_logprice_bridge,,,,
330,8.756175809756739,8.75617580975674,False,False,brownian_logprice_bridge,,,,
331,8.637997042219174,8.637997042219176,False,False,brownian_logprice_bridge,,,,
332,8.683812613615437,8.683812613615439,False,False,brownian_logprice_bridge,,,,
333,8.656724649699397,8.656724649699395,False,False,brownian_logprice_bridge,,,,
334,8.704337901037443,8.704337901037444,False,False,brownian_logprice_bridge,,,,
335,8.767843784885942,8.767843784885942,False,False,brownian_logprice_bridge,,,,
336,8.808370421858433,8.808370421858433,False,False,brownian_logprice_bridge,,,,
337,8.808390793179553,8.808390793179553,False,False,brownian_logprice_bridge,,,,
338,8.829615534548982,8.829615534548983,False,False,brownian_logprice_bridge,,,,
339,8.906742428920877,8.906742428920877,False,False,brownian_logprice_bridge,,,,
340,8.991754582579068,8.99175458257907,False,False,brownian_logprice_bridge,,,,
341,8.884058291972195,8.884058291972194,False,False,brownian_logprice_bridge,,,,
342,8.850387227577896,8.850387227577896,False,False,brownian_logprice_bridge,,,,
343,8.918080186491403,8.918080186491403,False,False,brownian_logprice_bridge,,,,
344,8.998152339976846,8.998152339976844,False,False,brownian_logprice_bridge,,,,
345,9.053927042045126,9.053927042045126,False,False,brownian_logprice_bridge,,,,
346,9.075131007975868,9.075131007975868,False,False,brownian_logprice_bridge,,,,
347,9.048869227014146,9.048869227014146,False,False,brownian_logprice_bridge,,,,
348,9.055355267974605,9.055355267974605,False,False,brownian_logprice_bridge,,,,
349,9.050901484251476,9.050901484251476,False,False,brownian_logprice_bridge,,,,
350,9.050515277761557,9.050515277761555,False,False,brownian_logprice_bridge,,,,
351,9.103729202357194,9.103729202357192,False,False,brownian_logprice_bridge,,,,
352,9.04931227058399,9.049312270583988,False,False,brownian_logprice_bridge,,,,
353,9.040798748765496,9.040798748765495,False,False,brownian_logprice_bridge,,,,
354,9.08269714773582,9.082697147735821,False,False,brownian_logprice_bridge,,,,
355,9.01978737108946,9.019787371089459,False,False,brownian_logprice_bridge,,,,
356,9.111914115917989,9.111914115917987,False,False,brownian_logprice_bridge,,,,
357,9.058137347762806,9.058137347762806,False,False,brownian_logprice_bridge,,,,
358,9.162717833448546,9.162717833448545,False,False,brownian_logprice_bridge,,,,
359,9.198748571004108,9.19874857100411,False,False,brownian_logprice_bridge,,,,
360,9.138860055326532,9.13886005532653,False,False,brownian_logprice_bridge,,,,
361,9.084222538220484,9.084222538220486,False,False,brownian_logprice_bridge,,,,
362,9.141682766804356,9.141682766804356,False,False,brownian_logprice_bridge,,,,
363,9.208650533536968,9.208650533536968,False,False,brownian_logprice_bridge,,,,
364,9.234229837864424,9.234229837864422,False,False,brownian_logprice_bridge,,,,
365,9.2592859338998,9.259285933899802,False,False,brownian_logprice_bridge,,,,
366,9.269361325997396,9.269361325997396,False,False,brownian_logprice_bridge,,,,
367,9.26497291732677,9.264972917326771,False,False,brownian_logprice_bridge,,,,
368,9.241788003786642,9.241788003786644,False,False,brownian_logprice_bridge,,,,
369,9.228008902774858,9.228008902774857,False,False,brownian_logprice_bridge,,,,
370,9.25994038272314,9.259940382723142,False,False,brownian_logprice_bridge,,,,
371,9.206896186624078,9.20689618662408,False,False,brownian_logprice_bridge,,,,
372,9.225720828451651,9.225720828451651,False,False,brownian_logprice_bridge,,,,
373,9.207248509127073,9.207248509127075,False,False,brownian_logprice_bridge,,,,
374,9.225147767269666,9.225147767269664,False,False,brownian_logprice_bridge,,,,
375,9.30688241332066,9.30688241332066,False,False,brownian_logprice_bridge,,,,
376,9.374439866743574,9.374439866743572,False,False,brownian_logprice_bridge,,,,
377,9.287208164901394,9.287208164901394,False,False,brownian_logprice_bridge,,,,
378,9.236467518854903,9.236467518854905,False,False,brownian_logprice_bridge,,,,
379,9.236059689379356,9.236059689379358,False,False,brownian_logprice_bridge,,,,
380,9.284783396970358,9.284783396970356,False,False,brownian_logprice_bridge,,,,
381,9.235651592060671,9.235651592060671,False,False,brownian_logprice_bridge,,,,
382,9.212766766158822,9.21276676615882,False,False,brownian_logprice_bridge,,,,
383,9.136374856360334,9.136374856360336,False,False,brownian_logprice_bridge,,,,
384,9.153676391984137,9.153676391984135,False,False,brownian_logprice_bridge,,,,
385,9.08722719830692,9.08722719830692,False,False,brownian_logprice_bridge,,,,
386,9.10987755347747,9.10987755347747,False,False,brownian_logprice_bridge,,,,
387,9.163008035070996,9.163008035070996,False,False,brownian_logprice_bridge,,,,
388,9.1471375061411,9.147137506141098,False,False,brownian_logprice_bridge,,,,
389,9.252336623941488,9.25233662394149,False,False,brownian_logprice_bridge,,,,
390,9.343088886069992,9.343088886069994,False,False,brownian_logprice_bridge,,,,
391,9.396667142736016,9.396667142736016,False,False,brownian_logprice_bridge,,,,
392,9.546177296949434,9.546177296949434,False,False,brownian_logprice_bridge,,,,
393,9.55679078112377,9.55679078112377,False,False,brownian_logprice_bridge,,,,
394,9.587295955855431,9.58729595585543,False,False,brownian_logprice_bridge,,,,
395,9.645781312303424,9.645781312303424,False,False,brownian_logprice_bridge,,,,
396,9.684443658480909,9.68444365848091,False,False,brownian_logprice_bridge,,,,
397,9.686628410581736,9.686628410581736,False,False,brownian_logprice_bridge,,,,
398,9.785036847356473,9.785036847356471,False,False,brownian_logprice_bridge,,,,
399,9.777356584418843,9.777356584418841,False,False,brownian_logprice_bridge,,,,
400,9.866126110533646,9.866126110533644,False,False,brownian_logprice_bridge,,,,
401,9.985354088108366,9.985354088108366,False,False,brownian_logprice_bridge,,,,
402,9.903380491899933,9.90338049189993,False,False,brownian_logprice_bridge,,,,
403,9.872173382107976,9.872173382107976,False,False,brownian_logprice_bridge,,,,
404,9.99490542294343,9.99490542294343,False,False,brownian_logprice_bridge,,,,
405,10.055135510372368,10.055135510372368,False,False,brownian_logprice_bridge,,,,
406,9.970801893257711,9.970801893257713,False,False,brownian_logprice_bridge,,,,
407,9.983957507457626,9.983957507457626,False,False,brownian_logprice_bridge,,,,
408,10.00479277154896,10.004792771548958,False,False,brownian_logprice_bridge,,,,
409,9.99891317491958,9.998913174919581,False,False,brownian_logprice_bridge,,,,
410,9.960750000113006,9.960750000113007,False,False,brownian_logprice_bridge,,,,
411,10.024769783551076,10.024769783551076,False,False,brownian_logprice_bridge,,,,
412,10.1077500569609,10.107750056960898,False,False,brownian_logprice_bridge,,,,
413,10.091189370567738,10.091189370567736,False,False,brownian_logprice_bridge,,,,
414,10.11742816037849,10.11742816037849,False,False,brownian_logprice_bridge,,,,
415,10.111827619722009,10.111827619722007,False,False,brownian_logprice_bridge,,,,
416,10.138023848075033,10.138023848075035,False,False,brownian_logprice_bridge,,,,
417,10.130907520501683,10.130907520501681,False,False,brownian_logprice_bridge,,,,
418,10.193958623803669,10.193958623803667,False,False,brownian_logprice_bridge,,,,
419,10.285350378240484,10.285350378240482,False,False,brownian_logprice_bridge,,,,
420,10.341229579088475,10.341229579088477,False,False,brownian_logprice_bridge,,,,
421,10.331307798552173,10.331307798552174,False,False,brownian_logprice_bridge,,,,
422,10.397825983518398,10.397825983518398,False,False,brownian_logprice_bridge,,,,
423,10.413599363201577,10.413599363201577,False,False,brownian_logprice_bridge,,,,
424,10.474950204384507,10.474950204384506,False,False,brownian_logprice_bridge,,,,
425,10.5926556014002,10.5926556014002,False,False,brownian_logprice_bridge,,,,
426,10.697025669204956,10.697025669204956,False,False,brownian_logprice_bridge,,,,
427,10.812794043462088,10.812794043462088,False,False,brownian_logprice_bridge,,,,
428,10.812614971691316,10.812614971691314,False,False,brownian_logprice_bridge,,,,
429,10.823527843895258,10.823527843895258,False,False,brownian_logprice_bridge,,,,
430,10.880759607062313,10.880759607062311,False,False,brownian_logprice_bridge,,,,
431,10.844880499594328,10.844880499594328,False,False,brownian_logprice_bridge,,,,
432,10.88511367482656,10.885113674826561,False,False,brownian_logprice_bridge,,,,
433,10.847302960419176,10.847302960419178,False,False,brownian_logprice_bridge,,,,
434,10.834234627571073,10.834234627571073,False,False,brownian_logprice_bridge,,,,
435,10.819509222151636,10.819509222151638,False,False,brownian_logprice_bridge,,,,
436,10.793379716170069,10.793379716170067,False,False,brownian_logprice_bridge,,,,
437,10.870425790905056,10.870425790905058,False,False,brownian_logprice_bridge,,,,
438,10.783860641208715,10.783860641208717,False,False,brownian_logprice_bridge,,,,
439,10.72248161040994,10.722481610409938,False,False,brownian_logprice_bridge,,,,
440,10.812502119870164,10.812502119870164,False,False,brownian_logprice_bridge,,,,
441,10.74680022835135,10.746800228351352,False,False,brownian_logprice_bridge,,,,
442,10.65777427384223,10.65777427384223,False,False,brownian_logprice_bridge,,,,
443,10.65756915085884,10.657569150858842,False,False,brownian_logprice_bridge,,,,
444,10.76272748784203,10.762727487842028,False,False,brownian_logprice_bridge,,,,
445,10.80249722120597,10.802497221205968,False,False,brownian_logprice_bridge,,,,
446,10.86503783091248,10.86503783091248,False,False,brownian_logprice_bridge,,,,
447,10.734359863885013,10.734359863885015,False,False,brownian_logprice_bridge,,,,
448,10.74272534908191,10.742725349081908,False,False,brownian_logprice_bridge,,,,
449,10.727424163074785,10.727424163074785,False,False,brownian_logprice_bridge,,,,
450,10.6196189013409,10.619618901340901,False,False,brownian_logprice_bridge,,,,
451,10.659157425124958,10.65915742512496,False,False,brownian_logprice_bridge,,,,
452,10.639525008314482,10.63952500831448,False,False,brownian_logprice_bridge,,,,
453,10.6976484336786,10.697648433678598,False,False,brownian_logprice_bridge,,,,
454,10.714779899235385,10.714779899235385,False,False,brownian_logprice_bridge,,,,
455,10.818409501550864,10.818409501550862,False,False,brownian_logprice_bridge,,,,
456,10.803555880522705,10.803555880522703,False,False,brownian_logprice_bridge,,,,
457,10.711838325797157,10.711838325797155,False,False,brownian_logprice_bridge,,,,
458,10.594555165929076,10.594555165929076,False,False,brownian_logprice_bridge,,,,
459,10.659065320289276,10.659065320289278,False,False,brownian_logprice_bridge,,,,
460,10.747873682214394,10.747873682214394,False,False,brownian_logprice_bridge,,,,
461,10.774754045604093,10.774754045604091,False,False,brownian_logprice_bridge,,,,
462,10.684359440587684,10.684359440587686,False,False,brownian_logprice_bridge,,,,
463,10.699443881000027,10.699443881000025,False,False,brownian_logprice_bridge,,,,
464,10.807654737506402,10.807654737506404,False,False,brownian_logprice_bridge,,,,
465,10.843263669359516,10.843263669359516,False,False,brownian_logprice_bridge,,,,
466,10.85403360557211,10.854033605572111,False,False,brownian_logprice_bridge,,,,
467,10.805641352388117,10.805641352388118,False,False,brownian_logprice_bridge,,,,
468,10.780933393827365,10.780933393827365,False,False,brownian_logprice_bridge,,,,
469,10.796494112598053,10.796494112598053,False,False,brownian_logprice_bridge,,,,
470,10.883894321973896,10.883894321973894,False,False,brownian_logprice_bridge,,,,
471,11.005549146034951,11.005549146034951,False,False,brownian_logprice_bridge,,,,
472,10.965157392206963,10.965157392206963,False,False,brownian_logprice_bridge,,,,
473,10.908785111405702,10.908785111405702,False,False,brownian_logprice_bridge,,,,
474,10.897792511369406,10.897792511369406,False,False,brownian_logprice_bridge,,,,
475,11.030747003656913,11.030747003656911,False,False,brownian_logprice_bridge,,,,
476,10.971776495274948,10.971776495274947,False,False,brownian_logprice_bridge,,,,
477,11.02603156020443,11.02603156020443,False,False,brownian_logprice_bridge,,,,
478,10.862656950779977,10.862656950779979,False,False,brownian_logprice_bridge,,,,
479,10.803211132883334,10.803211132883332,False,False,brownian_logprice_bridge,,,,
480,10.7784772088895,10.778477208889498,False,False,brownian_logprice_bridge,,,,
481,10.76761004265657,10.767610042656571,False,False,brownian_logprice_bridge,,,,
482,10.78152228381168,10.781522283811679,False,False,brownian_logprice_bridge,,,,
483,10.689645658544888,10.689645658544888,False,False,brownian_logprice_bridge,,,,
484,10.673632478932536,10.673632478932534,False,False,brownian_logprice_bridge,,,,
485,10.613049914202398,10.613049914202398,False,False,brownian_logprice_bridge,,,,
486,10.597804093823544,10.597804093823546,False,False,brownian_logprice_bridge,,,,
487,10.54453186836166,10.544531868361661,False,False,brownian_logprice_bridge,,,,
488,10.65611982372496,10.65611982372496,False,False,brownian_logprice_bridge,,,,
489,10.775860512133049,10.775860512133049,False,False,brownian_logprice_bridge,,,,
490,10.714616962745932,10.714616962745934,False,False,brownian_logprice_bridge,,,,
491,10.61494723283489,10.614947232834892,False,False,brownian_logprice_bridge,,,,
492,10.636446382522925,10.636446382522925,False,False,brownian_logprice_bridge,,,,
493,10.641807498260416,10.641807498260418,False,False,brownian_logprice_bridge,,,,
494,10.768274862767225,10.768274862767225,False,False,brownian_logprice_bridge,,,,
495,10.711916168697684,10.711916168697682,False,False,brownian_logprice_bridge,,,,
496,10.751232833190969,10.751232833190969,False,False,brownian_logprice_bridge,,,,
497,10.723386780378997,10.723386780378995,False,False,brownian_logprice_bridge,,,,
498,10.891049913280684,10.891049913280686,False,False,brownian_logprice_bridge,,,,
499,10.798436831174364,10.798436831174364,False,False,brownian_logprice_bridge,,,,
500,10.799202564298447,10.799202564298445,False,False,brownian_logprice_bridge,,,,
501,10.745506689316054,10.745506689316054,False,False,brownian_logprice_bridge,,,,
502,10.735389511631858,10.735389511631857,False,False,brownian_logprice_bridge,,,,
503,10.763795444845274,10.763795444845275,False,False,brownian_logprice_bridge,,,,
504,10.705968696786517,10.705968696786517,False,False,brownian_logprice_bridge,,,,
505,10.753279996745206,10.753279996745206,False,False,brownian_logprice_bridge,,,,
506,10.8153057779339,10.8153057779339,False,False,brownian_logprice_bridge,,,,
507,10.881262252671393,10.881262252671393,False,False,brownian_logprice_bridge,,,,
508,10.94807763364929,10.948077633649293,False,False,brownian_logprice_bridge,,,,
509,10.879867092627563,10.879867092627562,False,False,brownian_logprice_bridge,,,,
510,10.98978660004066,10.98978660004066,False,False,brownian_logprice_bridge,,,,
511,10.97841865891289,10.978418658912888,False,False,brownian_logprice_bridge,,,,
512,10.902575566246863,10.902575566246865,False,False,brownian_logprice_bridge,,,,
513,10.853122338325727,10.853122338325727,False,False,brownian_logprice_bridge,,,,
514,10.772377610081415,10.772377610081417,False,False,brownian_logprice_bridge,,,,
515,10.674993028382344,10.674993028382346,False,False,brownian_logprice_bridge,,,,
516,10.636634412108736,10.636634412108736,False,False,brownian_logprice_bridge,,,,
517,10.707693237534816,10.707693237534817,False,False,brownian_logprice_bridge,,,,
518,10.74077999084413,10.740779990844128,False,False,brownian_logprice_bridge,,,,
519,10.704258556033862,10.70425855603386,False,False,brownian_logprice_bridge,,,,
520,10.736228155884088,10.736228155884088,False,False,brownian_logprice_bridge,,,,
521,10.745753283949645,10.745753283949647,False,False,brownian_logprice_bridge,,,,
522,10.735616256613469,10.73561625661347,False,False,brownian_logprice_bridge,,,,
523,10.715663245314555,10.715663245314557,False,False,brownian_logprice_bridge,,,,
524,10.681176276996288,10.681176276996288,False,False,brownian_logprice_bridge,,,,
525,10.689783069822113,10.689783069822115,False,False,brownian_logprice_bridge,,,,
526,10.786812231782667,10.786812231782665,False,False,brownian_logprice_bridge,,,,
527,10.761078465206868,10.761078465206868,False,False,brownian_logprice_bridge,,,,
528,10.866824618081663,10.866824618081665,False,False,brownian_logprice_bridge,,,,
529,10.830637829347513,10.830637829347515,False,False,brownian_logprice_bridge,,,,
530,10.832938018955971,10.83293801895597,False,False,brownian_logprice_bridge,,,,
531,10.931405232270937,10.931405232270938,False,False,brownian_logprice_bridge,,,,
532,10.941855476104516,10.941855476104514,False,False,brownian_logprice_bridge,,,,
533,10.999268913918527,10.999268913918527,False,False,brownian_logprice_bridge,,,,
534,11.05675352946312,11.05675352946312,False,False,brownian_logprice_bridge,,,,
535,11.16000654104576,11.160006541045759,False,False,brownian_logprice_bridge,,,,
536,11.150828011283084,11.150828011283084,False,False,brownian_logprice_bridge,,,,
537,11.123076323120326,11.123076323120328,False,False,brownian_logprice_bridge,,,,
538,11.030062528846578,11.03006252884658,False,False,brownian_logprice_bridge,,,,
539,11.082707003515065,11.082707003515067,False,False,brownian_logprice_bridge,,,,
540,11.066117362320968,11.066117362320968,False,False,brownian_logprice_bridge,,,,
541,11.003461192740946,11.003461192740946,False,False,brownian_logprice_bridge,,,,
542,11.074877424468497,11.074877424468497,False,False,brownian_logprice_bridge,,,,
543,11.187326637487404,11.187326637487406,False,False,brownian_logprice_bridge,,,,
544,11.08934499331022,11.08934499331022,False,False,brownian_logprice_bridge,,,,
545,11.099429146679697,11.099429146679695,False,False,brownian_logprice_bridge,,,,
546,11.08951565398764,11.08951565398764,False,False,brownian_logprice_bridge,,,,
547,10.989985326947137,10.989985326947137,False,False,brownian_logprice_bridge,,,,
548,10.994415202077649,10.99441520207765,False,False,brownian_logprice_bridge,,,,
549,11.004907326733688,11.004907326733688,False,False,brownian_logprice_bridge,,,,
550,11.059232549577576,11.059232549577578,False,False,brownian_logprice_bridge,,,,
551,11.033619017980696,11.033619017980694,False,False,brownian_logprice_bridge,,,,
552,11.206543740607422,11.206543740607424,False,False,brownian_logprice_bridge,,,,
553,11.338849213340133,11.338849213340131,False,False,brownian_logprice_bridge,,,,
554,11.295388684077198,11.2953886840772,False,False,brownian_logprice_bridge,,,,
555,11.161456313625544,11.161456313625546,False,False,brownian_logprice_bridge,,,,
556,11.07587692111454,11.07587692111454,False,False,brownian_logprice_bridge,,,,
557,11.007886124744088,11.007886124744088,False,False,brownian_logprice_bridge,,,,
558,11.06680250682033,11.066802506820332,False,False,brownian_logprice_bridge,,,,
559,11.001602697542982,11.00160269754298,False,False,brownian_logprice_bridge,,,,
560,10.909219870398504,10.909219870398505,False,False,brownian_logprice_bridge,,,,
561,10.99138450859448,10.99138450859448,False,False,brownian_logprice_bridge,,,,
562,10.9111236868907,10.911123686890702,False,False,brownian_logprice_bridge,,,,
563,10.916534519584372,10.916534519584374,False,False,brownian_logprice_bridge,,,,
564,10.962648655076242,10.962648655076244,False,False,brownian_logprice_bridge,,,,
565,11.15026067930725,11.150260679307252,False,False,brownian_logprice_bridge,,,,
566,11.097054503404507,11.097054503404507,False,False,brownian_logprice_bridge,,,,
567,11.053501244333958,11.053501244333958,False,False,brownian_logprice_bridge,,,,
568,11.051530442067596,11.051530442067596,False,False,brownian_logprice_bridge,,,,
569,10.992189008807417,10.992189008807415,False,False,brownian_logprice_bridge,,,,
570,11.062113883487884,11.062113883487882,False,False,brownian_logprice_bridge,,,,
571,11.025693925752323,11.025693925752323,False,False,brownian_logprice_bridge,,,,
572,11.07984115453338,11.079841154533378,False,False,brownian_logprice_bridge,,,,
573,11.114557451874951,11.114557451874953,False,False,brownian_logprice_bridge,,,,
574,11.137353990017564,11.137353990017562,False,False,brownian_logprice_bridge,,,,
575,11.131216239312652,11.13121623931265,False,False,brownian_logprice_bridge,,,,
576,11.182943202791742,11.182943202791742,False,False,brownian_logprice_bridge,,,,
577,11.217459757726337,11.217459757726338,False,False,brownian_logprice_bridge,,,,
578,11.244375627814922,11.244375627814922,False,False,brownian_logprice_bridge,,,,
579,11.31063827962439,11.310638279624389,False,False,brownian_logprice_bridge,,,,
580,11.277784804424297,11.277784804424298,False,False,brownian_logprice_bridge,,,,
581,11.345934062991224,11.345934062991224,False,False,brownian_logprice_bridge,,,,
582,11.208059252306931,11.208059252306931,False,False,brownian_logprice_bridge,,,,
583,11.147322622381758,11.14732262238176,False,False,brownian_logprice_bridge,,,,
584,11.19181284840048,11.191812848400481,False,False,brownian_logprice_bridge,,,,
585,11.286349879358736,11.286349879358738,False,False,brownian_logprice_bridge,,,,
586,11.268830147482456,11.268830147482454,False,False,brownian_logprice_bridge,,,,
587,11.187689580364363,11.187689580364363,False,False,brownian_logprice_bridge,,,,
588,11.011595187777187,11.01159518777719,False,False,brownian_logprice_bridge,,,,
589,11.064432978838266,11.064432978838264,False,False,brownian_logprice_bridge,,,,
590,10.993376966940737,10.993376966940735,False,False,brownian_logprice_bridge,,,,
591,10.907227150612732,10.907227150612734,False,False,brownian_logprice_bridge,,,,
592,10.909186643366269,10.909186643366269,False,False,brownian_logprice_bridge,,,,
593,10.97656485209801,10.976564852098011,False,False,brownian_logprice_bridge,,,,
594,10.980397328887818,10.98039732888782,False,False,brownian_logprice_bridge,,,,
595,11.059450132646422,11.059450132646424,False,False,brownian_logprice_bridge,,,,
596,11.1424849594116,11.142484959411602,False,False,brownian_logprice_bridge,,,,
597,11.092833124082109,11.09283312408211,False,False,brownian_logprice_bridge,,,,
598,11.11401091192733,11.11401091192733,False,False,brownian_logprice_bridge,,,,
599,11.078809837495326,11.078809837495328,False,False,brownian_logprice_bridge,,,,
600,11.13912471497292,11.139124714972922,False,False,brownian_logprice_bridge,,,,
601,11.069294240862462,11.06929424086246,False,False,brownian_logprice_bridge,,,,
602,11.025345231015857,11.025345231015855,False,False,brownian_logprice_bridge,,,,
603,11.00756916851126,11.00756916851126,False,False,brownian_logprice_bridge,,,,
604,11.122795379499122,11.12279537949912,False,False,brownian_logprice_bridge,,,,
605,11.165886676024746,11.165886676024744,False,False,brownian_logprice_bridge,,,,
606,11.194438556841911,11.194438556841911,False,False,brownian_logprice_bridge,,,,
607,11.112688759759084,11.112688759759084,False,False,brownian_logprice_bridge,,,,
608,11.057613090118402,11.0576130901184,False,False,brownian_logprice_bridge,,,,
609,11.041030043071114,11.041030043071112,False,False,brownian_logprice_bridge,,,,
610,11.07523291483004,11.075232914830043,False,False,brownian_logprice_bridge,,,,
611,11.146210699060864,11.146210699060862,False,False,brownian_logprice_bridge,,,,
612,11.104035286036355,11.104035286036355,False,False,brownian_logprice_bridge,,,,
613,11.118520735668184,11.118520735668183,False,False,brownian_logprice_bridge,,,,
614,10.99600663530905,10.996006635309051,False,False,brownian_logprice_bridge,,,,
615,11.00975032700532,11.00975032700532,False,False,brownian_logprice_bridge,,,,
616,10.932485500384464,10.932485500384463,False,False,brownian_logprice_bridge,,,,
617,10.905511657430807,10.905511657430807,False,False,brownian_logprice_bridge,,,,
618,10.926234224916866,10.926234224916868,False,False,brownian_logprice_bridge,,,,
619,10.920533125489657,10.920533125489658,False,False,brownian_logprice_bridge,,,,
620,11.070738653372205,11.070738653372207,False,False,brownian_logprice_bridge,,,,
621,11.081426427296012,11.08142642729601,False,False,brownian_logprice_bridge,,,,
622,11.071612457664155,11.071612457664154,False,False,brownian_logprice_bridge,,,,
623,11.15988009298123,11.159880092981231,False,False,brownian_logprice_bridge,,,,
624,11.017388406186894,11.017388406186894,False,False,brownian_logprice_bridge,,,,
625,10.907320610041715,10.907320610041713,False,False,brownian_logprice_bridge,,,,
626,10.895626659303316,10.895626659303316,False,False,brownian_logprice_bridge,,,,
627,10.706415878016427,10.706415878016426,False,False,brownian_logprice_bridge,,,,
628,10.618673752994782,10.61867375299478,False,False,brownian_logprice_bridge,,,,
629,10.689494049847108,10.689494049847108,False,False,brownian_logprice_bridge,,,,
630,10.684089503089204,10.684089503089206,False,False,brownian_logprice_bridge,,,,
631,10.691233809852656,10.691233809852655,False,False,brownian_logprice_bridge,,,,
632,10.698390159750296,10.698390159750298,False,False,brownian_logprice_bridge,,,,
633,10.83932132525316,10.83932132525316,False,False,brownian_logprice_bridge,,,,
634,10.795390310161974,10.795390310161975,False,False,brownian_logprice_bridge,,,,
635,10.790055475859734,10.790055475859736,False,False,brownian_logprice_bridge,,,,
636,10.814122876113313,10.814122876113313,False,False,brownian_logprice_bridge,,,,
637,10.880157501894178,10.880157501894177,False,False,brownian_logprice_bridge,,,,
638,10.896812209275978,10.896812209275977,False,False,brownian_logprice_bridge,,,,
639,11.009938216143311,11.009938216143311,False,False,brownian_logprice_bridge,,,,
640,11.130515326729524,11.130515326729522,False,False,brownian_logprice_bridge,,,,
641,11.129514597127972,11.12951459712797,False,False,brownian_logprice_bridge,,,,
642,11.103160838588034,11.103160838588034,False,False,brownian_logprice_bridge,,,,
643,11.037542534764924,11.037542534764924,False,False,brownian_logprice_bridge,,,,
644,10.950328976191669,10.95032897619167,False,False,brownian_logprice_bridge,,,,
645,10.831800172493576,10.831800172493576,False,False,brownian_logprice_bridge,,,,
646,10.939916953546629,10.93991695354663,False,False,brownian_logprice_bridge,,,,
647,11.1454981866292,11.145498186629203,False,False,brownian_logprice_bridge,,,,
648,11.05209446711402,11.052094467114022,False,False,brownian_logprice_bridge,,,,
649,11.00016460448087,11.000164604480869,False,False,brownian_logprice_bridge,,,,
650,11.018226827964275,11.018226827964277,False,False,brownian_logprice_bridge,,,,
651,11.058538539553089,11.058538539553089,False,False,brownian_logprice_bridge,,,,
652,11.173035099388231,11.17303509938823,False,False,brownian_logprice_bridge,,,,
653,11.163513815581384,11.163513815581382,False,False,brownian_logprice_bridge,,,,
654,11.182648950529234,11.182648950529233,False,False,brownian_logprice_bridge,,,,
655,11.054181028872922,11.054181028872922,False,False,brownian_logprice_bridge,,,,
656,11.090088411469548,11.090088411469546,False,False,brownian_logprice_bridge,,,,
657,11.214869387684082,11.214869387684084,False,False,brownian_logprice_bridge,,,,
658,11.158819890805086,11.158819890805086,False,False,brownian_logprice_bridge,,,,
659,11.168249986304426,11.168249986304426,False,False,brownian_logprice_bridge,,,,
660,11.349641459513265,11.349641459513265,False,False,brownian_logprice_bridge,,,,
661,11.43031546313397,11.43031546313397,False,False,brownian_logprice_bridge,,,,
662,11.466705232636734,11.466705232636732,False,False,brownian_logprice_bridge,,,,
663,11.47373862332247,11.473738623322472,False,False,brownian_logprice_bridge,,,,
664,11.39202243696057,11.392022436960568,False,False,brownian_logprice_bridge,,,,
665,11.378440587219709,11.37844058721971,False,False,brownian_logprice_bridge,,,,
666,11.509683614920448,11.509683614920446,False,False,brownian_logprice_bridge,,,,
667,11.40095103145478,11.400951031454778,False,False,brownian_logprice_bridge,,,,
668,11.454311258993654,11.454311258993652,False,False,brownian_logprice_bridge,,,,
669,11.33674739179512,11.336747391795122,False,False,brownian_logprice_bridge,,,,
670,11.355980006566949,11.355980006566947,False,False,brownian_logprice_bridge,,,,
671,11.441894832844968,11.441894832844966,False,False,brownian_logprice_bridge,,,,
672,11.559898425308509,11.559898425308507,False,False,brownian_logprice_bridge,,,,
673,11.566078113556008,11.56607811355601,False,False,brownian_logprice_bridge,,,,
674,11.624698256990207,11.624698256990206,False,False,brownian_logprice_bridge,,,,
675,11.783580133350885,11.783580133350886,False,False,brownian_logprice_bridge,,,,
676,11.898397727966833,11.898397727966833,False,False,brownian_logprice_bridge,,,,
677,11.829213986935429,11.829213986935427,False,False,brownian_logprice_bridge,,,,
678,11.840536760128147,11.840536760128149,False,False,brownian_logprice_bridge,,,,
679,11.927886954666953,11.92788695466695,False,False,brownian_logprice_bridge,,,,
680,11.893608989321605,11.893608989321605,False,False,brownian_logprice_bridge,,,,
681,11.887500401942598,11.8875004019426,False,False,brownian_logprice_bridge,,,,
682,11.918639867016656,11.918639867016655,False,False,brownian_logprice_bridge,,,,
683,11.79556936103999,11.79556936103999,False,False,brownian_logprice_bridge,,,,
684,11.942288398972122,11.942288398972122,False,False,brownian_logprice_bridge,,,,
685,11.942824312785746,11.942824312785747,False,False,brownian_logprice_bridge,,,,
686,11.897644721033885,11.897644721033883,False,False,brownian_logprice_bridge,,,,
687,11.997576063892046,11.997576063892048,False,False,brownian_logprice_bridge,,,,
688,11.92122064705183,11.92122064705183,False,False,brownian_logprice_bridge,,,,
689,11.910572243057892,11.91057224305789,False,False,brownian_logprice_bridge,,,,
690,11.992149720283368,11.992149720283367,False,False,brownian_logprice_bridge,,,,
691,11.98558232471972,11.985582324719722,False,False,brownian_logprice_bridge,,,,
692,11.889796818848216,11.889796818848216,False,False,brownian_logprice_bridge,,,,
693,11.858440935862324,11.858440935862323,False,False,brownian_logprice_bridge,,,,
694,11.96064307694404,11.960643076944038,False,False,brownian_logprice_bridge,,,,
695,11.958676004120488,11.95867600412049,False,False,brownian_logprice_bridge,,,,
696,11.927282736384672,11.927282736384672,False,False,brownian_logprice_bridge,,,,
697,11.95333939154056,11.95333939154056,False,False,brownian_logprice_bridge,,,,
698,11.92185972935481,11.921859729354813,False,False,brownian_logprice_bridge,,,,
699,11.808110561444844,11.808110561444844,False,False,brownian_logprice_bridge,,,,
700,11.781682449966953,11.781682449966953,False,False,brownian_logprice_bridge,,,,
701,11.578656775667392,11.578656775667394,False,False,brownian_logprice_bridge,,,,
702,11.606872102048976,11.606872102048976,False,False,brownian_logprice_bridge,,,,
703,11.644862677860592,11.644862677860592,False,False,brownian_logprice_bridge,,,,
704,11.6477505042382,11.647750504238198,False,False,brownian_logprice_bridge,,,,
705,11.56682398280794,11.566823982807941,False,False,brownian_logprice_bridge,,,,
706,11.420880160493898,11.420880160493898,False,False,brownian_logprice_bridge,,,,
707,11.430567836855776,11.430567836855776,False,False,brownian_logprice_bridge,,,,
708,11.425137748001788,11.425137748001788,False,False,brownian_logprice_bridge,,,,
709,11.463205681039287,11.463205681039287,False,False,brownian_logprice_bridge,,,,
710,11.46012596724597,11.46012596724597,False,False,brownian_logprice_bridge,,,,
711,11.47623330794632,11.47623330794632,False,False,brownian_logprice_bridge,,,,
712,11.567047186329688,11.56704718632969,False,False,brownian_logprice_bridge,,,,
713,11.571959426785416,11.571959426785416,False,False,brownian_logprice_bridge,,,,
714,11.65117942779092,11.651179427790922,False,False,brownian_logprice_bridge,,,,
715,11.6533986470372,11.653398647037198,False,False,brownian_logprice_bridge,,,,
716,11.648883601473113,11.648883601473115,False,False,brownian_logprice_bridge,,,,
717,11.61909009836452,11.619090098364522,False,False,brownian_logprice_bridge,,,,
718,11.514671147068578,11.514671147068576,False,False,brownian_logprice_bridge,,,,
719,11.694202841891853,11.694202841891855,False,False,brownian_logprice_bridge,,,,
720,11.688151664612247,11.688151664612247,False,False,brownian_logprice_bridge,,,,
721,11.782059095673915,11.782059095673917,False,False,brownian_logprice_bridge,,,,
722,11.81157746930073,11.811577469300731,False,False,brownian_logprice_bridge,,,,
723,11.955347894578969,11.95534789457897,False,False,brownian_logprice_bridge,,,,
724,11.901712418092398,11.9017124180924,False,False,brownian_logprice_bridge,,,,
725,12.01068466675828,12.01068466675828,False,False,brownian_logprice_bridge,,,,
726,11.974459543994028,11.97445954399403,False,False,brownian_logprice_bridge,,,,
727,11.92389184644367,11.923891846443668,False,False,brownian_logprice_bridge,,,,
728,11.809466451050074,11.809466451050074,False,False,brownian_logprice_bridge,,,,
729,11.660106084067682,11.660106084067682,False,False,brownian_logprice_bridge,,,,
730,11.70624912809062,11.706249128090619,False,False,brownian_logprice_bridge,,,,
731,11.6079638526748,11.607963852674802,False,False,brownian_logprice_bridge,,,,
732,11.48050356580391,11.48050356580391,False,False,brownian_logprice_bridge,,,,
733,11.480248930986814,11.480248930986816,False,False,brownian_logprice_bridge,,,,
734,11.520917376997147,11.520917376997147,False,False,brownian_logprice_bridge,,,,
735,11.511225836798122,11.51122583679812,False,False,brownian_logprice_bridge,,,,
736,11.655850770834697,11.655850770834695,False,False,brownian_logprice_bridge,,,,
737,11.624222787845383,11.624222787845385,False,False,brownian_logprice_bridge,,,,
738,11.693577663291656,11.693577663291654,False,False,brownian_logprice_bridge,,,,
739,11.814432300737884,11.814432300737884,False,False,brownian_logprice_bridge,,,,
740,11.810149445825951,11.810149445825953,False,False,brownian_logprice_bridge,,,,
741,11.848683734763274,11.848683734763275,False,False,brownian_logprice_bridge,,,,
742,11.767346724732173,11.767346724732171,False,False,brownian_logprice_bridge,,,,
743,11.6635143424682,11.6635143424682,False,False,brownian_logprice_bridge,,,,
744,11.664477193895788,11.66447719389579,False,False,brownian_logprice_bridge,,,,
745,11.674177039475428,11.674177039475428,False,False,brownian_logprice_bridge,,,,
746,11.591707169358344,11.591707169358346,False,False,brownian_logprice_bridge,,,,
747,11.621452337731348,11.62145233773135,False,False,brownian_logprice_bridge,,,,
748,11.390388010266957,11.390388010266959,False,False,brownian_logprice_bridge,,,,
749,11.430414845543714,11.430414845543714,False,False,brownian_logprice_bridge,,,,
750,11.414427673170428,11.414427673170428,False,False,brownian_logprice_bridge,,,,
751,11.43310016504229,11.433100165042292,False,False,brownian_logprice_bridge,,,,
752,11.449054108193456,11.449054108193454,False,False,brownian_logprice_bridge,,,,
753,11.421961808628746,11.421961808628746,False,False,brownian_logprice_bridge,,,,
754,11.443301237697272,11.443301237697273,False,False,brownian_logprice_bridge,,,,
755,11.469562773425173,11.46956277342517,False,False,brownian_logprice_bridge,,,,
756,11.475729244262924,11.475729244262924,False,False,brownian_logprice_bridge,,,,
757,11.537522726371789,11.537522726371789,False,False,brownian_logprice_bridge,,,,
758,11.445212976729367,11.445212976729366,False,False,brownian_logprice_bridge,,,,
759,11.489873023685558,11.489873023685556,False,False,brownian_logprice_bridge,,,,
760,11.54130265108485,11.541302651084848,False,False,brownian_logprice_bridge,,,,
761,11.58123659920575,11.581236599205752,False,False,brownian_logprice_bridge,,,,
762,11.500854091452693,11.500854091452693,False,False,brownian_logprice_bridge,,,,
763,11.529006563328316,11.529006563328315,False,False,brownian_logprice_bridge,,,,
764,11.60262712022243,11.60262712022243,False,False,brownian_logprice_bridge,,,,
765,11.537139971393112,11.537139971393112,False,False,brownian_logprice_bridge,,,,
766,11.705504599346844,11.705504599346842,False,False,brownian_logprice_bridge,,,,
767,11.771128162349449,11.771128162349447,False,False,brownian_logprice_bridge,,,,
768,11.790403812120696,11.790403812120697,False,False,brownian_logprice_bridge,,,,
769,11.761878311866608,11.761878311866608,False,False,brownian_logprice_bridge,,,,
770,11.588180606421176,11.588180606421176,False,False,brownian_logprice_bridge,,,,
771,11.458147869979062,11.45814786997906,False,False,brownian_logprice_bridge,,,,
772,11.526486984721108,11.526486984721107,False,False,brownian_logprice_bridge,,,,
773,11.652638072465653,11.652638072465654,False,False,brownian_logprice_bridge,,,,
774,11.570270425188172,11.57027042518817,False,False,brownian_logprice_bridge,,,,
775,11.571661496878814,11.571661496878814,False,False,brownian_logprice_bridge,,,,
776,11.447613583522608,11.447613583522607,False,False,brownian_logprice_bridge,,,,
777,11.418935714343064,11.418935714343062,False,False,brownian_logprice_bridge,,,,
778,11.451438424687437,11.451438424687435,False,False,brownian_logprice_bridge,,,,
779,11.50177058902276,11.501770589022758,False,False,brownian_logprice_bridge,,,,
780,11.505709510777027,11.505709510777026,False,False,brownian_logprice_bridge,,,,
781,11.444159976029104,11.444159976029102,False,False,brownian_logprice_bridge,,,,
782,11.704003583812352,11.704003583812353,False,False,brownian_logprice_bridge,,,,
783,11.619964704299235,11.619964704299237,False,False,brownian_logprice_bridge,,,,
784,11.735401761770037,11.735401761770037,False,False,brownian_logprice_bridge,,,,
785,11.717496860004522,11.717496860004523,False,False,brownian_logprice_bridge,,,,
786,11.778274520034026,11.778274520034028,False,False,brownian_logprice_bridge,,,,
787,11.761680103800058,11.761680103800057,False,False,brownian_logprice_bridge,,,,
788,11.757612548259168,11.75761254825917,False,False,brownian_logprice_bridge,,,,
789,11.765628465960308,11.765628465960308,False,False,brownian_logprice_bridge,,,,
790,11.817227604782545,11.817227604782545,False,False,brownian_logprice_bridge,,,,
791,11.884638955841012,11.88463895584101,False,False,brownian_logprice_bridge,,,,
792,11.794410665899576,11.794410665899575,False,False,brownian_logprice_bridge,,,,
793,11.709156771676156,11.709156771676154,False,False,brownian_logprice_bridge,,,,
794,11.729380746744845,11.729380746744846,False,False,brownian_logprice_bridge,,,,
795,11.68390634743659,11.68390634743659,False,False,brownian_logprice_bridge,,,,
796,11.643987571790374,11.643987571790376,False,False,brownian_logprice_bridge,,,,
797,11.763498144788498,11.763498144788496,False,False,brownian_logprice_bridge,,,,
798,11.703524118527763,11.703524118527763,False,False,brownian_logprice_bridge,,,,
799,,11.704477444382293,True,True,brownian_logprice_bridge,,0.01333230324058307,11.549465431514605,11.861569962557846
800,,11.705430847891225,True,True,brownian_logprice_bridge,,0.018668958702010567,11.488929854905937,11.926011653405231
801,,11.706384329060887,True,True,brownian_logprice_bridge,,0.0226349094974012,11.444387700055403,11.974378852878157
802,,11.707337887897603,True,True,brownian_logprice_bridge,,0.02586846799702994,11.408370577235377,12.014139924144828
803,,11.708291524407702,True,True,brownian_logprice_bridge,,0.028618971761592588,11.377961656435389,12.048211670935126
804,,11.709245238597507,True,True,brownian_logprice_bridge,,0.031015203569990605,11.351654650989085,12.078100353913792
805,,11.710199030473355,True,True,brownian_logprice_bridge,,0.03313411474454591,11.328549675012797,12.104705833241995
806,,11.711152900041562,True,True,brownian_logprice_bridge,,0.03502607124616125,11.308057851897644,12.128616960085331
807,,11.71210684730846,True,True,brownian_logprice_bridge,,0.03672616470035015,11.289768977432933,12.15024391349062
808,,11.71306087228038,True,True,brownian_logprice_bridge,,0.03825998013424706,11.27338404227878,12.169885677913367
809,,11.714014974963652,True,True,brownian_logprice_bridge,,0.03964682062622886,11.258677508592532,12.187767766591493
810,,11.714969155364605,True,True,brownian_logprice_bridge,,0.04090163922489422,11.2454747109706,12.204064820603628
811,,11.715923413489568,True,True,brownian_logprice_bridge,,0.04203626049517365,11.23363756805074,12.218914897266966
812,,11.716877749344874,True,True,brownian_logprice_bridge,,0.04306018696165218,11.223055150202468,12.232428902446975
813,,11.717832162936856,True,True,brownian_logprice_bridge,,0.04398115057097117,11.2136372299944,12.244697040090179
814,,11.718786654271845,True,True,brownian_logprice_bridge,,0.044805500884825364,11.205309742519233,12.25579335189932
815,,11.719741223356172,True,True,brownian_logprice_bridge,,0.04553848496769944,11.198011512583328,12.265778990143893
816,,11.720695870196172,True,True,brownian_logprice_bridge,,0.046184453189210134,11.1916918484596,12.274704623907382
817,,11.721650594798179,True,True,brownian_logprice_bridge,,0.04674701294456094,11.186308744819806,12.282612236155094
818,,11.72260539716853,True,True,brownian_logprice_bridge,,0.04722914483357927,11.181827524769572,12.289536481699274
819,,11.72356027731355,True,True,brownian_logprice_bridge,,0.04763329112924194,11.17821980600351,12.295505721044062
820,,11.724515235239583,True,True,brownian_logprice_bridge,,0.047961423305764,11.175462711904448,12.30054280928645
821,,11.725470270952961,True,True,brownian_logprice_bridge,,0.04821509335100264,11.173538272337293,12.304665695322498
822,,11.726425384460022,True,True,brownian_logprice_bridge,,0.04839547218280619,11.172432975326503,12.307887870169997
823,,11.7273805757671,True,True,brownian_logprice_bridge,,0.04850337749443113,11.1721374424415,12.310218691583167
824,,11.728335844880537,True,True,brownian_logprice_bridge,,0.04853929262522747,11.172646209243949,12.311663603605497
825,,11.729291191806666,True,True,brownian_logprice_bridge,,0.04850337749443113,11.17395759868661,12.31222426317102
826,,11.73024661655183,True,True,brownian_logprice_bridge,,0.04839547218280619,11.176073680659048,12.311898580558704
827,,11.731202119122363,True,True,brownian_logprice_bridge,,0.04821509335100264,11.179000315514418,12.3106806758658
828,,11.732157699524608,True,True,brownian_logprice_bridge,,0.047961423305764,11.182747283840323,12.30856074923708
829,,11.733113357764903,True,True,brownian_logprice_bridge,,0.04763329112924194,11.18732850938232,12.30552485794145
830,,11.734069093849591,True,True,brownian_logprice_bridge,,0.04722914483357927,11.192762387348402,12.301554588067596
831,,11.735024907785014,True,True,brownian_logprice_bridge,,0.04674701294456094,11.199072236881838,12.29662660205124
832,,11.735980799577506,True,True,brownian_logprice_bridge,,0.046184453189210134,11.206286905054862,12.290712034681537
833,,11.736936769233413,True,True,brownian_logprice_bridge,,0.04553848496769944,11.214441561423891,12.28377569854602
834,,11.737892816759079,True,True,brownian_logprice_bridge,,0.044805500884825364,11.223578738702582,12.275775043357624
835,,11.738848942160844,True,True,brownian_logprice_bridge,,0.04398115057097117,11.23374969915112,12.266658789565492
836,,11.739805145445056,True,True,brownian_logprice_bridge,,0.04306018696165218,11.245016242260226,12.256365120671099
837,,11.740761426618054,True,True,brownian_logprice_bridge,,0.04203626049517365,11.257453124669576,12.244819263309914
838,,11.741717785686186,True,True,brownian_logprice_bridge,,0.04090163922489422,11.27115135098947,12.231930196429861
839,,11.742674222655795,True,True,brownian_logprice_bridge,,0.03964682062622886,11.286222737798262,12.217586087293968
840,,11.743630737533229,True,True,brownian_logprice_bridge,,0.03825998013424706,11.302806396936873,12.201647808185978
841,,11.744587330324832,True,True,brownian_logprice_bridge,,0.03672616470035015,11.32107821618143,12.183939455737793
842,,11.74554400103695,True,True,brownian_logprice_bridge,,0.03502607124616125,11.341265219521112,12.164233990651743
843,,11.746500749675933,True,True,brownian_logprice_bridge,,0.03313411474454591,11.363668277882363,12.142230526976462
844,,11.74745757624813,True,True,brownian_logprice_bridge,,0.031015203569990605,11.388700015705421,12.117516425530475
845,,11.748414480759884,True,True,brownian_logprice_bridge,,0.028618971761592588,11.416952610663534,12.08949949418304
846,,11.749371463217544,True,True,brownian_logprice_bridge,,0.02586846799702994,11.44933075183081,12.057275029686446
847,,11.750328523627461,True,True,brownian_logprice_bridge,,0.0226349094974012,11.487348394463671,12.019329062894622
848,,11.751285661995984,True,True,brownian_logprice_bridge,,0.018668958702010567,11.53393654877353,11.97273056999057
849,,11.752242878329465,True,True,brownian_logprice_bridge,,0.01333230324058307,11.596598268569107,11.90997648384413
850,11.753200172634251,11.753200172634253,False,False,brownian_logprice_bridge,,,,
851,11.658572243203173,11.65857224320317,False,False,brownian_logprice_bridge,,,,
852,11.621492675440033,11.621492675440031,False,False,brownian_logprice_bridge,,,,
853,11.606110490196306,11.606110490196306,False,False,brownian_logprice_bridge,,,,
854,11.668892110645738,11.668892110645736,False,False,brownian_logprice_bridge,,,,
855,11.650383667324306,11.650383667324308,False,False,brownian_logprice_bridge,,,,
856,11.5603959536865,11.560395953686502,False,False,brownian_logprice_bridge,,,,
857,11.583284946587812,11.583284946587812,False,False,brownian_logprice_bridge,,,,
858,11.574237628754078,11.57423762875408,False,False,brownian_logprice_bridge,,,,
859,11.548531391236532,11.548531391236533,False,False,brownian_logprice_bridge,,,,
860,11.55562389112089,11.555623891120888,False,False,brownian_logprice_bridge,,,,
861,11.526662994873131,11.526662994873133,False,False,brownian_logprice_bridge,,,,
862,11.335387590193935,11.335387590193935,False,False,brownian_logprice_bridge,,,,
863,11.332294030934069,11.33229403093407,False,False,brownian_logprice_bridge,,,,
864,11.299257404306768,11.299257404306767,False,False,brownian_logprice_bridge,,,,
865,11.20901241318923,11.209012413189228,False,False,brownian_logprice_bridge,,,,
866,11.192196302732825,11.192196302732823,False,False,brownian_logprice_bridge,,,,
867,11.249685022959062,11.249685022959063,False,False,brownian_logprice_bridge,,,,
868,11.269848185034157,11.269848185034157,False,False,brownian_logprice_bridge,,,,
869,11.322237627547077,11.322237627547077,False,False,brownian_logprice_bridge,,,,
870,11.450075827366106,11.450075827366108,False,False,brownian_logprice_bridge,,,,
871,11.488419765591829,11.48841976559183,False,False,brownian_logprice_bridge,,,,
872,11.468259051043011,11.468259051043013,False,False,brownian_logprice_bridge,,,,
873,11.515184091027358,11.51518409102736,False,False,brownian_logprice_bridge,,,,
874,11.552697598749509,11.552697598749507,False,False,brownian_logprice_bridge,,,,
875,11.570649407590476,11.570649407590478,False,False,brownian_logprice_bridge,,,,
876,11.552466294671918,11.55246629467192,False,False,brownian_logprice_bridge,,,,
877,11.45580411133091,11.455804111330908,False,False,brownian_logprice_bridge,,,,
878,11.502506053177196,11.502506053177198,False,False,brownian_logprice_bridge,,,,
879,11.463050642675398,11.463050642675396,False,False,brownian_logprice_bridge,,,,
880,11.40676320969218,11.406763209692178,False,False,brownian_logprice_bridge,,,,
881,11.499896694002356,11.499896694002354,False,False,brownian_logprice_bridge,,,,
882,11.518448724353393,11.518448724353393,False,False,brownian_logprice_bridge,,,,
883,11.672691330636065,11.672691330636063,False,False,brownian_logprice_bridge,,,,
884,11.664462353121063,11.664462353121065,False,False,brownian_logprice_bridge,,,,
885,11.53455510060365,11.534555100603653,False,False,brownian_logprice_bridge,,,,
886,11.544437178596718,11.544437178596718,False,False,brownian_logprice_bridge,,,,
887,11.524076063655889,11.52407606365589,False,False,brownian_logprice_bridge,,,,
888,11.521575568375084,11.521575568375086,False,False,brownian_logprice_bridge,,,,
889,11.548430761447891,11.548430761447893,False,False,brownian_logprice_bridge,,,,
890,11.568988730583063,11.568988730583063,False,False,brownian_logprice_bridge,,,,
891,11.53424076031908,11.53424076031908,False,False,brownian_logprice_bridge,,,,
892,11.4155805180321,11.415580518032101,False,False,brownian_logprice_bridge,,,,
893,11.441911099247832,11.44191109924783,False,False,brownian_logprice_bridge,,,,
894,11.417793666663671,11.41779366666367,False,False,brownian_logprice_bridge,,,,
895,11.380319721802088,11.380319721802087,False,False,brownian_logprice_bridge,,,,
896,11.520464736937912,11.52046473693791,False,False,brownian_logprice_bridge,,,,
897,11.457250572767554,11.457250572767556,False,False,brownian_logprice_bridge,,,,
898,11.476521885921318,11.476521885921318,False,False,brownian_logprice_bridge,,,,
899,11.422912954157429,11.42291295415743,False,False,brownian_logprice_bridge,,,,
900,11.444652074892664,11.444652074892664,False,False,brownian_logprice_bridge,,,,
901,11.460702183473762,11.460702183473764,False,False,brownian_logprice_bridge,,,,
902,11.4619596799015,11.461959679901499,False,False,brownian_logprice_bridge,,,,
903,11.60908525983501,11.609085259835009,False,False,brownian_logprice_bridge,,,,
904,11.64953005426112,11.64953005426112,False,False,brownian_logprice_bridge,,,,
905,11.676791676440676,11.676791676440674,False,False,brownian_logprice_bridge,,,,
906,11.658455470245446,11.658455470245444,False,False,brownian_logprice_bridge,,,,
907,11.63149396979792,11.631493969797921,False,False,brownian_logprice_bridge,,,,
908,11.56626946104956,11.566269461049561,False,False,brownian_logprice_bridge,,,,
909,11.33143723784492,11.33143723784492,False,False,brownian_logprice_bridge,,,,
910,11.347339582114992,11.347339582114994,False,False,brownian_logprice_bridge,,,,
911,11.303677255440636,11.303677255440634,False,False,brownian_logprice_bridge,,,,
912,11.225788534519651,11.22578853451965,False,False,brownian_logprice_bridge,,,,
913,11.205737444048628,11.20573744404863,False,False,brownian_logprice_bridge,,,,
914,11.290809260906368,11.290809260906368,False,False,brownian_logprice_bridge,,,,
915,11.331450683473449,11.331450683473449,False,False,brownian_logprice_bridge,,,,
916,11.415701429345656,11.415701429345654,False,False,brownian_logprice_bridge,,,,
917,11.436557497733364,11.436557497733363,False,False,brownian_logprice_bridge,,,,
918,11.411399713592584,11.411399713592585,False,False,brownian_logprice_bridge,,,,
919,11.453604686357473,11.453604686357473,False,False,brownian_logprice_bridge,,,,
920,11.545229530764043,11.545229530764043,False,False,brownian_logprice_bridge,,,,
921,11.55304158584065,11.553041585840651,False,False,brownian_logprice_bridge,,,,
922,11.615877151807917,11.615877151807917,False,False,brownian_logprice_bridge,,,,
923,11.572109906634951,11.572109906634951,False,False,brownian_logprice_bridge,,,,
924,11.656922830306415,11.656922830306417,False,False,brownian_logprice_bridge,,,,
925,11.611209028523252,11.611209028523254,False,False,brownian_logprice_bridge,,,,
926,11.615496819347984,11.615496819347984,False,False,brownian_logprice_bridge,,,,
927,11.599191577450464,11.599191577450464,False,False,brownian_logprice_bridge,,,,
928,11.512590509197924,11.512590509197924,False,False,brownian_logprice_bridge,,,,
929,11.535003248569051,11.535003248569051,False,False,brownian_logprice_bridge,,,,
930,11.63108582824449,11.631085828244492,False,False,brownian_logprice_bridge,,,,
931,11.619435243308608,11.619435243308606,False,False,brownian_logprice_bridge,,,,
932,11.672263780986125,11.672263780986123,False,False,brownian_logprice_bridge,,,,
933,11.417555468910423,11.417555468910425,False,False,brownian_logprice_bridge,,,,
934,11.388636662319149,11.388636662319147,False,False,brownian_logprice_bridge,,,,
935,11.350158333352026,11.350158333352027,False,False,brownian_logprice_bridge,,,,
936,11.314237440108707,11.314237440108705,False,False,brownian_logprice_bridge,,,,
937,11.333950934730243,11.333950934730241,False,False,brownian_logprice_bridge,,,,
938,11.313203347490262,11.313203347490264,False,False,brownian_logprice_bridge,,,,
939,11.250511540132196,11.250511540132194,False,False,brownian_logprice_bridge,,,,
940,11.316142068403204,11.316142068403204,False,False,brownian_logprice_bridge,,,,
941,11.218254441338814,11.218254441338816,False,False,brownian_logprice_bridge,,,,
942,11.229144252734397,11.229144252734397,False,False,brownian_logprice_bridge,,,,
943,11.188950531499897,11.188950531499898,False,False,brownian_logprice_bridge,,,,
944,11.228856521511853,11.228856521511851,False,False,brownian_logprice_bridge,,,,
945,11.232439631893154,11.232439631893156,False,False,brownian_logprice_bridge,,,,
946,11.332191626299728,11.332191626299728,False,False,brownian_logprice_bridge,,,,
947,11.261346358997397,11.261346358997397,False,False,brownian_logprice_bridge,,,,
948,11.277293366493844,11.277293366493842,False,False,brownian_logprice_bridge,,,,
949,11.19665810037788,11.19665810037788,False,False,brownian_logprice_bridge,,,,
950,11.189750220888117,11.189750220888115,False,False,brownian_logprice_bridge,,,,
951,11.227268749866168,11.227268749866166,False,False,brownian_logprice_bridge,,,,
952,11.267958206465776,11.267958206465776,False,False,brownian_logprice_bridge,,,,
953,11.338161859158909,11.338161859158907,False,False,brownian_logprice_bridge,,,,
954,11.386760231885992,11.386760231885994,False,False,brownian_logprice_bridge,,,,
955,11.35403760314011,11.354037603140112,False,False,brownian_logprice_bridge,,,,
956,11.34008671778978,11.340086717789779,False,False,brownian_logprice_bridge,,,,
957,11.37589463512743,11.375894635127429,False,False,brownian_logprice_bridge,,,,
958,11.47725271475252,11.477252714752522,False,False,brownian_logprice_bridge,,,,
959,11.488586519325604,11.488586519325604,False,False,brownian_logprice_bridge,,,,
960,11.364146713660212,11.364146713660213,False,False,brownian_logprice_bridge,,,,
961,11.47396077586697,11.47396077586697,False,False,brownian_logprice_bridge,,,,
962,11.373851624658917,11.373851624658915,False,False,brownian_logprice_bridge,,,,
963,11.445920386367126,11.445920386367126,False,False,brownian_logprice_bridge,,,,
964,11.34569061304269,11.345690613042692,False,False,brownian_logprice_bridge,,,,
965,11.310672222691592,11.310672222691593,False,False,brownian_logprice_bridge,,,,
966,11.185970587048995,11.185970587048997,False,False,brownian_logprice_bridge,,,,
967,11.033188701929232,11.033188701929234,False,False,brownian_logprice_bridge,,,,
968,10.955520282114104,10.955520282114103,False,False,brownian_logprice_bridge,,,,
969,10.775823580656862,10.775823580656862,False,False,brownian_logprice_bridge,,,,
970,10.724315134658523,10.724315134658523,False,False,brownian_logprice_bridge,,,,
971,10.609559663912032,10.609559663912032,False,False,brownian_logprice_bridge,,,,
972,10.535911867705382,10.53591186770538,False,False,brownian_logprice_bridge,,,,
973,10.353265765651429,10.353265765651429,False,False,brownian_logprice_bridge,,,,
974,10.498684506792792,10.498684506792793,False,False,brownian_logprice_bridge,,,,
975,10.472180352442082,10.47218035244208,False,False,brownian_logprice_bridge,,,,
976,10.547695103870367,10.547695103870366,False,False,brownian_logprice_bridge,,,,
977,10.570518928669763,10.570518928669761,False,False,brownian_logprice_bridge,,,,
978,10.415501692844412,10.415501692844414,False,False,brownian_logprice_bridge,,,,
979,10.532832215516269,10.532832215516267,False,False,brownian_logprice_bridge,,,,
980,10.457363988108698,10.457363988108696,False,False,brownian_logprice_bridge,,,,
981,10.44032142239088,10.440321422390879,False,False,brownian_logprice_bridge,,,,
982,10.473078957072754,10.473078957072756,False,False,brownian_logprice_bridge,,,,
983,10.421806402190477,10.421806402190477,False,False,brownian_logprice_bridge,,,,
984,10.432261146259629,10.432261146259627,False,False,brownian_logprice_bridge,,,,
985,10.501416005886735,10.501416005886737,False,False,brownian_logprice_bridge,,,,
986,10.38733501860341,10.387335018603412,False,False,brownian_logprice_bridge,,,,
987,10.32443462803734,10.324434628037338,False,False,brownian_logprice_bridge,,,,
988,10.427080495389578,10.427080495389578,False,False,brownian_logprice_bridge,,,,
989,10.385570535776974,10.385570535776974,False,False,brownian_logprice_bridge,,,,
990,10.302411539544917,10.302411539544918,False,False,brownian_logprice_bridge,,,,
991,10.432053192817984,10.432053192817982,False,False,brownian_logprice_bridge,,,,
992,10.416663609315016,10.416663609315016,False,False,brownian_logprice_bridge,,,,
993,10.518564321865938,10.518564321865938,False,False,brownian_logprice_bridge,,,,
994,10.561587924318172,10.561587924318172,False,False,brownian_logprice_bridge,,,,
995,10.517831996223062,10.517831996223064,False,False,brownian_logprice_bridge,,,,
996,10.65638870399336,10.656388703993358,False,False,brownian_logprice_bridge,,,,
997,10.60098892179998,10.60098892179998,False,False,brownian_logprice_bridge,,,,
998,10.625570694009037,10.625570694009035,False,False,brownian_logprice_bridge,,,,
999,10.592258081409836,10.592258081409836,False,False,brownian_logprice_bridge,,,,
1000,10.474126763263923,10.474126763263923,False,False,brownian_logprice_bridge,,,,
1001,10.50323083643147,10.503230836431472,False,False,brownian_logprice_bridge,,,,
1002,10.447857411922207,10.447857411922207,False,False,brownian_logprice_bridge,,,,
1003,10.55443366135111,10.55443366135111,False,False,brownian_logprice_bridge,,,,
1004,10.620777545387266,10.620777545387265,False,False,brownian_logprice_bridge,,,,
1005,10.609867854776258,10.60986785477626,False,False,brownian_logprice_bridge,,,,
1006,10.670802328447015,10.670802328447015,False,False,brownian_logprice_bridge,,,,
1007,10.698497460123042,10.698497460123042,False,False,brownian_logprice_bridge,,,,
1008,10.724852018483732,10.724852018483734,False,False,brownian_logprice_bridge,,,,
1009,10.747825103902738,10.74782510390274,False,False,brownian_logprice_bridge,,,,
1010,10.697487935458277,10.697487935458275,False,False,brownian_logprice_bridge,,,,
1011,10.679793818946807,10.679793818946807,False,False,brownian_logprice_bridge,,,,
1012,10.568991278877718,10.56899127887772,False,False,brownian_logprice_bridge,,,,
1013,10.590288624413809,10.590288624413807,False,False,brownian_logprice_bridge,,,,
1014,10.630036614703116,10.630036614703116,False,False,brownian_logprice_bridge,,,,
1015,10.590088679020347,10.590088679020349,False,False,brownian_logprice_bridge,,,,
1016,10.56576351428018,10.56576351428018,False,False,brownian_logprice_bridge,,,,
1017,10.455911917536026,10.455911917536024,False,False,brownian_logprice_bridge,,,,
1018,10.402912138257705,10.402912138257703,False,False,brownian_logprice_bridge,,,,
1019,10.341268138981484,10.341268138981482,False,False,brownian_logprice_bridge,,,,
1020,10.374177520217536,10.374177520217536,False,False,brownian_logprice_bridge,,,,
1021,10.394631424766654,10.394631424766654,False,False,brownian_logprice_bridge,,,,
1022,10.39839482128547,10.39839482128547,False,False,brownian_logprice_bridge,,,,
1023,10.389666657705488,10.38966665770549,False,False,brownian_logprice_bridge,,,,
1024,10.52427260384416,10.524272603844162,False,False,brownian_logprice_bridge,,,,
1025,10.5377762814811,10.5377762814811,False,False,brownian_logprice_bridge,,,,
1026,10.496400226835974,10.496400226835972,False,False,brownian_logprice_bridge,,,,
1027,10.558343804012134,10.558343804012134,False,False,brownian_logprice_bridge,,,,
1028,10.498263762605424,10.498263762605424,False,False,brownian_logprice_bridge,,,,
1029,10.56974304078378,10.569743040783782,False,False,brownian_logprice_bridge,,,,
1030,10.617534797570436,10.617534797570434,False,False,brownian_logprice_bridge,,,,
1031,10.496668340106922,10.496668340106922,False,False,brownian_logprice_bridge,,,,
1032,10.419473290438283,10.419473290438281,False,False,brownian_logprice_bridge,,,,
1033,10.421704359814685,10.421704359814683,False,False,brownian_logprice_bridge,,,,
1034,10.414671453451067,10.414671453451067,False,False,brownian_logprice_bridge,,,,
1035,10.50716574712984,10.50716574712984,False,False,brownian_logprice_bridge,,,,
1036,10.501910329933144,10.501910329933143,False,False,brownian_logprice_bridge,,,,
1037,10.633541005506922,10.63354100550692,False,False,brownian_logprice_bridge,,,,
1038,10.72501983074533,10.72501983074533,False,False,brownian_logprice_bridge,,,,
1039,10.70810728265928,10.70810728265928,False,False,brownian_logprice_bridge,,,,
1040,10.826386521755357,10.826386521755355,False,False,brownian_logprice_bridge,,,,
1041,10.87592392169496,10.87592392169496,False,False,brownian_logprice_bridge,,,,
1042,10.855995677460694,10.855995677460694,False,False,brownian_logprice_bridge,,,,
1043,10.73719953507123,10.73719953507123,False,False,brownian_logprice_bridge,,,,
1044,10.6002982330931,10.6002982330931,False,False,brownian_logprice_bridge,,,,
1045,10.71809969628016,10.71809969628016,False,False,brownian_logprice_bridge,,,,
1046,10.635900505966518,10.63590050596652,False,False,brownian_logprice_bridge,,,,
1047,10.653823698339927,10.653823698339929,False,False,brownian_logprice_bridge,,,,
1048,10.678225308578522,10.678225308578522,False,False,brownian_logprice_bridge,,,,
1049,10.647655328308296,10.647655328308296,False,False,brownian_logprice_bridge,,,,
1050,10.552313044713266,10.552313044713264,False,False,brownian_logprice_bridge,,,,
1051,10.506949057088134,10.506949057088132,False,False,brownian_logprice_bridge,,,,
1052,10.388965589270438,10.388965589270438,False,False,brownian_logprice_bridge,,,,
1053,10.449232097049263,10.449232097049263,False,False,brownian_logprice_bridge,,,,
1054,10.530238197859807,10.53023819785981,False,False,brownian_logprice_bridge,,,,
1055,10.544811343901095,10.544811343901094,False,False,brownian_logprice_bridge,,,,
1056,10.54398006411196,10.543980064111961,False,False,brownian_logprice_bridge,,,,
1057,10.5408520052537,10.5408520052537,False,False,brownian_logprice_bridge,,,,
1058,10.611774287566895,10.611774287566897,False,False,brownian_logprice_bridge,,,,
1059,10.655901531768524,10.655901531768523,False,False,brownian_logprice_bridge,,,,
1060,10.663295196597929,10.663295196597927,False,False,brownian_logprice_bridge,,,,
1061,10.605694572137905,10.605694572137903,False,False,brownian_logprice_bridge,,,,
1062,10.592449843494,10.592449843494002,False,False,brownian_logprice_bridge,,,,
1063,10.530474818167008,10.530474818167008,False,False,brownian_logprice_bridge,,,,
1064,10.49684938896988,10.496849388969881,False,False,brownian_logprice_bridge,,,,
1065,10.430596318333716,10.430596318333718,False,False,brownian_logprice_bridge,,,,
1066,10.504248278001446,10.504248278001448,False,False,brownian_logprice_bridge,,,,
1067,10.426521684591672,10.426521684591672,False,False,brownian_logprice_bridge,,,,
1068,10.28082139154912,10.280821391549122,False,False,brownian_logprice_bridge,,,,
1069,10.226694980737946,10.226694980737944,False,False,brownian_logprice_bridge,,,,
1070,10.231284701479725,10.231284701479726,False,False,brownian_logprice_bridge,,,,
1071,10.218072957791202,10.218072957791204,False,False,brownian_logprice_bridge,,,,
1072,10.199853719305812,10.19985371930581,False,False,brownian_logprice_bridge,,,,
1073,10.147030804836753,10.147030804836753,False,False,brownian_logprice_bridge,,,,
1074,10.155616865064484,10.155616865064486,False,False,brownian_logprice_bridge,,,,
1075,10.088367053001022,10.08836705300102,False,False,brownian_logprice_bridge,,,,
1076,10.059158346531188,10.05915834653119,False,False,brownian_logprice_bridge,,,,
1077,10.112711890656616,10.112711890656614,False,False,brownian_logprice_bridge,,,,
1078,10.077185599883924,10.077185599883922,False,False,brownian_logprice_bridge,,,,
1079,10.059884694917203,10.059884694917205,False,False,brownian_logprice_bridge,,,,
1080,10.15426386039534,10.154263860395337,False,False,brownian_logprice_bridge,,,,
1081,10.07146638175906,10.071466381759059,False,False,brownian_logprice_bridge,,,,
1082,10.098253809509918,10.098253809509917,False,False,brownian_logprice_bridge,,,,
1083,10.193099440784238,10.19309944078424,False,False,brownian_logprice_bridge,,,,
1084,10.09061455295062,10.090614552950623,False,False,brownian_logprice_bridge,,,,
1085,10.022120694307684,10.022120694307684,False,False,brownian_logprice_bridge,,,,
1086,9.907072602929974,9.907072602929972,False,False,brownian_logprice_bridge,,,,
1087,9.9265114975374,9.9265114975374,False,False,brownian_logprice_bridge,,,,
1088,9.90542272768063,9.90542272768063,False,False,brownian_logprice_bridge,,,,
1089,10.023054363465963,10.023054363465961,False,False,brownian_logprice_bridge,,,,
1090,10.021930946324463,10.021930946324463,False,False,brownian_logprice_bridge,,,,
1091,9.91989177539736,9.919891775397362,False,False,brownian_logprice_bridge,,,,
1092,9.884219930822624,9.884219930822626,False,False,brownian_logprice_bridge,,,,
1093,9.93951532004905,9.939515320049052,False,False,brownian_logprice_bridge,,,,
1094,9.880110171286509,9.88011017128651,False,False,brownian_logprice_bridge,,,,
1095,9.92566993073524,9.92566993073524,False,False,brownian_logprice_bridge,,,,
1096,9.960415287873076,9.960415287873078,False,False,brownian_logprice_bridge,,,,
1097,10.023680654295523,10.023680654295521,False,False,brownian_logprice_bridge,,,,
1098,10.05137163391389,10.051371633913892,False,False,brownian_logprice_bridge,,,,
1099,9.99776937259793,9.99776937259793,False,False,brownian_logprice_bridge,,,,
1100,10.048413254949311,10.04841325494931,False,False,brownian_logprice_bridge,,,,
1101,10.025312531626716,10.025312531626717,False,False,brownian_logprice_bridge,,,,
1102,9.989936999225003,9.989936999225002,False,False,brownian_logprice_bridge,,,,
1103,9.938351824883975,9.938351824883977,False,False,brownian_logprice_bridge,,,,
1104,9.872087408652776,9.872087408652778,False,False,brownian_logprice_bridge,,,,
1105,9.840504751306044,9.840504751306042,False,False,brownian_logprice_bridge,,,,
1106,9.92652193872699,9.926521938726992,False,False,brownian_logprice_bridge,,,,
1107,10.0057930213146,10.005793021314599,False,False,brownian_logprice_bridge,,,,
1108,9.977024168429953,9.977024168429955,False,False,brownian_logprice_bridge,,,,
1109,9.85541014209581,9.85541014209581,False,False,brownian_logprice_bridge,,,,
1110,9.94308072077927,9.94308072077927,False,False,brownian_logprice_bridge,,,,
1111,10.00519099588582,10.005190995885819,False,False,brownian_logprice_bridge,,,,
1112,9.92513928617777,9.925139286177767,False,False,brownian_logprice_bridge,,,,
1113,9.95453530657893,9.95453530657893,False,False,brownian_logprice_bridge,,,,
1114,9.992961141167063,9.992961141167063,False,False,brownian_logprice_bridge,,,,
1115,9.848801556091392,9.848801556091392,False,False,brownian_logprice_bridge,,,,
1116,9.88762747614238,9.887627476142379,False,False,brownian_logprice_bridge,,,,
1117,9.897658964245284,9.897658964245284,False,False,brownian_logprice_bridge,,,,
1118,9.840562883181995,9.840562883181994,False,False,brownian_logprice_bridge,,,,
1119,9.663719962702146,9.663719962702146,False,False,brownian_logprice_bridge,,,,
1120,9.696732039895846,9.696732039895846,False,False,brownian_logprice_bridge,,,,
1121,9.603939819215991,9.603939819215993,False,False,brownian_logprice_bridge,,,,
1122,9.527422526453808,9.527422526453806,False,False,brownian_logprice_bridge,,,,
1123,9.478945192514225,9.478945192514226,False,False,brownian_logprice_bridge,,,,
1124,9.526317093880031,9.526317093880033,False,False,brownian_logprice_bridge,,,,
1125,9.527399944407202,9.527399944407202,False,False,brownian_logprice_bridge,,,,
1126,9.561642188735457,9.561642188735458,False,False,brownian_logprice_bridge,,,,
1127,9.60694414752336,9.60694414752336,False,False,brownian_logprice_bridge,,,,
1128,9.545617104435603,9.545617104435602,False,False,brownian_logprice_bridge,,,,
1129,9.58948696902053,9.589486969020532,False,False,brownian_logprice_bridge,,,,
1130,9.394308361675126,9.394308361675124,False,False,brownian_logprice_bridge,,,,
1131,9.398928344019916,9.398928344019918,False,False,brownian_logprice_bridge,,,,
1132,9.46794233852257,9.467942338522569,False,False,brownian_logprice_bridge,,,,
1133,9.46652582730141,9.466525827301412,False,False,brownian_logprice_bridge,,,,
1134,9.525342612541332,9.52534261254133,False,False,brownian_logprice_bridge,,,,
1135,9.556199274164264,9.556199274164266,False,False,brownian_logprice_bridge,,,,
1136,9.534213111842444,9.534213111842442,False,False,brownian_logprice_bridge,,,,
1137,9.578157779479517,9.578157779479515,False,False,brownian_logprice_bridge,,,,
1138,9.589834677688344,9.589834677688346,False,False,brownian_logprice_bridge,,,,
1139,9.60356078338553,9.603560783385529,False,False,brownian_logprice_bridge,,,,
1140,9.574372376513834,9.574372376513836,False,False,brownian_logprice_bridge,,,,
1141,9.60087327741338,9.600873277413378,False,False,brownian_logprice_bridge,,,,
1142,9.652148582903123,9.652148582903123,False,False,brownian_logprice_bridge,,,,
1143,9.719564587519146,9.719564587519148,False,False,brownian_logprice_bridge,,,,
1144,9.874907019722595,9.874907019722595,False,False,brownian_logprice_bridge,,,,
1145,9.913165844042185,9.913165844042185,False,False,brownian_logprice_bridge,,,,
1146,9.915136996504138,9.915136996504136,False,False,brownian_logprice_bridge,,,,
1147,9.958844339312492,9.958844339312494,False,False,brownian_logprice_bridge,,,,
1148,9.933069978594968,9.933069978594967,False,False,brownian_logprice_bridge,,,,
1149,9.843290667327892,9.84329066732789,False,False,brownian_logprice_bridge,,,,
1150,9.86807052617984,9.868070526179842,False,False,brownian_logprice_bridge,,,,
1151,9.872488227966468,9.872488227966468,False,False,brownian_logprice_bridge,,,,
1152,9.870536633196028,9.870536633196027,False,False,brownian_logprice_bridge,,,,
1153,9.82843423319821,9.828434233198209,False,False,brownian_logprice_bridge,,,,
1154,9.821710702450698,9.821710702450696,False,False,brownian_logprice_bridge,,,,
1155,9.823534625662209,9.823534625662209,False,False,brownian_logprice_bridge,,,,
1156,9.912452096254688,9.91245209625469,False,False,brownian_logprice_bridge,,,,
1157,9.835011325650504,9.835011325650505,False,False,brownian_logprice_bridge,,,,
1158,9.86219796491352,9.862197964913522,False,False,brownian_logprice_bridge,,,,
1159,9.784171565045316,9.784171565045318,False,False,brownian_logprice_bridge,,,,
1160,9.788795982568072,9.788795982568072,False,False,brownian_logprice_bridge,,,,
1161,9.902264990183603,9.902264990183602,False,False,brownian_logprice_bridge,,,,
1162,9.97655102614199,9.97655102614199,False,False,brownian_logprice_bridge,,,,
1163,9.90299932954815,9.90299932954815,False,False,brownian_logprice_bridge,,,,
1164,9.979718791098804,9.979718791098803,False,False,brownian_logprice_bridge,,,,
1165,10.011648487392629,10.011648487392629,False,False,brownian_logprice_bridge,,,,
1166,10.11376531889021,10.11376531889021,False,False,brownian_logprice_bridge,,,,
1167,10.155712372584665,10.155712372584667,False,False,brownian_logprice_bridge,,,,
1168,10.134374224503546,10.134374224503544,False,False,brownian_logprice_bridge,,,,
1169,10.008417835137868,10.00841783513787,False,False,brownian_logprice_bridge,,,,
1170,10.041941176436795,10.041941176436797,False,False,brownian_logprice_bridge,,,,
1171,10.135058105968184,10.135058105968184,False,False,brownian_logprice_bridge,,,,
1172,10.214904291037104,10.214904291037106,False,False,brownian_logprice_bridge,,,,
1173,10.193447203964118,10.19344720396412,False,False,brownian_logprice_bridge,,,,
1174,10.135735227533694,10.135735227533694,False,False,brownian_logprice_bridge,,,,
1175,10.240097756371004,10.240097756371004,False,False,brownian_logprice_bridge,,,,
1176,10.226366742086508,10.226366742086508,False,False,brownian_logprice_bridge,,,,
1177,10.0450268805564,10.045026880556401,False,False,brownian_logprice_bridge,,,,
1178,10.015259765622746,10.015259765622746,False,False,brownian_logprice_bridge,,,,
1179,10.026631760532773,10.026631760532773,False,False,brownian_logprice_bridge,,,,
1180,10.071105725890762,10.071105725890764,False,False,brownian_logprice_bridge,,,,
1181,9.940230771185504,9.940230771185503,False,False,brownian_logprice_bridge,,,,
1182,9.998524837206956,9.998524837206954,False,False,brownian_logprice_bridge,,,,
1183,10.08675406008225,10.08675406008225,False,False,brownian_logprice_bridge,,,,
1184,10.08489356129321,10.08489356129321,False,False,brownian_logprice_bridge,,,,
1185,10.043685483585518,10.04368548358552,False,False,brownian_logprice_bridge,,,,
1186,10.00550243858402,10.005502438584019,False,False,brownian_logprice_bridge,,,,
1187,9.89830702262903,9.898307022629032,False,False,brownian_logprice_bridge,,,,
1188,9.856349271213462,9.856349271213462,False,False,brownian_logprice_bridge,,,,
1189,9.87884616620161,9.878846166201608,False,False,brownian_logprice_bridge,,,,
1190,9.99769846202966,9.997698462029662,False,False,brownian_logprice_bridge,,,,
1191,10.013814210521844,10.013814210521842,False,False,brownian_logprice_bridge,,,,
1192,10.07760005619252,10.07760005619252,False,False,brownian_logprice_bridge,,,,
1193,10.126994533536685,10.126994533536685,False,False,brownian_logprice_bridge,,,,
1194,10.155784515268124,10.155784515268122,False,False,brownian_logprice_bridge,,,,
1195,10.163793306057626,10.163793306057624,False,False,brownian_logprice_bridge,,,,
1196,10.150971693391984,10.150971693391984,False,False,brownian_logprice_bridge,,,,
1197,10.125895043956431,10.125895043956431,False,False,brownian_logprice_bridge,,,,
1198,10.129494200576517,10.129494200576517,False,False,brownian_logprice_bridge,,,,
1199,10.130760029461973,10.130760029461973,False,False,brownian_logprice_bridge,,,,
1200,10.169529176413594,10.169529176413596,False,False,brownian_logprice_bridge,,,,
1201,10.140474080872876,10.140474080872874,False,False,brownian_logprice_bridge,,,,
1202,10.193733185587854,10.193733185587854,False,False,brownian_logprice_bridge,,,,
1203,10.282649029109914,10.282649029109916,False,False,brownian_logprice_bridge,,,,
1204,10.345149164490444,10.345149164490445,False,False,brownian_logprice_bridge,,,,
1205,10.301341274116329,10.301341274116329,False,False,brownian_logprice_bridge,,,,
1206,10.191059361017588,10.191059361017588,False,False,brownian_logprice_bridge,,,,
1207,10.315811153889566,10.315811153889564,False,False,brownian_logprice_bridge,,,,
1208,10.262482098601035,10.262482098601037,False,False,brownian_logprice_bridge,,,,
1209,10.18852876787663,10.18852876787663,False,False,brownian_logprice_bridge,,,,
1210,10.10402731680824,10.104027316808239,False,False,brownian_logprice_bridge,,,,
1211,10.047629129893489,10.047629129893489,False,False,brownian_logprice_bridge,,,,
1212,9.933661727605708,9.933661727605706,False,False,brownian_logprice_bridge,,,,
1213,9.915516522920456,9.915516522920457,False,False,brownian_logprice_bridge,,,,
1214,9.936721193575783,9.936721193575783,False,False,brownian_logprice_bridge,,,,
1215,9.949599435326764,9.949599435326764,False,False,brownian_logprice_bridge,,,,
1216,10.017956049696078,10.01795604969608,False,False,brownian_logprice_bridge,,,,
1217,9.99564397412218,9.995643974122178,False,False,brownian_logprice_bridge,,,,
1218,9.959620929298843,9.959620929298843,False,False,brownian_logprice_bridge,,,,
1219,9.87181276734846,9.87181276734846,False,False,brownian_logprice_bridge,,,,
1220,9.851546219813276,9.851546219813278,False,False,brownian_logprice_bridge,,,,
1221,9.809338371784524,9.809338371784522,False,False,brownian_logprice_bridge,,,,
1222,9.729516238269314,9.729516238269316,False,False,brownian_logprice_bridge,,,,
1223,9.66726863781362,9.667268637813619,False,False,brownian_logprice_bridge,,,,
1224,9.655000417474795,9.655000417474795,False,False,brownian_logprice_bridge,,,,
1225,9.541728122716435,9.541728122716437,False,False,brownian_logprice_bridge,,,,
1226,9.504039179953066,9.504039179953066,False,False,brownian_logprice_bridge,,,,
1227,9.465579801075764,9.465579801075764,False,False,brownian_logprice_bridge,,,,
1228,9.443334813043055,9.443334813043057,False,False,brownian_logprice_bridge,,,,
1229,9.433978025446256,9.433978025446255,False,False,brownian_logprice_bridge,,,,
1230,9.372037913986665,9.372037913986667,False,False,brownian_logprice_bridge,,,,
1231,9.20218452505299,9.202184525052989,False,False,brownian_logprice_bridge,,,,
1232,9.23155775201602,9.23155775201602,False,False,brownian_logprice_bridge,,,,
1233,9.214555072119763,9.214555072119763,False,False,brownian_logprice_bridge,,,,
1234,9.148381414826014,9.148381414826012,False,False,brownian_logprice_bridge,,,,
1235,9.090649084669304,9.090649084669302,False,False,brownian_logprice_bridge,,,,
1236,9.06677056356464,9.06677056356464,False,False,brownian_logprice_bridge,,,,
1237,9.019993545809369,9.019993545809367,False,False,brownian_logprice_bridge,,,,
1238,8.910977370297676,8.910977370297674,False,False,brownian_logprice_bridge,,,,
1239,9.037761735067829,9.037761735067829,False,False,brownian_logprice_bridge,,,,
1240,9.01686208026906,9.016862080269059,False,False,brownian_logprice_bridge,,,,
1241,8.979086318074467,8.979086318074467,False,False,brownian_logprice_bridge,,,,
1242,9.0013367891672,9.0013367891672,False,False,brownian_logprice_bridge,,,,
1243,8.98201428149831,8.982014281498309,False,False,brownian_logprice_bridge,,,,
1244,9.029319565666022,9.029319565666022,False,False,brownian_logprice_bridge,,,,
1245,8.962851611762149,8.962851611762147,False,False,brownian_logprice_bridge,,,,
1246,8.999748665791607,8.999748665791607,False,False,brownian_logprice_bridge,,,,
1247,8.98692207342649,8.986922073426491,False,False,brownian_logprice_bridge,,,,
1248,8.973562140054163,8.973562140054165,False,False,brownian_logprice_bridge,,,,
1249,8.905031849232046,8.905031849232046,False,False,brownian_logprice_bridge,,,,
1250,8.911567862363423,8.911567862363425,False,False,brownian_logprice_bridge,,,,
1251,8.956415193704592,8.956415193704592,False,False,brownian_logprice_bridge,,,,
1252,8.934792505927453,8.934792505927453,False,False,brownian_logprice_bridge,,,,
1253,8.91141279808583,8.911412798085829,False,False,brownian_logprice_bridge,,,,
1254,8.842696314883327,8.842696314883327,False,False,brownian_logprice_bridge,,,,
1255,8.819457543179597,8.819457543179597,False,False,brownian_logprice_bridge,,,,
1256,8.800674856048749,8.800674856048749,False,False,brownian_logprice_bridge,,,,
1257,8.812990076025644,8.812990076025642,False,False,brownian_logprice_bridge,,,,
1258,8.86007773523605,8.860077735236048,False,False,brownian_logprice_bridge,,,,
1259,8.817575342690478,8.81757534269048,False,False,brownian_logprice_bridge,,,,
1260,8.805676669133659,8.805676669133657,False,False,brownian_logprice_bridge,,,,
1261,8.738103100532548,8.738103100532548,False,False,brownian_logprice_bridge,,,,
1262,8.706026261256273,8.706026261256275,False,False,brownian_logprice_bridge,,,,
1263,8.68665700865344,8.68665700865344,False,False,brownian_logprice_bridge,,,,
1264,8.613598895247708,8.61359889524771,False,False,brownian_logprice_bridge,,,,
1265,8.597430260716045,8.597430260716045,False,False,brownian_logprice_bridge,,,,
1266,8.659717731760402,8.659717731760402,False,False,brownian_logprice_bridge,,,,
1267,8.663424074429383,8.663424074429383,False,False,brownian_logprice_bridge,,,,
1268,8.670417584566147,8.670417584566145,False,False,brownian_logprice_bridge,,,,
1269,8.679081628397833,8.679081628397835,False,False,brownian_logprice_bridge,,,,
1270,8.637890125946655,8.637890125946655,False,False,brownian_logprice_bridge,,,,
1271,8.731561448832686,8.731561448832686,False,False,brownian_logprice_bridge,,,,
1272,8.742753456698095,8.742753456698093,False,False,brownian_logprice_bridge,,,,
1273,8.687736300484785,8.687736300484787,False,False,brownian_logprice_bridge,,,,
1274,8.635635793224289,8.63563579322429,False,False,brownian_logprice_bridge,,,,
1275,8.66218344306956,8.66218344306956,False,False,brownian_logprice_bridge,,,,
1276,8.69077900623716,8.69077900623716,False,False,brownian_logprice_bridge,,,,
1277,8.687240167946927,8.687240167946927,False,False,brownian_logprice_bridge,,,,
1278,8.697779534089461,8.697779534089461,False,False,brownian_logprice_bridge,,,,
1279,8.695156663738397,8.695156663738398,False,False,brownian_logprice_bridge,,,,
1280,8.72486349710705,8.72486349710705,False,False,brownian_logprice_bridge,,,,
1281,8.709813252139632,8.709813252139632,False,False,brownian_logprice_bridge,,,,
1282,8.769339911232253,8.769339911232255,False,False,brownian_logprice_bridge,,,,
1283,8.764421542294555,8.764421542294556,False,False,brownian_logprice_bridge,,,,
1284,8.653430536661066,8.653430536661066,False,False,brownian_logprice_bridge,,,,
1285,8.649986907972252,8.64998690797225,False,False,brownian_logprice_bridge,,,,
1286,8.708438842444941,8.708438842444943,False,False,brownian_logprice_bridge,,,,
1287,8.68113004561294,8.681130045612942,False,False,brownian_logprice_bridge,,,,
1288,8.6230268172241,8.623026817224101,False,False,brownian_logprice_bridge,,,,
1289,8.593578250381182,8.593578250381182,False,False,brownian_logprice_bridge,,,,
1290,8.617928775868851,8.617928775868851,False,False,brownian_logprice_bridge,,,,
1291,8.667897901156152,8.667897901156152,False,False,brownian_logprice_bridge,,,,
1292,8.656796401342431,8.656796401342431,False,False,brownian_logprice_bridge,,,,
1293,8.640103565113607,8.640103565113606,False,False,brownian_logprice_bridge,,,,
1294,8.67092220405689,8.670922204056888,False,False,brownian_logprice_bridge,,,,
1295,8.689972714412361,8.689972714412361,False,False,brownian_logprice_bridge,,,,
1296,8.662066668216909,8.662066668216907,False,False,brownian_logprice_bridge,,,,
1297,8.577649299033803,8.577649299033803,False,False,brownian_logprice_bridge,,,,
1298,8.574277797348993,8.574277797348994,False,False,brownian_logprice_bridge,,,,
1299,8.526567885795536,8.526567885795536,False,False,brownian_logprice_bridge,,,,
1300,8.475073568477203,8.475073568477203,False,False,brownian_logprice_bridge,,,,
1301,8.567218150790104,8.567218150790103,False,False,brownian_logprice_bridge,,,,
1302,8.502527354661419,8.50252735466142,False,False,brownian_logprice_bridge,,,,
1303,8.572018696914483,8.572018696914483,False,False,brownian_logprice_bridge,,,,
1304,8.566335704449743,8.566335704449743,False,False,brownian_logprice_bridge,,,,
1305,8.566557620930324,8.566557620930324,False,False,brownian_logprice_bridge,,,,
1306,8.489116606165087,8.489116606165089,False,False,brownian_logprice_bridge,,,,
1307,8.613395539816553,8.613395539816553,False,False,brownian_logprice_bridge,,,,
1308,8.622414728912982,8.62241472891298,False,False,brownian_logprice_bridge,,,,
1309,8.523510032613913,8.523510032613911,False,False,brownian_logprice_bridge,,,,
1310,8.464612211842496,8.464612211842496,False,False,brownian_logprice_bridge,,,,
1311,8.507983509619043,8.507983509619045,False,False,brownian_logprice_bridge,,,,
1312,8.482658478560781,8.482658478560781,False,False,brownian_logprice_bridge,,,,
1313,8.47461990504245,8.47461990504245,False,False,brownian_logprice_bridge,,,,
1314,8.45872942242507,8.458729422425073,False,False,brownian_logprice_bridge,,,,
1315,8.451041345666347,8.451041345666349,False,False,brownian_logprice_bridge,,,,
1316,8.394681396722405,8.394681396722405,False,False,brownian_logprice_bridge,,,,
1317,8.369428303636678,8.369428303636676,False,False,brownian_logprice_bridge,,,,
1318,8.288630574726435,8.288630574726437,False,False,brownian_logprice_bridge,,,,
1319,8.269624476140189,8.269624476140189,False,False,brownian_logprice_bridge,,,,
1320,8.323166007106652,8.32316600710665,False,False,brownian_logprice_bridge,,,,
1321,8.353898451065099,8.353898451065099,False,False,brownian_logprice_bridge,,,,
1322,8.372451592230979,8.372451592230979,False,False,brownian_logprice_bridge,,,,
1323,8.309504755509565,8.309504755509565,False,False,brownian_logprice_bridge,,,,
1324,8.272778306699553,8.272778306699552,False,False,brownian_logprice_bridge,,,,
1325,8.235628637509326,8.235628637509326,False,False,brownian_logprice_bridge,,,,
1326,8.161633487718216,8.161633487718216,False,False,brownian_logprice_bridge,,,,
1327,8.199504625150889,8.199504625150887,False,False,brownian_logprice_bridge,,,,
1328,8.256388426029469,8.256388426029469,False,False,brownian_logprice_bridge,,,,
1329,8.33115404674668,8.33115404674668,False,False,brownian_logprice_bridge,,,,
1330,8.32989794384031,8.32989794384031,False,False,brownian_logprice_bridge,,,,
1331,8.28082514245826,8.28082514245826,False,False,brownian_logprice_bridge,,,,
1332,8.206782084336503,8.206782084336503,False,False,brownian_logprice_bridge,,,,
1333,8.186496949013042,8.186496949013044,False,False,brownian_logprice_bridge,,,,
1334,8.195320632839662,8.19532063283966,False,False,brownian_logprice_bridge,,,,
1335,8.24315433765313,8.243154337653129,False,False,brownian_logprice_bridge,,,,
1336,8.260122145908753,8.260122145908753,False,False,brownian_logprice_bridge,,,,
1337,8.251777158804318,8.251777158804318,False,False,brownian_logprice_bridge,,,,
1338,8.333884387728181,8.333884387728183,False,False,brownian_logprice_bridge,,,,
1339,8.274423871877977,8.274423871877975,False,False,brownian_logprice_bridge,,,,
1340,8.254438178462406,8.254438178462406,False,False,brownian_logprice_bridge,,,,
1341,8.254471223392184,8.254471223392185,False,False,brownian_logprice_bridge,,,,
1342,8.302416796337031,8.30241679633703,False,False,brownian_logprice_bridge,,,,
1343,8.24728099074248,8.247280990742482,False,False,brownian_logprice_bridge,,,,
1344,8.091833991940945,8.091833991940945,False,False,brownian_logprice_bridge,,,,
1345,8.103178058696086,8.103178058696086,False,False,brownian_logprice_bridge,,,,
1346,8.048298836456928,8.04829883645693,False,False,brownian_logprice_bridge,,,,
1347,8.118551960856454,8.118551960856452,False,False,brownian_logprice_bridge,,,,
1348,8.114712836071861,8.11471283607186,False,False,brownian_logprice_bridge,,,,
1349,8.135570654156885,8.135570654156886,False,False,brownian_logprice_bridge,,,,
1350,8.152949472052853,8.152949472052853,False,False,brownian_logprice_bridge,,,,
1351,8.083675623266382,8.08367562326638,False,False,brownian_logprice_bridge,,,,
1352,8.145407259277908,8.145407259277906,False,False,brownian_logprice_bridge,,,,
1353,8.179451356937795,8.179451356937793,False,False,brownian_logprice_bridge,,,,
1354,8.240114993954402,8.240114993954402,False,False,brownian_logprice_bridge,,,,
1355,8.167463915478256,8.167463915478258,False,False,brownian_logprice_bridge,,,,
1356,8.075860425540991,8.075860425540991,False,False,brownian_logprice_bridge,,,,
1357,8.00819334318465,8.008193343184653,False,False,brownian_logprice_bridge,,,,
1358,7.96231043056462,7.96231043056462,False,False,brownian_logprice_bridge,,,,
1359,7.953271439719633,7.953271439719634,False,False,brownian_logprice_bridge,,,,
1360,7.972646820131743,7.972646820131744,False,False,brownian_logprice_bridge,,,,
1361,7.942645659875704,7.942645659875706,False,False,brownian_logprice_bridge,,,,
1362,7.871847077278532,7.871847077278531,False,False,brownian_logprice_bridge,,,,
1363,7.879992796488131,7.879992796488131,False,False,brownian_logprice_bridge,,,,
1364,7.861185183592357,7.861185183592357,False,False,brownian_logprice_bridge,,,,
1365,7.825066195353085,7.825066195353085,False,False,brownian_logprice_bridge,,,,
1366,7.839580345626741,7.83958034562674,False,False,brownian_logprice_bridge,,,,
1367,7.903333711330797,7.903333711330799,False,False,brownian_logprice_bridge,,,,
1368,7.9399227751583155,7.939922775158315,False,False,brownian_logprice_bridge,,,,
1369,7.950499938853141,7.95049993885314,False,False,brownian_logprice_bridge,,,,
1370,7.974357103820712,7.9743571038207115,False,False,brownian_logprice_bridge,,,,
1371,8.012634565856338,8.012634565856336,False,False,brownian_logprice_bridge,,,,
1372,8.057138232999378,8.057138232999378,False,False,brownian_logprice_bridge,,,,
1373,8.053129453258254,8.053129453258252,False,False,brownian_logprice_bridge,,,,
1374,8.12540020952888,8.125400209528882,False,False,brownian_logprice_bridge,,,,
1375,8.217837924560325,8.217837924560323,False,False,brownian_logprice_bridge,,,,
1376,8.21465298983955,8.21465298983955,False,False,brownian_logprice_bridge,,,,
1377,8.096354887709225,8.096354887709227,False,False,brownian_logprice_bridge,,,,
1378,8.116076230794834,8.116076230794834,False,False,brownian_logprice_bridge,,,,
1379,8.08344628545388,8.08344628545388,False,False,brownian_logprice_bridge,,,,
1380,8.039989111866136,8.039989111866136,False,False,brownian_logprice_bridge,,,,
1381,8.073295949810774,8.073295949810774,False,False,brownian_logprice_bridge,,,,
1382,8.028820608075215,8.028820608075215,False,False,brownian_logprice_bridge,,,,
1383,8.0283128904102,8.028312890410199,False,False,brownian_logprice_bridge,,,,
1384,8.030044481029329,8.030044481029329,False,False,brownian_logprice_bridge,,,,
1385,8.032507705542246,8.032507705542246,False,False,brownian_logprice_bridge,,,,
1386,7.9928963395679,7.992896339567899,False,False,brownian_logprice_bridge,,,,
1387,7.944720210794035,7.944720210794036,False,False,brownian_logprice_bridge,,,,
1388,7.947200296983767,7.947200296983767,False,False,brownian_logprice_bridge,,,,
1389,7.966303642893703,7.966303642893703,False,False,brownian_logprice_bridge,,,,
1390,7.962370820221916,7.962370820221915,False,False,brownian_logprice_bridge,,,,
1391,8.083201230801926,8.083201230801926,False,False,brownian_logprice_bridge,,,,
1392,7.992203354879148,7.99220335487915,False,False,brownian_logprice_bridge,,,,
1393,7.896861282131089,7.896861282131087,False,False,brownian_logprice_bridge,,,,
1394,7.866714583402816,7.866714583402814,False,False,brownian_logprice_bridge,,,,
1395,7.864187660226808,7.8641876602268095,False,False,brownian_logprice_bridge,,,,
1396,7.905072821676415,7.905072821676414,False,False,brownian_logprice_bridge,,,,
1397,7.858805082677133,7.858805082677133,False,False,brownian_logprice_bridge,,,,
1398,7.810105848475668,7.810105848475667,False,False,brownian_logprice_bridge,,,,
1399,7.752317403520428,7.752317403520427,False,False,brownian_logprice_bridge,,,,
1400,7.726724119164935,7.726724119164936,False,False,brownian_logprice_bridge,,,,
1401,7.820989229931859,7.8209892299318575,False,False,brownian_logprice_bridge,,,,
1402,7.78528308796938,7.785283087969379,False,False,brownian_logprice_bridge,,,,
1403,7.724657664500351,7.72465766450035,False,False,brownian_logprice_bridge,,,,
1404,7.667999903106318,7.667999903106317,False,False,brownian_logprice_bridge,,,,
1405,7.706836484048911,7.706836484048912,False,False,brownian_logprice_bridge,,,,
1406,7.707502344952777,7.707502344952776,False,False,brownian_logprice_bridge,,,,
1407,7.782040358121208,7.782040358121209,False,False,brownian_logprice_bridge,,,,
1408,7.778117832241668,7.778117832241669,False,False,brownian_logprice_bridge,,,,
1409,7.818702339384979,7.818702339384977,False,False,brownian_logprice_bridge,,,,
1410,7.866727253788666,7.8667272537886666,False,False,brownian_logprice_bridge,,,,
1411,7.928669952571816,7.928669952571816,False,False,brownian_logprice_bridge,,,,
1412,7.999030475706046,7.999030475706047,False,False,brownian_logprice_bridge,,,,
1413,8.116850470757752,8.116850470757752,False,False,brownian_logprice_bridge,,,,
1414,8.058399171098117,8.058399171098117,False,False,brownian_logprice_bridge,,,,
1415,8.05096911463567,8.05096911463567,False,False,brownian_logprice_bridge,,,,
1416,8.071571290444416,8.071571290444416,False,False,brownian_logprice_bridge,,,,
1417,8.079654711035499,8.079654711035499,False,False,brownian_logprice_bridge,,,,
1418,8.148511456622195,8.148511456622195,False,False,brownian_logprice_bridge,,,,
1419,8.17012835333529,8.17012835333529,False,False,brownian_logprice_bridge,,,,
1420,8.111613686848905,8.111613686848907,False,False,brownian_logprice_bridge,,,,
1421,8.102534736809886,8.102534736809885,False,False,brownian_logprice_bridge,,,,
1422,8.047248782800636,8.047248782800636,False,False,brownian_logprice_bridge,,,,
1423,8.026484390210735,8.026484390210737,False,False,brownian_logprice_bridge,,,,
1424,8.036404947569686,8.036404947569686,False,False,brownian_logprice_bridge,,,,
1425,8.049967250839419,8.04996725083942,False,False,brownian_logprice_bridge,,,,
1426,7.993288642403873,7.993288642403872,False,False,brownian_logprice_bridge,,,,
1427,7.964875108338922,7.964875108338921,False,False,brownian_logprice_bridge,,,,
1428,7.958737616226288,7.958737616226287,False,False,brownian_logprice_bridge,,,,
1429,7.942481282728044,7.942481282728044,False,False,brownian_logprice_bridge,,,,
1430,7.890651178601909,7.8906511786019085,False,False,brownian_logprice_bridge,,,,
1431,7.794831328287032,7.794831328287033,False,False,brownian_logprice_bridge,,,,
1432,7.769154185768051,7.769154185768051,False,False,brownian_logprice_bridge,,,,
1433,7.750332422224747,7.750332422224746,False,False,brownian_logprice_bridge,,,,
1434,7.690954888906504,7.690954888906504,False,False,brownian_logprice_bridge,,,,
1435,7.548289485679203,7.548289485679205,False,False,brownian_logprice_bridge,,,,
1436,7.465410319723946,7.465410319723946,False,False,brownian_logprice_bridge,,,,
1437,7.47904627140248,7.47904627140248,False,False,brownian_logprice_bridge,,,,
1438,7.467471678974737,7.467471678974737,False,False,brownian_logprice_bridge,,,,
1439,7.498466170455982,7.498466170455983,False,False,brownian_logprice_bridge,,,,
1440,7.520820112339126,7.520820112339125,False,False,brownian_logprice_bridge,,,,
1441,7.655442427663729,7.65544242766373,False,False,brownian_logprice_bridge,,,,
1442,7.64325140549376,7.643251405493761,False,False,brownian_logprice_bridge,,,,
1443,7.598340781358513,7.598340781358514,False,False,brownian_logprice_bridge,,,,
1444,7.5366906834286365,7.5366906834286365,False,False,brownian_logprice_bridge,,,,
1445,7.516164369586455,7.516164369586455,False,False,brownian_logprice_bridge,,,,
1446,7.48526989172713,7.48526989172713,False,False,brownian_logprice_bridge,,,,
1447,7.472521238415685,7.472521238415686,False,False,brownian_logprice_bridge,,,,
1448,7.451394609167778,7.451394609167777,False,False,brownian_logprice_bridge,,,,
1449,7.41323162811894,7.4132316281189405,False,False,brownian_logprice_bridge,,,,
1450,7.364488417947393,7.364488417947394,False,False,brownian_logprice_bridge,,,,
1451,7.376784173132981,7.376784173132981,False,False,brownian_logprice_bridge,,,,
1452,7.330819217083019,7.330819217083019,False,False,brownian_logprice_bridge,,,,
1453,7.338494089662954,7.338494089662954,False,False,brownian_logprice_bridge,,,,
1454,7.35447130033153,7.35447130033153,False,False,brownian_logprice_bridge,,,,
1455,7.382528128081438,7.382528128081438,False,False,brownian_logprice_bridge,,,,
1456,7.382617273492316,7.382617273492315,False,False,brownian_logprice_bridge,,,,
1457,7.37212016785218,7.37212016785218,False,False,brownian_logprice_bridge,,,,
1458,7.353402176873354,7.353402176873354,False,False,brownian_logprice_bridge,,,,
1459,7.383662892013538,7.383662892013537,False,False,brownian_logprice_bridge,,,,
1460,7.36699586688443,7.366995866884429,False,False,brownian_logprice_bridge,,,,
1461,7.392452125616658,7.392452125616658,False,False,brownian_logprice_bridge,,,,
1462,7.370716191279988,7.370716191279988,False,False,brownian_logprice_bridge,,,,
1463,7.339467284225921,7.339467284225922,False,False,brownian_logprice_bridge,,,,
1464,7.390546546757448,7.39054654675745,False,False,brownian_logprice_bridge,,,,
1465,7.466485456716852,7.4664854567168515,False,False,brownian_logprice_bridge,,,,
1466,7.487721364491726,7.487721364491727,False,False,brownian_logprice_bridge,,,,
1467,7.492391709058394,7.492391709058394,False,False,brownian_logprice_bridge,,,,
1468,7.47647741166649,7.476477411666492,False,False,brownian_logprice_bridge,,,,
1469,7.3635390437027395,7.363539043702739,False,False,brownian_logprice_bridge,,,,
1470,7.379214024274834,7.379214024274835,False,False,brownian_logprice_bridge,,,,
1471,7.357743273810688,7.357743273810688,False,False,brownian_logprice_bridge,,,,
1472,7.369305844212607,7.369305844212607,False,False,brownian_logprice_bridge,,,,
1473,7.414112926662225,7.414112926662225,False,False,brownian_logprice_bridge,,,,
1474,7.442404792793087,7.442404792793087,False,False,brownian_logprice_bridge,,,,
1475,7.422257003197954,7.422257003197956,False,False,brownian_logprice_bridge,,,,
1476,7.389194881513279,7.38919488151328,False,False,brownian_logprice_bridge,,,,
1477,7.394488880545079,7.394488880545078,False,False,brownian_logprice_bridge,,,,
1478,7.382739711731,7.382739711731001,False,False,brownian_logprice_bridge,,,,
1479,7.390762898829089,7.39076289882909,False,False,brownian_logprice_bridge,,,,
1480,7.381020623638976,7.381020623638977,False,False,brownian_logprice_bridge,,,,
1481,7.410979725325588,7.410979725325589,False,False,brownian_logprice_bridge,,,,
1482,7.447374266303321,7.447374266303319,False,False,brownian_logprice_bridge,,,,
1483,7.447809021719586,7.4478090217195865,False,False,brownian_logprice_bridge,,,,
1484,7.441303239985107,7.441303239985107,False,False,brownian_logprice_bridge,,,,
1485,7.382751872396501,7.382751872396501,False,False,brownian_logprice_bridge,,,,
1486,7.360716214027327,7.360716214027327,False,False,brownian_logprice_bridge,,,,
1487,7.378838971236338,7.3788389712363385,False,False,brownian_logprice_bridge,,,,
1488,7.367481003563151,7.367481003563151,False,False,brownian_logprice_bridge,,,,
1489,7.378471480666733,7.378471480666734,False,False,brownian_logprice_bridge,,,,
1490,7.404122982367273,7.404122982367273,False,False,brownian_logprice_bridge,,,,
1491,7.469185536428218,7.469185536428219,False,False,brownian_logprice_bridge,,,,
1492,7.44277029480533,7.442770294805329,False,False,brownian_logprice_bridge,,,,
1493,7.410799228421913,7.410799228421913,False,False,brownian_logprice_bridge,,,,
1494,7.363211069486727,7.363211069486727,False,False,brownian_logprice_bridge,,,,
1495,7.316117057637877,7.316117057637877,False,False,brownian_logprice_bridge,,,,
1496,7.367466555569601,7.367466555569602,False,False,brownian_logprice_bridge,,,,
1497,7.310916181168632,7.310916181168632,False,False,brownian_logprice_bridge,,,,
1498,7.351464163454445,7.351464163454445,False,False,brownian_logprice_bridge,,,,
1499,7.351394725720523,7.351394725720523,False,False,brownian_logprice_bridge,,,,
1500,7.353986672474748,7.353986672474749,False,False,brownian_logprice_bridge,,,,
1501,7.390782572446593,7.390782572446594,False,False,brownian_logprice_bridge,,,,
1502,7.40212598093541,7.402125980935412,False,False,brownian_logprice_bridge,,,,
1503,7.433429559724272,7.433429559724272,False,False,brownian_logprice_bridge,,,,
1504,7.385000166558148,7.385000166558148,False,False,brownian_logprice_bridge,,,,
1505,7.41404587222425,7.414045872224249,False,False,brownian_logprice_bridge,,,,
1506,7.429764922071844,7.429764922071844,False,False,brownian_logprice_bridge,,,,
1507,7.486207774606811,7.486207774606811,False,False,brownian_logprice_bridge,,,,
1508,7.424516998671687,7.424516998671689,False,False,brownian_logprice_bridge,,,,
1509,7.429979904182692,7.429979904182691,False,False,brownian_logprice_bridge,,,,
1510,7.35380857254881,7.35380857254881,False,False,brownian_logprice_bridge,,,,
1511,7.365859682243805,7.365859682243805,False,False,brownian_logprice_bridge,,,,
1512,7.4402122052711075,7.440212205271107,False,False,brownian_logprice_bridge,,,,
1513,7.386993329466081,7.386993329466081,False,False,brownian_logprice_bridge,,,,
1514,7.423361805514927,7.4233618055149275,False,False,brownian_logprice_bridge,,,,
1515,7.326079453476838,7.326079453476838,False,False,brownian_logprice_bridge,,,,
1516,7.308267822516018,7.308267822516017,False,False,brownian_logprice_bridge,,,,
1517,7.328411427163833,7.328411427163833,False,False,brownian_logprice_bridge,,,,
1518,7.278068199973506,7.2780681999735055,False,False,brownian_logprice_bridge,,,,
1519,7.366823161509237,7.366823161509237,False,False,brownian_logprice_bridge,,,,
1520,7.380245449148328,7.380245449148328,False,False,brownian_logprice_bridge,,,,
1521,7.316826795785051,7.316826795785052,False,False,brownian_logprice_bridge,,,,
1522,7.299274041447166,7.299274041447165,False,False,brownian_logprice_bridge,,,,
1523,7.369410449459654,7.369410449459653,False,False,brownian_logprice_bridge,,,,
1524,7.363250917701466,7.363250917701465,False,False,brownian_logprice_bridge,,,,
1525,7.389308260828217,7.389308260828218,False,False,brownian_logprice_bridge,,,,
1526,7.371000207883114,7.371000207883113,False,False,brownian_logprice_bridge,,,,
1527,7.398869264043583,7.398869264043582,False,False,brownian_logprice_bridge,,,,
1528,7.3916286569353,7.391628656935299,False,False,brownian_logprice_bridge,,,,
1529,7.436800651828241,7.436800651828239,False,False,brownian_logprice_bridge,,,,
1530,7.435150100666821,7.435150100666819,False,False,brownian_logprice_bridge,,,,
1531,7.502323577534645,7.502323577534644,False,False,brownian_logprice_bridge,,,,
1532,7.606461163044856,7.606461163044857,False,False,brownian_logprice_bridge,,,,
1533,7.6596534536749585,7.659653453674958,False,False,brownian_logprice_bridge,,,,
1534,7.590011405375445,7.590011405375443,False,False,brownian_logprice_bridge,,,,
1535,7.53375350362034,7.533753503620339,False,False,brownian_logprice_bridge,,,,
1536,7.538063923534033,7.538063923534035,False,False,brownian_logprice_bridge,,,,
1537,7.573634286501864,7.573634286501866,False,False,brownian_logprice_bridge,,,,
1538,7.549097009430935,7.549097009430933,False,False,brownian_logprice_bridge,,,,
1539,7.5745748748944175,7.574574874894418,False,False,brownian_logprice_bridge,,,,
1540,7.614181185042836,7.614181185042835,False,False,brownian_logprice_bridge,,,,
1541,7.64192768166957,7.641927681669569,False,False,brownian_logprice_bridge,,,,
1542,7.619344486183698,7.619344486183699,False,False,brownian_logprice_bridge,,,,
1543,7.642654163052143,7.642654163052144,False,False,brownian_logprice_bridge,,,,
1544,7.619193646815821,7.619193646815821,False,False,brownian_logprice_bridge,,,,
1545,7.560962208698304,7.560962208698305,False,False,brownian_logprice_bridge,,,,
1546,7.531363544179398,7.531363544179399,False,False,brownian_logprice_bridge,,,,
1547,7.553501767026433,7.553501767026434,False,False,brownian_logprice_bridge,,,,
1548,7.515775212834639,7.51577521283464,False,False,brownian_logprice_bridge,,,,
1549,7.586534476988799,7.586534476988797,False,False,brownian_logprice_bridge,,,,
1550,7.665684594033008,7.665684594033008,False,False,brownian_logprice_bridge,,,,
1551,7.70142933070256,7.701429330702558,False,False,brownian_logprice_bridge,,,,
1552,7.699549558320453,7.699549558320451,False,False,brownian_logprice_bridge,,,,
1553,7.681066349614791,7.681066349614792,False,False,brownian_logprice_bridge,,,,
1554,7.730568854188042,7.730568854188044,False,False,brownian_logprice_bridge,,,,
1555,7.765504067400685,7.765504067400687,False,False,brownian_logprice_bridge,,,,
1556,7.879446746477028,7.8794467464770275,False,False,brownian_logprice_bridge,,,,
1557,7.747570893878462,7.747570893878463,False,False,brownian_logprice_bridge,,,,
1558,7.715802396690952,7.71580239669095,False,False,brownian_logprice_bridge,,,,
1559,7.7859021792120995,7.785902179212101,False,False,brownian_logprice_bridge,,,,
1560,7.659743013500379,7.659743013500379,False,False,brownian_logprice_bridge,,,,
1561,7.742685543737027,7.742685543737028,False,False,brownian_logprice_bridge,,,,
1562,7.682900364253874,7.6829003642538725,False,False,brownian_logprice_bridge,,,,
1563,7.708585521961971,7.708585521961972,False,False,brownian_logprice_bridge,,,,
1564,7.731272370821907,7.731272370821905,False,False,brownian_logprice_bridge,,,,
1565,7.744759136577009,7.74475913657701,False,False,brownian_logprice_bridge,,,,
1566,7.673322455113816,7.673322455113814,False,False,brownian_logprice_bridge,,,,
1567,7.688517233601787,7.688517233601786,False,False,brownian_logprice_bridge,,,,
1568,7.675358577783974,7.675358577783974,False,False,brownian_logprice_bridge,,,,
1569,7.69940717491692,7.69940717491692,False,False,brownian_logprice_bridge,,,,
1570,7.733191712123003,7.733191712123003,False,False,brownian_logprice_bridge,,,,
1571,7.679053817716613,7.679053817716611,False,False,brownian_logprice_bridge,,,,
1572,7.6534204213920995,7.6534204213921,False,False,brownian_logprice_bridge,,,,
1573,7.625079930525103,7.6250799305251045,False,False,brownian_logprice_bridge,,,,
1574,7.580731190228735,7.580731190228736,False,False,brownian_logprice_bridge,,,,
1575,7.56311644394381,7.5631164439438106,False,False,brownian_logprice_bridge,,,,
1576,7.485136813855374,7.485136813855375,False,False,brownian_logprice_bridge,,,,
1577,7.5161105763085745,7.516110576308575,False,False,brownian_logprice_bridge,,,,
1578,7.524997678037032,7.524997678037034,False,False,brownian_logprice_bridge,,,,
1579,7.547508110706249,7.547508110706251,False,False,brownian_logprice_bridge,,,,
1580,7.617736423782083,7.617736423782084,False,False,brownian_logprice_bridge,,,,
1581,7.569904551526254,7.569904551526255,False,False,brownian_logprice_bridge,,,,
1582,7.601564109216814,7.601564109216815,False,False,brownian_logprice_bridge,,,,
1583,7.664041161610497,7.664041161610496,False,False,brownian_logprice_bridge,,,,
1584,7.64725009190387,7.647250091903869,False,False,brownian_logprice_bridge,,,,
1585,7.706834614286702,7.7068346142867,False,False,brownian_logprice_bridge,,,,
1586,7.692977618071759,7.692977618071758,False,False,brownian_logprice_bridge,,,,
1587,7.675411354876278,7.675411354876277,False,False,brownian_logprice_bridge,,,,
1588,7.712321053759895,7.712321053759897,False,False,brownian_logprice_bridge,,,,
1589,7.678292969916856,7.678292969916858,False,False,brownian_logprice_bridge,,,,
1590,7.698060263316349,7.698060263316347,False,False,brownian_logprice_bridge,,,,
1591,7.68457952352635,7.684579523526349,False,False,brownian_logprice_bridge,,,,
1592,7.609150841786215,7.609150841786215,False,False,brownian_logprice_bridge,,,,
1593,7.690311896102654,7.6903118961026555,False,False,brownian_logprice_bridge,,,,
1594,7.678988417360689,7.6789884173606895,False,False,brownian_logprice_bridge,,,,
1595,7.713723118549054,7.713723118549055,False,False,brownian_logprice_bridge,,,,
1596,7.706238917767376,7.706238917767376,False,False,brownian_logprice_bridge,,,,
1597,7.687306446658012,7.687306446658011,False,False,brownian_logprice_bridge,,,,
1598,7.636195743310788,7.636195743310786,False,False,brownian_logprice_bridge,,,,
1599,7.556797023182281,7.5567970231822805,False,False,brownian_logprice_bridge,,,,
1600,7.559673832656623,7.559673832656624,False,False,brownian_logprice_bridge,,,,
1601,7.433869267640462,7.433869267640461,False,False,brownian_logprice_bridge,,,,
1602,7.434899373443175,7.434899373443175,False,False,brownian_logprice_bridge,,,,
1603,7.485545064552489,7.485545064552488,False,False,brownian_logprice_bridge,,,,
1604,7.434480636021358,7.434480636021357,False,False,brownian_logprice_bridge,,,,
1605,7.412407656393602,7.412407656393603,False,False,brownian_logprice_bridge,,,,
1606,7.428839186718287,7.428839186718285,False,False,brownian_logprice_bridge,,,,
1607,7.366242154389643,7.366242154389642,False,False,brownian_logprice_bridge,,,,
1608,7.386154405553593,7.386154405553593,False,False,brownian_logprice_bridge,,,,
1609,7.418510137985976,7.418510137985975,False,False,brownian_logprice_bridge,,,,
1610,7.4563814241221715,7.4563814241221715,False,False,brownian_logprice_bridge,,,,
1611,7.499096313308055,7.499096313308055,False,False,brownian_logprice_bridge,,,,
1612,7.560836016634463,7.560836016634464,False,False,brownian_logprice_bridge,,,,
1613,7.558162509878197,7.558162509878199,False,False,brownian_logprice_bridge,,,,
1614,7.52810041520799,7.528100415207991,False,False,brownian_logprice_bridge,,,,
1615,7.507244373068833,7.507244373068834,False,False,brownian_logprice_bridge,,,,
1616,7.575492778335032,7.575492778335032,False,False,brownian_logprice_bridge,,,,
1617,7.51430839336449,7.51430839336449,False,False,brownian_logprice_bridge,,,,
1618,7.585591487740319,7.585591487740318,False,False,brownian_logprice_bridge,,,,
1619,7.625455473541078,7.625455473541076,False,False,brownian_logprice_bridge,,,,
1620,7.565583658596541,7.56558365859654,False,False,brownian_logprice_bridge,,,,
1621,7.541830736982107,7.541830736982107,False,False,brownian_logprice_bridge,,,,
1622,7.478830584415944,7.478830584415945,False,False,brownian_logprice_bridge,,,,
1623,7.482330194301992,7.4823301943019915,False,False,brownian_logprice_bridge,,,,
1624,7.5387067198456,7.5387067198456,False,False,brownian_logprice_bridge,,,,
1625,7.569883523824695,7.569883523824695,False,False,brownian_logprice_bridge,,,,
1626,7.570431240419577,7.570431240419577,False,False,brownian_logprice_bridge,,,,
1627,7.525782390151836,7.525782390151837,False,False,brownian_logprice_bridge,,,,
1628,7.47092634281968,7.470926342819681,False,False,brownian_logprice_bridge,,,,
1629,7.432898924698261,7.432898924698261,False,False,brownian_logprice_bridge,,,,
1630,7.44135638721386,7.44135638721386,False,False,brownian_logprice_bridge,,,,
1631,7.439374128104326,7.439374128104324,False,False,brownian_logprice_bridge,,,,
1632,7.470135975834169,7.470135975834168,False,False,brownian_logprice_bridge,,,,
1633,7.456876665852642,7.456876665852643,False,False,brownian_logprice_bridge,,,,
1634,7.380774132341406,7.380774132341406,False,False,brownian_logprice_bridge,,,,
1635,7.454190035899223,7.454190035899224,False,False,brownian_logprice_bridge,,,,
1636,7.4833447564027775,7.483344756402777,False,False,brownian_logprice_bridge,,,,
1637,7.467502721049088,7.467502721049088,False,False,brownian_logprice_bridge,,,,
1638,7.468208614488241,7.468208614488241,False,False,brownian_logprice_bridge,,,,
1639,7.608198776984105,7.608198776984105,False,False,brownian_logprice_bridge,,,,
1640,7.682182044465529,7.682182044465527,False,False,brownian_logprice_bridge,,,,
1641,7.621734846004607,7.621734846004607,False,False,brownian_logprice_bridge,,,,
1642,7.673267840205914,7.673267840205913,False,False,brownian_logprice_bridge,,,,
1643,7.674341478218095,7.674341478218095,False,False,brownian_logprice_bridge,,,,
1644,7.66198452478764,7.66198452478764,False,False,brownian_logprice_bridge,,,,
1645,7.594765070761836,7.594765070761836,False,False,brownian_logprice_bridge,,,,
1646,7.543671205566884,7.543671205566885,False,False,brownian_logprice_bridge,,,,
1647,7.5381511351948,7.538151135194799,False,False,brownian_logprice_bridge,,,,
1648,7.648356396945082,7.648356396945083,False,False,brownian_logprice_bridge,,,,
1649,7.7295442349760926,7.729544234976093,False,False,brownian_logprice_bridge,,,,
1650,7.692589482373115,7.692589482373116,False,False,brownian_logprice_bridge,,,,
1651,7.754371919205016,7.754371919205017,False,False,brownian_logprice_bridge,,,,
1652,7.759813240434664,7.759813240434665,False,False,brownian_logprice_bridge,,,,
1653,7.736631846186049,7.73663184618605,False,False,brownian_logprice_bridge,,,,
1654,7.777133453959348,7.777133453959349,False,False,brownian_logprice_bridge,,,,
1655,7.805940946666219,7.805940946666218,False,False,brownian_logprice_bridge,,,,
1656,7.770458083344706,7.770458083344707,False,False,brownian_logprice_bridge,,,,
1657,7.695302232420107,7.695302232420106,False,False,brownian_logprice_bridge,,,,
1658,7.748826286324389,7.748826286324389,False,False,brownian_logprice_bridge,,,,
1659,7.7159529343874915,7.7159529343874915,False,False,brownian_logprice_bridge,,,,
1660,7.726358570948938,7.726358570948939,False,False,brownian_logprice_bridge,,,,
1661,7.802961338343182,7.802961338343182,False,False,brownian_logprice_bridge,,,,
1662,7.888490210887461,7.888490210887462,False,False,brownian_logprice_bridge,,,,
1663,7.873937657352493,7.873937657352494,False,False,brownian_logprice_bridge,,,,
1664,7.755349651858331,7.755349651858329,False,False,brownian_logprice_bridge,,,,
1665,7.755104389611937,7.7551043896119385,False,False,brownian_logprice_bridge,,,,
1666,7.632828535293524,7.632828535293523,False,False,brownian_logprice_bridge,,,,
1667,7.615036136171518,7.615036136171519,False,False,brownian_logprice_bridge,,,,
1668,7.652538454887863,7.652538454887862,False,False,brownian_logprice_bridge,,,,
1669,7.651730210516372,7.651730210516372,False,False,brownian_logprice_bridge,,,,
1670,7.624398005751401,7.6243980057514005,False,False,brownian_logprice_bridge,,,,
1671,7.691062823898044,7.691062823898045,False,False,brownian_logprice_bridge,,,,
1672,7.635784101806426,7.6357841018064265,False,False,brownian_logprice_bridge,,,,
1673,7.65259126474977,7.652591264749769,False,False,brownian_logprice_bridge,,,,
1674,7.547728052744671,7.547728052744672,False,False,brownian_logprice_bridge,,,,
1675,7.555057877357783,7.555057877357783,False,False,brownian_logprice_bridge,,,,
1676,7.559647640887019,7.559647640887017,False,False,brownian_logprice_bridge,,,,
1677,7.557922724800501,7.557922724800499,False,False,brownian_logprice_bridge,,,,
1678,7.530629756946987,7.530629756946987,False,False,brownian_logprice_bridge,,,,
1679,7.463106172219288,7.463106172219287,False,False,brownian_logprice_bridge,,,,
1680,7.485464180264566,7.485464180264568,False,False,brownian_logprice_bridge,,,,
1681,7.499161834576869,7.499161834576871,False,False,brownian_logprice_bridge,,,,
1682,7.433941884561984,7.4339418845619845,False,False,brownian_logprice_bridge,,,,
1683,7.432719230404247,7.432719230404249,False,False,brownian_logprice_bridge,,,,
1684,7.412807182290128,7.41280718229013,False,False,brownian_logprice_bridge,,,,
1685,7.432866530665017,7.4328665306650175,False,False,brownian_logprice_bridge,,,,
1686,7.432386838402376,7.432386838402374,False,False,brownian_logprice_bridge,,,,
1687,7.501327828777698,7.501327828777699,False,False,brownian_logprice_bridge,,,,
1688,7.532204806622919,7.532204806622921,False,False,brownian_logprice_bridge,,,,
1689,7.535194892335791,7.53519489233579,False,False,brownian_logprice_bridge,,,,
1690,7.55746166524936,7.557461665249359,False,False,brownian_logprice_bridge,,,,
1691,7.651733379014884,7.651733379014883,False,False,brownian_logprice_bridge,,,,
1692,7.599910592760878,7.599910592760878,False,False,brownian_logprice_bridge,,,,
1693,7.548135557934182,7.548135557934182,False,False,brownian_logprice_bridge,,,,
1694,7.572992299314676,7.5729922993146745,False,False,brownian_logprice_bridge,,,,
1695,7.538928491747126,7.538928491747124,False,False,brownian_logprice_bridge,,,,
1696,7.534631777371036,7.534631777371037,False,False,brownian_logprice_bridge,,,,
1697,7.578237601082891,7.57823760108289,False,False,brownian_logprice_bridge,,,,
1698,7.54968514349465,7.549685143494648,False,False,brownian_logprice_bridge,,,,
1699,7.548678128948562,7.548678128948562,False,False,brownian_logprice_bridge,,,,
1700,7.568855840250905,7.568855840250905,False,False,brownian_logprice_bridge,,,,
1701,7.593602087055708,7.593602087055707,False,False,brownian_logprice_bridge,,,,
1702,7.636810257539037,7.636810257539037,False,False,brownian_logprice_bridge,,,,
1703,7.610010312290856,7.610010312290856,False,False,brownian_logprice_bridge,,,,
1704,7.561326754600257,7.561326754600256,False,False,brownian_logprice_bridge,,,,
1705,7.565432297389909,7.5654322973899095,False,False,brownian_logprice_bridge,,,,
1706,7.594004023657403,7.594004023657403,False,False,brownian_logprice_bridge,,,,
1707,7.656369224974345,7.656369224974343,False,False,brownian_logprice_bridge,,,,
1708,7.787968333579067,7.787968333579065,False,False,brownian_logprice_bridge,,,,
1709,7.748805635707545,7.748805635707546,False,False,brownian_logprice_bridge,,,,
1710,7.788082439454451,7.788082439454451,False,False,brownian_logprice_bridge,,,,
1711,7.829920350379623,7.829920350379622,False,False,brownian_logprice_bridge,,,,
1712,7.8691663926908415,7.869166392690841,False,False,brownian_logprice_bridge,,,,
1713,7.792490116602514,7.792490116602513,False,False,brownian_logprice_bridge,,,,
1714,7.821962863591956,7.8219628635919545,False,False,brownian_logprice_bridge,,,,
1715,7.877668863775313,7.8776688637753125,False,False,brownian_logprice_bridge,,,,
1716,7.896089760959556,7.896089760959555,False,False,brownian_logprice_bridge,,,,
1717,7.846912102802754,7.846912102802756,False,False,brownian_logprice_bridge,,,,
1718,7.814599374384141,7.814599374384141,False,False,brownian_logprice_bridge,,,,
1719,7.715835489089372,7.715835489089372,False,False,brownian_logprice_bridge,,,,
1720,7.744967918899076,7.744967918899076,False,False,brownian_logprice_bridge,,,,
1721,7.745785474407998,7.745785474407997,False,False,brownian_logprice_bridge,,,,
1722,7.7711227485494145,7.771122748549415,False,False,brownian_logprice_bridge,,,,
1723,7.7456131262633825,7.745613126263383,False,False,brownian_logprice_bridge,,,,
1724,7.785491860713315,7.785491860713317,False,False,brownian_logprice_bridge,,,,
1725,7.815804466051032,7.815804466051033,False,False,brownian_logprice_bridge,,,,
1726,7.75422977635567,7.754229776355669,False,False,brownian_logprice_bridge,,,,
1727,7.758037688183508,7.758037688183509,False,False,brownian_logprice_bridge,,,,
1728,7.707317128747977,7.707317128747978,False,False,brownian_logprice_bridge,,,,
1729,7.789257794630202,7.789257794630202,False,False,brownian_logprice_bridge,,,,
1730,7.691434762165389,7.691434762165387,False,False,brownian_logprice_bridge,,,,
1731,7.657434414563069,7.657434414563069,False,False,brownian_logprice_bridge,,,,
1732,7.690866769306689,7.690866769306689,False,False,brownian_logprice_bridge,,,,
1733,7.67297622582994,7.672976225829941,False,False,brownian_logprice_bridge,,,,
1734,7.706603821478015,7.706603821478013,False,False,brownian_logprice_bridge,,,,
1735,7.741494847948622,7.741494847948623,False,False,brownian_logprice_bridge,,,,
1736,7.659812473530147,7.659812473530147,False,False,brownian_logprice_bridge,,,,
1737,7.701403263116975,7.701403263116974,False,False,brownian_logprice_bridge,,,,
1738,7.725597206474423,7.725597206474424,False,False,brownian_logprice_bridge,,,,
1739,7.767313442422533,7.767313442422531,False,False,brownian_logprice_bridge,,,,
1740,7.780206435951656,7.780206435951655,False,False,brownian_logprice_bridge,,,,
1741,7.82222661774536,7.822226617745359,False,False,brownian_logprice_bridge,,,,
1742,7.760499790218868,7.760499790218867,False,False,brownian_logprice_bridge,,,,
1743,7.779161505887871,7.779161505887873,False,False,brownian_logprice_bridge,,,,
1744,7.772101194348109,7.77210119434811,False,False,brownian_logprice_bridge,,,,
1745,7.736114697720855,7.736114697720856,False,False,brownian_logprice_bridge,,,,
1746,7.740728249416183,7.740728249416184,False,False,brownian_logprice_bridge,,,,
1747,7.751104462756737,7.751104462756735,False,False,brownian_logprice_bridge,,,,
1748,7.827226133470871,7.827226133470871,False,False,brownian_logprice_bridge,,,,
1749,7.771351896125393,7.771351896125393,False,False,brownian_logprice_bridge,,,,
1750,7.757904132323918,7.757904132323917,False,False,brownian_logprice_bridge,,,,
1751,7.719679000948847,7.719679000948848,False,False,brownian_logprice_bridge,,,,
1752,7.753158598747695,7.753158598747696,False,False,brownian_logprice_bridge,,,,
1753,7.7545563335110685,7.75455633351107,False,False,brownian_logprice_bridge,,,,
1754,7.799017104814087,7.799017104814086,False,False,brownian_logprice_bridge,,,,
1755,7.820283479620719,7.82028347962072,False,False,brownian_logprice_bridge,,,,
1756,7.762514993215539,7.7625149932155395,False,False,brownian_logprice_bridge,,,,
1757,7.849395863388178,7.84939586338818,False,False,brownian_logprice_bridge,,,,
1758,7.920172958021477,7.920172958021478,False,False,brownian_logprice_bridge,,,,
1759,7.956484737920979,7.956484737920977,False,False,brownian_logprice_bridge,,,,
1760,7.952932155615239,7.952932155615238,False,False,brownian_logprice_bridge,,,,
1761,7.9546728154560125,7.954672815456012,False,False,brownian_logprice_bridge,,,,
1762,8.00305103722447,8.00305103722447,False,False,brownian_logprice_bridge,,,,
1763,8.007327720670693,8.007327720670695,False,False,brownian_logprice_bridge,,,,
1764,8.022468569797287,8.022468569797285,False,False,brownian_logprice_bridge,,,,
1765,8.025872640936994,8.025872640936994,False,False,brownian_logprice_bridge,,,,
1766,8.103302638774318,8.103302638774318,False,False,brownian_logprice_bridge,,,,
1767,8.165932322860595,8.165932322860595,False,False,brownian_logprice_bridge,,,,
1768,8.238896110148493,8.238896110148495,False,False,brownian_logprice_bridge,,,,
1769,8.328335332140593,8.328335332140592,False,False,brownian_logprice_bridge,,,,
1770,8.374043745554136,8.374043745554136,False,False,brownian_logprice_bridge,,,,
1771,8.247912561556042,8.247912561556044,False,False,brownian_logprice_bridge,,,,
1772,8.24516888692676,8.24516888692676,False,False,brownian_logprice_bridge,,,,
1773,8.234278651070467,8.234278651070468,False,False,brownian_logprice_bridge,,,,
1774,8.24552313428966,8.24552313428966,False,False,brownian_logprice_bridge,,,,
1775,8.375961776714512,8.375961776714512,False,False,brownian_logprice_bridge,,,,
1776,8.42113342481443,8.421133424814428,False,False,brownian_logprice_bridge,,,,
1777,8.434556074818012,8.43455607481801,False,False,brownian_logprice_bridge,,,,
1778,8.48517558632829,8.48517558632829,False,False,brownian_logprice_bridge,,,,
1779,8.50740027863156,8.50740027863156,False,False,brownian_logprice_bridge,,,,
1780,8.592677713714906,8.592677713714906,False,False,brownian_logprice_bridge,,,,
1781,8.57942543569588,8.579425435695878,False,False,brownian_logprice_bridge,,,,
1782,8.544053802375057,8.544053802375057,False,False,brownian_logprice_bridge,,,,
1783,8.502951111949775,8.502951111949777,False,False,brownian_logprice_bridge,,,,
1784,8.377144186252233,8.377144186252231,False,False,brownian_logprice_bridge,,,,
1785,8.32925140475378,8.329251404753782,False,False,brownian_logprice_bridge,,,,
1786,8.283984357393098,8.283984357393098,False,False,brownian_logprice_bridge,,,,
1787,8.225854544085573,8.225854544085575,False,False,brownian_logprice_bridge,,,,
1788,8.189880688731092,8.18988068873109,False,False,brownian_logprice_bridge,,,,
1789,8.172441163886468,8.17244116388647,False,False,brownian_logprice_bridge,,,,
1790,8.155463208970664,8.155463208970664,False,False,brownian_logprice_bridge,,,,
1791,8.167815902055473,8.167815902055473,False,False,brownian_logprice_bridge,,,,
1792,8.201643664281619,8.201643664281619,False,False,brownian_logprice_bridge,,,,
1793,8.188198461682413,8.188198461682415,False,False,brownian_logprice_bridge,,,,
1794,8.219599429894798,8.219599429894796,False,False,brownian_logprice_bridge,,,,
1795,8.17725942567631,8.17725942567631,False,False,brownian_logprice_bridge,,,,
1796,8.215477724803812,8.215477724803813,False,False,brownian_logprice_bridge,,,,
1797,8.247696802505295,8.247696802505295,False,False,brownian_logprice_bridge,,,,
1798,8.207062271823089,8.207062271823089,False,False,brownian_logprice_bridge,,,,
1799,8.113073157201825,8.113073157201827,False,False,brownian_logprice_bridge,,,,
1800,8.229411128010215,8.229411128010213,False,False,brownian_logprice_bridge,,,,
1801,8.191481881569967,8.191481881569967,False,False,brownian_logprice_bridge,,,,
1802,8.24649878808002,8.24649878808002,False,False,brownian_logprice_bridge,,,,
1803,8.186221738357819,8.18622173835782,False,False,brownian_logprice_bridge,,,,
1804,8.240784500850426,8.240784500850427,False,False,brownian_logprice_bridge,,,,
1805,8.27722015099443,8.277220150994427,False,False,brownian_logprice_bridge,,,,
1806,8.300376588452659,8.300376588452659,False,False,brownian_logprice_bridge,,,,
1807,8.248241938717616,8.248241938717614,False,False,brownian_logprice_bridge,,,,
1808,8.268104064389046,8.268104064389044,False,False,brownian_logprice_bridge,,,,
1809,8.234573154784517,8.234573154784517,False,False,brownian_logprice_bridge,,,,
1810,8.194729561043925,8.194729561043927,False,False,brownian_logprice_bridge,,,,
1811,8.275768397157174,8.275768397157174,False,False,brownian_logprice_bridge,,,,
1812,8.308271103986778,8.308271103986778,False,False,brownian_logprice_bridge,,,,
1813,8.343872860378344,8.343872860378344,False,False,brownian_logprice_bridge,,,,
1814,8.379929161067846,8.379929161067844,False,False,brownian_logprice_bridge,,,,
1815,8.458768623345732,8.45876862334573,False,False,brownian_logprice_bridge,,,,
1816,8.500982477760136,8.500982477760136,False,False,brownian_logprice_bridge,,,,
1817,8.459589384997566,8.459589384997566,False,False,brownian_logprice_bridge,,,,
1818,8.43506872915658,8.435068729156582,False,False,brownian_logprice_bridge,,,,
1819,8.345247699113365,8.345247699113365,False,False,brownian_logprice_bridge,,,,
1820,8.380616523270396,8.380616523270398,False,False,brownian_logprice_bridge,,,,
1821,8.304815011865552,8.30481501186555,False,False,brownian_logprice_bridge,,,,
1822,8.301921520656865,8.301921520656867,False,False,brownian_logprice_bridge,,,,
1823,8.291962638080685,8.291962638080683,False,False,brownian_logprice_bridge,,,,
1824,8.326587272026892,8.326587272026892,False,False,brownian_logprice_bridge,,,,
1825,8.325225310540834,8.325225310540835,False,False,brownian_logprice_bridge,,,,
1826,8.220430980516499,8.2204309805165,False,False,brownian_logprice_bridge,,,,
1827,8.189066116643952,8.18906611664395,False,False,brownian_logprice_bridge,,,,
1828,8.24392950051065,8.24392950051065,False,False,brownian_logprice_bridge,,,,
1829,8.208797154096885,8.208797154096885,False,False,brownian_logprice_bridge,,,,
1830,8.171630903452451,8.17163090345245,False,False,brownian_logprice_bridge,,,,
1831,8.200090114973618,8.200090114973618,False,False,brownian_logprice_bridge,,,,
1832,8.098237326524186,8.098237326524188,False,False,brownian_logprice_bridge,,,,
1833,8.053669245983366,8.053669245983366,False,False,brownian_logprice_bridge,,,,
1834,8.090270161687394,8.090270161687393,False,False,brownian_logprice_bridge,,,,
1835,8.059955660457208,8.059955660457206,False,False,brownian_logprice_bridge,,,,
1836,8.083721838942413,8.083721838942411,False,False,brownian_logprice_bridge,,,,
1837,8.110528607909654,8.110528607909655,False,False,brownian_logprice_bridge,,,,
1838,8.120054606246878,8.120054606246878,False,False,brownian_logprice_bridge,,,,
1839,8.127348085422303,8.127348085422302,False,False,brownian_logprice_bridge,,,,
1840,8.054776003289913,8.054776003289913,False,False,brownian_logprice_bridge,,,,
1841,7.970918127306445,7.970918127306444,False,False,brownian_logprice_bridge,,,,
1842,7.906233259140673,7.906233259140674,False,False,brownian_logprice_bridge,,,,
1843,7.873488710076242,7.873488710076243,False,False,brownian_logprice_bridge,,,,
1844,7.922993705976686,7.922993705976688,False,False,brownian_logprice_bridge,,,,
1845,7.963353171193255,7.963353171193255,False,False,brownian_logprice_bridge,,,,
1846,7.992941217154433,7.992941217154432,False,False,brownian_logprice_bridge,,,,
1847,8.046845884431809,8.046845884431807,False,False,brownian_logprice_bridge,,,,
1848,8.091158057139632,8.091158057139632,False,False,brownian_logprice_bridge,,,,
1849,8.08965280737314,8.089652807373138,False,False,brownian_logprice_bridge,,,,
1850,8.094489247170255,8.094489247170257,False,False,brownian_logprice_bridge,,,,
1851,8.200029007244735,8.200029007244737,False,False,brownian_logprice_bridge,,,,
1852,8.171896856983336,8.171896856983334,False,False,brownian_logprice_bridge,,,,
1853,8.079723815368018,8.079723815368016,False,False,brownian_logprice_bridge,,,,
1854,8.186218125940856,8.186218125940856,False,False,brownian_logprice_bridge,,,,
1855,8.174759896690537,8.174759896690537,False,False,brownian_logprice_bridge,,,,
1856,7.9628739249450655,7.962873924945066,False,False,brownian_logprice_bridge,,,,
1857,7.893735108512487,7.893735108512489,False,False,brownian_logprice_bridge,,,,
1858,7.859517135402805,7.859517135402803,False,False,brownian_logprice_bridge,,,,
1859,7.837990805664786,7.837990805664784,False,False,brownian_logprice_bridge,,,,
1860,7.780781446472088,7.780781446472087,False,False,brownian_logprice_bridge,,,,
1861,7.82224628022663,7.822246280226632,False,False,brownian_logprice_bridge,,,,
1862,7.8599505797002465,7.859950579700246,False,False,brownian_logprice_bridge,,,,
1863,7.86276979270496,7.86276979270496,False,False,brownian_logprice_bridge,,,,
1864,7.904106461257736,7.9041064612577365,False,False,brownian_logprice_bridge,,,,
1865,7.838485380502357,7.838485380502357,False,False,brownian_logprice_bridge,,,,
1866,7.823523162668593,7.823523162668592,False,False,brownian_logprice_bridge,,,,
1867,7.912112004261388,7.912112004261388,False,False,brownian_logprice_bridge,,,,
1868,8.053500210026252,8.053500210026252,False,False,brownian_logprice_bridge,,,,
1869,8.098954642918075,8.098954642918073,False,False,brownian_logprice_bridge,,,,
1870,8.099820814275233,8.099820814275233,False,False,brownian_logprice_bridge,,,,
1871,7.992224558259139,7.99222455825914,False,False,brownian_logprice_bridge,,,,
1872,8.075108673478095,8.075108673478095,False,False,brownian_logprice_bridge,,,,
1873,8.023566074827233,8.023566074827233,False,False,brownian_logprice_bridge,,,,
1874,8.014180237394513,8.014180237394514,False,False,brownian_logprice_bridge,,,,
1875,8.073465180936317,8.073465180936317,False,False,brownian_logprice_bridge,,,,
1876,8.070683837188705,8.070683837188705,False,False,brownian_logprice_bridge,,,,
1877,8.05299747215907,8.05299747215907,False,False,brownian_logprice_bridge,,,,
1878,8.033041072879596,8.033041072879596,False,False,brownian_logprice_bridge,,,,
1879,8.054014543390956,8.054014543390956,False,False,brownian_logprice_bridge,,,,
1880,8.012876228850367,8.012876228850367,False,False,brownian_logprice_bridge,,,,
1881,7.928690665347594,7.928690665347595,False,False,brownian_logprice_bridge,,,,
1882,7.969477599649688,7.969477599649687,False,False,brownian_logprice_bridge,,,,
1883,7.979409842990227,7.979409842990227,False,False,brownian_logprice_bridge,,,,
1884,7.998867013111974,7.998867013111976,False,False,brownian_logprice_bridge,,,,
1885,8.042336077563501,8.042336077563501,False,False,brownian_logprice_bridge,,,,
1886,7.954124963501839,7.95412496350184,False,False,brownian_logprice_bridge,,,,
1887,7.988392777565197,7.988392777565199,False,False,brownian_logprice_bridge,,,,
1888,7.876309663808195,7.876309663808196,False,False,brownian_logprice_bridge,,,,
1889,7.872050523634677,7.872050523634675,False,False,brownian_logprice_bridge,,,,
1890,7.862053851719774,7.862053851719775,False,False,brownian_logprice_bridge,,,,
1891,7.930481737153906,7.930481737153906,False,False,brownian_logprice_bridge,,,,
1892,7.908646889998588,7.90864688999859,False,False,brownian_logprice_bridge,,,,
1893,7.943729618388664,7.943729618388665,False,False,brownian_logprice_bridge,,,,
1894,7.941744583860398,7.941744583860399,False,False,brownian_logprice_bridge,,,,
1895,7.880407105209134,7.880407105209133,False,False,brownian_logprice_bridge,,,,
1896,7.916564699289964,7.916564699289963,False,False,brownian_logprice_bridge,,,,
1897,8.027376256906676,8.027376256906674,False,False,brownian_logprice_bridge,,,,
1898,8.036318446605561,8.036318446605563,False,False,brownian_logprice_bridge,,,,
1899,8.077765792042559,8.077765792042559,False,False,brownian_logprice_bridge,,,,
1900,8.054138545387048,8.05413854538705,False,False,brownian_logprice_bridge,,,,
1901,8.053190978009113,8.053190978009113,False,False,brownian_logprice_bridge,,,,
1902,8.160914568801376,8.160914568801376,False,False,brownian_logprice_bridge,,,,
1903,8.144162912399747,8.144162912399745,False,False,brownian_logprice_bridge,,,,
1904,8.114302950000324,8.114302950000324,False,False,brownian_logprice_bridge,,,,
1905,8.11182822831764,8.111828228317641,False,False,brownian_logprice_bridge,,,,
1906,8.131552276621209,8.131552276621209,False,False,brownian_logprice_bridge,,,,
1907,8.098757819910679,8.098757819910677,False,False,brownian_logprice_bridge,,,,
1908,8.054599167783243,8.054599167783245,False,False,brownian_logprice_bridge,,,,
1909,8.010158240697496,8.010158240697494,False,False,brownian_logprice_bridge,,,,
1910,8.04125973476983,8.04125973476983,False,False,brownian_logprice_bridge,,,,
1911,8.032743329758068,8.032743329758066,False,False,brownian_logprice_bridge,,,,
1912,7.97004568267754,7.970045682677541,False,False,brownian_logprice_bridge,,,,
1913,7.922682158951832,7.922682158951832,False,False,brownian_logprice_bridge,,,,
1914,7.861869509159361,7.8618695091593604,False,False,brownian_logprice_bridge,,,,
1915,7.889040515307697,7.889040515307697,False,False,brownian_logprice_bridge,,,,
1916,7.875527049013828,7.8755270490138285,False,False,brownian_logprice_bridge,,,,
1917,7.900616706122646,7.900616706122647,False,False,brownian_logprice_bridge,,,,
1918,7.884343313382548,7.884343313382548,False,False,brownian_logprice_bridge,,,,
1919,8.00036176599922,8.00036176599922,False,False,brownian_logprice_bridge,,,,
1920,7.8542245149910785,7.85422451499108,False,False,brownian_logprice_bridge,,,,
1921,7.879179477520282,7.879179477520282,False,False,brownian_logprice_bridge,,,,
1922,7.9240198513741715,7.924019851374173,False,False,brownian_logprice_bridge,,,,
1923,7.866596111973626,7.8665961119736245,False,False,brownian_logprice_bridge,,,,
1924,7.896885357989198,7.896885357989197,False,False,brownian_logprice_bridge,,,,
1925,7.893817102475249,7.893817102475251,False,False,brownian_logprice_bridge,,,,
1926,7.894132560022333,7.894132560022332,False,False,brownian_logprice_bridge,,,,
1927,7.9387929522715375,7.938792952271537,False,False,brownian_logprice_bridge,,,,
1928,8.04044572998331,8.04044572998331,False,False,brownian_logprice_bridge,,,,
1929,8.02801054453939,8.028010544539391,False,False,brownian_logprice_bridge,,,,
1930,7.948760809197724,7.948760809197726,False,False,brownian_logprice_bridge,,,,
1931,7.984301283047567,7.984301283047569,False,False,brownian_logprice_bridge,,,,
1932,8.044612036192564,8.044612036192563,False,False,brownian_logprice_bridge,,,,
1933,8.074136368460987,8.074136368460989,False,False,brownian_logprice_bridge,,,,
1934,8.14012209231223,8.140122092312229,False,False,brownian_logprice_bridge,,,,
1935,8.108772842694949,8.108772842694949,False,False,brownian_logprice_bridge,,,,
1936,8.09849383583028,8.09849383583028,False,False,brownian_logprice_bridge,,,,
1937,8.128024543520189,8.128024543520187,False,False,brownian_logprice_bridge,,,,
1938,8.081942340212303,8.081942340212303,False,False,brownian_logprice_bridge,,,,
1939,8.050322288978972,8.050322288978972,False,False,brownian_logprice_bridge,,,,
1940,7.986508869107738,7.9865088691077375,False,False,brownian_logprice_bridge,,,,
1941,8.025470743141453,8.025470743141453,False,False,brownian_logprice_bridge,,,,
1942,8.019205897571732,8.019205897571732,False,False,brownian_logprice_bridge,,,,
1943,8.072624725542333,8.072624725542331,False,False,brownian_logprice_bridge,,,,
1944,8.037023181835343,8.037023181835345,False,False,brownian_logprice_bridge,,,,
1945,7.971471208480145,7.9714712084801445,False,False,brownian_logprice_bridge,,,,
1946,7.973296977732931,7.9732969777329314,False,False,brownian_logprice_bridge,,,,
1947,7.927726499713223,7.927726499713222,False,False,brownian_logprice_bridge,,,,
1948,8.03066378395355,8.03066378395355,False,False,brownian_logprice_bridge,,,,
1949,8.058980049339459,8.05898004933946,False,False,brownian_logprice_bridge,,,,
1950,8.01895894050396,8.01895894050396,False,False,brownian_logprice_bridge,,,,
1951,8.041009358879643,8.041009358879645,False,False,brownian_logprice_bridge,,,,
1952,8.065253037906272,8.06525303790627,False,False,brownian_logprice_bridge,,,,
1953,8.069611822008685,8.069611822008683,False,False,brownian_logprice_bridge,,,,
1954,8.073524823130157,8.073524823130157,False,False,brownian_logprice_bridge,,,,
1955,8.134108230310416,8.134108230310414,False,False,brownian_logprice_bridge,,,,
1956,8.129709066821986,8.129709066821988,False,False,brownian_logprice_bridge,,,,
1957,8.200053380193843,8.200053380193841,False,False,brownian_logprice_bridge,,,,
1958,8.20066729290272,8.20066729290272,False,False,brownian_logprice_bridge,,,,
1959,8.255423170501723,8.255423170501723,False,False,brownian_logprice_bridge,,,,
1960,8.201308988771416,8.201308988771418,False,False,brownian_logprice_bridge,,,,
1961,8.243603470618655,8.243603470618654,False,False,brownian_logprice_bridge,,,,
1962,8.200966673153651,8.200966673153653,False,False,brownian_logprice_bridge,,,,
1963,8.15142709776708,8.15142709776708,False,False,brownian_logprice_bridge,,,,
1964,8.139070135583333,8.139070135583333,False,False,brownian_logprice_bridge,,,,
1965,8.049514312393812,8.04951431239381,False,False,brownian_logprice_bridge,,,,
1966,8.032849247185693,8.032849247185693,False,False,brownian_logprice_bridge,,,,
1967,8.082565126078057,8.082565126078055,False,False,brownian_logprice_bridge,,,,
1968,8.120845329720959,8.120845329720959,False,False,brownian_logprice_bridge,,,,
1969,8.176429129246559,8.17642912924656,False,False,brownian_logprice_bridge,,,,
1970,8.13225906130287,8.132259061302868,False,False,brownian_logprice_bridge,,,,
1971,8.157390735295802,8.157390735295802,False,False,brownian_logprice_bridge,,,,
1972,8.044649850239544,8.044649850239544,False,False,brownian_logprice_bridge,,,,
1973,7.990447528083169,7.990447528083168,False,False,brownian_logprice_bridge,,,,
1974,8.015554547471579,8.015554547471577,False,False,brownian_logprice_bridge,,,,
1975,8.03049680134767,8.030496801347669,False,False,brownian_logprice_bridge,,,,
1976,7.900607181772972,7.900607181772973,False,False,brownian_logprice_bridge,,,,
1977,7.880135803708144,7.880135803708145,False,False,brownian_logprice_bridge,,,,
1978,8.009091494095777,8.00909149409578,False,False,brownian_logprice_bridge,,,,
1979,8.005701497863937,8.005701497863939,False,False,brownian_logprice_bridge,,,,
1980,8.081394596863493,8.081394596863493,False,False,brownian_logprice_bridge,,,,
1981,8.143854466423894,8.143854466423894,False,False,brownian_logprice_bridge,,,,
1982,8.15943932682525,8.15943932682525,False,False,brownian_logprice_bridge,,,,
1983,8.074207073495344,8.074207073495346,False,False,brownian_logprice_bridge,,,,
1984,8.186907993197835,8.186907993197835,False,False,brownian_logprice_bridge,,,,
1985,8.15896705695803,8.15896705695803,False,False,brownian_logprice_bridge,,,,
1986,8.164149714954753,8.164149714954753,False,False,brownian_logprice_bridge,,,,
1987,8.226393825926825,8.226393825926827,False,False,brownian_logprice_bridge,,,,
1988,8.226241615657923,8.226241615657923,False,False,brownian_logprice_bridge,,,,
1989,8.19240690028614,8.192406900286143,False,False,brownian_logprice_bridge,,,,
1990,8.218725007408,8.218725007408,False,False,brownian_logprice_bridge,,,,
1991,8.260040862173426,8.260040862173428,False,False,brownian_logprice_bridge,,,,
1992,8.223288956392116,8.223288956392118,False,False,brownian_logprice_bridge,,,,
1993,8.178149065574091,8.178149065574091,False,False,brownian_logprice_bridge,,,,
1994,8.108546366559269,8.108546366559269,False,False,brownian_logprice_bridge,,,,
1995,8.16366267573402,8.16366267573402,False,False,brownian_logprice_bridge,,,,
1996,8.142222060707516,8.142222060707516,False,False,brownian_logprice_bridge,,,,
1997,8.156986670004974,8.156986670004976,False,False,brownian_logprice_bridge,,,,
1998,8.101462776069614,8.101462776069614,False,False,brownian_logprice_bridge,,,,
1999,8.15033894573268,8.15033894573268,False,False,brownian_logprice_bridge,,,,
2000,8.155475886667073,8.155475886667073,False,False,brownian_logprice_bridge,,,,
2001,8.180310077567052,8.180310077567054,False,False,brownian_logprice_bridge,,,,
2002,8.180306388133138,8.180306388133138,False,False,brownian_logprice_bridge,,,,
2003,8.237996757376974,8.237996757376974,False,False,brownian_logprice_bridge,,,,
2004,8.238116324794042,8.238116324794042,False,False,brownian_logprice_bridge,,,,
2005,8.286152748755205,8.286152748755203,False,False,brownian_logprice_bridge,,,,
2006,8.311703543734877,8.311703543734879,False,False,brownian_logprice_bridge,,,,
2007,8.346236552545257,8.346236552545257,False,False,brownian_logprice_bridge,,,,
2008,8.317458530070857,8.317458530070857,False,False,brownian_logprice_bridge,,,,
2009,8.29742250539219,8.297422505392188,False,False,brownian_logprice_bridge,,,,
2010,8.221102923572099,8.221102923572097,False,False,brownian_logprice_bridge,,,,
2011,8.334412533783166,8.334412533783164,False,False,brownian_logprice_bridge,,,,
2012,8.41967880358609,8.419678803586091,False,False,brownian_logprice_bridge,,,,
2013,8.376081588590532,8.37608158859053,False,False,brownian_logprice_bridge,,,,
2014,8.377160966638336,8.377160966638336,False,False,brownian_logprice_bridge,,,,
2015,8.451856690200069,8.451856690200069,False,False,brownian_logprice_bridge,,,,
2016,8.427790128404457,8.427790128404455,False,False,brownian_logprice_bridge,,,,
2017,8.429599899109341,8.42959989910934,False,False,brownian_logprice_bridge,,,,
2018,8.46311438011295,8.46311438011295,False,False,brownian_logprice_bridge,,,,
2019,8.415921798413851,8.415921798413851,False,False,brownian_logprice_bridge,,,,
2020,8.409645262737847,8.409645262737849,False,False,brownian_logprice_bridge,,,,
2021,8.449797195019029,8.44979719501903,False,False,brownian_logprice_bridge,,,,
2022,8.448823050714331,8.448823050714333,False,False,brownian_logprice_bridge,,,,
2023,8.473695598958928,8.47369559895893,False,False,brownian_logprice_bridge,,,,
2024,8.502162120125933,8.502162120125933,False,False,brownian_logprice_bridge,,,,
2025,8.54312702692092,8.543127026920923,False,False,brownian_logprice_bridge,,,,
2026,8.63444580839556,8.63444580839556,False,False,brownian_logprice_bridge,,,,
2027,8.622102293849847,8.622102293849846,False,False,brownian_logprice_bridge,,,,
2028,8.634528520837135,8.634528520837135,False,False,brownian_logprice_bridge,,,,
2029,8.551896942786303,8.551896942786303,False,False,brownian_logprice_bridge,,,,
2030,8.59170640573261,8.59170640573261,False,False,brownian_logprice_bridge,,,,
2031,8.637267971964363,8.637267971964365,False,False,brownian_logprice_bridge,,,,
2032,8.592110025871564,8.592110025871566,False,False,brownian_logprice_bridge,,,,
2033,8.583970184521732,8.583970184521734,False,False,brownian_logprice_bridge,,,,
2034,8.56544648445502,8.565446484455022,False,False,brownian_logprice_bridge,,,,
2035,8.54770757466403,8.54770757466403,False,False,brownian_logprice_bridge,,,,
2036,8.568222596114662,8.568222596114664,False,False,brownian_logprice_bridge,,,,
2037,8.509516500324743,8.509516500324743,False,False,brownian_logprice_bridge,,,,
2038,8.519392044725263,8.519392044725265,False,False,brownian_logprice_bridge,,,,
2039,8.535699183512076,8.535699183512076,False,False,brownian_logprice_bridge,,,,
2040,8.538266799347214,8.538266799347213,False,False,brownian_logprice_bridge,,,,
2041,8.619363786081111,8.61936378608111,False,False,brownian_logprice_bridge,,,,
2042,8.629701773758201,8.629701773758203,False,False,brownian_logprice_bridge,,,,
2043,8.610808765800055,8.610808765800055,False,False,brownian_logprice_bridge,,,,
2044,8.585661743553766,8.585661743553766,False,False,brownian_logprice_bridge,,,,
2045,8.5869348759669,8.586934875966898,False,False,brownian_logprice_bridge,,,,
2046,8.546060353727823,8.546060353727821,False,False,brownian_logprice_bridge,,,,
2047,8.633010494439045,8.633010494439047,False,False,brownian_logprice_bridge,,,,
2048,8.63338370286222,8.633383702862218,False,False,brownian_logprice_bridge,,,,
2049,8.617981496536348,8.617981496536348,False,False,brownian_logprice_bridge,,,,
2050,8.579498285208471,8.57949828520847,False,False,brownian_logprice_bridge,,,,
2051,8.56504853818964,8.565048538189641,False,False,brownian_logprice_bridge,,,,
2052,8.561294183522904,8.561294183522904,False,False,brownian_logprice_bridge,,,,
2053,8.560379517514615,8.560379517514617,False,False,brownian_logprice_bridge,,,,
2054,8.620839428513209,8.620839428513209,False,False,brownian_logprice_bridge,,,,
2055,8.605148179010499,8.605148179010499,False,False,brownian_logprice_bridge,,,,
2056,8.713260825564001,8.713260825564001,False,False,brownian_logprice_bridge,,,,
2057,8.794616121864394,8.794616121864392,False,False,brownian_logprice_bridge,,,,
2058,8.860536692352005,8.860536692352005,False,False,brownian_logprice_bridge,,,,
2059,8.864833192258438,8.864833192258438,False,False,brownian_logprice_bridge,,,,
2060,8.815647127736543,8.815647127736542,False,False,brownian_logprice_bridge,,,,
2061,8.824209065558883,8.824209065558883,False,False,brownian_logprice_bridge,,,,
2062,8.879566483667794,8.879566483667793,False,False,brownian_logprice_bridge,,,,
2063,8.783639037979436,8.783639037979437,False,False,brownian_logprice_bridge,,,,
2064,8.763286611723146,8.763286611723146,False,False,brownian_logprice_bridge,,,,
2065,8.817353040098867,8.817353040098867,False,False,brownian_logprice_bridge,,,,
2066,8.77084396453551,8.770843964535509,False,False,brownian_logprice_bridge,,,,
2067,8.696300532138167,8.696300532138167,False,False,brownian_logprice_bridge,,,,
2068,8.676591141381817,8.676591141381817,False,False,brownian_logprice_bridge,,,,
2069,8.77198946737379,8.771989467373789,False,False,brownian_logprice_bridge,,,,
2070,8.855305209833876,8.855305209833874,False,False,brownian_logprice_bridge,,,,
2071,8.834037946419695,8.834037946419695,False,False,brownian_logprice_bridge,,,,
2072,8.765580154364363,8.765580154364363,False,False,brownian_logprice_bridge,,,,
2073,8.852201607166428,8.85220160716643,False,False,brownian_logprice_bridge,,,,
2074,8.87182431182962,8.871824311829618,False,False,brownian_logprice_bridge,,,,
2075,8.821391283450629,8.821391283450629,False,False,brownian_logprice_bridge,,,,
2076,8.777800723195739,8.777800723195737,False,False,brownian_logprice_bridge,,,,
2077,8.82728301986733,8.827283019867329,False,False,brownian_logprice_bridge,,,,
2078,8.879832886507984,8.879832886507984,False,False,brownian_logprice_bridge,,,,
2079,8.838246723170288,8.838246723170286,False,False,brownian_logprice_bridge,,,,
2080,8.835942222099188,8.835942222099186,False,False,brownian_logprice_bridge,,,,
2081,8.740335031752844,8.740335031752846,False,False,brownian_logprice_bridge,,,,
2082,8.650330171001166,8.650330171001167,False,False,brownian_logprice_bridge,,,,
2083,8.607254796169752,8.607254796169752,False,False,brownian_logprice_bridge,,,,
2084,8.703716563973616,8.703716563973616,False,False,brownian_logprice_bridge,,,,
2085,8.769984738537515,8.769984738537515,False,False,brownian_logprice_bridge,,,,
2086,8.770069955929776,8.770069955929776,False,False,brownian_logprice_bridge,,,,
2087,8.789523059876148,8.789523059876148,False,False,brownian_logprice_bridge,,,,
2088,8.80682659910716,8.80682659910716,False,False,brownian_logprice_bridge,,,,
2089,8.775251579633006,8.775251579633004,False,False,brownian_logprice_bridge,,,,
2090,8.660008134223943,8.660008134223942,False,False,brownian_logprice_bridge,,,,
2091,8.66608719738415,8.666087197384147,False,False,brownian_logprice_bridge,,,,
2092,8.607818689985562,8.607818689985564,False,False,brownian_logprice_bridge,,,,
2093,8.654940418051865,8.654940418051865,False,False,brownian_logprice_bridge,,,,
2094,8.594292424683932,8.59429242468393,False,False,brownian_logprice_bridge,,,,
2095,8.586576973858765,8.586576973858767,False,False,brownian_logprice_bridge,,,,
2096,8.569873177568054,8.569873177568056,False,False,brownian_logprice_bridge,,,,
2097,8.465208841500681,8.465208841500681,False,False,brownian_logprice_bridge,,,,
2098,8.531525285092595,8.531525285092595,False,False,brownian_logprice_bridge,,,,
2099,8.54826332185516,8.548263321855162,False,False,brownian_logprice_bridge,,,,
2100,8.469323192015489,8.469323192015487,False,False,brownian_logprice_bridge,,,,
2101,8.404964721815805,8.404964721815803,False,False,brownian_logprice_bridge,,,,
2102,8.425249006566654,8.425249006566654,False,False,brownian_logprice_bridge,,,,
2103,8.407211228505233,8.407211228505231,False,False,brownian_logprice_bridge,,,,
2104,8.44699444921113,8.44699444921113,False,False,brownian_logprice_bridge,,,,
2105,8.440547035992726,8.440547035992726,False,False,brownian_logprice_bridge,,,,
2106,8.488058015752122,8.488058015752124,False,False,brownian_logprice_bridge,,,,
2107,8.383780240424974,8.383780240424974,False,False,brownian_logprice_bridge,,,,
2108,8.429736453826926,8.429736453826926,False,False,brownian_logprice_bridge,,,,
2109,8.482553491370663,8.482553491370663,False,False,brownian_logprice_bridge,,,,
2110,8.513470118950421,8.513470118950421,False,False,brownian_logprice_bridge,,,,
2111,8.495725488077571,8.49572548807757,False,False,brownian_logprice_bridge,,,,
2112,8.523024379490018,8.523024379490018,False,False,brownian_logprice_bridge,,,,
2113,8.534925883521352,8.53492588352135,False,False,brownian_logprice_bridge,,,,
2114,8.54392857588136,8.543928575881361,False,False,brownian_logprice_bridge,,,,
2115,8.633273248310509,8.633273248310509,False,False,brownian_logprice_bridge,,,,
2116,8.577144212687074,8.577144212687074,False,False,brownian_logprice_bridge,,,,
2117,8.625557512414153,8.625557512414154,False,False,brownian_logprice_bridge,,,,
2118,8.661573473787401,8.661573473787403,False,False,brownian_logprice_bridge,,,,
2119,8.560190455027604,8.560190455027604,False,False,brownian_logprice_bridge,,,,
2120,8.548665781960327,8.54866578196033,False,False,brownian_logprice_bridge,,,,
2121,8.57517151507147,8.575171515071471,False,False,brownian_logprice_bridge,,,,
2122,8.593818160992035,8.593818160992036,False,False,brownian_logprice_bridge,,,,
2123,8.518892168464959,8.518892168464959,False,False,brownian_logprice_bridge,,,,
2124,8.505701780226593,8.505701780226591,False,False,brownian_logprice_bridge,,,,
2125,8.42597429524923,8.42597429524923,False,False,brownian_logprice_bridge,,,,
2126,8.403826356020327,8.403826356020327,False,False,brownian_logprice_bridge,,,,
2127,8.546599086099206,8.546599086099208,False,False,brownian_logprice_bridge,,,,
2128,8.542944151565958,8.542944151565957,False,False,brownian_logprice_bridge,,,,
2129,8.551342298301105,8.551342298301105,False,False,brownian_logprice_bridge,,,,
2130,8.543391907856467,8.543391907856467,False,False,brownian_logprice_bridge,,,,
2131,8.537257703870553,8.537257703870551,False,False,brownian_logprice_bridge,,,,
2132,8.525755727350749,8.525755727350749,False,False,brownian_logprice_bridge,,,,
2133,8.435064209251971,8.435064209251971,False,False,brownian_logprice_bridge,,,,
2134,8.405368429017347,8.405368429017347,False,False,brownian_logprice_bridge,,,,
2135,8.413414671738328,8.413414671738327,False,False,brownian_logprice_bridge,,,,
2136,8.449395829829621,8.44939582982962,False,False,brownian_logprice_bridge,,,,
2137,8.410336794804508,8.41033679480451,False,False,brownian_logprice_bridge,,,,
2138,8.326235808959948,8.326235808959948,False,False,brownian_logprice_bridge,,,,
2139,8.346657416787286,8.346657416787286,False,False,brownian_logprice_bridge,,,,
2140,8.414393333274253,8.414393333274253,False,False,brownian_logprice_bridge,,,,
2141,8.360490686678402,8.360490686678403,False,False,brownian_logprice_bridge,,,,
2142,8.46380246014138,8.46380246014138,False,False,brownian_logprice_bridge,,,,
2143,8.425314785547934,8.425314785547934,False,False,brownian_logprice_bridge,,,,
2144,8.474835051598914,8.474835051598912,False,False,brownian_logprice_bridge,,,,
2145,8.576932256181495,8.576932256181495,False,False,brownian_logprice_bridge,,,,
2146,8.50076020807828,8.500760208078278,False,False,brownian_logprice_bridge,,,,
2147,8.448238448717365,8.448238448717367,False,False,brownian_logprice_bridge,,,,
2148,8.436841751728716,8.436841751728718,False,False,brownian_logprice_bridge,,,,
2149,8.414952324086848,8.41495232408685,False,False,brownian_logprice_bridge,,,,
2150,8.486359806882541,8.48635980688254,False,False,brownian_logprice_bridge,,,,
2151,8.464481158331564,8.464481158331564,False,False,brownian_logprice_bridge,,,,
2152,8.447275014694313,8.447275014694313,False,False,brownian_logprice_bridge,,,,
2153,8.471382000918133,8.471382000918133,False,False,brownian_logprice_bridge,,,,
2154,8.470691856828788,8.47069185682879,False,False,brownian_logprice_bridge,,,,
2155,8.510818633534187,8.510818633534186,False,False,brownian_logprice_bridge,,,,
2156,8.500522145931212,8.500522145931212,False,False,brownian_logprice_bridge,,,,
2157,8.461335787170253,8.461335787170253,False,False,brownian_logprice_bridge,,,,
2158,8.502309812847582,8.50230981284758,False,False,brownian_logprice_bridge,,,,
2159,8.567279812493666,8.567279812493666,False,False,brownian_logprice_bridge,,,,
2160,8.598268515442578,8.598268515442578,False,False,brownian_logprice_bridge,,,,
2161,8.593003965705066,8.593003965705067,False,False,brownian_logprice_bridge,,,,
2162,8.685427673530736,8.685427673530736,False,False,brownian_logprice_bridge,,,,
2163,8.722441290851192,8.722441290851194,False,False,brownian_logprice_bridge,,,,
2164,8.863720651103053,8.863720651103055,False,False,brownian_logprice_bridge,,,,
2165,8.796817964398542,8.796817964398544,False,False,brownian_logprice_bridge,,,,
2166,8.78582086360777,8.78582086360777,False,False,brownian_logprice_bridge,,,,
2167,8.736651236692035,8.736651236692037,False,False,brownian_logprice_bridge,,,,
2168,8.725685756761541,8.72568575676154,False,False,brownian_logprice_bridge,,,,
2169,8.704315015744912,8.704315015744914,False,False,brownian_logprice_bridge,,,,
2170,8.758943540315208,8.758943540315208,False,False,brownian_logprice_bridge,,,,
2171,8.754683522985648,8.754683522985646,False,False,brownian_logprice_bridge,,,,
2172,8.72814280796186,8.728142807961861,False,False,brownian_logprice_bridge,,,,
2173,8.777615781509263,8.777615781509265,False,False,brownian_logprice_bridge,,,,
2174,8.757300460272605,8.757300460272605,False,False,brownian_logprice_bridge,,,,
2175,8.785510860280919,8.785510860280919,False,False,brownian_logprice_bridge,,,,
2176,8.822716999656384,8.822716999656384,False,False,brownian_logprice_bridge,,,,
2177,8.744092919562437,8.744092919562439,False,False,brownian_logprice_bridge,,,,
2178,8.683902554453185,8.683902554453187,False,False,brownian_logprice_bridge,,,,
2179,8.700275843902759,8.700275843902759,False,False,brownian_logprice_bridge,,,,
2180,8.655990300113993,8.655990300113995,False,False,brownian_logprice_bridge,,,,
2181,8.703071120467612,8.703071120467614,False,False,brownian_logprice_bridge,,,,
2182,8.724630001820753,8.724630001820755,False,False,brownian_logprice_bridge,,,,
2183,8.729524896578788,8.729524896578786,False,False,brownian_logprice_bridge,,,,
2184,8.65696774105679,8.656967741056791,False,False,brownian_logprice_bridge,,,,
2185,8.633873543500926,8.633873543500926,False,False,brownian_logprice_bridge,,,,
2186,8.653771552559311,8.65377155255931,False,False,brownian_logprice_bridge,,,,
2187,8.72446548901231,8.724465489012312,False,False,brownian_logprice_bridge,,,,
2188,8.70160022003981,8.70160022003981,False,False,brownian_logprice_bridge,,,,
2189,8.664134042536883,8.664134042536885,False,False,brownian_logprice_bridge,,,,
2190,8.61063316874545,8.61063316874545,False,False,brownian_logprice_bridge,,,,
2191,8.52354409799819,8.523544097998188,False,False,brownian_logprice_bridge,,,,
2192,8.444878516047408,8.44487851604741,False,False,brownian_logprice_bridge,,,,
2193,8.479748885238639,8.479748885238639,False,False,brownian_logprice_bridge,,,,
2194,8.459437828445163,8.459437828445163,False,False,brownian_logprice_bridge,,,,
2195,8.474721591034902,8.474721591034902,False,False,brownian_logprice_bridge,,,,
2196,8.504430289905029,8.504430289905029,False,False,brownian_logprice_bridge,,,,
2197,8.491677183222764,8.491677183222764,False,False,brownian_logprice_bridge,,,,
2198,8.442586845599077,8.442586845599076,False,False,brownian_logprice_bridge,,,,
2199,8.450803273454824,8.450803273454822,False,False,brownian_logprice_bridge,,,,
2200,8.52736172160394,8.527361721603942,False,False,brownian_logprice_bridge,,,,
2201,8.524526615622376,8.524526615622378,False,False,brownian_logprice_bridge,,,,
2202,8.57539597127893,8.57539597127893,False,False,brownian_logprice_bridge,,,,
2203,8.5944529667437,8.5944529667437,False,False,brownian_logprice_bridge,,,,
2204,8.390945914895298,8.390945914895296,False,False,brownian_logprice_bridge,,,,
2205,8.330688855315923,8.330688855315923,False,False,brownian_logprice_bridge,,,,
2206,8.288149127825362,8.28814912782536,False,False,brownian_logprice_bridge,,,,
2207,8.378206326590336,8.378206326590334,False,False,brownian_logprice_bridge,,,,
2208,8.232185263879876,8.232185263879877,False,False,brownian_logprice_bridge,,,,
2209,8.209862084471435,8.209862084471435,False,False,brownian_logprice_bridge,,,,
2210,8.279265615624007,8.27926561562401,False,False,brownian_logprice_bridge,,,,
2211,8.175283848002632,8.175283848002634,False,False,brownian_logprice_bridge,,,,
2212,8.10218991253443,8.102189912534431,False,False,brownian_logprice_bridge,,,,
2213,8.11116627001713,8.11116627001713,False,False,brownian_logprice_bridge,,,,
2214,8.184249151367876,8.184249151367876,False,False,brownian_logprice_bridge,,,,
2215,8.204707893071296,8.204707893071296,False,False,brownian_logprice_bridge,,,,
2216,8.120057869340801,8.1200578693408,False,False,brownian_logprice_bridge,,,,
2217,8.109097213777678,8.109097213777678,False,False,brownian_logprice_bridge,,,,
2218,8.12773419617597,8.12773419617597,False,False,brownian_logprice_bridge,,,,
2219,8.10879034946466,8.10879034946466,False,False,brownian_logprice_bridge,,,,
2220,8.081145616995052,8.08114561699505,False,False,brownian_logprice_bridge,,,,
2221,8.116186399066706,8.116186399066706,False,False,brownian_logprice_bridge,,,,
2222,8.104228301418125,8.104228301418125,False,False,brownian_logprice_bridge,,,,
2223,8.0946493319794,8.0946493319794,False,False,brownian_logprice_bridge,,,,
2224,8.04932738447157,8.049327384471571,False,False,brownian_logprice_bridge,,,,
2225,8.051110607095847,8.051110607095849,False,False,brownian_logprice_bridge,,,,
2226,7.971077377868482,7.97107737786848,False,False,brownian_logprice_bridge,,,,
2227,8.008040343844222,8.008040343844224,False,False,brownian_logprice_bridge,,,,
2228,8.010096350446894,8.010096350446895,False,False,brownian_logprice_bridge,,,,
2229,8.089844693837518,8.089844693837517,False,False,brownian_logprice_bridge,,,,
2230,8.127630061612125,8.127630061612127,False,False,brownian_logprice_bridge,,,,
2231,8.163726601652156,8.163726601652156,False,False,brownian_logprice_bridge,,,,
2232,8.160201756085852,8.16020175608585,False,False,brownian_logprice_bridge,,,,
2233,8.142269531733673,8.142269531733673,False,False,brownian_logprice_bridge,,,,
2234,8.167061840475869,8.167061840475869,False,False,brownian_logprice_bridge,,,,
2235,8.19439222320913,8.19439222320913,False,False,brownian_logprice_bridge,,,,
2236,8.211023683881196,8.211023683881194,False,False,brownian_logprice_bridge,,,,
2237,8.245643153141621,8.245643153141621,False,False,brownian_logprice_bridge,,,,
2238,8.179067489898028,8.17906748989803,False,False,brownian_logprice_bridge,,,,
2239,8.168643712602776,8.168643712602778,False,False,brownian_logprice_bridge,,,,
2240,8.163916575350244,8.163916575350243,False,False,brownian_logprice_bridge,,,,
2241,8.139323795470863,8.139323795470863,False,False,brownian_logprice_bridge,,,,
2242,8.067275273099868,8.067275273099867,False,False,brownian_logprice_bridge,,,,
2243,8.083879672547797,8.083879672547798,False,False,brownian_logprice_bridge,,,,
2244,8.144152357024804,8.144152357024804,False,False,brownian_logprice_bridge,,,,
2245,8.034457109181318,8.034457109181318,False,False,brownian_logprice_bridge,,,,
2246,8.031863160594174,8.031863160594174,False,False,brownian_logprice_bridge,,,,
2247,8.00412507203557,8.00412507203557,False,False,brownian_logprice_bridge,,,,
2248,7.977776619961794,7.977776619961795,False,False,brownian_logprice_bridge,,,,
2249,7.961665171623054,7.961665171623055,False,False,brownian_logprice_bridge,,,,
2250,7.969065102265429,7.969065102265428,False,False,brownian_logprice_bridge,,,,
2251,8.018247276077577,8.018247276077576,False,False,brownian_logprice_bridge,,,,
2252,8.015753372083296,8.015753372083296,False,False,brownian_logprice_bridge,,,,
2253,7.963818801222861,7.96381880122286,False,False,brownian_logprice_bridge,,,,
2254,7.917932763593419,7.917932763593419,False,False,brownian_logprice_bridge,,,,
2255,7.881927575386925,7.881927575386924,False,False,brownian_logprice_bridge,,,,
2256,7.997957584896857,7.997957584896856,False,False,brownian_logprice_bridge,,,,
2257,8.06690153139664,8.06690153139664,False,False,brownian_logprice_bridge,,,,
2258,8.09012606313041,8.090126063130409,False,False,brownian_logprice_bridge,,,,
2259,8.104157905849172,8.10415790584917,False,False,brownian_logprice_bridge,,,,
2260,8.157500867790574,8.157500867790572,False,False,brownian_logprice_bridge,,,,
2261,8.245124046538042,8.245124046538042,False,False,brownian_logprice_bridge,,,,
2262,8.245731770215164,8.245731770215164,False,False,brownian_logprice_bridge,,,,
2263,8.280852761017735,8.280852761017737,False,False,brownian_logprice_bridge,,,,
2264,8.25620638037487,8.25620638037487,False,False,brownian_logprice_bridge,,,,
2265,8.208521922262255,8.208521922262255,False,False,brownian_logprice_bridge,,,,
2266,8.195783219453528,8.195783219453526,False,False,brownian_logprice_bridge,,,,
2267,8.18294224905215,8.18294224905215,False,False,brownian_logprice_bridge,,,,
2268,8.161624677421553,8.161624677421552,False,False,brownian_logprice_bridge,,,,
2269,8.199522379872286,8.199522379872286,False,False,brownian_logprice_bridge,,,,
2270,8.16408599353115,8.164085993531152,False,False,brownian_logprice_bridge,,,,
2271,8.266366321955015,8.266366321955015,False,False,brownian_logprice_bridge,,,,
2272,8.311349470759463,8.311349470759465,False,False,brownian_logprice_bridge,,,,
2273,8.217010673578656,8.217010673578654,False,False,brownian_logprice_bridge,,,,
2274,8.214623541231376,8.214623541231376,False,False,brownian_logprice_bridge,,,,
2275,8.149118670864512,8.149118670864512,False,False,brownian_logprice_bridge,,,,
2276,8.21557834748955,8.21557834748955,False,False,brownian_logprice_bridge,,,,
2277,8.206953681951282,8.20695368195128,False,False,brownian_logprice_bridge,,,,
2278,8.262210428193448,8.262210428193447,False,False,brownian_logprice_bridge,,,,
2279,8.298352721762813,8.29835272176281,False,False,brownian_logprice_bridge,,,,
2280,8.205241087344914,8.205241087344914,False,False,brownian_logprice_bridge,,,,
2281,8.235452795921537,8.235452795921539,False,False,brownian_logprice_bridge,,,,
2282,8.188369172546023,8.188369172546023,False,False,brownian_logprice_bridge,,,,
2283,8.216231230252863,8.216231230252863,False,False,brownian_logprice_bridge,,,,
2284,8.292229421426729,8.292229421426727,False,False,brownian_logprice_bridge,,,,
2285,8.210964473930199,8.210964473930199,False,False,brownian_logprice_bridge,,,,
2286,8.252886240807939,8.25288624080794,False,False,brownian_logprice_bridge,,,,
2287,8.163768204018952,8.16376820401895,False,False,brownian_logprice_bridge,,,,
2288,8.216434236787396,8.216434236787395,False,False,brownian_logprice_bridge,,,,
2289,8.260875509514864,8.260875509514864,False,False,brownian_logprice_bridge,,,,
2290,8.310560482190816,8.310560482190816,False,False,brownian_logprice_bridge,,,,
2291,8.125402426655285,8.125402426655286,False,False,brownian_logprice_bridge,,,,
2292,8.082886566462019,8.082886566462019,False,False,brownian_logprice_bridge,,,,
2293,8.038884669481716,8.038884669481716,False,False,brownian_logprice_bridge,,,,
2294,8.04935033050488,8.049350330504879,False,False,brownian_logprice_bridge,,,,
2295,8.0427686996675,8.0427686996675,False,False,brownian_logprice_bridge,,,,
2296,7.946984269358575,7.946984269358575,False,False,brownian_logprice_bridge,,,,
2297,7.934669811226612,7.9346698112266125,False,False,brownian_logprice_bridge,,,,
2298,7.900470723198617,7.900470723198616,False,False,brownian_logprice_bridge,,,,
2299,7.790209380704372,7.790209380704373,False,False,brownian_logprice_bridge,,,,
2300,7.762201226615525,7.762201226615523,False,False,brownian_logprice_bridge,,,,
2301,7.712185745767015,7.712185745767014,False,False,brownian_logprice_bridge,,,,
2302,7.819955340031081,7.819955340031082,False,False,brownian_logprice_bridge,,,,
2303,7.734654559865484,7.734654559865483,False,False,brownian_logprice_bridge,,,,
2304,7.74747619867728,7.7474761986772815,False,False,brownian_logprice_bridge,,,,
2305,7.727077275795518,7.727077275795519,False,False,brownian_logprice_bridge,,,,
2306,7.679318683356279,7.67931868335628,False,False,brownian_logprice_bridge,,,,
2307,7.754690003766356,7.754690003766357,False,False,brownian_logprice_bridge,,,,
2308,7.798014050054182,7.798014050054182,False,False,brownian_logprice_bridge,,,,
2309,7.836598878163856,7.836598878163856,False,False,brownian_logprice_bridge,,,,
2310,7.812420493988566,7.812420493988568,False,False,brownian_logprice_bridge,,,,
2311,7.8335097595186065,7.8335097595186065,False,False,brownian_logprice_bridge,,,,
2312,7.704297619805734,7.7042976198057325,False,False,brownian_logprice_bridge,,,,
2313,7.711136152147309,7.711136152147307,False,False,brownian_logprice_bridge,,,,
2314,7.751523080686091,7.75152308068609,False,False,brownian_logprice_bridge,,,,
2315,7.738232028784861,7.738232028784859,False,False,brownian_logprice_bridge,,,,
2316,7.775224188360943,7.775224188360944,False,False,brownian_logprice_bridge,,,,
2317,7.768836469703516,7.7688364697035155,False,False,brownian_logprice_bridge,,,,
2318,7.848507429919472,7.848507429919471,False,False,brownian_logprice_bridge,,,,
2319,7.928840504425558,7.928840504425558,False,False,brownian_logprice_bridge,,,,
2320,7.894279922672633,7.8942799226726335,False,False,brownian_logprice_bridge,,,,
2321,7.902473895828384,7.9024738958283836,False,False,brownian_logprice_bridge,,,,
2322,7.896722816644816,7.896722816644816,False,False,brownian_logprice_bridge,,,,
2323,7.961035563379525,7.961035563379525,False,False,brownian_logprice_bridge,,,,
2324,8.004391109848639,8.00439110984864,False,False,brownian_logprice_bridge,,,,
2325,7.93130159362483,7.9313015936248314,False,False,brownian_logprice_bridge,,,,
2326,7.944225083873617,7.944225083873616,False,False,brownian_logprice_bridge,,,,
2327,7.965502585033042,7.965502585033042,False,False,brownian_logprice_bridge,,,,
2328,7.994152341458457,7.994152341458456,False,False,brownian_logprice_bridge,,,,
2329,7.909692403701485,7.909692403701485,False,False,brownian_logprice_bridge,,,,
2330,7.96086102064337,7.960861020643368,False,False,brownian_logprice_bridge,,,,
2331,7.910889171026805,7.9108891710268034,False,False,brownian_logprice_bridge,,,,
2332,7.965759271413127,7.965759271413127,False,False,brownian_logprice_bridge,,,,
2333,7.979570345924487,7.979570345924488,False,False,brownian_logprice_bridge,,,,
2334,7.914487492054454,7.9144874920544535,False,False,brownian_logprice_bridge,,,,
2335,7.929553587814205,7.929553587814205,False,False,brownian_logprice_bridge,,,,
2336,7.903168902791318,7.903168902791319,False,False,brownian_logprice_bridge,,,,
2337,7.968138752187916,7.968138752187916,False,False,brownian_logprice_bridge,,,,
2338,7.903954011963524,7.903954011963525,False,False,brownian_logprice_bridge,,,,
2339,7.95414182472367,7.9541418247236715,False,False,brownian_logprice_bridge,,,,
2340,8.030385931023673,8.030385931023673,False,False,brownian_logprice_bridge,,,,
2341,8.027298184678775,8.027298184678775,False,False,brownian_logprice_bridge,,,,
2342,7.981653971964868,7.9816539719648665,False,False,brownian_logprice_bridge,,,,
2343,7.912224995030151,7.91222499503015,False,False,brownian_logprice_bridge,,,,
2344,7.905651613700823,7.905651613700823,False,False,brownian_logprice_bridge,,,,
2345,7.947951907476165,7.947951907476164,False,False,brownian_logprice_bridge,,,,
2346,7.966355717732639,7.966355717732639,False,False,brownian_logprice_bridge,,,,
2347,8.047062273055541,8.047062273055541,False,False,brownian_logprice_bridge,,,,
2348,7.976320933839115,7.976320933839115,False,False,brownian_logprice_bridge,,,,
2349,7.964631679208344,7.964631679208343,False,False,brownian_logprice_bridge,,,,
2350,7.939602493800527,7.939602493800528,False,False,brownian_logprice_bridge,,,,
2351,7.907572941849359,7.90757294184936,False,False,brownian_logprice_bridge,,,,
2352,7.874273064959614,7.874273064959613,False,False,brownian_logprice_bridge,,,,
2353,7.855832265808303,7.855832265808304,False,False,brownian_logprice_bridge,,,,
2354,7.832431112368892,7.83243111236889,False,False,brownian_logprice_bridge,,,,
2355,7.869329939616098,7.869329939616099,False,False,brownian_logprice_bridge,,,,
2356,8.03649919270137,8.036499192701372,False,False,brownian_logprice_bridge,,,,
2357,8.083950585572884,8.083950585572884,False,False,brownian_logprice_bridge,,,,
2358,8.159119575342398,8.159119575342398,False,False,brownian_logprice_bridge,,,,
2359,8.219617849900711,8.219617849900711,False,False,brownian_logprice_bridge,,,,
2360,8.283100788200233,8.283100788200235,False,False,brownian_logprice_bridge,,,,
2361,8.24233300129909,8.24233300129909,False,False,brownian_logprice_bridge,,,,
2362,8.3481946336507,8.348194633650701,False,False,brownian_logprice_bridge,,,,
2363,8.316633846910928,8.316633846910928,False,False,brownian_logprice_bridge,,,,
2364,8.240810624776579,8.240810624776577,False,False,brownian_logprice_bridge,,,,
2365,8.218602095219035,8.218602095219035,False,False,brownian_logprice_bridge,,,,
2366,8.322846521200384,8.322846521200383,False,False,brownian_logprice_bridge,,,,
2367,8.341047339347321,8.34104733934732,False,False,brownian_logprice_bridge,,,,
2368,8.344360715809952,8.344360715809952,False,False,brownian_logprice_bridge,,,,
2369,8.434438420263291,8.43443842026329,False,False,brownian_logprice_bridge,,,,
2370,8.318716850022367,8.31871685002237,False,False,brownian_logprice_bridge,,,,
2371,8.315169711346986,8.315169711346986,False,False,brownian_logprice_bridge,,,,
2372,8.355926346040858,8.355926346040858,False,False,brownian_logprice_bridge,,,,
2373,8.379638246134283,8.379638246134284,False,False,brownian_logprice_bridge,,,,
2374,8.306899042120033,8.306899042120033,False,False,brownian_logprice_bridge,,,,
2375,8.306560939274272,8.30656093927427,False,False,brownian_logprice_bridge,,,,
2376,8.330729956902392,8.330729956902392,False,False,brownian_logprice_bridge,,,,
2377,8.278758502702644,8.278758502702644,False,False,brownian_logprice_bridge,,,,
2378,8.290730452104194,8.290730452104194,False,False,brownian_logprice_bridge,,,,
2379,8.317939298758121,8.317939298758121,False,False,brownian_logprice_bridge,,,,
2380,8.336231209232945,8.336231209232945,False,False,brownian_logprice_bridge,,,,
2381,8.416755863273739,8.416755863273739,False,False,brownian_logprice_bridge,,,,
2382,8.411165241865971,8.411165241865971,False,False,brownian_logprice_bridge,,,,
2383,8.425877114602333,8.425877114602333,False,False,brownian_logprice_bridge,,,,
2384,8.430880080572658,8.430880080572658,False,False,brownian_logprice_bridge,,,,
2385,8.5095758862062,8.509575886206202,False,False,brownian_logprice_bridge,,,,
2386,8.453606939519537,8.453606939519535,False,False,brownian_logprice_bridge,,,,
2387,8.433352882740873,8.433352882740872,False,False,brownian_logprice_bridge,,,,
2388,8.577743026868962,8.57774302686896,False,False,brownian_logprice_bridge,,,,
2389,8.553162063578359,8.553162063578359,False,False,brownian_logprice_bridge,,,,
2390,8.47634114153615,8.476341141536151,False,False,brownian_logprice_bridge,,,,
2391,8.435919353758525,8.435919353758523,False,False,brownian_logprice_bridge,,,,
2392,8.455170918140093,8.455170918140091,False,False,brownian_logprice_bridge,,,,
2393,8.38929386312999,8.38929386312999,False,False,brownian_logprice_bridge,,,,
2394,8.457267039233292,8.457267039233292,False,False,brownian_logprice_bridge,,,,
2395,8.46155145942353,8.461551459423529,False,False,brownian_logprice_bridge,,,,
2396,8.45414132606346,8.454141326063459,False,False,brownian_logprice_bridge,,,,
2397,8.46871947760989,8.46871947760989,False,False,brownian_logprice_bridge,,,,
2398,8.490762648423782,8.490762648423782,False,False,brownian_logprice_bridge,,,,
2399,8.456319918495495,8.456319918495494,False,False,brownian_logprice_bridge,,,,
2400,8.394590628929686,8.394590628929686,False,False,brownian_logprice_bridge,,,,
2401,8.30147672241049,8.30147672241049,False,False,brownian_logprice_bridge,,,,
2402,8.302229599990664,8.302229599990664,False,False,brownian_logprice_bridge,,,,
2403,8.302680627746383,8.302680627746383,False,False,brownian_logprice_bridge,,,,
2404,8.298591596668768,8.298591596668766,False,False,brownian_logprice_bridge,,,,
2405,8.33906650992062,8.339066509920622,False,False,brownian_logprice_bridge,,,,
2406,8.417320810978977,8.417320810978977,False,False,brownian_logprice_bridge,,,,
2407,8.500232866183886,8.500232866183888,False,False,brownian_logprice_bridge,,,,
2408,8.45325866440927,8.45325866440927,False,False,brownian_logprice_bridge,,,,
2409,8.425855640773285,8.425855640773287,False,False,brownian_logprice_bridge,,,,
2410,8.491625081836965,8.491625081836967,False,False,brownian_logprice_bridge,,,,
2411,8.391375290456974,8.391375290456974,False,False,brownian_logprice_bridge,,,,
2412,8.364142639602077,8.364142639602079,False,False,brownian_logprice_bridge,,,,
2413,8.295958785035644,8.295958785035644,False,False,brownian_logprice_bridge,,,,
2414,8.240079629149756,8.240079629149756,False,False,brownian_logprice_bridge,,,,
2415,8.232318780075262,8.232318780075262,False,False,brownian_logprice_bridge,,,,
2416,8.182337734766538,8.182337734766538,False,False,brownian_logprice_bridge,,,,
2417,8.156101853071139,8.15610185307114,False,False,brownian_logprice_bridge,,,,
2418,8.118006238761897,8.118006238761897,False,False,brownian_logprice_bridge,,,,
2419,8.141955038242028,8.14195503824203,False,False,brownian_logprice_bridge,,,,
2420,8.187228488612107,8.187228488612107,False,False,brownian_logprice_bridge,,,,
2421,8.17207699970129,8.172076999701291,False,False,brownian_logprice_bridge,,,,
2422,8.129363245243173,8.129363245243173,False,False,brownian_logprice_bridge,,,,
2423,8.112527003949689,8.112527003949689,False,False,brownian_logprice_bridge,,,,
2424,8.129222629340427,8.129222629340429,False,False,brownian_logprice_bridge,,,,
2425,8.100432259622272,8.10043225962227,False,False,brownian_logprice_bridge,,,,
2426,8.074214878001774,8.074214878001776,False,False,brownian_logprice_bridge,,,,
2427,8.092806889370165,8.092806889370165,False,False,brownian_logprice_bridge,,,,
2428,8.110915161355079,8.11091516135508,False,False,brownian_logprice_bridge,,,,
2429,8.165349789807916,8.165349789807916,False,False,brownian_logprice_bridge,,,,
2430,8.190853493463436,8.190853493463436,False,False,brownian_logprice_bridge,,,,
2431,8.172060954836,8.172060954836,False,False,brownian_logprice_bridge,,,,
2432,8.137491315519098,8.137491315519098,False,False,brownian_logprice_bridge,,,,
2433,8.141227031461007,8.141227031461007,False,False,brownian_logprice_bridge,,,,
2434,8.177624452600833,8.177624452600831,False,False,brownian_logprice_bridge,,,,
2435,8.265409380042177,8.265409380042176,False,False,brownian_logprice_bridge,,,,
2436,8.277440393300047,8.277440393300047,False,False,brownian_logprice_bridge,,,,
2437,8.213075616143362,8.213075616143362,False,False,brownian_logprice_bridge,,,,
2438,8.27856468809289,8.27856468809289,False,False,brownian_logprice_bridge,,,,
2439,8.33700483689463,8.33700483689463,False,False,brownian_logprice_bridge,,,,
2440,8.393007811386724,8.393007811386722,False,False,brownian_logprice_bridge,,,,
2441,8.3152500459767,8.315250045976699,False,False,brownian_logprice_bridge,,,,
2442,8.268372451390906,8.268372451390906,False,False,brownian_logprice_bridge,,,,
2443,8.202354368238725,8.202354368238725,False,False,brownian_logprice_bridge,,,,
2444,8.18970830061841,8.189708300618408,False,False,brownian_logprice_bridge,,,,
2445,8.248678517158567,8.248678517158565,False,False,brownian_logprice_bridge,,,,
2446,8.247785631005375,8.247785631005376,False,False,brownian_logprice_bridge,,,,
2447,8.202343154232185,8.202343154232185,False,False,brownian_logprice_bridge,,,,
2448,8.075903935690645,8.075903935690645,False,False,brownian_logprice_bridge,,,,
2449,8.035838500443319,8.035838500443317,False,False,brownian_logprice_bridge,,,,
2450,8.1464667079234,8.1464667079234,False,False,brownian_logprice_bridge,,,,
2451,8.014565042867325,8.014565042867325,False,False,brownian_logprice_bridge,,,,
2452,8.065837250449945,8.065837250449945,False,False,brownian_logprice_bridge,,,,
2453,8.14212058922477,8.142120589224769,False,False,brownian_logprice_bridge,,,,
2454,8.151665311388205,8.151665311388204,False,False,brownian_logprice_bridge,,,,
2455,8.152160489785178,8.152160489785176,False,False,brownian_logprice_bridge,,,,
2456,8.092360945670064,8.092360945670062,False,False,brownian_logprice_bridge,,,,
2457,8.113265896878788,8.113265896878788,False,False,brownian_logprice_bridge,,,,
2458,8.124726186320546,8.124726186320547,False,False,brownian_logprice_bridge,,,,
2459,8.206557317381847,8.206557317381847,False,False,brownian_logprice_bridge,,,,
2460,8.197269596336541,8.197269596336541,False,False,brownian_logprice_bridge,,,,
2461,8.220711167475748,8.220711167475748,False,False,brownian_logprice_bridge,,,,
2462,8.3079266035774,8.307926603577398,False,False,brownian_logprice_bridge,,,,
2463,8.280951685639563,8.280951685639563,False,False,brownian_logprice_bridge,,,,
2464,8.32738654446114,8.327386544461142,False,False,brownian_logprice_bridge,,,,
2465,8.231632001136852,8.23163200113685,False,False,brownian_logprice_bridge,,,,
2466,8.222147741508868,8.222147741508868,False,False,brownian_logprice_bridge,,,,
2467,8.25003762566654,8.250037625666538,False,False,brownian_logprice_bridge,,,,
2468,8.201829873825385,8.201829873825385,False,False,brownian_logprice_bridge,,,,
2469,8.167249674860763,8.167249674860763,False,False,brownian_logprice_bridge,,,,
2470,8.21686751343324,8.21686751343324,False,False,brownian_logprice_bridge,,,,
2471,8.272076144093027,8.272076144093026,False,False,brownian_logprice_bridge,,,,
2472,8.21899793258334,8.21899793258334,False,False,brownian_logprice_bridge,,,,
2473,8.225230765278516,8.225230765278514,False,False,brownian_logprice_bridge,,,,
2474,8.264208193275836,8.264208193275836,False,False,brownian_logprice_bridge,,,,
2475,8.346766487024597,8.346766487024599,False,False,brownian_logprice_bridge,,,,
2476,8.374592615115953,8.374592615115953,False,False,brownian_logprice_bridge,,,,
2477,8.48295946431329,8.482959464313288,False,False,brownian_logprice_bridge,,,,
2478,8.436839504998215,8.436839504998213,False,False,brownian_logprice_bridge,,,,
2479,8.416645644244783,8.416645644244785,False,False,brownian_logprice_bridge,,,,
2480,8.336038316755864,8.336038316755866,False,False,brownian_logprice_bridge,,,,
2481,8.327189450517398,8.327189450517398,False,False,brownian_logprice_bridge,,,,
2482,8.313858368725596,8.313858368725594,False,False,brownian_logprice_bridge,,,,
2483,8.19265797055464,8.192657970554642,False,False,brownian_logprice_bridge,,,,
2484,8.214831657577546,8.214831657577548,False,False,brownian_logprice_bridge,,,,
2485,8.267563073616422,8.267563073616422,False,False,brownian_logprice_bridge,,,,
2486,8.35895117941695,8.35895117941695,False,False,brownian_logprice_bridge,,,,
2487,8.532396126894215,8.532396126894213,False,False,brownian_logprice_bridge,,,,
2488,8.502564354911017,8.50256435491102,False,False,brownian_logprice_bridge,,,,
2489,8.605777285228038,8.605777285228037,False,False,brownian_logprice_bridge,,,,
2490,8.571533367392309,8.57153336739231,False,False,brownian_logprice_bridge,,,,
2491,8.486212594407874,8.486212594407874,False,False,brownian_logprice_bridge,,,,
2492,8.539699287320538,8.539699287320538,False,False,brownian_logprice_bridge,,,,
2493,8.593985020817223,8.593985020817223,False,False,brownian_logprice_bridge,,,,
2494,8.602425940085128,8.602425940085128,False,False,brownian_logprice_bridge,,,,
2495,8.619084469478492,8.61908446947849,False,False,brownian_logprice_bridge,,,,
2496,8.615725283611043,8.615725283611043,False,False,brownian_logprice_bridge,,,,
2497,8.60422391457406,8.60422391457406,False,False,brownian_logprice_bridge,,,,
2498,8.643449625055874,8.643449625055874,False,False,brownian_logprice_bridge,,,,
2499,8.687178124133059,8.687178124133059,False,False,brownian_logprice_bridge,,,,
2500,8.744241014365842,8.74424101436584,False,False,brownian_logprice_bridge,,,,
2501,8.701707008277385,8.701707008277385,False,False,brownian_logprice_bridge,,,,
2502,8.589884866650142,8.58988486665014,False,False,brownian_logprice_bridge,,,,
2503,8.627230779886611,8.62723077988661,False,False,brownian_logprice_bridge,,,,
2504,8.533415873802964,8.533415873802966,False,False,brownian_logprice_bridge,,,,
2505,8.55900982218047,8.55900982218047,False,False,brownian_logprice_bridge,,,,
2506,8.496809420162728,8.496809420162728,False,False,brownian_logprice_bridge,,,,
2507,8.562659611934231,8.56265961193423,False,False,brownian_logprice_bridge,,,,
2508,8.606566225489203,8.606566225489205,False,False,brownian_logprice_bridge,,,,
2509,8.634426134672745,8.634426134672744,False,False,brownian_logprice_bridge,,,,
2510,8.59122129656132,8.591221296561319,False,False,brownian_logprice_bridge,,,,
2511,8.573437256323533,8.573437256323531,False,False,brownian_logprice_bridge,,,,
2512,8.514747835939202,8.5147478359392,False,False,brownian_logprice_bridge,,,,
2513,8.495486234644652,8.49548623464465,False,False,brownian_logprice_bridge,,,,
2514,8.537949338395375,8.537949338395373,False,False,brownian_logprice_bridge,,,,
2515,8.474826387825146,8.474826387825145,False,False,brownian_logprice_bridge,,,,
2516,8.448941148808991,8.448941148808993,False,False,brownian_logprice_bridge,,,,
2517,8.514580024238269,8.51458002423827,False,False,brownian_logprice_bridge,,,,
2518,8.529473985959111,8.529473985959111,False,False,brownian_logprice_bridge,,,,
2519,8.49119588196146,8.491195881961461,False,False,brownian_logprice_bridge,,,,
2520,8.579731255240967,8.579731255240969,False,False,brownian_logprice_bridge,,,,
2521,8.561881183323882,8.561881183323882,False,False,brownian_logprice_bridge,,,,
2522,8.529525984811745,8.529525984811745,False,False,brownian_logprice_bridge,,,,
2523,8.542667025474579,8.542667025474577,False,False,brownian_logprice_bridge,,,,
2524,8.609894202279138,8.609894202279138,False,False,brownian_logprice_bridge,,,,
2525,8.66966143439518,8.669661434395183,False,False,brownian_logprice_bridge,,,,
2526,8.720157764650576,8.720157764650576,False,False,brownian_logprice_bridge,,,,
2527,8.608384854695196,8.608384854695196,False,False,brownian_logprice_bridge,,,,
2528,8.662566891631881,8.662566891631883,False,False,brownian_logprice_bridge,,,,
2529,8.691900549131251,8.691900549131251,False,False,brownian_logprice_bridge,,,,
2530,8.708639015062458,8.70863901506246,False,False,brownian_logprice_bridge,,,,
2531,8.689193074303326,8.689193074303326,False,False,brownian_logprice_bridge,,,,
2532,8.676572769110074,8.676572769110074,False,False,brownian_logprice_bridge,,,,
2533,8.797802009059726,8.797802009059726,False,False,brownian_logprice_bridge,,,,
2534,8.757067392432676,8.757067392432674,False,False,brownian_logprice_bridge,,,,
2535,8.593121973372194,8.593121973372195,False,False,brownian_logprice_bridge,,,,
2536,8.639979593535157,8.639979593535159,False,False,brownian_logprice_bridge,,,,
2537,8.708181832457628,8.70818183245763,False,False,brownian_logprice_bridge,,,,
2538,8.719865954164517,8.719865954164518,False,False,brownian_logprice_bridge,,,,
2539,8.755407974322674,8.755407974322672,False,False,brownian_logprice_bridge,,,,
2540,8.844932171932047,8.844932171932047,False,False,brownian_logprice_bridge,,,,
2541,8.850681684114285,8.850681684114287,False,False,brownian_logprice_bridge,,,,
2542,8.834205563797005,8.834205563797003,False,False,brownian_logprice_bridge,,,,
2543,8.764300151627575,8.764300151627575,False,False,brownian_logprice_bridge,,,,
2544,8.728229248338657,8.728229248338659,False,False,brownian_logprice_bridge,,,,
2545,8.789195660367302,8.7891956603673,False,False,brownian_logprice_bridge,,,,
2546,8.787155862650017,8.787155862650016,False,False,brownian_logprice_bridge,,,,
2547,8.895423690887899,8.895423690887897,False,False,brownian_logprice_bridge,,,,
2548,8.899688530104314,8.899688530104314,False,False,brownian_logprice_bridge,,,,
2549,8.982190462592259,8.982190462592259,False,False,brownian_logprice_bridge,,,,
2550,8.929706443864672,8.929706443864672,False,False,brownian_logprice_bridge,,,,
2551,8.915038276329405,8.915038276329406,False,False,brownian_logprice_bridge,,,,
2552,8.908948791111293,8.908948791111293,False,False,brownian_logprice_bridge,,,,
2553,8.947631173663432,8.94763117366343,False,False,brownian_logprice_bridge,,,,
2554,8.894764994867854,8.894764994867854,False,False,brownian_logprice_bridge,,,,
2555,8.94467865296197,8.944678652961969,False,False,brownian_logprice_bridge,,,,
2556,8.927505792989294,8.927505792989296,False,False,brownian_logprice_bridge,,,,
2557,8.95874286792947,8.95874286792947,False,False,brownian_logprice_bridge,,,,
2558,8.949140714664091,8.949140714664091,False,False,brownian_logprice_bridge,,,,
2559,8.873158555571369,8.873158555571369,False,False,brownian_logprice_bridge,,,,
2560,8.889685915503264,8.889685915503264,False,False,brownian_logprice_bridge,,,,
2561,8.841283353913422,8.841283353913422,False,False,brownian_logprice_bridge,,,,
2562,8.874832452263785,8.874832452263787,False,False,brownian_logprice_bridge,,,,
2563,8.880173572241569,8.880173572241569,False,False,brownian_logprice_bridge,,,,
2564,9.01145288114622,9.011452881146221,False,False,brownian_logprice_bridge,,,,
2565,9.013771763343666,9.013771763343666,False,False,brownian_logprice_bridge,,,,
2566,8.954252384776854,8.954252384776854,False,False,brownian_logprice_bridge,,,,
2567,8.889473274532753,8.889473274532751,False,False,brownian_logprice_bridge,,,,
2568,8.814595390121912,8.814595390121912,False,False,brownian_logprice_bridge,,,,
2569,8.82558278247943,8.82558278247943,False,False,brownian_logprice_bridge,,,,
2570,8.823223622890353,8.823223622890351,False,False,brownian_logprice_bridge,,,,
2571,8.797535047880356,8.797535047880356,False,False,brownian_logprice_bridge,,,,
2572,8.782337594499449,8.78233759449945,False,False,brownian_logprice_bridge,,,,
2573,8.843177433681246,8.843177433681248,False,False,brownian_logprice_bridge,,,,
2574,8.848628400407794,8.848628400407796,False,False,brownian_logprice_bridge,,,,
2575,8.891652505432397,8.891652505432395,False,False,brownian_logprice_bridge,,,,
2576,8.951614798349675,8.951614798349677,False,False,brownian_logprice_bridge,,,,
2577,8.924969111813963,8.924969111813962,False,False,brownian_logprice_bridge,,,,
2578,8.89409122940244,8.89409122940244,False,False,brownian_logprice_bridge,,,,
2579,8.910874368398925,8.910874368398927,False,False,brownian_logprice_bridge,,,,
2580,8.9865912388855,8.986591238885499,False,False,brownian_logprice_bridge,,,,
2581,8.981439778455824,8.981439778455826,False,False,brownian_logprice_bridge,,,,
2582,9.01779493632201,9.017794936322009,False,False,brownian_logprice_bridge,,,,
2583,8.994128646590612,8.994128646590612,False,False,brownian_logprice_bridge,,,,
2584,8.870485041247015,8.870485041247013,False,False,brownian_logprice_bridge,,,,
2585,8.875004019513561,8.875004019513563,False,False,brownian_logprice_bridge,,,,
2586,9.00082847077995,9.000828470779949,False,False,brownian_logprice_bridge,,,,
2587,9.07354808682699,9.073548086826989,False,False,brownian_logprice_bridge,,,,
2588,9.229302801888757,9.229302801888755,False,False,brownian_logprice_bridge,,,,
2589,9.176321682617328,9.176321682617328,False,False,brownian_logprice_bridge,,,,
2590,9.189537642050825,9.189537642050825,False,False,brownian_logprice_bridge,,,,
2591,9.142188914878565,9.142188914878565,False,False,brownian_logprice_bridge,,,,
2592,9.157573838161216,9.157573838161216,False,False,brownian_logprice_bridge,,,,
2593,9.21991246300322,9.219912463003219,False,False,brownian_logprice_bridge,,,,
2594,9.197948293792209,9.197948293792209,False,False,brownian_logprice_bridge,,,,
2595,9.202308643880814,9.202308643880812,False,False,brownian_logprice_bridge,,,,
2596,9.19427691157398,9.194276911573978,False,False,brownian_logprice_bridge,,,,
2597,9.146098159770624,9.146098159770625,False,False,brownian_logprice_bridge,,,,
2598,9.181401407349364,9.181401407349366,False,False,brownian_logprice_bridge,,,,
2599,9.092204331787544,9.092204331787546,False,False,brownian_logprice_bridge,,,,
2600,9.173919440664363,9.173919440664363,False,False,brownian_logprice_bridge,,,,
2601,9.238690147261655,9.238690147261655,False,False,brownian_logprice_bridge,,,,
2602,9.195040639478274,9.195040639478274,False,False,brownian_logprice_bridge,,,,
2603,9.115171974162529,9.11517197416253,False,False,brownian_logprice_bridge,,,,
2604,8.997142020028644,8.997142020028646,False,False,brownian_logprice_bridge,,,,
2605,8.945012650893743,8.945012650893744,False,False,brownian_logprice_bridge,,,,
2606,8.89525027278989,8.895250272789887,False,False,brownian_logprice_bridge,,,,
2607,8.937782249460238,8.937782249460238,False,False,brownian_logprice_bridge,,,,
2608,8.880196362455628,8.88019636245563,False,False,brownian_logprice_bridge,,,,
2609,8.94776811926407,8.94776811926407,False,False,brownian_logprice_bridge,,,,
2610,8.940897699298631,8.940897699298633,False,False,brownian_logprice_bridge,,,,
2611,8.89352271251587,8.893522712515871,False,False,brownian_logprice_bridge,,,,
2612,8.832795340744799,8.832795340744799,False,False,brownian_logprice_bridge,,,,
2613,8.729099210707329,8.729099210707327,False,False,brownian_logprice_bridge,,,,
2614,8.701696700828922,8.701696700828922,False,False,brownian_logprice_bridge,,,,
2615,8.72174645256655,8.721746452566551,False,False,brownian_logprice_bridge,,,,
2616,8.717851840840137,8.717851840840137,False,False,brownian_logprice_bridge,,,,
2617,8.717880180558053,8.717880180558055,False,False,brownian_logprice_bridge,,,,
2618,8.81070377767818,8.81070377767818,False,False,brownian_logprice_bridge,,,,
2619,8.881842174441454,8.881842174441452,False,False,brownian_logprice_bridge,,,,
2620,8.751050467254052,8.751050467254052,False,False,brownian_logprice_bridge,,,,
2621,8.747831670301617,8.747831670301615,False,False,brownian_logprice_bridge,,,,
2622,8.692665205394789,8.692665205394789,False,False,brownian_logprice_bridge,,,,
2623,8.717824405913284,8.717824405913284,False,False,brownian_logprice_bridge,,,,
2624,8.695535556598179,8.695535556598179,False,False,brownian_logprice_bridge,,,,
2625,8.669786736065557,8.669786736065559,False,False,brownian_logprice_bridge,,,,
2626,8.677961143296104,8.677961143296104,False,False,brownian_logprice_bridge,,,,
2627,8.68151424934204,8.681514249342039,False,False,brownian_logprice_bridge,,,,
2628,8.707434593619523,8.70743459361952,False,False,brownian_logprice_bridge,,,,
2629,8.731058186456512,8.731058186456513,False,False,brownian_logprice_bridge,,,,
2630,8.66673170394378,8.666731703943778,False,False,brownian_logprice_bridge,,,,
2631,8.59914552154945,8.599145521549453,False,False,brownian_logprice_bridge,,,,
2632,8.661450275568868,8.661450275568868,False,False,brownian_logprice_bridge,,,,
2633,8.55485338185386,8.55485338185386,False,False,brownian_logprice_bridge,,,,
2634,8.532655849284769,8.53265584928477,False,False,brownian_logprice_bridge,,,,
2635,8.427773141295763,8.427773141295763,False,False,brownian_logprice_bridge,,,,
2636,8.413304653373176,8.413304653373176,False,False,brownian_logprice_bridge,,,,
2637,8.444470783761789,8.444470783761787,False,False,brownian_logprice_bridge,,,,
2638,8.465081477789788,8.465081477789786,False,False,brownian_logprice_bridge,,,,
2639,8.45706249153827,8.457062491538272,False,False,brownian_logprice_bridge,,,,
2640,8.507277381556058,8.50727738155606,False,False,brownian_logprice_bridge,,,,
2641,8.47906349978208,8.47906349978208,False,False,brownian_logprice_bridge,,,,
2642,8.485571352218866,8.485571352218866,False,False,brownian_logprice_bridge,,,,
2643,8.44463133652544,8.444631336525438,False,False,brownian_logprice_bridge,,,,
2644,8.497757747958042,8.497757747958044,False,False,brownian_logprice_bridge,,,,
2645,8.491323919030284,8.491323919030282,False,False,brownian_logprice_bridge,,,,
2646,8.46894978048446,8.46894978048446,False,False,brownian_logprice_bridge,,,,
2647,8.446713095902831,8.44671309590283,False,False,brownian_logprice_bridge,,,,
2648,8.529130317004649,8.529130317004649,False,False,brownian_logprice_bridge,,,,
2649,8.541188992308411,8.54118899230841,False,False,brownian_logprice_bridge,,,,
2650,8.53829521023134,8.538295210231341,False,False,brownian_logprice_bridge,,,,
2651,8.630463769685157,8.630463769685159,False,False,brownian_logprice_bridge,,,,
2652,8.602500851921878,8.602500851921878,False,False,brownian_logprice_bridge,,,,
2653,8.593179619308197,8.593179619308197,False,False,brownian_logprice_bridge,,,,
2654,8.561860815056113,8.561860815056113,False,False,brownian_logprice_bridge,,,,
2655,8.465090516218712,8.465090516218712,False,False,brownian_logprice_bridge,,,,
2656,8.511902962255933,8.511902962255933,False,False,brownian_logprice_bridge,,,,
2657,8.587336986845754,8.587336986845754,False,False,brownian_logprice_bridge,,,,
2658,8.571994605218032,8.57199460521803,False,False,brownian_logprice_bridge,,,,
2659,8.561882620316931,8.56188262031693,False,False,brownian_logprice_bridge,,,,
2660,8.507205768917949,8.507205768917949,False,False,brownian_logprice_bridge,,,,
2661,8.45978671376609,8.45978671376609,False,False,brownian_logprice_bridge,,,,
2662,8.45103732612393,8.451037326123929,False,False,brownian_logprice_bridge,,,,
2663,8.360533306644669,8.360533306644667,False,False,brownian_logprice_bridge,,,,
2664,8.297550696433165,8.297550696433166,False,False,brownian_logprice_bridge,,,,
2665,8.295982312024838,8.295982312024837,False,False,brownian_logprice_bridge,,,,
2666,8.305401956146499,8.305401956146497,False,False,brownian_logprice_bridge,,,,
2667,8.242507687824633,8.242507687824634,False,False,brownian_logprice_bridge,,,,
2668,8.228524249956903,8.228524249956902,False,False,brownian_logprice_bridge,,,,
2669,8.250890311481651,8.25089031148165,False,False,brownian_logprice_bridge,,,,
2670,8.219720272257849,8.219720272257849,False,False,brownian_logprice_bridge,,,,
2671,8.153128855743148,8.153128855743148,False,False,brownian_logprice_bridge,,,,
2672,8.118013413900727,8.118013413900727,False,False,brownian_logprice_bridge,,,,
2673,8.083796113141188,8.083796113141188,False,False,brownian_logprice_bridge,,,,
2674,8.068457215406283,8.068457215406283,False,False,brownian_logprice_bridge,,,,
2675,8.07752604386264,8.07752604386264,False,False,brownian_logprice_bridge,,,,
2676,8.153725174168303,8.153725174168303,False,False,brownian_logprice_bridge,,,,
2677,8.096296313631356,8.096296313631354,False,False,brownian_logprice_bridge,,,,
2678,8.108682948454287,8.108682948454287,False,False,brownian_logprice_bridge,,,,
2679,8.145121299915914,8.145121299915914,False,False,brownian_logprice_bridge,,,,
2680,8.167519327818724,8.167519327818724,False,False,brownian_logprice_bridge,,,,
2681,8.172410201596971,8.17241020159697,False,False,brownian_logprice_bridge,,,,
2682,8.215519111176402,8.2155191111764,False,False,brownian_logprice_bridge,,,,
2683,8.257203397518447,8.257203397518449,False,False,brownian_logprice_bridge,,,,
2684,8.236835004228011,8.236835004228013,False,False,brownian_logprice_bridge,,,,
2685,8.205912891273158,8.205912891273158,False,False,brownian_logprice_bridge,,,,
2686,8.20943007135764,8.209430071357637,False,False,brownian_logprice_bridge,,,,
2687,8.255889221801693,8.255889221801693,False,False,brownian_logprice_bridge,,,,
2688,8.316443228848158,8.316443228848156,False,False,brownian_logprice_bridge,,,,
2689,8.250703000018593,8.250703000018591,False,False,brownian_logprice_bridge,,,,
2690,8.293914500470587,8.293914500470587,False,False,brownian_logprice_bridge,,,,
2691,8.244326659141516,8.244326659141514,False,False,brownian_logprice_bridge,,,,
2692,8.255308867136652,8.255308867136652,False,False,brownian_logprice_bridge,,,,
2693,8.282808271928454,8.282808271928454,False,False,brownian_logprice_bridge,,,,
2694,8.272276735182684,8.272276735182684,False,False,brownian_logprice_bridge,,,,
2695,8.326965869675787,8.326965869675789,False,False,brownian_logprice_bridge,,,,
2696,8.344206616386684,8.344206616386682,False,False,brownian_logprice_bridge,,,,
2697,8.371315923521667,8.371315923521665,False,False,brownian_logprice_bridge,,,,
2698,8.379753679502665,8.379753679502667,False,False,brownian_logprice_bridge,,,,
2699,8.396930852168893,8.396930852168893,False,False,brownian_logprice_bridge,,,,
2700,8.421309063049687,8.421309063049687,False,False,brownian_logprice_bridge,,,,
2701,8.43714283165224,8.43714283165224,False,False,brownian_logprice_bridge,,,,
2702,8.419358123381649,8.419358123381649,False,False,brownian_logprice_bridge,,,,
2703,8.465885265364506,8.465885265364507,False,False,brownian_logprice_bridge,,,,
2704,8.462443855830292,8.462443855830294,False,False,brownian_logprice_bridge,,,,
2705,8.43063591035078,8.430635910350778,False,False,brownian_logprice_bridge,,,,
2706,8.431334821522876,8.431334821522874,False,False,brownian_logprice_bridge,,,,
2707,8.417033424564588,8.41703342456459,False,False,brownian_logprice_bridge,,,,
2708,8.418286893172422,8.41828689317242,False,False,brownian_logprice_bridge,,,,
2709,8.394184934319691,8.394184934319693,False,False,brownian_logprice_bridge,,,,
2710,8.435609110435975,8.435609110435973,False,False,brownian_logprice_bridge,,,,
2711,8.43289743305962,8.43289743305962,False,False,brownian_logprice_bridge,,,,
2712,8.404732259056404,8.404732259056402,False,False,brownian_logprice_bridge,,,,
2713,8.435675644982629,8.43567564498263,False,False,brownian_logprice_bridge,,,,
2714,8.475751543096267,8.475751543096269,False,False,brownian_logprice_bridge,,,,
2715,8.52257746528096,8.52257746528096,False,False,brownian_logprice_bridge,,,,
2716,8.57591614512792,8.575916145127918,False,False,brownian_logprice_bridge,,,,
2717,8.506849480873779,8.506849480873777,False,False,brownian_logprice_bridge,,,,
2718,8.473994156748537,8.473994156748537,False,False,brownian_logprice_bridge,,,,
2719,8.447233387507682,8.447233387507682,False,False,brownian_logprice_bridge,,,,
2720,8.46999237648856,8.469992376488559,False,False,brownian_logprice_bridge,,,,
2721,8.512628147605012,8.512628147605014,False,False,brownian_logprice_bridge,,,,
2722,8.439445331802265,8.439445331802265,False,False,brownian_logprice_bridge,,,,
2723,8.427617907168413,8.427617907168411,False,False,brownian_logprice_bridge,,,,
2724,8.33875326444349,8.33875326444349,False,False,brownian_logprice_bridge,,,,
2725,8.234283705735793,8.234283705735795,False,False,brownian_logprice_bridge,,,,
2726,8.296123150474802,8.2961231504748,False,False,brownian_logprice_bridge,,,,
2727,8.240840531937717,8.240840531937717,False,False,brownian_logprice_bridge,,,,
2728,8.317944231804208,8.317944231804208,False,False,brownian_logprice_bridge,,,,
2729,8.36110301356083,8.361103013560832,False,False,brownian_logprice_bridge,,,,
2730,8.489386930125233,8.489386930125235,False,False,brownian_logprice_bridge,,,,
2731,8.481325055007444,8.481325055007444,False,False,brownian_logprice_bridge,,,,
2732,8.537537158897837,8.537537158897837,False,False,brownian_logprice_bridge,,,,
2733,8.531085591769704,8.531085591769706,False,False,brownian_logprice_bridge,,,,
2734,8.437614453195755,8.437614453195753,False,False,brownian_logprice_bridge,,,,
2735,8.406239027615028,8.40623902761503,False,False,brownian_logprice_bridge,,,,
2736,8.491558305612024,8.491558305612024,False,False,brownian_logprice_bridge,,,,
2737,8.407792411872794,8.407792411872794,False,False,brownian_logprice_bridge,,,,
2738,8.465693415710959,8.465693415710957,False,False,brownian_logprice_bridge,,,,
2739,8.514252856026433,8.514252856026433,False,False,brownian_logprice_bridge,,,,
2740,8.491993866493539,8.491993866493539,False,False,brownian_logprice_bridge,,,,
2741,8.480704824106239,8.480704824106239,False,False,brownian_logprice_bridge,,,,
2742,8.451959041950005,8.451959041950003,False,False,brownian_logprice_bridge,,,,
2743,8.433265528902908,8.433265528902908,False,False,brownian_logprice_bridge,,,,
2744,8.482664036804316,8.482664036804316,False,False,brownian_logprice_bridge,,,,
2745,8.434804916968602,8.434804916968602,False,False,brownian_logprice_bridge,,,,
2746,8.392870517980016,8.392870517980016,False,False,brownian_logprice_bridge,,,,
2747,8.44351081787209,8.443510817872092,False,False,brownian_logprice_bridge,,,,
2748,8.431761660348934,8.431761660348934,False,False,brownian_logprice_bridge,,,,
2749,8.382537616932126,8.382537616932124,False,False,brownian_logprice_bridge,,,,
2750,8.375600834233149,8.375600834233149,False,False,brownian_logprice_bridge,,,,
2751,8.31283720185308,8.312837201853078,False,False,brownian_logprice_bridge,,,,
2752,8.320351152441633,8.320351152441633,False,False,brownian_logprice_bridge,,,,
2753,8.377139849656164,8.377139849656166,False,False,brownian_logprice_bridge,,,,
2754,8.314886550998025,8.314886550998024,False,False,brownian_logprice_bridge,,,,
2755,8.234737385566497,8.234737385566497,False,False,brownian_logprice_bridge,,,,
2756,8.190918261502398,8.190918261502397,False,False,brownian_logprice_bridge,,,,
2757,8.269654963019216,8.269654963019216,False,False,brownian_logprice_bridge,,,,
2758,8.258110706083869,8.258110706083869,False,False,brownian_logprice_bridge,,,,
2759,8.22228142804123,8.222281428041228,False,False,brownian_logprice_bridge,,,,
2760,8.128607842116162,8.12860784211616,False,False,brownian_logprice_bridge,,,,
2761,8.15836336565067,8.15836336565067,False,False,brownian_logprice_bridge,,,,
2762,8.227630585578234,8.227630585578234,False,False,brownian_logprice_bridge,,,,
2763,8.181547314348443,8.18154731434844,False,False,brownian_logprice_bridge,,,,
2764,8.29815907783677,8.29815907783677,False,False,brownian_logprice_bridge,,,,
2765,8.336706156231381,8.336706156231383,False,False,brownian_logprice_bridge,,,,
2766,8.428804758253413,8.428804758253412,False,False,brownian_logprice_bridge,,,,
2767,8.447812838908312,8.447812838908312,False,False,brownian_logprice_bridge,,,,
2768,8.461047142315113,8.461047142315111,False,False,brownian_logprice_bridge,,,,
2769,8.403260760201016,8.403260760201018,False,False,brownian_logprice_bridge,,,,
2770,8.47330546578067,8.473305465780669,False,False,brownian_logprice_bridge,,,,
2771,8.519279655101284,8.519279655101284,False,False,brownian_logprice_bridge,,,,
2772,8.536265620122366,8.536265620122364,False,False,brownian_logprice_bridge,,,,
2773,8.56019622992098,8.560196229920981,False,False,brownian_logprice_bridge,,,,
2774,8.639874956858517,8.639874956858517,False,False,brownian_logprice_bridge,,,,
2775,8.644746687228425,8.644746687228425,False,False,brownian_logprice_bridge,,,,
2776,8.6647974461489,8.664797446148897,False,False,brownian_logprice_bridge,,,,
2777,8.623471892454855,8.623471892454857,False,False,brownian_logprice_bridge,,,,
2778,8.690482876235809,8.690482876235809,False,False,brownian_logprice_bridge,,,,
2779,8.758406884038278,8.75840688403828,False,False,brownian_logprice_bridge,,,,
2780,8.809224232838362,8.809224232838362,False,False,brownian_logprice_bridge,,,,
2781,8.829702194242616,8.829702194242616,False,False,brownian_logprice_bridge,,,,
2782,8.850693042186116,8.850693042186114,False,False,brownian_logprice_bridge,,,,
2783,8.844627968168393,8.84462796816839,False,False,brownian_logprice_bridge,,,,
2784,8.85898924872728,8.85898924872728,False,False,brownian_logprice_bridge,,,,
2785,8.867267540933804,8.867267540933803,False,False,brownian_logprice_bridge,,,,
2786,8.845080911162576,8.845080911162574,False,False,brownian_logprice_bridge,,,,
2787,8.899309624499022,8.899309624499024,False,False,brownian_logprice_bridge,,,,
2788,8.88490022199358,8.884900221993579,False,False,brownian_logprice_bridge,,,,
2789,8.914352120540672,8.91435212054067,False,False,brownian_logprice_bridge,,,,
2790,8.881218726481857,8.881218726481858,False,False,brownian_logprice_bridge,,,,
2791,8.888512965556963,8.888512965556965,False,False,brownian_logprice_bridge,,,,
2792,8.808107977063338,8.808107977063337,False,False,brownian_logprice_bridge,,,,
2793,8.728032655967638,8.728032655967638,False,False,brownian_logprice_bridge,,,,
2794,8.690869155280726,8.690869155280726,False,False,brownian_logprice_bridge,,,,
2795,8.750333096045667,8.750333096045667,False,False,brownian_logprice_bridge,,,,
2796,8.722466792204887,8.722466792204889,False,False,brownian_logprice_bridge,,,,
2797,8.786906445481904,8.786906445481902,False,False,brownian_logprice_bridge,,,,
2798,8.758371381520153,8.758371381520153,False,False,brownian_logprice_bridge,,,,
2799,8.747975023685527,8.747975023685527,False,False,brownian_logprice_bridge,,,,
2800,8.748856712466258,8.748856712466258,False,False,brownian_logprice_bridge,,,,
2801,8.742621400236548,8.742621400236546,False,False,brownian_logprice_bridge,,,,
2802,8.780418886943515,8.780418886943513,False,False,brownian_logprice_bridge,,,,
2803,8.798613647858982,8.798613647858984,False,False,brownian_logprice_bridge,,,,
2804,8.785958934242895,8.785958934242897,False,False,brownian_logprice_bridge,,,,
2805,8.78511451826917,8.78511451826917,False,False,brownian_logprice_bridge,,,,
2806,8.763813535810225,8.763813535810227,False,False,brownian_logprice_bridge,,,,
2807,8.728504668824787,8.728504668824787,False,False,brownian_logprice_bridge,,,,
2808,8.623917938185393,8.623917938185391,False,False,brownian_logprice_bridge,,,,
2809,8.691169430493133,8.691169430493131,False,False,brownian_logprice_bridge,,,,
2810,8.727717446357797,8.727717446357799,False,False,brownian_logprice_bridge,,,,
2811,8.654584562666889,8.654584562666889,False,False,brownian_logprice_bridge,,,,
2812,8.697310472798117,8.697310472798119,False,False,brownian_logprice_bridge,,,,
2813,8.69566256169541,8.69566256169541,False,False,brownian_logprice_bridge,,,,
2814,8.673938516332006,8.673938516332008,False,False,brownian_logprice_bridge,,,,
2815,8.750838451415365,8.750838451415365,False,False,brownian_logprice_bridge,,,,
2816,8.818941833594916,8.818941833594918,False,False,brownian_logprice_bridge,,,,
2817,8.70976540823995,8.709765408239948,False,False,brownian_logprice_bridge,,,,
2818,8.666770334572716,8.666770334572716,False,False,brownian_logprice_bridge,,,,
2819,8.74129742483435,8.741297424834348,False,False,brownian_logprice_bridge,,,,
2820,8.700615061176379,8.70061506117638,False,False,brownian_logprice_bridge,,,,
2821,8.631845336719135,8.631845336719133,False,False,brownian_logprice_bridge,,,,
2822,8.680141714267027,8.680141714267025,False,False,brownian_logprice_bridge,,,,
2823,8.71833849538507,8.71833849538507,False,False,brownian_logprice_bridge,,,,
2824,8.624684461136505,8.624684461136503,False,False,brownian_logprice_bridge,,,,
2825,8.694285013522043,8.694285013522043,False,False,brownian_logprice_bridge,,,,
2826,8.67106733560016,8.67106733560016,False,False,brownian_logprice_bridge,,,,
2827,8.692153424726433,8.692153424726433,False,False,brownian_logprice_bridge,,,,
2828,8.774980578892064,8.774980578892063,False,False,brownian_logprice_bridge,,,,
2829,8.698243482608092,8.698243482608092,False,False,brownian_logprice_bridge,,,,
2830,8.778102050038461,8.778102050038461,False,False,brownian_logprice_bridge,,,,
2831,8.859099612416001,8.859099612416001,False,False,brownian_logprice_bridge,,,,
2832,8.828722294898888,8.828722294898888,False,False,brownian_logprice_bridge,,,,
2833,8.838057489636045,8.838057489636043,False,False,brownian_logprice_bridge,,,,
2834,8.857549097586318,8.857549097586318,False,False,brownian_logprice_bridge,,,,
2835,8.758285464671856,8.758285464671856,False,False,brownian_logprice_bridge,,,,
2836,8.661479253865682,8.661479253865684,False,False,brownian_logprice_bridge,,,,
2837,8.567073399230711,8.567073399230711,False,False,brownian_logprice_bridge,,,,
2838,8.475012573491679,8.475012573491679,False,False,brownian_logprice_bridge,,,,
2839,8.463840178950106,8.463840178950106,False,False,brownian_logprice_bridge,,,,
2840,8.454564315585209,8.454564315585209,False,False,brownian_logprice_bridge,,,,
2841,8.527882723044064,8.527882723044064,False,False,brownian_logprice_bridge,,,,
2842,8.482925380001179,8.482925380001177,False,False,brownian_logprice_bridge,,,,
2843,8.48955970808952,8.489559708089521,False,False,brownian_logprice_bridge,,,,
2844,8.432470269189022,8.43247026918902,False,False,brownian_logprice_bridge,,,,
2845,8.386092767390263,8.386092767390263,False,False,brownian_logprice_bridge,,,,
2846,8.466359746785038,8.466359746785038,False,False,brownian_logprice_bridge,,,,
2847,8.523984049989794,8.523984049989792,False,False,brownian_logprice_bridge,,,,
2848,8.547689802053622,8.547689802053624,False,False,brownian_logprice_bridge,,,,
2849,8.562760714793717,8.562760714793718,False,False,brownian_logprice_bridge,,,,
2850,8.55741385144363,8.55741385144363,False,False,brownian_logprice_bridge,,,,
2851,8.563784595358793,8.563784595358795,False,False,brownian_logprice_bridge,,,,
2852,8.54864286585531,8.54864286585531,False,False,brownian_logprice_bridge,,,,
2853,8.493138251572278,8.493138251572276,False,False,brownian_logprice_bridge,,,,
2854,8.542206124796865,8.542206124796866,False,False,brownian_logprice_bridge,,,,
2855,8.593290628242151,8.593290628242153,False,False,brownian_logprice_bridge,,,,
2856,8.566103590216144,8.566103590216146,False,False,brownian_logprice_bridge,,,,
2857,8.505850812713698,8.5058508127137,False,False,brownian_logprice_bridge,,,,
2858,8.543242266333072,8.54324226633307,False,False,brownian_logprice_bridge,,,,
2859,8.554606863949804,8.554606863949804,False,False,brownian_logprice_bridge,,,,
2860,8.593383713687698,8.593383713687697,False,False,brownian_logprice_bridge,,,,
2861,8.60017544686597,8.60017544686597,False,False,brownian_logprice_bridge,,,,
2862,8.540678096952663,8.54067809695266,False,False,brownian_logprice_bridge,,,,
2863,8.557637087717053,8.557637087717051,False,False,brownian_logprice_bridge,,,,
2864,8.61811115379496,8.618111153794958,False,False,brownian_logprice_bridge,,,,
2865,8.61894870202039,8.618948702020388,False,False,brownian_logprice_bridge,,,,
2866,8.641803026748477,8.641803026748478,False,False,brownian_logprice_bridge,,,,
2867,8.781859302032919,8.781859302032917,False,False,brownian_logprice_bridge,,,,
2868,8.887576252026417,8.887576252026415,False,False,brownian_logprice_bridge,,,,
2869,8.840219064129352,8.840219064129352,False,False,brownian_logprice_bridge,,,,
2870,8.801363391272622,8.80136339127262,False,False,brownian_logprice_bridge,,,,
2871,8.795226511991343,8.795226511991343,False,False,brownian_logprice_bridge,,,,
2872,8.721443274497028,8.721443274497027,False,False,brownian_logprice_bridge,,,,
2873,8.663073670576534,8.663073670576534,False,False,brownian_logprice_bridge,,,,
2874,8.622175555244713,8.622175555244711,False,False,brownian_logprice_bridge,,,,
2875,8.66793081101007,8.66793081101007,False,False,brownian_logprice_bridge,,,,
2876,8.631060466730673,8.631060466730672,False,False,brownian_logprice_bridge,,,,
2877,8.606195650506995,8.606195650506995,False,False,brownian_logprice_bridge,,,,
2878,8.709223670170008,8.70922367017001,False,False,brownian_logprice_bridge,,,,
2879,8.669350420430545,8.669350420430547,False,False,brownian_logprice_bridge,,,,
2880,8.779366035423678,8.779366035423676,False,False,brownian_logprice_bridge,,,,
2881,8.82892596867569,8.828925968675689,False,False,brownian_logprice_bridge,,,,
2882,8.879282165023534,8.879282165023533,False,False,brownian_logprice_bridge,,,,
2883,8.951213036343463,8.95121303634346,False,False,brownian_logprice_bridge,,,,
2884,8.90584283316877,8.90584283316877,False,False,brownian_logprice_bridge,,,,
2885,8.84540135656123,8.845401356561231,False,False,brownian_logprice_bridge,,,,
2886,8.879877106506198,8.879877106506198,False,False,brownian_logprice_bridge,,,,
2887,8.828904491922499,8.8289044919225,False,False,brownian_logprice_bridge,,,,
2888,8.800318591136833,8.800318591136833,False,False,brownian_logprice_bridge,,,,
2889,8.783496222294332,8.783496222294332,False,False,brownian_logprice_bridge,,,,
2890,8.832856000400968,8.832856000400966,False,False,brownian_logprice_bridge,,,,
2891,8.823634077667217,8.823634077667219,False,False,brownian_logprice_bridge,,,,
2892,8.823963158473505,8.823963158473507,False,False,brownian_logprice_bridge,,,,
2893,8.879390799896054,8.879390799896056,False,False,brownian_logprice_bridge,,,,
2894,8.884938428306558,8.884938428306558,False,False,brownian_logprice_bridge,,,,
2895,8.865885926368055,8.865885926368057,False,False,brownian_logprice_bridge,,,,
2896,8.87767484253341,8.877674842533409,False,False,brownian_logprice_bridge,,,,
2897,8.880778590969024,8.880778590969026,False,False,brownian_logprice_bridge,,,,
2898,8.884785825489198,8.884785825489196,False,False,brownian_logprice_bridge,,,,
2899,8.806228293942198,8.806228293942196,False,False,brownian_logprice_bridge,,,,
2900,8.720664002856727,8.720664002856726,False,False,brownian_logprice_bridge,,,,
2901,8.743202187039257,8.743202187039257,False,False,brownian_logprice_bridge,,,,
2902,8.733383993534673,8.733383993534671,False,False,brownian_logprice_bridge,,,,
2903,8.722528379626116,8.722528379626118,False,False,brownian_logprice_bridge,,,,
2904,8.806981350655093,8.806981350655093,False,False,brownian_logprice_bridge,,,,
2905,8.822404420436142,8.822404420436143,False,False,brownian_logprice_bridge,,,,
2906,8.824534681177647,8.824534681177647,False,False,brownian_logprice_bridge,,,,
2907,8.868455545691459,8.868455545691457,False,False,brownian_logprice_bridge,,,,
2908,8.861928202643089,8.861928202643089,False,False,brownian_logprice_bridge,,,,
2909,8.919979381790657,8.91997938179066,False,False,brownian_logprice_bridge,,,,
2910,9.02027409165472,9.020274091654718,False,False,brownian_logprice_bridge,,,,
2911,9.099636001191117,9.099636001191117,False,False,brownian_logprice_bridge,,,,
2912,9.043247801109809,9.043247801109809,False,False,brownian_logprice_bridge,,,,
2913,9.006063672409509,9.006063672409509,False,False,brownian_logprice_bridge,,,,
2914,9.10004783768597,9.100047837685972,False,False,brownian_logprice_bridge,,,,
2915,9.15598185004723,9.15598185004723,False,False,brownian_logprice_bridge,,,,
2916,9.262441732707504,9.262441732707503,False,False,brownian_logprice_bridge,,,,
2917,9.224060161198857,9.224060161198855,False,False,brownian_logprice_bridge,,,,
2918,9.21538447188352,9.21538447188352,False,False,brownian_logprice_bridge,,,,
2919,9.167994036737586,9.167994036737586,False,False,brownian_logprice_bridge,,,,
2920,9.238094930317583,9.238094930317581,False,False,brownian_logprice_bridge,,,,
2921,9.174178952043398,9.1741789520434,False,False,brownian_logprice_bridge,,,,
2922,9.28950165653132,9.28950165653132,False,False,brownian_logprice_bridge,,,,
2923,9.267860826206062,9.26786082620606,False,False,brownian_logprice_bridge,,,,
2924,9.368379644281232,9.368379644281232,False,False,brownian_logprice_bridge,,,,
2925,9.42589472699362,9.42589472699362,False,False,brownian_logprice_bridge,,,,
2926,9.509821035902371,9.509821035902371,False,False,brownian_logprice_bridge,,,,
2927,9.476815072769048,9.476815072769048,False,False,brownian_logprice_bridge,,,,
2928,9.392252440432936,9.392252440432934,False,False,brownian_logprice_bridge,,,,
2929,9.422492306722743,9.422492306722745,False,False,brownian_logprice_bridge,,,,
2930,9.469518616277416,9.469518616277416,False,False,brownian_logprice_bridge,,,,
2931,9.47241703999727,9.472417039997268,False,False,brownian_logprice_bridge,,,,
2932,9.504419392703134,9.504419392703134,False,False,brownian_logprice_bridge,,,,
2933,9.53476584135992,9.53476584135992,False,False,brownian_logprice_bridge,,,,
2934,9.541117733531816,9.541117733531816,False,False,brownian_logprice_bridge,,,,
2935,9.45131799069598,9.451317990695978,False,False,brownian_logprice_bridge,,,,
2936,9.450851661825311,9.450851661825311,False,False,brownian_logprice_bridge,,,,
2937,9.548008221511878,9.548008221511878,False,False,brownian_logprice_bridge,,,,
2938,9.428312618004524,9.428312618004524,False,False,brownian_logprice_bridge,,,,
2939,9.454139829900557,9.454139829900557,False,False,brownian_logprice_bridge,,,,
2940,9.443575665486565,9.443575665486566,False,False,brownian_logprice_bridge,,,,
2941,9.47661584447444,9.47661584447444,False,False,brownian_logprice_bridge,,,,
2942,9.502413567057529,9.50241356705753,False,False,brownian_logprice_bridge,,,,
2943,9.458835283463914,9.458835283463912,False,False,brownian_logprice_bridge,,,,
2944,9.531609279163549,9.53160927916355,False,False,brownian_logprice_bridge,,,,
2945,9.481368411965244,9.481368411965242,False,False,brownian_logprice_bridge,,,,
2946,9.436501770772608,9.43650177077261,False,False,brownian_logprice_bridge,,,,
2947,9.481677596946684,9.481677596946685,False,False,brownian_logprice_bridge,,,,
2948,9.43711483831171,9.43711483831171,False,False,brownian_logprice_bridge,,,,
2949,9.425260289717578,9.42526028971758,False,False,brownian_logprice_bridge,,,,
2950,9.404287281406404,9.404287281406404,False,False,brownian_logprice_bridge,,,,
2951,9.391992690415996,9.391992690415995,False,False,brownian_logprice_bridge,,,,
2952,9.449468030109568,9.449468030109568,False,False,brownian_logprice_bridge,,,,
2953,9.381574497677263,9.381574497677265,False,False,brownian_logprice_bridge,,,,
2954,9.290147929926729,9.29014792992673,False,False,brownian_logprice_bridge,,,,
2955,9.23386532381045,9.233865323810452,False,False,brownian_logprice_bridge,,,,
2956,9.253245238290456,9.253245238290454,False,False,brownian_logprice_bridge,,,,
2957,9.255874822952848,9.255874822952846,False,False,brownian_logprice_bridge,,,,
2958,9.251616043255597,9.251616043255598,False,False,brownian_logprice_bridge,,,,
2959,9.357909767851138,9.357909767851137,False,False,brownian_logprice_bridge,,,,
2960,9.322069749712933,9.322069749712933,False,False,brownian_logprice_bridge,,,,
2961,9.26027556431844,9.260275564318441,False,False,brownian_logprice_bridge,,,,
2962,9.316814081196386,9.316814081196386,False,False,brownian_logprice_bridge,,,,
2963,9.261371734815958,9.26137173481596,False,False,brownian_logprice_bridge,,,,
2964,9.342921490767626,9.342921490767624,False,False,brownian_logprice_bridge,,,,
2965,9.371414729969151,9.371414729969151,False,False,brownian_logprice_bridge,,,,
2966,9.354665512790016,9.354665512790016,False,False,brownian_logprice_bridge,,,,
2967,9.49485213700994,9.494852137009941,False,False,brownian_logprice_bridge,,,,
2968,9.497362066041156,9.497362066041157,False,False,brownian_logprice_bridge,,,,
2969,9.495021848661994,9.495021848661994,False,False,brownian_logprice_bridge,,,,
2970,9.443697000661723,9.443697000661723,False,False,brownian_logprice_bridge,,,,
2971,9.345735784822851,9.34573578482285,False,False,brownian_logprice_bridge,,,,
2972,9.361409525070997,9.361409525070997,False,False,brownian_logprice_bridge,,,,
2973,9.350742092534908,9.350742092534908,False,False,brownian_logprice_bridge,,,,
2974,9.43436770672514,9.434367706725139,False,False,brownian_logprice_bridge,,,,
2975,9.402988518327165,9.402988518327163,False,False,brownian_logprice_bridge,,,,
2976,9.464840683144793,9.464840683144795,False,False,brownian_logprice_bridge,,,,
2977,9.563519943792365,9.563519943792365,False,False,brownian_logprice_bridge,,,,
2978,9.521530784911864,9.521530784911864,False,False,brownian_logprice_bridge,,,,
2979,9.592964370589556,9.592964370589554,False,False,brownian_logprice_bridge,,,,
2980,9.513426521925323,9.513426521925325,False,False,brownian_logprice_bridge,,,,
2981,9.550537663062029,9.55053766306203,False,False,brownian_logprice_bridge,,,,
2982,9.61979694551143,9.61979694551143,False,False,brownian_logprice_bridge,,,,
2983,9.622435642356296,9.622435642356296,False,False,brownian_logprice_bridge,,,,
2984,9.769140200328154,9.769140200328154,False,False,brownian_logprice_bridge,,,,
2985,9.76448301162528,9.76448301162528,False,False,brownian_logprice_bridge,,,,
2986,9.875639938615503,9.875639938615501,False,False,brownian_logprice_bridge,,,,
2987,9.84407391253344,9.844073912533442,False,False,brownian_logprice_bridge,,,,
2988,9.77008524944233,9.77008524944233,False,False,brownian_logprice_bridge,,,,
2989,9.777599178581845,9.777599178581843,False,False,brownian_logprice_bridge,,,,
2990,9.814404301043917,9.814404301043915,False,False,brownian_logprice_bridge,,,,
2991,9.755536712357392,9.755536712357392,False,False,brownian_logprice_bridge,,,,
2992,9.706109568392176,9.706109568392176,False,False,brownian_logprice_bridge,,,,
2993,9.623124144140052,9.623124144140053,False,False,brownian_logprice_bridge,,,,
2994,9.626104275227291,9.626104275227291,False,False,brownian_logprice_bridge,,,,
2995,9.578676805450025,9.578676805450023,False,False,brownian_logprice_bridge,,,,
2996,9.522954286470522,9.52295428647052,False,False,brownian_logprice_bridge,,,,
2997,9.574993495513764,9.574993495513766,False,False,brownian_logprice_bridge,,,,
2998,9.54654245332919,9.546542453329188,False,False,brownian_logprice_bridge,,,,
2999,9.503187645924283,9.503187645924283,False,False,brownian_logprice_bridge,,,,
3000,9.622448032316234,9.622448032316235,False,False,brownian_logprice_bridge,,,,
3001,9.692474173275732,9.692474173275734,False,False,brownian_logprice_bridge,,,,
3002,9.667672021713624,9.667672021713626,False,False,brownian_logprice_bridge,,,,
3003,9.631457457071548,9.631457457071548,False,False,brownian_logprice_bridge,,,,
3004,9.63601641748322,9.636016417483221,False,False,brownian_logprice_bridge,,,,
3005,9.569686802533605,9.569686802533603,False,False,brownian_logprice_bridge,,,,
3006,9.548596065347509,9.54859606534751,False,False,brownian_logprice_bridge,,,,
3007,9.491889475012064,9.491889475012066,False,False,brownian_logprice_bridge,,,,
3008,9.484505877972106,9.484505877972106,False,False,brownian_logprice_bridge,,,,
3009,9.50700568849283,9.50700568849283,False,False,brownian_logprice_bridge,,,,
3010,9.509768551591876,9.509768551591876,False,False,brownian_logprice_bridge,,,,
3011,9.497772651013758,9.49777265101376,False,False,brownian_logprice_bridge,,,,
3012,9.539572596906748,9.539572596906748,False,False,brownian_logprice_bridge,,,,
3013,9.513001974758158,9.51300197475816,False,False,brownian_logprice_bridge,,,,
3014,9.602495478827104,9.602495478827105,False,False,brownian_logprice_bridge,,,,
3015,9.591489418042126,9.591489418042126,False,False,brownian_logprice_bridge,,,,
3016,9.604885115670214,9.604885115670214,False,False,brownian_logprice_bridge,,,,
3017,9.62030609811942,9.620306098119421,False,False,brownian_logprice_bridge,,,,
3018,9.716291565402242,9.716291565402242,False,False,brownian_logprice_bridge,,,,
3019,9.63536821971642,9.635368219716419,False,False,brownian_logprice_bridge,,,,
3020,9.777068807949645,9.777068807949645,False,False,brownian_logprice_bridge,,,,
3021,9.682459211531556,9.682459211531556,False,False,brownian_logprice_bridge,,,,
3022,9.587469029473654,9.587469029473656,False,False,brownian_logprice_bridge,,,,
3023,9.527446635584337,9.527446635584338,False,False,brownian_logprice_bridge,,,,
3024,9.572155302824068,9.572155302824067,False,False,brownian_logprice_bridge,,,,
3025,9.502854615662468,9.502854615662468,False,False,brownian_logprice_bridge,,,,
3026,9.456044658109771,9.456044658109773,False,False,brownian_logprice_bridge,,,,
3027,9.473051624524048,9.47305162452405,False,False,brownian_logprice_bridge,,,,
3028,9.4669776760797,9.4669776760797,False,False,brownian_logprice_bridge,,,,
3029,9.502972157819032,9.502972157819034,False,False,brownian_logprice_bridge,,,,
3030,9.425366567434631,9.425366567434631,False,False,brownian_logprice_bridge,,,,
3031,9.413455832529202,9.413455832529204,False,False,brownian_logprice_bridge,,,,
3032,9.361393435771094,9.361393435771095,False,False,brownian_logprice_bridge,,,,
3033,9.314062592439322,9.314062592439322,False,False,brownian_logprice_bridge,,,,
3034,9.314086303441842,9.314086303441842,False,False,brownian_logprice_bridge,,,,
3035,9.33301910870164,9.33301910870164,False,False,brownian_logprice_bridge,,,,
3036,9.313838732047827,9.313838732047829,False,False,brownian_logprice_bridge,,,,
3037,9.311633692676676,9.311633692676674,False,False,brownian_logprice_bridge,,,,
3038,9.231146079391417,9.231146079391417,False,False,brownian_logprice_bridge,,,,
3039,9.127371905349376,9.127371905349376,False,False,brownian_logprice_bridge,,,,
3040,9.040453599119504,9.040453599119505,False,False,brownian_logprice_bridge,,,,
3041,8.975617456504223,8.97561745650422,False,False,brownian_logprice_bridge,,,,
3042,8.997534266392764,8.997534266392762,False,False,brownian_logprice_bridge,,,,
3043,8.894975544160863,8.894975544160864,False,False,brownian_logprice_bridge,,,,
3044,8.829584995800136,8.829584995800134,False,False,brownian_logprice_bridge,,,,
3045,8.873669759511662,8.873669759511662,False,False,brownian_logprice_bridge,,,,
3046,8.843265114406787,8.843265114406789,False,False,brownian_logprice_bridge,,,,
3047,8.948552674626711,8.94855267462671,False,False,brownian_logprice_bridge,,,,
3048,8.994000075643934,8.994000075643934,False,False,brownian_logprice_bridge,,,,
3049,8.862064151175403,8.862064151175405,False,False,brownian_logprice_bridge,,,,
3050,8.841907961613476,8.841907961613478,False,False,brownian_logprice_bridge,,,,
3051,8.790769359039645,8.790769359039643,False,False,brownian_logprice_bridge,,,,
3052,8.831817251894767,8.831817251894766,False,False,brownian_logprice_bridge,,,,
3053,8.873674241127564,8.873674241127562,False,False,brownian_logprice_bridge,,,,
3054,8.821077454129892,8.82107745412989,False,False,brownian_logprice_bridge,,,,
3055,8.808054458929236,8.808054458929234,False,False,brownian_logprice_bridge,,,,
3056,8.772622594111768,8.772622594111766,False,False,brownian_logprice_bridge,,,,
3057,8.830275466139335,8.830275466139335,False,False,brownian_logprice_bridge,,,,
3058,8.91182521717913,8.911825217179132,False,False,brownian_logprice_bridge,,,,
3059,8.968789266928498,8.968789266928496,False,False,brownian_logprice_bridge,,,,
3060,8.883312857414909,8.88331285741491,False,False,brownian_logprice_bridge,,,,
3061,8.942463116664186,8.942463116664186,False,False,brownian_logprice_bridge,,,,
3062,8.879518248160995,8.879518248160993,False,False,brownian_logprice_bridge,,,,
3063,8.893976097800449,8.893976097800449,False,False,brownian_logprice_bridge,,,,
3064,8.846095974703301,8.846095974703301,False,False,brownian_logprice_bridge,,,,
3065,8.866079949766107,8.866079949766107,False,False,brownian_logprice_bridge,,,,
3066,8.780434525230026,8.780434525230026,False,False,brownian_logprice_bridge,,,,
3067,8.779148717903354,8.779148717903354,False,False,brownian_logprice_bridge,,,,
3068,8.679073626734523,8.679073626734525,False,False,brownian_logprice_bridge,,,,
3069,8.689381967589396,8.689381967589396,False,False,brownian_logprice_bridge,,,,
3070,8.691732420481499,8.691732420481499,False,False,brownian_logprice_bridge,,,,
3071,8.659579876216307,8.659579876216307,False,False,brownian_logprice_bridge,,,,
3072,8.665722870788672,8.665722870788672,False,False,brownian_logprice_bridge,,,,
3073,8.736893064829529,8.736893064829529,False,False,brownian_logprice_bridge,,,,
3074,8.747648911582997,8.747648911582996,False,False,brownian_logprice_bridge,,,,
3075,8.674210105479876,8.674210105479876,False,False,brownian_logprice_bridge,,,,
3076,8.621825649466562,8.62182564946656,False,False,brownian_logprice_bridge,,,,
3077,8.614939298982124,8.614939298982126,False,False,brownian_logprice_bridge,,,,
3078,8.592893039095369,8.592893039095367,False,False,brownian_logprice_bridge,,,,
3079,8.598006361034692,8.598006361034694,False,False,brownian_logprice_bridge,,,,
3080,8.545706141198117,8.545706141198119,False,False,brownian_logprice_bridge,,,,
3081,8.576256216284982,8.576256216284984,False,False,brownian_logprice_bridge,,,,
3082,8.593032961196064,8.593032961196062,False,False,brownian_logprice_bridge,,,,
3083,8.581852794257049,8.581852794257047,False,False,brownian_logprice_bridge,,,,
3084,8.517473250100238,8.517473250100236,False,False,brownian_logprice_bridge,,,,
3085,8.486129599016891,8.486129599016891,False,False,brownian_logprice_bridge,,,,
3086,8.410735969418711,8.410735969418711,False,False,brownian_logprice_bridge,,,,
3087,8.487904474912632,8.487904474912634,False,False,brownian_logprice_bridge,,,,
3088,8.581192998663845,8.581192998663846,False,False,brownian_logprice_bridge,,,,
3089,8.512793837284109,8.512793837284107,False,False,brownian_logprice_bridge,,,,
3090,8.58771725184113,8.58771725184113,False,False,brownian_logprice_bridge,,,,
3091,8.610106198307317,8.610106198307319,False,False,brownian_logprice_bridge,,,,
3092,8.66748498552567,8.667484985525668,False,False,brownian_logprice_bridge,,,,
3093,8.658346348876128,8.658346348876128,False,False,brownian_logprice_bridge,,,,
3094,8.703044856333088,8.703044856333086,False,False,brownian_logprice_bridge,,,,
3095,8.71059711492178,8.71059711492178,False,False,brownian_logprice_bridge,,,,
3096,8.728711655273882,8.728711655273884,False,False,brownian_logprice_bridge,,,,
3097,8.639699120219708,8.639699120219708,False,False,brownian_logprice_bridge,,,,
3098,8.694386705842966,8.694386705842968,False,False,brownian_logprice_bridge,,,,
3099,8.695685517881788,8.69568551788179,False,False,brownian_logprice_bridge,,,,
3100,8.652874925130341,8.652874925130341,False,False,brownian_logprice_bridge,,,,
3101,8.652128537471764,8.652128537471762,False,False,brownian_logprice_bridge,,,,
3102,8.583000089566356,8.583000089566356,False,False,brownian_logprice_bridge,,,,
3103,8.630041540540056,8.630041540540056,False,False,brownian_logprice_bridge,,,,
3104,8.591210822766628,8.591210822766628,False,False,brownian_logprice_bridge,,,,
3105,8.63172139538175,8.63172139538175,False,False,brownian_logprice_bridge,,,,
3106,8.662740280191281,8.66274028019128,False,False,brownian_logprice_bridge,,,,
3107,8.673185678835749,8.673185678835749,False,False,brownian_logprice_bridge,,,,
3108,8.62726348389349,8.627263483893488,False,False,brownian_logprice_bridge,,,,
3109,8.596947203470796,8.596947203470798,False,False,brownian_logprice_bridge,,,,
3110,8.57929864085164,8.57929864085164,False,False,brownian_logprice_bridge,,,,
3111,8.664460944954987,8.664460944954989,False,False,brownian_logprice_bridge,,,,
3112,8.651544303908224,8.651544303908222,False,False,brownian_logprice_bridge,,,,
3113,8.624352134088097,8.624352134088099,False,False,brownian_logprice_bridge,,,,
3114,8.525686649890888,8.525686649890888,False,False,brownian_logprice_bridge,,,,
3115,8.562597677936735,8.562597677936733,False,False,brownian_logprice_bridge,,,,
3116,8.521763586508419,8.521763586508419,False,False,brownian_logprice_bridge,,,,
3117,8.538334490526616,8.538334490526617,False,False,brownian_logprice_bridge,,,,
3118,8.512930945083433,8.512930945083433,False,False,brownian_logprice_bridge,,,,
3119,8.393357922288718,8.39335792228872,False,False,brownian_logprice_bridge,,,,
3120,8.389473590491106,8.389473590491106,False,False,brownian_logprice_bridge,,,,
3121,8.43048454426205,8.430484544262049,False,False,brownian_logprice_bridge,,,,
3122,8.455621638859888,8.455621638859888,False,False,brownian_logprice_bridge,,,,
3123,8.44696783757554,8.44696783757554,False,False,brownian_logprice_bridge,,,,
3124,8.370791231975637,8.370791231975636,False,False,brownian_logprice_bridge,,,,
3125,8.401157232724449,8.401157232724449,False,False,brownian_logprice_bridge,,,,
3126,8.40309175610099,8.40309175610099,False,False,brownian_logprice_bridge,,,,
3127,8.418645868241429,8.418645868241427,False,False,brownian_logprice_bridge,,,,
3128,8.433967910147974,8.433967910147974,False,False,brownian_logprice_bridge,,,,
3129,8.466164663220919,8.466164663220917,False,False,brownian_logprice_bridge,,,,
3130,8.423233443673789,8.423233443673789,False,False,brownian_logprice_bridge,,,,
3131,8.37158148976078,8.371581489760782,False,False,brownian_logprice_bridge,,,,
3132,8.427919599221765,8.427919599221765,False,False,brownian_logprice_bridge,,,,
3133,8.325225532854564,8.325225532854562,False,False,brownian_logprice_bridge,,,,
3134,8.291729677894713,8.291729677894713,False,False,brownian_logprice_bridge,,,,
3135,8.181510391105887,8.181510391105888,False,False,brownian_logprice_bridge,,,,
3136,8.176283383274548,8.176283383274546,False,False,brownian_logprice_bridge,,,,
3137,8.156449719646737,8.156449719646737,False,False,brownian_logprice_bridge,,,,
3138,8.186881191297617,8.186881191297617,False,False,brownian_logprice_bridge,,,,
3139,8.261998189521819,8.261998189521819,False,False,brownian_logprice_bridge,,,,
3140,8.114702618915148,8.114702618915148,False,False,brownian_logprice_bridge,,,,
3141,8.087086627708626,8.087086627708626,False,False,brownian_logprice_bridge,,,,
3142,8.030000821061877,8.03000082106188,False,False,brownian_logprice_bridge,,,,
3143,8.072804029837469,8.07280402983747,False,False,brownian_logprice_bridge,,,,
3144,8.144708414218934,8.144708414218934,False,False,brownian_logprice_bridge,,,,
3145,8.11817406016644,8.11817406016644,False,False,brownian_logprice_bridge,,,,
3146,8.196373517721774,8.196373517721776,False,False,brownian_logprice_bridge,,,,
3147,8.200479615513194,8.200479615513196,False,False,brownian_logprice_bridge,,,,
3148,8.198314312552759,8.198314312552757,False,False,brownian_logprice_bridge,,,,
3149,8.234984137068366,8.234984137068365,False,False,brownian_logprice_bridge,,,,
3150,8.110361938377245,8.110361938377245,False,False,brownian_logprice_bridge,,,,
3151,8.14331941417763,8.14331941417763,False,False,brownian_logprice_bridge,,,,
3152,8.135574998511583,8.135574998511583,False,False,brownian_logprice_bridge,,,,
3153,8.188747231823346,8.188747231823344,False,False,brownian_logprice_bridge,,,,
3154,8.168201008608268,8.16820100860827,False,False,brownian_logprice_bridge,,,,
3155,8.137882113650194,8.137882113650196,False,False,brownian_logprice_bridge,,,,
3156,8.165466538726458,8.16546653872646,False,False,brownian_logprice_bridge,,,,
3157,8.22096720353521,8.22096720353521,False,False,brownian_logprice_bridge,,,,
3158,8.131839122177993,8.131839122177995,False,False,brownian_logprice_bridge,,,,
3159,8.098503873219013,8.098503873219013,False,False,brownian_logprice_bridge,,,,
3160,8.08199660192607,8.08199660192607,False,False,brownian_logprice_bridge,,,,
3161,8.128679933468682,8.128679933468682,False,False,brownian_logprice_bridge,,,,
3162,8.155171471795548,8.15517147179555,False,False,brownian_logprice_bridge,,,,
3163,8.124608943202915,8.124608943202913,False,False,brownian_logprice_bridge,,,,
3164,8.185346731346893,8.185346731346892,False,False,brownian_logprice_bridge,,,,
3165,8.075414176528408,8.075414176528406,False,False,brownian_logprice_bridge,,,,
3166,8.114012031701852,8.114012031701854,False,False,brownian_logprice_bridge,,,,
3167,8.125092513745773,8.125092513745772,False,False,brownian_logprice_bridge,,,,
3168,8.12982176835245,8.12982176835245,False,False,brownian_logprice_bridge,,,,
3169,8.109258608406117,8.109258608406115,False,False,brownian_logprice_bridge,,,,
3170,8.080040014216257,8.080040014216257,False,False,brownian_logprice_bridge,,,,
3171,7.989470694652488,7.989470694652487,False,False,brownian_logprice_bridge,,,,
3172,7.820174576592287,7.820174576592287,False,False,brownian_logprice_bridge,,,,
3173,7.762085150906837,7.762085150906835,False,False,brownian_logprice_bridge,,,,
3174,7.65565697716182,7.65565697716182,False,False,brownian_logprice_bridge,,,,
3175,7.692482305830087,7.692482305830085,False,False,brownian_logprice_bridge,,,,
3176,7.732855948426897,7.732855948426896,False,False,brownian_logprice_bridge,,,,
3177,7.74311599858175,7.74311599858175,False,False,brownian_logprice_bridge,,,,
3178,7.75091518037306,7.750915180373058,False,False,brownian_logprice_bridge,,,,
3179,7.750063137110754,7.750063137110756,False,False,brownian_logprice_bridge,,,,
3180,7.753215962659954,7.753215962659953,False,False,brownian_logprice_bridge,,,,
3181,7.801900004387864,7.801900004387864,False,False,brownian_logprice_bridge,,,,
3182,7.755973787929276,7.755973787929276,False,False,brownian_logprice_bridge,,,,
3183,7.6889087050300144,7.6889087050300144,False,False,brownian_logprice_bridge,,,,
3184,7.605295852589737,7.605295852589736,False,False,brownian_logprice_bridge,,,,
3185,7.520251108358878,7.5202511083588774,False,False,brownian_logprice_bridge,,,,
3186,7.548654981760415,7.548654981760414,False,False,brownian_logprice_bridge,,,,
3187,7.55367591857005,7.5536759185700495,False,False,brownian_logprice_bridge,,,,
3188,7.581755159461522,7.581755159461521,False,False,brownian_logprice_bridge,,,,
3189,7.56791362097634,7.567913620976341,False,False,brownian_logprice_bridge,,,,
3190,7.561421121112262,7.561421121112263,False,False,brownian_logprice_bridge,,,,
3191,7.565939357137558,7.565939357137559,False,False,brownian_logprice_bridge,,,,
3192,7.480923417139507,7.480923417139508,False,False,brownian_logprice_bridge,,,,
3193,7.390555631586189,7.390555631586189,False,False,brownian_logprice_bridge,,,,
3194,7.386141917664569,7.386141917664569,False,False,brownian_logprice_bridge,,,,
3195,7.40833410849922,7.40833410849922,False,False,brownian_logprice_bridge,,,,
3196,7.449259308754962,7.449259308754963,False,False,brownian_logprice_bridge,,,,
3197,7.495010868620996,7.495010868620997,False,False,brownian_logprice_bridge,,,,
3198,7.43905729723391,7.43905729723391,False,False,brownian_logprice_bridge,,,,
3199,7.42451528390672,7.42451528390672,False,False,brownian_logprice_bridge,,,,
3200,7.509883698828911,7.5098836988289115,False,False,brownian_logprice_bridge,,,,
3201,7.588623654010292,7.588623654010291,False,False,brownian_logprice_bridge,,,,
3202,7.625536950538431,7.6255369505384305,False,False,brownian_logprice_bridge,,,,
3203,7.661500509031651,7.661500509031653,False,False,brownian_logprice_bridge,,,,
3204,7.658131531870307,7.658131531870305,False,False,brownian_logprice_bridge,,,,
3205,7.661580479505268,7.661580479505268,False,False,brownian_logprice_bridge,,,,
3206,7.681756073249097,7.681756073249097,False,False,brownian_logprice_bridge,,,,
3207,7.650453550531029,7.650453550531029,False,False,brownian_logprice_bridge,,,,
3208,7.715925422679358,7.715925422679358,False,False,brownian_logprice_bridge,,,,
3209,7.664361346726307,7.664361346726307,False,False,brownian_logprice_bridge,,,,
3210,7.725768907647107,7.725768907647105,False,False,brownian_logprice_bridge,,,,
3211,7.795772235684497,7.795772235684497,False,False,brownian_logprice_bridge,,,,
3212,7.827568555690392,7.82756855569039,False,False,brownian_logprice_bridge,,,,
3213,7.862812627392427,7.862812627392426,False,False,brownian_logprice_bridge,,,,
3214,7.868887170604081,7.86888717060408,False,False,brownian_logprice_bridge,,,,
3215,7.857495627455418,7.857495627455418,False,False,brownian_logprice_bridge,,,,
3216,7.931970633152463,7.9319706331524635,False,False,brownian_logprice_bridge,,,,
3217,7.925628171769914,7.925628171769914,False,False,brownian_logprice_bridge,,,,
3218,7.878597911052398,7.878597911052399,False,False,brownian_logprice_bridge,,,,
3219,7.876330340847434,7.876330340847435,False,False,brownian_logprice_bridge,,,,
3220,7.831267185517941,7.831267185517942,False,False,brownian_logprice_bridge,,,,
3221,7.808301887054447,7.808301887054446,False,False,brownian_logprice_bridge,,,,
3222,7.82098331468458,7.8209833146845815,False,False,brownian_logprice_bridge,,,,
3223,7.779821503703608,7.779821503703609,False,False,brownian_logprice_bridge,,,,
3224,7.762583277594721,7.762583277594722,False,False,brownian_logprice_bridge,,,,
3225,7.749841927066753,7.749841927066752,False,False,brownian_logprice_bridge,,,,
3226,7.752406336386984,7.752406336386984,False,False,brownian_logprice_bridge,,,,
3227,7.781602563050003,7.781602563050002,False,False,brownian_logprice_bridge,,,,
3228,7.795780567583795,7.795780567583796,False,False,brownian_logprice_bridge,,,,
3229,7.840116158062752,7.840116158062753,False,False,brownian_logprice_bridge,,,,
3230,7.861166416824979,7.861166416824979,False,False,brownian_logprice_bridge,,,,
3231,7.894810848499333,7.894810848499334,False,False,brownian_logprice_bridge,,,,
3232,7.889437008484474,7.889437008484472,False,False,brownian_logprice_bridge,,,,
3233,7.944308025119233,7.944308025119232,False,False,brownian_logprice_bridge,,,,
3234,7.946693719793735,7.946693719793734,False,False,brownian_logprice_bridge,,,,
3235,7.901391206831079,7.901391206831079,False,False,brownian_logprice_bridge,,,,
3236,7.949086056983117,7.949086056983119,False,False,brownian_logprice_bridge,,,,
3237,7.974487118449181,7.97448711844918,False,False,brownian_logprice_bridge,,,,
3238,7.89295973565333,7.89295973565333,False,False,brownian_logprice_bridge,,,,
3239,7.855491151698581,7.8554911516985815,False,False,brownian_logprice_bridge,,,,
3240,7.943996529394195,7.943996529394197,False,False,brownian_logprice_bridge,,,,
3241,7.854603857308648,7.854603857308649,False,False,brownian_logprice_bridge,,,,
3242,7.870259187198844,7.870259187198845,False,False,brownian_logprice_bridge,,,,
3243,7.878384931677048,7.878384931677049,False,False,brownian_logprice_bridge,,,,
3244,7.813241767748829,7.813241767748829,False,False,brownian_logprice_bridge,,,,
3245,7.853381829133698,7.853381829133698,False,False,brownian_logprice_bridge,,,,
3246,7.862944020714805,7.862944020714805,False,False,brownian_logprice_bridge,,,,
3247,7.788480628747262,7.788480628747263,False,False,brownian_logprice_bridge,,,,
3248,7.832695620503686,7.832695620503685,False,False,brownian_logprice_bridge,,,,
3249,7.837417450379068,7.837417450379069,False,False,brownian_logprice_bridge,,,,
3250,7.936311601123841,7.93631160112384,False,False,brownian_logprice_bridge,,,,
3251,7.999953864189367,7.999953864189369,False,False,brownian_logprice_bridge,,,,
3252,8.009840977229263,8.009840977229263,False,False,brownian_logprice_bridge,,,,
3253,7.988550906438498,7.9885509064384985,False,False,brownian_logprice_bridge,,,,
3254,7.922565151348989,7.922565151348991,False,False,brownian_logprice_bridge,,,,
3255,7.893938732653376,7.893938732653375,False,False,brownian_logprice_bridge,,,,
3256,7.9599656994387455,7.959965699438745,False,False,brownian_logprice_bridge,,,,
3257,7.930262544299766,7.930262544299766,False,False,brownian_logprice_bridge,,,,
3258,7.997094489845299,7.997094489845298,False,False,brownian_logprice_bridge,,,,
3259,7.977165895647664,7.977165895647662,False,False,brownian_logprice_bridge,,,,
3260,7.981656069161578,7.981656069161577,False,False,brownian_logprice_bridge,,,,
3261,7.971490713342307,7.971490713342306,False,False,brownian_logprice_bridge,,,,
3262,8.043166985394139,8.04316698539414,False,False,brownian_logprice_bridge,,,,
3263,7.99115675650698,7.991156756506982,False,False,brownian_logprice_bridge,,,,
3264,8.1320877501384,8.1320877501384,False,False,brownian_logprice_bridge,,,,
3265,8.16057611899714,8.160576118997142,False,False,brownian_logprice_bridge,,,,
3266,8.153411710112385,8.153411710112385,False,False,brownian_logprice_bridge,,,,
3267,8.215397903356234,8.215397903356232,False,False,brownian_logprice_bridge,,,,
3268,8.279644150086702,8.2796441500867,False,False,brownian_logprice_bridge,,,,
3269,8.280711611273945,8.280711611273945,False,False,brownian_logprice_bridge,,,,
3270,8.315822547767604,8.315822547767604,False,False,brownian_logprice_bridge,,,,
3271,8.275374524738028,8.275374524738028,False,False,brownian_logprice_bridge,,,,
3272,8.3296096037475,8.329609603747501,False,False,brownian_logprice_bridge,,,,
3273,8.310584987176833,8.310584987176833,False,False,brownian_logprice_bridge,,,,
3274,8.27497091886788,8.27497091886788,False,False,brownian_logprice_bridge,,,,
3275,8.217980556504248,8.217980556504248,False,False,brownian_logprice_bridge,,,,
3276,8.208839708718896,8.208839708718896,False,False,brownian_logprice_bridge,,,,
3277,8.192744592545719,8.192744592545719,False,False,brownian_logprice_bridge,,,,
3278,8.205610878173797,8.205610878173797,False,False,brownian_logprice_bridge,,,,
3279,8.272024201703758,8.272024201703758,False,False,brownian_logprice_bridge,,,,
3280,8.259122274396903,8.259122274396901,False,False,brownian_logprice_bridge,,,,
3281,8.282789658656954,8.282789658656952,False,False,brownian_logprice_bridge,,,,
3282,8.312035860519092,8.312035860519092,False,False,brownian_logprice_bridge,,,,
3283,8.31810145185492,8.31810145185492,False,False,brownian_logprice_bridge,,,,
3284,8.272944004066435,8.272944004066435,False,False,brownian_logprice_bridge,,,,
3285,8.243829970268655,8.243829970268655,False,False,brownian_logprice_bridge,,,,
3286,8.281825853733242,8.281825853733242,False,False,brownian_logprice_bridge,,,,
3287,8.35221384498324,8.35221384498324,False,False,brownian_logprice_bridge,,,,
3288,8.381461806370048,8.38146180637005,False,False,brownian_logprice_bridge,,,,
3289,8.404467422736273,8.404467422736271,False,False,brownian_logprice_bridge,,,,
3290,8.457728937933343,8.457728937933345,False,False,brownian_logprice_bridge,,,,
3291,8.447152304691127,8.447152304691128,False,False,brownian_logprice_bridge,,,,
3292,8.483983941589358,8.483983941589358,False,False,brownian_logprice_bridge,,,,
3293,8.405328634903686,8.405328634903686,False,False,brownian_logprice_bridge,,,,
3294,8.417568021932507,8.417568021932508,False,False,brownian_logprice_bridge,,,,
3295,8.444547379497266,8.444547379497266,False,False,brownian_logprice_bridge,,,,
3296,8.47922962908746,8.479229629087458,False,False,brownian_logprice_bridge,,,,
3297,8.501154897030386,8.501154897030386,False,False,brownian_logprice_bridge,,,,
3298,8.459957205999428,8.459957205999428,False,False,brownian_logprice_bridge,,,,
3299,8.329104238749172,8.329104238749174,False,False,brownian_logprice_bridge,,,,
3300,8.390284284694847,8.390284284694847,False,False,brownian_logprice_bridge,,,,
3301,8.41966685670099,8.419666856700989,False,False,brownian_logprice_bridge,,,,
3302,8.366666162841183,8.366666162841184,False,False,brownian_logprice_bridge,,,,
3303,8.317095203277596,8.317095203277596,False,False,brownian_logprice_bridge,,,,
3304,8.294199949695486,8.294199949695484,False,False,brownian_logprice_bridge,,,,
3305,8.195758374642212,8.195758374642214,False,False,brownian_logprice_bridge,,,,
3306,8.242414904086086,8.242414904086088,False,False,brownian_logprice_bridge,,,,
3307,8.262321527276379,8.26232152727638,False,False,brownian_logprice_bridge,,,,
3308,8.303808347877641,8.30380834787764,False,False,brownian_logprice_bridge,,,,
3309,8.308947809051451,8.308947809051451,False,False,brownian_logprice_bridge,,,,
3310,8.265280777091593,8.265280777091592,False,False,brownian_logprice_bridge,,,,
3311,8.210432118388757,8.210432118388756,False,False,brownian_logprice_bridge,,,,
3312,8.228923573268967,8.228923573268968,False,False,brownian_logprice_bridge,,,,
3313,8.185364205097146,8.185364205097148,False,False,brownian_logprice_bridge,,,,
3314,8.220922494013026,8.220922494013024,False,False,brownian_logprice_bridge,,,,
3315,8.27750873881066,8.277508738810662,False,False,brownian_logprice_bridge,,,,
3316,8.348685846557247,8.348685846557247,False,False,brownian_logprice_bridge,,,,
3317,8.373871179148145,8.373871179148146,False,False,brownian_logprice_bridge,,,,
3318,8.345942460737618,8.345942460737616,False,False,brownian_logprice_bridge,,,,
3319,8.296530813345134,8.296530813345136,False,False,brownian_logprice_bridge,,,,
3320,8.283364720412743,8.283364720412743,False,False,brownian_logprice_bridge,,,,
3321,8.370475201037033,8.370475201037035,False,False,brownian_logprice_bridge,,,,
3322,8.401364766692451,8.401364766692451,False,False,brownian_logprice_bridge,,,,
3323,8.3447172891773,8.344717289177298,False,False,brownian_logprice_bridge,,,,
3324,8.33738864926837,8.33738864926837,False,False,brownian_logprice_bridge,,,,
3325,8.389219764459892,8.389219764459892,False,False,brownian_logprice_bridge,,,,
3326,8.334574194712726,8.334574194712724,False,False,brownian_logprice_bridge,,,,
3327,8.25974690988947,8.259746909889468,False,False,brownian_logprice_bridge,,,,
3328,8.21033801640213,8.21033801640213,False,False,brownian_logprice_bridge,,,,
3329,8.239011273088815,8.239011273088817,False,False,brownian_logprice_bridge,,,,
3330,8.248763228173,8.248763228173,False,False,brownian_logprice_bridge,,,,
3331,8.358160103032514,8.358160103032516,False,False,brownian_logprice_bridge,,,,
3332,8.284678588229012,8.284678588229013,False,False,brownian_logprice_bridge,,,,
3333,8.230799667034812,8.23079966703481,False,False,brownian_logprice_bridge,,,,
3334,8.315793910391418,8.315793910391417,False,False,brownian_logprice_bridge,,,,
3335,8.395672615950433,8.395672615950431,False,False,brownian_logprice_bridge,,,,
3336,8.425672762845142,8.425672762845142,False,False,brownian_logprice_bridge,,,,
3337,8.443527079299933,8.443527079299935,False,False,brownian_logprice_bridge,,,,
3338,8.465120710404692,8.465120710404694,False,False,brownian_logprice_bridge,,,,
3339,8.616817679090481,8.616817679090481,False,False,brownian_logprice_bridge,,,,
3340,8.60219456474572,8.602194564745718,False,False,brownian_logprice_bridge,,,,
3341,8.635491550060467,8.635491550060468,False,False,brownian_logprice_bridge,,,,
3342,8.605813229465483,8.60581322946548,False,False,brownian_logprice_bridge,,,,
3343,8.593339111493416,8.593339111493414,False,False,brownian_logprice_bridge,,,,
3344,8.70791721171163,8.70791721171163,False,False,brownian_logprice_bridge,,,,
3345,8.801302512606703,8.801302512606703,False,False,brownian_logprice_bridge,,,,
3346,8.691255474687862,8.691255474687864,False,False,brownian_logprice_bridge,,,,
3347,8.710348034178024,8.710348034178024,False,False,brownian_logprice_bridge,,,,
3348,8.760433091996482,8.760433091996482,False,False,brownian_logprice_bridge,,,,
3349,8.78839802375024,8.78839802375024,False,False,brownian_logprice_bridge,,,,
3350,8.703105213311872,8.703105213311872,False,False,brownian_logprice_bridge,,,,
3351,8.702299067181237,8.702299067181237,False,False,brownian_logprice_bridge,,,,
3352,8.64508177055172,8.645081770551718,False,False,brownian_logprice_bridge,,,,
3353,8.62052493542788,8.620524935427879,False,False,brownian_logprice_bridge,,,,
3354,8.489606838465127,8.489606838465127,False,False,brownian_logprice_bridge,,,,
3355,8.501547433945412,8.501547433945413,False,False,brownian_logprice_bridge,,,,
3356,8.411699939648152,8.411699939648152,False,False,brownian_logprice_bridge,,,,
3357,8.37568090797656,8.375680907976559,False,False,brownian_logprice_bridge,,,,
3358,8.366944349439631,8.366944349439631,False,False,brownian_logprice_bridge,,,,
3359,8.247400729746484,8.247400729746486,False,False,brownian_logprice_bridge,,,,
3360,8.31922822772235,8.319228227722348,False,False,brownian_logprice_bridge,,,,
3361,8.29032997635523,8.290329976355228,False,False,brownian_logprice_bridge,,,,
3362,8.260425979871414,8.260425979871416,False,False,brownian_logprice_bridge,,,,
3363,8.285203949220147,8.285203949220149,False,False,brownian_logprice_bridge,,,,
3364,8.27216099745169,8.27216099745169,False,False,brownian_logprice_bridge,,,,
3365,8.33621739942492,8.336217399424921,False,False,brownian_logprice_bridge,,,,
3366,8.32353737988471,8.323537379884709,False,False,brownian_logprice_bridge,,,,
3367,8.250858085788327,8.250858085788325,False,False,brownian_logprice_bridge,,,,
3368,8.240094556322068,8.24009455632207,False,False,brownian_logprice_bridge,,,,
3369,8.234888328732547,8.234888328732545,False,False,brownian_logprice_bridge,,,,
3370,8.254240261132104,8.254240261132104,False,False,brownian_logprice_bridge,,,,
3371,8.297246192180836,8.297246192180838,False,False,brownian_logprice_bridge,,,,
3372,8.27058164399571,8.270581643995712,False,False,brownian_logprice_bridge,,,,
3373,8.20841293619506,8.20841293619506,False,False,brownian_logprice_bridge,,,,
3374,8.167150008292804,8.167150008292804,False,False,brownian_logprice_bridge,,,,
3375,8.13665478035703,8.136654780357032,False,False,brownian_logprice_bridge,,,,
3376,8.09082454794608,8.09082454794608,False,False,brownian_logprice_bridge,,,,
3377,8.118663365153697,8.118663365153697,False,False,brownian_logprice_bridge,,,,
3378,8.018619870863393,8.018619870863391,False,False,brownian_logprice_bridge,,,,
3379,8.046379491769704,8.046379491769706,False,False,brownian_logprice_bridge,,,,
3380,8.047943617202005,8.047943617202007,False,False,brownian_logprice_bridge,,,,
3381,8.048598477222999,8.048598477223,False,False,brownian_logprice_bridge,,,,
3382,8.037857117600392,8.037857117600392,False,False,brownian_logprice_bridge,,,,
3383,8.05833949288903,8.058339492889028,False,False,brownian_logprice_bridge,,,,
3384,7.964411780319188,7.964411780319189,False,False,brownian_logprice_bridge,,,,
3385,8.040472658238699,8.040472658238699,False,False,brownian_logprice_bridge,,,,
3386,7.91485258722189,7.9148525872218904,False,False,brownian_logprice_bridge,,,,
3387,7.89189786340454,7.891897863404539,False,False,brownian_logprice_bridge,,,,
3388,7.888954594618601,7.8889545946186,False,False,brownian_logprice_bridge,,,,
3389,7.958681675279243,7.958681675279243,False,False,brownian_logprice_bridge,,,,
3390,7.862497757756725,7.862497757756723,False,False,brownian_logprice_bridge,,,,
3391,7.899795688243291,7.899795688243291,False,False,brownian_logprice_bridge,,,,
3392,7.998966177929388,7.998966177929387,False,False,brownian_logprice_bridge,,,,
3393,7.943399209328346,7.943399209328346,False,False,brownian_logprice_bridge,,,,
3394,7.955770646574202,7.955770646574202,False,False,brownian_logprice_bridge,,,,
3395,7.92678446843897,7.926784468438972,False,False,brownian_logprice_bridge,,,,
3396,7.884956889246773,7.884956889246774,False,False,brownian_logprice_bridge,,,,
3397,7.810896326818457,7.810896326818456,False,False,brownian_logprice_bridge,,,,
3398,7.758231625164341,7.758231625164343,False,False,brownian_logprice_bridge,,,,
3399,7.797028924407304,7.7970289244073046,False,False,brownian_logprice_bridge,,,,
3400,7.76719475829671,7.767194758296709,False,False,brownian_logprice_bridge,,,,
3401,7.837370533386771,7.837370533386769,False,False,brownian_logprice_bridge,,,,
3402,7.879338197792208,7.879338197792208,False,False,brownian_logprice_bridge,,,,
3403,7.865395294763853,7.865395294763855,False,False,brownian_logprice_bridge,,,,
3404,7.8962588044931055,7.8962588044931055,False,False,brownian_logprice_bridge,,,,
3405,7.922938048911513,7.922938048911512,False,False,brownian_logprice_bridge,,,,
3406,7.919349262561607,7.9193492625616075,False,False,brownian_logprice_bridge,,,,
3407,7.872903322671048,7.87290332267105,False,False,brownian_logprice_bridge,,,,
3408,7.828909181062701,7.828909181062701,False,False,brownian_logprice_bridge,,,,
3409,7.731815465513218,7.731815465513218,False,False,brownian_logprice_bridge,,,,
3410,7.754152425769477,7.754152425769478,False,False,brownian_logprice_bridge,,,,
3411,7.704945561048436,7.704945561048435,False,False,brownian_logprice_bridge,,,,
3412,7.726408152429285,7.726408152429285,False,False,brownian_logprice_bridge,,,,
3413,7.634545876891821,7.63454587689182,False,False,brownian_logprice_bridge,,,,
3414,7.706288897517516,7.706288897517515,False,False,brownian_logprice_bridge,,,,
3415,7.689003437017639,7.68900343701764,False,False,brownian_logprice_bridge,,,,
3416,7.704837452354886,7.704837452354888,False,False,brownian_logprice_bridge,,,,
3417,7.740320373537937,7.740320373537937,False,False,brownian_logprice_bridge,,,,
3418,7.616985202189325,7.616985202189326,False,False,brownian_logprice_bridge,,,,
3419,7.614693282044888,7.614693282044888,False,False,brownian_logprice_bridge,,,,
3420,7.658565561587031,7.658565561587033,False,False,brownian_logprice_bridge,,,,
3421,7.683797130722416,7.683797130722415,False,False,brownian_logprice_bridge,,,,
3422,7.668838216559658,7.668838216559659,False,False,brownian_logprice_bridge,,,,
3423,7.750717691425462,7.750717691425462,False,False,brownian_logprice_bridge,,,,
3424,7.737095494418067,7.737095494418066,False,False,brownian_logprice_bridge,,,,
3425,7.737329100886375,7.737329100886374,False,False,brownian_logprice_bridge,,,,
3426,7.75366732603518,7.753667326035181,False,False,brownian_logprice_bridge,,,,
3427,7.771139873417012,7.771139873417011,False,False,brownian_logprice_bridge,,,,
3428,7.792866842238735,7.792866842238736,False,False,brownian_logprice_bridge,,,,
3429,7.889405993747809,7.889405993747809,False,False,brownian_logprice_bridge,,,,
3430,7.971561153478302,7.971561153478301,False,False,brownian_logprice_bridge,,,,
3431,8.038860358945554,8.038860358945552,False,False,brownian_logprice_bridge,,,,
3432,8.09091453048904,8.090914530489039,False,False,brownian_logprice_bridge,,,,
3433,8.061928015075512,8.061928015075514,False,False,brownian_logprice_bridge,,,,
3434,8.040219617901156,8.040219617901156,False,False,brownian_logprice_bridge,,,,
3435,8.01056014679684,8.010560146796838,False,False,brownian_logprice_bridge,,,,
3436,7.9732130714951,7.973213071495098,False,False,brownian_logprice_bridge,,,,
3437,7.8915026217636495,7.89150262176365,False,False,brownian_logprice_bridge,,,,
3438,7.886418110551936,7.886418110551936,False,False,brownian_logprice_bridge,,,,
3439,7.922171532343161,7.92217153234316,False,False,brownian_logprice_bridge,,,,
3440,7.933147169537581,7.933147169537582,False,False,brownian_logprice_bridge,,,,
3441,7.973690723761608,7.973690723761609,False,False,brownian_logprice_bridge,,,,
3442,8.029975175056073,8.029975175056071,False,False,brownian_logprice_bridge,,,,
3443,8.025201930638277,8.025201930638278,False,False,brownian_logprice_bridge,,,,
3444,7.995940742244328,7.995940742244329,False,False,brownian_logprice_bridge,,,,
3445,8.009925960069664,8.009925960069662,False,False,brownian_logprice_bridge,,,,
3446,8.062233153909325,8.062233153909325,False,False,brownian_logprice_bridge,,,,
3447,8.024042889231012,8.024042889231014,False,False,brownian_logprice_bridge,,,,
3448,8.075126052358494,8.075126052358494,False,False,brownian_logprice_bridge,,,,
3449,8.0722066228794,8.0722066228794,False,False,brownian_logprice_bridge,,,,
3450,8.081450848563357,8.081450848563357,False,False,brownian_logprice_bridge,,,,
3451,8.23105792689624,8.231057926896241,False,False,brownian_logprice_bridge,,,,
3452,8.235688277074196,8.235688277074196,False,False,brownian_logprice_bridge,,,,
3453,8.178390361459476,8.178390361459478,False,False,brownian_logprice_bridge,,,,
3454,8.099686532759304,8.099686532759305,False,False,brownian_logprice_bridge,,,,
3455,8.198080535027803,8.198080535027803,False,False,brownian_logprice_bridge,,,,
3456,8.165995557588646,8.165995557588646,False,False,brownian_logprice_bridge,,,,
3457,8.115407432630937,8.115407432630938,False,False,brownian_logprice_bridge,,,,
3458,8.092924901186215,8.092924901186214,False,False,brownian_logprice_bridge,,,,
3459,8.069107983510214,8.069107983510214,False,False,brownian_logprice_bridge,,,,
3460,8.032074849358883,8.032074849358885,False,False,brownian_logprice_bridge,,,,
3461,8.029524507817758,8.029524507817758,False,False,brownian_logprice_bridge,,,,
3462,8.025721329346089,8.02572132934609,False,False,brownian_logprice_bridge,,,,
3463,7.977644162827703,7.977644162827703,False,False,brownian_logprice_bridge,,,,
3464,8.05087164738865,8.05087164738865,False,False,brownian_logprice_bridge,,,,
3465,8.005858337723978,8.005858337723977,False,False,brownian_logprice_bridge,,,,
3466,8.045266822945646,8.045266822945647,False,False,brownian_logprice_bridge,,,,
3467,8.119622855234537,8.119622855234537,False,False,brownian_logprice_bridge,,,,
3468,8.103835453580544,8.103835453580544,False,False,brownian_logprice_bridge,,,,
3469,8.059309795426486,8.059309795426486,False,False,brownian_logprice_bridge,,,,
3470,8.035939040425847,8.035939040425848,False,False,brownian_logprice_bridge,,,,
3471,8.011610793629766,8.011610793629767,False,False,brownian_logprice_bridge,,,,
3472,7.974398113189101,7.9743981131891015,False,False,brownian_logprice_bridge,,,,
3473,8.00264583205108,8.002645832051082,False,False,brownian_logprice_bridge,,,,
3474,8.028372193757576,8.028372193757576,False,False,brownian_logprice_bridge,,,,
3475,7.992357596334501,7.992357596334502,False,False,brownian_logprice_bridge,,,,
3476,7.997111704960457,7.997111704960458,False,False,brownian_logprice_bridge,,,,
3477,8.033263885158636,8.033263885158638,False,False,brownian_logprice_bridge,,,,
3478,8.036210079256989,8.036210079256987,False,False,brownian_logprice_bridge,,,,
3479,8.010250583072574,8.010250583072573,False,False,brownian_logprice_bridge,,,,
3480,7.996773710790913,7.996773710790914,False,False,brownian_logprice_bridge,,,,
3481,7.901917906750881,7.901917906750882,False,False,brownian_logprice_bridge,,,,
3482,7.910844309090256,7.9108443090902565,False,False,brownian_logprice_bridge,,,,
3483,7.84988109982513,7.849881099825131,False,False,brownian_logprice_bridge,,,,
3484,7.910289271486362,7.910289271486362,False,False,brownian_logprice_bridge,,,,
3485,7.908944669093631,7.908944669093629,False,False,brownian_logprice_bridge,,,,
3486,7.935625095033751,7.935625095033749,False,False,brownian_logprice_bridge,,,,
3487,7.911048991167997,7.911048991167997,False,False,brownian_logprice_bridge,,,,
3488,7.959695303691726,7.959695303691724,False,False,brownian_logprice_bridge,,,,
3489,7.953202565826471,7.953202565826471,False,False,brownian_logprice_bridge,,,,
3490,8.039466534706937,8.039466534706937,False,False,brownian_logprice_bridge,,,,
3491,8.01927288047768,8.019272880477681,False,False,brownian_logprice_bridge,,,,
3492,7.997943463143737,7.997943463143737,False,False,brownian_logprice_bridge,,,,
3493,8.042287659483597,8.042287659483597,False,False,brownian_logprice_bridge,,,,
3494,8.093241698011301,8.093241698011301,False,False,brownian_logprice_bridge,,,,
3495,8.135857475049615,8.135857475049614,False,False,brownian_logprice_bridge,,,,
3496,8.078415843500583,8.078415843500581,False,False,brownian_logprice_bridge,,,,
3497,7.984980226736699,7.984980226736698,False,False,brownian_logprice_bridge,,,,
3498,8.006471511288634,8.006471511288632,False,False,brownian_logprice_bridge,,,,
3499,8.016172452284772,8.016172452284772,False,False,brownian_logprice_bridge,,,,
3500,7.975649689926656,7.975649689926657,False,False,brownian_logprice_bridge,,,,
3501,7.960755236752096,7.960755236752096,False,False,brownian_logprice_bridge,,,,
3502,7.9450125224647135,7.945012522464713,False,False,brownian_logprice_bridge,,,,
3503,7.93778613933394,7.93778613933394,False,False,brownian_logprice_bridge,,,,
3504,7.987353440834353,7.987353440834353,False,False,brownian_logprice_bridge,,,,
3505,7.951941963263407,7.9519419632634065,False,False,brownian_logprice_bridge,,,,
3506,7.929150604031968,7.9291506040319675,False,False,brownian_logprice_bridge,,,,
3507,7.951600387686866,7.951600387686867,False,False,brownian_logprice_bridge,,,,
3508,7.819178584498345,7.819178584498344,False,False,brownian_logprice_bridge,,,,
3509,7.700786849796628,7.700786849796627,False,False,brownian_logprice_bridge,,,,
3510,7.738960157997202,7.738960157997201,False,False,brownian_logprice_bridge,,,,
3511,7.800982653534132,7.800982653534132,False,False,brownian_logprice_bridge,,,,
3512,7.741631652651317,7.741631652651318,False,False,brownian_logprice_bridge,,,,
3513,7.759591358752603,7.759591358752601,False,False,brownian_logprice_bridge,,,,
3514,7.795657607194296,7.795657607194295,False,False,brownian_logprice_bridge,,,,
3515,7.827783333956254,7.827783333956253,False,False,brownian_logprice_bridge,,,,
3516,7.893333976465948,7.893333976465949,False,False,brownian_logprice_bridge,,,,
3517,7.9156278954357875,7.9156278954357875,False,False,brownian_logprice_bridge,,,,
3518,7.91198097030732,7.911980970307321,False,False,brownian_logprice_bridge,,,,
3519,7.92683713549535,7.926837135495352,False,False,brownian_logprice_bridge,,,,
3520,7.964994159301328,7.964994159301329,False,False,brownian_logprice_bridge,,,,
3521,7.890610060854506,7.890610060854504,False,False,brownian_logprice_bridge,,,,
3522,7.885286913254114,7.885286913254112,False,False,brownian_logprice_bridge,,,,
3523,8.004418065739353,8.004418065739351,False,False,brownian_logprice_bridge,,,,
3524,8.098725405604354,8.098725405604355,False,False,brownian_logprice_bridge,,,,
3525,8.100625559764062,8.100625559764064,False,False,brownian_logprice_bridge,,,,
3526,8.030847267053742,8.030847267053742,False,False,brownian_logprice_bridge,,,,
3527,7.932156181807053,7.932156181807053,False,False,brownian_logprice_bridge,,,,
3528,7.956550021398405,7.956550021398404,False,False,brownian_logprice_bridge,,,,
3529,7.90220446247601,7.9022044624760115,False,False,brownian_logprice_bridge,,,,
3530,7.884219213208549,7.8842192132085485,False,False,brownian_logprice_bridge,,,,
3531,7.855325659983472,7.855325659983471,False,False,brownian_logprice_bridge,,,,
3532,7.886923307402898,7.8869233074029,False,False,brownian_logprice_bridge,,,,
3533,7.954272570234736,7.954272570234736,False,False,brownian_logprice_bridge,,,,
3534,8.011091147768848,8.011091147768848,False,False,brownian_logprice_bridge,,,,
3535,8.07173232783857,8.07173232783857,False,False,brownian_logprice_bridge,,,,
3536,8.06810585667259,8.06810585667259,False,False,brownian_logprice_bridge,,,,
3537,7.980285234297328,7.980285234297328,False,False,brownian_logprice_bridge,,,,
3538,7.9771280320286415,7.9771280320286415,False,False,brownian_logprice_bridge,,,,
3539,7.862181536441248,7.8621815364412475,False,False,brownian_logprice_bridge,,,,
3540,7.944699846933628,7.944699846933627,False,False,brownian_logprice_bridge,,,,
3541,7.959576334000668,7.959576334000667,False,False,brownian_logprice_bridge,,,,
3542,7.945913196703953,7.945913196703954,False,False,brownian_logprice_bridge,,,,
3543,7.957216488801866,7.957216488801867,False,False,brownian_logprice_bridge,,,,
3544,7.868283200559414,7.8682832005594125,False,False,brownian_logprice_bridge,,,,
3545,7.894792127374892,7.894792127374892,False,False,brownian_logprice_bridge,,,,
3546,7.858108846536825,7.858108846536824,False,False,brownian_logprice_bridge,,,,
3547,7.891500528025114,7.891500528025114,False,False,brownian_logprice_bridge,,,,
3548,7.789557922469183,7.789557922469182,False,False,brownian_logprice_bridge,,,,
3549,7.835852461401174,7.835852461401174,False,False,brownian_logprice_bridge,,,,
3550,7.868830854222312,7.8688308542223115,False,False,brownian_logprice_bridge,,,,
3551,7.878730629787235,7.878730629787236,False,False,brownian_logprice_bridge,,,,
3552,7.854609802237854,7.854609802237854,False,False,brownian_logprice_bridge,,,,
3553,7.873562544457753,7.8735625444577515,False,False,brownian_logprice_bridge,,,,
3554,7.897935662983263,7.897935662983265,False,False,brownian_logprice_bridge,,,,
3555,7.913235420516078,7.913235420516078,False,False,brownian_logprice_bridge,,,,
3556,7.879055205446898,7.879055205446897,False,False,brownian_logprice_bridge,,,,
3557,7.875390328487519,7.875390328487521,False,False,brownian_logprice_bridge,,,,
3558,7.860390755286378,7.860390755286376,False,False,brownian_logprice_bridge,,,,
3559,7.899296525155997,7.8992965251559975,False,False,brownian_logprice_bridge,,,,
3560,7.942396262778593,7.942396262778591,False,False,brownian_logprice_bridge,,,,
3561,7.930804467417808,7.930804467417807,False,False,brownian_logprice_bridge,,,,
3562,7.8430098365822865,7.843009836582288,False,False,brownian_logprice_bridge,,,,
3563,7.8102049536853295,7.8102049536853295,False,False,brownian_logprice_bridge,,,,
3564,7.796638112203389,7.79663811220339,False,False,brownian_logprice_bridge,,,,
3565,7.764544382929951,7.76454438292995,False,False,brownian_logprice_bridge,,,,
3566,7.692183248030932,7.692183248030934,False,False,brownian_logprice_bridge,,,,
3567,7.778677813457511,7.778677813457511,False,False,brownian_logprice_bridge,,,,
3568,7.759127439600136,7.759127439600134,False,False,brownian_logprice_bridge,,,,
3569,7.70189050700494,7.701890507004942,False,False,brownian_logprice_bridge,,,,
3570,7.706512171351083,7.706512171351084,False,False,brownian_logprice_bridge,,,,
3571,7.721859327517846,7.721859327517848,False,False,brownian_logprice_bridge,,,,
3572,7.771847551748311,7.77184755174831,False,False,brownian_logprice_bridge,,,,
3573,7.855079700193068,7.855079700193069,False,False,brownian_logprice_bridge,,,,
3574,7.756370784471492,7.756370784471491,False,False,brownian_logprice_bridge,,,,
3575,7.690952045004948,7.6909520450049484,False,False,brownian_logprice_bridge,,,,
3576,7.600446281651774,7.600446281651775,False,False,brownian_logprice_bridge,,,,
3577,7.581597301153046,7.581597301153045,False,False,brownian_logprice_bridge,,,,
3578,7.639523488812954,7.639523488812956,False,False,brownian_logprice_bridge,,,,
3579,7.696905767609768,7.696905767609769,False,False,brownian_logprice_bridge,,,,
3580,7.721982732023509,7.721982732023507,False,False,brownian_logprice_bridge,,,,
3581,7.768892004542757,7.7688920045427565,False,False,brownian_logprice_bridge,,,,
3582,7.788884886225461,7.788884886225462,False,False,brownian_logprice_bridge,,,,
3583,7.716242644058111,7.716242644058112,False,False,brownian_logprice_bridge,,,,
3584,7.710187452744469,7.710187452744471,False,False,brownian_logprice_bridge,,,,
3585,7.735901635571464,7.735901635571465,False,False,brownian_logprice_bridge,,,,
3586,7.654274478197468,7.654274478197468,False,False,brownian_logprice_bridge,,,,
3587,7.699043116155219,7.699043116155219,False,False,brownian_logprice_bridge,,,,
3588,7.671098509534548,7.671098509534546,False,False,brownian_logprice_bridge,,,,
3589,7.60018839260899,7.600188392608991,False,False,brownian_logprice_bridge,,,,
3590,7.586303605235637,7.586303605235637,False,False,brownian_logprice_bridge,,,,
3591,7.5750656375016705,7.57506563750167,False,False,brownian_logprice_bridge,,,,
3592,7.583228148281477,7.583228148281479,False,False,brownian_logprice_bridge,,,,
3593,7.567379609516307,7.567379609516306,False,False,brownian_logprice_bridge,,,,
3594,7.572798311276662,7.572798311276661,False,False,brownian_logprice_bridge,,,,
3595,7.554452697046855,7.554452697046857,False,False,brownian_logprice_bridge,,,,
3596,7.539113592055808,7.5391135920558074,False,False,brownian_logprice_bridge,,,,
3597,7.473779318190414,7.473779318190413,False,False,brownian_logprice_bridge,,,,
3598,7.495888429952604,7.495888429952603,False,False,brownian_logprice_bridge,,,,
3599,7.504930597293137,7.5049305972931375,False,False,brownian_logprice_bridge,,,,
3600,7.550259973755991,7.550259973755992,False,False,brownian_logprice_bridge,,,,
3601,7.527123471976827,7.527123471976827,False,False,brownian_logprice_bridge,,,,
3602,7.472053696293089,7.472053696293088,False,False,brownian_logprice_bridge,,,,
3603,7.509000672761639,7.509000672761638,False,False,brownian_logprice_bridge,,,,
3604,7.533968475141956,7.533968475141955,False,False,brownian_logprice_bridge,,,,
3605,7.4969576768824115,7.496957676882412,False,False,brownian_logprice_bridge,,,,
3606,7.538907870894205,7.538907870894206,False,False,brownian_logprice_bridge,,,,
3607,7.597917231492612,7.597917231492612,False,False,brownian_logprice_bridge,,,,
3608,7.646496459789214,7.646496459789214,False,False,brownian_logprice_bridge,,,,
3609,7.765905705261183,7.765905705261184,False,False,brownian_logprice_bridge,,,,
3610,7.821094414054474,7.821094414054475,False,False,brownian_logprice_bridge,,,,
3611,7.893484567818656,7.893484567818655,False,False,brownian_logprice_bridge,,,,
3612,7.846368923709158,7.846368923709158,False,False,brownian_logprice_bridge,,,,
3613,7.767835588122185,7.767835588122187,False,False,brownian_logprice_bridge,,,,
3614,7.74777492675359,7.74777492675359,False,False,brownian_logprice_bridge,,,,
3615,7.7850697024583,7.7850697024583,False,False,brownian_logprice_bridge,,,,
3616,7.90741804798327,7.907418047983271,False,False,brownian_logprice_bridge,,,,
3617,7.870082247657484,7.870082247657486,False,False,brownian_logprice_bridge,,,,
3618,7.921398238492873,7.921398238492874,False,False,brownian_logprice_bridge,,,,
3619,7.883124956744429,7.883124956744428,False,False,brownian_logprice_bridge,,,,
3620,7.943914834357506,7.943914834357505,False,False,brownian_logprice_bridge,,,,
3621,7.896457673696395,7.896457673696394,False,False,brownian_logprice_bridge,,,,
3622,7.986297569277275,7.986297569277275,False,False,brownian_logprice_bridge,,,,
3623,8.014669920768698,8.014669920768698,False,False,brownian_logprice_bridge,,,,
3624,8.041893797595975,8.041893797595975,False,False,brownian_logprice_bridge,,,,
3625,7.961250251211584,7.9612502512115855,False,False,brownian_logprice_bridge,,,,
3626,7.945338168796534,7.945338168796533,False,False,brownian_logprice_bridge,,,,
3627,7.924529813149097,7.924529813149098,False,False,brownian_logprice_bridge,,,,
3628,7.913302342814799,7.913302342814798,False,False,brownian_logprice_bridge,,,,
3629,7.981212575647209,7.981212575647209,False,False,brownian_logprice_bridge,,,,
3630,8.02559857507254,8.025598575072538,False,False,brownian_logprice_bridge,,,,
3631,7.981705346714196,7.981705346714197,False,False,brownian_logprice_bridge,,,,
3632,7.878705189585758,7.878705189585759,False,False,brownian_logprice_bridge,,,,
3633,7.886599501830035,7.8865995018300366,False,False,brownian_logprice_bridge,,,,
3634,7.842118941214764,7.842118941214762,False,False,brownian_logprice_bridge,,,,
3635,7.84335906548768,7.84335906548768,False,False,brownian_logprice_bridge,,,,
3636,7.82631696508956,7.826316965089559,False,False,brownian_logprice_bridge,,,,
3637,7.833071416344387,7.833071416344387,False,False,brownian_logprice_bridge,,,,
3638,7.82042260559745,7.82042260559745,False,False,brownian_logprice_bridge,,,,
3639,7.811631064646776,7.811631064646777,False,False,brownian_logprice_bridge,,,,
3640,7.784297221210013,7.784297221210014,False,False,brownian_logprice_bridge,,,,
3641,7.86984834494061,7.86984834494061,False,False,brownian_logprice_bridge,,,,
3642,7.882221103455824,7.882221103455822,False,False,brownian_logprice_bridge,,,,
3643,7.933701416984194,7.933701416984192,False,False,brownian_logprice_bridge,,,,
3644,7.861082468536236,7.861082468536235,False,False,brownian_logprice_bridge,,,,
3645,7.929835546494251,7.929835546494252,False,False,brownian_logprice_bridge,,,,
3646,7.871890374378929,7.871890374378931,False,False,brownian_logprice_bridge,,,,
3647,7.867802056525127,7.867802056525125,False,False,brownian_logprice_bridge,,,,
3648,7.836044434950959,7.836044434950959,False,False,brownian_logprice_bridge,,,,
3649,7.777561231948341,7.777561231948339,False,False,brownian_logprice_bridge,,,,
3650,7.827040306517107,7.827040306517108,False,False,brownian_logprice_bridge,,,,
3651,7.789162515641292,7.7891625156412925,False,False,brownian_logprice_bridge,,,,
3652,7.787736541723804,7.787736541723805,False,False,brownian_logprice_bridge,,,,
3653,7.748666659608074,7.748666659608072,False,False,brownian_logprice_bridge,,,,
3654,7.746128184839385,7.7461281848393835,False,False,brownian_logprice_bridge,,,,
3655,7.807062501074849,7.807062501074849,False,False,brownian_logprice_bridge,,,,
3656,7.774742356573068,7.774742356573069,False,False,brownian_logprice_bridge,,,,
3657,7.806945588540522,7.806945588540522,False,False,brownian_logprice_bridge,,,,
3658,7.831369282130628,7.831369282130626,False,False,brownian_logprice_bridge,,,,
3659,7.818672097286406,7.818672097286407,False,False,brownian_logprice_bridge,,,,
3660,7.917274090004479,7.917274090004481,False,False,brownian_logprice_bridge,,,,
3661,7.9079692621878275,7.9079692621878275,False,False,brownian_logprice_bridge,,,,
3662,7.866123339886017,7.866123339886016,False,False,brownian_logprice_bridge,,,,
3663,7.865029203952296,7.865029203952296,False,False,brownian_logprice_bridge,,,,
3664,7.8864883152155585,7.886488315215559,False,False,brownian_logprice_bridge,,,,
3665,7.860489479221255,7.860489479221254,False,False,brownian_logprice_bridge,,,,
3666,7.883331610773119,7.883331610773119,False,False,brownian_logprice_bridge,,,,
3667,7.979907186396947,7.979907186396948,False,False,brownian_logprice_bridge,,,,
3668,8.024580566114816,8.024580566114816,False,False,brownian_logprice_bridge,,,,
3669,7.997653470051741,7.997653470051743,False,False,brownian_logprice_bridge,,,,
3670,8.00641856728811,8.006418567288112,False,False,brownian_logprice_bridge,,,,
3671,8.009060368104574,8.009060368104574,False,False,brownian_logprice_bridge,,,,
3672,7.932526725011809,7.932526725011808,False,False,brownian_logprice_bridge,,,,
3673,7.915572890330804,7.915572890330805,False,False,brownian_logprice_bridge,,,,
3674,7.946959591635372,7.9469595916353715,False,False,brownian_logprice_bridge,,,,
3675,7.89954617506758,7.899546175067579,False,False,brownian_logprice_bridge,,,,
3676,7.884646356658452,7.884646356658452,False,False,brownian_logprice_bridge,,,,
3677,7.870909602685004,7.8709096026850025,False,False,brownian_logprice_bridge,,,,
3678,7.872351653494182,7.8723516534941815,False,False,brownian_logprice_bridge,,,,
3679,7.940093378308817,7.940093378308816,False,False,brownian_logprice_bridge,,,,
3680,7.82081892891197,7.820818928911969,False,False,brownian_logprice_bridge,,,,
3681,7.837822797377395,7.837822797377395,False,False,brownian_logprice_bridge,,,,
3682,7.806244058353619,7.806244058353621,False,False,brownian_logprice_bridge,,,,
3683,7.843220522748063,7.843220522748064,False,False,brownian_logprice_bridge,,,,
3684,7.81357634361887,7.813576343618869,False,False,brownian_logprice_bridge,,,,
3685,7.85789339992805,7.857893399928048,False,False,brownian_logprice_bridge,,,,
3686,7.817155781619612,7.817155781619611,False,False,brownian_logprice_bridge,,,,
3687,7.81153038071931,7.81153038071931,False,False,brownian_logprice_bridge,,,,
3688,7.804387044991886,7.804387044991886,False,False,brownian_logprice_bridge,,,,
3689,7.798440789443959,7.798440789443959,False,False,brownian_logprice_bridge,,,,
3690,7.836330786074334,7.836330786074333,False,False,brownian_logprice_bridge,,,,
3691,7.842748498904342,7.84274849890434,False,False,brownian_logprice_bridge,,,,
3692,7.821108658082657,7.821108658082658,False,False,brownian_logprice_bridge,,,,
3693,7.989477482330475,7.989477482330473,False,False,brownian_logprice_bridge,,,,
3694,7.979293024941347,7.979293024941347,False,False,brownian_logprice_bridge,,,,
3695,8.026100592842656,8.026100592842656,False,False,brownian_logprice_bridge,,,,
3696,7.989340360082277,7.989340360082278,False,False,brownian_logprice_bridge,,,,
3697,7.933492192692242,7.933492192692242,False,False,brownian_logprice_bridge,,,,
3698,7.852010852965601,7.852010852965603,False,False,brownian_logprice_bridge,,,,
3699,7.822591935828872,7.822591935828873,False,False,brownian_logprice_bridge,,,,
3700,7.787790855475034,7.787790855475033,False,False,brownian_logprice_bridge,,,,
3701,7.821015602821064,7.821015602821065,False,False,brownian_logprice_bridge,,,,
3702,7.8066969641194035,7.806696964119402,False,False,brownian_logprice_bridge,,,,
3703,7.781540114337247,7.781540114337246,False,False,brownian_logprice_bridge,,,,
3704,7.836928787267708,7.836928787267708,False,False,brownian_logprice_bridge,,,,
3705,7.885451416042106,7.885451416042106,False,False,brownian_logprice_bridge,,,,
3706,7.903435706242617,7.903435706242619,False,False,brownian_logprice_bridge,,,,
3707,7.932164904088675,7.932164904088677,False,False,brownian_logprice_bridge,,,,
3708,7.947131867332005,7.947131867332005,False,False,brownian_logprice_bridge,,,,
3709,7.913736822806564,7.913736822806565,False,False,brownian_logprice_bridge,,,,
3710,7.865512419036947,7.865512419036946,False,False,brownian_logprice_bridge,,,,
3711,7.861540338966828,7.8615403389668295,False,False,brownian_logprice_bridge,,,,
3712,7.799579817524479,7.799579817524478,False,False,brownian_logprice_bridge,,,,
3713,7.802041967060383,7.802041967060384,False,False,brownian_logprice_bridge,,,,
3714,7.877552640788309,7.877552640788309,False,False,brownian_logprice_bridge,,,,
3715,7.874611616717576,7.874611616717576,False,False,brownian_logprice_bridge,,,,
3716,7.915456491473581,7.91545649147358,False,False,brownian_logprice_bridge,,,,
3717,7.934597241562271,7.934597241562271,False,False,brownian_logprice_bridge,,,,
3718,8.021131565524266,8.021131565524264,False,False,brownian_logprice_bridge,,,,
3719,8.025374469572078,8.025374469572078,False,False,brownian_logprice_bridge,,,,
3720,8.063469395089703,8.063469395089701,False,False,brownian_logprice_bridge,,,,
3721,8.100696597196938,8.100696597196938,False,False,brownian_logprice_bridge,,,,
3722,8.0923189225751,8.0923189225751,False,False,brownian_logprice_bridge,,,,
3723,8.168675731282892,8.168675731282892,False,False,brownian_logprice_bridge,,,,
3724,8.121503006605595,8.121503006605595,False,False,brownian_logprice_bridge,,,,
3725,8.07100495502273,8.07100495502273,False,False,brownian_logprice_bridge,,,,
3726,8.06575523600872,8.065755236008718,False,False,brownian_logprice_bridge,,,,
3727,8.120268412285666,8.120268412285666,False,False,brownian_logprice_bridge,,,,
3728,8.103073285747277,8.103073285747275,False,False,brownian_logprice_bridge,,,,
3729,8.083471857921237,8.083471857921237,False,False,brownian_logprice_bridge,,,,
3730,8.088793946896201,8.0887939468962,False,False,brownian_logprice_bridge,,,,
3731,8.113681385796214,8.113681385796214,False,False,brownian_logprice_bridge,,,,
3732,8.118688920459938,8.118688920459936,False,False,brownian_logprice_bridge,,,,
3733,8.224138452186173,8.224138452186173,False,False,brownian_logprice_bridge,,,,
3734,8.32303084138705,8.323030841387048,False,False,brownian_logprice_bridge,,,,
3735,8.30974338538305,8.30974338538305,False,False,brownian_logprice_bridge,,,,
3736,8.277105393274132,8.277105393274132,False,False,brownian_logprice_bridge,,,,
3737,8.335861723008376,8.335861723008376,False,False,brownian_logprice_bridge,,,,
3738,8.372722916519189,8.37272291651919,False,False,brownian_logprice_bridge,,,,
3739,8.383545048826296,8.383545048826296,False,False,brownian_logprice_bridge,,,,
3740,8.319104273765008,8.319104273765006,False,False,brownian_logprice_bridge,,,,
3741,8.345097956242029,8.34509795624203,False,False,brownian_logprice_bridge,,,,
3742,8.279321416280712,8.279321416280712,False,False,brownian_logprice_bridge,,,,
3743,8.173849104414439,8.173849104414439,False,False,brownian_logprice_bridge,,,,
3744,8.22264971046056,8.222649710460562,False,False,brownian_logprice_bridge,,,,
3745,8.254136522423833,8.254136522423833,False,False,brownian_logprice_bridge,,,,
3746,8.299951530426696,8.299951530426698,False,False,brownian_logprice_bridge,,,,
3747,8.268691960675385,8.268691960675387,False,False,brownian_logprice_bridge,,,,
3748,8.165424132874,8.165424132874,False,False,brownian_logprice_bridge,,,,
3749,8.161256158301496,8.161256158301496,False,False,brownian_logprice_bridge,,,,
3750,8.186340245612548,8.186340245612548,False,False,brownian_logprice_bridge,,,,
3751,8.176585155496984,8.176585155496984,False,False,brownian_logprice_bridge,,,,
3752,8.146534448923857,8.146534448923857,False,False,brownian_logprice_bridge,,,,
3753,8.158412619227176,8.158412619227178,False,False,brownian_logprice_bridge,,,,
3754,8.181455908084386,8.181455908084386,False,False,brownian_logprice_bridge,,,,
3755,8.202863242642502,8.2028632426425,False,False,brownian_logprice_bridge,,,,
3756,8.17636517240699,8.17636517240699,False,False,brownian_logprice_bridge,,,,
3757,8.099782630338655,8.099782630338654,False,False,brownian_logprice_bridge,,,,
3758,8.182875983202175,8.182875983202175,False,False,brownian_logprice_bridge,,,,
3759,8.214153890824756,8.214153890824756,False,False,brownian_logprice_bridge,,,,
3760,8.225551508374481,8.225551508374483,False,False,brownian_logprice_bridge,,,,
3761,8.288752295087864,8.288752295087866,False,False,brownian_logprice_bridge,,,,
3762,8.377874315665691,8.377874315665691,False,False,brownian_logprice_bridge,,,,
3763,8.302365547609245,8.302365547609243,False,False,brownian_logprice_bridge,,,,
3764,8.291474029057104,8.291474029057106,False,False,brownian_logprice_bridge,,,,
3765,8.154584022448642,8.154584022448642,False,False,brownian_logprice_bridge,,,,
3766,8.213051080943357,8.213051080943355,False,False,brownian_logprice_bridge,,,,
3767,8.24845154824023,8.24845154824023,False,False,brownian_logprice_bridge,,,,
3768,8.232465376995691,8.23246537699569,False,False,brownian_logprice_bridge,,,,
3769,8.162523093401983,8.162523093401983,False,False,brownian_logprice_bridge,,,,
3770,8.123381736230865,8.123381736230863,False,False,brownian_logprice_bridge,,,,
3771,8.112901130771121,8.112901130771121,False,False,brownian_logprice_bridge,,,,
3772,8.168689344836809,8.168689344836807,False,False,brownian_logprice_bridge,,,,
3773,8.083174343311462,8.08317434331146,False,False,brownian_logprice_bridge,,,,
3774,8.12552796533967,8.12552796533967,False,False,brownian_logprice_bridge,,,,
3775,8.15258545894858,8.15258545894858,False,False,brownian_logprice_bridge,,,,
3776,8.123748114581653,8.123748114581652,False,False,brownian_logprice_bridge,,,,
3777,8.07742763008267,8.07742763008267,False,False,brownian_logprice_bridge,,,,
3778,8.09508896424643,8.095088964246433,False,False,brownian_logprice_bridge,,,,
3779,8.091360429053774,8.091360429053772,False,False,brownian_logprice_bridge,,,,
3780,8.113222806469093,8.113222806469093,False,False,brownian_logprice_bridge,,,,
3781,8.16444731693435,8.164447316934348,False,False,brownian_logprice_bridge,,,,
3782,8.1532729333625,8.153272933362498,False,False,brownian_logprice_bridge,,,,
3783,8.07908313005866,8.07908313005866,False,False,brownian_logprice_bridge,,,,
3784,8.09261193007673,8.092611930076732,False,False,brownian_logprice_bridge,,,,
3785,8.150646936195589,8.15064693619559,False,False,brownian_logprice_bridge,,,,
3786,8.164558942590796,8.164558942590798,False,False,brownian_logprice_bridge,,,,
3787,8.144954511253642,8.144954511253644,False,False,brownian_logprice_bridge,,,,
3788,8.06398961649394,8.06398961649394,False,False,brownian_logprice_bridge,,,,
3789,8.09372503280494,8.09372503280494,False,False,brownian_logprice_bridge,,,,
3790,8.111896446191997,8.111896446191997,False,False,brownian_logprice_bridge,,,,
3791,8.155297732876578,8.15529773287658,False,False,brownian_logprice_bridge,,,,
3792,8.17414256562916,8.174142565629158,False,False,brownian_logprice_bridge,,,,
3793,8.166025752810176,8.166025752810176,False,False,brownian_logprice_bridge,,,,
3794,8.176953407768519,8.176953407768517,False,False,brownian_logprice_bridge,,,,
3795,8.189846176948928,8.189846176948928,False,False,brownian_logprice_bridge,,,,
3796,8.24269800269516,8.242698002695162,False,False,brownian_logprice_bridge,,,,
3797,8.229804036800981,8.229804036800983,False,False,brownian_logprice_bridge,,,,
3798,8.182056222373744,8.182056222373744,False,False,brownian_logprice_bridge,,,,
3799,8.209865591758861,8.209865591758863,False,False,brownian_logprice_bridge,,,,
3800,8.270404904311576,8.270404904311578,False,False,brownian_logprice_bridge,,,,
3801,8.309209303417669,8.309209303417667,False,False,brownian_logprice_bridge,,,,
3802,8.32182956220237,8.32182956220237,False,False,brownian_logprice_bridge,,,,
3803,8.255729728430577,8.255729728430579,False,False,brownian_logprice_bridge,,,,
3804,8.311056380417874,8.311056380417876,False,False,brownian_logprice_bridge,,,,
3805,8.266431631082842,8.266431631082842,False,False,brownian_logprice_bridge,,,,
3806,8.324246157387323,8.324246157387321,False,False,brownian_logprice_bridge,,,,
3807,8.273743160875329,8.27374316087533,False,False,brownian_logprice_bridge,,,,
3808,8.3460159480779,8.346015948077898,False,False,brownian_logprice_bridge,,,,
3809,8.382185380404664,8.382185380404666,False,False,brownian_logprice_bridge,,,,
3810,8.34316718020188,8.34316718020188,False,False,brownian_logprice_bridge,,,,
3811,8.329802395633642,8.329802395633644,False,False,brownian_logprice_bridge,,,,
3812,8.34400989125692,8.34400989125692,False,False,brownian_logprice_bridge,,,,
3813,8.39242781859155,8.392427818591552,False,False,brownian_logprice_bridge,,,,
3814,8.328508985255406,8.328508985255404,False,False,brownian_logprice_bridge,,,,
3815,8.359130683322585,8.359130683322583,False,False,brownian_logprice_bridge,,,,
3816,8.403497539660629,8.40349753966063,False,False,brownian_logprice_bridge,,,,
3817,8.38371754652159,8.38371754652159,False,False,brownian_logprice_bridge,,,,
3818,8.341839309877745,8.341839309877747,False,False,brownian_logprice_bridge,,,,
3819,8.2925000445303,8.292500044530302,False,False,brownian_logprice_bridge,,,,
3820,8.275432566256734,8.275432566256733,False,False,brownian_logprice_bridge,,,,
3821,8.289485069101211,8.289485069101211,False,False,brownian_logprice_bridge,,,,
3822,8.240150555395212,8.240150555395212,False,False,brownian_logprice_bridge,,,,
3823,8.214636222108133,8.214636222108131,False,False,brownian_logprice_bridge,,,,
3824,8.271552382621808,8.27155238262181,False,False,brownian_logprice_bridge,,,,
3825,8.174631071646765,8.174631071646765,False,False,brownian_logprice_bridge,,,,
3826,8.039009557128788,8.039009557128788,False,False,brownian_logprice_bridge,,,,
3827,8.089778390326755,8.089778390326757,False,False,brownian_logprice_bridge,,,,
3828,8.019009064041928,8.019009064041928,False,False,brownian_logprice_bridge,,,,
3829,8.049320125347421,8.049320125347423,False,False,brownian_logprice_bridge,,,,
3830,8.071409795682062,8.07140979568206,False,False,brownian_logprice_bridge,,,,
3831,8.02586190489623,8.025861904896228,False,False,brownian_logprice_bridge,,,,
3832,8.05668202264356,8.05668202264356,False,False,brownian_logprice_bridge,,,,
3833,7.937515432188591,7.937515432188593,False,False,brownian_logprice_bridge,,,,
3834,7.903034773863558,7.903034773863557,False,False,brownian_logprice_bridge,,,,
3835,7.9434198484909455,7.943419848490945,False,False,brownian_logprice_bridge,,,,
3836,7.84869745650758,7.84869745650758,False,False,brownian_logprice_bridge,,,,
3837,7.8190079082037744,7.8190079082037744,False,False,brownian_logprice_bridge,,,,
3838,7.788351759270792,7.7883517592707925,False,False,brownian_logprice_bridge,,,,
3839,7.858967215574347,7.858967215574345,False,False,brownian_logprice_bridge,,,,
3840,7.828348518718413,7.828348518718414,False,False,brownian_logprice_bridge,,,,
3841,7.865667935284934,7.865667935284934,False,False,brownian_logprice_bridge,,,,
3842,7.904051321328953,7.904051321328953,False,False,brownian_logprice_bridge,,,,
3843,7.953184606251811,7.953184606251811,False,False,brownian_logprice_bridge,,,,
3844,7.997573121734102,7.997573121734102,False,False,brownian_logprice_bridge,,,,
3845,7.921450727897039,7.92145072789704,False,False,brownian_logprice_bridge,,,,
3846,7.891813830292504,7.891813830292503,False,False,brownian_logprice_bridge,,,,
3847,7.888472345221879,7.888472345221879,False,False,brownian_logprice_bridge,,,,
3848,7.872831734473031,7.872831734473033,False,False,brownian_logprice_bridge,,,,
3849,7.817291500090913,7.817291500090912,False,False,brownian_logprice_bridge,,,,
3850,7.861491782953066,7.861491782953067,False,False,brownian_logprice_bridge,,,,
3851,7.908237846998221,7.908237846998219,False,False,brownian_logprice_bridge,,,,
3852,7.926582235797937,7.926582235797938,False,False,brownian_logprice_bridge,,,,
3853,7.952417718608185,7.952417718608186,False,False,brownian_logprice_bridge,,,,
3854,7.802783586380049,7.80278358638005,False,False,brownian_logprice_bridge,,,,
3855,7.735186275476665,7.735186275476666,False,False,brownian_logprice_bridge,,,,
3856,7.679881199698665,7.679881199698664,False,False,brownian_logprice_bridge,,,,
3857,7.710526962668678,7.710526962668676,False,False,brownian_logprice_bridge,,,,
3858,7.600543553995363,7.600543553995362,False,False,brownian_logprice_bridge,,,,
3859,7.613224565171786,7.613224565171787,False,False,brownian_logprice_bridge,,,,
3860,7.638602981355087,7.6386029813550875,False,False,brownian_logprice_bridge,,,,
3861,7.626618024047424,7.626618024047422,False,False,brownian_logprice_bridge,,,,
3862,7.642095954795926,7.642095954795928,False,False,brownian_logprice_bridge,,,,
3863,7.634165898991515,7.634165898991515,False,False,brownian_logprice_bridge,,,,
3864,7.576773570213557,7.576773570213558,False,False,brownian_logprice_bridge,,,,
3865,7.536024564405194,7.536024564405195,False,False,brownian_logprice_bridge,,,,
3866,7.582116873544709,7.582116873544708,False,False,brownian_logprice_bridge,,,,
3867,7.511250257424187,7.511250257424186,False,False,brownian_logprice_bridge,,,,
3868,7.581243104195087,7.581243104195087,False,False,brownian_logprice_bridge,,,,
3869,7.555795316310449,7.555795316310449,False,False,brownian_logprice_bridge,,,,
3870,7.573977239859009,7.573977239859008,False,False,brownian_logprice_bridge,,,,
3871,7.577285344228595,7.577285344228594,False,False,brownian_logprice_bridge,,,,
3872,7.613097958598781,7.613097958598782,False,False,brownian_logprice_bridge,,,,
3873,7.604900973153122,7.604900973153122,False,False,brownian_logprice_bridge,,,,
3874,7.566506473778284,7.566506473778283,False,False,brownian_logprice_bridge,,,,
3875,7.554421614132325,7.554421614132326,False,False,brownian_logprice_bridge,,,,
3876,7.577226724233517,7.577226724233517,False,False,brownian_logprice_bridge,,,,
3877,7.590330474996123,7.590330474996124,False,False,brownian_logprice_bridge,,,,
3878,7.588463852614456,7.588463852614458,False,False,brownian_logprice_bridge,,,,
3879,7.585185658225293,7.585185658225294,False,False,brownian_logprice_bridge,,,,
3880,7.583434357861038,7.583434357861037,False,False,brownian_logprice_bridge,,,,
3881,7.501576793323093,7.5015767933230935,False,False,brownian_logprice_bridge,,,,
3882,7.485050207631327,7.485050207631327,False,False,brownian_logprice_bridge,,,,
3883,7.502580289803838,7.502580289803839,False,False,brownian_logprice_bridge,,,,
3884,7.487467212590388,7.487467212590389,False,False,brownian_logprice_bridge,,,,
3885,7.47173976208298,7.47173976208298,False,False,brownian_logprice_bridge,,,,
3886,7.514993004068113,7.5149930040681125,False,False,brownian_logprice_bridge,,,,
3887,7.479735130828681,7.479735130828683,False,False,brownian_logprice_bridge,,,,
3888,7.37140225778967,7.371402257789669,False,False,brownian_logprice_bridge,,,,
3889,7.353504815791483,7.353504815791483,False,False,brownian_logprice_bridge,,,,
3890,7.381570119837018,7.381570119837017,False,False,brownian_logprice_bridge,,,,
3891,7.483162624826372,7.48316262482637,False,False,brownian_logprice_bridge,,,,
3892,7.546246248333061,7.546246248333061,False,False,brownian_logprice_bridge,,,,
3893,7.539656859208435,7.539656859208436,False,False,brownian_logprice_bridge,,,,
3894,7.549991928468068,7.549991928468068,False,False,brownian_logprice_bridge,,,,
3895,7.461235700664134,7.461235700664134,False,False,brownian_logprice_bridge,,,,
3896,7.523757424532566,7.523757424532565,False,False,brownian_logprice_bridge,,,,
3897,7.497202924274744,7.4972029242747436,False,False,brownian_logprice_bridge,,,,
3898,7.40873411620113,7.40873411620113,False,False,brownian_logprice_bridge,,,,
3899,7.382253034864961,7.38225303486496,False,False,brownian_logprice_bridge,,,,
3900,7.398609134157046,7.398609134157044,False,False,brownian_logprice_bridge,,,,
3901,7.338265461247053,7.338265461247053,False,False,brownian_logprice_bridge,,,,
3902,7.353992647345125,7.353992647345125,False,False,brownian_logprice_bridge,,,,
3903,7.353086730083525,7.353086730083526,False,False,brownian_logprice_bridge,,,,
3904,7.364368723403774,7.364368723403774,False,False,brownian_logprice_bridge,,,,
3905,7.443653943144061,7.44365394314406,False,False,brownian_logprice_bridge,,,,
3906,7.413582712571744,7.413582712571745,False,False,brownian_logprice_bridge,,,,
3907,7.355555602664372,7.355555602664371,False,False,brownian_logprice_bridge,,,,
3908,7.394396510007899,7.3943965100079,False,False,brownian_logprice_bridge,,,,
3909,7.455398102086814,7.455398102086815,False,False,brownian_logprice_bridge,,,,
3910,7.473688680578169,7.47368868057817,False,False,brownian_logprice_bridge,,,,
3911,7.488334341669259,7.488334341669261,False,False,brownian_logprice_bridge,,,,
3912,7.501640596478298,7.501640596478296,False,False,brownian_logprice_bridge,,,,
3913,7.542513172490558,7.542513172490558,False,False,brownian_logprice_bridge,,,,
3914,7.488564095377623,7.4885640953776225,False,False,brownian_logprice_bridge,,,,
3915,7.478175228542541,7.478175228542541,False,False,brownian_logprice_bridge,,,,
3916,7.583583385214971,7.583583385214972,False,False,brownian_logprice_bridge,,,,
3917,7.615750661645613,7.615750661645612,False,False,brownian_logprice_bridge,,,,
3918,7.578687471430977,7.578687471430977,False,False,brownian_logprice_bridge,,,,
3919,7.6286681647969505,7.62866816479695,False,False,brownian_logprice_bridge,,,,
3920,7.693543842840912,7.693543842840911,False,False,brownian_logprice_bridge,,,,
3921,7.719805546014943,7.719805546014942,False,False,brownian_logprice_bridge,,,,
3922,7.589126937308517,7.589126937308518,False,False,brownian_logprice_bridge,,,,
3923,7.591120537382566,7.591120537382565,False,False,brownian_logprice_bridge,,,,
3924,7.624580228330502,7.624580228330502,False,False,brownian_logprice_bridge,,,,
3925,7.567332914842894,7.567332914842896,False,False,brownian_logprice_bridge,,,,
3926,7.520832226071246,7.520832226071247,False,False,brownian_logprice_bridge,,,,
3927,7.611690590488492,7.611690590488493,False,False,brownian_logprice_bridge,,,,
3928,7.628193766117405,7.628193766117405,False,False,brownian_logprice_bridge,,,,
3929,7.632079279432603,7.6320792794326024,False,False,brownian_logprice_bridge,,,,
3930,7.695613876032365,7.695613876032364,False,False,brownian_logprice_bridge,,,,
3931,7.720933706034915,7.720933706034916,False,False,brownian_logprice_bridge,,,,
3932,7.746560212809719,7.746560212809717,False,False,brownian_logprice_bridge,,,,
3933,7.6889020821250895,7.6889020821250895,False,False,brownian_logprice_bridge,,,,
3934,7.74713918647031,7.747139186470311,False,False,brownian_logprice_bridge,,,,
3935,7.758811536989825,7.758811536989826,False,False,brownian_logprice_bridge,,,,
3936,7.7930932375428865,7.793093237542887,False,False,brownian_logprice_bridge,,,,
3937,7.7191877421461665,7.719187742146168,False,False,brownian_logprice_bridge,,,,
3938,7.739113339161571,7.739113339161573,False,False,brownian_logprice_bridge,,,,
3939,7.715584037809401,7.715584037809401,False,False,brownian_logprice_bridge,,,,
3940,7.761459010834875,7.761459010834875,False,False,brownian_logprice_bridge,,,,
3941,7.768694649343211,7.768694649343212,False,False,brownian_logprice_bridge,,,,
3942,7.820379160149598,7.820379160149599,False,False,brownian_logprice_bridge,,,,
3943,7.842604350239861,7.842604350239862,False,False,brownian_logprice_bridge,,,,
3944,7.818436478508218,7.818436478508216,False,False,brownian_logprice_bridge,,,,
3945,7.85806333030251,7.858063330302511,False,False,brownian_logprice_bridge,,,,
3946,7.825011456013724,7.8250114560137245,False,False,brownian_logprice_bridge,,,,
3947,7.897968942452081,7.897968942452082,False,False,brownian_logprice_bridge,,,,
3948,7.889814837929549,7.889814837929551,False,False,brownian_logprice_bridge,,,,
3949,7.934875289047492,7.934875289047493,False,False,brownian_logprice_bridge,,,,
3950,7.96201904386781,7.962019043867809,False,False,brownian_logprice_bridge,,,,
3951,7.969083894351785,7.969083894351787,False,False,brownian_logprice_bridge,,,,
3952,7.962203541267143,7.962203541267141,False,False,brownian_logprice_bridge,,,,
3953,7.901097480789703,7.901097480789703,False,False,brownian_logprice_bridge,,,,
3954,7.861360788545028,7.861360788545026,False,False,brownian_logprice_bridge,,,,
3955,7.836500908746303,7.836500908746304,False,False,brownian_logprice_bridge,,,,
3956,7.842592576864779,7.842592576864778,False,False,brownian_logprice_bridge,,,,
3957,7.840419967907305,7.8404199679073034,False,False,brownian_logprice_bridge,,,,
3958,7.798762796890218,7.798762796890218,False,False,brownian_logprice_bridge,,,,
3959,7.822735324105021,7.822735324105021,False,False,brownian_logprice_bridge,,,,
3960,7.855904545085084,7.855904545085086,False,False,brownian_logprice_bridge,,,,
3961,7.859590719543088,7.859590719543087,False,False,brownian_logprice_bridge,,,,
3962,7.943080064909249,7.943080064909248,False,False,brownian_logprice_bridge,,,,
3963,7.933007262071092,7.933007262071092,False,False,brownian_logprice_bridge,,,,
3964,7.952741651865062,7.952741651865061,False,False,brownian_logprice_bridge,,,,
3965,7.927306092601226,7.927306092601224,False,False,brownian_logprice_bridge,,,,
3966,7.969155797272774,7.969155797272774,False,False,brownian_logprice_bridge,,,,
3967,7.971050832759718,7.971050832759716,False,False,brownian_logprice_bridge,,,,
3968,8.024153427027555,8.024153427027553,False,False,brownian_logprice_bridge,,,,
3969,8.072857557425333,8.072857557425332,False,False,brownian_logprice_bridge,,,,
3970,8.074825018622963,8.074825018622962,False,False,brownian_logprice_bridge,,,,
3971,8.002359160661968,8.002359160661968,False,False,brownian_logprice_bridge,,,,
3972,7.952224469583943,7.9522244695839435,False,False,brownian_logprice_bridge,,,,
3973,8.050289115519673,8.050289115519675,False,False,brownian_logprice_bridge,,,,
3974,8.13826095210069,8.138260952100692,False,False,brownian_logprice_bridge,,,,
3975,8.111134661875514,8.111134661875514,False,False,brownian_logprice_bridge,,,,
3976,8.186489984149606,8.186489984149608,False,False,brownian_logprice_bridge,,,,
3977,8.244260760450004,8.244260760450004,False,False,brownian_logprice_bridge,,,,
3978,8.217723525638494,8.217723525638492,False,False,brownian_logprice_bridge,,,,
3979,8.078281016804867,8.078281016804866,False,False,brownian_logprice_bridge,,,,
3980,8.111295602274966,8.111295602274964,False,False,brownian_logprice_bridge,,,,
3981,8.150779378040516,8.150779378040516,False,False,brownian_logprice_bridge,,,,
3982,8.155597724420922,8.155597724420922,False,False,brownian_logprice_bridge,,,,
3983,8.13195613530917,8.131956135309169,False,False,brownian_logprice_bridge,,,,
3984,8.223835831044031,8.223835831044033,False,False,brownian_logprice_bridge,,,,
3985,8.161382072066107,8.16138207206611,False,False,brownian_logprice_bridge,,,,
3986,8.175623189533963,8.175623189533963,False,False,brownian_logprice_bridge,,,,
3987,8.219137105643059,8.219137105643057,False,False,brownian_logprice_bridge,,,,
3988,8.253132342577548,8.25313234257755,False,False,brownian_logprice_bridge,,,,
3989,8.272755493951268,8.272755493951268,False,False,brownian_logprice_bridge,,,,
3990,8.240400790466829,8.240400790466827,False,False,brownian_logprice_bridge,,,,
3991,8.113741111784416,8.113741111784416,False,False,brownian_logprice_bridge,,,,
3992,8.120373081128001,8.120373081128001,False,False,brownian_logprice_bridge,,,,
3993,8.083598158836963,8.083598158836963,False,False,brownian_logprice_bridge,,,,
3994,8.115492604173777,8.11549260417378,False,False,brownian_logprice_bridge,,,,
3995,8.074746433328906,8.074746433328906,False,False,brownian_logprice_bridge,,,,
3996,8.17607442702102,8.176074427021017,False,False,brownian_logprice_bridge,,,,
3997,8.121047997558481,8.121047997558483,False,False,brownian_logprice_bridge,,,,
3998,8.109031343307368,8.10903134330737,False,False,brownian_logprice_bridge,,,,
3999,8.141830956119243,8.141830956119241,False,False,brownian_logprice_bridge,,,,
4000,8.187972425757007,8.187972425757007,False,False,brownian_logprice_bridge,,,,
4001,8.148277444112741,8.148277444112741,False,False,brownian_logprice_bridge,,,,
4002,8.095213176726052,8.095213176726052,False,False,brownian_logprice_bridge,,,,
4003,8.041942127395512,8.041942127395513,False,False,brownian_logprice_bridge,,,,
4004,8.036314771819026,8.036314771819027,False,False,brownian_logprice_bridge,,,,
4005,8.034009718371141,8.03400971837114,False,False,brownian_logprice_bridge,,,,
4006,8.069953248982493,8.069953248982491,False,False,brownian_logprice_bridge,,,,
4007,8.026187586759315,8.026187586759315,False,False,brownian_logprice_bridge,,,,
4008,8.015835170141687,8.015835170141685,False,False,brownian_logprice_bridge,,,,
4009,8.025504784880143,8.025504784880143,False,False,brownian_logprice_bridge,,,,
4010,8.026263318642085,8.026263318642084,False,False,brownian_logprice_bridge,,,,
4011,7.96213786496406,7.962137864964061,False,False,brownian_logprice_bridge,,,,
4012,8.01323364652997,8.013233646529969,False,False,brownian_logprice_bridge,,,,
4013,7.958338040567897,7.958338040567898,False,False,brownian_logprice_bridge,,,,
4014,7.948185805219724,7.948185805219724,False,False,brownian_logprice_bridge,,,,
4015,7.9279767911683905,7.927976791168391,False,False,brownian_logprice_bridge,,,,
4016,7.957960417912082,7.9579604179120835,False,False,brownian_logprice_bridge,,,,
4017,7.975450988312515,7.975450988312514,False,False,brownian_logprice_bridge,,,,
4018,8.038803476871609,8.038803476871609,False,False,brownian_logprice_bridge,,,,
4019,8.038831765681282,8.038831765681284,False,False,brownian_logprice_bridge,,,,
4020,8.077554927291992,8.077554927291994,False,False,brownian_logprice_bridge,,,,
4021,8.102517254780865,8.102517254780865,False,False,brownian_logprice_bridge,,,,
4022,8.161907505957927,8.161907505957926,False,False,brownian_logprice_bridge,,,,
4023,8.154891628239234,8.154891628239234,False,False,brownian_logprice_bridge,,,,
4024,8.083203103641594,8.083203103641592,False,False,brownian_logprice_bridge,,,,
4025,8.107955980373415,8.107955980373417,False,False,brownian_logprice_bridge,,,,
4026,8.124633863656802,8.124633863656804,False,False,brownian_logprice_bridge,,,,
4027,8.040591257401356,8.040591257401358,False,False,brownian_logprice_bridge,,,,
4028,8.020516825683695,8.020516825683693,False,False,brownian_logprice_bridge,,,,
4029,7.992288254070127,7.992288254070126,False,False,brownian_logprice_bridge,,,,
4030,7.995869519399822,7.995869519399822,False,False,brownian_logprice_bridge,,,,
4031,7.964780058899353,7.964780058899355,False,False,brownian_logprice_bridge,,,,
4032,8.000435464832442,8.000435464832442,False,False,brownian_logprice_bridge,,,,
4033,7.974678456383655,7.974678456383654,False,False,brownian_logprice_bridge,,,,
4034,7.959658788063951,7.959658788063951,False,False,brownian_logprice_bridge,,,,
4035,7.934455423002093,7.934455423002094,False,False,brownian_logprice_bridge,,,,
4036,7.843966769106296,7.843966769106295,False,False,brownian_logprice_bridge,,,,
4037,7.824642189707845,7.824642189707844,False,False,brownian_logprice_bridge,,,,
4038,7.798857796600369,7.798857796600368,False,False,brownian_logprice_bridge,,,,
4039,7.794784115930626,7.794784115930626,False,False,brownian_logprice_bridge,,,,
4040,7.884651840558115,7.884651840558117,False,False,brownian_logprice_bridge,,,,
4041,7.9280348782698224,7.928034878269823,False,False,brownian_logprice_bridge,,,,
4042,7.980672746151023,7.980672746151024,False,False,brownian_logprice_bridge,,,,
4043,8.025272805062507,8.025272805062508,False,False,brownian_logprice_bridge,,,,
4044,8.062876645354626,8.062876645354626,False,False,brownian_logprice_bridge,,,,
4045,8.038384061240096,8.038384061240098,False,False,brownian_logprice_bridge,,,,
4046,8.053916193006147,8.053916193006149,False,False,brownian_logprice_bridge,,,,
4047,8.002192730997928,8.002192730997928,False,False,brownian_logprice_bridge,,,,
4048,8.038859430570051,8.038859430570051,False,False,brownian_logprice_bridge,,,,
4049,7.855145971541967,7.855145971541968,False,False,brownian_logprice_bridge,,,,
4050,7.885379251467431,7.885379251467431,False,False,brownian_logprice_bridge,,,,
4051,7.859434919681076,7.859434919681077,False,False,brownian_logprice_bridge,,,,
4052,7.811188306416976,7.811188306416976,False,False,brownian_logprice_bridge,,,,
4053,7.814681330336707,7.814681330336705,False,False,brownian_logprice_bridge,,,,
4054,7.823437646406821,7.823437646406822,False,False,brownian_logprice_bridge,,,,
4055,7.795470376106117,7.795470376106118,False,False,brownian_logprice_bridge,,,,
4056,7.804594251462627,7.804594251462628,False,False,brownian_logprice_bridge,,,,
4057,7.76560893286187,7.765608932861871,False,False,brownian_logprice_bridge,,,,
4058,7.859930673800976,7.859930673800977,False,False,brownian_logprice_bridge,,,,
4059,7.846052796782482,7.84605279678248,False,False,brownian_logprice_bridge,,,,
4060,7.833903950368521,7.83390395036852,False,False,brownian_logprice_bridge,,,,
4061,7.8162931792632975,7.8162931792632975,False,False,brownian_logprice_bridge,,,,
4062,7.867030553717639,7.867030553717638,False,False,brownian_logprice_bridge,,,,
4063,7.848854993835741,7.848854993835739,False,False,brownian_logprice_bridge,,,,
4064,7.797858066104162,7.797858066104161,False,False,brownian_logprice_bridge,,,,
4065,7.767525931648042,7.767525931648043,False,False,brownian_logprice_bridge,,,,
4066,7.800698870866731,7.800698870866731,False,False,brownian_logprice_bridge,,,,
4067,7.838691317884393,7.838691317884395,False,False,brownian_logprice_bridge,,,,
4068,7.885963667737674,7.885963667737676,False,False,brownian_logprice_bridge,,,,
4069,7.931505696264391,7.9315056962643915,False,False,brownian_logprice_bridge,,,,
4070,7.935715339333113,7.935715339333114,False,False,brownian_logprice_bridge,,,,
4071,8.005878217076615,8.005878217076617,False,False,brownian_logprice_bridge,,,,
4072,7.976885753556592,7.976885753556592,False,False,brownian_logprice_bridge,,,,
4073,7.95853270720597,7.958532707205972,False,False,brownian_logprice_bridge,,,,
4074,7.938188630992497,7.938188630992498,False,False,brownian_logprice_bridge,,,,
4075,7.908724228509645,7.908724228509646,False,False,brownian_logprice_bridge,,,,
4076,7.93368161381875,7.933681613818751,False,False,brownian_logprice_bridge,,,,
4077,7.933261470749941,7.933261470749942,False,False,brownian_logprice_bridge,,,,
4078,7.948986835621882,7.948986835621882,False,False,brownian_logprice_bridge,,,,
4079,7.972058663411099,7.972058663411098,False,False,brownian_logprice_bridge,,,,
4080,7.999553836457867,7.999553836457867,False,False,brownian_logprice_bridge,,,,
4081,7.964446089787281,7.96444608978728,False,False,brownian_logprice_bridge,,,,
4082,7.974839972202809,7.974839972202807,False,False,brownian_logprice_bridge,,,,
4083,7.904879886062591,7.904879886062591,False,False,brownian_logprice_bridge,,,,
4084,7.8564770267660275,7.8564770267660275,False,False,brownian_logprice_bridge,,,,
4085,7.893468732166985,7.893468732166987,False,False,brownian_logprice_bridge,,,,
4086,7.897997787656873,7.897997787656874,False,False,brownian_logprice_bridge,,,,
4087,7.8458176465921134,7.845817646592113,False,False,brownian_logprice_bridge,,,,
4088,7.885428093456415,7.885428093456416,False,False,brownian_logprice_bridge,,,,
4089,7.897525147778944,7.897525147778945,False,False,brownian_logprice_bridge,,,,
4090,7.80967503400911,7.80967503400911,False,False,brownian_logprice_bridge,,,,
4091,7.781999538844904,7.781999538844903,False,False,brownian_logprice_bridge,,,,
4092,7.883295167957355,7.883295167957354,False,False,brownian_logprice_bridge,,,,
4093,7.911365283064057,7.9113652830640575,False,False,brownian_logprice_bridge,,,,
4094,7.920903661295601,7.9209036612956,False,False,brownian_logprice_bridge,,,,
4095,7.885578936740404,7.885578936740406,False,False,brownian_logprice_bridge,,,,
4096,7.882675590627095,7.8826755906270956,False,False,brownian_logprice_bridge,,,,
4097,7.925956571488936,7.925956571488936,False,False,brownian_logprice_bridge,,,,
4098,8.016360057590092,8.01636005759009,False,False,brownian_logprice_bridge,,,,
4099,8.019287884090257,8.019287884090257,False,False,brownian_logprice_bridge,,,,
4100,7.919390785950959,7.9193907859509585,False,False,brownian_logprice_bridge,,,,
4101,7.878106546305465,7.878106546305464,False,False,brownian_logprice_bridge,,,,
4102,7.758105653472115,7.758105653472115,False,False,brownian_logprice_bridge,,,,
4103,7.836332512532039,7.836332512532038,False,False,brownian_logprice_bridge,,,,
4104,7.822500863844021,7.822500863844022,False,False,brownian_logprice_bridge,,,,
4105,7.888645033609844,7.888645033609844,False,False,brownian_logprice_bridge,,,,
4106,7.847903276653215,7.8479032766532155,False,False,brownian_logprice_bridge,,,,
4107,7.81186529625129,7.811865296251289,False,False,brownian_logprice_bridge,,,,
4108,7.830378886973429,7.830378886973428,False,False,brownian_logprice_bridge,,,,
4109,7.784242745075807,7.784242745075807,False,False,brownian_logprice_bridge,,,,
4110,7.890703724673416,7.890703724673414,False,False,brownian_logprice_bridge,,,,
4111,7.850570054077059,7.850570054077059,False,False,brownian_logprice_bridge,,,,
4112,7.776190513655929,7.776190513655931,False,False,brownian_logprice_bridge,,,,
4113,7.756767846605833,7.756767846605835,False,False,brownian_logprice_bridge,,,,
4114,7.808464187248263,7.808464187248262,False,False,brownian_logprice_bridge,,,,
4115,7.79675318163017,7.796753181630172,False,False,brownian_logprice_bridge,,,,
4116,7.805466094502045,7.805466094502046,False,False,brownian_logprice_bridge,,,,
4117,7.710670249647756,7.710670249647758,False,False,brownian_logprice_bridge,,,,
4118,7.5997280228481,7.599728022848102,False,False,brownian_logprice_bridge,,,,
4119,7.473371987519253,7.473371987519254,False,False,brownian_logprice_bridge,,,,
4120,7.332427537777473,7.332427537777473,False,False,brownian_logprice_bridge,,,,
4121,7.337094605444302,7.337094605444302,False,False,brownian_logprice_bridge,,,,
4122,7.271723478107235,7.271723478107235,False,False,brownian_logprice_bridge,,,,
4123,7.283813438888735,7.283813438888734,False,False,brownian_logprice_bridge,,,,
4124,7.3130207860263745,7.3130207860263745,False,False,brownian_logprice_bridge,,,,
4125,7.328927752076016,7.328927752076016,False,False,brownian_logprice_bridge,,,,
4126,7.321239883667835,7.321239883667835,False,False,brownian_logprice_bridge,,,,
4127,7.330698788063061,7.330698788063061,False,False,brownian_logprice_bridge,,,,
4128,7.331472591544037,7.331472591544037,False,False,brownian_logprice_bridge,,,,
4129,7.286107602983389,7.286107602983389,False,False,brownian_logprice_bridge,,,,
4130,7.346790302085282,7.346790302085282,False,False,brownian_logprice_bridge,,,,
4131,7.331828442570982,7.331828442570981,False,False,brownian_logprice_bridge,,,,
4132,7.257719592333966,7.257719592333967,False,False,brownian_logprice_bridge,,,,
4133,7.264723350683126,7.264723350683126,False,False,brownian_logprice_bridge,,,,
4134,7.2933291844712915,7.2933291844712915,False,False,brownian_logprice_bridge,,,,
4135,7.330674874269015,7.3306748742690155,False,False,brownian_logprice_bridge,,,,
4136,7.418899071990086,7.418899071990086,False,False,brownian_logprice_bridge,,,,
4137,7.399442742320653,7.3994427423206535,False,False,brownian_logprice_bridge,,,,
4138,7.382431378680461,7.38243137868046,False,False,brownian_logprice_bridge,,,,
4139,7.410407040960765,7.410407040960764,False,False,brownian_logprice_bridge,,,,
4140,7.408701603986547,7.408701603986547,False,False,brownian_logprice_bridge,,,,
4141,7.447908200585211,7.447908200585211,False,False,brownian_logprice_bridge,,,,
4142,7.474667847444442,7.474667847444443,False,False,brownian_logprice_bridge,,,,
4143,7.480955256463984,7.480955256463986,False,False,brownian_logprice_bridge,,,,
4144,7.45744028659448,7.457440286594479,False,False,brownian_logprice_bridge,,,,
4145,7.5257765627279,7.525776562727901,False,False,brownian_logprice_bridge,,,,
4146,7.561844813984249,7.561844813984249,False,False,brownian_logprice_bridge,,,,
4147,7.643355467350262,7.643355467350264,False,False,brownian_logprice_bridge,,,,
4148,7.678348229009959,7.678348229009958,False,False,brownian_logprice_bridge,,,,
4149,7.725265827487368,7.725265827487368,False,False,brownian_logprice_bridge,,,,
4150,7.682739917145284,7.682739917145283,False,False,brownian_logprice_bridge,,,,
4151,7.737804921544192,7.737804921544193,False,False,brownian_logprice_bridge,,,,
4152,7.8040057004486,7.804005700448599,False,False,brownian_logprice_bridge,,,,
4153,7.717241551275405,7.7172415512754045,False,False,brownian_logprice_bridge,,,,
4154,7.7368802318271,7.7368802318271,False,False,brownian_logprice_bridge,,,,
4155,7.724426447618783,7.724426447618782,False,False,brownian_logprice_bridge,,,,
4156,7.754672022387456,7.754672022387457,False,False,brownian_logprice_bridge,,,,
4157,7.719031094095198,7.719031094095198,False,False,brownian_logprice_bridge,,,,
4158,7.766008404814464,7.766008404814464,False,False,brownian_logprice_bridge,,,,
4159,7.779078393464887,7.779078393464885,False,False,brownian_logprice_bridge,,,,
4160,7.694890112395925,7.6948901123959255,False,False,brownian_logprice_bridge,,,,
4161,7.626420741010349,7.626420741010348,False,False,brownian_logprice_bridge,,,,
4162,7.655551424492272,7.6555514244922716,False,False,brownian_logprice_bridge,,,,
4163,7.675143727924407,7.675143727924406,False,False,brownian_logprice_bridge,,,,
4164,7.595534051236111,7.595534051236109,False,False,brownian_logprice_bridge,,,,
4165,7.619859790631329,7.619859790631328,False,False,brownian_logprice_bridge,,,,
4166,7.639758132993732,7.639758132993733,False,False,brownian_logprice_bridge,,,,
4167,7.575445439130804,7.575445439130804,False,False,brownian_logprice_bridge,,,,
4168,7.661975831429681,7.661975831429681,False,False,brownian_logprice_bridge,,,,
4169,7.597200288555888,7.5972002885558885,False,False,brownian_logprice_bridge,,,,
4170,7.544517826398821,7.544517826398822,False,False,brownian_logprice_bridge,,,,
4171,7.418380140859302,7.418380140859303,False,False,brownian_logprice_bridge,,,,
4172,7.407483108442551,7.407483108442551,False,False,brownian_logprice_bridge,,,,
4173,7.468393043525473,7.468393043525474,False,False,brownian_logprice_bridge,,,,
4174,7.416390408230586,7.416390408230584,False,False,brownian_logprice_bridge,,,,
4175,7.406823423234041,7.406823423234039,False,False,brownian_logprice_bridge,,,,
4176,7.387047474023867,7.387047474023867,False,False,brownian_logprice_bridge,,,,
4177,7.406512025289114,7.406512025289116,False,False,brownian_logprice_bridge,,,,
4178,7.480200552474632,7.480200552474631,False,False,brownian_logprice_bridge,,,,
4179,7.562455757155855,7.5624557571558535,False,False,brownian_logprice_bridge,,,,
4180,7.457341427357321,7.457341427357321,False,False,brownian_logprice_bridge,,,,
4181,7.551433015501675,7.551433015501674,False,False,brownian_logprice_bridge,,,,
4182,7.541061649349369,7.54106164934937,False,False,brownian_logprice_bridge,,,,
4183,7.50359450473901,7.503594504739011,False,False,brownian_logprice_bridge,,,,
4184,7.52975173459541,7.52975173459541,False,False,brownian_logprice_bridge,,,,
4185,7.518634848320528,7.518634848320526,False,False,brownian_logprice_bridge,,,,
4186,7.592324546552424,7.592324546552425,False,False,brownian_logprice_bridge,,,,
4187,7.557620150167419,7.557620150167419,False,False,brownian_logprice_bridge,,,,
4188,7.586979542705985,7.586979542705986,False,False,brownian_logprice_bridge,,,,
4189,7.582760298955467,7.582760298955465,False,False,brownian_logprice_bridge,,,,
4190,7.680490876931316,7.680490876931317,False,False,brownian_logprice_bridge,,,,
4191,7.685336109074502,7.685336109074502,False,False,brownian_logprice_bridge,,,,
4192,7.688855318056782,7.688855318056781,False,False,brownian_logprice_bridge,,,,
4193,7.580927064453181,7.58092706445318,False,False,brownian_logprice_bridge,,,,
4194,7.516092354532916,7.516092354532917,False,False,brownian_logprice_bridge,,,,
4195,7.536791452454619,7.53679145245462,False,False,brownian_logprice_bridge,,,,
4196,7.477071127810166,7.477071127810165,False,False,brownian_logprice_bridge,,,,
4197,7.480720475293532,7.4807204752935315,False,False,brownian_logprice_bridge,,,,
4198,7.530174291999579,7.530174291999578,False,False,brownian_logprice_bridge,,,,
4199,7.465168635982591,7.4651686359825895,False,False,brownian_logprice_bridge,,,,
4200,7.544147833892423,7.544147833892423,False,False,brownian_logprice_bridge,,,,
4201,7.495143900223606,7.495143900223607,False,False,brownian_logprice_bridge,,,,
4202,7.545034288460586,7.545034288460586,False,False,brownian_logprice_bridge,,,,
4203,7.549181472266929,7.5491814722669295,False,False,brownian_logprice_bridge,,,,
4204,7.505942923444073,7.505942923444074,False,False,brownian_logprice_bridge,,,,
4205,7.45102490806925,7.45102490806925,False,False,brownian_logprice_bridge,,,,
4206,7.373449491125561,7.373449491125561,False,False,brownian_logprice_bridge,,,,
4207,7.422552653155103,7.422552653155104,False,False,brownian_logprice_bridge,,,,
4208,7.462243622164019,7.462243622164018,False,False,brownian_logprice_bridge,,,,
4209,7.457605867665287,7.457605867665287,False,False,brownian_logprice_bridge,,,,
4210,7.415342544780067,7.415342544780067,False,False,brownian_logprice_bridge,,,,
4211,7.432877795255362,7.432877795255364,False,False,brownian_logprice_bridge,,,,
4212,7.408119206301454,7.408119206301453,False,False,brownian_logprice_bridge,,,,
4213,7.449009841096206,7.449009841096207,False,False,brownian_logprice_bridge,,,,
4214,7.513251240463981,7.5132512404639815,False,False,brownian_logprice_bridge,,,,
4215,7.49228970418183,7.49228970418183,False,False,brownian_logprice_bridge,,,,
4216,7.500406408222056,7.500406408222054,False,False,brownian_logprice_bridge,,,,
4217,7.562355621327788,7.562355621327786,False,False,brownian_logprice_bridge,,,,
4218,7.610626802414103,7.610626802414102,False,False,brownian_logprice_bridge,,,,
4219,7.561428166034062,7.561428166034063,False,False,brownian_logprice_bridge,,,,
4220,7.561197419419027,7.561197419419026,False,False,brownian_logprice_bridge,,,,
4221,7.511151464830033,7.511151464830034,False,False,brownian_logprice_bridge,,,,
4222,7.521708515899064,7.521708515899063,False,False,brownian_logprice_bridge,,,,
4223,7.476127593162317,7.476127593162315,False,False,brownian_logprice_bridge,,,,
4224,7.484037152076934,7.484037152076934,False,False,brownian_logprice_bridge,,,,
4225,7.387459145017283,7.387459145017284,False,False,brownian_logprice_bridge,,,,
4226,7.4098441806419215,7.409844180641922,False,False,brownian_logprice_bridge,,,,
4227,7.315581628567348,7.315581628567347,False,False,brownian_logprice_bridge,,,,
4228,7.32279903652182,7.322799036521821,False,False,brownian_logprice_bridge,,,,
4229,7.41549343312288,7.4154934331228795,False,False,brownian_logprice_bridge,,,,
4230,7.3883675257032015,7.3883675257032015,False,False,brownian_logprice_bridge,,,,
4231,7.375580388620908,7.375580388620908,False,False,brownian_logprice_bridge,,,,
4232,7.351550836995451,7.351550836995452,False,False,brownian_logprice_bridge,,,,
4233,7.313874472339504,7.313874472339504,False,False,brownian_logprice_bridge,,,,
4234,7.356405050697694,7.356405050697694,False,False,brownian_logprice_bridge,,,,
4235,7.35579446136102,7.35579446136102,False,False,brownian_logprice_bridge,,,,
4236,7.400210212513081,7.400210212513081,False,False,brownian_logprice_bridge,,,,
4237,7.332734741539514,7.332734741539514,False,False,brownian_logprice_bridge,,,,
4238,7.336780442066313,7.336780442066314,False,False,brownian_logprice_bridge,,,,
4239,7.3683774854649,7.368377485464901,False,False,brownian_logprice_bridge,,,,
4240,7.3456580080367315,7.345658008036731,False,False,brownian_logprice_bridge,,,,
4241,7.316680667116368,7.316680667116368,False,False,brownian_logprice_bridge,,,,
4242,7.350598256295447,7.350598256295447,False,False,brownian_logprice_bridge,,,,
4243,7.36188100450809,7.36188100450809,False,False,brownian_logprice_bridge,,,,
4244,7.303281446686735,7.303281446686734,False,False,brownian_logprice_bridge,,,,
4245,7.300366511032928,7.300366511032927,False,False,brownian_logprice_bridge,,,,
4246,7.327489282393387,7.327489282393387,False,False,brownian_logprice_bridge,,,,
4247,7.364138322513915,7.364138322513915,False,False,brownian_logprice_bridge,,,,
4248,7.38879995289639,7.388799952896391,False,False,brownian_logprice_bridge,,,,
4249,7.382749704902896,7.3827497049028965,False,False,brownian_logprice_bridge,,,,
4250,7.445839056771365,7.445839056771366,False,False,brownian_logprice_bridge,,,,
4251,7.468169478803889,7.468169478803887,False,False,brownian_logprice_bridge,,,,
4252,7.509806371479909,7.5098063714799075,False,False,brownian_logprice_bridge,,,,
4253,7.518034082110723,7.518034082110723,False,False,brownian_logprice_bridge,,,,
4254,7.580098394202747,7.580098394202747,False,False,brownian_logprice_bridge,,,,
4255,7.510570046324273,7.510570046324274,False,False,brownian_logprice_bridge,,,,
4256,7.507977413787628,7.507977413787628,False,False,brownian_logprice_bridge,,,,
4257,7.468605549332283,7.468605549332283,False,False,brownian_logprice_bridge,,,,
4258,7.472906024974383,7.472906024974381,False,False,brownian_logprice_bridge,,,,
4259,7.511753772004981,7.511753772004982,False,False,brownian_logprice_bridge,,,,
4260,7.507162390993288,7.507162390993287,False,False,brownian_logprice_bridge,,,,
4261,7.579648318159885,7.579648318159886,False,False,brownian_logprice_bridge,,,,
4262,7.557456263630851,7.55745626363085,False,False,brownian_logprice_bridge,,,,
4263,7.515303644855025,7.515303644855026,False,False,brownian_logprice_bridge,,,,
4264,7.485300225839339,7.485300225839339,False,False,brownian_logprice_bridge,,,,
4265,7.5050243926336755,7.505024392633675,False,False,brownian_logprice_bridge,,,,
4266,7.43921026856755,7.4392102685675505,False,False,brownian_logprice_bridge,,,,
4267,7.506916231782498,7.506916231782498,False,False,brownian_logprice_bridge,,,,
4268,7.497928230379387,7.497928230379385,False,False,brownian_logprice_bridge,,,,
4269,7.474814750998465,7.474814750998463,False,False,brownian_logprice_bridge,,,,
4270,7.541216574355665,7.541216574355665,False,False,brownian_logprice_bridge,,,,
4271,7.592498487793239,7.592498487793238,False,False,brownian_logprice_bridge,,,,
4272,7.6474845621076755,7.647484562107676,False,False,brownian_logprice_bridge,,,,
4273,7.589012318920867,7.589012318920867,False,False,brownian_logprice_bridge,,,,
4274,7.625375673281664,7.625375673281666,False,False,brownian_logprice_bridge,,,,
4275,7.56702963479446,7.56702963479446,False,False,brownian_logprice_bridge,,,,
4276,7.640113546099294,7.640113546099292,False,False,brownian_logprice_bridge,,,,
4277,7.663857424464632,7.663857424464633,False,False,brownian_logprice_bridge,,,,
4278,7.701350879885402,7.701350879885402,False,False,brownian_logprice_bridge,,,,
4279,7.740659869782622,7.740659869782622,False,False,brownian_logprice_bridge,,,,
4280,7.715631418255226,7.715631418255225,False,False,brownian_logprice_bridge,,,,
4281,7.68994473938766,7.68994473938766,False,False,brownian_logprice_bridge,,,,
4282,7.615717989069555,7.615717989069554,False,False,brownian_logprice_bridge,,,,
4283,7.57151233765076,7.571512337650759,False,False,brownian_logprice_bridge,,,,
4284,7.525959148778421,7.52595914877842,False,False,brownian_logprice_bridge,,,,
4285,7.593974515752858,7.593974515752858,False,False,brownian_logprice_bridge,,,,
4286,7.61411209380921,7.614112093809211,False,False,brownian_logprice_bridge,,,,
4287,7.555740976867268,7.555740976867267,False,False,brownian_logprice_bridge,,,,
4288,7.579344565564084,7.579344565564083,False,False,brownian_logprice_bridge,,,,
4289,7.659786013851797,7.6597860138517975,False,False,brownian_logprice_bridge,,,,
4290,7.64842336126916,7.648423361269159,False,False,brownian_logprice_bridge,,,,
4291,7.685403197503923,7.6854031975039225,False,False,brownian_logprice_bridge,,,,
4292,7.736475996504134,7.736475996504134,False,False,brownian_logprice_bridge,,,,
4293,7.787024648195416,7.787024648195418,False,False,brownian_logprice_bridge,,,,
4294,7.767232903506469,7.7672329035064696,False,False,brownian_logprice_bridge,,,,
4295,7.754283477834819,7.754283477834817,False,False,brownian_logprice_bridge,,,,
4296,7.762876020340937,7.7628760203409355,False,False,brownian_logprice_bridge,,,,
4297,7.803107456893686,7.803107456893687,False,False,brownian_logprice_bridge,,,,
4298,7.805720713537151,7.80572071353715,False,False,brownian_logprice_bridge,,,,
4299,7.765537770486694,7.765537770486693,False,False,brownian_logprice_bridge,,,,
4300,7.799027388928086,7.799027388928086,False,False,brownian_logprice_bridge,,,,
4301,7.795348345562403,7.795348345562402,False,False,brownian_logprice_bridge,,,,
4302,7.848120886301312,7.848120886301311,False,False,brownian_logprice_bridge,,,,
4303,7.86371705922131,7.86371705922131,False,False,brownian_logprice_bridge,,,,
4304,7.896349512417294,7.896349512417294,False,False,brownian_logprice_bridge,,,,
4305,7.971528381348343,7.971528381348344,False,False,brownian_logprice_bridge,,,,
4306,7.951708568239146,7.951708568239146,False,False,brownian_logprice_bridge,,,,
4307,7.965912305024172,7.965912305024173,False,False,brownian_logprice_bridge,,,,
4308,8.008678039214356,8.008678039214354,False,False,brownian_logprice_bridge,,,,
4309,8.065055834034194,8.065055834034194,False,False,brownian_logprice_bridge,,,,
4310,8.07951011397272,8.07951011397272,False,False,brownian_logprice_bridge,,,,
4311,8.016220133658061,8.016220133658061,False,False,brownian_logprice_bridge,,,,
4312,8.032978468554678,8.03297846855468,False,False,brownian_logprice_bridge,,,,
4313,8.008192066998646,8.008192066998644,False,False,brownian_logprice_bridge,,,,
4314,7.945532693980449,7.945532693980449,False,False,brownian_logprice_bridge,,,,
4315,7.982934421890289,7.982934421890289,False,False,brownian_logprice_bridge,,,,
4316,7.921864007323482,7.921864007323482,False,False,brownian_logprice_bridge,,,,
4317,7.974717636111467,7.9747176361114676,False,False,brownian_logprice_bridge,,,,
4318,7.911435240005715,7.911435240005716,False,False,brownian_logprice_bridge,,,,
4319,7.878976473723608,7.878976473723609,False,False,brownian_logprice_bridge,,,,
4320,7.928631245779064,7.928631245779065,False,False,brownian_logprice_bridge,,,,
4321,7.94494712674361,7.944947126743609,False,False,brownian_logprice_bridge,,,,
4322,7.930812858310149,7.93081285831015,False,False,brownian_logprice_bridge,,,,
4323,8.007550849144321,8.007550849144323,False,False,brownian_logprice_bridge,,,,
4324,7.960741663502512,7.960741663502513,False,False,brownian_logprice_bridge,,,,
4325,8.008237875073874,8.008237875073874,False,False,brownian_logprice_bridge,,,,
4326,8.047217886298743,8.047217886298743,False,False,brownian_logprice_bridge,,,,
4327,8.089669099039734,8.089669099039732,False,False,brownian_logprice_bridge,,,,
4328,8.138317691508284,8.138317691508286,False,False,brownian_logprice_bridge,,,,
4329,8.147556973038792,8.147556973038792,False,False,brownian_logprice_bridge,,,,
4330,8.232313227844092,8.23231322784409,False,False,brownian_logprice_bridge,,,,
4331,8.337865463416875,8.337865463416877,False,False,brownian_logprice_bridge,,,,
4332,8.307652370926077,8.307652370926075,False,False,brownian_logprice_bridge,,,,
4333,8.3450288220787,8.345028822078701,False,False,brownian_logprice_bridge,,,,
4334,8.381959112519525,8.381959112519523,False,False,brownian_logprice_bridge,,,,
4335,8.289147053021749,8.289147053021749,False,False,brownian_logprice_bridge,,,,
4336,8.376579930119231,8.376579930119231,False,False,brownian_logprice_bridge,,,,
4337,8.305601293626136,8.305601293626136,False,False,brownian_logprice_bridge,,,,
4338,8.301535481529516,8.301535481529516,False,False,brownian_logprice_bridge,,,,
4339,8.337655988285968,8.337655988285968,False,False,brownian_logprice_bridge,,,,
4340,8.347157202814694,8.347157202814696,False,False,brownian_logprice_bridge,,,,
4341,8.182711255603934,8.182711255603934,False,False,brownian_logprice_bridge,,,,
4342,8.174232064190825,8.174232064190825,False,False,brownian_logprice_bridge,,,,
4343,8.201625838928255,8.201625838928255,False,False,brownian_logprice_bridge,,,,
4344,8.209584594456977,8.20958459445698,False,False,brownian_logprice_bridge,,,,
4345,8.266716461447663,8.266716461447663,False,False,brownian_logprice_bridge,,,,
4346,8.246697913459302,8.2466979134593,False,False,brownian_logprice_bridge,,,,
4347,8.208404866241633,8.208404866241633,False,False,brownian_logprice_bridge,,,,
4348,8.172908577254773,8.172908577254773,False,False,brownian_logprice_bridge,,,,
4349,8.187023271039333,8.187023271039335,False,False,brownian_logprice_bridge,,,,
4350,8.26933687032752,8.26933687032752,False,False,brownian_logprice_bridge,,,,
4351,8.302216400381338,8.302216400381338,False,False,brownian_logprice_bridge,,,,
4352,8.279612130970891,8.279612130970891,False,False,brownian_logprice_bridge,,,,
4353,8.326799356154133,8.326799356154135,False,False,brownian_logprice_bridge,,,,
4354,8.320192604060493,8.320192604060495,False,False,brownian_logprice_bridge,,,,
4355,8.24842832832621,8.24842832832621,False,False,brownian_logprice_bridge,,,,
4356,8.247751247693923,8.247751247693923,False,False,brownian_logprice_bridge,,,,
4357,8.31324952953682,8.31324952953682,False,False,brownian_logprice_bridge,,,,
4358,8.244291040106205,8.244291040106207,False,False,brownian_logprice_bridge,,,,
4359,8.257483808135639,8.25748380813564,False,False,brownian_logprice_bridge,,,,
4360,8.184779092937905,8.184779092937905,False,False,brownian_logprice_bridge,,,,
4361,8.084744108968325,8.084744108968327,False,False,brownian_logprice_bridge,,,,
4362,8.253204400107474,8.253204400107474,False,False,brownian_logprice_bridge,,,,
4363,8.288857655905899,8.288857655905899,False,False,brownian_logprice_bridge,,,,
4364,8.260248817362287,8.260248817362289,False,False,brownian_logprice_bridge,,,,
4365,8.250729896715479,8.250729896715479,False,False,brownian_logprice_bridge,,,,
4366,8.308579522580255,8.308579522580255,False,False,brownian_logprice_bridge,,,,
4367,8.238224261735114,8.238224261735116,False,False,brownian_logprice_bridge,,,,
4368,8.256613301824654,8.256613301824656,False,False,brownian_logprice_bridge,,,,
4369,8.302144927018198,8.3021449270182,False,False,brownian_logprice_bridge,,,,
4370,8.228111003427436,8.228111003427435,False,False,brownian_logprice_bridge,,,,
4371,8.228033932966998,8.228033932966996,False,False,brownian_logprice_bridge,,,,
4372,8.19071903173522,8.190719031735219,False,False,brownian_logprice_bridge,,,,
4373,8.285374250685157,8.285374250685157,False,False,brownian_logprice_bridge,,,,
4374,8.363735728514659,8.363735728514659,False,False,brownian_logprice_bridge,,,,
4375,8.312255600268909,8.31225560026891,False,False,brownian_logprice_bridge,,,,
4376,8.288766203239252,8.288766203239252,False,False,brownian_logprice_bridge,,,,
4377,8.218121799559508,8.21812179955951,False,False,brownian_logprice_bridge,,,,
4378,8.164224740294472,8.164224740294472,False,False,brownian_logprice_bridge,,,,
4379,8.21123208080368,8.21123208080368,False,False,brownian_logprice_bridge,,,,
4380,8.257817515189858,8.257817515189858,False,False,brownian_logprice_bridge,,,,
4381,8.280608985617338,8.28060898561734,False,False,brownian_logprice_bridge,,,,
4382,8.335136781577479,8.335136781577477,False,False,brownian_logprice_bridge,,,,
4383,8.368177144049781,8.368177144049781,False,False,brownian_logprice_bridge,,,,
4384,8.462311230209766,8.462311230209766,False,False,brownian_logprice_bridge,,,,
4385,8.47006723641469,8.47006723641469,False,False,brownian_logprice_bridge,,,,
4386,8.367238094947444,8.367238094947442,False,False,brownian_logprice_bridge,,,,
4387,8.329540755398693,8.32954075539869,False,False,brownian_logprice_bridge,,,,
4388,8.259516939422895,8.259516939422896,False,False,brownian_logprice_bridge,,,,
4389,8.278002328699339,8.278002328699339,False,False,brownian_logprice_bridge,,,,
4390,8.297558637107674,8.297558637107675,False,False,brownian_logprice_bridge,,,,
4391,8.31748466421407,8.31748466421407,False,False,brownian_logprice_bridge,,,,
4392,8.291607870517257,8.291607870517257,False,False,brownian_logprice_bridge,,,,
4393,8.296849550505547,8.296849550505545,False,False,brownian_logprice_bridge,,,,
4394,8.283033397009802,8.2830333970098,False,False,brownian_logprice_bridge,,,,
4395,8.279987869575711,8.279987869575711,False,False,brownian_logprice_bridge,,,,
4396,8.321048800007336,8.321048800007336,False,False,brownian_logprice_bridge,,,,
4397,8.161239890143621,8.161239890143621,False,False,brownian_logprice_bridge,,,,
4398,8.117802665594983,8.117802665594983,False,False,brownian_logprice_bridge,,,,
4399,8.145995597141717,8.145995597141718,False,False,brownian_logprice_bridge,,,,
4400,8.047176431176258,8.047176431176258,False,False,brownian_logprice_bridge,,,,
4401,7.98023120947307,7.980231209473069,False,False,brownian_logprice_bridge,,,,
4402,7.88708806607906,7.887088066079058,False,False,brownian_logprice_bridge,,,,
4403,7.87492717454625,7.874927174546251,False,False,brownian_logprice_bridge,,,,
4404,7.883840548754963,7.883840548754964,False,False,brownian_logprice_bridge,,,,
4405,7.811001066575767,7.811001066575766,False,False,brownian_logprice_bridge,,,,
4406,7.787304481881443,7.787304481881445,False,False,brownian_logprice_bridge,,,,
4407,7.822082501688231,7.8220825016882305,False,False,brownian_logprice_bridge,,,,
4408,7.771070414875012,7.7710704148750125,False,False,brownian_logprice_bridge,,,,
4409,7.77466908744275,7.774669087442749,False,False,brownian_logprice_bridge,,,,
4410,7.860389783555224,7.860389783555226,False,False,brownian_logprice_bridge,,,,
4411,7.87110718904144,7.871107189041439,False,False,brownian_logprice_bridge,,,,
4412,7.866611429454231,7.86661142945423,False,False,brownian_logprice_bridge,,,,
4413,7.890496450148287,7.890496450148289,False,False,brownian_logprice_bridge,,,,
4414,7.90298799476148,7.902987994761479,False,False,brownian_logprice_bridge,,,,
4415,7.905560940552137,7.905560940552139,False,False,brownian_logprice_bridge,,,,
4416,7.910037883436247,7.910037883436246,False,False,brownian_logprice_bridge,,,,
4417,7.763323368207318,7.763323368207319,False,False,brownian_logprice_bridge,,,,
4418,7.846700718085733,7.846700718085734,False,False,brownian_logprice_bridge,,,,
4419,7.875955343681181,7.87595534368118,False,False,brownian_logprice_bridge,,,,
4420,7.865885207401671,7.865885207401671,False,False,brownian_logprice_bridge,,,,
4421,7.922637030069823,7.922637030069822,False,False,brownian_logprice_bridge,,,,
4422,7.901587260091557,7.901587260091556,False,False,brownian_logprice_bridge,,,,
4423,7.921688844780636,7.921688844780636,False,False,brownian_logprice_bridge,,,,
4424,7.821871349776591,7.821871349776589,False,False,brownian_logprice_bridge,,,,
4425,7.84049043477287,7.840490434772869,False,False,brownian_logprice_bridge,,,,
4426,7.824347085522034,7.824347085522036,False,False,brownian_logprice_bridge,,,,
4427,7.8742476316394034,7.8742476316394034,False,False,brownian_logprice_bridge,,,,
4428,7.887480828545971,7.8874808285459705,False,False,brownian_logprice_bridge,,,,
4429,7.900201657498389,7.900201657498388,False,False,brownian_logprice_bridge,,,,
4430,7.902501956943228,7.9025019569432295,False,False,brownian_logprice_bridge,,,,
4431,7.954450760942989,7.954450760942991,False,False,brownian_logprice_bridge,,,,
4432,8.01708983615416,8.017089836154161,False,False,brownian_logprice_bridge,,,,
4433,8.055912378107255,8.055912378107255,False,False,brownian_logprice_bridge,,,,
4434,8.078959155905718,8.078959155905718,False,False,brownian_logprice_bridge,,,,
4435,7.992034179374695,7.992034179374693,False,False,brownian_logprice_bridge,,,,
4436,8.094450722720012,8.09445072272001,False,False,brownian_logprice_bridge,,,,
4437,8.014922974730013,8.01492297473001,False,False,brownian_logprice_bridge,,,,
4438,7.950898685869845,7.950898685869846,False,False,brownian_logprice_bridge,,,,
4439,7.996497265688394,7.996497265688395,False,False,brownian_logprice_bridge,,,,
4440,7.998049494878376,7.998049494878375,False,False,brownian_logprice_bridge,,,,
4441,7.9697246907972925,7.969724690797294,False,False,brownian_logprice_bridge,,,,
4442,7.9840862871248754,7.984086287124876,False,False,brownian_logprice_bridge,,,,
4443,7.872818060869374,7.872818060869373,False,False,brownian_logprice_bridge,,,,
4444,7.85015406888109,7.85015406888109,False,False,brownian_logprice_bridge,,,,
4445,7.844919512099743,7.844919512099744,False,False,brownian_logprice_bridge,,,,
4446,7.87896615532332,7.8789661553233215,False,False,brownian_logprice_bridge,,,,
4447,7.883070898973944,7.883070898973942,False,False,brownian_logprice_bridge,,,,
4448,7.951403606219137,7.951403606219136,False,False,brownian_logprice_bridge,,,,
4449,7.961303058427953,7.961303058427952,False,False,brownian_logprice_bridge,,,,
4450,7.878030664978414,7.878030664978414,False,False,brownian_logprice_bridge,,,,
4451,7.918917533471027,7.918917533471029,False,False,brownian_logprice_bridge,,,,
4452,7.85674024051739,7.856740240517389,False,False,brownian_logprice_bridge,,,,
4453,7.811952643603069,7.81195264360307,False,False,brownian_logprice_bridge,,,,
4454,7.784555094130082,7.784555094130082,False,False,brownian_logprice_bridge,,,,
4455,7.78025927612751,7.780259276127512,False,False,brownian_logprice_bridge,,,,
4456,7.74208225303773,7.7420822530377285,False,False,brownian_logprice_bridge,,,,
4457,7.785973610896288,7.785973610896289,False,False,brownian_logprice_bridge,,,,
4458,7.778477575207035,7.778477575207037,False,False,brownian_logprice_bridge,,,,
4459,7.671503961484278,7.671503961484279,False,False,brownian_logprice_bridge,,,,
4460,7.676960111561095,7.676960111561095,False,False,brownian_logprice_bridge,,,,
4461,7.638237030770312,7.638237030770313,False,False,brownian_logprice_bridge,,,,
4462,7.583439192663671,7.58343919266367,False,False,brownian_logprice_bridge,,,,
4463,7.562345484334579,7.56234548433458,False,False,brownian_logprice_bridge,,,,
4464,7.560371682799594,7.560371682799595,False,False,brownian_logprice_bridge,,,,
4465,7.608746046899882,7.608746046899882,False,False,brownian_logprice_bridge,,,,
4466,7.641295405001809,7.641295405001808,False,False,brownian_logprice_bridge,,,,
4467,7.666420273973202,7.666420273973204,False,False,brownian_logprice_bridge,,,,
4468,7.60610336320613,7.606103363206131,False,False,brownian_logprice_bridge,,,,
4469,7.561869178955256,7.561869178955255,False,False,brownian_logprice_bridge,,,,
4470,7.587272331697455,7.587272331697453,False,False,brownian_logprice_bridge,,,,
4471,7.538735624328928,7.538735624328927,False,False,brownian_logprice_bridge,,,,
4472,7.585523978400621,7.585523978400621,False,False,brownian_logprice_bridge,,,,
4473,7.537045131411302,7.537045131411301,False,False,brownian_logprice_bridge,,,,
4474,7.524794540169672,7.5247945401696725,False,False,brownian_logprice_bridge,,,,
4475,7.531906812386832,7.531906812386831,False,False,brownian_logprice_bridge,,,,
4476,7.586288939596906,7.586288939596906,False,False,brownian_logprice_bridge,,,,
4477,7.483457001994206,7.483457001994204,False,False,brownian_logprice_bridge,,,,
4478,7.442737096555143,7.442737096555142,False,False,brownian_logprice_bridge,,,,
4479,7.4601036646046435,7.460103664604644,False,False,brownian_logprice_bridge,,,,
4480,7.476302447494126,7.476302447494125,False,False,brownian_logprice_bridge,,,,
4481,7.496124765836544,7.496124765836546,False,False,brownian_logprice_bridge,,,,
4482,7.59296311029716,7.592963110297161,False,False,brownian_logprice_bridge,,,,
4483,7.657825905299915,7.657825905299915,False,False,brownian_logprice_bridge,,,,
4484,7.633615841931533,7.633615841931531,False,False,brownian_logprice_bridge,,,,
4485,7.534023160301761,7.534023160301759,False,False,brownian_logprice_bridge,,,,
4486,7.60143702427133,7.601437024271329,False,False,brownian_logprice_bridge,,,,
4487,7.618114348716453,7.6181143487164515,False,False,brownian_logprice_bridge,,,,
4488,7.611103773775655,7.611103773775653,False,False,brownian_logprice_bridge,,,,
4489,7.637492024412234,7.637492024412234,False,False,brownian_logprice_bridge,,,,
4490,7.484319364248633,7.484319364248634,False,False,brownian_logprice_bridge,,,,
4491,7.43039661323784,7.43039661323784,False,False,brownian_logprice_bridge,,,,
4492,7.425338095667495,7.425338095667496,False,False,brownian_logprice_bridge,,,,
4493,7.39489356543723,7.394893565437229,False,False,brownian_logprice_bridge,,,,
4494,7.433677644527141,7.433677644527141,False,False,brownian_logprice_bridge,,,,
4495,7.455857802099791,7.455857802099792,False,False,brownian_logprice_bridge,,,,
4496,7.491734686277241,7.4917346862772405,False,False,brownian_logprice_bridge,,,,
4497,7.428597074271314,7.428597074271313,False,False,brownian_logprice_bridge,,,,
4498,7.384699814405591,7.384699814405592,False,False,brownian_logprice_bridge,,,,
4499,7.394829921166134,7.394829921166135,False,False,brownian_logprice_bridge,,,,
4500,7.330693382078802,7.330693382078802,False,False,brownian_logprice_bridge,,,,
4501,7.270778905519252,7.270778905519252,False,False,brownian_logprice_bridge,,,,
4502,7.308307488522201,7.308307488522201,False,False,brownian_logprice_bridge,,,,
4503,7.2911562903207345,7.291156290320734,False,False,brownian_logprice_bridge,,,,
4504,7.296300894968198,7.296300894968197,False,False,brownian_logprice_bridge,,,,
4505,7.323880094431906,7.323880094431905,False,False,brownian_logprice_bridge,,,,
4506,7.309176935713599,7.309176935713599,False,False,brownian_logprice_bridge,,,,
4507,7.31801047446848,7.318010474468481,False,False,brownian_logprice_bridge,,,,
4508,7.324011736330206,7.324011736330206,False,False,brownian_logprice_bridge,,,,
4509,7.289635336952562,7.289635336952563,False,False,brownian_logprice_bridge,,,,
4510,7.3235034968507025,7.323503496850702,False,False,brownian_logprice_bridge,,,,
4511,7.291644106345982,7.291644106345981,False,False,brownian_logprice_bridge,,,,
4512,7.232142241007665,7.232142241007665,False,False,brownian_logprice_bridge,,,,
4513,7.16646891448193,7.16646891448193,False,False,brownian_logprice_bridge,,,,
4514,7.124602389672125,7.124602389672124,False,False,brownian_logprice_bridge,,,,
4515,7.155410493020488,7.155410493020487,False,False,brownian_logprice_bridge,,,,
4516,7.158190559569614,7.158190559569614,False,False,brownian_logprice_bridge,,,,
4517,7.118650156188499,7.1186501561885,False,False,brownian_logprice_bridge,,,,
4518,7.08267398413756,7.08267398413756,False,False,brownian_logprice_bridge,,,,
4519,7.10672461890166,7.10672461890166,False,False,brownian_logprice_bridge,,,,
4520,7.116569947453888,7.116569947453888,False,False,brownian_logprice_bridge,,,,
4521,7.139564348674019,7.139564348674019,False,False,brownian_logprice_bridge,,,,
4522,7.15183319002936,7.151833190029361,False,False,brownian_logprice_bridge,,,,
4523,7.157169221351989,7.157169221351988,False,False,brownian_logprice_bridge,,,,
4524,7.200498741675516,7.200498741675516,False,False,brownian_logprice_bridge,,,,
4525,7.275667122577196,7.275667122577195,False,False,brownian_logprice_bridge,,,,
4526,7.3457536688709375,7.345753668870938,False,False,brownian_logprice_bridge,,,,
4527,7.335450364145203,7.335450364145204,False,False,brownian_logprice_bridge,,,,
4528,7.33959293936093,7.33959293936093,False,False,brownian_logprice_bridge,,,,
4529,7.3715096423613184,7.371509642361318,False,False,brownian_logprice_bridge,,,,
4530,7.350488802681957,7.350488802681958,False,False,brownian_logprice_bridge,,,,
4531,7.280601777957685,7.280601777957685,False,False,brownian_logprice_bridge,,,,
4532,7.338118730225904,7.338118730225905,False,False,brownian_logprice_bridge,,,,
4533,7.343717252078538,7.343717252078538,False,False,brownian_logprice_bridge,,,,
4534,7.381259879160356,7.381259879160356,False,False,brownian_logprice_bridge,,,,
4535,7.391241201851449,7.391241201851448,False,False,brownian_logprice_bridge,,,,
4536,7.427200476433121,7.427200476433121,False,False,brownian_logprice_bridge,,,,
4537,7.356319686440813,7.356319686440814,False,False,brownian_logprice_bridge,,,,
4538,7.332771790165848,7.332771790165848,False,False,brownian_logprice_bridge,,,,
4539,7.209543510088173,7.209543510088172,False,False,brownian_logprice_bridge,,,,
4540,7.256838502468555,7.256838502468555,False,False,brownian_logprice_bridge,,,,
4541,7.277945419140132,7.277945419140133,False,False,brownian_logprice_bridge,,,,
4542,7.318314698699125,7.318314698699124,False,False,brownian_logprice_bridge,,,,
4543,7.311663905276201,7.311663905276202,False,False,brownian_logprice_bridge,,,,
4544,7.296727028351031,7.296727028351031,False,False,brownian_logprice_bridge,,,,
4545,7.294994024375383,7.294994024375383,False,False,brownian_logprice_bridge,,,,
4546,7.322535815032832,7.322535815032832,False,False,brownian_logprice_bridge,,,,
4547,7.376870022553249,7.376870022553249,False,False,brownian_logprice_bridge,,,,
4548,7.356063825910495,7.356063825910496,False,False,brownian_logprice_bridge,,,,
4549,7.385742027363269,7.3857420273632695,False,False,brownian_logprice_bridge,,,,
4550,7.380503485555935,7.380503485555935,False,False,brownian_logprice_bridge,,,,
4551,7.315783786000202,7.315783786000203,False,False,brownian_logprice_bridge,,,,
4552,7.346459435996797,7.346459435996797,False,False,brownian_logprice_bridge,,,,
4553,7.328283965724028,7.328283965724028,False,False,brownian_logprice_bridge,,,,
4554,7.322660662809684,7.322660662809685,False,False,brownian_logprice_bridge,,,,
4555,7.30648288468984,7.30648288468984,False,False,brownian_logprice_bridge,,,,
4556,7.360491349557674,7.360491349557674,False,False,brownian_logprice_bridge,,,,
4557,7.393201897966649,7.393201897966649,False,False,brownian_logprice_bridge,,,,
4558,7.411927335604196,7.411927335604198,False,False,brownian_logprice_bridge,,,,
4559,7.535704979685136,7.535704979685137,False,False,brownian_logprice_bridge,,,,
4560,7.491441553903961,7.491441553903962,False,False,brownian_logprice_bridge,,,,
4561,7.561122229983428,7.561122229983428,False,False,brownian_logprice_bridge,,,,
4562,7.661500869355184,7.661500869355183,False,False,brownian_logprice_bridge,,,,
4563,7.69555942628313,7.695559426283129,False,False,brownian_logprice_bridge,,,,
4564,7.627784420435416,7.627784420435416,False,False,brownian_logprice_bridge,,,,
4565,7.607920122290342,7.607920122290343,False,False,brownian_logprice_bridge,,,,
4566,7.665230273473027,7.665230273473025,False,False,brownian_logprice_bridge,,,,
4567,7.650909082932902,7.650909082932901,False,False,brownian_logprice_bridge,,,,
4568,7.69360596470002,7.693605964700021,False,False,brownian_logprice_bridge,,,,
4569,7.671849091002532,7.671849091002533,False,False,brownian_logprice_bridge,,,,
4570,7.716854917687797,7.716854917687799,False,False,brownian_logprice_bridge,,,,
4571,7.798945170930724,7.798945170930724,False,False,brownian_logprice_bridge,,,,
4572,7.689595620657591,7.689595620657592,False,False,brownian_logprice_bridge,,,,
4573,7.634408836218414,7.634408836218415,False,False,brownian_logprice_bridge,,,,
4574,7.733760263129116,7.733760263129116,False,False,brownian_logprice_bridge,,,,
4575,7.672532553700014,7.672532553700015,False,False,brownian_logprice_bridge,,,,
4576,7.692671890705215,7.692671890705216,False,False,brownian_logprice_bridge,,,,
4577,7.735691577999423,7.7356915779994235,False,False,brownian_logprice_bridge,,,,
4578,7.754550980050483,7.754550980050483,False,False,brownian_logprice_bridge,,,,
4579,7.669052604677431,7.669052604677433,False,False,brownian_logprice_bridge,,,,
4580,7.706579022524601,7.706579022524602,False,False,brownian_logprice_bridge,,,,
4581,7.760548110991458,7.760548110991459,False,False,brownian_logprice_bridge,,,,
4582,7.7023142683195935,7.702314268319592,False,False,brownian_logprice_bridge,,,,
4583,7.67782929493216,7.67782929493216,False,False,brownian_logprice_bridge,,,,
4584,7.800074852579752,7.800074852579753,False,False,brownian_logprice_bridge,,,,
4585,7.770119642689669,7.770119642689671,False,False,brownian_logprice_bridge,,,,
4586,7.75748716790047,7.757487167900468,False,False,brownian_logprice_bridge,,,,
4587,7.736098611310884,7.736098611310884,False,False,brownian_logprice_bridge,,,,
4588,7.733792124663434,7.733792124663432,False,False,brownian_logprice_bridge,,,,
4589,7.823455286675717,7.823455286675719,False,False,brownian_logprice_bridge,,,,
4590,7.860194263558527,7.860194263558528,False,False,brownian_logprice_bridge,,,,
4591,7.846689626881736,7.846689626881736,False,False,brownian_logprice_bridge,,,,
4592,7.904281996766987,7.904281996766988,False,False,brownian_logprice_bridge,,,,
4593,7.895246178447532,7.8952461784475325,False,False,brownian_logprice_bridge,,,,
4594,7.837873945561964,7.837873945561962,False,False,brownian_logprice_bridge,,,,
4595,7.75967408671299,7.759674086712988,False,False,brownian_logprice_bridge,,,,
4596,7.80727479033598,7.8072747903359785,False,False,brownian_logprice_bridge,,,,
4597,7.805864895822849,7.805864895822849,False,False,brownian_logprice_bridge,,,,
4598,7.74465674001589,7.7446567400158886,False,False,brownian_logprice_bridge,,,,
4599,7.685858074129618,7.685858074129617,False,False,brownian_logprice_bridge,,,,
4600,7.697286683566139,7.697286683566139,False,False,brownian_logprice_bridge,,,,
4601,7.652923547066877,7.652923547066877,False,False,brownian_logprice_bridge,,,,
4602,7.729835514897772,7.729835514897773,False,False,brownian_logprice_bridge,,,,
4603,7.7039478660114336,7.703947866011433,False,False,brownian_logprice_bridge,,,,
4604,7.670225565209324,7.670225565209323,False,False,brownian_logprice_bridge,,,,
4605,7.648268006867139,7.648268006867137,False,False,brownian_logprice_bridge,,,,
4606,7.605736523897257,7.605736523897259,False,False,brownian_logprice_bridge,,,,
4607,7.510894463912131,7.510894463912131,False,False,brownian_logprice_bridge,,,,
4608,7.506726976961269,7.506726976961268,False,False,brownian_logprice_bridge,,,,
4609,7.534194563501114,7.534194563501115,False,False,brownian_logprice_bridge,,,,
4610,7.5658085211865265,7.565808521186527,False,False,brownian_logprice_bridge,,,,
4611,7.582656213659734,7.582656213659734,False,False,brownian_logprice_bridge,,,,
4612,7.583613286424803,7.583613286424802,False,False,brownian_logprice_bridge,,,,
4613,7.594363694814437,7.594363694814438,False,False,brownian_logprice_bridge,,,,
4614,7.658684865803448,7.658684865803446,False,False,brownian_logprice_bridge,,,,
4615,7.638658413251681,7.638658413251681,False,False,brownian_logprice_bridge,,,,
4616,7.669051620866433,7.669051620866433,False,False,brownian_logprice_bridge,,,,
4617,7.659840756053154,7.6598407560531525,False,False,brownian_logprice_bridge,,,,
4618,7.702818003801107,7.702818003801107,False,False,brownian_logprice_bridge,,,,
4619,7.720924098113358,7.720924098113357,False,False,brownian_logprice_bridge,,,,
4620,7.747077543883583,7.747077543883583,False,False,brownian_logprice_bridge,,,,
4621,7.818167873273887,7.818167873273886,False,False,brownian_logprice_bridge,,,,
4622,7.864017682528646,7.8640176825286465,False,False,brownian_logprice_bridge,,,,
4623,7.9109553922133875,7.9109553922133875,False,False,brownian_logprice_bridge,,,,
4624,7.906997490997215,7.906997490997213,False,False,brownian_logprice_bridge,,,,
4625,7.957901735417379,7.95790173541738,False,False,brownian_logprice_bridge,,,,
4626,8.087349114542842,8.087349114542842,False,False,brownian_logprice_bridge,,,,
4627,8.079132490561468,8.079132490561467,False,False,brownian_logprice_bridge,,,,
4628,8.0656807489238,8.0656807489238,False,False,brownian_logprice_bridge,,,,
4629,8.085211305778303,8.085211305778301,False,False,brownian_logprice_bridge,,,,
4630,8.126217665761914,8.126217665761912,False,False,brownian_logprice_bridge,,,,
4631,8.067960620933874,8.067960620933874,False,False,brownian_logprice_bridge,,,,
4632,7.948415076596745,7.948415076596745,False,False,brownian_logprice_bridge,,,,
4633,7.963208738228163,7.963208738228164,False,False,brownian_logprice_bridge,,,,
4634,8.079580358522067,8.079580358522067,False,False,brownian_logprice_bridge,,,,
4635,8.01667561552305,8.01667561552305,False,False,brownian_logprice_bridge,,,,
4636,8.016986945860895,8.016986945860895,False,False,brownian_logprice_bridge,,,,
4637,8.012829729272596,8.012829729272598,False,False,brownian_logprice_bridge,,,,
4638,7.965841627723804,7.965841627723802,False,False,brownian_logprice_bridge,,,,
4639,7.96658097818999,7.966580978189991,False,False,brownian_logprice_bridge,,,,
4640,7.9761667027887375,7.976166702788738,False,False,brownian_logprice_bridge,,,,
4641,7.926825425004543,7.926825425004544,False,False,brownian_logprice_bridge,,,,
4642,7.970181744363034,7.970181744363034,False,False,brownian_logprice_bridge,,,,
4643,7.984013092690274,7.984013092690275,False,False,brownian_logprice_bridge,,,,
4644,7.9896203450828125,7.989620345082812,False,False,brownian_logprice_bridge,,,,
4645,8.002115077926785,8.002115077926787,False,False,brownian_logprice_bridge,,,,
4646,8.067088376615523,8.067088376615521,False,False,brownian_logprice_bridge,,,,
4647,8.143761386891732,8.143761386891732,False,False,brownian_logprice_bridge,,,,
4648,8.139076089166302,8.139076089166302,False,False,brownian_logprice_bridge,,,,
4649,8.126837201131954,8.126837201131952,False,False,brownian_logprice_bridge,,,,
4650,8.135958464664443,8.135958464664443,False,False,brownian_logprice_bridge,,,,
4651,8.218690280562381,8.21869028056238,False,False,brownian_logprice_bridge,,,,
4652,8.228807204668401,8.228807204668403,False,False,brownian_logprice_bridge,,,,
4653,8.25875090081094,8.258750900810938,False,False,brownian_logprice_bridge,,,,
4654,8.28425054755961,8.284250547559608,False,False,brownian_logprice_bridge,,,,
4655,8.287362729889601,8.287362729889601,False,False,brownian_logprice_bridge,,,,
4656,8.191539454360976,8.191539454360978,False,False,brownian_logprice_bridge,,,,
4657,8.209501311886289,8.209501311886289,False,False,brownian_logprice_bridge,,,,
4658,8.231942257708923,8.231942257708925,False,False,brownian_logprice_bridge,,,,
4659,8.301180236323884,8.301180236323884,False,False,brownian_logprice_bridge,,,,
4660,8.238274095108165,8.238274095108164,False,False,brownian_logprice_bridge,,,,
4661,8.214002050527668,8.214002050527668,False,False,brownian_logprice_bridge,,,,
4662,8.17708244163696,8.17708244163696,False,False,brownian_logprice_bridge,,,,
4663,8.130884801896267,8.130884801896265,False,False,brownian_logprice_bridge,,,,
4664,8.135474158769775,8.135474158769775,False,False,brownian_logprice_bridge,,,,
4665,8.155581941049586,8.155581941049586,False,False,brownian_logprice_bridge,,,,
4666,8.162466693684006,8.162466693684006,False,False,brownian_logprice_bridge,,,,
4667,8.134118683719459,8.134118683719457,False,False,brownian_logprice_bridge,,,,
4668,8.093689748457011,8.093689748457013,False,False,brownian_logprice_bridge,,,,
4669,8.104633546360313,8.104633546360313,False,False,brownian_logprice_bridge,,,,
4670,8.148562863109639,8.148562863109639,False,False,brownian_logprice_bridge,,,,
4671,8.168924592422588,8.168924592422588,False,False,brownian_logprice_bridge,,,,
4672,8.124527120772244,8.124527120772244,False,False,brownian_logprice_bridge,,,,
4673,8.133204797502351,8.13320479750235,False,False,brownian_logprice_bridge,,,,
4674,8.149494048155042,8.149494048155042,False,False,brownian_logprice_bridge,,,,
4675,8.188628896928664,8.188628896928666,False,False,brownian_logprice_bridge,,,,
4676,8.13414236070965,8.134142360709648,False,False,brownian_logprice_bridge,,,,
4677,8.153251342022713,8.153251342022712,False,False,brownian_logprice_bridge,,,,
4678,8.16069182389999,8.160691823899992,False,False,brownian_logprice_bridge,,,,
4679,8.161389386846293,8.161389386846292,False,False,brownian_logprice_bridge,,,,
4680,8.126473900417038,8.126473900417036,False,False,brownian_logprice_bridge,,,,
4681,8.19802558916725,8.19802558916725,False,False,brownian_logprice_bridge,,,,
4682,8.183572059033727,8.183572059033727,False,False,brownian_logprice_bridge,,,,
4683,8.183768243415187,8.183768243415187,False,False,brownian_logprice_bridge,,,,
4684,8.156525121136946,8.156525121136946,False,False,brownian_logprice_bridge,,,,
4685,8.23287793673651,8.232877936736509,False,False,brownian_logprice_bridge,,,,
4686,8.221652146383374,8.221652146383374,False,False,brownian_logprice_bridge,,,,
4687,8.168616021104475,8.168616021104475,False,False,brownian_logprice_bridge,,,,
4688,8.148412339483428,8.148412339483427,False,False,brownian_logprice_bridge,,,,
4689,8.15875972725833,8.15875972725833,False,False,brownian_logprice_bridge,,,,
4690,8.157102828488858,8.15710282848886,False,False,brownian_logprice_bridge,,,,
4691,8.186772376765267,8.186772376765266,False,False,brownian_logprice_bridge,,,,
4692,8.205122731622208,8.205122731622206,False,False,brownian_logprice_bridge,,,,
4693,8.217195237363462,8.217195237363462,False,False,brownian_logprice_bridge,,,,
4694,8.215554718815525,8.215554718815524,False,False,brownian_logprice_bridge,,,,
4695,8.29267468181139,8.29267468181139,False,False,brownian_logprice_bridge,,,,
4696,8.262368223870396,8.262368223870395,False,False,brownian_logprice_bridge,,,,
4697,8.235611855364255,8.235611855364255,False,False,brownian_logprice_bridge,,,,
4698,8.23879349143512,8.23879349143512,False,False,brownian_logprice_bridge,,,,
4699,8.16720168481256,8.16720168481256,False,False,brownian_logprice_bridge,,,,
4700,8.172174937905265,8.172174937905263,False,False,brownian_logprice_bridge,,,,
4701,8.129595880765761,8.129595880765761,False,False,brownian_logprice_bridge,,,,
4702,8.058935076713391,8.058935076713391,False,False,brownian_logprice_bridge,,,,
4703,8.04756217847049,8.04756217847049,False,False,brownian_logprice_bridge,,,,
4704,8.173790236419203,8.173790236419203,False,False,brownian_logprice_bridge,,,,
4705,8.14219666420914,8.142196664209138,False,False,brownian_logprice_bridge,,,,
4706,8.093531609235066,8.093531609235066,False,False,brownian_logprice_bridge,,,,
4707,8.060063707505348,8.06006370750535,False,False,brownian_logprice_bridge,,,,
4708,8.070098189958982,8.07009818995898,False,False,brownian_logprice_bridge,,,,
4709,8.051184265628976,8.051184265628978,False,False,brownian_logprice_bridge,,,,
4710,7.99896548396691,7.998965483966911,False,False,brownian_logprice_bridge,,,,
4711,8.088528247336429,8.088528247336429,False,False,brownian_logprice_bridge,,,,
4712,8.043306994578057,8.043306994578055,False,False,brownian_logprice_bridge,,,,
4713,7.985964008225555,7.9859640082255545,False,False,brownian_logprice_bridge,,,,
4714,7.980432842442661,7.98043284244266,False,False,brownian_logprice_bridge,,,,
4715,8.03731730819273,8.03731730819273,False,False,brownian_logprice_bridge,,,,
4716,8.092096766035395,8.092096766035393,False,False,brownian_logprice_bridge,,,,
4717,8.105021361528868,8.105021361528868,False,False,brownian_logprice_bridge,,,,
4718,8.140468622796273,8.140468622796272,False,False,brownian_logprice_bridge,,,,
4719,8.241938135395431,8.241938135395431,False,False,brownian_logprice_bridge,,,,
4720,8.280318730035837,8.280318730035837,False,False,brownian_logprice_bridge,,,,
4721,8.370186588457326,8.370186588457324,False,False,brownian_logprice_bridge,,,,
4722,8.377768980457358,8.377768980457358,False,False,brownian_logprice_bridge,,,,
4723,8.312607017637875,8.312607017637873,False,False,brownian_logprice_bridge,,,,
4724,8.406248228096977,8.406248228096977,False,False,brownian_logprice_bridge,,,,
4725,8.379410678977333,8.379410678977333,False,False,brownian_logprice_bridge,,,,
4726,8.424400521748156,8.424400521748156,False,False,brownian_logprice_bridge,,,,
4727,8.419977309446354,8.419977309446354,False,False,brownian_logprice_bridge,,,,
4728,8.416203186529039,8.41620318652904,False,False,brownian_logprice_bridge,,,,
4729,8.422366303722427,8.422366303722425,False,False,brownian_logprice_bridge,,,,
4730,8.357460657063175,8.357460657063175,False,False,brownian_logprice_bridge,,,,
4731,8.354847446836603,8.354847446836603,False,False,brownian_logprice_bridge,,,,
4732,8.353159542928946,8.353159542928946,False,False,brownian_logprice_bridge,,,,
4733,8.23544692636642,8.235446926366421,False,False,brownian_logprice_bridge,,,,
4734,8.225611814093998,8.225611814094,False,False,brownian_logprice_bridge,,,,
4735,8.251877920731921,8.251877920731921,False,False,brownian_logprice_bridge,,,,
4736,8.159629682181356,8.159629682181357,False,False,brownian_logprice_bridge,,,,
4737,8.08965717568395,8.08965717568395,False,False,brownian_logprice_bridge,,,,
4738,8.13002231397332,8.13002231397332,False,False,brownian_logprice_bridge,,,,
4739,8.182288444749101,8.182288444749101,False,False,brownian_logprice_bridge,,,,
4740,8.211927292059944,8.211927292059944,False,False,brownian_logprice_bridge,,,,
4741,8.101888314253097,8.101888314253095,False,False,brownian_logprice_bridge,,,,
4742,8.07887490355147,8.078874903551473,False,False,brownian_logprice_bridge,,,,
4743,8.036562359672365,8.036562359672365,False,False,brownian_logprice_bridge,,,,
4744,8.052885351203361,8.052885351203363,False,False,brownian_logprice_bridge,,,,
4745,8.062174094688807,8.062174094688809,False,False,brownian_logprice_bridge,,,,
4746,8.11874136808667,8.11874136808667,False,False,brownian_logprice_bridge,,,,
4747,8.029234392710233,8.029234392710231,False,False,brownian_logprice_bridge,,,,
4748,7.97459736148413,7.974597361484132,False,False,brownian_logprice_bridge,,,,
4749,7.980376194004603,7.980376194004604,False,False,brownian_logprice_bridge,,,,
4750,7.925862331002328,7.925862331002329,False,False,brownian_logprice_bridge,,,,
4751,7.951455276943784,7.951455276943784,False,False,brownian_logprice_bridge,,,,
4752,7.899253548296128,7.899253548296128,False,False,brownian_logprice_bridge,,,,
4753,7.926303046122439,7.926303046122438,False,False,brownian_logprice_bridge,,,,
4754,7.976447750632349,7.9764477506323495,False,False,brownian_logprice_bridge,,,,
4755,7.905462280882679,7.905462280882681,False,False,brownian_logprice_bridge,,,,
4756,7.832210099130596,7.832210099130596,False,False,brownian_logprice_bridge,,,,
4757,7.814040780092461,7.814040780092461,False,False,brownian_logprice_bridge,,,,
4758,7.820183030423494,7.820183030423494,False,False,brownian_logprice_bridge,,,,
4759,7.759842983947537,7.759842983947537,False,False,brownian_logprice_bridge,,,,
4760,7.729243879708317,7.729243879708317,False,False,brownian_logprice_bridge,,,,
4761,7.728522838002111,7.728522838002111,False,False,brownian_logprice_bridge,,,,
4762,7.688558246139221,7.68855824613922,False,False,brownian_logprice_bridge,,,,
4763,7.702125258494751,7.702125258494751,False,False,brownian_logprice_bridge,,,,
4764,7.734046311244468,7.7340463112444695,False,False,brownian_logprice_bridge,,,,
4765,7.639632468250905,7.639632468250904,False,False,brownian_logprice_bridge,,,,
4766,7.720639748263226,7.720639748263227,False,False,brownian_logprice_bridge,,,,
4767,7.705373107348745,7.705373107348745,False,False,brownian_logprice_bridge,,,,
4768,7.704032217554245,7.704032217554244,False,False,brownian_logprice_bridge,,,,
4769,7.755399630165785,7.755399630165784,False,False,brownian_logprice_bridge,,,,
4770,7.821010009780713,7.821010009780715,False,False,brownian_logprice_bridge,,,,
4771,7.824974162800261,7.8249741628002605,False,False,brownian_logprice_bridge,,,,
4772,7.774772384969103,7.774772384969104,False,False,brownian_logprice_bridge,,,,
4773,7.721327791035415,7.721327791035416,False,False,brownian_logprice_bridge,,,,
4774,7.683943574728676,7.683943574728676,False,False,brownian_logprice_bridge,,,,
4775,7.646531578316997,7.6465315783169965,False,False,brownian_logprice_bridge,,,,
4776,7.616937066064307,7.616937066064307,False,False,brownian_logprice_bridge,,,,
4777,7.643972224855331,7.643972224855331,False,False,brownian_logprice_bridge,,,,
4778,7.701584200568755,7.701584200568754,False,False,brownian_logprice_bridge,,,,
4779,7.678772811811399,7.678772811811398,False,False,brownian_logprice_bridge,,,,
4780,7.639212250580318,7.639212250580319,False,False,brownian_logprice_bridge,,,,
4781,7.57899103283191,7.578991032831911,False,False,brownian_logprice_bridge,,,,
4782,7.570493424325656,7.570493424325656,False,False,brownian_logprice_bridge,,,,
4783,7.544675121049342,7.544675121049343,False,False,brownian_logprice_bridge,,,,
4784,7.635172431437261,7.63517243143726,False,False,brownian_logprice_bridge,,,,
4785,7.617192280469931,7.617192280469929,False,False,brownian_logprice_bridge,,,,
4786,7.711069032121463,7.711069032121463,False,False,brownian_logprice_bridge,,,,
4787,7.658535708977132,7.658535708977132,False,False,brownian_logprice_bridge,,,,
4788,7.643719212203127,7.643719212203127,False,False,brownian_logprice_bridge,,,,
4789,7.627583933132866,7.6275839331328665,False,False,brownian_logprice_bridge,,,,
4790,7.61217719806611,7.612177198066111,False,False,brownian_logprice_bridge,,,,
4791,7.536671185540762,7.536671185540763,False,False,brownian_logprice_bridge,,,,
4792,7.480883072597529,7.480883072597529,False,False,brownian_logprice_bridge,,,,
4793,7.480169563061048,7.480169563061048,False,False,brownian_logprice_bridge,,,,
4794,7.490793033305251,7.49079303330525,False,False,brownian_logprice_bridge,,,,
4795,7.524993505629092,7.52499350562909,False,False,brownian_logprice_bridge,,,,
4796,7.537891991204145,7.537891991204146,False,False,brownian_logprice_bridge,,,,
4797,7.535035322833417,7.535035322833417,False,False,brownian_logprice_bridge,,,,
4798,7.457065068167411,7.457065068167411,False,False,brownian_logprice_bridge,,,,
4799,7.450322165994016,7.450322165994015,False,False,brownian_logprice_bridge,,,,
4800,7.427632369750043,7.427632369750044,False,False,brownian_logprice_bridge,,,,
4801,7.466839709310381,7.46683970931038,False,False,brownian_logprice_bridge,,,,
4802,7.489420817268932,7.489420817268932,False,False,brownian_logprice_bridge,,,,
4803,7.61338730457671,7.613387304576711,False,False,brownian_logprice_bridge,,,,
4804,7.63758675271433,7.6375867527143315,False,False,brownian_logprice_bridge,,,,
4805,7.625276770630411,7.625276770630413,False,False,brownian_logprice_bridge,,,,
4806,7.710698770147054,7.710698770147055,False,False,brownian_logprice_bridge,,,,
4807,7.751041433618756,7.751041433618757,False,False,brownian_logprice_bridge,,,,
4808,7.673281441696206,7.673281441696208,False,False,brownian_logprice_bridge,,,,
4809,7.574857398119765,7.574857398119767,False,False,brownian_logprice_bridge,,,,
4810,7.52250893427631,7.52250893427631,False,False,brownian_logprice_bridge,,,,
4811,7.510809504677987,7.5108095046779875,False,False,brownian_logprice_bridge,,,,
4812,7.553104604288028,7.553104604288029,False,False,brownian_logprice_bridge,,,,
4813,7.570447407360834,7.5704474073608345,False,False,brownian_logprice_bridge,,,,
4814,7.569771657528367,7.569771657528366,False,False,brownian_logprice_bridge,,,,
4815,7.58963613150751,7.5896361315075085,False,False,brownian_logprice_bridge,,,,
4816,7.602877140854847,7.602877140854849,False,False,brownian_logprice_bridge,,,,
4817,7.590896358642231,7.590896358642232,False,False,brownian_logprice_bridge,,,,
4818,7.587197882114265,7.587197882114264,False,False,brownian_logprice_bridge,,,,
4819,7.608750576784185,7.608750576784185,False,False,brownian_logprice_bridge,,,,
4820,7.566489303138842,7.566489303138843,False,False,brownian_logprice_bridge,,,,
4821,7.670441917473647,7.670441917473648,False,False,brownian_logprice_bridge,,,,
4822,7.627440317724193,7.627440317724193,False,False,brownian_logprice_bridge,,,,
4823,7.599723009941302,7.599723009941301,False,False,brownian_logprice_bridge,,,,
4824,7.571518412881165,7.571518412881167,False,False,brownian_logprice_bridge,,,,
4825,7.634799393707288,7.634799393707289,False,False,brownian_logprice_bridge,,,,
4826,7.636580808817516,7.636580808817517,False,False,brownian_logprice_bridge,,,,
4827,7.60105912624834,7.601059126248342,False,False,brownian_logprice_bridge,,,,
4828,7.542980354388552,7.5429803543885505,False,False,brownian_logprice_bridge,,,,
4829,7.571536800054845,7.571536800054844,False,False,brownian_logprice_bridge,,,,
4830,7.629441720958003,7.629441720958003,False,False,brownian_logprice_bridge,,,,
4831,7.635996125054191,7.63599612505419,False,False,brownian_logprice_bridge,,,,
4832,7.615771534170918,7.615771534170917,False,False,brownian_logprice_bridge,,,,
4833,7.569492089739838,7.569492089739837,False,False,brownian_logprice_bridge,,,,
4834,7.629927125815977,7.629927125815977,False,False,brownian_logprice_bridge,,,,
4835,7.72534835291242,7.725348352912419,False,False,brownian_logprice_bridge,,,,
4836,7.701904307741469,7.701904307741469,False,False,brownian_logprice_bridge,,,,
4837,7.63423334974527,7.634233349745269,False,False,brownian_logprice_bridge,,,,
4838,7.637951707991238,7.637951707991239,False,False,brownian_logprice_bridge,,,,
4839,7.645884707249984,7.645884707249982,False,False,brownian_logprice_bridge,,,,
4840,7.637465938708506,7.637465938708504,False,False,brownian_logprice_bridge,,,,
4841,7.629191578588951,7.6291915785889515,False,False,brownian_logprice_bridge,,,,
4842,7.676985146438392,7.676985146438393,False,False,brownian_logprice_bridge,,,,
4843,7.669146738984538,7.669146738984539,False,False,brownian_logprice_bridge,,,,
4844,7.657790494988583,7.657790494988585,False,False,brownian_logprice_bridge,,,,
4845,7.6419698532640945,7.641969853264095,False,False,brownian_logprice_bridge,,,,
4846,7.586413912402834,7.586413912402832,False,False,brownian_logprice_bridge,,,,
4847,7.530181704656917,7.5301817046569175,False,False,brownian_logprice_bridge,,,,
4848,7.541872019179436,7.5418720191794355,False,False,brownian_logprice_bridge,,,,
4849,7.631831333555806,7.631831333555806,False,False,brownian_logprice_bridge,,,,
4850,7.655922631516326,7.655922631516325,False,False,brownian_logprice_bridge,,,,
4851,7.6645525241369,7.6645525241369,False,False,brownian_logprice_bridge,,,,
4852,7.715664736776821,7.715664736776819,False,False,brownian_logprice_bridge,,,,
4853,7.684743795979876,7.684743795979877,False,False,brownian_logprice_bridge,,,,
4854,7.646752021369387,7.646752021369387,False,False,brownian_logprice_bridge,,,,
4855,7.595990568107838,7.595990568107838,False,False,brownian_logprice_bridge,,,,
4856,7.603973507974373,7.6039735079743735,False,False,brownian_logprice_bridge,,,,
4857,7.5749792733723025,7.574979273372302,False,False,brownian_logprice_bridge,,,,
4858,7.573170537666945,7.573170537666945,False,False,brownian_logprice_bridge,,,,
4859,7.555970859301899,7.5559708593019,False,False,brownian_logprice_bridge,,,,
4860,7.587826819637934,7.587826819637935,False,False,brownian_logprice_bridge,,,,
4861,7.62145422811745,7.62145422811745,False,False,brownian_logprice_bridge,,,,
4862,7.545381793252583,7.545381793252582,False,False,brownian_logprice_bridge,,,,
4863,7.518652985699737,7.518652985699739,False,False,brownian_logprice_bridge,,,,
4864,7.643762518340381,7.643762518340383,False,False,brownian_logprice_bridge,,,,
4865,7.625860970813914,7.625860970813914,False,False,brownian_logprice_bridge,,,,
4866,7.682282860853464,7.682282860853463,False,False,brownian_logprice_bridge,,,,
4867,7.637225650709128,7.637225650709128,False,False,brownian_logprice_bridge,,,,
4868,7.678068046033064,7.678068046033064,False,False,brownian_logprice_bridge,,,,
4869,7.573042467714108,7.573042467714109,False,False,brownian_logprice_bridge,,,,
4870,7.455424372596874,7.455424372596875,False,False,brownian_logprice_bridge,,,,
4871,7.438349767475186,7.438349767475186,False,False,brownian_logprice_bridge,,,,
4872,7.460585019303488,7.460585019303489,False,False,brownian_logprice_bridge,,,,
4873,7.410251397001594,7.410251397001594,False,False,brownian_logprice_bridge,,,,
4874,7.362886471472413,7.362886471472413,False,False,brownian_logprice_bridge,,,,
4875,7.353785918109948,7.353785918109948,False,False,brownian_logprice_bridge,,,,
4876,7.35611183402882,7.35611183402882,False,False,brownian_logprice_bridge,,,,
4877,7.380501092174331,7.380501092174331,False,False,brownian_logprice_bridge,,,,
4878,7.349190728883235,7.349190728883234,False,False,brownian_logprice_bridge,,,,
4879,7.365035585015825,7.365035585015825,False,False,brownian_logprice_bridge,,,,
4880,7.353224670728015,7.353224670728015,False,False,brownian_logprice_bridge,,,,
4881,7.318600014590237,7.318600014590237,False,False,brownian_logprice_bridge,,,,
4882,7.27326246170636,7.273262461706359,False,False,brownian_logprice_bridge,,,,
4883,7.278028726511134,7.278028726511134,False,False,brownian_logprice_bridge,,,,
4884,7.331633858249057,7.331633858249058,False,False,brownian_logprice_bridge,,,,
4885,7.37809526229643,7.37809526229643,False,False,brownian_logprice_bridge,,,,
4886,7.377372922300452,7.377372922300452,False,False,brownian_logprice_bridge,,,,
4887,7.350471777859959,7.350471777859959,False,False,brownian_logprice_bridge,,,,
4888,7.3619521727147506,7.3619521727147506,False,False,brownian_logprice_bridge,,,,
4889,7.445713838853916,7.445713838853917,False,False,brownian_logprice_bridge,,,,
4890,7.459673403171544,7.459673403171545,False,False,brownian_logprice_bridge,,,,
4891,7.527055841293769,7.527055841293769,False,False,brownian_logprice_bridge,,,,
4892,7.53636900075284,7.536369000752841,False,False,brownian_logprice_bridge,,,,
4893,7.458471648810753,7.458471648810754,False,False,brownian_logprice_bridge,,,,
4894,7.475184856231867,7.475184856231866,False,False,brownian_logprice_bridge,,,,
4895,7.480662673789965,7.480662673789966,False,False,brownian_logprice_bridge,,,,
4896,7.526091373045574,7.526091373045575,False,False,brownian_logprice_bridge,,,,
4897,7.56024049512536,7.560240495125361,False,False,brownian_logprice_bridge,,,,
4898,7.509430755404395,7.509430755404395,False,False,brownian_logprice_bridge,,,,
4899,7.50910314401022,7.509103144010221,False,False,brownian_logprice_bridge,,,,
4900,7.611943810207656,7.611943810207656,False,False,brownian_logprice_bridge,,,,
4901,7.623230371048279,7.623230371048279,False,False,brownian_logprice_bridge,,,,
4902,7.618922296210034,7.618922296210034,False,False,brownian_logprice_bridge,,,,
4903,7.630385922533927,7.630385922533926,False,False,brownian_logprice_bridge,,,,
4904,7.677359859963292,7.677359859963293,False,False,brownian_logprice_bridge,,,,
4905,7.7057425166287326,7.7057425166287326,False,False,brownian_logprice_bridge,,,,
4906,7.743373250719316,7.743373250719315,False,False,brownian_logprice_bridge,,,,
4907,7.752968473358422,7.752968473358422,False,False,brownian_logprice_bridge,,,,
4908,7.752223854148991,7.752223854148992,False,False,brownian_logprice_bridge,,,,
4909,7.77152071743484,7.77152071743484,False,False,brownian_logprice_bridge,,,,
4910,7.658045652312554,7.658045652312554,False,False,brownian_logprice_bridge,,,,
4911,7.611208421830509,7.611208421830507,False,False,brownian_logprice_bridge,,,,
4912,7.612172470245291,7.612172470245291,False,False,brownian_logprice_bridge,,,,
4913,7.649557208489983,7.649557208489982,False,False,brownian_logprice_bridge,,,,
4914,7.729977805389155,7.729977805389154,False,False,brownian_logprice_bridge,,,,
4915,7.711709725509611,7.711709725509613,False,False,brownian_logprice_bridge,,,,
4916,7.776217526487768,7.776217526487767,False,False,brownian_logprice_bridge,,,,
4917,7.719188722423933,7.719188722423932,False,False,brownian_logprice_bridge,,,,
4918,7.695426309271125,7.695426309271125,False,False,brownian_logprice_bridge,,,,
4919,7.766680213403221,7.766680213403222,False,False,brownian_logprice_bridge,,,,
4920,7.758501854709944,7.7585018547099445,False,False,brownian_logprice_bridge,,,,
4921,7.777918640475707,7.777918640475707,False,False,brownian_logprice_bridge,,,,
4922,7.77748392024504,7.77748392024504,False,False,brownian_logprice_bridge,,,,
4923,7.88179328470997,7.881793284709971,False,False,brownian_logprice_bridge,,,,
4924,7.796129423775026,7.796129423775026,False,False,brownian_logprice_bridge,,,,
4925,7.830633726121485,7.830633726121485,False,False,brownian_logprice_bridge,,,,
4926,7.84820455724617,7.84820455724617,False,False,brownian_logprice_bridge,,,,
4927,7.835495259753411,7.83549525975341,False,False,brownian_logprice_bridge,,,,
4928,7.933466158685013,7.933466158685014,False,False,brownian_logprice_bridge,,,,
4929,7.950565186036677,7.950565186036679,False,False,brownian_logprice_bridge,,,,
4930,7.990183122532868,7.990183122532867,False,False,brownian_logprice_bridge,,,,
4931,7.960056091846544,7.960056091846545,False,False,brownian_logprice_bridge,,,,
4932,8.017386986360458,8.01738698636046,False,False,brownian_logprice_bridge,,,,
4933,7.950763607932158,7.950763607932159,False,False,brownian_logprice_bridge,,,,
4934,7.944005518506892,7.944005518506891,False,False,brownian_logprice_bridge,,,,
4935,7.9467199222982865,7.946719922298286,False,False,brownian_logprice_bridge,,,,
4936,7.958720929824258,7.958720929824259,False,False,brownian_logprice_bridge,,,,
4937,7.953527585393212,7.953527585393211,False,False,brownian_logprice_bridge,,,,
4938,7.887486187174053,7.887486187174053,False,False,brownian_logprice_bridge,,,,
4939,7.826795375761335,7.826795375761335,False,False,brownian_logprice_bridge,,,,
4940,7.823049423207902,7.823049423207902,False,False,brownian_logprice_bridge,,,,
4941,7.853279142293509,7.85327914229351,False,False,brownian_logprice_bridge,,,,
4942,7.837523778861998,7.837523778862,False,False,brownian_logprice_bridge,,,,
4943,7.845791371549492,7.845791371549492,False,False,brownian_logprice_bridge,,,,
4944,7.855965257534826,7.855965257534826,False,False,brownian_logprice_bridge,,,,
4945,7.871859078730675,7.871859078730677,False,False,brownian_logprice_bridge,,,,
4946,7.819084819267047,7.819084819267049,False,False,brownian_logprice_bridge,,,,
4947,7.764971624220115,7.764971624220114,False,False,brownian_logprice_bridge,,,,
4948,7.747776669737083,7.747776669737082,False,False,brownian_logprice_bridge,,,,
4949,7.6628243428831375,7.6628243428831375,False,False,brownian_logprice_bridge,,,,
4950,7.632317826698181,7.632317826698182,False,False,brownian_logprice_bridge,,,,
4951,7.67358189414634,7.67358189414634,False,False,brownian_logprice_bridge,,,,
4952,7.642999966783768,7.642999966783769,False,False,brownian_logprice_bridge,,,,
4953,7.664307940860018,7.66430794086002,False,False,brownian_logprice_bridge,,,,
4954,7.63728382145055,7.637283821450551,False,False,brownian_logprice_bridge,,,,
4955,7.61379984236074,7.613799842360741,False,False,brownian_logprice_bridge,,,,
4956,7.583108681968858,7.583108681968858,False,False,brownian_logprice_bridge,,,,
4957,7.650359894035455,7.650359894035454,False,False,brownian_logprice_bridge,,,,
4958,7.732640023571871,7.732640023571871,False,False,brownian_logprice_bridge,,,,
4959,7.7005692459007475,7.700569245900748,False,False,brownian_logprice_bridge,,,,
4960,7.773725889852537,7.773725889852537,False,False,brownian_logprice_bridge,,,,
4961,7.796100426815621,7.796100426815621,False,False,brownian_logprice_bridge,,,,
4962,7.864318962170377,7.864318962170377,False,False,brownian_logprice_bridge,,,,
4963,7.864799304166916,7.864799304166917,False,False,brownian_logprice_bridge,,,,
4964,7.817608680210706,7.817608680210707,False,False,brownian_logprice_bridge,,,,
4965,7.788778142882422,7.788778142882423,False,False,brownian_logprice_bridge,,,,
4966,7.749990328778037,7.749990328778037,False,False,brownian_logprice_bridge,,,,
4967,7.634224190492735,7.634224190492733,False,False,brownian_logprice_bridge,,,,
4968,7.587707353030909,7.587707353030908,False,False,brownian_logprice_bridge,,,,
4969,7.574917623945446,7.574917623945446,False,False,brownian_logprice_bridge,,,,
4970,7.564524824726926,7.564524824726925,False,False,brownian_logprice_bridge,,,,
4971,7.562365545614417,7.562365545614418,False,False,brownian_logprice_bridge,,,,
4972,7.571452785268949,7.571452785268948,False,False,brownian_logprice_bridge,,,,
4973,7.655397128475542,7.655397128475541,False,False,brownian_logprice_bridge,,,,
4974,7.638837340526837,7.638837340526837,False,False,brownian_logprice_bridge,,,,
4975,7.6225826349288015,7.6225826349288,False,False,brownian_logprice_bridge,,,,
4976,7.655106808772357,7.6551068087723575,False,False,brownian_logprice_bridge,,,,
4977,7.704116151860035,7.704116151860033,False,False,brownian_logprice_bridge,,,,
4978,7.607921128528037,7.607921128528036,False,False,brownian_logprice_bridge,,,,
4979,7.547992046472943,7.547992046472942,False,False,brownian_logprice_bridge,,,,
4980,7.516887739399095,7.5168877393990945,False,False,brownian_logprice_bridge,,,,
4981,7.569735910986043,7.569735910986044,False,False,brownian_logprice_bridge,,,,
4982,7.657455329252275,7.657455329252274,False,False,brownian_logprice_bridge,,,,
4983,7.703653292928625,7.703653292928625,False,False,brownian_logprice_bridge,,,,
4984,7.767275361201281,7.767275361201281,False,False,brownian_logprice_bridge,,,,
4985,7.749250029694785,7.749250029694785,False,False,brownian_logprice_bridge,,,,
4986,7.760855820311628,7.760855820311628,False,False,brownian_logprice_bridge,,,,
4987,7.786789769120741,7.786789769120739,False,False,brownian_logprice_bridge,,,,
4988,7.7533295225936625,7.753329522593662,False,False,brownian_logprice_bridge,,,,
4989,7.743787409675809,7.743787409675808,False,False,brownian_logprice_bridge,,,,
4990,7.702040938816222,7.702040938816223,False,False,brownian_logprice_bridge,,,,
4991,7.679645548918215,7.6796455489182165,False,False,brownian_logprice_bridge,,,,
4992,7.764755113242299,7.764755113242298,False,False,brownian_logprice_bridge,,,,
4993,7.745681649623487,7.745681649623487,False,False,brownian_logprice_bridge,,,,
4994,7.712563362011883,7.712563362011882,False,False,brownian_logprice_bridge,,,,
4995,7.734091354656842,7.73409135465684,False,False,brownian_logprice_bridge,,,,
4996,7.791431637752449,7.791431637752449,False,False,brownian_logprice_bridge,,,,
4997,7.724888071672123,7.724888071672124,False,False,brownian_logprice_bridge,,,,
4998,7.681175888634377,7.681175888634378,False,False,brownian_logprice_bridge,,,,
4999,7.699292823721417,7.699292823721419,False,False,brownian_logprice_bridge,,,,
5000,7.73144505088069,7.731445050880688,False,False,brownian_logprice_bridge,,,,
5001,7.840131383294537,7.840131383294537,False,False,brownian_logprice_bridge,,,,
5002,7.859656810045591,7.859656810045591,False,False,brownian_logprice_bridge,,,,
5003,7.857784054994015,7.857784054994016,False,False,brownian_logprice_bridge,,,,
5004,7.832383449700135,7.832383449700136,False,False,brownian_logprice_bridge,,,,
5005,7.731884912790895,7.731884912790895,False,False,brownian_logprice_bridge,,,,
5006,7.747651086872089,7.747651086872088,False,False,brownian_logprice_bridge,,,,
5007,7.673002681609856,7.673002681609854,False,False,brownian_logprice_bridge,,,,
5008,7.719803576666443,7.719803576666442,False,False,brownian_logprice_bridge,,,,
5009,7.791628260387243,7.791628260387243,False,False,brownian_logprice_bridge,,,,
5010,7.823934548888544,7.823934548888546,False,False,brownian_logprice_bridge,,,,
5011,7.728595611711635,7.7285956117116354,False,False,brownian_logprice_bridge,,,,
5012,7.707956374331965,7.707956374331963,False,False,brownian_logprice_bridge,,,,
5013,7.700762930677802,7.700762930677802,False,False,brownian_logprice_bridge,,,,
5014,7.72136943252449,7.721369432524489,False,False,brownian_logprice_bridge,,,,
5015,7.747980317569759,7.747980317569761,False,False,brownian_logprice_bridge,,,,
5016,7.675047723376736,7.675047723376734,False,False,brownian_logprice_bridge,,,,
5017,7.685386710990457,7.685386710990458,False,False,brownian_logprice_bridge,,,,
5018,7.699224034290421,7.699224034290421,False,False,brownian_logprice_bridge,,,,
5019,7.754242476432342,7.754242476432343,False,False,brownian_logprice_bridge,,,,
5020,7.787557761388357,7.787557761388357,False,False,brownian_logprice_bridge,,,,
5021,7.672039018818577,7.672039018818578,False,False,brownian_logprice_bridge,,,,
5022,7.751271908989095,7.7512719089890965,False,False,brownian_logprice_bridge,,,,
5023,7.750916697066378,7.750916697066377,False,False,brownian_logprice_bridge,,,,
5024,7.733100760355035,7.733100760355034,False,False,brownian_logprice_bridge,,,,
5025,7.735716081290715,7.7357160812907155,False,False,brownian_logprice_bridge,,,,
5026,7.706465517366868,7.706465517366868,False,False,brownian_logprice_bridge,,,,
5027,7.795103974384998,7.795103974384998,False,False,brownian_logprice_bridge,,,,
5028,7.834401004617403,7.834401004617401,False,False,brownian_logprice_bridge,,,,
5029,7.8667115426097665,7.866711542609766,False,False,brownian_logprice_bridge,,,,
5030,7.791570071372434,7.791570071372435,False,False,brownian_logprice_bridge,,,,
5031,7.82004268037554,7.820042680375538,False,False,brownian_logprice_bridge,,,,
5032,7.72806129606512,7.7280612960651185,False,False,brownian_logprice_bridge,,,,
5033,7.722495829476863,7.722495829476863,False,False,brownian_logprice_bridge,,,,
5034,7.738321068420774,7.738321068420774,False,False,brownian_logprice_bridge,,,,
5035,7.80162121440017,7.801621214400171,False,False,brownian_logprice_bridge,,,,
5036,7.78798861399755,7.787988613997551,False,False,brownian_logprice_bridge,,,,
5037,7.731640383744448,7.731640383744447,False,False,brownian_logprice_bridge,,,,
5038,7.754907093309395,7.754907093309395,False,False,brownian_logprice_bridge,,,,
5039,7.582732899235069,7.582732899235068,False,False,brownian_logprice_bridge,,,,
5040,7.583133164041704,7.583133164041703,False,False,brownian_logprice_bridge,,,,
5041,7.558192194741025,7.558192194741026,False,False,brownian_logprice_bridge,,,,
5042,7.600484893003844,7.600484893003846,False,False,brownian_logprice_bridge,,,,
5043,7.617755073384764,7.617755073384763,False,False,brownian_logprice_bridge,,,,
5044,7.680707370062526,7.6807073700625255,False,False,brownian_logprice_bridge,,,,
5045,7.608458856967192,7.608458856967193,False,False,brownian_logprice_bridge,,,,
5046,7.654629686610709,7.654629686610708,False,False,brownian_logprice_bridge,,,,
5047,7.626090069001207,7.626090069001209,False,False,brownian_logprice_bridge,,,,
5048,7.684675258936685,7.684675258936683,False,False,brownian_logprice_bridge,,,,
5049,7.657993934453407,7.657993934453406,False,False,brownian_logprice_bridge,,,,
5050,7.663953866151106,7.663953866151106,False,False,brownian_logprice_bridge,,,,
5051,7.727783753687592,7.72778375368759,False,False,brownian_logprice_bridge,,,,
5052,7.8062226923598095,7.8062226923598095,False,False,brownian_logprice_bridge,,,,
5053,7.841278030326248,7.841278030326247,False,False,brownian_logprice_bridge,,,,
5054,7.741126267530598,7.741126267530598,False,False,brownian_logprice_bridge,,,,
5055,7.7977479382940285,7.79774793829403,False,False,brownian_logprice_bridge,,,,
5056,7.832158070409808,7.832158070409809,False,False,brownian_logprice_bridge,,,,
5057,7.818384244554876,7.818384244554875,False,False,brownian_logprice_bridge,,,,
5058,7.809275711477331,7.809275711477329,False,False,brownian_logprice_bridge,,,,
5059,7.845193181949995,7.845193181949995,False,False,brownian_logprice_bridge,,,,
5060,7.773678489199221,7.773678489199223,False,False,brownian_logprice_bridge,,,,
5061,7.809539061511989,7.80953906151199,False,False,brownian_logprice_bridge,,,,
5062,7.822653680384548,7.822653680384549,False,False,brownian_logprice_bridge,,,,
5063,7.775201298730801,7.775201298730802,False,False,brownian_logprice_bridge,,,,
5064,7.731752170946406,7.731752170946404,False,False,brownian_logprice_bridge,,,,
5065,7.7267189585126275,7.726718958512629,False,False,brownian_logprice_bridge,,,,
5066,7.746125295862198,7.746125295862198,False,False,brownian_logprice_bridge,,,,
5067,7.758916830498355,7.7589168304983565,False,False,brownian_logprice_bridge,,,,
5068,7.696326269797037,7.696326269797037,False,False,brownian_logprice_bridge,,,,
5069,7.739903454535167,7.739903454535168,False,False,brownian_logprice_bridge,,,,
5070,7.81547918114238,7.815479181142381,False,False,brownian_logprice_bridge,,,,
5071,7.806820380872181,7.80682038087218,False,False,brownian_logprice_bridge,,,,
5072,7.813038083284443,7.813038083284445,False,False,brownian_logprice_bridge,,,,
5073,7.912238139856866,7.912238139856866,False,False,brownian_logprice_bridge,,,,
5074,7.848777891237352,7.8487778912373525,False,False,brownian_logprice_bridge,,,,
5075,7.9645108152508275,7.9645108152508275,False,False,brownian_logprice_bridge,,,,
5076,8.049878842646086,8.049878842646086,False,False,brownian_logprice_bridge,,,,
5077,8.011175703708394,8.011175703708396,False,False,brownian_logprice_bridge,,,,
5078,7.932587037166235,7.932587037166234,False,False,brownian_logprice_bridge,,,,
5079,7.894436856528834,7.894436856528835,False,False,brownian_logprice_bridge,,,,
5080,7.898263764654032,7.898263764654033,False,False,brownian_logprice_bridge,,,,
5081,7.938191996792066,7.9381919967920656,False,False,brownian_logprice_bridge,,,,
5082,7.887542021104806,7.887542021104805,False,False,brownian_logprice_bridge,,,,
5083,7.80668367414001,7.806683674140011,False,False,brownian_logprice_bridge,,,,
5084,7.875115040691884,7.875115040691883,False,False,brownian_logprice_bridge,,,,
5085,7.959882202946085,7.959882202946084,False,False,brownian_logprice_bridge,,,,
5086,7.954479843398108,7.954479843398107,False,False,brownian_logprice_bridge,,,,
5087,7.903082273101761,7.903082273101761,False,False,brownian_logprice_bridge,,,,
5088,7.846981774860996,7.8469817748609945,False,False,brownian_logprice_bridge,,,,
5089,7.820031614771766,7.820031614771768,False,False,brownian_logprice_bridge,,,,
5090,7.825543922716282,7.825543922716282,False,False,brownian_logprice_bridge,,,,
5091,7.883198366414298,7.883198366414296,False,False,brownian_logprice_bridge,,,,
5092,7.802044444392769,7.8020444443927675,False,False,brownian_logprice_bridge,,,,
5093,7.757965836295517,7.757965836295516,False,False,brownian_logprice_bridge,,,,
5094,7.82059531399173,7.8205953139917295,False,False,brownian_logprice_bridge,,,,
5095,7.793211706279965,7.793211706279964,False,False,brownian_logprice_bridge,,,,
5096,7.783332158766879,7.7833321587668785,False,False,brownian_logprice_bridge,,,,
5097,7.786653197122226,7.786653197122227,False,False,brownian_logprice_bridge,,,,
5098,7.825285688640877,7.825285688640875,False,False,brownian_logprice_bridge,,,,
5099,7.815853720327906,7.8158537203279055,False,False,brownian_logprice_bridge,,,,
5100,7.840984740977761,7.84098474097776,False,False,brownian_logprice_bridge,,,,
5101,7.976735907807078,7.976735907807079,False,False,brownian_logprice_bridge,,,,
5102,8.08104535211997,8.08104535211997,False,False,brownian_logprice_bridge,,,,
5103,8.017852877533828,8.01785287753383,False,False,brownian_logprice_bridge,,,,
5104,8.028386790138734,8.028386790138734,False,False,brownian_logprice_bridge,,,,
5105,7.952604814442201,7.952604814442201,False,False,brownian_logprice_bridge,,,,
5106,8.02985206558667,8.02985206558667,False,False,brownian_logprice_bridge,,,,
5107,8.05766958005747,8.05766958005747,False,False,brownian_logprice_bridge,,,,
5108,8.078220250105606,8.078220250105604,False,False,brownian_logprice_bridge,,,,
5109,8.054307273786298,8.054307273786298,False,False,brownian_logprice_bridge,,,,
5110,8.094568301949895,8.094568301949893,False,False,brownian_logprice_bridge,,,,
5111,8.116788493803128,8.11678849380313,False,False,brownian_logprice_bridge,,,,
5112,8.103590515512169,8.103590515512169,False,False,brownian_logprice_bridge,,,,
5113,8.122000239840842,8.122000239840844,False,False,brownian_logprice_bridge,,,,
5114,8.042479524609556,8.042479524609558,False,False,brownian_logprice_bridge,,,,
5115,8.127445715220118,8.12744571522012,False,False,brownian_logprice_bridge,,,,
5116,8.031771576897905,8.031771576897903,False,False,brownian_logprice_bridge,,,,
5117,8.00976113336675,8.00976113336675,False,False,brownian_logprice_bridge,,,,
5118,8.090826236211099,8.090826236211099,False,False,brownian_logprice_bridge,,,,
5119,8.141828317506988,8.14182831750699,False,False,brownian_logprice_bridge,,,,
5120,8.318743248781514,8.318743248781512,False,False,brownian_logprice_bridge,,,,
5121,8.300637308773801,8.300637308773803,False,False,brownian_logprice_bridge,,,,
5122,8.269431358658895,8.269431358658897,False,False,brownian_logprice_bridge,,,,
5123,8.34733732910401,8.34733732910401,False,False,brownian_logprice_bridge,,,,
5124,8.480119732827042,8.480119732827044,False,False,brownian_logprice_bridge,,,,
5125,8.51433201095064,8.51433201095064,False,False,brownian_logprice_bridge,,,,
5126,8.489521438104905,8.489521438104905,False,False,brownian_logprice_bridge,,,,
5127,8.527548878565456,8.527548878565458,False,False,brownian_logprice_bridge,,,,
5128,8.562729403363056,8.562729403363058,False,False,brownian_logprice_bridge,,,,
5129,8.634187865183124,8.634187865183126,False,False,brownian_logprice_bridge,,,,
5130,8.67624060673538,8.676240606735378,False,False,brownian_logprice_bridge,,,,
5131,8.596503422800247,8.596503422800245,False,False,brownian_logprice_bridge,,,,
5132,8.543673414333854,8.543673414333853,False,False,brownian_logprice_bridge,,,,
5133,8.546829473814322,8.546829473814322,False,False,brownian_logprice_bridge,,,,
5134,8.55799001449137,8.55799001449137,False,False,brownian_logprice_bridge,,,,
5135,8.482627836414133,8.482627836414132,False,False,brownian_logprice_bridge,,,,
5136,8.467465817805774,8.467465817805774,False,False,brownian_logprice_bridge,,,,
5137,8.445337425905135,8.445337425905134,False,False,brownian_logprice_bridge,,,,
5138,8.48480422399109,8.48480422399109,False,False,brownian_logprice_bridge,,,,
5139,8.615395995802372,8.615395995802373,False,False,brownian_logprice_bridge,,,,
5140,8.458382097122458,8.458382097122458,False,False,brownian_logprice_bridge,,,,
5141,8.370752677187753,8.37075267718775,False,False,brownian_logprice_bridge,,,,
5142,8.40989716077293,8.40989716077293,False,False,brownian_logprice_bridge,,,,
5143,8.394167976623397,8.394167976623395,False,False,brownian_logprice_bridge,,,,
5144,8.357265035476841,8.35726503547684,False,False,brownian_logprice_bridge,,,,
5145,8.310695314920462,8.310695314920464,False,False,brownian_logprice_bridge,,,,
5146,8.384255040919733,8.384255040919735,False,False,brownian_logprice_bridge,,,,
5147,8.40498797433134,8.40498797433134,False,False,brownian_logprice_bridge,,,,
5148,8.360293808270782,8.360293808270782,False,False,brownian_logprice_bridge,,,,
5149,8.417503835744244,8.417503835744245,False,False,brownian_logprice_bridge,,,,
5150,8.453006521698653,8.453006521698654,False,False,brownian_logprice_bridge,,,,
5151,8.455190126736888,8.455190126736888,False,False,brownian_logprice_bridge,,,,
5152,8.355333342329507,8.355333342329505,False,False,brownian_logprice_bridge,,,,
5153,8.285343075702261,8.285343075702261,False,False,brownian_logprice_bridge,,,,
5154,8.251309383192234,8.251309383192234,False,False,brownian_logprice_bridge,,,,
5155,8.161781897641822,8.16178189764182,False,False,brownian_logprice_bridge,,,,
5156,8.165296243231412,8.165296243231412,False,False,brownian_logprice_bridge,,,,
5157,8.217117816915636,8.217117816915637,False,False,brownian_logprice_bridge,,,,
5158,8.219226778835372,8.219226778835372,False,False,brownian_logprice_bridge,,,,
5159,8.185702341752323,8.185702341752323,False,False,brownian_logprice_bridge,,,,
5160,8.205469987477196,8.205469987477196,False,False,brownian_logprice_bridge,,,,
5161,8.164685748599265,8.164685748599267,False,False,brownian_logprice_bridge,,,,
5162,8.163756521290834,8.163756521290834,False,False,brownian_logprice_bridge,,,,
5163,8.21135123053281,8.21135123053281,False,False,brownian_logprice_bridge,,,,
5164,8.176375168873683,8.176375168873681,False,False,brownian_logprice_bridge,,,,
5165,8.237789245053344,8.237789245053344,False,False,brownian_logprice_bridge,,,,
5166,8.284403882315225,8.284403882315225,False,False,brownian_logprice_bridge,,,,
5167,8.33040134154762,8.330401341547622,False,False,brownian_logprice_bridge,,,,
5168,8.357304625872791,8.357304625872793,False,False,brownian_logprice_bridge,,,,
5169,8.293907419423629,8.293907419423629,False,False,brownian_logprice_bridge,,,,
5170,8.319618599104654,8.319618599104654,False,False,brownian_logprice_bridge,,,,
5171,8.248271305308771,8.24827130530877,False,False,brownian_logprice_bridge,,,,
5172,8.328098079375192,8.328098079375192,False,False,brownian_logprice_bridge,,,,
5173,8.342762767177772,8.342762767177772,False,False,brownian_logprice_bridge,,,,
5174,8.349857295822183,8.349857295822183,False,False,brownian_logprice_bridge,,,,
5175,8.276690567384977,8.276690567384977,False,False,brownian_logprice_bridge,,,,
5176,8.235056123446753,8.235056123446752,False,False,brownian_logprice_bridge,,,,
5177,8.146113383856795,8.146113383856795,False,False,brownian_logprice_bridge,,,,
5178,8.179735078275012,8.179735078275012,False,False,brownian_logprice_bridge,,,,
5179,8.188404235050365,8.188404235050365,False,False,brownian_logprice_bridge,,,,
5180,8.241758828519554,8.241758828519556,False,False,brownian_logprice_bridge,,,,
5181,8.128477371073771,8.128477371073771,False,False,brownian_logprice_bridge,,,,
5182,8.138310737082561,8.138310737082561,False,False,brownian_logprice_bridge,,,,
5183,8.168700012968982,8.168700012968984,False,False,brownian_logprice_bridge,,,,
5184,8.255463780615765,8.255463780615765,False,False,brownian_logprice_bridge,,,,
5185,8.31835257203268,8.318352572032678,False,False,brownian_logprice_bridge,,,,
5186,8.343540262468663,8.343540262468661,False,False,brownian_logprice_bridge,,,,
5187,8.291012954172729,8.291012954172729,False,False,brownian_logprice_bridge,,,,
5188,8.365270976362277,8.365270976362275,False,False,brownian_logprice_bridge,,,,
5189,8.307176264238626,8.307176264238626,False,False,brownian_logprice_bridge,,,,
5190,8.366264590702865,8.366264590702867,False,False,brownian_logprice_bridge,,,,
5191,8.340349154894696,8.340349154894694,False,False,brownian_logprice_bridge,,,,
5192,8.322723500446779,8.32272350044678,False,False,brownian_logprice_bridge,,,,
5193,8.355308936849406,8.355308936849406,False,False,brownian_logprice_bridge,,,,
5194,8.36103353319796,8.361033533197961,False,False,brownian_logprice_bridge,,,,
5195,8.362027022215571,8.36202702221557,False,False,brownian_logprice_bridge,,,,
5196,8.43405331572186,8.43405331572186,False,False,brownian_logprice_bridge,,,,
5197,8.518519853499228,8.518519853499226,False,False,brownian_logprice_bridge,,,,
5198,8.463832088338227,8.463832088338227,False,False,brownian_logprice_bridge,,,,
5199,8.488012572154886,8.488012572154885,False,False,brownian_logprice_bridge,,,,
5200,8.541740399645656,8.541740399645656,False,False,brownian_logprice_bridge,,,,
5201,8.598042664140461,8.598042664140461,False,False,brownian_logprice_bridge,,,,
5202,8.53915764322669,8.53915764322669,False,False,brownian_logprice_bridge,,,,
5203,8.466647277730189,8.466647277730187,False,False,brownian_logprice_bridge,,,,
5204,8.514009712669147,8.514009712669148,False,False,brownian_logprice_bridge,,,,
5205,8.44071868154756,8.440718681547562,False,False,brownian_logprice_bridge,,,,
5206,8.429462413244117,8.429462413244115,False,False,brownian_logprice_bridge,,,,
5207,8.395055050368908,8.39505505036891,False,False,brownian_logprice_bridge,,,,
5208,8.387126057691926,8.387126057691926,False,False,brownian_logprice_bridge,,,,
5209,8.41525023513575,8.41525023513575,False,False,brownian_logprice_bridge,,,,
5210,8.430702629667543,8.430702629667541,False,False,brownian_logprice_bridge,,,,
5211,8.484708480745837,8.484708480745837,False,False,brownian_logprice_bridge,,,,
5212,8.570464594030716,8.570464594030714,False,False,brownian_logprice_bridge,,,,
5213,8.636687245111037,8.63668724511104,False,False,brownian_logprice_bridge,,,,
5214,8.678248990046196,8.678248990046196,False,False,brownian_logprice_bridge,,,,
5215,8.659910414283312,8.659910414283312,False,False,brownian_logprice_bridge,,,,
5216,8.588285734931057,8.588285734931056,False,False,brownian_logprice_bridge,,,,
5217,8.608822995898215,8.608822995898217,False,False,brownian_logprice_bridge,,,,
5218,8.661150552152948,8.661150552152947,False,False,brownian_logprice_bridge,,,,
5219,8.52751267937443,8.52751267937443,False,False,brownian_logprice_bridge,,,,
5220,8.49991298251179,8.499912982511791,False,False,brownian_logprice_bridge,,,,
5221,8.541005716872782,8.54100571687278,False,False,brownian_logprice_bridge,,,,
5222,8.562308867911137,8.562308867911138,False,False,brownian_logprice_bridge,,,,
5223,8.61230175642218,8.61230175642218,False,False,brownian_logprice_bridge,,,,
5224,8.53637748120161,8.53637748120161,False,False,brownian_logprice_bridge,,,,
5225,8.540558571476804,8.540558571476803,False,False,brownian_logprice_bridge,,,,
5226,8.508775079389006,8.508775079389006,False,False,brownian_logprice_bridge,,,,
5227,8.485973122166692,8.485973122166694,False,False,brownian_logprice_bridge,,,,
5228,8.533204861495184,8.533204861495186,False,False,brownian_logprice_bridge,,,,
5229,8.459786264609,8.459786264609,False,False,brownian_logprice_bridge,,,,
5230,8.562481047975211,8.562481047975213,False,False,brownian_logprice_bridge,,,,
5231,8.566606764712546,8.566606764712546,False,False,brownian_logprice_bridge,,,,
5232,8.619724620138589,8.619724620138589,False,False,brownian_logprice_bridge,,,,
5233,8.638742063121416,8.638742063121416,False,False,brownian_logprice_bridge,,,,
5234,8.673584107894737,8.673584107894735,False,False,brownian_logprice_bridge,,,,
5235,8.741362357712813,8.741362357712813,False,False,brownian_logprice_bridge,,,,
5236,8.7426726578555,8.742672657855499,False,False,brownian_logprice_bridge,,,,
5237,8.722341040926581,8.722341040926583,False,False,brownian_logprice_bridge,,,,
5238,8.736152532579396,8.736152532579395,False,False,brownian_logprice_bridge,,,,
5239,8.728832044139324,8.728832044139324,False,False,brownian_logprice_bridge,,,,
5240,8.779324467648186,8.779324467648188,False,False,brownian_logprice_bridge,,,,
5241,8.729770915508821,8.72977091550882,False,False,brownian_logprice_bridge,,,,
5242,8.797381546976133,8.797381546976133,False,False,brownian_logprice_bridge,,,,
5243,8.868660175817261,8.868660175817263,False,False,brownian_logprice_bridge,,,,
5244,8.953516024390211,8.953516024390213,False,False,brownian_logprice_bridge,,,,
5245,8.896522422343947,8.896522422343946,False,False,brownian_logprice_bridge,,,,
5246,8.935784787611722,8.935784787611723,False,False,brownian_logprice_bridge,,,,
5247,8.98137904150559,8.981379041505589,False,False,brownian_logprice_bridge,,,,
5248,8.966484640394063,8.966484640394063,False,False,brownian_logprice_bridge,,,,
5249,8.851037517868363,8.851037517868365,False,False,brownian_logprice_bridge,,,,
5250,8.861904878266335,8.861904878266335,False,False,brownian_logprice_bridge,,,,
5251,8.883925557462588,8.883925557462586,False,False,brownian_logprice_bridge,,,,
5252,8.853166475977714,8.853166475977714,False,False,brownian_logprice_bridge,,,,
5253,8.836542603338442,8.836542603338444,False,False,brownian_logprice_bridge,,,,
5254,8.823709764495304,8.823709764495305,False,False,brownian_logprice_bridge,,,,
5255,8.78769731948575,8.787697319485748,False,False,brownian_logprice_bridge,,,,
