day,original,filled,is_missing,is_interpolated,method_used,predictors_selected,uncertainty_95_log_half_width,lower_95,upper_95
2,3.897784056514299,3.8977840565142987,False,False,,gurkor,,,
3,3.8966940815418,3.8966940815418,False,False,,gurkor,,,
4,3.898328895144174,3.898328895144174,False,False,,gurkor,,,
5,3.90014430795644,3.9001443079564404,False,False,,gurkor,,,
6,3.902502700310964,3.9025027003109645,False,False,,gurkor,,,
7,3.901777238890841,3.901777238890841,False,False,,gurkor,,,
8,3.901777238890841,3.901777238890841,False,False,,gurkor,,,
9,3.907213923931632,3.9072139239316326,False,False,,gurkor,,,
10,3.9090239640537567,3.9090239640537563,False,False,,gurkor,,,
11,3.911194572148827,3.9111945721488266,False,False,,gurkor,,,
12,3.919140077173607,3.9191400771736076,False,False,,gurkor,,,
13,3.924365435893519,3.9243654358935194,False,False,,gurkor,,,
14,3.925265444193976,3.925265444193976,False,False,,gurkor,,,
15,3.9216637964465697,3.92166379644657,False,False,,gurkor,,,
16,3.923825301835075,3.9238253018350755,False,False,,gurkor,,,
17,3.933173954845492,3.933173954845492,False,False,,gurkor,,,
18,3.942851633789972,3.942851633789972,False,False,,gurkor,,,
19,3.9394500554307,3.9394500554307,False,False,,gurkor,,,
20,3.944819222666305,3.9448192226663044,False,False,,gurkor,,,
21,3.946070659381667,3.9460706593816672,False,False,,gurkor,,,
22,3.9540766118754367,3.9540766118754362,False,False,,gurkor,,,
23,3.9535435385864495,3.95354353858645,False,False,,gurkor,,,
24,3.95034313077974,3.95034313077974,False,False,,gurkor,,,
25,3.957628044089729,3.957628044089729,False,False,,gurkor,,,
26,3.952299336670921,3.952299336670921,False,False,,gurkor,,,
27,3.944466928206544,3.9444669282065443,False,False,,gurkor,,,
28,3.9469612544110704,3.9469612544110704,False,False,,gurkor,,,
29,3.944823386306808,3.944823386306808,False,False,,gurkor,,,
30,3.9398291491143,3.9398291491143,False,False,,gurkor,,,
31,3.9378648695161074,3.9378648695161074,False,False,,gurkor,,,
32,3.936792906134104,3.936792906134104,False,False,,gurkor,,,
33,3.9316063812422497,3.9316063812422493,False,False,,gurkor,,,
34,3.9283826712453487,3.928382671245349,False,False,,gurkor,,,
35,3.9298158565140473,3.929815856514047,False,False,,gurkor,,,
36,3.930415191870444,3.9304151918704435,False,False,,gurkor,,,
37,3.930180295717664,3.930180295717664,False,False,,gurkor,,,
38,3.9291113176187302,3.9291113176187302,False,False,,gurkor,,,
39,3.926972224142693,3.9269722241426934,False,False,,gurkor,,,
40,3.9228680470189983,3.9228680470189983,False,False,,gurkor,,,
41,3.916790737146451,3.9167907371464508,False,False,,gurkor,,,
42,3.921617838924424,3.921617838924424,False,False,,gurkor,,,
43,3.921617838924424,3.921617838924424,False,False,,gurkor,,,
44,3.930536537599597,3.930536537599597,False,False,,gurkor,,,
45,3.935163860269924,3.9351638602699235,False,False,,gurkor,,,
46,3.934630300161662,3.9346303001616616,False,False,,gurkor,,,
47,3.934630300161662,3.9346303001616616,False,False,,gurkor,,,
48,3.934630300161662,3.9346303001616616,False,False,,gurkor,,,
49,3.9419141486893543,3.9419141486893547,False,False,,gurkor,,,
50,3.93765256241565,3.93765256241565,False,False,,gurkor,,,
51,3.937830248463205,3.937830248463205,False,False,,gurkor,,,
52,3.938363243953984,3.9383632439539835,False,False,,gurkor,,,
53,3.939428953154655,3.939428953154655,False,False,,gurkor,,,
54,3.934452425846986,3.9344524258469855,False,False,,gurkor,,,
55,3.927685423915664,3.927685423915664,False,False,,gurkor,,,
56,3.9381855892306743,3.9381855892306747,False,False,,gurkor,,,
57,3.928041960551099,3.928041960551099,False,False,,gurkor,,,
58,3.919830926246058,3.919830926246058,False,False,,gurkor,,,
59,3.922153705956364,3.922153705956364,False,False,,gurkor,,,
60,3.916969656889509,3.916969656889509,False,False,,gurkor,,,
61,3.90783113871594,3.9078311387159403,False,False,,gurkor,,,
62,3.90944584062209,3.90944584062209,False,False,,gurkor,,,
63,3.90944584062209,3.90944584062209,False,False,,gurkor,,,
64,3.912135081670909,3.9121350816709093,False,False,,gurkor,,,
65,3.917148565987543,3.917148565987543,False,False,,gurkor,,,
66,3.909087093055273,3.9090870930552732,False,False,,gurkor,,,
67,3.9096251983260126,3.909625198326013,False,False,,gurkor,,,
68,3.908728302598004,3.9087283025980035,False,False,,gurkor,,,
69,3.911238935595715,3.9112389355957147,False,False,,gurkor,,,
70,3.9176852294290345,3.9176852294290345,False,False,,gurkor,,,
71,3.916790737146452,3.9167907371464517,False,False,,gurkor,,,
72,3.91088040226849,3.9108804022684898,False,False,,gurkor,,,
73,3.9103425219865,3.9103425219865,False,False,,gurkor,,,
74,3.9053176513756553,3.9053176513756553,False,False,,gurkor,,,
75,3.901003906668447,3.901003906668447,False,False,,gurkor,,,
76,3.901003906668447,3.901003906668447,False,False,,gurkor,,,
77,3.897404367168343,3.8974043671683436,False,False,,gurkor,,,
78,3.893980789032404,3.893980789032404,False,False,,gurkor,,,
79,3.9033412892137855,3.903341289213786,False,False,,gurkor,,,
80,3.899024695608396,3.8990246956083956,False,False,,gurkor,,,
81,3.90567685000128,3.90567685000128,False,False,,gurkor,,,
82,3.899744560113131,3.8997445601131306,False,False,,gurkor,,,
83,3.899744560113131,3.8997445601131306,False,False,,gurkor,,,
84,3.894701868107412,3.894701868107412,False,False,,gurkor,,,
85,3.898664698426959,3.898664698426959,False,False,,gurkor,,,
86,3.897944574133881,3.897944574133881,False,False,,gurkor,,,
87,3.8919969241761168,3.8919969241761163,False,False,,gurkor,,,
88,3.8907337785948783,3.890733778594879,False,False,,gurkor,,,
89,3.8907337785948783,3.890733778594879,False,False,,gurkor,,,
90,3.8907337785948783,3.890733778594879,False,False,,gurkor,,,
91,3.8907337785948783,3.890733778594879,False,False,,gurkor,,,
92,3.902560511350429,3.902560511350429,False,False,,gurkor,,,
93,3.907028163570152,3.907028163570152,False,False,,gurkor,,,
94,3.9054205756653086,3.905420575665308,False,False,,gurkor,,,
95,3.905063216834476,3.905063216834476,False,False,,gurkor,,,
96,3.90363335534182,3.90363335534182,False,False,,gurkor,,,
97,3.9111325344119927,3.9111325344119927,False,False,,gurkor,,,
98,3.912024046822796,3.912024046822796,False,False,,gurkor,,,
99,3.9097055637189904,3.9097055637189904,False,False,,gurkor,,,
100,3.9082779142933752,3.908277914293375,False,False,,gurkor,,,
101,3.9132717197793214,3.913271719779322,False,False,,gurkor,,,
102,3.9116674736183072,3.911667473618307,False,False,,gurkor,,,
103,3.918613030392503,3.9186130303925024,False,False,,gurkor,,,
104,3.920213575452697,3.920213575452697,False,False,,gurkor,,,
105,3.921635567925127,3.921635567925127,False,False,,gurkor,,,
106,3.913984443167607,3.913984443167607,False,False,,gurkor,,,
107,3.9102407572198734,3.9102407572198734,False,False,,gurkor,,,
108,3.9080994103472695,3.9080994103472695,False,False,,gurkor,,,
109,3.9132717197793214,3.913271719779322,False,False,,gurkor,,,
110,3.913449916477647,3.913449916477647,False,False,,gurkor,,,
111,3.921990961115498,3.921990961115498,False,False,,gurkor,,,
112,3.9253651064170447,3.9253651064170447,False,False,,gurkor,,,
113,3.9280262391248417,3.9280262391248417,False,False,,gurkor,,,
114,3.926074971544727,3.926074971544727,False,False,,gurkor,,,
115,3.929976244922389,3.929976244922389,False,False,,gurkor,,,
116,3.926607260694732,3.9266072606947326,False,False,,gurkor,,,
117,3.929444550165965,3.9294445501659645,False,False,,gurkor,,,
118,3.929090034925899,3.929090034925899,False,False,,gurkor,,,
119,3.926607260694732,3.9266072606947326,False,False,,gurkor,,,
120,3.922346312362196,3.922346312362196,False,False,,gurkor,,,
121,3.927139455870848,3.9271394558708477,False,False,,gurkor,,,
122,3.927848903336735,3.927848903336735,False,False,,gurkor,,,
123,3.929090034925899,3.929090034925899,False,False,,gurkor,,,
124,3.927671557118981,3.9276715571189804,False,False,,gurkor,,,
125,3.922879260617815,3.922879260617815,False,False,,gurkor,,,
126,3.928558183928246,3.9285581839282457,False,False,,gurkor,,,
127,3.927671557118981,3.9276715571189804,False,False,,gurkor,,,
128,3.932279173551568,3.9322791735515685,False,False,,gurkor,,,
129,3.939177441443856,3.9391774414438556,False,False,,gurkor,,,
130,3.940767116269637,3.9407671162696367,False,False,,gurkor,,,
131,3.941473370362436,3.9414733703624365,False,False,,gurkor,,,
132,3.946236280157657,3.946236280157657,False,False,,gurkor,,,
133,3.944120356291752,3.9441203562917524,False,False,,gurkor,,,
134,3.9483507272294287,3.9483507272294283,False,False,,gurkor,,,
135,3.949583473829655,3.9495834738296547,False,False,,gurkor,,,
136,3.949583473829655,3.9495834738296547,False,False,,gurkor,,,
137,3.950463700356309,3.9504637003563094,False,False,,gurkor,,,
138,3.9455311364315513,3.9455311364315513,False,False,,gurkor,,,
139,3.9483507272294287,3.9483507272294283,False,False,,gurkor,,,
140,3.946060009613528,3.9460600096135274,False,False,,gurkor,,,
141,3.946236280157656,3.946236280157656,False,False,,gurkor,,,
142,3.9435911442414375,3.9435911442414375,False,False,,gurkor,,,
143,3.945354824848864,3.945354824848864,False,False,,gurkor,,,
144,3.945002170890501,3.9450021708905014,False,False,,gurkor,,,
145,3.95169558846754,3.95169558846754,False,False,,gurkor,,,
146,3.9499355951014583,3.9499355951014583,False,False,,gurkor,,,
147,3.955036765868177,3.9550367658681767,False,False,,gurkor,,,
148,3.955036765868177,3.9550367658681767,False,False,,gurkor,,,
149,3.961006555911769,3.9610065559117693,False,False,,gurkor,,,
150,3.962234176263964,3.9622341762639635,False,False,,gurkor,,,
151,3.964512729139511,3.9645127291395115,False,False,,gurkor,,,
152,3.966264302035556,3.966264302035556,False,False,,gurkor,,,
153,3.970114220006343,3.970114220006343,False,False,,gurkor,,,
154,3.967669548432393,3.9676695484323936,False,False,,gurkor,,,
155,3.965397738096122,3.9653977380961223,False,False,,gurkor,,,
156,3.962949275600509,3.9629492756005096,False,False,,gurkor,,,
157,3.965048078312704,3.965048078312704,False,False,,gurkor,,,
158,3.963299176594061,3.9632991765940613,False,False,,gurkor,,,
159,3.963998857892953,3.9639988578929524,False,False,,gurkor,,,
160,3.959623207055872,3.9596232070558726,False,False,,gurkor,,,
161,3.962949275600509,3.9629492756005096,False,False,,gurkor,,,
162,3.972731336894445,3.972731336894445,False,False,,gurkor,,,
163,3.973428855552772,3.973428855552772,False,False,,gurkor,,,
164,3.977262360519374,3.977262360519374,False,False,,gurkor,,,
165,3.9697651012672632,3.9697651012672632,False,False,,gurkor,,,
166,3.963299176594061,3.9632991765940613,False,False,,gurkor,,,
167,3.963823952650256,3.9638239526502566,False,False,,gurkor,,,
168,3.9715102952369263,3.9715102952369263,False,False,,gurkor,,,
169,3.974997689660286,3.974997689660286,False,False,,gurkor,,,
170,3.975520455168225,3.9755204551682244,False,False,,gurkor,,,
171,3.971335820792463,3.9713358207924627,False,False,,gurkor,,,
172,3.9715102952369263,3.9715102952369263,False,False,,gurkor,,,
173,3.973951889895055,3.973951889895055,False,False,,gurkor,,,
174,3.980743193279099,3.980743193279099,False,False,,gurkor,,,
175,3.9854360379863714,3.9854360379863714,False,False,,gurkor,,,
176,3.984393805764846,3.9843938057648454,False,False,,gurkor,,,
177,3.988734100230237,3.988734100230237,False,False,,gurkor,,,
178,3.9882135897301008,3.9882135897301003,False,False,,gurkor,,,
179,3.991681990005599,3.9916819900055986,False,False,,gurkor,,,
180,3.991681990005599,3.9916819900055986,False,False,,gurkor,,,
181,3.9909886240383834,3.9909886240383834,False,False,,gurkor,,,
182,3.9941075363624874,3.9941075363624874,False,False,,gurkor,,,
183,3.9960119776173446,3.9960119776173446,False,False,,gurkor,,,
184,3.9972232794743423,3.9972232794743423,False,False,,gurkor,,,
185,3.999644449864444,3.9996444498644435,False,False,,gurkor,,,
186,3.994280716262654,3.9942807162626535,False,False,,gurkor,,,
187,3.9992986852706434,3.999298685270643,False,False,,gurkor,,,
188,3.992721744898444,3.992721744898444,False,False,,gurkor,,,
189,3.99376114721613,3.9937611472161296,False,False,,gurkor,,,
190,3.987692990726466,3.987692990726466,False,False,,gurkor,,,
191,3.990468496572856,3.990468496572856,False,False,,gurkor,,,
192,3.993068251496362,3.9930682514963625,False,False,,gurkor,,,
193,3.989254522268469,3.989254522268469,False,False,,gurkor,,,
194,3.991508663222067,3.991508663222067,False,False,,gurkor,,,
195,3.991855306986176,3.991855306986176,False,False,,gurkor,,,
196,3.991161980239986,3.991161980239986,False,False,,gurkor,,,
197,3.980569245798929,3.9805692457989283,False,False,,gurkor,,,
198,3.9798733568428575,3.979873356842857,False,False,,gurkor,,,
199,3.987866533563973,3.9878665335639725,False,False,,gurkor,,,
200,3.9828297912543102,3.9828297912543102,False,False,,gurkor,,,
201,3.9819605485159113,3.9819605485159113,False,False,,gurkor,,,
202,3.985609708842999,3.985609708842999,False,False,,gurkor,,,
203,3.988560606561351,3.988560606561351,False,False,,gurkor,,,
204,3.991508663222067,3.991508663222067,False,False,,gurkor,,,
205,3.991508663222067,3.991508663222067,False,False,,gurkor,,,
206,3.99583889544826,3.9958388954482595,False,False,,gurkor,,,
207,3.9960119776173446,3.9960119776173446,False,False,,gurkor,,,
208,3.987692990726465,3.9876929907264644,False,False,,gurkor,,,
209,3.983003610150573,3.9830036101505732,False,False,,gurkor,,,
210,3.983872556460319,3.983872556460319,False,False,,gurkor,,,
211,3.985957020987106,3.985957020987106,False,False,,gurkor,,,
212,3.989948280783977,3.9899482807839766,False,False,,gurkor,,,
213,3.990815258027685,3.9908152580276854,False,False,,gurkor,,,
214,3.9873458755348494,3.9873458755348494,False,False,,gurkor,,,
215,3.989601421169009,3.9896014211690094,False,False,,gurkor,,,
216,3.986651527041949,3.986651527041949,False,False,,gurkor,,,
217,3.990468496572856,3.990468496572856,False,False,,gurkor,,,
218,3.992548476909629,3.992548476909629,False,False,,gurkor,,,
219,3.9937611472161305,3.9937611472161305,False,False,,gurkor,,,
220,3.997915237341453,3.997915237341453,False,False,,gurkor,,,
221,4.004998830235879,4.004998830235879,False,False,,gurkor,,,
222,4.003272629949768,4.003272629949768,False,False,,gurkor,,,
223,4.006034085385531,4.006034085385531,False,False,,gurkor,,,
224,3.9968772420225616,3.9968772420225616,False,False,,gurkor,,,
225,4.003445293608074,4.003445293608074,False,False,,gurkor,,,
226,3.999125788370783,3.9991257883707836,False,False,,gurkor,,,
227,4.001718220298158,4.001718220298158,False,False,,gurkor,,,
228,4.004481071921036,4.004481071921036,False,False,,gurkor,,,
229,4.002927273528599,4.002927273528599,False,False,,gurkor,,,
230,4.00396322639198,4.00396322639198,False,False,,gurkor,,,
231,4.008275943541436,4.008275943541436,False,False,,gurkor,,,
232,4.008275943541436,4.008275943541436,False,False,,gurkor,,,
233,4.008275943541436,4.008275943541436,False,False,,gurkor,,,
234,4.008275943541436,4.008275943541436,False,False,,gurkor,,,
235,4.012926899232099,4.012926899232099,False,False,,gurkor,,,
236,4.013443238779024,4.013443238779024,False,False,,gurkor,,,
237,4.013443238779024,4.013443238779024,False,False,,gurkor,,,
238,4.007931148600849,4.007931148600849,False,False,,gurkor,,,
239,4.0058615670616815,4.0058615670616815,False,False,,gurkor,,,
240,4.0058615670616815,4.0058615670616815,False,False,,gurkor,,,
241,4.011549570510352,4.011549570510352,False,False,,gurkor,,,
242,4.010171625529352,4.010171625529352,False,False,,gurkor,,,
243,4.009310096632769,4.009310096632769,False,False,,gurkor,,,
244,4.011377361105056,4.011377361105056,False,False,,gurkor,,,
245,4.004135851261319,4.004135851261319,False,False,,gurkor,,,
246,4.002581878291278,4.002581878291278,False,False,,gurkor,,,
247,4.000854319439807,4.000854319439807,False,False,,gurkor,,,
248,4.003617947566873,4.003617947566873,False,False,,gurkor,,,
249,4.002581878291278,4.002581878291278,False,False,,gurkor,,,
250,3.997396283568389,3.9973962835683885,False,False,,gurkor,,,
251,3.9928950030935217,3.9928950030935217,False,False,,gurkor,,,
252,3.993587937966865,3.993587937966865,False,False,,gurkor,,,
253,3.9880400665646696,3.9880400665646696,False,False,,gurkor,,,
254,3.99376114721613,3.9937611472161296,False,False,,gurkor,,,
255,3.990121695863204,3.990121695863204,False,False,,gurkor,,,
256,3.9977422625004233,3.997742262500423,False,False,,gurkor,,,
257,4.0001630237631085,4.0001630237631085,False,False,,gurkor,,,
258,3.998434103382835,3.9984341033828352,False,False,,gurkor,,,
259,3.997396283568389,3.9973962835683885,False,False,,gurkor,,,
260,3.9873458755348494,3.9873458755348494,False,False,,gurkor,,,
261,3.9826559624763,3.9826559624763003,False,False,,gurkor,,,
262,3.9746491295637534,3.974649129563753,False,False,,gurkor,,,
263,3.974126214750613,3.9741262147506133,False,False,,gurkor,,,
264,3.9774364964043034,3.977436496404303,False,False,,gurkor,,,
265,3.97691405895286,3.9769140589528607,False,False,,gurkor,,,
266,3.977958844484617,3.977958844484617,False,False,,gurkor,,,
267,3.9786551696430985,3.978655169643099,False,False,,gurkor,,,
268,3.9746491295637534,3.974649129563753,False,False,,gurkor,,,
269,3.96836822620494,3.9683682262049405,False,False,,gurkor,,,
270,3.968018907349372,3.9680189073493715,False,False,,gurkor,,,
271,3.959623207055872,3.9596232070558726,False,False,,gurkor,,,
272,3.9455786127916777,3.9455786127916777,False,False,,gurkor,,,
273,3.9534866934859862,3.953486693485986,False,False,,gurkor,,,
274,3.955767417513645,3.955767417513645,False,False,,gurkor,,,
275,3.9374734005285776,3.937473400528577,False,False,,gurkor,,,
276,3.9263373917482784,3.926337391748279,False,False,,gurkor,,,
277,3.937649831922263,3.937649831922263,False,False,,gurkor,,,
278,3.9247431722819255,3.9247431722819255,False,False,,gurkor,,,
279,3.9112470974760702,3.9112470974760702,False,False,,gurkor,,,
280,3.9263373917482784,3.926337391748279,False,False,,gurkor,,,
281,3.94276187004188,3.94276187004188,False,False,,gurkor,,,
282,3.960645572679782,3.960645572679782,False,False,,gurkor,,,
283,3.944714726558827,3.9447147265588267,False,False,,gurkor,,,
284,3.941518486889702,3.9415184868897026,False,False,,gurkor,,,
285,3.942051427936886,3.9420514279368866,False,False,,gurkor,,,
286,3.940274592607963,3.9402745926079636,False,False,,gurkor,,,
287,3.951097106146792,3.9510971061467925,False,False,,gurkor,,,
288,3.968579783385676,3.968579783385676,False,False,,gurkor,,,
289,3.965056020626632,3.965056020626632,False,False,,gurkor,,,
290,3.960469021673301,3.9604690216733007,False,False,,gurkor,,,
291,3.945956798042492,3.9459567980424923,False,False,,gurkor,,,
292,3.934759758931377,3.934759758931377,False,False,,gurkor,,,
293,3.944182254230781,3.944182254230781,False,False,,gurkor,,,
294,3.939563566164858,3.939563566164858,False,False,,gurkor,,,
295,3.930483285565365,3.930483285565365,False,False,,gurkor,,,
296,3.931552971985732,3.9315529719857323,False,False,,gurkor,,,
297,3.9381410115751967,3.9381410115751967,False,False,,gurkor,,,
298,3.936895727005068,3.9368957270050684,False,False,,gurkor,,,
299,3.941873791349547,3.9418737913495465,False,False,,gurkor,,,
300,3.948971139151919,3.948971139151919,False,False,,gurkor,,,
301,3.948971139151919,3.948971139151919,False,False,,gurkor,,,
302,3.948971139151919,3.948971139151919,False,False,,gurkor,,,
303,3.950211467687261,3.9502114676872604,False,False,,gurkor,,,
304,3.9539294130694023,3.9539294130694023,False,False,,gurkor,,,
305,3.9539294130694023,3.9539294130694023,False,False,,gurkor,,,
306,3.9512742028110095,3.95127420281101,False,False,,gurkor,,,
307,3.958526283581522,3.9585262835815223,False,False,,gurkor,,,
308,3.9555214249897137,3.9555214249897137,False,False,,gurkor,,,
309,3.951097106146791,3.9510971061467917,False,False,,gurkor,,,
310,3.950034308955969,3.950034308955969,False,False,,gurkor,,,
311,3.941340819013805,3.9413408190138055,False,False,,gurkor,,,
312,3.9258435894867545,3.925843589486754,False,False,,gurkor,,,
313,3.913316458006704,3.913316458006704,False,False,,gurkor,,,
314,3.9045162918155145,3.904516291815514,False,False,,gurkor,,,
315,3.910266261446846,3.910266261446846,False,False,,gurkor,,,
316,3.914212985489217,3.9142129854892165,False,False,,gurkor,,,
317,3.893163688194602,3.893163688194602,False,False,,gurkor,,,
318,3.904156552392841,3.9041565523928408,False,False,,gurkor,,,
319,3.9160052384786974,3.9160052384786974,False,False,,gurkor,,,
320,3.9115225999615353,3.9115225999615353,False,False,,gurkor,,,
321,3.919586542722434,3.919586542722434,False,False,,gurkor,,,
322,3.919586542722434,3.919586542722434,False,False,,gurkor,,,
323,3.915288465521341,3.915288465521341,False,False,,gurkor,,,
324,3.904156552392841,3.9041565523928408,False,False,,gurkor,,,
325,3.905235641170932,3.9052356411709317,False,False,,gurkor,,,
326,3.9090093969210153,3.909009396921016,False,False,,gurkor,,,
327,3.903796769787736,3.903796769787736,False,False,,gurkor,,,
328,3.918512599101376,3.9185125991013754,False,False,,gurkor,,,
329,3.9172591801068912,3.9172591801068912,False,False,,gurkor,,,
330,3.9172591801068912,3.9172591801068912,False,False,,gurkor,,,
331,3.922269726301349,3.9222697263013493,False,False,,gurkor,,,
332,3.9322658857059785,3.9322658857059785,False,False,,gurkor,,,
333,3.931552971985733,3.931552971985733,False,False,,gurkor,,,
334,3.935293892529699,3.9352938925296996,False,False,,gurkor,,,
335,3.9374294832107832,3.9374294832107832,False,False,,gurkor,,,
336,3.925664996973464,3.9256649969734636,False,False,,gurkor,,,
337,3.925664996973464,3.9256649969734636,False,False,,gurkor,,,
338,3.903796769787736,3.903796769787736,False,False,,gurkor,,,
339,3.8913577186688646,3.891357718668865,False,False,,gurkor,,,
340,3.892441431357387,3.8924414313573865,False,False,,gurkor,,,
341,3.88955065672609,3.88955065672609,False,False,,gurkor,,,
342,3.88955065672609,3.88955065672609,False,False,,gurkor,,,
343,3.878503815161229,3.8785038151612294,False,False,,gurkor,,,
344,3.867233721164196,3.867233721164196,False,False,,gurkor,,,
345,3.867233721164196,3.867233721164196,False,False,,gurkor,,,
346,3.890273612710305,3.890273612710305,False,False,,gurkor,,,
347,3.884847170010567,3.8848471700105676,False,False,,gurkor,,,
348,3.879010444699734,3.8790104446997336,False,False,,gurkor,,,
349,3.8910362005439247,3.891036200543925,False,False,,gurkor,,,
350,3.889217229076908,3.889217229076908,False,False,,gurkor,,,
351,3.900114490790114,3.9001144907901146,False,False,,gurkor,,,
352,3.878645269425524,3.878645269425524,False,False,,gurkor,,,
353,3.879010444699734,3.8790104446997336,False,False,,gurkor,,,
354,3.870416955475861,3.870416955475861,False,False,,gurkor,,,
355,3.86069651307314,3.86069651307314,False,False,,gurkor,,,
356,3.857755767875455,3.8577557678754553,False,False,,gurkor,,,
357,3.843377628349104,3.843377628349104,False,False,,gurkor,,,
358,3.843931929552254,3.843931929552254,False,False,,gurkor,,,
359,3.872247438160068,3.8722474381600676,False,False,,gurkor,,,
360,3.8819302362719816,3.881930236271982,False,False,,gurkor,,,
361,3.871515380366348,3.871515380366348,False,False,,gurkor,,,
362,3.878645269425524,3.878645269425524,False,False,,gurkor,,,
363,3.883571362651356,3.8835713626513564,False,False,,gurkor,,,
364,3.885758126947354,3.8857581269473545,False,False,,gurkor,,,
365,3.873345186957973,3.8733451869579736,False,False,,gurkor,,,
366,3.872247438160068,3.8722474381600676,False,False,,gurkor,,,
367,3.876453276655576,3.876453276655576,False,False,,gurkor,,,
368,3.869684446569465,3.8696844465694644,False,False,,gurkor,,,
369,3.8731622569683264,3.8731622569683264,False,False,,gurkor,,,
370,3.8727963632227778,3.872796363222778,False,False,,gurkor,,,
371,3.8830244209104823,3.8830244209104827,False,False,,gurkor,,,
372,3.898119629531035,3.898119629531035,False,False,,gurkor,,,
373,3.902651484484493,3.902651484484493,False,False,,gurkor,,,
374,3.897393895651151,3.897393895651151,False,False,,gurkor,,,
375,3.9136805429746575,3.9136805429746575,False,False,,gurkor,,,
376,3.907899863339062,3.907899863339062,False,False,,gurkor,,,
377,3.914943584884423,3.914943584884423,False,False,,gurkor,,,
378,3.91872952972412,3.91872952972412,False,False,,gurkor,,,
379,3.904643330631673,3.9046433306316723,False,False,,gurkor,,,
380,3.9089845890426784,3.9089845890426784,False,False,,gurkor,,,
381,3.9024703418915134,3.902470341891514,False,False,,gurkor,,,
382,3.9093460771589816,3.909346077158982,False,False,,gurkor,,,
383,3.9044623084010746,3.904462308401074,False,False,,gurkor,,,
384,3.897393895651151,3.897393895651151,False,False,,gurkor,,,
385,3.8893991760895767,3.8893991760895767,False,False,,gurkor,,,
386,3.9041002311393855,3.904100231139386,False,False,,gurkor,,,
387,3.906814745298133,3.9068147452981337,False,False,,gurkor,,,
388,3.911514092131027,3.9115140921310276,False,False,,gurkor,,,
389,3.9120558513569534,3.912055851356953,False,False,,gurkor,,,
390,3.9017456619710607,3.901745661971061,False,False,,gurkor,,,
391,3.899751887606832,3.899751887606832,False,False,,gurkor,,,
392,3.8937625827940425,3.8937625827940425,False,False,,gurkor,,,
393,3.8875792067702553,3.887579206770255,False,False,,gurkor,,,
394,3.8886713215023385,3.888671321502338,False,False,,gurkor,,,
395,3.867852383643376,3.867852383643376,False,False,,gurkor,,,
396,3.866385919033143,3.866385919033143,False,False,,gurkor,,,
397,3.8651021679150777,3.8651021679150777,False,False,,gurkor,,,
398,3.872979315723899,3.8729793157238994,False,False,,gurkor,,,
399,3.86565241496463,3.86565241496463,False,False,,gurkor,,,
400,3.8680356408017422,3.8680356408017422,False,False,,gurkor,,,
401,3.8623494007694408,3.862349400769441,False,False,,gurkor,,,
402,3.8599616003588615,3.8599616003588615,False,False,,gurkor,,,
403,3.863634343363842,3.8636343433638425,False,False,,gurkor,,,
404,3.862532998087991,3.862532998087991,False,False,,gurkor,,,
405,3.8667526031033246,3.8667526031033246,False,False,,gurkor,,,
406,3.8748082219329567,3.8748082219329567,False,False,,gurkor,,,
407,3.8748082219329567,3.8748082219329567,False,False,,gurkor,,,
408,3.873711013180596,3.873711013180596,False,False,,gurkor,,,
409,3.869501291119461,3.8695012911194606,False,False,,gurkor,,,
410,3.8610639011043992,3.8610639011043997,False,False,,gurkor,,,
411,3.8546280232604095,3.8546280232604095,False,False,,gurkor,,,
412,3.85020674758772,3.8502067475877206,False,False,,gurkor,,,
413,3.840049632046909,3.840049632046909,False,False,,gurkor,,,
414,3.842108972924828,3.8421089729248283,False,False,,gurkor,,,
415,3.8510784100823567,3.8510784100823567,False,False,,gurkor,,,
416,3.8336752829668033,3.833675282966803,False,False,,gurkor,,,
417,3.8391130922917975,3.8391130922917975,False,False,,gurkor,,,
418,3.842857467781122,3.842857467781122,False,False,,gurkor,,,
419,3.832361202200691,3.8323612022006914,False,False,,gurkor,,,
420,3.845101813759902,3.845101813759902,False,False,,gurkor,,,
421,3.822957791211357,3.822957791211357,False,False,,gurkor,,,
422,3.827851320119108,3.827851320119108,False,False,,gurkor,,,
423,3.821827356036386,3.821827356036386,False,False,,gurkor,,,
424,3.822581027869491,3.8225810278694907,False,False,,gurkor,,,
425,3.83254896395783,3.83254896395783,False,False,,gurkor,,,
426,3.838551025563824,3.8385510255638238,False,False,,gurkor,,,
427,3.837614009377393,3.837614009377393,False,False,,gurkor,,,
428,3.839113092291797,3.839113092291797,False,False,,gurkor,,,
429,3.8497720622764975,3.8497720622764975,False,False,,gurkor,,,
430,3.842483244093032,3.842483244093032,False,False,,gurkor,,,
431,3.835363953739273,3.835363953739273,False,False,,gurkor,,,
432,3.835363953739273,3.835363953739273,False,False,,gurkor,,,
433,3.826722767649516,3.826722767649516,False,False,,gurkor,,,
434,3.818433434412971,3.818433434412971,False,False,,gurkor,,,
435,3.824087791144418,3.824087791144418,False,False,,gurkor,,,
436,3.827851320119108,3.827851320119108,False,False,,gurkor,,,
437,3.840236904298047,3.8402369042980475,False,False,,gurkor,,,
438,3.847904848867176,3.847904848867176,False,False,,gurkor,,,
439,3.84697079942238,3.8469707994223805,False,False,,gurkor,,,
440,3.862623813221904,3.8626238132219046,False,False,,gurkor,,,
441,3.864296025716328,3.864296025716328,False,False,,gurkor,,,
442,3.877085132454506,3.8770851324545057,False,False,,gurkor,,,
443,3.873013419044128,3.873013419044128,False,False,,gurkor,,,
444,3.864667500508424,3.864667500508424,False,False,,gurkor,,,
445,3.864110270875922,3.864110270875922,False,False,,gurkor,,,
446,3.854434942519484,3.8544349425194846,False,False,,gurkor,,,
447,3.847904848867176,3.847904848867176,False,False,,gurkor,,,
448,3.83311217734974,3.8331121773497405,False,False,,gurkor,,,
449,3.8321734284601088,3.832173428460109,False,False,,gurkor,,,
450,3.843418714324494,3.843418714324494,False,False,,gurkor,,,
451,3.8482783859617102,3.8482783859617102,False,False,,gurkor,,,
452,3.841547477110821,3.841547477110821,False,False,,gurkor,,,
453,3.845475705553322,3.8454757055533224,False,False,,gurkor,,,
454,3.8363016858320544,3.836301685832055,False,False,,gurkor,,,
455,3.840798649689344,3.840798649689344,False,False,,gurkor,,,
456,3.846410227929825,3.8464102279298245,False,False,,gurkor,,,
457,3.8398623478986,3.8398623478985994,False,False,,gurkor,,,
458,3.845662633693849,3.8456626336938484,False,False,,gurkor,,,
459,3.8579738233529866,3.857973823352986,False,False,,gurkor,,,
460,3.864667500508425,3.864667500508425,False,False,,gurkor,,,
461,3.859090486573861,3.8590904865738613,False,False,,gurkor,,,
462,3.862995497485453,3.862995497485453,False,False,,gurkor,,,
463,3.8698632719055146,3.869863271905514,False,False,,gurkor,,,
464,3.8698632719055146,3.869863271905514,False,False,,gurkor,,,
465,3.854621304923703,3.854621304923703,False,False,,gurkor,,,
466,3.8551803217295775,3.855180321729577,False,False,,gurkor,,,
467,3.859276556194665,3.8592765561946645,False,False,,gurkor,,,
468,3.866152934789314,3.866152934789314,False,False,,gurkor,,,
469,3.874494687014778,3.874494687014778,False,False,,gurkor,,,
470,3.881705328797581,3.881705328797581,False,False,,gurkor,,,
471,3.885211893072824,3.885211893072824,False,False,,gurkor,,,
472,3.881151283470525,3.8811512834705253,False,False,,gurkor,,,
473,3.873754145255019,3.873754145255019,False,False,,gurkor,,,
474,3.880412396070091,3.8804123960700907,False,False,,gurkor,,,
475,3.879118901947475,3.879118901947475,False,False,,gurkor,,,
476,3.885027439830514,3.885027439830514,False,False,,gurkor,,,
477,3.881335976692771,3.8813359766927715,False,False,,gurkor,,,
478,3.878379510134104,3.8783795101341045,False,False,,gurkor,,,
479,3.878379510134104,3.8783795101341045,False,False,,gurkor,,,
480,3.878379510134104,3.8783795101341045,False,False,,gurkor,,,
481,3.878379510134104,3.8783795101341045,False,False,,gurkor,,,
482,3.878379510134104,3.8783795101341045,False,False,,gurkor,,,
483,3.878379510134104,3.8783795101341045,False,False,,gurkor,,,
484,3.878379510134104,3.8783795101341045,False,False,,gurkor,,,
485,3.878379510134104,3.8783795101341045,False,False,,gurkor,,,
486,3.878379510134104,3.8783795101341045,False,False,,gurkor,,,
487,3.878379510134104,3.8783795101341045,False,False,,gurkor,,,
488,3.878379510134104,3.8783795101341045,False,False,,gurkor,,,
489,3.878379510134104,3.8783795101341045,False,False,,gurkor,,,
490,3.878379510134104,3.8783795101341045,False,False,,gurkor,,,
491,3.878379510134104,3.8783795101341045,False,False,,gurkor,,,
492,3.878379510134104,3.8783795101341045,False,False,,gurkor,,,
493,3.878379510134104,3.8783795101341045,False,False,,gurkor,,,
494,3.878379510134104,3.8783795101341045,False,False,,gurkor,,,
495,3.878379510134104,3.8783795101341045,False,False,,gurkor,,,
496,3.878379510134104,3.8783795101341045,False,False,,gurkor,,,
497,3.834613552983875,3.8346135529838756,False,False,,gurkor,,,
498,3.8342382808660815,3.834238280866082,False,False,,gurkor,,,
499,3.825405574920546,3.8254055749205453,False,False,,gurkor,,,
500,3.831610035316519,3.831610035316519,False,False,,gurkor,,,
501,3.828603447715268,3.828603447715268,False,False,,gurkor,,,
502,3.841360288081354,3.841360288081354,False,False,,gurkor,,,
503,3.8389257486262376,3.838925748626237,False,False,,gurkor,,,
504,3.8449148501028634,3.8449148501028634,False,False,,gurkor,,,
505,3.8529436205504113,3.852943620550411,False,False,,gurkor,,,
506,3.851264984081834,3.8512649840818343,False,False,,gurkor,,,
507,3.8477180626061753,3.8477180626061753,False,False,,gurkor,,,
508,3.8540621824953902,3.8540621824953902,False,False,,gurkor,,,
509,3.8529436205504113,3.852943620550411,False,False,,gurkor,,,
510,3.85313007691493,3.85313007691493,False,False,,gurkor,,,
511,3.845101813759902,3.845101813759902,False,False,,gurkor,,,
512,3.848465136799376,3.848465136799376,False,False,,gurkor,,,
513,3.850518617426921,3.850518617426921,False,False,,gurkor,,,
514,3.862252082364731,3.862252082364731,False,False,,gurkor,,,
515,3.867266522818673,3.8672665228186727,False,False,,gurkor,,,
516,3.863738726296316,3.863738726296316,False,False,,gurkor,,,
517,3.8657816459200154,3.865781645920016,False,False,,gurkor,,,
518,3.864853220464145,3.864853220464145,False,False,,gurkor,,,
519,3.8618803048977663,3.861880304897766,False,False,,gurkor,,,
520,3.8680086828500806,3.868008682850081,False,False,,gurkor,,,
521,3.8680086828500806,3.868008682850081,False,False,,gurkor,,,
522,3.8739392979822855,3.8739392979822855,False,False,,gurkor,,,
523,3.8728282086560095,3.87282820865601,False,False,,gurkor,,,
524,3.874864888765196,3.8748648887651957,False,False,,gurkor,,,
525,3.869307016765263,3.8693070167652626,False,False,,gurkor,,,
526,3.86280966117687,3.8628096611768705,False,False,,gurkor,,,
527,3.864667500508424,3.864667500508424,False,False,,gurkor,,,
528,3.872642986729759,3.872642986729759,False,False,,gurkor,,,
529,3.8698632719055146,3.869863271905514,False,False,,gurkor,,,
530,3.870419422915433,3.870419422915433,False,False,,gurkor,,,
531,3.87004866714286,3.87004866714286,False,False,,gurkor,,,
532,3.866152934789314,3.866152934789314,False,False,,gurkor,,,
533,3.8652246255050016,3.865224625505001,False,False,,gurkor,,,
534,3.877455012081683,3.8774550120816826,False,False,,gurkor,,,
535,3.870790132431829,3.8707901324318295,False,False,,gurkor,,,
536,3.882259271135029,3.882259271135029,False,False,,gurkor,,,
537,3.87727007801337,3.8772700780133698,False,False,,gurkor,,,
538,3.883735947599497,3.8837359475994964,False,False,,gurkor,,,
539,3.87727007801337,3.8772700780133698,False,False,,gurkor,,,
540,3.873013419044127,3.873013419044127,False,False,,gurkor,,,
541,3.876900175403112,3.8769001754031116,False,False,,gurkor,,,
542,3.870604783454654,3.8706047834546538,False,False,,gurkor,,,
543,3.8622520823647295,3.862252082364729,False,False,,gurkor,,,
544,3.8615084808048303,3.8615084808048303,False,False,,gurkor,,,
545,3.8694924467187146,3.869492446718715,False,False,,gurkor,,,
546,3.8681941938778,3.8681941938778004,False,False,,gurkor,,,
547,3.882443895703423,3.8824438957034224,False,False,,gurkor,,,
548,3.878564375300575,3.8785643753005754,False,False,,gurkor,,,
549,3.894787789634784,3.8947877896347842,False,False,,gurkor,,,
550,3.894787789634784,3.8947877896347842,False,False,,gurkor,,,
551,3.895523127406313,3.8955231274063125,False,False,,gurkor,,,
552,3.899013515385927,3.899013515385927,False,False,,gurkor,,,
553,3.8912924629026167,3.891292462902617,False,False,,gurkor,,,
554,3.892396692000955,3.892396692000955,False,False,,gurkor,,,
555,3.896993260786096,3.8969932607860964,False,False,,gurkor,,,
556,3.89533930991468,3.8953393099146796,False,False,,gurkor,,,
557,3.895890728498617,3.895890728498617,False,False,,gurkor,,,
558,3.893316571313112,3.893316571313112,False,False,,gurkor,,,
559,3.89533930991468,3.8953393099146796,False,False,,gurkor,,,
560,3.890371960100758,3.890371960100758,False,False,,gurkor,,,
561,3.902499838063025,3.902499838063025,False,False,,gurkor,,,
562,3.9079963128196247,3.9079963128196247,False,False,,gurkor,,,
563,3.9101920854843706,3.9101920854843706,False,False,,gurkor,,,
564,3.908179355255047,3.908179355255047,False,False,,gurkor,,,
565,3.904149838919913,3.9041498389199134,False,False,,gurkor,,,
566,3.8997478154519913,3.899747815451991,False,False,,gurkor,,,
567,3.895890728498617,3.895890728498617,False,False,,gurkor,,,
568,3.902499838063025,3.902499838063025,False,False,,gurkor,,,
569,3.906531571123614,3.906531571123614,False,False,,gurkor,,,
570,3.906531571123614,3.906531571123614,False,False,,gurkor,,,
571,3.906531571123614,3.906531571123614,False,False,,gurkor,,,
572,3.9098262349171393,3.9098262349171393,False,False,,gurkor,,,
573,3.9012158755350055,3.9012158755350055,False,False,,gurkor,,,
574,3.9030499393050886,3.9030499393050886,False,False,,gurkor,,,
575,3.904516382441497,3.904516382441497,False,False,,gurkor,,,
576,3.907630194442385,3.9076301944423855,False,False,,gurkor,,,
577,3.905982108515529,3.9059821085155284,False,False,,gurkor,,,
578,3.911655042080491,3.911655042080491,False,False,,gurkor,,,
579,3.91037499404868,3.91037499404868,False,False,,gurkor,,,
580,3.911106516887727,3.911106516887727,False,False,,gurkor,,,
581,3.911106516887727,3.911106516887727,False,False,,gurkor,,,
582,3.908911413352737,3.908911413352737,False,False,,gurkor,,,
583,3.916404736275688,3.916404736275688,False,False,,gurkor,,,
584,3.9215114145100793,3.9215114145100793,False,False,,gurkor,,,
585,3.9238794302901434,3.9238794302901434,False,False,,gurkor,,,
586,3.9238794302901434,3.9238794302901434,False,False,,gurkor,,,
587,3.933695938926309,3.933695938926309,False,False,,gurkor,,,
588,3.934966114493781,3.934966114493781,False,False,,gurkor,,,
589,3.932425228898407,3.932425228898407,False,False,,gurkor,,,
590,3.928428082405474,3.9284280824054734,False,False,,gurkor,,,
591,3.9260636400096303,3.9260636400096303,False,False,,gurkor,,,
592,3.9371423166753416,3.937142316675342,False,False,,gurkor,,,
593,3.936417090069861,3.9364170900698605,False,False,,gurkor,,,
594,3.935328923719588,3.935328923719588,False,False,,gurkor,,,
595,3.934058900740854,3.9340589007408546,False,False,,gurkor,,,
596,3.9385922480991153,3.938592248099116,False,False,,gurkor,,,
597,3.940765842496597,3.9407658424965963,False,False,,gurkor,,,
598,3.9498057236297033,3.9498057236297033,False,False,,gurkor,,,
599,3.9498057236297033,3.9498057236297033,False,False,,gurkor,,,
600,3.949986246442817,3.949986246442817,False,False,,gurkor,,,
601,3.949986246442817,3.949986246442817,False,False,,gurkor,,,
602,3.957378449701171,3.9573784497011713,False,False,,gurkor,,,
603,3.953053491563312,3.9530534915633115,False,False,,gurkor,,,
604,3.956477924569448,3.956477924569448,False,False,,gurkor,,,
605,3.9670871630614695,3.9670871630614695,False,False,,gurkor,,,
606,3.9670871630614695,3.9670871630614695,False,False,,gurkor,,,
607,3.9735424821449055,3.9735424821449055,False,False,,gurkor,,,
608,3.9661503288618487,3.9661503288618487,False,False,,gurkor,,,
609,3.9607300453832073,3.960730045383207,False,False,,gurkor,,,
610,3.940408409451231,3.940408409451231,False,False,,gurkor,,,
611,3.9311094205158255,3.931109420515826,False,False,,gurkor,,,
612,3.945138088009078,3.9451380880090774,False,False,,gurkor,,,
613,3.941136533577913,3.941136533577913,False,False,,gurkor,,,
614,3.941136533577913,3.941136533577913,False,False,,gurkor,,,
615,3.935124259695828,3.935124259695828,False,False,,gurkor,,,
616,3.946046795151143,3.9460467951511426,False,False,,gurkor,,,
617,3.9487712825,3.9487712825,False,False,,gurkor,,,
618,3.945319851248095,3.9453198512480947,False,False,,gurkor,,,
619,3.9547565519589503,3.95475655195895,False,False,,gurkor,,,
620,3.938405163864112,3.9384051638641115,False,False,,gurkor,,,
621,3.932752500029967,3.932752500029967,False,False,,gurkor,,,
622,3.9358536573953233,3.935853657395323,False,False,,gurkor,,,
623,3.935488980556901,3.9354889805569004,False,False,,gurkor,,,
624,3.924711146021556,3.924711146021556,False,False,,gurkor,,,
625,3.918849381713001,3.9188493817130006,False,False,,gurkor,,,
626,3.9208656508012254,3.920865650801226,False,False,,gurkor,,,
627,3.924894142439213,3.9248941424392134,False,False,,gurkor,,,
628,3.937494158781957,3.9374941587819574,False,False,,gurkor,,,
629,3.9296481540386177,3.9296481540386177,False,False,,gurkor,,,
630,3.94695522979634,3.9469552297963406,False,False,,gurkor,,,
631,3.954212924131304,3.9542129241313044,False,False,,gurkor,,,
632,3.949134362509594,3.949134362509594,False,False,,gurkor,,,
633,3.9505862479246767,3.9505862479246767,False,False,,gurkor,,,
634,3.946410201696184,3.946410201696184,False,False,,gurkor,,,
635,3.944956313861116,3.944956313861116,False,False,,gurkor,,,
636,3.946955229796339,3.946955229796339,False,False,,gurkor,,,
637,3.943319855328616,3.9433198553286157,False,False,,gurkor,,,
638,3.939133770345229,3.939133770345229,False,False,,gurkor,,,
639,3.933117507397224,3.933117507397224,False,False,,gurkor,,,
640,3.933299994535514,3.9332999945355143,False,False,,gurkor,,,
641,3.943319855328616,3.9433198553286157,False,False,,gurkor,,,
642,3.945319851248095,3.9453198512480947,False,False,,gurkor,,,
643,3.9487712825,3.9487712825,False,False,,gurkor,,,
644,3.946228503872688,3.946228503872688,False,False,,gurkor,,,
645,3.944592732831179,3.944592732831179,False,False,,gurkor,,,
646,3.947681781466667,3.9476817814666676,False,False,,gurkor,,,
647,3.946410201696184,3.946410201696184,False,False,,gurkor,,,
648,3.957654257884231,3.957654257884231,False,False,,gurkor,,,
649,3.959102075024909,3.9591020750249086,False,False,,gurkor,,,
650,3.9630800205093744,3.963080020509374,False,False,,gurkor,,,
651,3.963260712653872,3.9632607126538724,False,False,,gurkor,,,
652,3.961634096855932,3.9616340968559314,False,False,,gurkor,,,
653,3.961272508517382,3.9612725085173817,False,False,,gurkor,,,
654,3.964705863672065,3.964705863672065,False,False,,gurkor,,,
655,3.9587401854003623,3.9587401854003623,False,False,,gurkor,,,
656,3.951856077754936,3.9518560777549356,False,False,,gurkor,,,
657,3.945319851248094,3.945319851248094,False,False,,gurkor,,,
658,3.948589726186917,3.9485897261869165,False,False,,gurkor,,,
659,3.948044991992962,3.9480449919929623,False,False,,gurkor,,,
660,3.951674706034493,3.951674706034493,False,False,,gurkor,,,
661,3.95982572503803,3.9598257250380304,False,False,,gurkor,,,
662,3.9601874854549655,3.9601874854549655,False,False,,gurkor,,,
663,3.960549202831057,3.960549202831057,False,False,,gurkor,,,
664,3.9587401854003623,3.9587401854003623,False,False,,gurkor,,,
665,3.962357144594542,3.962357144594542,False,False,,gurkor,,,
666,3.962357144594542,3.962357144594542,False,False,,gurkor,,,
667,3.964705863672065,3.964705863672065,False,False,,gurkor,,,
668,3.963260712653872,3.9632607126538724,False,False,,gurkor,,,
669,3.959283003680037,3.959283003680037,False,False,,gurkor,,,
670,3.9683157426865736,3.9683157426865736,False,False,,gurkor,,,
671,3.971380780130771,3.971380780130771,False,False,,gurkor,,,
672,3.9764223708044177,3.9764223708044177,False,False,,gurkor,,,
673,3.975879430887106,3.975879430887106,False,False,,gurkor,,,
674,3.9722573606059934,3.9722573606059934,False,False,,gurkor,,,
675,3.974068933266374,3.974068933266374,False,False,,gurkor,,,
676,3.975336394375003,3.9753363943750033,False,False,,gurkor,,,
677,3.977688855232024,3.977688855232024,False,False,,gurkor,,,
678,3.987441275247536,3.9874412752475354,False,False,,gurkor,,,
679,3.991225503940192,3.991225503940192,False,False,,gurkor,,,
680,3.987801879526994,3.9878018795269936,False,False,,gurkor,,,
681,3.9869002891666687,3.9869002891666687,False,False,,gurkor,,,
682,3.9908653025684777,3.9908653025684773,False,False,,gurkor,,,
683,3.99913924670126,3.99913924670126,False,False,,gurkor,,,
684,3.996084084146489,3.996084084146489,False,False,,gurkor,,,
685,3.979316420945624,3.979316420945624,False,False,,gurkor,,,
686,3.976784277108988,3.976784277108988,False,False,,gurkor,,,
687,3.981846467703894,3.9818464677038934,False,False,,gurkor,,,
688,3.9662715212176174,3.966271521217618,False,False,,gurkor,,,
689,3.968449550891729,3.9684495508917292,False,False,,gurkor,,,
690,3.973525574427794,3.9735255744277946,False,False,,gurkor,,,
691,3.979858750198338,3.9798587501983382,False,False,,gurkor,,,
692,3.979858750198338,3.9798587501983382,False,False,,gurkor,,,
693,3.982207732045112,3.982207732045112,False,False,,gurkor,,,
694,3.9789548146165536,3.9789548146165536,False,False,,gurkor,,,
695,3.9794972080602258,3.9794972080602253,False,False,,gurkor,,,
696,3.9794972080602258,3.9794972080602253,False,False,,gurkor,,,
697,3.979677984477224,3.9796779844772243,False,False,,gurkor,,,
698,3.977146140517761,3.9771461405177604,False,False,,gurkor,,,
699,3.977507961044776,3.977507961044776,False,False,,gurkor,,,
700,3.985457191938581,3.985457191938581,False,False,,gurkor,,,
701,3.9852767569230383,3.9852767569230383,False,False,,gurkor,,,
702,3.9838328935480662,3.9838328935480662,False,False,,gurkor,,,
703,3.98852296068948,3.98852296068948,False,False,,gurkor,,,
704,3.991045408547557,3.991045408547557,False,False,,gurkor,,,
705,3.988703204449268,3.9887032044492674,False,False,,gurkor,,,
706,3.986178825617551,3.9861788256175505,False,False,,gurkor,,,
707,3.986539578651395,3.986539578651395,False,False,,gurkor,,,
708,3.993745728823848,3.993745728823848,False,False,,gurkor,,,
709,3.993385823535463,3.993385823535463,False,False,,gurkor,,,
710,3.991405588748102,3.991405588748102,False,False,,gurkor,,,
711,3.992845886367867,3.992845886367867,False,False,,gurkor,,,
712,3.998061301276331,3.998061301276331,False,False,,gurkor,,,
713,4.003267869154342,4.003267869154342,False,False,,gurkor,,,
714,4.001832455835381,4.001832455835381,False,False,,gurkor,,,
715,3.997342460623264,3.9973424606232646,False,False,,gurkor,,,
716,4.003985324470462,4.003985324470462,False,False,,gurkor,,,
717,4.002191372034821,4.002191372034821,False,False,,gurkor,,,
718,4.009539934888701,4.009539934888701,False,False,,gurkor,,,
719,4.009897952737431,4.009897952737431,False,False,,gurkor,,,
720,4.009002830025484,4.009002830025484,False,False,,gurkor,,,
721,4.01276059788469,4.01276059788469,False,False,,gurkor,,,
722,4.014190923420003,4.014190923420003,False,False,,gurkor,,,
723,4.016870995982164,4.016870995982164,False,False,,gurkor,,,
724,4.014727124377413,4.014727124377413,False,False,,gurkor,,,
725,4.0145484010902015,4.0145484010902015,False,False,,gurkor,,,
726,4.009897952737431,4.009897952737431,False,False,,gurkor,,,
727,4.01150851804892,4.01150851804892,False,False,,gurkor,,,
728,4.0175852887291645,4.0175852887291645,False,False,,gurkor,,,
729,4.019905598523708,4.019905598523708,False,False,,gurkor,,,
730,4.022937220029378,4.022937220029378,False,False,,gurkor,,,
731,4.030058734237792,4.030058734237792,False,False,,gurkor,,,
732,4.027390088567642,4.027390088567642,False,False,,gurkor,,,
733,4.027746041068859,4.027746041068859,False,False,,gurkor,,,
734,4.036276639681548,4.036276639681548,False,False,,gurkor,,,
735,4.042127829910445,4.042127829910445,False,False,,gurkor,,,
736,4.04531474312532,4.04531474312532,False,False,,gurkor,,,
737,4.049912296970187,4.049912296970187,False,False,,gurkor,,,
738,4.0536454869236005,4.0536454869236005,False,False,,gurkor,,,
739,4.04688690445991,4.04688690445991,False,False,,gurkor,,,
740,4.044571379636164,4.044571379636164,False,False,,gurkor,,,
741,4.0465307822055285,4.0465307822055285,False,False,,gurkor,,,
742,4.046174619121892,4.046174619121892,False,False,,gurkor,,,
743,4.04848894968995,4.04848894968995,False,False,,gurkor,,,
744,4.0536454869236005,4.0536454869236005,False,False,,gurkor,,,
745,4.056841803312138,4.056841803312138,False,False,,gurkor,,,
746,4.048310985444023,4.048310985444023,False,False,,gurkor,,,
747,4.044036782480003,4.044036782480003,False,False,,gurkor,,,
748,4.049022781297075,4.049022781297075,False,False,,gurkor,,,
749,4.045105884765972,4.045105884765972,False,False,,gurkor,,,
750,4.049022781297075,4.049022781297075,False,False,,gurkor,,,
751,4.049022781297075,4.049022781297075,False,False,,gurkor,,,
752,4.054711290402105,4.054711290402105,False,False,,gurkor,,,
753,4.056309311732584,4.056309311732584,False,False,,gurkor,,,
754,4.058083929745725,4.058083929745725,False,False,,gurkor,,,
755,4.06534931813765,4.06534931813765,False,False,,gurkor,,,
756,4.063755926045789,4.063755926045789,False,False,,gurkor,,,
757,4.068180008325701,4.068180008325701,False,False,,gurkor,,,
758,4.061098462596055,4.061098462596055,False,False,,gurkor,,,
759,4.062870356464046,4.062870356464046,False,False,,gurkor,,,
760,4.067826312363791,4.067826312363791,False,False,,gurkor,,,
761,4.069064073033322,4.069064073033322,False,False,,gurkor,,,
762,4.070124620534922,4.070124620534922,False,False,,gurkor,,,
763,4.07418672204512,4.07418672204512,False,False,,gurkor,,,
764,4.078596074555524,4.078596074555524,False,False,,gurkor,,,
765,4.086693099844431,4.086693099844431,False,False,,gurkor,,,
766,4.081943034206812,4.081943034206812,False,False,,gurkor,,,
767,4.089855819047298,4.089855819047298,False,False,,gurkor,,,
768,4.085462292078662,4.085462292078662,False,False,,gurkor,,,
769,4.0849346551522245,4.0849346551522245,False,False,,gurkor,,,
770,4.0849346551522245,4.0849346551522245,False,False,,gurkor,,,
771,4.090558213019498,4.090558213019498,False,False,,gurkor,,,
772,4.084231001125244,4.084231001125244,False,False,,gurkor,,,
773,4.077714700875065,4.077714700875065,False,False,,gurkor,,,
774,4.070831452269841,4.070831452269841,False,False,,gurkor,,,
775,4.078243554857023,4.078243554857023,False,False,,gurkor,,,
776,4.0747161725386185,4.0747161725386185,False,False,,gurkor,,,
777,4.076480360674305,4.076480360674305,False,False,,gurkor,,,
778,4.061984535380064,4.061984535380064,False,False,,gurkor,,,
779,4.040292021960519,4.040292021960519,False,False,,gurkor,,,
780,4.046174619121892,4.046174619121892,False,False,,gurkor,,,
781,4.054000795304164,4.054000795304164,False,False,,gurkor,,,
782,4.050090169568508,4.050090169568508,False,False,,gurkor,,,
783,4.050445884241759,4.050445884241759,False,False,,gurkor,,,
784,4.047599026532777,4.047599026532777,False,False,,gurkor,,,
785,4.05311244827725,4.05311244827725,False,False,,gurkor,,,
786,4.045284032699855,4.045284032699855,False,False,,gurkor,,,
787,4.045284032699855,4.045284032699855,False,False,,gurkor,,,
788,4.042789030988973,4.042789030988973,False,False,,gurkor,,,
789,4.022038518791826,4.022038518791826,False,False,,gurkor,,,
790,4.01628964415142,4.01628964415142,False,False,,gurkor,,,
791,4.023294659076576,4.023294659076576,False,False,,gurkor,,,
792,4.0216795276941495,4.0216795276941495,False,False,,gurkor,,,
793,4.029209594685554,4.029209594685554,False,False,,gurkor,,,
794,4.010890322169489,4.010890322169489,False,False,,gurkor,,,
795,4.014850749713728,4.014850749713728,False,False,,gurkor,,,
796,4.020961420246871,4.020961420246871,False,False,,gurkor,,,
797,4.017188612288473,4.017188612288473,False,False,,gurkor,,,
798,4.03082079717692,4.03082079717692,False,False,,gurkor,,,
799,4.033683087641025,4.033683087641025,False,False,,gurkor,,,
800,4.027955856736143,4.027955856736143,False,False,,gurkor,,,
801,4.032290868658844,4.032290868658844,False,False,,gurkor,,,
802,4.025424290881464,4.025424290881464,False,False,,gurkor,,,
803,4.004368171925691,4.004368171925691,False,False,,gurkor,,,
804,4.005460819174543,4.005460819174543,False,False,,gurkor,,,
805,3.999081559944037,3.999081559944037,False,False,,gurkor,,,
806,4.000358471970183,4.000358471970183,False,False,,gurkor,,,
807,4.007281035635453,4.007281035635453,False,False,,gurkor,,,
808,4.001634853296859,4.001634853296859,False,False,,gurkor,,,
809,4.002546229664417,4.002546229664417,False,False,,gurkor,,,
810,4.001087897672742,4.001087897672742,False,False,,gurkor,,,
811,4.010191143938184,4.010191143938184,False,False,,gurkor,,,
812,4.012008565598586,4.012008565598586,False,False,,gurkor,,,
813,4.007462998054316,4.007462998054316,False,False,,gurkor,,,
814,4.021985273678499,4.021985273678499,False,False,,gurkor,,,
815,4.021804166655313,4.021804166655313,False,False,,gurkor,,,
816,4.023071692813609,4.023071692813609,False,False,,gurkor,,,
817,4.015095723656841,4.015095723656841,False,False,,gurkor,,,
818,4.017273033838187,4.017273033838187,False,False,,gurkor,,,
819,4.024157729924915,4.024157729924915,False,False,,gurkor,,,
820,4.031027117438864,4.031027117438864,False,False,,gurkor,,,
821,4.026871153785963,4.026871153785963,False,False,,gurkor,,,
822,4.025605185789531,4.025605185789531,False,False,,gurkor,,,
823,4.025605185789531,4.025605185789531,False,False,,gurkor,,,
824,4.025605185789531,4.025605185789531,False,False,,gurkor,,,
825,4.0183611127179,4.0183611127179,False,False,,gurkor,,,
826,4.022528531022266,4.022528531022266,False,False,,gurkor,,,
827,4.009463874787531,4.009463874787531,False,False,,gurkor,,,
828,4.016547434599576,4.016547434599576,False,False,,gurkor,,,
829,4.017998462403242,4.017998462403242,False,False,,gurkor,,,
830,4.025605185789531,4.025605185789531,False,False,,gurkor,,,
831,4.017998462403242,4.017998462403242,False,False,,gurkor,,,
832,4.020898472147429,4.020898472147429,False,False,,gurkor,,,
833,4.0290401793299,4.0290401793299,False,False,,gurkor,,,
834,4.03409533310085,4.03409533310085,False,False,,gurkor,,,
835,4.03355410417517,4.03355410417517,False,False,,gurkor,,,
836,4.03337367351018,4.03337367351018,False,False,,gurkor,,,
837,4.031207684923219,4.031207684923219,False,False,,gurkor,,,
838,4.036800060116975,4.036800060116975,False,False,,gurkor,,,
839,4.0346364674581086,4.0346364674581086,False,False,,gurkor,,,
840,4.032110364357548,4.032110364357548,False,False,,gurkor,,,
841,4.032110364357548,4.032110364357548,False,False,,gurkor,,,
842,4.021079632307019,4.021079632307019,False,False,,gurkor,,,
843,4.010191143938182,4.010191143938182,False,False,,gurkor,,,
844,4.010191143938182,4.010191143938182,False,False,,gurkor,,,
845,4.008918310137715,4.008918310137715,False,False,,gurkor,,,
846,4.014369611729991,4.014369611729991,False,False,,gurkor,,,
847,4.015095723656839,4.015095723656839,False,False,,gurkor,,,
848,4.023614759098991,4.023614759098991,False,False,,gurkor,,,
849,4.019267552042833,4.019267552042833,False,False,,gurkor,,,
850,4.028136603572096,4.028136603572096,False,False,,gurkor,,,
851,4.025062469295339,4.025062469295339,False,False,,gurkor,,,
852,4.025062469295339,4.025062469295339,False,False,,gurkor,,,
853,4.030665950859077,4.030665950859077,False,False,,gurkor,,,
854,4.030304742119825,4.030304742119825,False,False,,gurkor,,,
855,4.030124121936151,4.030124121936151,False,False,,gurkor,,,
856,4.026509501548408,4.026509501548408,False,False,,gurkor,,,
857,4.0290401793299,4.0290401793299,False,False,,gurkor,,,
858,4.0315687882893325,4.0315687882893325,False,False,,gurkor,,,
859,4.0315687882893325,4.0315687882893325,False,False,,gurkor,,,
860,4.030665950859077,4.030665950859077,False,False,,gurkor,,,
861,4.031207684923219,4.031207684923219,False,False,,gurkor,,,
862,4.02162304900831,4.02162304900831,False,False,,gurkor,,,
863,4.018905008269055,4.018905008269055,False,False,,gurkor,,,
864,4.021804166655312,4.021804166655313,False,False,,gurkor,,,
865,4.025825659045392,4.025825659045392,False,False,,gurkor,,,
866,4.022169973314151,4.022169973314151,False,False,,gurkor,,,
867,4.022169973314151,4.022169973314151,False,False,,gurkor,,,
868,4.015945355495859,4.015945355495859,False,False,,gurkor,,,
869,4.017044730504663,4.017044730504663,False,False,,gurkor,,,
870,4.0203405064268924,4.0203405064268924,False,False,,gurkor,,,
871,4.019425366200661,4.019425366200661,False,False,,gurkor,,,
872,4.011543929968521,4.011543929968521,False,False,,gurkor,,,
873,4.004562113022264,4.004562113022264,False,False,,gurkor,,,
874,4.005297787760102,4.005297787760102,False,False,,gurkor,,,
875,4.010626174245829,4.010626174245829,False,False,,gurkor,,,
876,4.00878984165821,4.00878984165821,False,False,,gurkor,,,
877,4.005481678944657,4.005481678944657,False,False,,gurkor,,,
878,4.01227793767841,4.01227793767841,False,False,,gurkor,,,
879,4.013745428606407,4.013745428606407,False,False,,gurkor,,,
880,4.018326839549026,4.018326839549026,False,False,,gurkor,,,
881,4.019242305584309,4.019242305584309,False,False,,gurkor,,,
882,4.013928815836396,4.013928815836396,False,False,,gurkor,,,
883,4.025642977450781,4.025642977450781,False,False,,gurkor,,,
884,4.025642977450781,4.025642977450781,False,False,,gurkor,,,
885,4.022535736642114,4.022535736642114,False,False,,gurkor,,,
886,4.021987075401986,4.021987075401986,False,False,,gurkor,,,
887,4.025460285057089,4.025460285057089,False,False,,gurkor,,,
888,4.015945355495859,4.015945355495859,False,False,,gurkor,,,
889,4.015212220979743,4.015212220979743,False,False,,gurkor,,,
890,4.019608415957604,4.019608415957604,False,False,,gurkor,,,
891,4.023267133362238,4.023267133362238,False,False,,gurkor,,,
892,4.027286723247954,4.027286723247954,False,False,,gurkor,,,
893,4.030206782183091,4.030206782183091,False,False,,gurkor,,,
894,4.027834444352898,4.027834444352898,False,False,,gurkor,,,
895,4.032941836749413,4.032941836749413,False,False,,gurkor,,,
896,4.038950467891183,4.038950467891183,False,False,,gurkor,,,
897,4.047306759245177,4.047306759245177,False,False,,gurkor,,,
898,4.045129024718015,4.045129024718015,False,False,,gurkor,,,
899,4.046581017356247,4.046581017356247,False,False,,gurkor,,,
900,4.044402773749143,4.044402773749143,False,False,,gurkor,,,
901,4.047306759245177,4.047306759245177,False,False,,gurkor,,,
902,4.052019955482693,4.052019955482693,False,False,,gurkor,,,
903,4.050026782844778,4.050026782844778,False,False,,gurkor,,,
904,4.045855105883766,4.045855105883766,False,False,,gurkor,,,
905,4.047125339665413,4.047125339665413,False,False,,gurkor,,,
906,4.050208033155736,4.050208033155736,False,False,,gurkor,,,
907,4.054011851839754,4.054011851839754,False,False,,gurkor,,,
908,4.062688883513362,4.062688883513362,False,False,,gurkor,,,
909,4.062147276217419,4.062147276217419,False,False,,gurkor,,,
910,4.063230396775035,4.063230396775035,False,False,,gurkor,,,
911,4.065395510381942,4.065395510381941,False,False,,gurkor,,,
912,4.061786152423213,4.061786152423213,False,False,,gurkor,,,
913,4.064854372805984,4.064854372805984,False,False,,gurkor,,,
914,4.063049902799934,4.063049902799934,False,False,,gurkor,,,
915,4.064854372805984,4.064854372805984,False,False,,gurkor,,,
916,4.063049902799934,4.063049902799934,False,False,,gurkor,,,
917,4.063952268259801,4.063952268259801,False,False,,gurkor,,,
918,4.070441610109239,4.070441610109239,False,False,,gurkor,,,
919,4.068820538437874,4.068820538437874,False,False,,gurkor,,,
920,4.068279994224992,4.068279994224992,False,False,,gurkor,,,
921,4.057449400584929,4.057449400584929,False,False,,gurkor,,,
922,4.06431314137622,4.06431314137622,False,False,,gurkor,,,
923,4.057630219132038,4.057630219132038,False,False,,gurkor,,,
924,4.057630219132038,4.057630219132038,False,False,,gurkor,,,
925,4.055097803633485,4.055097803633485,False,False,,gurkor,,,
926,4.055459703395173,4.055459703395173,False,False,,gurkor,,,
927,4.056183376745432,4.056183376745432,False,False,,gurkor,,,
928,4.052563326421828,4.052563326421828,False,False,,gurkor,,,
929,4.054192870118232,4.054192870118232,False,False,,gurkor,,,
930,4.052925520998394,4.052925520998394,False,False,,gurkor,,,
931,4.053287673417848,4.053287673417848,False,False,,gurkor,,,
932,4.057672586397194,4.057672586397194,False,False,,gurkor,,,
933,4.060957224902248,4.060957224902248,False,False,,gurkor,,,
934,4.063145062744858,4.063145062744858,False,False,,gurkor,,,
935,4.063509553219539,4.063509553219539,False,False,,gurkor,,,
936,4.067516141051205,4.067516141051205,False,False,,gurkor,,,
937,4.070426797308556,4.070426797308556,False,False,,gurkor,,,
938,4.083853458792978,4.083853458792978,False,False,,gurkor,,,
939,4.083853458792978,4.083853458792978,False,False,,gurkor,,,
940,4.086929850043342,4.086929850043342,False,False,,gurkor,,,
941,4.0865680782274,4.0865680782274,False,False,,gurkor,,,
942,4.085844409415664,4.085844409415664,False,False,,gurkor,,,
943,4.0890996055184585,4.0890996055184585,False,False,,gurkor,,,
944,4.082404700207885,4.082404700207885,False,False,,gurkor,,,
945,4.087653268561971,4.087653268561971,False,False,,gurkor,,,
946,4.096862276229964,4.096862276229964,False,False,,gurkor,,,
947,4.099925960249126,4.099925960249126,False,False,,gurkor,,,
948,4.097943917157622,4.097943917157622,False,False,,gurkor,,,
949,4.096501646580654,4.096501646580654,False,False,,gurkor,,,
950,4.102266766847708,4.102266766847708,False,False,,gurkor,,,
951,4.1073026038536895,4.1073026038536895,False,False,,gurkor,,,
952,4.1073026038536895,4.1073026038536895,False,False,,gurkor,,,
953,4.115199852314688,4.115199852314688,False,False,,gurkor,,,
954,4.108560307077593,4.108560307077593,False,False,,gurkor,,,
955,4.113406757137775,4.113406757137775,False,False,,gurkor,,,
956,4.11484131470065,4.11484131470065,False,False,,gurkor,,,
957,4.11071520375821,4.11071520375821,False,False,,gurkor,,,
958,4.107482306455772,4.107482306455772,False,False,,gurkor,,,
959,4.108201014476828,4.108201014476828,False,False,,gurkor,,,
960,4.112689233913141,4.112689233913141,False,False,,gurkor,,,
961,4.10694316792206,4.10694316792206,False,False,,gurkor,,,
962,4.106044398773899,4.106044398773899,False,False,,gurkor,,,
963,4.112868630005816,4.112868630005816,False,False,,gurkor,,,
964,4.112689233913141,4.112689233913141,False,False,,gurkor,,,
965,4.117171082288227,4.117171082288227,False,False,,gurkor,,,
966,4.111074210171197,4.111074210171197,False,False,,gurkor,,,
967,4.107482306455772,4.107482306455772,False,False,,gurkor,,,
968,4.1150205885940965,4.1150205885940965,False,False,,gurkor,,,
969,4.109997068383334,4.109997068383334,False,False,,gurkor,,,
970,4.112330411145176,4.112330411145175,False,False,,gurkor,,,
971,4.111253698064712,4.111253698064712,False,False,,gurkor,,,
972,4.113406757137775,4.113406757137775,False,False,,gurkor,,,
973,4.112330411145176,4.112330411145175,False,False,,gurkor,,,
974,4.11089471206956,4.11089471206956,False,False,,gurkor,,,
975,4.122719763578462,4.122719763578462,False,False,,gurkor,,,
976,4.126473027705718,4.126473027705718,False,False,,gurkor,,,
977,4.12540112037932,4.12540112037932,False,False,,gurkor,,,
978,4.124686313898216,4.124686313898216,False,False,,gurkor,,,
979,4.130043435453625,4.130043435453625,False,False,,gurkor,,,
980,4.133253368352324,4.133253368352324,False,False,,gurkor,,,
981,4.132540330586854,4.132540330586854,False,False,,gurkor,,,
982,4.137706228973791,4.137706228973791,False,False,,gurkor,,,
983,4.138773987100286,4.138773987100286,False,False,,gurkor,,,
984,4.139841386524417,4.139841386524417,False,False,,gurkor,,,
985,4.141797354944672,4.141797354944672,False,False,,gurkor,,,
986,4.136281992913225,4.136281992913225,False,False,,gurkor,,,
987,4.136994190778846,4.136994190778846,False,False,,gurkor,,,
988,4.140908427579482,4.140908427579482,False,False,,gurkor,,,
989,4.141264028351133,4.141264028351133,False,False,,gurkor,,,
990,4.14499543772118,4.14499543772118,False,False,,gurkor,,,
991,4.14499543772118,4.14499543772118,False,False,,gurkor,,,
992,4.149786544253033,4.149786544253033,False,False,,gurkor,,,
993,4.151027507369534,4.151027507369534,False,False,,gurkor,,,
994,4.164469837614208,4.164469837614208,False,False,,gurkor,,,
995,4.167645279437948,4.167645279437948,False,False,,gurkor,,,
996,4.161467910505241,4.161467910505241,False,False,,gurkor,,,
997,4.147723731435043,4.147723731435043,False,False,,gurkor,,,
998,4.13535692197608,4.13535692197608,False,False,,gurkor,,,
999,4.148975653614536,4.148975653614536,False,False,,gurkor,,,
1000,4.149512041088192,4.149512041088192,False,False,,gurkor,,,
1001,4.13445890341329,4.13445890341329,False,False,,gurkor,,,
1002,4.132482367705549,4.132482367705549,False,False,,gurkor,,,
1003,4.13643420906056,4.13643420906056,False,False,,gurkor,,,
1004,4.13876707821963,4.13876707821963,False,False,,gurkor,,,
1005,4.132122865255877,4.132122865255877,False,False,,gurkor,,,
1006,4.135536495208799,4.135536495208799,False,False,,gurkor,,,
1007,4.140918976671954,4.140918976671954,False,False,,gurkor,,,
1008,4.143785910723446,4.143785910723446,False,False,,gurkor,,,
1009,4.146829199866141,4.146829199866141,False,False,,gurkor,,,
1010,4.146829199866141,4.146829199866141,False,False,,gurkor,,,
1011,4.146829199866141,4.146829199866141,False,False,,gurkor,,,
1012,4.147187042653401,4.147187042653401,False,False,,gurkor,,,
1013,4.149512041088192,4.149512041088192,False,False,,gurkor,,,
1014,4.12420347990614,4.12420347990614,False,False,,gurkor,,,
1015,4.129785105575748,4.129785105575748,False,False,,gurkor,,,
1016,4.128345627043027,4.128345627043027,False,False,,gurkor,,,
1017,4.127625642544184,4.127625642544184,False,False,,gurkor,,,
1018,4.132302621573182,4.132302621573182,False,False,,gurkor,,,
1019,4.140022529376099,4.140022529376099,False,False,,gurkor,,,
1020,4.136434209060559,4.136434209060559,False,False,,gurkor,,,
1021,4.150763260761693,4.150763260761693,False,False,,gurkor,,,
1022,4.156655261783443,4.156655261783443,False,False,,gurkor,,,
1023,4.158438570230818,4.158438570230818,False,False,,gurkor,,,
1024,4.164316432655655,4.164316432655655,False,False,,gurkor,,,
1025,4.159508077311279,4.159508077311279,False,False,,gurkor,,,
1026,4.159686293668573,4.159686293668573,False,False,,gurkor,,,
1027,4.161111666626368,4.161111666626368,False,False,,gurkor,,,
1028,4.163782528097569,4.163782528097569,False,False,,gurkor,,,
1029,4.163782528097569,4.163782528097569,False,False,,gurkor,,,
1030,4.155584798184702,4.1555847981847025,False,False,,gurkor,,,
1031,4.15576323372724,4.15576323372724,False,False,,gurkor,,,
1032,4.1600426965489135,4.1600426965489135,False,False,,gurkor,,,
1033,4.153621348150572,4.153621348150572,False,False,,gurkor,,,
1034,4.157012003195073,4.157012003195073,False,False,,gurkor,,,
1035,4.165739742415558,4.165739742415558,False,False,,gurkor,,,
1036,4.168051270690925,4.168051270690925,False,False,,gurkor,,,
1037,4.167162419006501,4.167162419006501,False,False,,gurkor,,,
1038,4.173556649049128,4.173556649049128,False,False,,gurkor,,,
1039,4.172846809236483,4.172846809236483,False,False,,gurkor,,,
1040,4.180469362296742,4.1804693622967415,False,False,,gurkor,,,
1041,4.182593357809665,4.182593357809665,False,False,,gurkor,,,
1042,4.187013841922759,4.18701384192276,False,False,,gurkor,,,
1043,4.190369348473829,4.190369348473829,False,False,,gurkor,,,
1044,4.191957577988278,4.191957577988279,False,False,,gurkor,,,
1045,4.199358974249607,4.199358974249607,False,False,,gurkor,,,
1046,4.198830866590963,4.198830866590963,False,False,,gurkor,,,
1047,4.201118708637317,4.201118708637317,False,False,,gurkor,,,
1048,4.1972460242455325,4.1972460242455325,False,False,,gurkor,,,
1049,4.197422156332624,4.197422156332624,False,False,,gurkor,,,
1050,4.196365219358887,4.196365219358887,False,False,,gurkor,,,
1051,4.192663206236786,4.1926632062367855,False,False,,gurkor,,,
1052,4.195131687788731,4.195131687788731,False,False,,gurkor,,,
1053,4.18983976435454,4.18983976435454,False,False,,gurkor,,,
1054,4.1998869954120925,4.1998869954120925,False,False,,gurkor,,,
1055,4.191781146749822,4.191781146749822,False,False,,gurkor,,,
1056,4.195307935509726,4.195307935509727,False,False,,gurkor,,,
1057,4.193545024070376,4.193545024070376,False,False,,gurkor,,,
1058,4.181792032101625,4.181792032101625,False,False,,gurkor,,,
1059,4.179471971854194,4.179471971854194,False,False,,gurkor,,,
1060,4.176435513302862,4.176435513302862,False,False,,gurkor,,,
1061,4.180899899697028,4.180899899697028,False,False,,gurkor,,,
1062,4.181613625454473,4.181613625454473,False,False,,gurkor,,,
1063,4.181435208891963,4.181435208891963,False,False,,gurkor,,,
1064,4.175005596116882,4.175005596116882,False,False,,gurkor,,,
1065,4.175184370651158,4.175184370651158,False,False,,gurkor,,,
1066,4.15689773608265,4.15689773608265,False,False,,gurkor,,,
1067,4.149697830874412,4.149697830874412,False,False,,gurkor,,,
1068,4.14861644094089,4.14861644094089,False,False,,gurkor,,,
1069,4.143565092539974,4.143565092539974,False,False,,gurkor,,,
1070,4.148436173585394,4.148436173585395,False,False,,gurkor,,,
1071,4.1518595102358615,4.1518595102358615,False,False,,gurkor,,,
1072,4.157976321509195,4.157976321509195,False,False,,gurkor,,,
1073,4.153659790453781,4.153659790453781,False,False,,gurkor,,,
1074,4.149697830874412,4.149697830874412,False,False,,gurkor,,,
1075,4.149697830874412,4.149697830874412,False,False,,gurkor,,,
1076,4.149697830874412,4.149697830874412,False,False,,gurkor,,,
1077,4.139409762012141,4.139409762012141,False,False,,gurkor,,,
1078,4.139048172088648,4.139048172088648,False,False,,gurkor,,,
1079,4.135792009393925,4.135792009393925,False,False,,gurkor,,,
1080,4.136877767908173,4.136877767908173,False,False,,gurkor,,,
1081,4.154559549536742,4.154559549536742,False,False,,gurkor,,,
1082,4.153479808169395,4.153479808169395,False,False,,gurkor,,,
1083,4.154379618026726,4.154379618026726,False,False,,gurkor,,,
1084,4.151499332155932,4.151499332155932,False,False,,gurkor,,,
1085,4.145911358435766,4.145911358435766,False,False,,gurkor,,,
1086,4.147895310287103,4.147895310287103,False,False,,gurkor,,,
1087,4.165157596946976,4.165157596946976,False,False,,gurkor,,,
1088,4.161030336204525,4.161030336204525,False,False,,gurkor,,,
1089,4.166233397905002,4.166233397905002,False,False,,gurkor,,,
1090,4.16426081958671,4.16426081958671,False,False,,gurkor,,,
1091,4.15779658258084,4.15779658258084,False,False,,gurkor,,,
1092,4.161748503691683,4.161748503691682,False,False,,gurkor,,,
1093,4.164081433925523,4.164081433925523,False,False,,gurkor,,,
1094,4.159773154448398,4.159773154448398,False,False,,gurkor,,,
1095,4.157437074357582,4.157437074357582,False,False,,gurkor,,,
1096,4.15689773608265,4.15689773608265,False,False,,gurkor,,,
1097,4.166950397563742,4.166950397563742,False,False,,gurkor,,,
1098,4.171070030703188,4.171070030703188,False,False,,gurkor,,,
1099,4.171070030703188,4.171070030703188,False,False,,gurkor,,,
1100,4.177328887802237,4.177328887802237,False,False,,gurkor,,,
1101,4.177328887802237,4.177328887802237,False,False,,gurkor,,,
1102,4.182862263847375,4.182862263847375,False,False,,gurkor,,,
1103,4.181078346014766,4.181078346014766,False,False,,gurkor,,,
1104,4.181078346014766,4.181078346014766,False,False,,gurkor,,,
1105,4.181256782412569,4.181256782412568,False,False,,gurkor,,,
1106,4.190165988008589,4.190165988008589,False,False,,gurkor,,,
1107,4.187495818609017,4.187495818609017,False,False,,gurkor,,,
1108,4.194255948292689,4.194255948292689,False,False,,gurkor,,,
1109,4.191944870303145,4.191944870303145,False,False,,gurkor,,,
1110,4.183040601129698,4.183040601129698,False,False,,gurkor,,,
1111,4.183040601129698,4.183040601129698,False,False,,gurkor,,,
1112,4.178579194157242,4.178579194157242,False,False,,gurkor,,,
1113,4.1716069835184495,4.1716069835184495,False,False,,gurkor,,,
1114,4.162645986103772,4.162645986103772,False,False,,gurkor,,,
1115,4.167488041864224,4.167488041864224,False,False,,gurkor,,,
1116,4.167488041864224,4.167488041864224,False,False,,gurkor,,,
1117,4.163184354587951,4.163184354587951,False,False,,gurkor,,,
1118,4.164081433925523,4.164081433925523,False,False,,gurkor,,,
1119,4.164081433925523,4.164081433925523,False,False,,gurkor,,,
1120,4.161928020341927,4.161928020341927,False,False,,gurkor,,,
1121,4.163363790598232,4.163363790598232,False,False,,gurkor,,,
1122,4.175541889809709,4.175541889809709,False,False,,gurkor,,,
1123,4.176256808529879,4.176256808529879,False,False,,gurkor,,,
1124,4.177520605338568,4.177520605338568,False,False,,gurkor,,,
1125,4.181669578427072,4.181669578427072,False,False,,gurkor,,,
1126,4.180948403112857,4.180948403112857,False,False,,gurkor,,,
1127,4.1843725441115245,4.1843725441115245,False,False,,gurkor,,,
1128,4.182030105338302,4.182030105338302,False,False,,gurkor,,,
1129,4.192827145590212,4.192827145590212,False,False,,gurkor,,,
1130,4.196597564955599,4.196597564955599,False,False,,gurkor,,,
1131,4.199108728442283,4.199108728442283,False,False,,gurkor,,,
1132,4.192108469587221,4.192108469587221,False,False,,gurkor,,,
1133,4.1924678276478735,4.1924678276478735,False,False,,gurkor,,,
1134,4.185813196299773,4.185813196299773,False,False,,gurkor,,,
1135,4.192108469587221,4.192108469587221,False,False,,gurkor,,,
1136,4.191389633061373,4.191389633061373,False,False,,gurkor,,,
1137,4.197853391289011,4.197853391289011,False,False,,gurkor,,,
1138,4.199108728442283,4.199108728442283,False,False,,gurkor,,,
1139,4.202155371036072,4.202155371036072,False,False,,gurkor,,,
1140,4.201259598415709,4.201259598415709,False,False,,gurkor,,,
1141,4.195161735186855,4.195161735186855,False,False,,gurkor,,,
1142,4.202155371036072,4.202155371036072,False,False,,gurkor,,,
1143,4.204662212101854,4.204662212101854,False,False,,gurkor,,,
1144,4.211813910246113,4.211813910246113,False,False,,gurkor,,,
1145,4.211813910246113,4.211813910246113,False,False,,gurkor,,,
1146,4.218949825135919,4.218949825135919,False,False,,gurkor,,,
1147,4.2178804402988375,4.2178804402988375,False,False,,gurkor,,,
1148,4.219662552251423,4.219662552251423,False,False,,gurkor,,,
1149,4.216989016412316,4.216989016412316,False,False,,gurkor,,,
1150,4.2219778331369975,4.221977833136997,False,False,,gurkor,,,
1151,4.2162757005356815,4.2162757005356815,False,False,,gurkor,,,
1152,4.21002746916254,4.21002746916254,False,False,,gurkor,,,
1153,4.211992500074922,4.211992500074922,False,False,,gurkor,,,
1154,4.218593402757349,4.218593402757349,False,False,,gurkor,,,
1155,4.218415176857642,4.218415176857642,False,False,,gurkor,,,
1156,4.217167320825448,4.217167320825448,False,False,,gurkor,,,
1157,4.222689894613177,4.222689894613177,False,False,,gurkor,,,
1158,4.226070052802708,4.226070052802708,False,False,,gurkor,,,
1159,4.223045866706162,4.223045866706162,False,False,,gurkor,,,
1160,4.220553240690811,4.220553240690811,False,False,,gurkor,,,
1161,4.219484385174027,4.219484385174027,False,False,,gurkor,,,
1162,4.223935625985656,4.223935625985656,False,False,,gurkor,,,
1163,4.229446693028139,4.229446693028139,False,False,,gurkor,,,
1164,4.222689894613177,4.222689894613177,False,False,,gurkor,,,
1165,4.21270676077544,4.21270676077544,False,False,,gurkor,,,
1166,4.206988251145096,4.206988251145096,False,False,,gurkor,,,
1167,4.199108728442284,4.199108728442284,False,False,,gurkor,,,
1168,4.205020173354826,4.205020173354826,False,False,,gurkor,,,
1169,4.204662212101854,4.204662212101854,False,False,,gurkor,,,
1170,4.199825844529387,4.199825844529387,False,False,,gurkor,,,
1171,4.202513610448222,4.202513610448222,False,False,,gurkor,,,
1172,4.208240040120383,4.208240040120383,False,False,,gurkor,,,
1173,4.202692715238406,4.202692715238406,False,False,,gurkor,,,
1174,4.210206157704084,4.210206157704084,False,False,,gurkor,,,
1175,4.206809384539426,4.206809384539426,False,False,,gurkor,,,
1176,4.212528210389491,4.212528210389491,False,False,,gurkor,,,
1177,4.219662552251422,4.219662552251422,False,False,,gurkor,,,
1178,4.217345615419181,4.217345615419181,False,False,,gurkor,,,
1179,4.215562227428613,4.215562227428613,False,False,,gurkor,,,
1180,4.204662212101854,4.204662212101854,False,False,,gurkor,,,
1181,4.204662212101854,4.204662212101854,False,False,,gurkor,,,
1182,4.206988251145096,4.206988251145096,False,False,,gurkor,,,
1183,4.203409034995585,4.203409034995585,False,False,,gurkor,,,
1184,4.209312616185386,4.209312616185386,False,False,,gurkor,,,
1185,4.207703618529612,4.207703618529612,False,False,,gurkor,,,
1186,4.210206157704083,4.210206157704083,False,False,,gurkor,,,
1187,4.211278081566782,4.211278081566782,False,False,,gurkor,,,
1188,4.2094913442543325,4.2094913442543325,False,False,,gurkor,,,
1189,4.211278081566782,4.211278081566782,False,False,,gurkor,,,
1190,4.208573558382515,4.208573558382515,False,False,,gurkor,,,
1191,4.212539418463848,4.212539418463848,False,False,,gurkor,,,
1192,4.215780599383294,4.215780599383294,False,False,,gurkor,,,
1193,4.216140530268682,4.216140530268681,False,False,,gurkor,,,
1194,4.216380501264242,4.216380501264242,False,False,,gurkor,,,
1195,4.216500491883904,4.216500491883904,False,False,,gurkor,,,
1196,4.216500491883904,4.216500491883904,False,False,,gurkor,,,
1197,4.225115753599896,4.225115753599896,False,False,,gurkor,,,
1198,4.225653447957478,4.225653447957477,False,False,,gurkor,,,
1199,,4.224951464931583,True,True,ridge_adjusted_bridge,gurkor,0.0025793152332177403,4.214068025203259,4.235863012715973
1200,,4.225382771630185,True,True,ridge_adjusted_bridge,gurkor,0.003611763751504863,4.2101492138651855,4.240671448886298
1201,,4.22722863383809,True,True,ridge_adjusted_bridge,gurkor,0.004379030825779397,4.208757940726172,4.245780388039488
1202,,4.2248288491670625,True,True,ridge_adjusted_bridge,gurkor,0.005004606658033597,4.203738062146166,4.246025451843117
1203,,4.22752332577973,True,True,ridge_adjusted_bridge,gurkor,0.0055367289876070815,4.204181353552927,4.250994894620385
1204,,4.222290053692677,True,True,ridge_adjusted_bridge,gurkor,0.00600031259309456,4.197030850853709,4.247701275268398
1205,,4.224989331656209,True,True,ridge_adjusted_bridge,gurkor,0.006410244753482983,4.197992735796489,4.252159538151745
1206,,4.22428761948757,True,True,ridge_adjusted_bridge,gurkor,0.006776269448326961,4.195759474711077,4.253009735117087
1207,,4.2230188372075865,True,True,ridge_adjusted_bridge,gurkor,0.007105175629438651,4.193119891097987,4.253130977073073
1208,,4.227693978656888,True,True,ridge_adjusted_bridge,gurkor,0.0074019130679895745,4.196516484247197,4.259103102362286
1209,,4.228687831901241,True,True,ridge_adjusted_bridge,gurkor,0.007670216206799325,4.196376956071103,4.261247492029797
1210,,4.228834548075039,True,True,ridge_adjusted_bridge,gurkor,0.007912977916314788,4.195503919863727,4.262429967071481
1211,,4.231517216813991,True,True,ridge_adjusted_bridge,gurkor,0.008132485819304595,4.197244015112136,4.2660702812902445
1212,,4.232788430847967,True,True,ridge_adjusted_bridge,gurkor,0.008330578308278571,4.197673323018055,4.268197289692553
1213,,4.224472921774227,True,True,ridge_adjusted_bridge,gurkor,0.008508751233383127,4.188680423267969,4.260571269096787
1214,,4.224054648282932,True,True,ridge_adjusted_bridge,gurkor,0.008668233003611673,4.187597794896594,4.260828891787407
1215,,4.219951454054264,True,True,ridge_adjusted_bridge,gurkor,0.008810038734890594,4.182936807930578,4.2572936413507145
1216,,4.219816296348209,True,True,ridge_adjusted_bridge,gurkor,0.00893501006533899,4.1822801379656775,4.257689343494678
1217,,4.223931737691486,True,True,ridge_adjusted_bridge,gurkor,0.009043844894579501,4.1859033747168946,4.262305583172736
1218,,4.221814623625157,True,True,ridge_adjusted_bridge,gurkor,0.009137119860151813,4.183415095083799,4.2605666210845365
1219,,4.221962699426937,True,True,ridge_adjusted_bridge,gurkor,0.009215307452951096,4.183234734220645,4.261049204228617
1220,,4.217571758948014,True,True,ridge_adjusted_bridge,gurkor,0.00927878908145441,4.178618797790051,4.256887838460726
1221,,4.218572854396345,True,True,ridge_adjusted_bridge,gurkor,0.00932786499880254,4.179405534053434,4.258107231482216
1222,,4.2187216217451065,True,True,ridge_adjusted_bridge,gurkor,0.009362761734964729,4.179407069961759,4.258405994882549
1223,,4.218870313606311,True,True,ridge_adjusted_bridge,gurkor,0.009383637483812993,4.179467125736722,4.2586449869231044
1224,,4.224680831669365,True,True,ridge_adjusted_bridge,gurkor,0.009390585753912644,4.185194295060747,4.26453991647131
1225,,4.225957133502983,True,True,ridge_adjusted_bridge,gurkor,0.009383637483812993,4.1864877565175815,4.2657986199534585
1226,,4.23145288458799,True,True,ridge_adjusted_bridge,gurkor,0.009362761734964729,4.192019689306166,4.271257017271206
1227,,4.226532620271824,True,True,ridge_adjusted_bridge,gurkor,0.00932786499880254,4.187291397519103,4.266141592344317
1228,,4.230619850180689,True,True,ridge_adjusted_bridge,gurkor,0.00927878908145441,4.19154637849676,4.270057563614935
1229,,4.234132849254649,True,True,ridge_adjusted_bridge,gurkor,0.009215307452951096,4.195293247548312,4.273332024075829
1230,,4.234837732447409,True,True,ridge_adjusted_bridge,gurkor,0.009137119860151813,4.196319752177706,4.273709268902454
1231,,4.230775297608878,True,True,ridge_adjusted_bridge,gurkor,0.009043844894579501,4.192685321569318,4.269211315901415
1232,,4.228109278202619,True,True,ridge_adjusted_bridge,gurkor,0.00893501006533899,4.190499351992654,4.266056755246197
1233,,4.228255259963585,True,True,ridge_adjusted_bridge,gurkor,0.008810038734890594,4.191167778301252,4.2656709273175455
1234,,4.231491832758446,True,True,ridge_adjusted_bridge,gurkor,0.008668233003611673,4.194970790727167,4.268330823728488
1235,,4.230233306148377,True,True,ridge_adjusted_bridge,gurkor,0.008508751233383127,4.194392001896899,4.266380876263863
1236,,4.229816927929571,True,True,ridge_adjusted_bridge,gurkor,0.008330578308278571,4.194726471614163,4.265200929040512
1237,,4.229681454249546,True,True,ridge_adjusted_bridge,gurkor,0.008132485819304595,4.19542312131873,4.2642195285416635
1238,,4.230669116817104,True,True,ridge_adjusted_bridge,gurkor,0.007912977916314788,4.197324028988615,4.264279110303247
1239,,4.2313753068081565,True,True,ridge_adjusted_bridge,gurkor,0.007670216206799325,4.1990438963177485,4.263955659707863
1240,,4.2318005925389945,True,True,ridge_adjusted_bridge,gurkor,0.0074019130679895745,4.200592813550523,4.263240225818663
1241,,4.232785919100899,True,True,ridge_adjusted_bridge,gurkor,0.007105175629438651,4.202817822114538,4.262967702921903
1242,,4.232370233151882,True,True,ridge_adjusted_bridge,gurkor,0.006776269448326961,4.20378750355694,4.261147304737329
1243,,4.234473870310723,True,True,ridge_adjusted_bridge,gurkor,0.006410244753482983,4.207416670686857,4.261705070303172
1244,,4.232379225811905,True,True,ridge_adjusted_bridge,gurkor,0.00600031259309456,4.207059666047715,4.257851167561981
1245,,4.23448224162557,True,True,ridge_adjusted_bridge,gurkor,0.0055367289876070815,4.211101846235159,4.257992446958503
1246,,4.231828037369151,True,True,ridge_adjusted_bridge,gurkor,0.005004606658033597,4.210702309669482,4.253059756026627
1247,,4.231972571598695,True,True,ridge_adjusted_bridge,gurkor,0.004379030825779397,4.213481150055432,4.250545145200912
1248,,4.230996659302924,True,True,ridge_adjusted_bridge,gurkor,0.003611763751504863,4.215742862074006,4.246305649255286
1249,,4.230861147838153,True,True,ridge_adjusted_bridge,gurkor,0.0025793152332177403,4.219962484815962,4.241787958232767
1250,4.230963323729772,4.230963323729772,False,False,,gurkor,,,
1251,4.231847459424266,4.231847459424266,False,False,,gurkor,,,
1252,4.237500239477017,4.237500239477017,False,False,,gurkor,,,
1253,4.235734801244845,4.235734801244845,False,False,,gurkor,,,
1254,4.241062483401476,4.241062483401476,False,False,,gurkor,,,
1255,4.23715636973234,4.23715636973234,False,False,,gurkor,,,
1256,4.241239922692994,4.241239922692994,False,False,,gurkor,,,
1257,4.240175141855305,4.240175141855305,False,False,,gurkor,,,
1258,4.24070757580511,4.24070757580511,False,False,,gurkor,,,
1259,4.249745664531087,4.249745664531087,False,False,,gurkor,,,
1260,4.2561104475413485,4.2561104475413485,False,False,,gurkor,,,
1261,4.253990231405424,4.253990231405424,False,False,,gurkor,,,
1262,4.253813484588425,4.253813484588425,False,False,,gurkor,,,
1263,4.249922631741474,4.249922631741473,False,False,,gurkor,,,
1264,4.257876243944003,4.257876243944003,False,False,,gurkor,,,
1265,4.260346757571164,4.260346757571164,False,False,,gurkor,,,
1266,4.260699535778437,4.260699535778437,False,False,,gurkor,,,
1267,4.26281540650319,4.26281540650319,False,False,,gurkor,,,
1268,4.26281540650319,4.26281540650319,False,False,,gurkor,,,
1269,4.26281540650319,4.26281540650319,False,False,,gurkor,,,
1270,4.259993941308897,4.259993941308897,False,False,,gurkor,,,
1271,4.250453475789538,4.250453475789538,False,False,,gurkor,,,
1272,4.25310640164084,4.25310640164084,False,False,,gurkor,,,
1273,4.269506656217488,4.269506656217488,False,False,,gurkor,,,
1274,4.2675711208144405,4.2675711208144405,False,False,,gurkor,,,
1275,4.270210203963959,4.270210203963959,False,False,,gurkor,,,
1276,4.281095945720532,4.281095945720532,False,False,,gurkor,,,
1277,4.284599793592665,4.284599793592665,False,False,,gurkor,,,
1278,4.287400186905415,4.287400186905415,False,False,,gurkor,,,
1279,4.286350318687222,4.286350318687222,False,False,,gurkor,,,
1280,4.287750068570808,4.287750068570808,False,False,,gurkor,,,
1281,4.286525319983873,4.286525319983873,False,False,,gurkor,,,
1282,4.2860002881706425,4.2860002881706425,False,False,,gurkor,,,
1283,4.287225232124776,4.287225232124776,False,False,,gurkor,,,
1284,4.286350318687222,4.286350318687222,False,False,,gurkor,,,
1285,4.281446498599837,4.281446498599837,False,False,,gurkor,,,
1286,4.2812712268337725,4.2812712268337725,False,False,,gurkor,,,
1287,4.277763826768397,4.277763826768397,False,False,,gurkor,,,
1288,4.284249576765371,4.284249576765371,False,False,,gurkor,,,
1289,4.28179701409594,4.28179701409594,False,False,,gurkor,,,
1290,4.280920655258749,4.280920655258749,False,False,,gurkor,,,
1291,4.289324076053128,4.289324076053128,False,False,,gurkor,,,
1292,4.290198199648385,4.290198199648385,False,False,,gurkor,,,
1293,4.286525319983873,4.286525319983873,False,False,,gurkor,,,
1294,4.2907225624676615,4.2907225624676615,False,False,,gurkor,,,
1295,4.283899322643007,4.283899322643007,False,False,,gurkor,,,
1296,4.280219399898402,4.280219399898402,False,False,,gurkor,,,
1297,4.285125048929343,4.285125048929343,False,False,,gurkor,,,
1298,4.284774888024074,4.284774888024074,False,False,,gurkor,,,
1299,4.289324076053127,4.289324076053127,False,False,,gurkor,,,
1300,4.299101042156472,4.299101042156472,False,False,,gurkor,,,
1301,4.30310820267052,4.30310820267052,False,False,,gurkor,,,
1302,4.302237494361044,4.302237494361044,False,False,,gurkor,,,
1303,4.304848931159492,4.304848931159492,False,False,,gurkor,,,
1304,4.311455353258856,4.3114553532588555,False,False,,gurkor,,,
1305,4.308327640293325,4.308327640293325,False,False,,gurkor,,,
1306,4.308501479720121,4.308501479720121,False,False,,gurkor,,,
1307,4.3046748995703,4.3046748995703,False,False,,gurkor,,,
1308,4.305718951673264,4.305718951673264,False,False,,gurkor,,,
1309,4.306588743255759,4.306588743255759,False,False,,gurkor,,,
1310,4.31180269451232,4.31180269451232,False,False,,gurkor,,,
1311,4.310586840617487,4.310586840617487,False,False,,gurkor,,,
1312,4.308501479720121,4.308501479720121,False,False,,gurkor,,,
1313,4.310586840617487,4.310586840617487,False,False,,gurkor,,,
1314,4.304152749805834,4.304152749805834,False,False,,gurkor,,,
1315,4.293517755546028,4.293517755546028,False,False,,gurkor,,,
1316,4.297203552259185,4.297203552259185,False,False,,gurkor,,,
1317,4.301936391382358,4.301936391382358,False,False,,gurkor,,,
1318,4.312778803730971,4.312778803730971,False,False,,gurkor,,,
1319,4.313826186181034,4.313826186181034,False,False,,gurkor,,,
1320,4.314175240062549,4.314175240062549,False,False,,gurkor,,,
1321,4.321496891175263,4.321496891175263,False,False,,gurkor,,,
1322,4.316966347825945,4.316966347825945,False,False,,gurkor,,,
1323,4.320451930405484,4.320451930405484,False,False,,gurkor,,,
1324,4.318709597165709,4.31870959716571,False,False,,gurkor,,,
1325,4.320451930405484,4.320451930405484,False,False,,gurkor,,,
1326,4.314349753209008,4.314349753209008,False,False,,gurkor,,,
1327,4.319755106956304,4.319755106956304,False,False,,gurkor,,,
1328,4.3171407140224325,4.3171407140224325,False,False,,gurkor,,,
1329,4.321671019306808,4.321671019306808,False,False,,gurkor,,,
1330,4.317838087091657,4.317838087091657,False,False,,gurkor,,,
1331,4.320626113395233,4.320626113395233,False,False,,gurkor,,,
1332,4.317489418897714,4.317489418897715,False,False,,gurkor,,,
1333,4.312080364652238,4.312080364652238,False,False,,gurkor,,,
1334,4.314349753209008,4.314349753209008,False,False,,gurkor,,,
1335,4.309459904711613,4.309459904711613,False,False,,gurkor,,,
1336,4.316966347825945,4.316966347825945,False,False,,gurkor,,,
1337,4.324803764295654,4.324803764295654,False,False,,gurkor,,,
1338,4.321845138299982,4.321845138299982,False,False,,gurkor,,,
1339,4.320277738268033,4.320277738268033,False,False,,gurkor,,,
1340,4.320626113395233,4.320626113395233,False,False,,gurkor,,,
1341,4.320974451937008,4.320974451937008,False,False,,gurkor,,,
1342,4.320974451937008,4.320974451937008,False,False,,gurkor,,,
1343,4.320974451937008,4.320974451937008,False,False,,gurkor,,,
1344,4.320974451937008,4.320974451937008,False,False,,gurkor,,,
1345,4.319058137059018,4.319058137059018,False,False,,gurkor,,,
1346,4.320277738268033,4.320277738268033,False,False,,gurkor,,,
1347,4.320451930405484,4.320451930405484,False,False,,gurkor,,,
1348,4.314349753209008,4.314349753209008,False,False,,gurkor,,,
1349,4.311207108526578,4.311207108526578,False,False,,gurkor,,,
1350,4.311556438623229,4.311556438623229,False,False,,gurkor,,,
1351,4.312080364652238,4.312080364652238,False,False,,gurkor,,,
1352,4.312254988236378,4.312254988236378,False,False,,gurkor,,,
1353,4.297203552259185,4.297203552259185,False,False,,gurkor,,,
1354,4.299833745064377,4.299833745064377,False,False,,gurkor,,,
1355,4.296852701420958,4.296852701420958,False,False,,gurkor,,,
1356,4.307187159353285,4.307187159353285,False,False,,gurkor,,,
1357,4.307187159353285,4.307187159353285,False,False,,gurkor,,,
1358,4.307187159353285,4.307187159353285,False,False,,gurkor,,,
1359,4.304737839157317,4.304737839157317,False,False,,gurkor,,,
1360,4.303687574600279,4.3036875746002785,False,False,,gurkor,,,
1361,4.302461843835186,4.302461843835187,False,False,,gurkor,,,
1362,4.306837367550774,4.306837367550774,False,False,,gurkor,,,
1363,4.3038626418772,4.3038626418772,False,False,,gurkor,,,
1364,4.300885235598419,4.300885235598419,False,False,,gurkor,,,
1365,4.305962726104369,4.305962726104369,False,False,,gurkor,,,
1366,4.304562818244027,4.304562818244027,False,False,,gurkor,,,
1367,4.302812099036454,4.302812099036454,False,False,,gurkor,,,
1368,4.30543783013763,4.30543783013763,False,False,,gurkor,,,
1369,4.307187159353285,4.307187159353285,False,False,,gurkor,,,
1370,4.312254988236378,4.312254988236378,False,False,,gurkor,,,
1371,4.312254988236378,4.312254988236378,False,False,,gurkor,,,
1372,4.315745527494194,4.315745527494193,False,False,,gurkor,,,
1373,4.315745527494194,4.315745527494193,False,False,,gurkor,,,
1374,4.321671019306807,4.321671019306807,False,False,,gurkor,,,
1375,4.320277738268033,4.320277738268033,False,False,,gurkor,,,
1376,4.318883871692202,4.318883871692202,False,False,,gurkor,,,
1377,4.32445582749295,4.32445582749295,False,False,,gurkor,,,
1378,4.32445582749295,4.32445582749295,False,False,,gurkor,,,
1379,4.327238301677313,4.327238301677313,False,False,,gurkor,,,
1380,4.324803764295654,4.324803764295654,False,False,,gurkor,,,
1381,4.325499528537105,4.325499528537105,False,False,,gurkor,,,
1382,4.329165165271821,4.329165165271821,False,False,,gurkor,,,
1383,4.3284672604878125,4.3284672604878125,False,False,,gurkor,,,
1384,4.325499528537105,4.325499528537105,False,False,,gurkor,,,
1385,4.33561384953707,4.33561384953707,False,False,,gurkor,,,
1386,4.33561384953707,4.33561384953707,False,False,,gurkor,,,
1387,4.339268362129978,4.339268362129978,False,False,,gurkor,,,
1388,4.342397613602191,4.342397613602191,False,False,,gurkor,,,
1389,4.337528618239675,4.337528618239675,False,False,,gurkor,,,
1390,4.331955320037611,4.331955320037611,False,False,,gurkor,,,
1391,4.336484335471225,4.336484335471225,False,False,,gurkor,,,
1392,4.334220598325543,4.334220598325543,False,False,,gurkor,,,
1393,4.337876639728727,4.337876639728727,False,False,,gurkor,,,
1394,4.340833355168637,4.340833355168637,False,False,,gurkor,,,
1395,4.3420500640524855,4.3420500640524855,False,False,,gurkor,,,
1396,4.34031177249236,4.34031177249236,False,False,,gurkor,,,
1397,4.342397613602191,4.342397613602191,False,False,,gurkor,,,
1398,4.341354856222139,4.341354856222139,False,False,,gurkor,,,
1399,4.339442286551873,4.339442286551873,False,False,,gurkor,,,
1400,4.342223843356703,4.342223843356703,False,False,,gurkor,,,
1401,4.34465580304321,4.34465580304321,False,False,,gurkor,,,
1402,4.34569752884382,4.34569752884382,False,False,,gurkor,,,
1403,4.350381274949292,4.350381274949292,False,False,,gurkor,,,
1404,4.3460446985022445,4.3460446985022445,False,False,,gurkor,,,
1405,4.346391832040461,4.34639183204046,False,False,,gurkor,,,
1406,4.350381274949292,4.350381274949292,False,False,,gurkor,,,
1407,4.350901285823249,4.350901285823249,False,False,,gurkor,,,
1408,4.34448215044242,4.34448215044242,False,False,,gurkor,,,
1409,4.34482944660354,4.34482944660354,False,False,,gurkor,,,
1410,4.347085990797873,4.347085990797873,False,False,,gurkor,,,
1411,4.346738929468882,4.346738929468882,False,False,,gurkor,,,
1412,4.347606515127681,4.347606515127681,False,False,,gurkor,,,
1413,4.352287585856057,4.352287585856057,False,False,,gurkor,,,
1414,4.352980520228539,4.35298052022854,False,False,,gurkor,,,
1415,4.351767790755053,4.351767790755053,False,False,,gurkor,,,
1416,4.351767790755053,4.351767790755053,False,False,,gurkor,,,
1417,4.352980520228539,4.35298052022854,False,False,,gurkor,,,
1418,4.353153731372733,4.353153731372733,False,False,,gurkor,,,
1419,4.356096948392442,4.356096948392442,False,False,,gurkor,,,
1420,4.354885349291854,4.354885349291854,False,False,,gurkor,,,
1421,4.3562699981473605,4.356269998147361,False,False,,gurkor,,,
1422,4.357308108690465,4.357308108690465,False,False,,gurkor,,,
1423,4.36266655530215,4.36266655530215,False,False,,gurkor,,,
1424,4.365428853876144,4.365428853876144,False,False,,gurkor,,,
1425,4.364220628475599,4.364220628475599,False,False,,gurkor,,,
1426,4.364220628475599,4.364220628475599,False,False,,gurkor,,,
1427,4.369740393094848,4.369740393094848,False,False,,gurkor,,,
1428,4.372496872590452,4.372496872590452,False,False,,gurkor,,,
1429,4.38126808189753,4.38126808189753,False,False,,gurkor,,,
1430,4.377659179762179,4.377659179762179,False,False,,gurkor,,,
1431,4.378174974464424,4.378174974464424,False,False,,gurkor,,,
1432,4.383843500280553,4.383843500280553,False,False,,gurkor,,,
1433,4.387274328803502,4.387274328803502,False,False,,gurkor,,,
1434,4.386931403214877,4.386931403214877,False,False,,gurkor,,,
1435,4.390187787752283,4.390187787752283,False,False,,gurkor,,,
1436,4.4019872326010345,4.4019872326010345,False,False,,gurkor,,,
1437,4.4157863977852765,4.4157863977852765,False,False,,gurkor,,,
1438,4.416806325026375,4.416806325026375,False,False,,gurkor,,,
1439,4.427497093030264,4.427497093030265,False,False,,gurkor,,,
1440,4.416466383369086,4.4164663833690865,False,False,,gurkor,,,
1441,4.429529620437511,4.429529620437511,False,False,,gurkor,,,
1442,4.429698942889695,4.429698942889695,False,False,,gurkor,,,
1443,4.429698942889695,4.429698942889695,False,False,,gurkor,,,
1444,4.416296399758564,4.416296399758564,False,False,,gurkor,,,
1445,4.413405373420823,4.413405373420823,False,False,,gurkor,,,
1446,4.421392205950899,4.4213922059509,False,False,,gurkor,,,
1447,4.418165750978772,4.418165750978772,False,False,,gurkor,,,
1448,4.413888067159179,4.413888067159179,False,False,,gurkor,,,
1449,4.4128606192036415,4.4128606192036415,False,False,,gurkor,,,
1450,4.4292625594172135,4.4292625594172135,False,False,,gurkor,,,
1451,4.448976615972998,4.448976615972998,False,False,,gurkor,,,
1452,4.443719356389537,4.443719356389537,False,False,,gurkor,,,
1453,4.436413587474323,4.436413587474324,False,False,,gurkor,,,
1454,4.443549632459943,4.443549632459943,False,False,,gurkor,,,
1455,4.439813567439522,4.439813567439523,False,False,,gurkor,,,
1456,4.447959713500998,4.447959713500998,False,False,,gurkor,,,
1457,4.448976615972998,4.448976615972998,False,False,,gurkor,,,
1458,4.454733353449511,4.454733353449511,False,False,,gurkor,,,
1459,4.450670780940212,4.450670780940212,False,False,,gurkor,,,
1460,4.443889071875616,4.443889071875616,False,False,,gurkor,,,
1461,4.44422847752182,4.44422847752182,False,False,,gurkor,,,
1462,4.443719356389537,4.443719356389537,False,False,,gurkor,,,
1463,4.441512286285918,4.441512286285918,False,False,,gurkor,,,
1464,4.443719356389537,4.443719356389537,False,False,,gurkor,,,
1465,4.459466930203062,4.459466930203062,False,False,,gurkor,,,
1466,4.463181582729275,4.463181582729275,False,False,,gurkor,,,
1467,4.463012822249701,4.463012822249701,False,False,,gurkor,,,
1468,4.4705988314408325,4.4705988314408325,False,False,,gurkor,,,
1469,4.465543357246507,4.465543357246507,False,False,,gurkor,,,
1470,4.455071683358605,4.4550716833586055,False,False,,gurkor,,,
1471,4.421584017712934,4.421584017712934,False,False,,gurkor,,,
1472,4.396206773232514,4.396206773232514,False,False,,gurkor,,,
1473,4.393796331973897,4.393796331973897,False,False,,gurkor,,,
1474,4.408233242327897,4.408233242327897,False,False,,gurkor,,,
1475,4.418849679887456,4.418849679887457,False,False,,gurkor,,,
1476,4.417310645863196,4.417310645863196,False,False,,gurkor,,,
1477,4.42806925859596,4.428069258595959,False,False,,gurkor,,,
1478,4.422779598170252,4.422779598170252,False,False,,gurkor,,,
1479,4.418507732670143,4.418507732670143,False,False,,gurkor,,,
1480,4.42243804671452,4.42243804671452,False,False,,gurkor,,,
1481,4.419533470938366,4.419533470938366,False,False,,gurkor,,,
1482,4.417481684135366,4.417481684135366,False,False,,gurkor,,,
1483,4.413545619124557,4.413545619124557,False,False,,gurkor,,,
1484,4.421242345942262,4.421242345942262,False,False,,gurkor,,,
1485,4.421242345942262,4.421242345942262,False,False,,gurkor,,,
1486,4.420900639774324,4.420900639774324,False,False,,gurkor,,,
1487,4.419533470938366,4.419533470938366,False,False,,gurkor,,,
1488,4.411832859547743,4.411832859547743,False,False,,gurkor,,,
1489,4.421925655095943,4.421925655095943,False,False,,gurkor,,,
1490,4.417652713781816,4.417652713781815,False,False,,gurkor,,,
1491,4.415086362834868,4.415086362834868,False,False,,gurkor,,,
1492,4.40634619961677,4.40634619961677,False,False,,gurkor,,,
1493,4.416284235022265,4.416284235022265,False,False,,gurkor,,,
1494,4.418165750978773,4.418165750978772,False,False,,gurkor,,,
1495,4.417481684135367,4.417481684135366,False,False,,gurkor,,,
1496,4.422438046714521,4.422438046714521,False,False,,gurkor,,,
1497,4.422608826737263,4.422608826737263,False,False,,gurkor,,,
1498,4.4210714971585485,4.4210714971585485,False,False,,gurkor,,,
1499,4.4244868403276,4.424486840327601,False,False,,gurkor,,,
1500,4.435903297673868,4.435903297673868,False,False,,gurkor,,,
1501,4.441682111628636,4.441682111628636,False,False,,gurkor,,,
1502,4.443719356389537,4.443719356389537,False,False,,gurkor,,,
1503,4.443040409998327,4.443040409998327,False,False,,gurkor,,,
1504,4.446264202760519,4.446264202760519,False,False,,gurkor,,,
1505,4.446772944404235,4.446772944404235,False,False,,gurkor,,,
1506,4.448976615972998,4.448976615972998,False,False,,gurkor,,,
1507,4.452025508340657,4.452025508340657,False,False,,gurkor,,,
1508,4.456593753953889,4.456593753953889,False,False,,gurkor,,,
1509,4.457439056218377,4.457439056218377,False,False,,gurkor,,,
1510,4.463519078754941,4.463519078754942,False,False,,gurkor,,,
1511,4.458960074326947,4.458960074326947,False,False,,gurkor,,,
1512,4.461662439061475,4.461662439061475,False,False,,gurkor,,,
1513,4.464700053161963,4.464700053161963,False,False,,gurkor,,,
1514,4.469064379285029,4.469064379285029,False,False,,gurkor,,,
1515,4.48028540541202,4.48028540541202,False,False,,gurkor,,,
1516,4.481789920300948,4.481789920300948,False,False,,gurkor,,,
1517,4.4787802321327606,4.4787802321327606,False,False,,gurkor,,,
1518,4.475265596255191,4.475265596255191,False,False,,gurkor,,,
1519,4.471579736342767,4.471579736342767,False,False,,gurkor,,,
1520,4.469232127128792,4.469232127128792,False,False,,gurkor,,,
1521,4.472250187022681,4.472250187022681,False,False,,gurkor,,,
1522,4.47643754094326,4.476437540943259,False,False,,gurkor,,,
1523,4.472920506805835,4.472920506805835,False,False,,gurkor,,,
1524,4.461507220260077,4.461507220260077,False,False,,gurkor,,,
1525,4.4630199856752935,4.4630199856752935,False,False,,gurkor,,,
1526,4.4630199856752935,4.4630199856752935,False,False,,gurkor,,,
1527,4.4630199856752935,4.4630199856752935,False,False,,gurkor,,,
1528,4.468225517012685,4.468225517012685,False,False,,gurkor,,,
1529,4.470070743355014,4.470070743355014,False,False,,gurkor,,,
1530,4.48412897001818,4.48412897001818,False,False,,gurkor,,,
1531,4.483460832293339,4.483460832293339,False,False,,gurkor,,,
1532,4.486800225103775,4.486800225103775,False,False,,gurkor,,,
1533,4.484462990257146,4.484462990257147,False,False,,gurkor,,,
1534,4.48780141185892,4.48780141185892,False,False,,gurkor,,,
1535,4.473925741203807,4.473925741203807,False,False,,gurkor,,,
1536,4.486800225103775,4.486800225103775,False,False,,gurkor,,,
1537,4.491136601735893,4.491136601735893,False,False,,gurkor,,,
1538,4.496133345965341,4.496133345965341,False,False,,gurkor,,,
1539,4.493968978645152,4.493968978645152,False,False,,gurkor,,,
1540,4.49746459002763,4.49746459002763,False,False,,gurkor,,,
1541,4.498795321008467,4.498795321008467,False,False,,gurkor,,,
1542,4.492136529805893,4.492136529805893,False,False,,gurkor,,,
1543,4.499626767565361,4.499626767565361,False,False,,gurkor,,,
1544,4.503116659831075,4.503116659831075,False,False,,gurkor,,,
1545,4.50228605269666,4.50228605269666,False,False,,gurkor,,,
1546,4.5019537539484045,4.5019537539484045,False,False,,gurkor,,,
1547,4.503282757311668,4.503282757311669,False,False,,gurkor,,,
1548,4.502452190091265,4.502452190091265,False,False,,gurkor,,,
1549,4.500125539454764,4.500125539454764,False,False,,gurkor,,,
1550,4.491136601735893,4.491136601735893,False,False,,gurkor,,,
1551,4.493968978645152,4.493968978645152,False,False,,gurkor,,,
1552,4.486466431510521,4.486466431510521,False,False,,gurkor,,,
1553,4.475600478384083,4.475600478384083,False,False,,gurkor,,,
1554,4.478947506146145,4.478947506146145,False,False,,gurkor,,,
1555,4.468728858990144,4.468728858990144,False,False,,gurkor,,,
1556,4.479282029762891,4.479282029762891,False,False,,gurkor,,,
1557,4.480118196464236,4.480118196464236,False,False,,gurkor,,,
1558,4.483293777596007,4.483293777596007,False,False,,gurkor,,,
1559,4.46939986677156,4.46939986677156,False,False,,gurkor,,,
1560,4.460330162850696,4.460330162850696,False,False,,gurkor,,,
1561,4.460666506251549,4.460666506251549,False,False,,gurkor,,,
1562,4.466043514463173,4.466043514463173,False,False,,gurkor,,,
1563,4.4630199856752935,4.4630199856752935,False,False,,gurkor,,,
1564,4.466547176755637,4.466547176755637,False,False,,gurkor,,,
1565,4.472250187022681,4.472250187022681,False,False,,gurkor,,,
1566,4.475767907209507,4.475767907209507,False,False,,gurkor,,,
1567,4.470741488811479,4.470741488811479,False,False,,gurkor,,,
1568,4.44921224090951,4.44921224090951,False,False,,gurkor,,,
1569,4.448706020637117,4.448706020637117,False,False,,gurkor,,,
1570,4.435517862668952,4.435517862668952,False,False,,gurkor,,,
1571,4.438735065616026,4.438735065616027,False,False,,gurkor,,,
1572,4.431110442486255,4.431110442486255,False,False,,gurkor,,,
1573,4.428734849240383,4.428734849240383,False,False,,gurkor,,,
1574,4.453259305194428,4.453259305194428,False,False,,gurkor,,,
1575,4.445937851971568,4.445937851971568,False,False,,gurkor,,,
1576,4.44150329745486,4.44150329745486,False,False,,gurkor,,,
1577,4.444915004711077,4.444915004711077,False,False,,gurkor,,,
1578,4.458697669369373,4.458697669369373,False,False,,gurkor,,,
1579,4.454449686429809,4.454449686429809,False,False,,gurkor,,,
1580,4.454619707068665,4.454619707068665,False,False,,gurkor,,,
1581,4.464636003778665,4.464636003778665,False,False,,gurkor,,,
1582,4.465822436608194,4.465822436608194,False,False,,gurkor,,,
1583,4.468532742495329,4.468532742495329,False,False,,gurkor,,,
1584,4.464975026490801,4.464975026490801,False,False,,gurkor,,,
1585,4.462940386983502,4.462940386983503,False,False,,gurkor,,,
1586,4.456829206633548,4.456829206633548,False,False,,gurkor,,,
1587,4.458018346398651,4.458018346398651,False,False,,gurkor,,,
1588,4.459716401113353,4.459716401113353,False,False,,gurkor,,,
1589,4.451217686797572,4.451217686797572,False,False,,gurkor,,,
1590,4.44934513114543,4.44934513114543,False,False,,gurkor,,,
1591,4.454789719255178,4.454789719255178,False,False,,gurkor,,,
1592,4.458358024737662,4.458358024737662,False,False,,gurkor,,,
1593,4.457169003021007,4.457169003021006,False,False,,gurkor,,,
1594,4.457169003021007,4.457169003021006,False,False,,gurkor,,,
1595,4.457169003021007,4.457169003021006,False,False,,gurkor,,,
1596,4.476819764334109,4.476819764334109,False,False,,gurkor,,,
1597,4.475637127603802,4.475637127603802,False,False,,gurkor,,,
1598,4.4911480058276165,4.4911480058276165,False,False,,gurkor,,,
1599,4.488118761929215,4.488118761929215,False,False,,gurkor,,,
1600,4.49367034420596,4.49367034420596,False,False,,gurkor,,,
1601,4.486434697272418,4.486434697272418,False,False,,gurkor,,,
1602,4.487108421931649,4.487108421931649,False,False,,gurkor,,,
1603,4.481377555886986,4.481377555886986,False,False,,gurkor,,,
1604,4.481883604534501,4.481883604534501,False,False,,gurkor,,,
1605,4.484075622477734,4.484075622477734,False,False,,gurkor,,,
1606,4.485423863113978,4.485423863113978,False,False,,gurkor,,,
1607,4.487613628967435,4.487613628967435,False,False,,gurkor,,,
1608,4.484581274589676,4.484581274589676,False,False,,gurkor,,,
1609,4.486266245514792,4.486266245514792,False,False,,gurkor,,,
1610,4.482220928955446,4.482220928955446,False,False,,gurkor,,,
1611,4.487782014850321,4.487782014850321,False,False,,gurkor,,,
1612,4.483401304102297,4.483401304102297,False,False,,gurkor,,,
1613,4.492493482524322,4.492493482524322,False,False,,gurkor,,,
1614,4.481040148764789,4.481040148764789,False,False,,gurkor,,,
1615,4.481040148764789,4.481040148764789,False,False,,gurkor,,,
1616,4.4766508411454335,4.4766508411454335,False,False,,gurkor,,,
1617,4.478508539785442,4.478508539785442,False,False,,gurkor,,,
1618,4.469717828237843,4.469717828237843,False,False,,gurkor,,,
1619,4.471748452128143,4.471748452128143,False,False,,gurkor,,,
1620,4.469548555333347,4.469548555333347,False,False,,gurkor,,,
1621,4.468363411109839,4.468363411109839,False,False,,gurkor,,,
1622,4.469379274077848,4.469379274077848,False,False,,gurkor,,,
1623,4.469379274077848,4.469379274077848,False,False,,gurkor,,,
1624,4.454959722990524,4.454959722990525,False,False,,gurkor,,,
1625,4.45597956799281,4.45597956799281,False,False,,gurkor,,,
1626,4.462092263820127,4.462092263820127,False,False,,gurkor,,,
1627,4.460055911008445,4.460055911008445,False,False,,gurkor,,,
1628,4.463109986424563,4.463109986424563,False,False,,gurkor,,,
1629,4.471917616573226,4.471917616573226,False,False,,gurkor,,,
1630,4.471917616573226,4.471917616573226,False,False,,gurkor,,,
1631,4.471748452128143,4.471748452128143,False,False,,gurkor,,,
1632,4.470394836368582,4.470394836368582,False,False,,gurkor,,,
1633,4.4609045384993085,4.4609045384993085,False,False,,gurkor,,,
1634,4.46175295575287,4.46175295575287,False,False,,gurkor,,,
1635,4.46175295575287,4.46175295575287,False,False,,gurkor,,,
1636,4.443721295271844,4.443721295271844,False,False,,gurkor,,,
1637,4.439454633511299,4.439454633511299,False,False,,gurkor,,,
1638,4.439454633511299,4.439454633511299,False,False,,gurkor,,,
1639,4.435866505408018,4.435866505408018,False,False,,gurkor,,,
1640,4.443592505616161,4.443592505616161,False,False,,gurkor,,,
1641,4.441533950434573,4.441533950434573,False,False,,gurkor,,,
1642,4.436553970758079,4.436553970758079,False,False,,gurkor,,,
1643,4.418116244337432,4.418116244337432,False,False,,gurkor,,,
1644,4.413447870823406,4.413447870823406,False,False,,gurkor,,,
1645,4.425192994198739,4.425192994198739,False,False,,gurkor,,,
1646,4.4288119685546965,4.4288119685546965,False,False,,gurkor,,,
1647,4.430189612681565,4.430189612681565,False,False,,gurkor,,,
1648,4.4418771292658,4.4418771292658,False,False,,gurkor,,,
1649,4.438615534730498,4.438615534730498,False,False,,gurkor,,,
1650,4.423295801468819,4.423295801468819,False,False,,gurkor,,,
1651,4.416733692599467,4.416733692599467,False,False,,gurkor,,,
1652,4.407386685395282,4.407386685395282,False,False,,gurkor,,,
1653,4.39157656228792,4.39157656228792,False,False,,gurkor,,,
1654,4.399577742224072,4.399577742224072,False,False,,gurkor,,,
1655,4.398708966947488,4.398708966947488,False,False,,gurkor,,,
1656,4.404265272254767,4.404265272254767,False,False,,gurkor,,,
1657,4.4059997462775815,4.4059997462775815,False,False,,gurkor,,,
1658,4.396449104537543,4.396449104537543,False,False,,gurkor,,,
1659,4.390705724169902,4.390705724169902,False,False,,gurkor,,,
1660,4.39296943559587,4.39296943559587,False,False,,gurkor,,,
1661,4.381984939182288,4.381984939182288,False,False,,gurkor,,,
1662,4.370263522505188,4.370263522505188,False,False,,gurkor,,,
1663,4.376041868515919,4.376041868515919,False,False,,gurkor,,,
1664,4.374116857921473,4.374116857921473,False,False,,gurkor,,,
1665,4.389311915031821,4.389311915031822,False,False,,gurkor,,,
1666,4.388266179714904,4.388266179714904,False,False,,gurkor,,,
1667,4.3907057241699015,4.3907057241699015,False,False,,gurkor,,,
1668,4.372541028058095,4.372541028058095,False,False,,gurkor,,,
1669,4.380762224264241,4.380762224264241,False,False,,gurkor,,,
1670,4.384952541050124,4.384952541050124,False,False,,gurkor,,,
1671,4.394535730757331,4.394535730757331,False,False,,gurkor,,,
1672,4.401488261660837,4.401488261660837,False,False,,gurkor,,,
1673,4.3938396893633,4.3938396893633,False,False,,gurkor,,,
1674,4.390008891654736,4.390008891654736,False,False,,gurkor,,,
1675,4.393665656571855,4.393665656571855,False,False,,gurkor,,,
1676,4.390705724169902,4.390705724169902,False,False,,gurkor,,,
1677,4.39209895720666,4.39209895720666,False,False,,gurkor,,,
1678,4.379888584227903,4.379888584227903,False,False,,gurkor,,,
1679,4.371490063704371,4.371490063704371,False,False,,gurkor,,,
1680,4.362719197142053,4.362719197142053,False,False,,gurkor,,,
1681,4.360962265709317,4.360962265709317,False,False,,gurkor,,,
1682,4.363597317343314,4.363597317343314,False,False,,gurkor,,,
1683,4.3525161300804704,4.3525161300804704,False,False,,gurkor,,,
1684,4.342281812526779,4.342281812526779,False,False,,gurkor,,,
1685,4.34916696354666,4.34916696354666,False,False,,gurkor,,,
1686,4.348814224239305,4.348814224239305,False,False,,gurkor,,,
1687,4.354453587851308,4.354453587851308,False,False,,gurkor,,,
1688,4.365879353318383,4.365879353318383,False,False,,gurkor,,,
1689,4.367809093969292,4.367809093969292,False,False,,gurkor,,,
1690,4.363070472847718,4.363070472847718,False,False,,gurkor,,,
1691,4.368335194169501,4.368335194169501,False,False,,gurkor,,,
1692,4.373591663475165,4.373591663475164,False,False,,gurkor,,,
1693,4.37429190448462,4.37429190448462,False,False,,gurkor,,,
1694,4.38128629937008,4.38128629937008,False,False,,gurkor,,,
1695,4.379713828979894,4.379713828979895,False,False,,gurkor,,,
1696,4.3788399164642815,4.3788399164642815,False,False,,gurkor,,,
1697,4.394709718669311,4.394709718669311,False,False,,gurkor,,,
1698,4.3847780486505705,4.3847780486505705,False,False,,gurkor,,,
1699,4.38023806747926,4.38023806747926,False,False,,gurkor,,,
1700,4.38023806747926,4.38023806747926,False,False,,gurkor,,,
1701,4.362367884590363,4.362367884590363,False,False,,gurkor,,,
1702,4.365177353913707,4.365177353913707,False,False,,gurkor,,,
1703,4.350224957942498,4.350224957942498,False,False,,gurkor,,,
1704,4.360962265709317,4.360962265709317,False,False,,gurkor,,,
1705,4.36289483959997,4.362894839599971,False,False,,gurkor,,,
1706,4.34440183449708,4.344401834497079,False,False,,gurkor,,,
1707,4.355087650806227,4.355087650806227,False,False,,gurkor,,,
1708,4.342796007094107,4.342796007094107,False,False,,gurkor,,,
1709,4.346719998918361,4.34671999891836,False,False,,gurkor,,,
1710,4.340117907964399,4.340117907964399,False,False,,gurkor,,,
1711,4.332607754155776,4.332607754155776,False,False,,gurkor,,,
1712,4.3299214430581845,4.3299214430581845,False,False,,gurkor,,,
1713,4.341189405864504,4.341189405864504,False,False,,gurkor,,,
1714,4.346006889104132,4.346006889104132,False,False,,gurkor,,,
1715,4.341725025652158,4.341725025652158,False,False,,gurkor,,,
1716,4.3395820297753085,4.3395820297753085,False,False,,gurkor,,,
1717,4.342260559382606,4.342260559382606,False,False,,gurkor,,,
1718,4.350639381915055,4.350639381915055,False,False,,gurkor,,,
1719,4.357931439769893,4.357931439769893,False,False,,gurkor,,,
1720,4.344401834497081,4.344401834497081,False,False,,gurkor,,,
1721,4.346006889104132,4.346006889104132,False,False,,gurkor,,,
1722,4.336722555829772,4.336722555829772,False,False,,gurkor,,,
1723,4.345293626842018,4.345293626842018,False,False,,gurkor,,,
1724,4.328129362265224,4.328129362265224,False,False,,gurkor,,,
1725,4.331354412375486,4.331354412375486,False,False,,gurkor,,,
1726,4.336186130991596,4.336186130991596,False,False,,gurkor,,,
1727,4.332965765073877,4.332965765073877,False,False,,gurkor,,,
1728,4.3301005980045,4.3301005980045,False,False,,gurkor,,,
1729,4.324901178864251,4.324901178864251,False,False,,gurkor,,,
1730,4.326336314407887,4.326336314407887,False,False,,gurkor,,,
1731,4.316457200132104,4.316457200132104,False,False,,gurkor,,,
1732,4.313397690716417,4.313397690716417,False,False,,gurkor,,,
1733,4.301312005036416,4.301312005036416,False,False,,gurkor,,,
1734,4.306728968160779,4.306728968160779,False,False,,gurkor,,,
1735,4.307991649815448,4.307991649815448,False,False,,gurkor,,,
1736,4.304382707706842,4.304382707706841,False,False,,gurkor,,,
1737,4.2998659799563335,4.2998659799563335,False,False,,gurkor,,,
1738,4.306368113390957,4.306368113390957,False,False,,gurkor,,,
1739,4.306548545699123,4.306548545699123,False,False,,gurkor,,,
1740,4.298961892522285,4.298961892522285,False,False,,gurkor,,,
1741,4.30167341237867,4.30167341237867,False,False,,gurkor,,,
1742,4.318075797418213,4.318075797418213,False,False,,gurkor,,,
1743,4.330100598004499,4.330100598004499,False,False,,gurkor,,,
1744,4.346363463061594,4.346363463061594,False,False,,gurkor,,,
1745,4.34582858783411,4.34582858783411,False,False,,gurkor,,,
1746,4.353664848850188,4.353664848850188,False,False,,gurkor,,,
1747,4.347789377997149,4.347789377997149,False,False,,gurkor,,,
1748,4.358642009415349,4.358642009415349,False,False,,gurkor,,,
1749,4.367865718656705,4.367865718656705,False,False,,gurkor,,,
1750,4.3722911760388445,4.3722911760388445,False,False,,gurkor,,,
1751,4.365030358110611,4.3650303581106105,False,False,,gurkor,,,
1752,4.362724859957409,4.362724859957409,False,False,,gurkor,,,
1753,4.365384909371533,4.365384909371533,False,False,,gurkor,,,
1754,4.3827121908197055,4.3827121908197055,False,False,,gurkor,,,
1755,4.376887470785848,4.376887470785848,False,False,,gurkor,,,
1756,4.387470381473981,4.387470381473981,False,False,,gurkor,,,
1757,4.36999066674836,4.36999066674836,False,False,,gurkor,,,
1758,4.359707581047489,4.359707581047489,False,False,,gurkor,,,
1759,4.360240239668324,4.360240239668324,False,False,,gurkor,,,
1760,4.355976594645167,4.355976594645167,False,False,,gurkor,,,
1761,4.354554171035219,4.354554171035219,False,False,,gurkor,,,
1762,4.347254731289371,4.347254731289371,False,False,,gurkor,,,
1763,4.346541735751866,4.346541735751866,False,False,,gurkor,,,
1764,4.337795146297776,4.337795146297776,False,False,,gurkor,,,
1765,4.337258894252325,4.337258894252325,False,False,,gurkor,,,
1766,4.352063472334189,4.352063472334189,False,False,,gurkor,,,
1767,4.353131141937807,4.353131141937807,False,False,,gurkor,,,
1768,4.341903546455651,4.341903546455651,False,False,,gurkor,,,
1769,4.351707506639014,4.351707506639014,False,False,,gurkor,,,
1770,4.364143815799353,4.364143815799353,False,False,,gurkor,,,
1771,4.367347152734284,4.367347152734284,False,False,,gurkor,,,
1772,4.362362860008965,4.362362860008965,False,False,,gurkor,,,
1773,4.369303241810711,4.369303241810711,False,False,,gurkor,,,
1774,4.379066623341783,4.379066623341783,False,False,,gurkor,,,
1775,4.370547432080638,4.370547432080638,False,False,,gurkor,,,
1776,4.359689649150934,4.359689649150934,False,False,,gurkor,,,
1777,4.367347152734284,4.367347152734284,False,False,,gurkor,,,
1778,4.341096361768995,4.341096361768995,False,False,,gurkor,,,
1779,4.333737736873507,4.333737736873507,False,False,,gurkor,,,
1780,4.332120249149389,4.332120249149389,False,False,,gurkor,,,
1781,4.340737781391407,4.340737781391407,False,False,,gurkor,,,
1782,4.336252267010608,4.336252267010608,False,False,,gurkor,,,
1783,4.338226637615065,4.338226637615064,False,False,,gurkor,,,
1784,4.338226637615065,4.338226637615064,False,False,,gurkor,,,
1785,4.338226637615065,4.338226637615064,False,False,,gurkor,,,
1786,4.338226637615065,4.338226637615064,False,False,,gurkor,,,
1787,4.330681821588365,4.330681821588365,False,False,,gurkor,,,
1788,4.322759320859716,4.322759320859716,False,False,,gurkor,,,
1789,4.322759320859716,4.322759320859716,False,False,,gurkor,,,
1790,4.305589098913183,4.305589098913183,False,False,,gurkor,,,
1791,4.299059133086966,4.299059133086966,False,False,,gurkor,,,
1792,4.297787916419479,4.297787916419479,False,False,,gurkor,,,
1793,4.312648701958006,4.312648701958006,False,False,,gurkor,,,
1794,4.314094966124326,4.314094966124326,False,False,,gurkor,,,
1795,4.297969548786396,4.297969548786396,False,False,,gurkor,,,
1796,4.298514385906328,4.298514385906328,False,False,,gurkor,,,
1797,4.300692835403875,4.300692835403875,False,False,,gurkor,,,
1798,4.295971042534807,4.295971042534807,False,False,,gurkor,,,
1799,4.295971042534807,4.295971042534807,False,False,,gurkor,,,
1800,4.284866368775066,4.284866368775066,False,False,,gurkor,,,
1801,4.291970392695165,4.291970392695165,False,False,,gurkor,,,
1802,4.297969548786397,4.297969548786398,False,False,,gurkor,,,
1803,4.293607609073219,4.293607609073219,False,False,,gurkor,,,
1804,4.2974246216860745,4.2974246216860745,False,False,,gurkor,,,
1805,4.303051201500872,4.303051201500872,False,False,,gurkor,,,
1806,4.301055770599049,4.301055770599049,False,False,,gurkor,,,
1807,4.291606456341551,4.291606456341551,False,False,,gurkor,,,
1808,4.299966845301205,4.299966845301205,False,False,,gurkor,,,
1809,4.302869848498493,4.302869848498493,False,False,,gurkor,,,
1810,4.31427570474259,4.31427570474259,False,False,,gurkor,,,
1811,4.314094966124326,4.314094966124326,False,False,,gurkor,,,
1812,4.324381370631008,4.324381370631008,False,False,,gurkor,,,
1813,4.309030274677344,4.309030274677344,False,False,,gurkor,,,
1814,4.303957817213214,4.303957817213214,False,False,,gurkor,,,
1815,4.312106189987959,4.312106189987959,False,False,,gurkor,,,
1816,4.309392295508599,4.309392295508599,False,False,,gurkor,,,
1817,4.299240695501121,4.299240695501121,False,False,,gurkor,,,
1818,4.298877560684136,4.2988775606841365,False,False,,gurkor,,,
1819,4.30758179500782,4.30758179500782,False,False,,gurkor,,,
1820,4.302869848498492,4.302869848498492,False,False,,gurkor,,,
1821,4.299785322826616,4.299785322826616,False,False,,gurkor,,,
1822,4.300329860308651,4.300329860308651,False,False,,gurkor,,,
1823,4.305589098913182,4.305589098913182,False,False,,gurkor,,,
1824,4.310659056564488,4.310659056564488,False,False,,gurkor,,,
1825,4.323660557479473,4.323660557479473,False,False,,gurkor,,,
1826,4.319151924373096,4.319151924373096,False,False,,gurkor,,,
1827,4.327443082033015,4.327443082033015,False,False,,gurkor,,,
1828,4.314456433498594,4.314456433498594,False,False,,gurkor,,,
1829,4.314275704742589,4.314275704742589,False,False,,gurkor,,,
1830,4.31535992939685,4.31535992939685,False,False,,gurkor,,,
1831,4.316805010538205,4.316805010538205,False,False,,gurkor,,,
1832,4.314817861429796,4.314817861429796,False,False,,gurkor,,,
1833,4.319693284022731,4.319693284022731,False,False,,gurkor,,,
1834,4.322398757673508,4.322398757673508,False,False,,gurkor,,,
1835,4.321497178259107,4.321497178259107,False,False,,gurkor,,,
1836,4.321315488639483,4.321315488639483,False,False,,gurkor,,,
1837,4.339977518911224,4.339977518911224,False,False,,gurkor,,,
1838,4.333828809167853,4.333828809167853,False,False,,gurkor,,,
1839,4.337808682348832,4.337808682348832,False,False,,gurkor,,,
1840,4.337808682348832,4.337808682348832,False,False,,gurkor,,,
1841,4.342144944594733,4.342144944594733,False,False,,gurkor,,,
1842,4.348098111068203,4.348098111068203,False,False,,gurkor,,,
1843,4.355299866668302,4.355299866668303,False,False,,gurkor,,,
1844,4.354040679405507,4.354040679405507,False,False,,gurkor,,,
1845,4.355120011807338,4.355120011807338,False,False,,gurkor,,,
1846,4.354220592341113,4.354220592341113,False,False,,gurkor,,,
1847,4.363383344555972,4.363383344555972,False,False,,gurkor,,,
1848,4.354760273057463,4.354760273057463,False,False,,gurkor,,,
1849,4.34521305410782,4.34521305410782,False,False,,gurkor,,,
1850,4.351880968401024,4.351880968401024,False,False,,gurkor,,,
1851,4.34575419233556,4.34575419233556,False,False,,gurkor,,,
1852,4.355479711855202,4.355479711855203,False,False,,gurkor,,,
1853,4.359613484419253,4.359613484419253,False,False,,gurkor,,,
1854,4.363383344555973,4.363383344555972,False,False,,gurkor,,,
1855,4.37556149924957,4.37556149924957,False,False,,gurkor,,,
1856,4.368940634650381,4.368940634650381,False,False,,gurkor,,,
1857,4.362845052875444,4.362845052875444,False,False,,gurkor,,,
1858,4.366252773795408,4.366252773795408,False,False,,gurkor,,,
1859,4.367686567712581,4.367686567712581,False,False,,gurkor,,,
1860,4.362665603089392,4.362665603089392,False,False,,gurkor,,,
1861,4.362845052875443,4.362845052875443,False,False,,gurkor,,,
1862,4.364997700832377,4.364997700832377,False,False,,gurkor,,,
1863,4.359972701662113,4.359972701662113,False,False,,gurkor,,,
1864,4.362486143688044,4.362486143688044,False,False,,gurkor,,,
1865,4.35781681959957,4.35781681959957,False,False,,gurkor,,,
1866,4.355120011807338,4.355120011807338,False,False,,gurkor,,,
1867,4.3515208808134975,4.3515208808134975,False,False,,gurkor,,,
1868,4.3515208808134975,4.3515208808134975,False,False,,gurkor,,,
1869,4.3515208808134975,4.3515208808134975,False,False,,gurkor,,,
1870,4.345934552241079,4.345934552241079,False,False,,gurkor,,,
1871,4.355120011807338,4.355120011807338,False,False,,gurkor,,,
1872,4.349539704907674,4.349539704907674,False,False,,gurkor,,,
1873,4.352601027169709,4.352601027169709,False,False,,gurkor,,,
1874,4.352601027169709,4.352601027169709,False,False,,gurkor,,,
1875,4.346836205556298,4.346836205556298,False,False,,gurkor,,,
1876,4.336723734193087,4.336723734193087,False,False,,gurkor,,,
1877,4.328394024854997,4.328394024854997,False,False,,gurkor,,,
1878,4.32984416956078,4.32984416956078,False,False,,gurkor,,,
1879,4.333828809167853,4.333828809167853,False,False,,gurkor,,,
1880,4.339616144197152,4.339616144197152,False,False,,gurkor,,,
1881,4.340338854434219,4.340338854434219,False,False,,gurkor,,,
1882,4.330387810753113,4.330387810753113,False,False,,gurkor,,,
1883,4.3316559612705525,4.3316559612705525,False,False,,gurkor,,,
1884,4.3341908125432,4.3341908125432,False,False,,gurkor,,,
1885,4.338893277148755,4.338893277148755,False,False,,gurkor,,,
1886,4.327487362952075,4.327487362952075,False,False,,gurkor,,,
1887,4.32331352747258,4.32331352747258,False,False,,gurkor,,,
1888,4.325854747694832,4.325854747694832,False,False,,gurkor,,,
1889,4.335819340575421,4.335819340575421,False,False,,gurkor,,,
1890,4.338531784790882,4.338531784790881,False,False,,gurkor,,,
1891,4.344491399890195,4.344491399890195,False,False,,gurkor,,,
1892,4.353140969436215,4.353140969436215,False,False,,gurkor,,,
1893,4.360152295827726,4.360152295827726,False,False,,gurkor,,,
1894,4.360152295827726,4.360152295827726,False,False,,gurkor,,,
1895,4.354760273057463,4.354760273057463,False,False,,gurkor,,,
1896,4.361229658529975,4.361229658529975,False,False,,gurkor,,,
1897,4.361229658529975,4.361229658529975,False,False,,gurkor,,,
1898,4.376991322660736,4.376991322660736,False,False,,gurkor,,,
1899,4.377170007811926,4.377170007811926,False,False,,gurkor,,,
1900,4.3725211019797205,4.3725211019797205,False,False,,gurkor,,,
1901,4.373776794219614,4.373776794219614,False,False,,gurkor,,,
1902,4.365156880977458,4.365156880977458,False,False,,gurkor,,,
1903,4.3696491829917,4.3696491829917,False,False,,gurkor,,,
1904,4.3696491829917,4.3696491829917,False,False,,gurkor,,,
1905,4.373597438364714,4.373597438364714,False,False,,gurkor,,,
1906,4.373238697909783,4.373238697909783,False,False,,gurkor,,,
1907,4.370367393210726,4.370367393210726,False,False,,gurkor,,,
1908,4.378615785761445,4.378615785761445,False,False,,gurkor,,,
1909,4.377720201837429,4.377720201837429,False,False,,gurkor,,,
1910,4.377541056412017,4.377541056412017,False,False,,gurkor,,,
1911,4.365336688687607,4.365336688687607,False,False,,gurkor,,,
1912,4.359397932171864,4.359397932171864,False,False,,gurkor,,,
1913,4.356695010580872,4.356695010580872,False,False,,gurkor,,,
1914,4.3619186909631305,4.3619186909631305,False,False,,gurkor,,,
1915,4.360298421083265,4.360298421083265,False,False,,gurkor,,,
1916,4.356154164089025,4.356154164089025,False,False,,gurkor,,,
1917,4.365336688687606,4.365336688687606,False,False,,gurkor,,,
1918,4.358857522505848,4.358857522505848,False,False,,gurkor,,,
1919,4.356334455971317,4.356334455971317,False,False,,gurkor,,,
1920,4.353989902904824,4.353989902904824,False,False,,gurkor,,,
1921,4.359397932171863,4.359397932171863,False,False,,gurkor,,,
1922,4.349837814056466,4.349837814056466,False,False,,gurkor,,,
1923,4.356875273311035,4.356875273311035,False,False,,gurkor,,,
1924,4.352365786940517,4.352365786940517,False,False,,gurkor,,,
1925,4.358136840497901,4.358136840497901,False,False,,gurkor,,,
1926,4.353989902904824,4.353989902904824,False,False,,gurkor,,,
1927,4.357416003220449,4.357416003220449,False,False,,gurkor,,,
1928,4.348392398509027,4.348392398509027,False,False,,gurkor,,,
1929,4.347850206299961,4.347850206299961,False,False,,gurkor,,,
1930,4.348392398509027,4.348392398509027,False,False,,gurkor,,,
1931,4.34893450267133,4.34893450267133,False,False,,gurkor,,,
1932,4.356695010580872,4.356695010580872,False,False,,gurkor,,,
1933,4.356695010580872,4.356695010580872,False,False,,gurkor,,,
1934,4.357416003220449,4.357416003220449,False,False,,gurkor,,,
1935,4.36191869096313,4.361918690963129,False,False,,gurkor,,,
1936,4.368930818972903,4.368930818972903,False,False,,gurkor,,,
1937,4.36713423545326,4.36713423545326,False,False,,gurkor,,,
1938,4.363718071840752,4.363718071840752,False,False,,gurkor,,,
1939,4.364437553640558,4.364437553640558,False,False,,gurkor,,,
1940,4.371982804344831,4.371982804344831,False,False,,gurkor,,,
1941,4.3694696064092895,4.3694696064092895,False,False,,gurkor,,,
1942,4.367852984370633,4.367852984370633,False,False,,gurkor,,,
1943,4.366595072629425,4.366595072629425,False,False,,gurkor,,,
1944,4.3694696064092895,4.3694696064092895,False,False,,gurkor,,,
1945,4.36713423545326,4.36713423545326,False,False,,gurkor,,,
1946,4.3709059499987,4.3709059499987,False,False,,gurkor,,,
1947,4.373776794219614,4.373776794219614,False,False,,gurkor,,,
1948,4.37126493984234,4.37126493984234,False,False,,gurkor,,,
1949,4.37252110197972,4.37252110197972,False,False,,gurkor,,,
1950,4.364077832054256,4.364077832054257,False,False,,gurkor,,,
1951,4.364617399952095,4.364617399952095,False,False,,gurkor,,,
1952,4.364437553640557,4.364437553640557,False,False,,gurkor,,,
1953,4.367134235453259,4.367134235453259,False,False,,gurkor,,,
1954,4.357416003220449,4.357416003220449,False,False,,gurkor,,,
1955,4.361378688121425,4.361378688121425,False,False,,gurkor,,,
1956,4.365336688687605,4.365336688687605,False,False,,gurkor,,,
1957,4.364437553640557,4.364437553640557,False,False,,gurkor,,,
1958,4.361018637837526,4.361018637837526,False,False,,gurkor,,,
1959,4.361018637837526,4.361018637837526,False,False,,gurkor,,,
1960,4.3521852808765065,4.3521852808765065,False,False,,gurkor,,,
1961,4.354711478978835,4.354711478978835,False,False,,gurkor,,,
1962,4.354891848663977,4.354891848663977,False,False,,gurkor,,,
1963,4.37126493984234,4.37126493984234,False,False,,gurkor,,,
1964,4.367673311584976,4.367673311584976,False,False,,gurkor,,,
1965,4.366415332416562,4.366415332416562,False,False,,gurkor,,,
1966,4.35579355116216,4.35579355116216,False,False,,gurkor,,,
1967,4.360308743426685,4.360308743426685,False,False,,gurkor,,,
1968,4.35470899747077,4.35470899747077,False,False,,gurkor,,,
1969,4.355070554458668,4.355070554458669,False,False,,gurkor,,,
1970,4.3554320723518885,4.3554320723518885,False,False,,gurkor,,,
1971,4.359045103648404,4.359045103648404,False,False,,gurkor,,,
1972,4.356877753212056,4.356877753212056,False,False,,gurkor,,,
1973,4.354528204312674,4.354528204312674,False,False,,gurkor,,,
1974,4.348918759222888,4.348918759222888,False,False,,gurkor,,,
1975,4.354528204312674,4.354528204312674,False,False,,gurkor,,,
1976,4.354528204312674,4.354528204312674,False,False,,gurkor,,,
1977,4.360669695758933,4.360669695758933,False,False,,gurkor,,,
1978,4.365358539124793,4.365358539124793,False,False,,gurkor,,,
1979,4.3599477521688295,4.3599477521688295,False,False,,gurkor,,,
1980,4.3635559144875975,4.3635559144875975,False,False,,gurkor,,,
1981,4.358142211588548,4.358142211588548,False,False,,gurkor,,,
1982,4.36409680371887,4.36409680371887,False,False,,gurkor,,,
1983,4.367160194673822,4.367160194673822,False,False,,gurkor,,,
1984,4.366439648652513,4.366439648652513,False,False,,gurkor,,,
1985,4.366439648652513,4.366439648652513,False,False,,gurkor,,,
1986,4.363555914487597,4.363555914487597,False,False,,gurkor,,,
1987,4.362654238309791,4.362654238309791,False,False,,gurkor,,,
1988,4.366799941021871,4.366799941021871,False,False,,gurkor,,,
1989,4.370400737155835,4.370400737155835,False,False,,gurkor,,,
1990,4.3721996869105,4.3721996869105,False,False,,gurkor,,,
1991,4.37345837829232,4.37345837829232,False,False,,gurkor,,,
1992,4.379026919783815,4.379026919783815,False,False,,gurkor,,,
1993,4.373638152830123,4.373638152830123,False,False,,gurkor,,,
1994,4.3721996869105,4.3721996869105,False,False,,gurkor,,,
1995,4.370760604266014,4.370760604266014,False,False,,gurkor,,,
1996,4.371300332576597,4.371300332576597,False,False,,gurkor,,,
1997,4.372379528862584,4.372379528862584,False,False,,gurkor,,,
1998,4.374536881174142,4.374536881174142,False,False,,gurkor,,,
1999,4.3721996869105,4.3721996869105,False,False,,gurkor,,,
2000,4.372559361179788,4.372559361179788,False,False,,gurkor,,,
2001,4.366439648652513,4.366439648652513,False,False,,gurkor,,,
2002,4.370940523348744,4.370940523348744,False,False,,gurkor,,,
2003,4.37166010323057,4.37166010323057,False,False,,gurkor,,,
2004,4.369500900469276,4.369500900469277,False,False,,gurkor,,,
2005,4.370040831443144,4.370040831443144,False,False,,gurkor,,,
2006,4.374357154746581,4.374357154746582,False,False,,gurkor,,,
2007,4.370580675535532,4.370580675535532,False,False,,gurkor,,,
2008,4.369680887116447,4.369680887116447,False,False,,gurkor,,,
2009,4.369500900469276,4.369500900469277,False,False,,gurkor,,,
2010,4.366079317554243,4.366079317554243,False,False,,gurkor,,,
2011,4.365178320293847,4.365178320293847,False,False,,gurkor,,,
2012,4.36878085728823,4.36878085728823,False,False,,gurkor,,,
2013,4.371120432785123,4.371120432785123,False,False,,gurkor,,,
2014,4.376872450032782,4.376872450032782,False,False,,gurkor,,,
2015,4.374177418699834,4.374177418699834,False,False,,gurkor,,,
2016,4.374716597983911,4.374716597983911,False,False,,gurkor,,,
2017,4.37615398639302,4.37615398639302,False,False,,gurkor,,,
2018,4.375076002755833,4.375076002755833,False,False,,gurkor,,,
2019,4.378667937380808,4.378667937380808,False,False,,gurkor,,,
2020,4.376333616706858,4.376333616706858,False,False,,gurkor,,,
2021,4.384944604104517,4.384944604104517,False,False,,gurkor,,,
2022,4.384048654017264,4.384048654017264,False,False,,gurkor,,,
2023,4.385482059716839,4.385482059716839,False,False,,gurkor,,,
2024,4.387631024708088,4.387631024708088,False,False,,gurkor,,,
2025,4.390315304502783,4.390315304502783,False,False,,gurkor,,,
2026,4.392818704985577,4.392818704985577,False,False,,gurkor,,,
2027,4.404595501424379,4.404595501424379,False,False,,gurkor,,,
2028,4.403882923682021,4.403882923682021,False,False,,gurkor,,,
2029,4.407444311949226,4.407444311949226,False,False,,gurkor,,,
2030,4.4083340735021945,4.4083340735021945,False,False,,gurkor,,,
2031,4.409401478679279,4.409401478679279,False,False,,gurkor,,,
2032,4.405499069155988,4.405499069155988,False,False,,gurkor,,,
2033,4.40194751266385,4.40194751266385,False,False,,gurkor,,,
2034,4.402302836272505,4.402302836272505,False,False,,gurkor,,,
2035,4.4007035857195325,4.4007035857195325,False,False,,gurkor,,,
2036,4.4076282140852046,4.407628214085205,False,False,,gurkor,,,
2037,4.409578754053188,4.409578754053188,False,False,,gurkor,,,
2038,4.4163083519101045,4.4163083519101045,False,False,,gurkor,,,
2039,4.418961098325073,4.418961098325073,False,False,,gurkor,,,
2040,4.413299394627634,4.413299394627634,False,False,,gurkor,,,
2041,4.4168390672250855,4.4168390672250855,False,False,,gurkor,,,
2042,4.412236771468105,4.412236771468105,False,False,,gurkor,,,
2043,4.41577755350719,4.41577755350719,False,False,,gurkor,,,
2044,4.41577755350719,4.41577755350719,False,False,,gurkor,,,
2045,4.412768124712119,4.412768124712119,False,False,,gurkor,,,
2046,4.409224194021139,4.409224194021139,False,False,,gurkor,,,
2047,4.417015953872316,4.417015953872316,False,False,,gurkor,,,
2048,4.43254599771437,4.43254599771437,False,False,,gurkor,,,
2049,4.433074182351417,4.433074182351417,False,False,,gurkor,,,
2050,4.430784789867442,4.430784789867442,False,False,,gurkor,,,
2051,4.435537960857794,4.435537960857794,False,False,,gurkor,,,
2052,4.434834206068013,4.434834206068013,False,False,,gurkor,,,
2053,4.427964959035376,4.427964959035376,False,False,,gurkor,,,
2054,4.423201183220042,4.423201183220042,False,False,,gurkor,,,
2055,4.423024618715519,4.423024618715519,False,False,,gurkor,,,
2056,4.417900248735193,4.417900248735193,False,False,,gurkor,,,
2057,4.4184307150022,4.4184307150022,False,False,,gurkor,,,
2058,4.415246671980317,4.415246671980317,False,False,,gurkor,,,
2059,4.419491398739707,4.419491398739707,False,False,,gurkor,,,
2060,4.420021616281935,4.420021616281935,False,False,,gurkor,,,
2061,4.415069692993149,4.415069692993149,False,False,,gurkor,,,
2062,4.412768124712119,4.412768124712119,False,False,,gurkor,,,
2063,4.416485266245312,4.416485266245313,False,False,,gurkor,,,
2064,4.414007624955382,4.414007624955382,False,False,,gurkor,,,
2065,4.414715707293477,4.414715707293477,False,False,,gurkor,,,
2066,4.414892704764648,4.414892704764648,False,False,,gurkor,,,
2067,4.417546558459379,4.417546558459379,False,False,,gurkor,,,
2068,4.421965038829591,4.421965038829591,False,False,,gurkor,,,
2069,4.424436877779078,4.424436877779078,False,False,,gurkor,,,
2070,4.426554166066126,4.426554166066126,False,False,,gurkor,,,
2071,4.426554166066126,4.426554166066126,False,False,,gurkor,,,
2072,4.431489382417555,4.431489382417555,False,False,,gurkor,,,
2073,4.42990384388647,4.42990384388647,False,False,,gurkor,,,
2074,4.432369917949136,4.432369917949135,False,False,,gurkor,,,
2075,4.42673054721663,4.42673054721663,False,False,,gurkor,,,
2076,4.433074182351417,4.433074182351417,False,False,,gurkor,,,
2077,4.4320177310815,4.4320177310815,False,False,,gurkor,,,
2078,4.428317565804667,4.428317565804667,False,False,,gurkor,,,
2079,4.427083282057354,4.427083282057354,False,False,,gurkor,,,
2080,4.419668147126723,4.419668147126723,False,False,,gurkor,,,
2081,4.423201183220042,4.423201183220042,False,False,,gurkor,,,
2082,4.424789850808658,4.424789850808658,False,False,,gurkor,,,
2083,4.421965038829591,4.421965038829591,False,False,,gurkor,,,
2084,4.417900248735193,4.417900248735193,False,False,,gurkor,,,
2085,4.417192831292883,4.417192831292883,False,False,,gurkor,,,
2086,4.420905128122093,4.420905128122093,False,False,,gurkor,,,
2087,4.420375048620898,4.420375048620898,False,False,,gurkor,,,
2088,4.430432438855335,4.430432438855335,False,False,,gurkor,,,
2089,4.430080051337933,4.430080051337933,False,False,,gurkor,,,
2090,4.432193829071948,4.432193829071948,False,False,,gurkor,,,
2091,4.43254599771437,4.43254599771437,False,False,,gurkor,,,
2092,4.430432438855335,4.430432438855335,False,False,,gurkor,,,
2093,4.431489382417555,4.431489382417555,False,False,,gurkor,,,
2094,4.430076818849026,4.430076818849026,False,False,,gurkor,,,
2095,4.435370911338222,4.435370911338222,False,False,,gurkor,,,
2096,4.433783548127426,4.433783548127426,False,False,,gurkor,,,
2097,4.436781279888325,4.436781279888325,False,False,,gurkor,,,
2098,4.434136359476875,4.434136359476875,False,False,,gurkor,,,
2099,4.44100888573718,4.44100888573718,False,False,,gurkor,,,
2100,4.442416923309534,4.442416923309534,False,False,,gurkor,,,
2101,4.445758684901677,4.445758684901678,False,False,,gurkor,,,
2102,4.443296651670375,4.443296651670375,False,False,,gurkor,,,
2103,4.440480721702248,4.440480721702248,False,False,,gurkor,,,
2104,4.445758684901677,4.445758684901678,False,False,,gurkor,,,
2105,4.454537197758861,4.454537197758861,False,False,,gurkor,,,
2106,4.451906011220978,4.451906011220978,False,False,,gurkor,,,
2107,4.446989035768207,4.4469890357682065,False,False,,gurkor,,,
2108,4.440832840150363,4.440832840150363,False,False,,gurkor,,,
2109,4.442944787553799,4.442944787553799,False,False,,gurkor,,,
2110,4.437838673181348,4.437838673181348,False,False,,gurkor,,,
2111,4.4411849222342505,4.4411849222342505,False,False,,gurkor,,,
2112,4.433254262525426,4.433254262525426,False,False,,gurkor,,,
2113,4.437486245217018,4.437486245217018,False,False,,gurkor,,,
2114,4.430253421379363,4.430253421379363,False,False,,gurkor,,,
2115,4.430606598932625,4.430606598932625,False,False,,gurkor,,,
2116,4.437662463756423,4.437662463756424,False,False,,gurkor,,,
2117,4.435194574191516,4.435194574191516,False,False,,gurkor,,,
2118,4.4249513507740605,4.4249513507740605,False,False,,gurkor,,,
2119,4.416805398981749,4.416805398981749,False,False,,gurkor,,,
2120,4.414854552541429,4.414854552541429,False,False,,gurkor,,,
2121,4.414854552541429,4.414854552541429,False,False,,gurkor,,,
2122,4.414854552541429,4.414854552541429,False,False,,gurkor,,,
2123,4.411659834056951,4.411659834056951,False,False,,gurkor,,,
2124,4.408995264844677,4.408995264844676,False,False,,gurkor,,,
2125,4.3986724710712,4.3986724710712,False,False,,gurkor,,,
2126,4.400276351867808,4.400276351867808,False,False,,gurkor,,,
2127,4.408462099239581,4.408462099239581,False,False,,gurkor,,,
2128,4.401879471525009,4.401879471525009,False,False,,gurkor,,,
2129,4.405261340193971,4.405261340193971,False,False,,gurkor,,,
2130,4.410061344182537,4.410061344182537,False,False,,gurkor,,,
2131,4.399028954854716,4.399028954854716,False,False,,gurkor,,,
2132,4.394391726867898,4.394391726867898,False,False,,gurkor,,,
2133,4.394391726867898,4.394391726867898,False,False,,gurkor,,,
2134,4.392785046645948,4.392785046645948,False,False,,gurkor,,,
2135,4.398494215066414,4.398494215066414,False,False,,gurkor,,,
2136,4.402235617073631,4.402235617073631,False,False,,gurkor,,,
2137,4.402235617073631,4.402235617073631,False,False,,gurkor,,,
2138,4.404193747091872,4.404193747091872,False,False,,gurkor,,,
2139,4.405972881740481,4.405972881740481,False,False,,gurkor,,,
2140,4.405795010386847,4.405795010386847,False,False,,gurkor,,,
2141,4.392427902630665,4.392427902630665,False,False,,gurkor,,,
2142,4.38294976753013,4.38294976753013,False,False,,gurkor,,,
2143,4.385277063278988,4.385277063278988,False,False,,gurkor,,,
2144,4.386171748767793,4.386171748767793,False,False,,gurkor,,,
2145,4.388139220545464,4.388139220545464,False,False,,gurkor,,,
2146,4.3884968192518,4.3884968192518,False,False,,gurkor,,,
2147,4.388675604372216,4.388675604372216,False,False,,gurkor,,,
2148,4.380262424491026,4.380262424491026,False,False,,gurkor,,,
2149,4.3761376557448415,4.3761376557448415,False,False,,gurkor,,,
2150,4.3761376557448415,4.3761376557448415,False,False,,gurkor,,,
2151,4.372367134705391,4.372367134705391,False,False,,gurkor,,,
2152,4.372367134705391,4.372367134705391,False,False,,gurkor,,,
2153,4.380620860974927,4.380620860974927,False,False,,gurkor,,,
2154,4.3791868857344,4.3791868857344,False,False,,gurkor,,,
2155,4.378469668696389,4.378469668696389,False,False,,gurkor,,,
2156,4.390641614885101,4.390641614885101,False,False,,gurkor,,,
2157,4.390641614885101,4.390641614885101,False,False,,gurkor,,,
2158,4.39760279385731,4.39760279385731,False,False,,gurkor,,,
2159,4.39474652878269,4.394746528782689,False,False,,gurkor,,,
2160,4.388132137014755,4.388132137014755,False,False,,gurkor,,,
2161,4.389742238065522,4.389742238065522,False,False,,gurkor,,,
2162,4.390457591666943,4.390457591666943,False,False,,gurkor,,,
2163,4.38902673258402,4.38902673258402,False,False,,gurkor,,,
2164,4.387953189391291,4.387953189391291,False,False,,gurkor,,,
2165,4.387953189391291,4.387953189391291,False,False,,gurkor,,,
2166,4.398316482645937,4.398316482645937,False,False,,gurkor,,,
2167,4.401526217126814,4.401526217126814,False,False,,gurkor,,,
2168,4.398138074591172,4.398138074591172,False,False,,gurkor,,,
2169,4.403486221528095,4.403486221528095,False,False,,gurkor,,,
2170,4.406691052510559,4.406691052510559,False,False,,gurkor,,,
2171,4.412025701085046,4.412025701085046,False,False,,gurkor,,,
2172,4.4077586550808485,4.4077586550808485,False,False,,gurkor,,,
2173,4.402951787583411,4.402951787583411,False,False,,gurkor,,,
2174,4.405979130251065,4.405979130251065,False,False,,gurkor,,,
2175,4.396888954165055,4.396888954165055,False,False,,gurkor,,,
2176,4.388132137014756,4.388132137014756,False,False,,gurkor,,,
2177,4.390815211540492,4.390815211540493,False,False,,gurkor,,,
2178,4.383118005527441,4.383118005527441,False,False,,gurkor,,,
2179,4.386342232821329,4.386342232821329,False,False,,gurkor,,,
2180,4.385267833480027,4.385267833480027,False,False,,gurkor,,,
2181,4.3915303374890025,4.3915303374890025,False,False,,gurkor,,,
2182,4.386521266053332,4.386521266053332,False,False,,gurkor,,,
2183,4.388490003747879,4.388490003747879,False,False,,gurkor,,,
2184,4.391887843586218,4.391887843586218,False,False,,gurkor,,,
2185,4.395996442206922,4.395996442206922,False,False,,gurkor,,,
2186,4.391709095276204,4.391709095276204,False,False,,gurkor,,,
2187,4.399386733077612,4.399386733077611,False,False,,gurkor,,,
2188,4.398138074591171,4.39813807459117,False,False,,gurkor,,,
2189,4.404020570997633,4.404020570997633,False,False,,gurkor,,,
2190,4.404376757064957,4.404376757064957,False,False,,gurkor,,,
2191,4.408292330077143,4.408292330077143,False,False,,gurkor,,,
2192,4.409715052131733,4.409715052131733,False,False,,gurkor,,,
2193,4.410248418780997,4.410248418780996,False,False,,gurkor,,,
2194,4.40918160143674,4.40918160143674,False,False,,gurkor,,,
2195,4.412203378028727,4.412203378028727,False,False,,gurkor,,,
2196,4.418061497043027,4.418061497043027,False,False,,gurkor,,,
2197,4.417706747537544,4.417706747537544,False,False,,gurkor,,,
2198,4.421784128995907,4.421784128995907,False,False,,gurkor,,,
2199,4.417884126928442,4.417884126928442,False,False,,gurkor,,,
2200,4.4161099153636805,4.4161099153636805,False,False,,gurkor,,,
2201,4.419302828221107,4.419302828221107,False,False,,gurkor,,,
2202,4.420720936516464,4.420720936516464,False,False,,gurkor,,,
2203,4.419302828221107,4.419302828221107,False,False,,gurkor,,,
2204,4.421075371014826,4.421075371014826,False,False,,gurkor,,,
2205,4.429570720871414,4.429570720871414,False,False,,gurkor,,,
2206,4.433986988566313,4.433986988566314,False,False,,gurkor,,,
2207,4.434163520116606,4.434163520116606,False,False,,gurkor,,,
2208,4.4308078538072095,4.430807853807209,False,False,,gurkor,,,
2209,4.430277709078814,4.430277709078814,False,False,,gurkor,,,
2210,4.434869554789737,4.434869554789737,False,False,,gurkor,,,
2211,4.439455215855484,4.439455215855484,False,False,,gurkor,,,
2212,4.437692230502898,4.437692230502898,False,False,,gurkor,,,
2213,4.431691244789359,4.431691244789359,False,False,,gurkor,,,
2214,4.427979459755376,4.427979459755376,False,False,,gurkor,,,
2215,4.428686778863614,4.428686778863614,False,False,,gurkor,,,
2216,4.423201201194678,4.423201201194679,False,False,,gurkor,,,
2217,4.423201201194678,4.423201201194679,False,False,,gurkor,,,
2218,4.432397792461391,4.432397792461391,False,False,,gurkor,,,
2219,4.432927606954427,4.432927606954427,False,False,,gurkor,,,
2220,4.438926416014959,4.438926416014959,False,False,,gurkor,,,
2221,4.434869554789736,4.434869554789736,False,False,,gurkor,,,
2222,4.435928332359675,4.435928332359675,False,False,,gurkor,,,
2223,4.417529358868977,4.417529358868977,False,False,,gurkor,,,
2224,4.4182414253990805,4.4182414253990805,False,False,,gurkor,,,
2225,4.42393258458659,4.42393258458659,False,False,,gurkor,,,
2226,4.43156509525109,4.43156509525109,False,False,,gurkor,,,
2227,4.426064312338668,4.426064312338668,False,False,,gurkor,,,
2228,4.437411010848241,4.437411010848241,False,False,,gurkor,,,
2229,4.430855816612243,4.430855816612243,False,False,,gurkor,,,
2230,4.430855816612243,4.430855816612243,False,False,,gurkor,,,
2231,4.438118925211948,4.438118925211948,False,False,,gurkor,,,
2232,4.434046406805653,4.434046406805653,False,False,,gurkor,,,
2233,4.4303237605617305,4.4303237605617305,False,False,,gurkor,,,
2234,4.428017221948058,4.428017221948058,False,False,,gurkor,,,
2235,4.426241895956411,4.426241895956411,False,False,,gurkor,,,
2236,4.421621701920558,4.421621701920558,False,False,,gurkor,,,
2237,4.420732481875924,4.420732481875924,False,False,,gurkor,,,
2238,4.427839731071258,4.427839731071258,False,False,,gurkor,,,
2239,4.433160431778038,4.433160431778038,False,False,,gurkor,,,
2240,4.4359947406188,4.4359947406188,False,False,,gurkor,,,
2241,4.433160431778039,4.433160431778039,False,False,,gurkor,,,
2242,4.438826692521129,4.438826692521129,False,False,,gurkor,,,
2243,4.448014323924702,4.448014323924702,False,False,,gurkor,,,
2244,4.448014323924702,4.448014323924702,False,False,,gurkor,,,
2245,4.450660012608784,4.450660012608784,False,False,,gurkor,,,
2246,4.454888858513416,4.454888858513416,False,False,,gurkor,,,
2247,4.450660012608784,4.450660012608784,False,False,,gurkor,,,
2248,4.447131972043431,4.447131972043431,False,False,,gurkor,,,
2249,4.449249233663862,4.449249233663862,False,False,,gurkor,,,
2250,4.445013396576548,4.445013396576547,False,False,,gurkor,,,
2251,4.44995469596099,4.44995469596099,False,False,,gurkor,,,
2252,4.454184414017145,4.454184414017145,False,False,,gurkor,,,
2253,4.455241026355682,4.455241026355681,False,False,,gurkor,,,
2254,4.455593157941124,4.455593157941124,False,False,,gurkor,,,
2255,4.459815912690414,4.459815912690414,False,False,,gurkor,,,
2256,4.457001321921328,4.457001321921328,False,False,,gurkor,,,
2257,4.461398103703875,4.461398103703875,False,False,,gurkor,,,
2258,4.459640068552399,4.459640068552399,False,False,,gurkor,,,
2259,4.465964777310419,4.465964777310419,False,False,,gurkor,,,
2260,4.474379616759401,4.474379616759401,False,False,,gurkor,,,
2261,4.474904859997991,4.474904859997991,False,False,,gurkor,,,
2262,4.479453608319071,4.479453608319071,False,False,,gurkor,,,
2263,4.487486687686939,4.48748668768694,False,False,,gurkor,,,
2264,4.492018849736452,4.492018849736451,False,False,,gurkor,,,
2265,4.5069675867509815,4.5069675867509815,False,False,,gurkor,,,
2266,4.493934510959565,4.493934510959564,False,False,,gurkor,,,
2267,4.498632084649987,4.498632084649987,False,False,,gurkor,,,
2268,4.496545063315828,4.496545063315828,False,False,,gurkor,,,
2269,4.504364900578075,4.504364900578075,False,False,,gurkor,,,
2270,4.499327478229495,4.499327478229495,False,False,,gurkor,,,
2271,4.496197103737351,4.496197103737351,False,False,,gurkor,,,
2272,4.498632084649987,4.498632084649987,False,False,,gurkor,,,
2273,4.485916472491192,4.485916472491192,False,False,,gurkor,,,
2274,4.473679167482572,4.473679167482572,False,False,,gurkor,,,
2275,4.464033465733374,4.464033465733374,False,False,,gurkor,,,
2276,4.454888858513415,4.454888858513415,False,False,,gurkor,,,
2277,4.467719571534949,4.46771957153495,False,False,,gurkor,,,
2278,4.464560295001186,4.464560295001186,False,False,,gurkor,,,
2279,4.453127475088147,4.453127475088147,False,False,,gurkor,,,
2280,4.453303654268062,4.453303654268062,False,False,,gurkor,,,
2281,4.457177301674455,4.457177301674455,False,False,,gurkor,,,
2282,4.46227678298003,4.46227678298003,False,False,,gurkor,,,
2283,4.444836789244642,4.444836789244642,False,False,,gurkor,,,
2284,4.451893966523953,4.451893966523953,False,False,,gurkor,,,
2285,4.459112481941143,4.459112481941143,False,False,,gurkor,,,
2286,4.464033465733374,4.464033465733374,False,False,,gurkor,,,
2287,4.467544132513152,4.467544132513152,False,False,,gurkor,,,
2288,4.473153736761804,4.473153736761804,False,False,,gurkor,,,
2289,4.444130268494643,4.444130268494643,False,False,,gurkor,,,
2290,4.436156462876344,4.436156462876344,False,False,,gurkor,,,
2291,4.420865476063271,4.42086547606327,False,False,,gurkor,,,
2292,4.425317626787435,4.425317626787435,False,False,,gurkor,,,
2293,4.43047482317451,4.43047482317451,False,False,,gurkor,,,
2294,4.443245210438234,4.443245210438234,False,False,,gurkor,,,
2295,4.43491441430305,4.43491441430305,False,False,,gurkor,,,
2296,4.436156462876344,4.436156462876344,False,False,,gurkor,,,
2297,4.420152589803291,4.420152589803291,False,False,,gurkor,,,
2298,4.428875151031384,4.428875151031384,False,False,,gurkor,,,
2299,4.434204468781786,4.434204468781785,False,False,,gurkor,,,
2300,4.429230698767009,4.429230698767009,False,False,,gurkor,,,
2301,4.420152589803291,4.420152589803291,False,False,,gurkor,,,
2302,4.420152589803291,4.420152589803291,False,False,,gurkor,,,
2303,4.4096200711742695,4.4096200711742695,False,False,,gurkor,,,
2304,4.403893787487371,4.403893787487371,False,False,,gurkor,,,
2305,4.410692671482469,4.410692671482469,False,False,,gurkor,,,
2306,4.41783467447734,4.41783467447734,False,False,,gurkor,,,
2307,4.413908435668617,4.413908435668617,False,False,,gurkor,,,
2308,4.430297118978621,4.430297118978621,False,False,,gurkor,,,
2309,4.426563183913008,4.426563183913008,False,False,,gurkor,,,
2310,4.420865476063272,4.420865476063272,False,False,,gurkor,,,
2311,4.4290529295465015,4.4290529295465015,False,False,,gurkor,,,
2312,4.436156462876344,4.436156462876344,False,False,,gurkor,,,
2313,4.44253699861662,4.44253699861662,False,False,,gurkor,,,
2314,4.4430681712681706,4.4430681712681706,False,False,,gurkor,,,
2315,4.439702679555327,4.439702679555327,False,False,,gurkor,,,
2316,4.433316828616072,4.433316828616071,False,False,,gurkor,,,
2317,4.434914414303051,4.434914414303051,False,False,,gurkor,,,
2318,4.437220715520338,4.437220715520338,False,False,,gurkor,,,
2319,4.429763950674347,4.429763950674347,False,False,,gurkor,,,
2320,4.435446776310176,4.435446776310176,False,False,,gurkor,,,
2321,4.423893573527145,4.423893573527145,False,False,,gurkor,,,
2322,4.409441271413344,4.409441271413344,False,False,,gurkor,,,
2323,4.4126582234368,4.4126582234368,False,False,,gurkor,,,
2324,4.417656307676774,4.417656307676774,False,False,,gurkor,,,
2325,4.420152589803291,4.420152589803291,False,False,,gurkor,,,
2326,4.4235374669016725,4.4235374669016725,False,False,,gurkor,,,
2327,4.426385275131982,4.426385275131982,False,False,,gurkor,,,
2328,4.433671912460263,4.433671912460263,False,False,,gurkor,,,
2329,4.435446776310176,4.435446776310176,False,False,,gurkor,,,
2330,4.432784133378299,4.432784133378299,False,False,,gurkor,,,
2331,4.4194395537472,4.4194395537472,False,False,,gurkor,,,
2332,4.422468922906955,4.422468922906956,False,False,,gurkor,,,
2333,4.420687268536893,4.420687268536893,False,False,,gurkor,,,
2334,4.416229035429048,4.416229035429048,False,False,,gurkor,,,
2335,4.412479584021561,4.412479584021561,False,False,,gurkor,,,
2336,4.41783467447734,4.41783467447734,False,False,,gurkor,,,
2337,4.42424964281763,4.42424964281763,False,False,,gurkor,,,
2338,4.4235374669016725,4.4235374669016725,False,False,,gurkor,,,
2339,4.418904678348996,4.418904678348996,False,False,,gurkor,,,
2340,4.4205090516523535,4.4205090516523535,False,False,,gurkor,,,
2341,4.415336685069563,4.415336685069563,False,False,,gurkor,,,
2342,4.424605674783958,4.424605674783958,False,False,,gurkor,,,
2343,4.417299545930228,4.417299545930228,False,False,,gurkor,,,
2344,4.413908435668617,4.413908435668617,False,False,,gurkor,,,
2345,4.417121150981532,4.417121150981532,False,False,,gurkor,,,
2346,4.421400042506919,4.421400042506919,False,False,,gurkor,,,
2347,4.4117649321359975,4.4117649321359975,False,False,,gurkor,,,
2348,4.409977642368133,4.409977642368133,False,False,,gurkor,,,
2349,4.402460700347331,4.402460700347331,False,False,,gurkor,,,
2350,4.393612461755602,4.393612461755602,False,False,,gurkor,,,
2351,4.388908038332788,4.388908038332788,False,False,,gurkor,,,
2352,4.388183697706591,4.388183697706591,False,False,,gurkor,,,
2353,4.390537235665756,4.390537235665756,False,False,,gurkor,,,
2354,4.390175259871424,4.390175259871424,False,False,,gurkor,,,
2355,4.388183697706591,4.388183697706591,False,False,,gurkor,,,
2356,4.384015713226382,4.384015713226382,False,False,,gurkor,,,
2357,4.384378351562431,4.384378351562431,False,False,,gurkor,,,
2358,4.387278052853058,4.387278052853059,False,False,,gurkor,,,
2359,4.3880025882136735,4.3880025882136735,False,False,,gurkor,,,
2360,4.382201935148468,4.382201935148468,False,False,,gurkor,,,
2361,4.385828514363253,4.385828514363253,False,False,,gurkor,,,
2362,4.38093170843308,4.38093170843308,False,False,,gurkor,,,
2363,4.377118146775018,4.377118146775018,False,False,,gurkor,,,
2364,4.384015713226382,4.384015713226382,False,False,,gurkor,,,
2365,4.384559656079984,4.384559656079985,False,False,,gurkor,,,
2366,4.380024109838872,4.380024109838872,False,False,,gurkor,,,
2367,4.380024109838872,4.380024109838872,False,False,,gurkor,,,
2368,4.380024109838872,4.380024109838872,False,False,,gurkor,,,
2369,4.382746171237373,4.382746171237373,False,False,,gurkor,,,
2370,4.388726967775165,4.388726967775165,False,False,,gurkor,,,
2371,4.397226789033223,4.397226789033223,False,False,,gurkor,,,
2372,4.399213020589648,4.399213020589648,False,False,,gurkor,,,
2373,4.392708274591491,4.392708274591491,False,False,,gurkor,,,
2374,4.393974068762304,4.393974068762304,False,False,,gurkor,,,
2375,4.392165645905846,4.392165645905846,False,False,,gurkor,,,
2376,4.398129766404538,4.398129766404538,False,False,,gurkor,,,
2377,4.397226789033223,4.397226789033223,False,False,,gurkor,,,
2378,4.4030016769694535,4.4030016769694535,False,False,,gurkor,,,
2379,4.393612461755603,4.393612461755603,False,False,,gurkor,,,
2380,4.390175259871424,4.390175259871424,False,False,,gurkor,,,
2381,4.391984750270795,4.391984750270795,False,False,,gurkor,,,
2382,4.389813245196761,4.389813245196761,False,False,,gurkor,,,
2383,4.39596221478507,4.39596221478507,False,False,,gurkor,,,
2384,4.39180384493009,4.39180384493009,False,False,,gurkor,,,
2385,4.398129766404538,4.398129766404538,False,False,,gurkor,,,
2386,4.404624087596209,4.404624087596209,False,False,,gurkor,,,
2387,4.40732637680505,4.40732637680505,False,False,,gurkor,,,
2388,4.400476378163618,4.400476378163618,False,False,,gurkor,,,
2389,4.401739263460788,4.401739263460788,False,False,,gurkor,,,
2390,4.401739263460788,4.401739263460788,False,False,,gurkor,,,
2391,4.395058657272673,4.395058657272673,False,False,,gurkor,,,
2392,4.407326376805051,4.40732637680505,False,False,,gurkor,,,
2393,4.407326376805051,4.40732637680505,False,False,,gurkor,,,
2394,4.4058854245603785,4.4058854245603785,False,False,,gurkor,,,
2395,4.397768604436582,4.397768604436581,False,False,,gurkor,,,
2396,4.397768604436582,4.397768604436581,False,False,,gurkor,,,
2397,4.395420109311197,4.395420109311197,False,False,,gurkor,,,
2398,4.391622929882291,4.391622929882291,False,False,,gurkor,,,
2399,4.385466032221273,4.385466032221273,False,False,,gurkor,,,
2400,4.385647278170419,4.385647278170419,False,False,,gurkor,,,
2401,4.388908038332788,4.388908038332788,False,False,,gurkor,,,
2402,4.386190957485802,4.386190957485802,False,False,,gurkor,,,
2403,4.386190957485802,4.386190957485802,False,False,,gurkor,,,
2404,4.3963235700617735,4.396323570061773,False,False,,gurkor,,,
2405,4.398490889745081,4.398490889745081,False,False,,gurkor,,,
2406,4.405344909178292,4.405344909178292,False,False,,gurkor,,,
2407,4.399213020589647,4.399213020589647,False,False,,gurkor,,,
2408,4.396504233192663,4.396504233192663,False,False,,gurkor,,,
2409,4.399213020589647,4.399213020589647,False,False,,gurkor,,,
2410,4.401919637121371,4.401919637121372,False,False,,gurkor,,,
2411,4.404984517592832,4.404984517592832,False,False,,gurkor,,,
2412,4.397949190249702,4.397949190249701,False,False,,gurkor,,,
2413,4.397949190249702,4.397949190249701,False,False,,gurkor,,,
2414,4.397949190249702,4.397949190249701,False,False,,gurkor,,,
2415,4.406425853581076,4.406425853581076,False,False,,gurkor,,,
2416,4.407690326939159,4.407690326939159,False,False,,gurkor,,,
2417,4.4058837917134746,4.4058837917134746,False,False,,gurkor,,,
2418,4.409134861004781,4.409134861004781,False,False,,gurkor,,,
2419,4.40967640237576,4.40967640237576,False,False,,gurkor,,,
2420,4.414185882411735,4.414185882411735,False,False,,gurkor,,,
2421,4.421208713008565,4.421208713008565,False,False,,gurkor,,,
2422,4.42857605495642,4.42857605495642,False,False,,gurkor,,,
2423,4.42336666278856,4.42336666278856,False,False,,gurkor,,,
2424,4.428396553610932,4.428396553610932,False,False,,gurkor,,,
2425,4.43306051227996,4.43306051227996,False,False,,gurkor,,,
2426,4.428037522484477,4.428037522484477,False,False,,gurkor,,,
2427,4.432701973148362,4.432701973148362,False,False,,gurkor,,,
2428,4.436285666201606,4.436285666201606,False,False,,gurkor,,,
2429,4.430729332319971,4.430729332319971,False,False,,gurkor,,,
2430,4.441832949933911,4.441832949933911,False,False,,gurkor,,,
2431,4.436822894990917,4.436822894990918,False,False,,gurkor,,,
2432,4.433777477248658,4.433777477248658,False,False,,gurkor,,,
2433,4.431805460009824,4.431805460009823,False,False,,gurkor,,,
2434,4.440044489907339,4.440044489907339,False,False,,gurkor,,,
2435,4.435390096519755,4.435390096519755,False,False,,gurkor,,,
2436,4.43001172467749,4.43001172467749,False,False,,gurkor,,,
2437,4.423905936008199,4.423905936008199,False,False,,gurkor,,,
2438,4.428576054956419,4.428576054956419,False,False,,gurkor,,,
2439,4.428037522484477,4.428037522484477,False,False,,gurkor,,,
2440,4.437001952425618,4.437001952425618,False,False,,gurkor,,,
2441,4.442905575859289,4.442905575859289,False,False,,gurkor,,,
2442,4.447549728661416,4.447549728661416,False,False,,gurkor,,,
2443,4.452009310945491,4.452009310945491,False,False,,gurkor,,,
2444,4.444692536526575,4.444692536526575,False,False,,gurkor,,,
2445,4.445764263879598,4.445764263879598,False,False,,gurkor,,,
2446,4.445407058823898,4.445407058823898,False,False,,gurkor,,,
2447,4.451652758496027,4.451652758496027,False,False,,gurkor,,,
2448,4.458420905556667,4.458420905556667,False,False,,gurkor,,,
2449,4.454325995787176,4.454325995787176,False,False,,gurkor,,,
2450,4.46890290220317,4.46890290220317,False,False,,gurkor,,,
2451,4.46570840184756,4.46570840184756,False,False,,gurkor,,,
2452,4.469257663107991,4.469257663107991,False,False,,gurkor,,,
2453,4.458776753185643,4.458776753185643,False,False,,gurkor,,,
2454,4.456997144937152,4.4569971449371515,False,False,,gurkor,,,
2455,4.465885952181472,4.465885952181472,False,False,,gurkor,,,
2456,4.473866221051325,4.473866221051325,False,False,,gurkor,,,
2457,4.4857137145360815,4.4857137145360815,False,False,,gurkor,,,
2458,4.493119764495555,4.493119764495555,False,False,,gurkor,,,
2459,4.4857137145360815,4.4857137145360815,False,False,,gurkor,,,
2460,4.492591288251405,4.492591288251405,False,False,,gurkor,,,
2461,4.488536943868415,4.488536943868415,False,False,,gurkor,,,
2462,4.492238925763479,4.492238925763479,False,False,,gurkor,,,
2463,4.4966408722670765,4.4966408722670765,False,False,,gurkor,,,
2464,4.50103721275582,4.50103721275582,False,False,,gurkor,,,
2465,4.506129970518221,4.506129970518221,False,False,,gurkor,,,
2466,4.492943614744181,4.492943614744181,False,False,,gurkor,,,
2467,4.491534092761394,4.491534092761394,False,False,,gurkor,,,
2468,4.4846544066088905,4.4846544066088905,False,False,,gurkor,,,
2469,4.4940003783532365,4.4940003783532365,False,False,,gurkor,,,
2470,4.477407062170904,4.477407062170904,False,False,,gurkor,,,
2471,4.47510593056683,4.47510593056683,False,False,,gurkor,,,
2472,4.481121023974889,4.481121023974888,False,False,,gurkor,,,
2473,4.481121023974889,4.481121023974888,False,False,,gurkor,,,
2474,4.480413911837022,4.480413911837022,False,False,,gurkor,,,
2475,4.491181622226861,4.49118162222686,False,False,,gurkor,,,
2476,4.492062731018148,4.492062731018149,False,False,,gurkor,,,
2477,4.4950568183718325,4.4950568183718325,False,False,,gurkor,,,
2478,4.5020915024909804,4.5020915024909804,False,False,,gurkor,,,
2479,4.514542926886251,4.514542926886251,False,False,,gurkor,,,
2480,4.512616762034888,4.512616762034888,False,False,,gurkor,,,
2481,4.518248361535234,4.518248361535234,False,False,,gurkor,,,
2482,4.515257713502729,4.515257713502729,False,False,,gurkor,,,
2483,4.515433705401014,4.515433705401014,False,False,,gurkor,,,
2484,4.509973795777042,4.509973795777042,False,False,,gurkor,,,
2485,4.500088847855614,4.500088847855614,False,False,,gurkor,,,
2486,4.510855008657874,4.510855008657874,False,False,,gurkor,,,
2487,4.513673384158763,4.513673384158763,False,False,,gurkor,,,
2488,4.523870832619586,4.523870832619586,False,False,,gurkor,,,
2489,4.523695268166055,4.523695268166055,False,False,,gurkor,,,
2490,4.527029476434112,4.527029476434113,False,False,,gurkor,,,
2491,4.527555638028616,4.527555638028616,False,False,,gurkor,,,
2492,4.52422193490418,4.52422193490418,False,False,,gurkor,,,
2493,4.531411725185142,4.531411725185142,False,False,,gurkor,,,
2494,4.536663147675172,4.536663147675172,False,False,,gurkor,,,
2495,4.529834751783161,4.529834751783161,False,False,,gurkor,,,
2496,4.527555638028616,4.527555638028616,False,False,,gurkor,,,
2497,4.530010006363683,4.530010006363683,False,False,,gurkor,,,
2498,4.538411863271038,4.538411863271038,False,False,,gurkor,,,
2499,4.53281287943444,4.53281287943444,False,False,,gurkor,,,
2500,4.521236433291348,4.521236433291348,False,False,,gurkor,,,
2501,4.521236433291348,4.521236433291348,False,False,,gurkor,,,
2502,4.528958346368132,4.528958346368132,False,False,,gurkor,,,
2503,4.532112372841977,4.532112372841977,False,False,,gurkor,,,
2504,4.535438524142123,4.535438524142123,False,False,,gurkor,,,
2505,4.537712482370765,4.537712482370765,False,False,,gurkor,,,
2506,4.528607722340005,4.528607722340005,False,False,,gurkor,,,
2507,4.511383628769474,4.511383628769474,False,False,,gurkor,,,
2508,4.513849456524011,4.513849456524011,False,False,,gurkor,,,
2509,4.495666780142097,4.4956667801420975,False,False,,gurkor,,,
2510,4.4944275854303415,4.4944275854303415,False,False,,gurkor,,,
2511,4.495843771640033,4.495843771640033,False,False,,gurkor,,,
2512,4.495843771640033,4.495843771640033,False,False,,gurkor,,,
2513,4.488934365414056,4.488934365414056,False,False,,gurkor,,,
2514,4.487870149742183,4.487870149742183,False,False,,gurkor,,,
2515,4.496551646888185,4.496551646888185,False,False,,gurkor,,,
2516,4.491061811418778,4.491061811418778,False,False,,gurkor,,,
2517,4.498674402194411,4.498674402194411,False,False,,gurkor,,,
2518,4.502916003228181,4.502916003228181,False,False,,gurkor,,,
2519,4.512088330102619,4.512088330102619,False,False,,gurkor,,,
2520,4.505564363125943,4.505564363125943,False,False,,gurkor,,,
2521,4.515257713502729,4.515257713502729,False,False,,gurkor,,,
2522,4.504328714248744,4.504328714248744,False,False,,gurkor,,,
2523,4.502916003228181,4.502916003228181,False,False,,gurkor,,,
2524,4.496197727410245,4.4961977274102445,False,False,,gurkor,,,
2525,4.4974362868719,4.4974362868719,False,False,,gurkor,,,
2526,4.509444960376066,4.509444960376066,False,False,,gurkor,,,
2527,4.520885028954502,4.520885028954501,False,False,,gurkor,,,
2528,4.523519694836729,4.523519694836729,False,False,,gurkor,,,
2529,4.528958346368132,4.528958346368132,False,False,,gurkor,,,
2530,4.5280817199861385,4.5280817199861385,False,False,,gurkor,,,
2531,4.51684131905088,4.51684131905088,False,False,,gurkor,,,
2532,4.519303268956767,4.519303268956767,False,False,,gurkor,,,
2533,4.518248361535234,4.518248361535234,False,False,,gurkor,,,
2534,4.5191274733278215,4.5191274733278215,False,False,,gurkor,,,
2535,4.522466068399187,4.522466068399187,False,False,,gurkor,,,
2536,4.512440627013757,4.512440627013757,False,False,,gurkor,,,
2537,4.510678784021218,4.510678784021218,False,False,,gurkor,,,
2538,4.507857969259783,4.507857969259783,False,False,,gurkor,,,
2539,4.51684131905088,4.51684131905088,False,False,,gurkor,,,
2540,4.507857969259783,4.507857969259783,False,False,,gurkor,,,
2541,4.509444960376066,4.509444960376066,False,False,,gurkor,,,
2542,4.515433705401014,4.515433705401014,False,False,,gurkor,,,
2543,4.509444960376066,4.509444960376066,False,False,,gurkor,,,
2544,4.517369026881511,4.51736902688151,False,False,,gurkor,,,
2545,4.518072512438376,4.518072512438376,False,False,,gurkor,,,
2546,4.522129323204535,4.522129323204535,False,False,,gurkor,,,
2547,4.525477029559053,4.525477029559053,False,False,,gurkor,,,
2548,4.529173377018153,4.529173377018154,False,False,,gurkor,,,
2549,4.530404619981941,4.530404619981941,False,False,,gurkor,,,
2550,4.53427140611121,4.53427140611121,False,False,,gurkor,,,
2551,4.543919628856032,4.543919628856032,False,False,,gurkor,,,
2552,4.539361979855207,4.539361979855208,False,False,,gurkor,,,
2553,4.533920057594658,4.533920057594658,False,False,,gurkor,,,
2554,4.539011144532104,4.539011144532104,False,False,,gurkor,,,
2555,4.544970548697983,4.544970548697983,False,False,,gurkor,,,
2556,4.547596464479628,4.547596464479628,False,False,,gurkor,,,
2557,4.546546335229155,4.546546335229155,False,False,,gurkor,,,
2558,4.547071439342821,4.547071439342821,False,False,,gurkor,,,
2559,4.547071439342821,4.547071439342821,False,False,,gurkor,,,
2560,4.547071439342821,4.547071439342821,False,False,,gurkor,,,
2561,4.559824708845584,4.559824708845584,False,False,,gurkor,,,
2562,4.55947592311669,4.559475923116691,False,False,,gurkor,,,
2563,4.542517909712854,4.542517909712854,False,False,,gurkor,,,
2564,4.541992119752989,4.541992119752989,False,False,,gurkor,,,
2565,4.544269970645662,4.5442699706456615,False,False,,gurkor,,,
2566,4.548646277954132,4.548646277954132,False,False,,gurkor,,,
2567,4.55947592311669,4.559475923116691,False,False,,gurkor,,,
2568,4.553191827110537,4.5531918271105365,False,False,,gurkor,,,
2569,4.554414619288121,4.554414619288121,False,False,,gurkor,,,
2570,4.550395266067149,4.55039526606715,False,False,,gurkor,,,
2571,4.554414619288121,4.554414619288121,False,False,,gurkor,,,
2572,4.556160723792469,4.556160723792469,False,False,,gurkor,,,
2573,4.5573824784944845,4.5573824784944845,False,False,,gurkor,,,
2574,4.568185163862628,4.568185163862628,False,False,,gurkor,,,
2575,4.572184160846859,4.572184160846859,False,False,,gurkor,,,
2576,4.576005029868239,4.576005029868239,False,False,,gurkor,,,
2577,4.576178607004914,4.576178607004914,False,False,,gurkor,,,
2578,4.582421681640134,4.582421681640134,False,False,,gurkor,,,
2579,4.591938375315114,4.591938375315115,False,False,,gurkor,,,
2580,4.586750639999592,4.586750639999592,False,False,,gurkor,,,
2581,4.585539068227075,4.585539068227075,False,False,,gurkor,,,
2582,4.583980720120794,4.583980720120794,False,False,,gurkor,,,
2583,4.5794749445650345,4.5794749445650345,False,False,,gurkor,,,
2584,4.583287899411109,4.583287899411109,False,False,,gurkor,,,
2585,4.582421681640134,4.582421681640134,False,False,,gurkor,,,
2586,4.59159276379811,4.5915927637981095,False,False,,gurkor,,,
2587,4.581381938693421,4.581381938693421,False,False,,gurkor,,,
2588,4.591765573792198,4.591765573792198,False,False,,gurkor,,,
2589,4.594184024760195,4.594184024760195,False,False,,gurkor,,,
2590,4.588999596565632,4.588999596565632,False,False,,gurkor,,,
2591,4.594356707807453,4.594356707807452,False,False,,gurkor,,,
2592,4.60142944701669,4.60142944701669,False,False,,gurkor,,,
2593,4.608660038917454,4.608660038917454,False,False,,gurkor,,,
2594,4.598843503046247,4.598843503046247,False,False,,gurkor,,,
2595,4.59660081852917,4.59660081852917,False,False,,gurkor,,,
2596,4.5971184876048765,4.5971184876048765,False,False,,gurkor,,,
2597,4.606939810102084,4.606939810102084,False,False,,gurkor,,,
2598,4.610207530061424,4.610207530061424,False,False,,gurkor,,,
2599,4.605046591511297,4.605046591511297,False,False,,gurkor,,,
2600,4.610551325107591,4.610551325107591,False,False,,gurkor,,,
2601,4.613300484207154,4.613300484207154,False,False,,gurkor,,,
2602,4.613472235802895,4.613472235802895,False,False,,gurkor,,,
2603,4.605046591511296,4.605046591511296,False,False,,gurkor,,,
2604,4.613987440624493,4.613987440624493,False,False,,gurkor,,,
2605,4.6146742638419465,4.6146742638419465,False,False,,gurkor,,,
2606,4.613300484207154,4.613300484207154,False,False,,gurkor,,,
2607,4.615017625523048,4.615017625523048,False,False,,gurkor,,,
2608,4.6221044028497005,4.6221044028497005,False,False,,gurkor,,,
2609,4.625211204389679,4.625211204389679,False,False,,gurkor,,,
2610,4.631244438469765,4.631244438469765,False,False,,gurkor,,,
2611,4.627280896149357,4.627280896149357,False,False,,gurkor,,,
2612,4.624693592918257,4.624693592918258,False,False,,gurkor,,,
2613,4.604794633692689,4.604794633692689,False,False,,gurkor,,,
2614,4.596281825541007,4.596281825541007,False,False,,gurkor,,,
2615,4.576921352553836,4.576921352553836,False,False,,gurkor,,,
2616,4.578669911468744,4.578669911468744,False,False,,gurkor,,,
2617,4.565885363472118,4.565885363472118,False,False,,gurkor,,,
2618,4.572546143845424,4.572546143845424,False,False,,gurkor,,,
2619,4.559036112702456,4.559036112702456,False,False,,gurkor,,,
2620,4.5702688787434615,4.5702688787434615,False,False,,gurkor,,,
2621,4.569918399058958,4.569918399058958,False,False,,gurkor,,,
2622,4.571320107797646,4.571320107797646,False,False,,gurkor,,,
2623,4.573421621778957,4.573421621778957,False,False,,gurkor,,,
2624,4.582164422343537,4.582164422343537,False,False,,gurkor,,,
2625,4.595412016422995,4.595412016422995,False,False,,gurkor,,,
2626,4.598368493120513,4.598368493120513,False,False,,gurkor,,,
2627,4.5811164336532615,4.5811164336532615,False,False,,gurkor,,,
2628,4.576746448800148,4.576746448800148,False,False,,gurkor,,,
2629,4.574996932179666,4.574996932179666,False,False,,gurkor,,,
2630,4.565358973173392,4.565358973173392,False,False,,gurkor,,,
2631,4.569743146086312,4.569743146086312,False,False,,gurkor,,,
2632,4.580417601000211,4.580417601000211,False,False,,gurkor,,,
2633,4.581815127472634,4.581815127472634,False,False,,gurkor,,,
2634,4.574296881466147,4.574296881466147,False,False,,gurkor,,,
2635,4.568165475202446,4.568165475202446,False,False,,gurkor,,,
2636,4.573946803771199,4.573946803771199,False,False,,gurkor,,,
2637,4.582513682534626,4.582513682534626,False,False,,gurkor,,,
2638,4.577271133944958,4.577271133944958,False,False,,gurkor,,,
2639,4.577271133944958,4.577271133944958,False,False,,gurkor,,,
2640,4.577271133944958,4.577271133944958,False,False,,gurkor,,,
2641,4.584433994109562,4.584433994109563,False,False,,gurkor,,,
2642,4.579019518887423,4.579019518887423,False,False,,gurkor,,,
2643,4.59088554788627,4.59088554788627,False,False,,gurkor,,,
2644,4.590537117162075,4.590537117162075,False,False,,gurkor,,,
2645,4.589491618237865,4.589491618237864,False,False,,gurkor,,,
2646,4.586178823141785,4.586178823141785,False,False,,gurkor,,,
2647,4.596803608110455,4.596803608110455,False,False,,gurkor,,,
2648,4.596803608110455,4.596803608110455,False,False,,gurkor,,,
2649,4.594367962322398,4.594367962322398,False,False,,gurkor,,,
2650,4.594367962322398,4.594367962322398,False,False,,gurkor,,,
2651,4.5971514203006905,4.59715142030069,False,False,,gurkor,,,
2652,4.611901875379208,4.611901875379208,False,False,,gurkor,,,
2653,4.61951332213038,4.61951332213038,False,False,,gurkor,,,
2654,4.6177848827337895,4.6177848827337895,False,False,,gurkor,,,
2655,4.619167701646552,4.619167701646552,False,False,,gurkor,,,
2656,4.623658143524589,4.623658143524589,False,False,,gurkor,,,
2657,4.622449737346413,4.622449737346413,False,False,,gurkor,,,
2658,4.629349382765778,4.629349382765777,False,False,,gurkor,,,
2659,4.633138484639652,4.633138484639652,False,False,,gurkor,,,
2660,4.64551105235336,4.645511052353359,False,False,,gurkor,,,
2661,4.647740417390491,4.647740417390491,False,False,,gurkor,,,
2662,4.648426095693987,4.648426095693987,False,False,,gurkor,,,
2663,4.651510019013059,4.651510019013058,False,False,,gurkor,,,
2664,4.660062530365835,4.660062530365835,False,False,,gurkor,,,
2665,4.660062530365835,4.660062530365835,False,False,,gurkor,,,
2666,4.655104566792369,4.655104566792368,False,False,,gurkor,,,
2667,4.6429369751627,4.6429369751627005,False,False,,gurkor,,,
2668,4.6429369751627,4.6429369751627005,False,False,,gurkor,,,
2669,4.65236619186294,4.65236619186294,False,False,,gurkor,,,
2670,4.645339505007099,4.645339505007099,False,False,,gurkor,,,
2671,4.6651842380199815,4.665184238019982,False,False,,gurkor,,,
2672,4.659208199318831,4.659208199318831,False,False,,gurkor,,,
2673,4.663307129298115,4.663307129298115,False,False,,gurkor,,,
2674,4.659192585279299,4.659192585279299,False,False,,gurkor,,,
2675,4.659192585279299,4.659192585279299,False,False,,gurkor,,,
2676,4.679377087208443,4.679377087208443,False,False,,gurkor,,,
2677,4.68005932145097,4.68005932145097,False,False,,gurkor,,,
2678,4.680570912131147,4.680570912131147,False,False,,gurkor,,,
2679,4.688916604921886,4.688916604921887,False,False,,gurkor,,,
2680,4.681082429984627,4.681082429984627,False,False,,gurkor,,,
2681,4.66861475998223,4.66861475998223,False,False,,gurkor,,,
2682,4.654042739998105,4.654042739998105,False,False,,gurkor,,,
2683,4.658849492929617,4.658849492929617,False,False,,gurkor,,,
2684,4.648713423600533,4.648713423600533,False,False,,gurkor,,,
2685,4.657133537284362,4.657133537284362,False,False,,gurkor,,,
2686,4.657991618034048,4.657991618034048,False,False,,gurkor,,,
2687,4.663992427007424,4.663992427007424,False,False,,gurkor,,,
2688,4.636822735370841,4.636822735370841,False,False,,gurkor,,,
2689,4.627316124750816,4.627316124750816,False,False,,gurkor,,,
2690,4.639928481203646,4.639928481203646,False,False,,gurkor,,,
2691,4.637685714308163,4.637685714308164,False,False,,gurkor,,,
2692,4.630430178027784,4.630430178027784,False,False,,gurkor,,,
2693,4.6205596275405805,4.6205596275405805,False,False,,gurkor,,,
2694,4.629565436908726,4.6295654369087265,False,False,,gurkor,,,
2695,4.618825118154378,4.618825118154378,False,False,,gurkor,,,
2696,4.61934556004914,4.61934556004914,False,False,,gurkor,,,
2697,4.624545783914222,4.624545783914222,False,False,,gurkor,,,
2698,4.633887040859695,4.633887040859695,False,False,,gurkor,,,
2699,4.633195937050517,4.633195937050518,False,False,,gurkor,,,
2700,4.636477485210295,4.636477485210295,False,False,,gurkor,,,
2701,4.609618018959109,4.609618018959109,False,False,,gurkor,,,
2702,4.611878580403695,4.611878580403695,False,False,,gurkor,,,
2703,4.613790236459344,4.6137902364593435,False,False,,gurkor,,,
2704,4.614485128371082,4.614485128371082,False,False,,gurkor,,,
2705,4.607878142427294,4.607878142427294,False,False,,gurkor,,,
2706,4.605092558675195,4.605092558675195,False,False,,gurkor,,,
2707,4.622293289206506,4.622293289206506,False,False,,gurkor,,,
2708,4.610661534405206,4.610661534405206,False,False,,gurkor,,,
2709,4.617263333957006,4.617263333957006,False,False,,gurkor,,,
2710,4.603350453695032,4.603350453695032,False,False,,gurkor,,,
2711,4.603350453695032,4.603350453695032,False,False,,gurkor,,,
2712,4.603698943389651,4.603698943389651,False,False,,gurkor,,,
2713,4.590606982936424,4.590606982936424,False,False,,gurkor,,,
2714,4.588507752195398,4.588507752195398,False,False,,gurkor,,,
2715,4.598642475214594,4.598642475214594,False,False,,gurkor,,,
2716,4.593054506159195,4.593054506159195,False,False,,gurkor,,,
2717,4.5984679850514585,4.5984679850514585,False,False,,gurkor,,,
2718,4.6036989433896505,4.6036989433896505,False,False,,gurkor,,,
2719,4.619692478884224,4.619692478884224,False,False,,gurkor,,,
2720,4.606137409734035,4.606137409734035,False,False,,gurkor,,,
2721,4.608922171011177,4.608922171011177,False,False,,gurkor,,,
2722,4.593229264245519,4.593229264245519,False,False,,gurkor,,,
2723,4.584655909966286,4.584655909966286,False,False,,gurkor,,,
2724,4.594277630935365,4.594277630935365,False,False,,gurkor,,,
2725,4.59637343001045,4.59637343001045,False,False,,gurkor,,,
2726,4.600735684855779,4.6007356848557786,False,False,,gurkor,,,
2727,4.593054506159195,4.593054506159195,False,False,,gurkor,,,
2728,4.5862321729413305,4.5862321729413305,False,False,,gurkor,,,
2729,4.591131595279193,4.591131595279193,False,False,,gurkor,,,
2730,4.591131595279193,4.591131595279193,False,False,,gurkor,,,
2731,4.593928209998091,4.59392820999809,False,False,,gurkor,,,
2732,4.588857710856145,4.588857710856145,False,False,,gurkor,,,
2733,4.595500331697875,4.595500331697875,False,False,,gurkor,,,
2734,4.595500331697875,4.595500331697875,False,False,,gurkor,,,
2735,4.585356558426411,4.585356558426411,False,False,,gurkor,,,
2736,4.565861539561681,4.565861539561681,False,False,,gurkor,,,
2737,4.565685415723871,4.565685415723871,False,False,,gurkor,,,
2738,4.573602245260418,4.573602245260418,False,False,,gurkor,,,
2739,4.578519276742091,4.578519276742091,False,False,,gurkor,,,
2740,4.585764317627803,4.585764317627803,False,False,,gurkor,,,
2741,4.579226767377628,4.579226767377629,False,False,,gurkor,,,
2742,4.587352697925371,4.587352697925371,False,False,,gurkor,,,
2743,4.584528415094459,4.584528415094459,False,False,,gurkor,,,
2744,4.602494568957269,4.602494568957269,False,False,,gurkor,,,
2745,4.59897899753844,4.59897899753844,False,False,,gurkor,,,
2746,4.595635959220647,4.595635959220647,False,False,,gurkor,,,
2747,4.600737220649647,4.600737220649647,False,False,,gurkor,,,
2748,4.59897899753844,4.59897899753844,False,False,,gurkor,,,
2749,4.602318873458342,4.602318873458342,False,False,,gurkor,,,
2750,4.610917701463302,4.610917701463302,False,False,,gurkor,,,
2751,4.611969184388505,4.611969184388505,False,False,,gurkor,,,
2752,4.61372096233955,4.61372096233955,False,False,,gurkor,,,
2753,4.6130203551407964,4.6130203551407964,False,False,,gurkor,,,
2754,4.622117463170483,4.6221174631704836,False,False,,gurkor,,,
2755,4.620719426360748,4.620719426360748,False,False,,gurkor,,,
2756,4.626831775975955,4.626831775975955,False,False,,gurkor,,,
2757,4.627878551659762,4.627878551659762,False,False,,gurkor,,,
2758,4.61231960931248,4.61231960931248,False,False,,gurkor,,,
2759,4.61231960931248,4.61231960931248,False,False,,gurkor,,,
2760,4.602318873458342,4.602318873458342,False,False,,gurkor,,,
2761,4.599506556397901,4.599506556397902,False,False,,gurkor,,,
2762,4.600385646050255,4.600385646050255,False,False,,gurkor,,,
2763,4.591408640852811,4.591408640852811,False,False,,gurkor,,,
2764,4.598451359838107,4.598451359838107,False,False,,gurkor,,,
2765,4.58823482195267,4.58823482195267,False,False,,gurkor,,,
2766,4.588058414820664,4.588058414820664,False,False,,gurkor,,,
2767,4.578342381831187,4.578342381831187,False,False,,gurkor,,,
2768,4.57692690192141,4.57692690192141,False,False,,gurkor,,,
2769,4.58064132166764,4.58064132166764,False,False,,gurkor,,,
2770,4.583468724539775,4.583468724539775,False,False,,gurkor,,,
2771,4.590351018813143,4.590351018813143,False,False,,gurkor,,,
2772,4.593522933468957,4.593522933468957,False,False,,gurkor,,,
2773,4.585234698246768,4.585234698246767,False,False,,gurkor,,,
2774,4.592818310130108,4.592818310130108,False,False,,gurkor,,,
2775,4.588058414820663,4.588058414820663,False,False,,gurkor,,,
2776,4.582585405234221,4.582585405234221,False,False,,gurkor,,,
2777,4.583998609703968,4.583998609703968,False,False,,gurkor,,,
2778,4.576218948089041,4.576218948089041,False,False,,gurkor,,,
2779,4.584528415094459,4.584528415094459,False,False,,gurkor,,,
2780,4.574448439060567,4.574448439060567,False,False,,gurkor,,,
2781,4.5799341156597295,4.5799341156597295,False,False,,gurkor,,,
2782,4.578873039858995,4.578873039858995,False,False,,gurkor,,,
2783,4.564872226468391,4.564872226468391,False,False,,gurkor,,,
2784,4.560252111335784,4.560252111335784,False,False,,gurkor,,,
2785,4.5616743344403705,4.5616743344403705,False,False,,gurkor,,,
2786,4.563628948633304,4.563628948633304,False,False,,gurkor,,,
2787,4.567180001559288,4.567180001559288,False,False,,gurkor,,,
2788,4.57303138889138,4.57303138889138,False,False,,gurkor,,,
2789,4.580994871343517,4.580994871343517,False,False,,gurkor,,,
2790,4.585764317627803,4.585764317627803,False,False,,gurkor,,,
2791,4.588411220250401,4.588411220250401,False,False,,gurkor,,,
2792,4.582938759568621,4.582938759568621,False,False,,gurkor,,,
2793,4.584528415094459,4.584528415094459,False,False,,gurkor,,,
2794,4.588940362150174,4.588940362150174,False,False,,gurkor,,,
2795,4.577280825353323,4.577280825353323,False,False,,gurkor,,,
2796,4.575864917668684,4.575864917668684,False,False,,gurkor,,,
2797,4.573208551441596,4.573208551441596,False,False,,gurkor,,,
2798,4.568244616383609,4.568244616383609,False,False,,gurkor,,,
2799,4.56913154859521,4.56913154859521,False,False,,gurkor,,,
2800,4.565937542231425,4.565937542231425,False,False,,gurkor,,,
2801,4.568244616383609,4.568244616383609,False,False,,gurkor,,,
2802,4.5675349090819255,4.5675349090819255,False,False,,gurkor,,,
2803,4.574448439060567,4.574448439060567,False,False,,gurkor,,,
2804,4.590066476395287,4.590066476395287,False,False,,gurkor,,,
2805,4.58474993033162,4.58474993033162,False,False,,gurkor,,,
2806,4.586345737112939,4.586345737112939,False,False,,gurkor,,,
2807,4.585991175892103,4.585991175892103,False,False,,gurkor,,,
2808,4.585281946308205,4.585281946308205,False,False,,gurkor,,,
2809,4.593783291149337,4.593783291149337,False,False,,gurkor,,,
2810,4.599086241316522,4.599086241316522,False,False,,gurkor,,,
2811,4.596258993007968,4.596258993007968,False,False,,gurkor,,,
2812,4.604204866583741,4.604204866583741,False,False,,gurkor,,,
2813,4.60314644891698,4.603146448916981,False,False,,gurkor,,,
2814,4.600499016864087,4.600499016864087,False,False,,gurkor,,,
2815,4.602793572574474,4.602793572574475,False,False,,gurkor,,,
2816,4.605262967413705,4.605262967413705,False,False,,gurkor,,,
2817,4.605262967413705,4.605262967413705,False,False,,gurkor,,,
2818,4.605262967413705,4.605262967413705,False,False,,gurkor,,,
2819,4.60314644891698,4.603146448916981,False,False,,gurkor,,,
2820,4.599792699742269,4.599792699742269,False,False,,gurkor,,,
2821,4.592898690611728,4.592898690611728,False,False,,gurkor,,,
2822,4.595021359261383,4.595021359261384,False,False,,gurkor,,,
2823,4.606497018285488,4.606497018285488,False,False,,gurkor,,,
2824,4.607730638680305,4.607730638680305,False,False,,gurkor,,,
2825,4.611252900066517,4.611252900066517,False,False,,gurkor,,,
2826,4.623904121215039,4.623904121215039,False,False,,gurkor,,,
2827,4.626709386768336,4.626709386768336,False,False,,gurkor,,,
2828,4.624430277358628,4.624430277358628,False,False,,gurkor,,,
2829,4.625657671875852,4.625657671875852,False,False,,gurkor,,,
2830,4.623553307121661,4.623553307121661,False,False,,gurkor,,,
2831,4.621447694036093,4.621447694036093,False,False,,gurkor,,,
2832,4.6207455452461454,4.6207455452461454,False,False,,gurkor,,,
2833,4.626534122578977,4.626534122578977,False,False,,gurkor,,,
2834,4.624430277358628,4.624430277358628,False,False,,gurkor,,,
2835,4.627410357060949,4.627410357060949,False,False,,gurkor,,,
2836,4.629925017055827,4.629925017055827,False,False,,gurkor,,,
2837,4.63197349668024,4.63197349668024,False,False,,gurkor,,,
2838,4.6335551760829485,4.6335551760829485,False,False,,gurkor,,,
2839,4.63706750366066,4.637067503660661,False,False,,gurkor,,,
2840,4.6161178480636345,4.616117848063635,False,False,,gurkor,,,
2841,4.6215872388549135,4.6215872388549135,False,False,,gurkor,,,
2842,4.623525965026906,4.623525965026906,False,False,,gurkor,,,
2843,4.629335799838645,4.629335799838645,False,False,,gurkor,,,
2844,4.628983958992371,4.62898395899237,False,False,,gurkor,,,
2845,4.630215249599763,4.630215249599763,False,False,,gurkor,,,
2846,4.638120526418027,4.638120526418027,False,False,,gurkor,,,
2847,4.637945044251667,4.637945044251667,False,False,,gurkor,,,
2848,4.637418545853631,4.637418545853631,False,False,,gurkor,,,
2849,4.643030520348381,4.643030520348381,False,False,,gurkor,,,
2850,4.64197894825586,4.64197894825586,False,False,,gurkor,,,
2851,4.644081782303189,4.644081782303189,False,False,,gurkor,,,
2852,4.643030520348381,4.643030520348381,False,False,,gurkor,,,
2853,4.647233709869918,4.647233709869918,False,False,,gurkor,,,
2854,4.647758760460559,4.647758760460559,False,False,,gurkor,,,
2855,4.645833197053383,4.645833197053383,False,False,,gurkor,,,
2856,4.639874872643872,4.639874872643872,False,False,,gurkor,,,
2857,4.642504773085168,4.642504773085168,False,False,,gurkor,,,
2858,4.648633673126184,4.648633673126184,False,False,,gurkor,,,
2859,4.650732588889442,4.650732588889441,False,False,,gurkor,,,
2860,4.649508371352824,4.649508371352824,False,False,,gurkor,,,
2861,4.6557998814863,4.6557998814863,False,False,,gurkor,,,
2862,4.655625266841343,4.655625266841343,False,False,,gurkor,,,
2863,4.648283733800751,4.648283733800751,False,False,,gurkor,,,
2864,4.644607297058043,4.644607297058043,False,False,,gurkor,,,
2865,4.64968328527827,4.64968328527827,False,False,,gurkor,,,
2866,4.666747989546491,4.666747989546491,False,False,,gurkor,,,
2867,4.673761362556999,4.673761362556999,False,False,,gurkor,,,
2868,4.675862703129901,4.6758627031299005,False,False,,gurkor,,,
2869,4.674987294074948,4.674987294074949,False,False,,gurkor,,,
2870,4.675512565127892,4.675512565127892,False,False,,gurkor,,,
2871,4.676387846106067,4.676387846106067,False,False,,gurkor,,,
2872,4.678137768167994,4.678137768167993,False,False,,gurkor,,,
2873,4.673761362556999,4.673761362556999,False,False,,gurkor,,,
2874,4.679187312259187,4.679187312259188,False,False,,gurkor,,,
2875,4.680236549794119,4.680236549794119,False,False,,gurkor,,,
2876,4.679012409539315,4.679012409539315,False,False,,gurkor,,,
2877,4.683033019717093,4.683033019717093,False,False,,gurkor,,,
2878,4.6814602731289146,4.6814602731289146,False,False,,gurkor,,,
2879,4.685827316130241,4.685827316130241,False,False,,gurkor,,,
2880,4.688793879769997,4.688793879769997,False,False,,gurkor,,,
2881,4.681809831845272,4.681809831845272,False,False,,gurkor,,,
2882,4.6721845491530285,4.6721845491530285,False,False,,gurkor,,,
2883,4.674111671443384,4.674111671443384,False,False,,gurkor,,,
2884,4.677087917272512,4.677087917272512,False,False,,gurkor,,,
2885,4.673936521275186,4.673936521275186,False,False,,gurkor,,,
2886,4.651446304422994,4.651446304422994,False,False,,gurkor,,,
2887,4.6488014490852585,4.6488014490852585,False,False,,gurkor,,,
2888,4.654089202266545,4.654089202266545,False,False,,gurkor,,,
2889,4.657961919914876,4.657961919914876,False,False,,gurkor,,,
2890,4.655321885822829,4.655321885822829,False,False,,gurkor,,,
2891,4.655321885822829,4.655321885822829,False,False,,gurkor,,,
2892,4.655321885822829,4.655321885822829,False,False,,gurkor,,,
2893,4.6440357637579215,4.6440357637579215,False,False,,gurkor,,,
2894,4.642092360813323,4.642092360813323,False,False,,gurkor,,,
2895,4.644742193150056,4.644742193150056,False,False,,gurkor,,,
2896,4.647742957952219,4.647742957952219,False,False,,gurkor,,,
2897,4.648448653591616,4.648448653591616,False,False,,gurkor,,,
2898,4.645448482616961,4.645448482616961,False,False,,gurkor,,,
2899,4.640501515230335,4.640501515230335,False,False,,gurkor,,,
2900,4.642975857142035,4.642975857142035,False,False,,gurkor,,,
2901,4.638556183159146,4.638556183159146,False,False,,gurkor,,,
2902,4.6383792820885175,4.6383792820885175,False,False,,gurkor,,,
2903,4.6383792820885175,4.6383792820885175,False,False,,gurkor,,,
2904,4.6369637570303786,4.636963757030378,False,False,,gurkor,,,
2905,4.634662327563098,4.634662327563098,False,False,,gurkor,,,
2906,4.642622484890933,4.642622484890932,False,False,,gurkor,,,
2907,4.642622484890933,4.642622484890932,False,False,,gurkor,,,
2908,4.644565598923012,4.644565598923011,False,False,,gurkor,,,
2909,4.641738900946892,4.641738900946892,False,False,,gurkor,,,
2910,4.634131017014135,4.634131017014135,False,False,,gurkor,,,
2911,4.622599745562286,4.622599745562286,False,False,,gurkor,,,
2912,4.625796769914677,4.625796769914677,False,False,,gurkor,,,
2913,4.624731414989778,4.624731414989778,False,False,,gurkor,,,
2914,4.619933356825588,4.619933356825588,False,False,,gurkor,,,
2915,4.616909024261802,4.616909024261802,False,False,,gurkor,,,
2916,4.623132782949445,4.623132782949445,False,False,,gurkor,,,
2917,4.628103943191867,4.628103943191867,False,False,,gurkor,,,
2918,4.6252641324069526,4.625264132406952,False,False,,gurkor,,,
2919,4.618866239867874,4.618866239867874,False,False,,gurkor,,,
2920,4.621711171954728,4.621711171954728,False,False,,gurkor,,,
2921,4.620822375760625,4.620822375760625,False,False,,gurkor,,,
2922,4.622599745562286,4.622599745562286,False,False,,gurkor,,,
2923,4.623132782949444,4.623132782949444,False,False,,gurkor,,,
2924,4.628636155075392,4.628636155075393,False,False,,gurkor,,,
2925,4.635370618236754,4.635370618236754,False,False,,gurkor,,,
2926,4.628813541323868,4.628813541323867,False,False,,gurkor,,,
2927,4.628813541323868,4.628813541323867,False,False,,gurkor,,,
2928,4.622777433586997,4.622777433586997,False,False,,gurkor,,,
2929,4.62046679492418,4.62046679492418,False,False,,gurkor,,,
2930,4.621177920958537,4.621177920958537,False,False,,gurkor,,,
2931,4.619044114995053,4.619044114995053,False,False,,gurkor,,,
2932,4.623152076847478,4.623152076847478,False,False,,gurkor,,,
2933,4.624936665012059,4.62493666501206,False,False,,gurkor,,,
2934,4.619401517985296,4.619401517985295,False,False,,gurkor,,,
2935,4.618507942958106,4.618507942958106,False,False,,gurkor,,,
2936,4.613320760790322,4.613320760790322,False,False,,gurkor,,,
2937,4.615468102011279,4.615468102011279,False,False,,gurkor,,,
2938,4.63206606494831,4.63206606494831,False,False,,gurkor,,,
2939,4.6247582465594,4.6247582465594,False,False,,gurkor,,,
2940,4.622795051522827,4.622795051522827,False,False,,gurkor,,,
2941,4.627790141839897,4.627790141839897,False,False,,gurkor,,,
2942,4.6302850553874055,4.6302850553874055,False,False,,gurkor,,,
2943,4.62672035666044,4.62672035666044,False,False,,gurkor,,,
2944,4.627968408054199,4.627968408054199,False,False,,gurkor,,,
2945,4.636159005529594,4.636159005529594,False,False,,gurkor,,,
2946,4.631531855749172,4.631531855749172,False,False,,gurkor,,,
2947,4.625471866584053,4.625471866584053,False,False,,gurkor,,,
2948,4.627968408054199,4.627968408054199,False,False,,gurkor,,,
2949,4.634735908016372,4.634735908016372,False,False,,gurkor,,,
2950,4.635981149458441,4.635981149458441,False,False,,gurkor,,,
2951,4.642378377861367,4.642378377861367,False,False,,gurkor,,,
2952,4.644153349121084,4.644153349121084,False,False,,gurkor,,,
2953,4.644153349121084,4.644153349121084,False,False,,gurkor,,,
2954,4.648941363305444,4.648941363305444,False,False,,gurkor,,,
2955,4.649472968472893,4.649472968472893,False,False,,gurkor,,,
2956,4.6507130727349,4.6507130727349,False,False,,gurkor,,,
2957,4.6523068598717074,4.652306859871707,False,False,,gurkor,,,
2958,4.645217907856214,4.645217907856214,False,False,,gurkor,,,
2959,4.646991466556581,4.646991466556581,False,False,,gurkor,,,
2960,4.6468141503637455,4.6468141503637455,False,False,,gurkor,,,
2961,4.655669188131694,4.655669188131694,False,False,,gurkor,,,
2962,4.656907143630832,4.656907143630832,False,False,,gurkor,,,
2963,4.653722962721953,4.653722962721953,False,False,,gurkor,,,
2964,4.642378377861368,4.642378377861368,False,False,,gurkor,,,
2965,4.648586915865544,4.648586915865544,False,False,,gurkor,,,
2966,4.649295775547796,4.649295775547796,False,False,,gurkor,,,
2967,4.645395303418024,4.645395303418024,False,False,,gurkor,,,
2968,4.642200832111735,4.642200832111735,False,False,,gurkor,,,
2969,4.642555914766678,4.642555914766678,False,False,,gurkor,,,
2970,4.645395303418024,4.645395303418024,False,False,,gurkor,,,
2971,4.654253856604871,4.654253856604872,False,False,,gurkor,,,
2972,4.656907143630833,4.656907143630833,False,False,,gurkor,,,
2973,4.659205067272175,4.659205067272175,False,False,,gurkor,,,
2974,4.66185468455504,4.66185468455504,False,False,,gurkor,,,
2975,4.665208053034515,4.665208053034514,False,False,,gurkor,,,
2976,4.677887156820875,4.6778871568208755,False,False,,gurkor,,,
2977,4.677535563841329,4.677535563841329,False,False,,gurkor,,,
2978,4.678238715381752,4.678238715381753,False,False,,gurkor,,,
2979,4.67524936987427,4.67524936987427,False,False,,gurkor,,,
2980,4.679644605624812,4.679644605624812,False,False,,gurkor,,,
2981,4.682981391933359,4.682981391933359,False,False,,gurkor,,,
2982,4.675601186802803,4.675601186802803,False,False,,gurkor,,,
2983,4.6794688994322335,4.6794688994322335,False,False,,gurkor,,,
2984,4.677359754441629,4.677359754441629,False,False,,gurkor,,,
2985,4.679293184645481,4.679293184645481,False,False,,gurkor,,,
2986,4.681401195125932,4.681401195125932,False,False,,gurkor,,,
2987,4.673841757179087,4.673841757179087,False,False,,gurkor,,,
2988,4.673489767713194,4.673489767713194,False,False,,gurkor,,,
2989,4.678414481758084,4.678414481758084,False,False,,gurkor,,,
2990,4.681225574811309,4.681225574811309,False,False,,gurkor,,,
2991,4.680698662367402,4.680698662367402,False,False,,gurkor,,,
2992,4.680698662367402,4.680698662367402,False,False,,gurkor,,,
2993,4.688594252726663,4.688594252726663,False,False,,gurkor,,,
2994,4.685438096239711,4.685438096239711,False,False,,gurkor,,,
2995,4.679820303224363,4.679820303224363,False,False,,gurkor,,,
2996,4.668382034772193,4.668382034772193,False,False,,gurkor,,,
2997,4.67032030729269,4.67032030729269,False,False,,gurkor,,,
2998,4.670672607916814,4.670672607916815,False,False,,gurkor,,,
2999,4.673690653419332,4.673690653419332,False,False,,gurkor,,,
3000,4.68042770982064,4.68042770982064,False,False,,gurkor,,,
3001,4.682198521211996,4.682198521211996,False,False,,gurkor,,,
3002,4.682729594546867,4.682729594546867,False,False,,gurkor,,,
3003,4.684322344024205,4.684322344024206,False,False,,gurkor,,,
3004,4.683614542470632,4.6836145424706315,False,False,,gurkor,,,
3005,4.686798553108645,4.686798553108645,False,False,,gurkor,,,
3006,4.690156399321931,4.690156399321931,False,False,,gurkor,,,
3007,4.691392711506414,4.691392711506413,False,False,,gurkor,,,
3008,4.691039522761127,4.691039522761127,False,False,,gurkor,,,
3009,4.699682697623055,4.699682697623055,False,False,,gurkor,,,
3010,4.70232443168215,4.70232443168215,False,False,,gurkor,,,
3011,4.699506513238289,4.699506513238289,False,False,,gurkor,,,
3012,4.70197231217268,4.70197231217268,False,False,,gurkor,,,
3013,4.700915747496823,4.700915747496823,False,False,,gurkor,,,
3014,4.695804651797728,4.695804651797728,False,False,,gurkor,,,
3015,4.696157373804831,4.696157373804831,False,False,,gurkor,,,
3016,4.691392711506414,4.691392711506413,False,False,,gurkor,,,
3017,4.690509674687933,4.690509674687933,False,False,,gurkor,,,
3018,4.695275504069135,4.695275504069136,False,False,,gurkor,,,
3019,4.696157373804831,4.696157373804831,False,False,,gurkor,,,
3020,4.69209898511091,4.69209898511091,False,False,,gurkor,,,
3021,4.703908544620632,4.703908544620632,False,False,,gurkor,,,
3022,4.70302856768298,4.70302856768298,False,False,,gurkor,,,
3023,4.709711022517667,4.709711022517667,False,False,,gurkor,,,
3024,4.709711022517667,4.709711022517667,False,False,,gurkor,,,
3025,4.7141006474266165,4.7141006474266165,False,False,,gurkor,,,
3026,4.709183909320691,4.709183909320691,False,False,,gurkor,,,
3027,4.713925164651688,4.713925164651689,False,False,,gurkor,,,
3028,4.71129190122547,4.71129190122547,False,False,,gurkor,,,
3029,4.717257883519925,4.717257883519925,False,False,,gurkor,,,
3030,4.717608517648246,4.717608517648246,False,False,,gurkor,,,
3031,4.717959117833559,4.717959117833559,False,False,,gurkor,,,
3032,4.723214053623755,4.723214053623755,False,False,,gurkor,,,
3033,4.722688902753434,4.722688902753434,False,False,,gurkor,,,
3034,4.717608517648246,4.717608517648246,False,False,,gurkor,,,
3035,4.717783821983218,4.717783821983218,False,False,,gurkor,,,
3036,4.718309684084924,4.718309684084924,False,False,,gurkor,,,
3037,4.717257883519925,4.717257883519925,False,False,,gurkor,,,
3038,4.7141006474266165,4.7141006474266165,False,False,,gurkor,,,
3039,4.71638114963867,4.71638114963867,False,False,,gurkor,,,
3040,4.722513835559034,4.722513835559034,False,False,,gurkor,,,
3041,4.713047623108917,4.713047623108917,False,False,,gurkor,,,
3042,4.71480249345233,4.71480249345233,False,False,,gurkor,,,
3043,4.722338759910625,4.722338759910625,False,False,,gurkor,,,
3044,4.719010714822226,4.719010714822226,False,False,,gurkor,,,
3045,4.727237686141783,4.727237686141783,False,False,,gurkor,,,
3046,4.734573700452731,4.734573700452731,False,False,,gurkor,,,
3047,4.733701141872067,4.733701141872067,False,False,,gurkor,,,
3048,4.736841373041877,4.736841373041877,False,False,,gurkor,,,
3049,4.736143778262671,4.736143778262672,False,False,,gurkor,,,
3050,4.72985939272214,4.72985939272214,False,False,,gurkor,,,
3051,4.733526605013751,4.733526605013751,False,False,,gurkor,,,
3052,4.737015750828406,4.737015750828406,False,False,,gurkor,,,
3053,4.740153122314165,4.740153122314165,False,False,,gurkor,,,
3054,4.740501552204821,4.740501552204821,False,False,,gurkor,,,
3055,4.743809973794481,4.743809973794481,False,False,,gurkor,,,
3056,4.7452020946313,4.7452020946313,False,False,,gurkor,,,
3057,4.7368413730418775,4.736841373041878,False,False,,gurkor,,,
3058,4.741372481019297,4.741372481019297,False,False,,gurkor,,,
3059,4.744332081463012,4.744332081463013,False,False,,gurkor,,,
3060,4.736143778262671,4.736143778262672,False,False,,gurkor,,,
3061,4.748680071375309,4.748680071375309,False,False,,gurkor,,,
3062,4.754758559413112,4.754758559413112,False,False,,gurkor,,,
3063,4.759614071840482,4.759614071840482,False,False,,gurkor,,,
3064,4.765011239975154,4.765011239975154,False,False,,gurkor,,,
3065,4.76622885377214,4.76622885377214,False,False,,gurkor,,,
3066,4.768836662737202,4.768836662737202,False,False,,gurkor,,,
3067,4.770921573235062,4.770921573235062,False,False,,gurkor,,,
3068,4.771268942949602,4.771268942949602,False,False,,gurkor,,,
3069,4.780808731832161,4.780808731832161,False,False,,gurkor,,,
3070,4.77439378914636,4.77439378914636,False,False,,gurkor,,,
3071,4.767967599512687,4.767967599512687,False,False,,gurkor,,,
3072,4.771616279724786,4.771616279724786,False,False,,gurkor,,,
3073,4.767967599512687,4.767967599512687,False,False,,gurkor,,,
3074,4.766402765526501,4.766402765526501,False,False,,gurkor,,,
3075,4.771442615454072,4.771442615454072,False,False,,gurkor,,,
3076,4.771442615454072,4.771442615454072,False,False,,gurkor,,,
3077,4.771442615454072,4.771442615454072,False,False,,gurkor,,,
3078,4.771442615454072,4.771442615454072,False,False,,gurkor,,,
3079,4.751066767959825,4.751066767959826,False,False,,gurkor,,,
3080,4.7587428140059,4.758742814005901,False,False,,gurkor,,,
3081,4.7587428140059,4.758742814005901,False,False,,gurkor,,,
3082,4.76327108832036,4.76327108832036,False,False,,gurkor,,,
3083,4.763967248338709,4.763967248338709,False,False,,gurkor,,,
3084,4.766576669015664,4.766576669015664,False,False,,gurkor,,,
3085,4.769184230269506,4.769184230269506,False,False,,gurkor,,,
3086,4.771789935762827,4.771789935762827,False,False,,gurkor,,,
3087,4.771789935762827,4.771789935762827,False,False,,gurkor,,,
3088,4.770574170572544,4.770574170572544,False,False,,gurkor,,,
3089,4.777689350312831,4.777689350312831,False,False,,gurkor,,,
3090,4.778902758290173,4.778902758290173,False,False,,gurkor,,,
3091,4.780635502410282,4.780635502410282,False,False,,gurkor,,,
3092,4.781328371047581,4.781328371047581,False,False,,gurkor,,,
3093,4.785136813033794,4.785136813033794,False,False,,gurkor,,,
3094,4.7780360792653305,4.7780360792653305,False,False,,gurkor,,,
3095,4.778556111250263,4.778556111250263,False,False,,gurkor,,,
3096,4.781674756326684,4.781674756326684,False,False,,gurkor,,,
3097,4.77994250294389,4.779942502943889,False,False,,gurkor,,,
3098,4.779076069528326,4.779076069528326,False,False,,gurkor,,,
3099,4.773699609133471,4.773699609133471,False,False,,gurkor,,,
3100,4.782194272969915,4.782194272969915,False,False,,gurkor,,,
3101,4.781847936710084,4.781847936710084,False,False,,gurkor,,,
3102,4.783579291405994,4.783579291405995,False,False,,gurkor,,,
3103,4.780115765079451,4.780115765079451,False,False,,gurkor,,,
3104,4.779595954128426,4.779595954128426,False,False,,gurkor,,,
3105,4.788941310841159,4.788941310841159,False,False,,gurkor,,,
3106,4.79118757383801,4.79118757383801,False,False,,gurkor,,,
3107,4.796021025440592,4.796021025440592,False,False,,gurkor,,,
3108,4.797055939854773,4.797055939854773,False,False,,gurkor,,,
3109,4.796711000699987,4.796711000699987,False,False,,gurkor,,,
3110,4.794468108169998,4.794468108169998,False,False,,gurkor,,,
3111,4.79118757383801,4.79118757383801,False,False,,gurkor,,,
3112,4.78548283928349,4.78548283928349,False,False,,gurkor,,,
3113,4.781155166149745,4.781155166149745,False,False,,gurkor,,,
3114,4.778382775446366,4.778382775446366,False,False,,gurkor,,,
3115,4.761878370543711,4.761878370543711,False,False,,gurkor,,,
3116,4.759091342071802,4.759091342071802,False,False,,gurkor,,,
3117,4.75978829847972,4.75978829847972,False,False,,gurkor,,,
3118,4.757174026076652,4.757174026076651,False,False,,gurkor,,,
3119,4.75577898196879,4.75577898196879,False,False,,gurkor,,,
3120,4.758917082194927,4.758917082194927,False,False,,gurkor,,,
3121,4.755604563973129,4.755604563973129,False,False,,gurkor,,,
3122,4.755430137644423,4.755430137644423,False,False,,gurkor,,,
3123,4.749669386734193,4.749669386734193,False,False,,gurkor,,,
3124,4.752638182191134,4.752638182191134,False,False,,gurkor,,,
3125,4.762226599727208,4.762226599727208,False,False,,gurkor,,,
3126,4.76692445120278,4.76692445120278,False,False,,gurkor,,,
3127,4.759731453010466,4.759731453010467,False,False,,gurkor,,,
3128,4.753228034270396,4.753228034270396,False,False,,gurkor,,,
3129,4.751644368120989,4.751644368120989,False,False,,gurkor,,,
3130,4.751820364978033,4.751820364978033,False,False,,gurkor,,,
3131,4.751468362772277,4.751468362772277,False,False,,gurkor,,,
3132,4.760960528072284,4.760960528072284,False,False,,gurkor,,,
3133,4.767450213211055,4.767450213211055,False,False,,gurkor,,,
3134,4.765171365399903,4.765171365399904,False,False,,gurkor,,,
3135,4.762891097129059,4.76289109712906,False,False,,gurkor,,,
3136,4.758326289388431,4.758326289388431,False,False,,gurkor,,,
3137,4.765522049765482,4.765522049765483,False,False,,gurkor,,,
3138,4.756569074405236,4.756569074405236,False,False,,gurkor,,,
3139,4.760784971225314,4.760784971225314,False,False,,gurkor,,,
3140,4.760784971225314,4.760784971225314,False,False,,gurkor,,,
3141,4.760784971225314,4.760784971225314,False,False,,gurkor,,,
3142,4.7623646793932535,4.7623646793932535,False,False,,gurkor,,,
3143,4.767800679261678,4.767800679261678,False,False,,gurkor,,,
3144,4.775677311489128,4.775677311489128,False,False,,gurkor,,,
3145,4.776551448682057,4.776551448682057,False,False,,gurkor,,,
3146,4.781791901757101,4.781791901757101,False,False,,gurkor,,,
3147,4.779696618607265,4.7796966186072645,False,False,,gurkor,,,
3148,4.779172610843041,4.779172610843041,False,False,,gurkor,,,
3149,4.786327584111497,4.786327584111497,False,False,,gurkor,,,
3150,4.785106989740345,4.785106989740345,False,False,,gurkor,,,
3151,4.7865019216395925,4.786501921639593,False,False,,gurkor,,,
3152,4.788593327162508,4.788593327162508,False,False,,gurkor,,,
3153,4.7941646001295775,4.7941646001295775,False,False,,gurkor,,,
3154,4.791380018432166,4.791380018432166,False,False,,gurkor,,,
3155,4.798337526879412,4.798337526879412,False,False,,gurkor,,,
3156,4.800595889753794,4.800595889753794,False,False,,gurkor,,,
3157,4.804761543266242,4.804761543266243,False,False,,gurkor,,,
3158,4.804241093857876,4.804241093857876,False,False,,gurkor,,,
3159,4.79746855701397,4.79746855701397,False,False,,gurkor,,,
3160,4.8016377444719085,4.8016377444719085,False,False,,gurkor,,,
3161,4.805281919251975,4.805281919251975,False,False,,gurkor,,,
3162,4.80510846874637,4.80510846874637,False,False,,gurkor,,,
3163,4.809788773132009,4.809788773132009,False,False,,gurkor,,,
3164,4.813771025034969,4.813771025034968,False,False,,gurkor,,,
3165,4.812213263756927,4.812213263756927,False,False,,gurkor,,,
3166,4.812213263756927,4.812213263756927,False,False,,gurkor,,,
3167,4.816019966106877,4.816019966106876,False,False,,gurkor,,,
3168,4.811867005372203,4.811867005372203,False,False,,gurkor,,,
3169,4.815847019206308,4.815847019206308,False,False,,gurkor,,,
3170,4.806149049477908,4.806149049477908,False,False,,gurkor,,,
3171,4.811347556932034,4.811347556932034,False,False,,gurkor,,,
3172,4.819304421400454,4.819304421400454,False,False,,gurkor,,,
3173,4.825864599670345,4.825864599670345,False,False,,gurkor,,,
3174,4.82379421983295,4.82379421983295,False,False,,gurkor,,,
3175,4.826726916550154,4.826726916550154,False,False,,gurkor,,,
3176,4.82707178711972,4.82707178711972,False,False,,gurkor,,,
3177,4.827933823160012,4.827933823160012,False,False,,gurkor,,,
3178,4.831379964162624,4.831379964162624,False,False,,gurkor,,,
3179,4.827244210369551,4.827244210369551,False,False,,gurkor,,,
3180,4.824311923297724,4.824311923297725,False,False,,gurkor,,,
3181,4.830346458118355,4.830346458118355,False,False,,gurkor,,,
3182,4.8348229062862185,4.8348229062862185,False,False,,gurkor,,,
3183,4.83327397766648,4.83327397766648,False,False,,gurkor,,,
3184,4.832240999267343,4.832240999267343,False,False,,gurkor,,,
3185,4.831035494147599,4.831035494147599,False,False,,gurkor,,,
3186,4.831035494147599,4.831035494147599,False,False,,gurkor,,,
3187,4.839809507108599,4.839809507108599,False,False,,gurkor,,,
3188,4.8461620218433294,4.8461620218433294,False,False,,gurkor,,,
3189,4.849419912867552,4.8494199128675515,False,False,,gurkor,,,
3190,4.845990474859225,4.845990474859225,False,False,,gurkor,,,
3191,4.849934056151295,4.849934056151295,False,False,,gurkor,,,
3192,4.858150712864475,4.858150712864475,False,False,,gurkor,,,
3193,4.863967446690969,4.863967446690969,False,False,,gurkor,,,
3194,4.863283595378699,4.863283595378699,False,False,,gurkor,,,
3195,4.860718036669633,4.860718036669633,False,False,,gurkor,,,
3196,4.854039314972988,4.8540393149729875,False,False,,gurkor,,,
3197,4.851295861066919,4.851295861066919,False,False,,gurkor,,,
3198,4.833758625918192,4.833758625918192,False,False,,gurkor,,,
3199,4.835653882964892,4.835653882964892,False,False,,gurkor,,,
3200,4.837031644221647,4.837031644221647,False,False,,gurkor,,,
3201,4.836859452020185,4.836859452020184,False,False,,gurkor,,,
3202,4.849408563614679,4.849408563614679,False,False,,gurkor,,,
3203,4.86054693670056,4.86054693670056,False,False,,gurkor,,,
3204,4.857465794648811,4.857465794648812,False,False,,gurkor,,,
3205,4.862086554090594,4.8620865540905935,False,False,,gurkor,,,
3206,4.864309325387208,4.864309325387208,False,False,,gurkor,,,
3207,4.8572945454378464,4.8572945454378464,False,False,,gurkor,,,
3208,4.854896230223067,4.854896230223067,False,False,,gurkor,,,
3209,4.863112612978216,4.863112612978216,False,False,,gurkor,,,
3210,4.859520172088117,4.859520172088117,False,False,,gurkor,,,
3211,4.856952023420458,4.856952023420458,False,False,,gurkor,,,
3212,4.849923375977483,4.8499233759774825,False,False,,gurkor,,,
3213,4.848550384776031,4.848550384776031,False,False,,gurkor,,,
3214,4.854896230223067,4.854896230223067,False,False,,gurkor,,,
3215,4.855238941164226,4.855238941164226,False,False,,gurkor,,,
3216,4.846661694538443,4.846661694538443,False,False,,gurkor,,,
3217,4.846661694538443,4.846661694538443,False,False,,gurkor,,,
3218,4.844256519525219,4.844256519525219,False,False,,gurkor,,,
3219,4.837720333195279,4.837720333195279,False,False,,gurkor,,,
3220,4.838925231702719,4.838925231702719,False,False,,gurkor,,,
3221,4.842193702189114,4.842193702189113,False,False,,gurkor,,,
3222,4.840301780209397,4.840301780209397,False,False,,gurkor,,,
3223,4.837548172924659,4.837548172924659,False,False,,gurkor,,,
3224,4.837376004672854,4.837376004672854,False,False,,gurkor,,,
3225,4.84563109566208,4.84563109566208,False,False,,gurkor,,,
3226,4.848207057835121,4.84820705783512,False,False,,gurkor,,,
3227,4.84563109566208,4.84563109566208,False,False,,gurkor,,,
3228,4.847520308928044,4.847520308928045,False,False,,gurkor,,,
3229,4.847005164068802,4.847005164068803,False,False,,gurkor,,,
3230,4.8444283693265655,4.8444283693265655,False,False,,gurkor,,,
3231,4.837031644221646,4.837031644221646,False,False,,gurkor,,,
3232,4.831345079748312,4.831345079748312,False,False,,gurkor,,,
3233,4.833758625918191,4.833758625918191,False,False,,gurkor,,,
3234,4.830482718256735,4.830482718256736,False,False,,gurkor,,,
3235,4.824267786399339,4.824267786399339,False,False,,gurkor,,,
3236,4.8261678994600725,4.8261678994600725,False,False,,gurkor,,,
3237,4.824958849379768,4.824958849379768,False,False,,gurkor,,,
3238,4.829965205089949,4.829965205089949,False,False,,gurkor,,,
3239,4.832379648949615,4.832379648949615,False,False,,gurkor,,,
3240,4.8399576908920565,4.8399576908920565,False,False,,gurkor,,,
3241,4.840989863274439,4.840989863274439,False,False,,gurkor,,,
3242,4.8480353824880265,4.8480353824880265,False,False,,gurkor,,,
3243,4.84872203637188,4.848722036371879,False,False,,gurkor,,,
3244,4.855067589632562,4.855067589632562,False,False,,gurkor,,,
3245,4.854724862934723,4.854724862934723,False,False,,gurkor,,,
3246,4.858150712864474,4.858150712864473,False,False,,gurkor,,,
3247,4.858664318994564,4.858664318994565,False,False,,gurkor,,,
3248,4.858664318994564,4.858664318994565,False,False,,gurkor,,,
3249,4.863967446690968,4.863967446690968,False,False,,gurkor,,,
3250,4.8615734188619,4.861573418861899,False,False,,gurkor,,,
3251,4.8615734188619,4.861573418861899,False,False,,gurkor,,,
3252,4.861915516852589,4.861915516852589,False,False,,gurkor,,,
3253,4.870457797967699,4.8704577979677,False,False,,gurkor,,,
3254,4.876766543553821,4.876766543553821,False,False,,gurkor,,,
3255,4.877107254048057,4.877107254048057,False,False,,gurkor,,,
3256,4.878299496696477,4.878299496696477,False,False,,gurkor,,,
3257,4.874892081344008,4.874892081344008,False,False,,gurkor,,,
3258,4.872334482482817,4.872334482482817,False,False,,gurkor,,,
3259,4.877487365239594,4.877487365239594,False,False,,gurkor,,,
3260,4.8804041870941655,4.880404187094166,False,False,,gurkor,,,
3261,4.8676908111403066,4.8676908111403066,False,False,,gurkor,,,
3262,4.872850090186619,4.872850090186619,False,False,,gurkor,,,
3263,4.873365626834205,4.873365626834205,False,False,,gurkor,,,
3264,4.868379126536631,4.868379126536631,False,False,,gurkor,,,
3265,4.86596946773392,4.86596946773392,False,False,,gurkor,,,
3266,4.873537456597825,4.873537456597825,False,False,,gurkor,,,
3267,4.874911810710655,4.874911810710655,False,False,,gurkor,,,
3268,4.88434686486123,4.88434686486123,False,False,,gurkor,,,
3269,4.884175530287737,4.884175530287737,False,False,,gurkor,,,
3270,4.877144060328038,4.877144060328038,False,False,,gurkor,,,
3271,4.8670023689384685,4.8670023689384685,False,False,,gurkor,,,
3272,4.867174491380482,4.867174491380482,False,False,,gurkor,,,
3273,4.868034984685116,4.868034984685116,False,False,,gurkor,,,
3274,4.861835003962186,4.861835003962186,False,False,,gurkor,,,
3275,4.862524399270587,4.862524399270587,False,False,,gurkor,,,
3276,4.857350827217429,4.857350827217429,False,False,,gurkor,,,
3277,4.857005667156205,4.857005667156205,False,False,,gurkor,,,
3278,4.8580410515120525,4.8580410515120525,False,False,,gurkor,,,
3279,4.856833075143525,4.856833075143525,False,False,,gurkor,,,
3280,4.859938509983662,4.859938509983662,False,False,,gurkor,,,
3281,4.860800672184873,4.860800672184873,False,False,,gurkor,,,
3282,4.856315251164992,4.856315251164992,False,False,,gurkor,,,
3283,4.850614433775591,4.850614433775591,False,False,,gurkor,,,
3284,4.841786873761961,4.841786873761961,False,False,,gurkor,,,
3285,4.838145896031115,4.838145896031115,False,False,,gurkor,,,
3286,4.8412669524519965,4.841266952451997,False,False,,gurkor,,,
3287,4.842999740759201,4.842999740759201,False,False,,gurkor,,,
3288,4.845943628917778,4.845943628917779,False,False,,gurkor,,,
3289,4.842653247706949,4.842653247706949,False,False,,gurkor,,,
3290,4.850960186305617,4.850960186305618,False,False,,gurkor,,,
3291,4.847674240174308,4.847674240174308,False,False,,gurkor,,,
3292,4.83606373390765,4.83606373390765,False,False,,gurkor,,,
3293,4.8292886284152114,4.829288628415211,False,False,,gurkor,,,
3294,4.823720306297365,4.823720306297365,False,False,,gurkor,,,
3295,4.823372008104137,4.823372008104137,False,False,,gurkor,,,
3296,4.826505513357148,4.826505513357148,False,False,,gurkor,,,
3297,4.824068571734992,4.824068571734991,False,False,,gurkor,,,
3298,4.816573634070035,4.816573634070035,False,False,,gurkor,,,
3299,4.81517755012631,4.81517755012631,False,False,,gurkor,,,
3300,4.810811385704052,4.810811385704051,False,False,,gurkor,,,
3301,4.809762737918769,4.809762737918769,False,False,,gurkor,,,
3302,4.816573634070034,4.816573634070034,False,False,,gurkor,,,
3303,4.806789950673529,4.806789950673529,False,False,,gurkor,,,
3304,4.806964886806185,4.806964886806184,False,False,,gurkor,,,
3305,4.807839443107151,4.807839443107152,False,False,,gurkor,,,
3306,4.8029392556051,4.8029392556051,False,False,,gurkor,,,
3307,4.811335597958728,4.811335597958727,False,False,,gurkor,,,
3308,4.8231978467215,4.8231978467215,False,False,,gurkor,,,
3309,4.821804260655269,4.821804260655269,False,False,,gurkor,,,
3310,4.807314734195788,4.807314734195788,False,False,,gurkor,,,
3311,4.812383799338283,4.812383799338284,False,False,,gurkor,,,
3312,4.813606325195087,4.813606325195087,False,False,,gurkor,,,
3313,4.814828446747917,4.814828446747917,False,False,,gurkor,,,
3314,4.827027506651073,4.827027506651073,False,False,,gurkor,,,
3315,4.828419129423584,4.828419129423584,False,False,,gurkor,,,
3316,4.829810229942781,4.829810229942781,False,False,,gurkor,,,
3317,4.820758726708686,4.820758726708686,False,False,,gurkor,,,
3318,4.822849499378877,4.822849499378876,False,False,,gurkor,,,
3319,4.827375461335127,4.827375461335127,False,False,,gurkor,,,
3320,4.831895902682192,4.831895902682192,False,False,,gurkor,,,
3321,4.827549426426775,4.827549426426775,False,False,,gurkor,,,
3322,4.83589016768267,4.83589016768267,False,False,,gurkor,,,
3323,4.830690154179737,4.830690154179736,False,False,,gurkor,,,
3324,4.834677482790736,4.834677482790736,False,False,,gurkor,,,
3325,4.824787977243903,4.824787977243903,False,False,,gurkor,,,
3326,4.827393037560598,4.827393037560598,False,False,,gurkor,,,
3327,4.830690154179737,4.830690154179736,False,False,,gurkor,,,
3328,4.836582952663857,4.836582952663857,False,False,,gurkor,,,
3329,4.836236576331923,4.836236576331923,False,False,,gurkor,,,
3330,4.840563960368257,4.840563960368257,False,False,,gurkor,,,
3331,4.841774725227846,4.841774725227846,False,False,,gurkor,,,
3332,4.83987191758389,4.83987191758389,False,False,,gurkor,,,
3333,4.833117734062284,4.833117734062284,False,False,,gurkor,,,
3334,4.838660532458413,4.838660532458413,False,False,,gurkor,,,
3335,4.842120585614738,4.8421205856147385,False,False,,gurkor,,,
3336,4.842120585614738,4.8421205856147385,False,False,,gurkor,,,
3337,4.845922928076602,4.845922928076602,False,False,,gurkor,,,
3338,4.84281220986886,4.84281220986886,False,False,,gurkor,,,
3339,4.846095669497271,4.846095669497271,False,False,,gurkor,,,
3340,4.846095669497271,4.846095669497271,False,False,,gurkor,,,
3341,4.843503705485323,4.843503705485323,False,False,,gurkor,,,
3342,4.851791643185731,4.851791643185731,False,False,,gurkor,,,
3343,4.851964112495344,4.851964112495344,False,False,,gurkor,,,
3344,4.855411823130919,4.855411823130918,False,False,,gurkor,,,
3345,4.855239513333449,4.855239513333449,False,False,,gurkor,,,
3346,4.850066510672034,4.850066510672034,False,False,,gurkor,,,
3347,4.847131949632445,4.847131949632445,False,False,,gurkor,,,
3348,4.851446680606475,4.851446680606475,False,False,,gurkor,,,
3349,4.853860748095251,4.853860748095251,False,False,,gurkor,,,
3350,4.852309027159637,4.852309027159637,False,False,,gurkor,,,
3351,4.8529987606971865,4.8529987606971865,False,False,,gurkor,,,
3352,4.849893953456361,4.849893953456362,False,False,,gurkor,,,
3353,4.8396988867467,4.8396988867467,False,False,,gurkor,,,
3354,4.83779501544703,4.83779501544703,False,False,,gurkor,,,
3355,4.83606337604749,4.836063376047489,False,False,,gurkor,,,
3356,4.8358901676826695,4.8358901676826695,False,False,,gurkor,,,
3357,4.827393037560597,4.827393037560597,False,False,,gurkor,,,
3358,4.818180277217739,4.818180277217739,False,False,,gurkor,,,
3359,4.818876380429303,4.8188763804293036,False,False,,gurkor,,,
3360,4.8199202897251805,4.8199202897251805,False,False,,gurkor,,,
3361,4.820789989223455,4.820789989223455,False,False,,gurkor,,,
3362,4.813652409569392,4.813652409569392,False,False,,gurkor,,,
3363,4.813826660914964,4.813826660914964,False,False,,gurkor,,,
3364,4.819224382922274,4.819224382922274,False,False,,gurkor,,,
3365,4.818702366906211,4.818702366906211,False,False,,gurkor,,,
3366,4.81591703653936,4.81591703653936,False,False,,gurkor,,,
3367,4.816961781279048,4.816961781279048,False,False,,gurkor,,,
3368,4.821311710837303,4.821311710837304,False,False,,gurkor,,,
3369,4.819572352684719,4.819572352684719,False,False,,gurkor,,,
3370,4.819398371894272,4.819398371894272,False,False,,gurkor,,,
3371,4.8173099639422645,4.8173099639422645,False,False,,gurkor,,,
3372,4.8162653175861365,4.8162653175861365,False,False,,gurkor,,,
3373,4.816787677653228,4.816787677653228,False,False,,gurkor,,,
3374,4.825482839118325,4.825482839118326,False,False,,gurkor,,,
3375,4.828608105931124,4.828608105931124,False,False,,gurkor,,,
3376,4.827913829923807,4.827913829923807,False,False,,gurkor,,,
3377,4.831557329383977,4.831557329383977,False,False,,gurkor,,,
3378,4.822528775373902,4.822528775373902,False,False,,gurkor,,,
3379,4.819572352684718,4.819572352684718,False,False,,gurkor,,,
3380,4.814871996495034,4.814871996495034,False,False,,gurkor,,,
3381,4.82026819405215,4.820268194052149,False,False,,gurkor,,,
3382,4.815917036539359,4.815917036539359,False,False,,gurkor,,,
3383,4.805627947852158,4.805627947852159,False,False,,gurkor,,,
3384,4.804230606705877,4.804230606705877,False,False,,gurkor,,,
3385,4.805453309152644,4.805453309152644,False,False,,gurkor,,,
3386,4.80070111172291,4.800701111722909,False,False,,gurkor,,,
3387,4.79735329614707,4.79735329614707,False,False,,gurkor,,,
3388,4.795590064993865,4.795590064993865,False,False,,gurkor,,,
3389,4.790825117571975,4.790825117571975,False,False,,gurkor,,,
3390,4.787291542967377,4.787291542967377,False,False,,gurkor,,,
3391,4.795766426109926,4.795766426109926,False,False,,gurkor,,,
3392,4.790471912883255,4.7904719128832545,False,False,,gurkor,,,
3393,4.79735329614707,4.79735329614707,False,False,,gurkor,,,
3394,4.790825117571975,4.790825117571975,False,False,,gurkor,,,
3395,4.794178871817647,4.794178871817647,False,False,,gurkor,,,
3396,4.793825988969216,4.793825988969217,False,False,,gurkor,,,
3397,4.797177011019061,4.797177011019062,False,False,,gurkor,,,
3398,4.793825988969216,4.793825988969217,False,False,,gurkor,,,
3399,4.799291875924472,4.799291875924471,False,False,,gurkor,,,
3400,4.798058352295066,4.798058352295066,False,False,,gurkor,,,
3401,4.784108418520883,4.784108418520883,False,False,,gurkor,,,
3402,4.780037073799496,4.780037073799496,False,False,,gurkor,,,
3403,4.775783892662209,4.775783892662209,False,False,,gurkor,,,
3404,4.775074549327169,4.775074549327169,False,False,,gurkor,,,
3405,4.770460468037815,4.770460468037815,False,False,,gurkor,,,
3406,4.765484947462356,4.765484947462356,False,False,,gurkor,,,
3407,4.766907215073001,4.766907215073001,False,False,,gurkor,,,
3408,4.761392844876213,4.761392844876213,False,False,,gurkor,,,
3409,4.759612240200468,4.759612240200468,False,False,,gurkor,,,
3410,4.760146512702828,4.760146512702828,False,False,,gurkor,,,
3411,4.764062126717483,4.764062126717483,False,False,,gurkor,,,
3412,4.762104843934189,4.762104843934189,False,False,,gurkor,,,
3413,4.751588759186719,4.75158875918672,False,False,,gurkor,,,
3414,4.751588759186719,4.75158875918672,False,False,,gurkor,,,
3415,4.751588759186719,4.75158875918672,False,False,,gurkor,,,
3416,4.7530164453870025,4.7530164453870025,False,False,,gurkor,,,
3417,4.753194866888308,4.7531948668883075,False,False,,gurkor,,,
3418,4.7539084656697685,4.7539084656697685,False,False,,gurkor,,,
3419,4.752659576208983,4.752659576208983,False,False,,gurkor,,,
3420,4.754978602300425,4.754978602300425,False,False,,gurkor,,,
3421,4.747302344229577,4.747302344229577,False,False,,gurkor,,,
3422,4.745872418434275,4.745872418434275,False,False,,gurkor,,,
3423,4.748910340436195,4.748910340436195,False,False,,gurkor,,,
3424,4.752659576208984,4.752659576208985,False,False,,gurkor,,,
3425,4.752659576208984,4.752659576208985,False,False,,gurkor,,,
3426,4.748553069240066,4.748553069240066,False,False,,gurkor,,,
3427,4.745157245042408,4.745157245042408,False,False,,gurkor,,,
3428,4.7408632529625,4.7408632529625,False,False,,gurkor,,,
3429,4.745336051552821,4.745336051552821,False,False,,gurkor,,,
3430,4.750468469098694,4.750468469098694,False,False,,gurkor,,,
3431,4.756262636175629,4.756262636175629,False,False,,gurkor,,,
3432,4.762720959904361,4.762720959904361,False,False,,gurkor,,,
3433,4.752849466491784,4.752849466491784,False,False,,gurkor,,,
3434,4.75087196074998,4.75087196074998,False,False,,gurkor,,,
3435,4.760031378764345,4.760031378764345,False,False,,gurkor,,,
3436,4.766662103913718,4.766662103913718,False,False,,gurkor,,,
3437,4.757160308608969,4.757160308608969,False,False,,gurkor,,,
3438,4.765050330928672,4.765050330928672,False,False,,gurkor,,,
3439,4.76845213058686,4.76845213058686,False,False,,gurkor,,,
3440,4.780244420513425,4.780244420513426,False,False,,gurkor,,,
3441,4.77935239176592,4.77935239176592,False,False,,gurkor,,,
3442,4.787372858833801,4.7873728588338,False,False,,gurkor,,,
3443,4.787550892680265,4.787550892680265,False,False,,gurkor,,,
3444,4.786126380357112,4.786126380357112,False,False,,gurkor,,,
3445,4.786126380357112,4.786126380357112,False,False,,gurkor,,,
3446,4.779173959990649,4.779173959990649,False,False,,gurkor,,,
3447,4.771493168775312,4.771493168775312,False,False,,gurkor,,,
3448,4.769883521973943,4.769883521973943,False,False,,gurkor,,,
3449,4.780066032110553,4.780066032110553,False,False,,gurkor,,,
3450,4.774888991299089,4.774888991299089,False,False,,gurkor,,,
3451,4.768810030901164,4.768810030901164,False,False,,gurkor,,,
3452,4.76845259385088,4.76845259385088,False,False,,gurkor,,,
3453,4.779873318559874,4.779873318559874,False,False,,gurkor,,,
3454,4.780229643651802,4.7802296436518015,False,False,,gurkor,,,
3455,4.783078999762786,4.783078999762786,False,False,,gurkor,,,
3456,4.790370401788443,4.790370401788443,False,False,,gurkor,,,
3457,4.784502849033428,4.784502849033428,False,False,,gurkor,,,
3458,4.777556361577018,4.777556361577018,False,False,,gurkor,,,
3459,4.778447672060377,4.778447672060377,False,False,,gurkor,,,
3460,4.77291805133019,4.77291805133019,False,False,,gurkor,,,
3461,4.770596692928596,4.770596692928596,False,False,,gurkor,,,
3462,4.766486065919441,4.766486065919441,False,False,,gurkor,,,
3463,4.75986361181188,4.75986361181188,False,False,,gurkor,,,
3464,4.756278904530422,4.756278904530422,False,False,,gurkor,,,
3465,4.754664637553222,4.754664637553222,False,False,,gurkor,,,
3466,4.754305814596897,4.754305814596897,False,False,,gurkor,,,
3467,4.754126389889524,4.754126389889524,False,False,,gurkor,,,
3468,4.759505299331583,4.759505299331583,False,False,,gurkor,,,
3469,4.75986361181188,4.75986361181188,False,False,,gurkor,,,
3470,4.756637533621071,4.756637533621071,False,False,,gurkor,,,
3471,4.757892458165944,4.757892458165944,False,False,,gurkor,,,
3472,4.748919231329921,4.748919231329921,False,False,,gurkor,,,
3473,4.751972605014228,4.751972605014228,False,False,,gurkor,,,
3474,4.7596844599637205,4.7596844599637205,False,False,,gurkor,,,
3475,4.757354686160436,4.757354686160437,False,False,,gurkor,,,
3476,4.762370816034093,4.7623708160340925,False,False,,gurkor,,,
3477,4.7577132096283,4.7577132096283,False,False,,gurkor,,,
3478,4.763265829552365,4.763265829552365,False,False,,gurkor,,,
3479,4.77434584890668,4.77434584890668,False,False,,gurkor,,,
3480,4.772739537511168,4.772739537511168,False,False,,gurkor,,,
3481,4.7688100309011645,4.7688100309011645,False,False,,gurkor,,,
3482,4.773632019652948,4.773632019652948,False,False,,gurkor,,,
3483,4.7741674046268665,4.7741674046268665,False,False,,gurkor,,,
3484,4.778091173856021,4.778091173856021,False,False,,gurkor,,,
3485,4.778982354417755,4.778982354417755,False,False,,gurkor,,,
3486,4.778091173856021,4.778091173856021,False,False,,gurkor,,,
3487,4.774881129628004,4.774881129628004,False,False,,gurkor,,,
3488,4.779516958864074,4.779516958864074,False,False,,gurkor,,,
3489,4.783435013837809,4.783435013837809,False,False,,gurkor,,,
3490,4.784502849033428,4.784502849033428,False,False,,gurkor,,,
3491,4.784146938463868,4.784146938463868,False,False,,gurkor,,,
3492,4.783790993401747,4.783790993401747,False,False,,gurkor,,,
3493,4.777378073486695,4.777378073486695,False,False,,gurkor,,,
3494,4.787171079787691,4.787171079787691,False,False,,gurkor,,,
3495,4.787526697543509,4.787526697543509,False,False,,gurkor,,,
3496,4.788771088811068,4.788771088811068,False,False,,gurkor,,,
3497,4.783613007933076,4.783613007933076,False,False,,gurkor,,,
3498,4.784146938463868,4.784146938463868,False,False,,gurkor,,,
3499,4.775951456644466,4.775951456644466,False,False,,gurkor,,,
3500,4.772203943863366,4.772203943863366,False,False,,gurkor,,,
3501,4.777378073486695,4.777378073486695,False,False,,gurkor,,,
3502,4.783790993401746,4.783790993401746,False,False,,gurkor,,,
3503,4.7846807913863945,4.7846807913863945,False,False,,gurkor,,,
3504,4.788060059671014,4.788060059671014,False,False,,gurkor,,,
3505,4.795341600019645,4.795341600019644,False,False,,gurkor,,,
3506,4.802962896044875,4.802962896044875,False,False,,gurkor,,,
3507,4.801369044868335,4.801369044868335,False,False,,gurkor,,,
3508,4.803316991644526,4.803316991644527,False,False,,gurkor,,,
3509,4.805971625552015,4.805971625552015,False,False,,gurkor,,,
3510,4.805971625552015,4.805971625552015,False,False,,gurkor,,,
3511,4.800660445300746,4.800660445300745,False,False,,gurkor,,,
3512,4.8042020819184215,4.8042020819184215,False,False,,gurkor,,,
3513,4.8112751712682105,4.8112751712682105,False,False,,gurkor,,,
3514,4.814100617775773,4.814100617775773,False,False,,gurkor,,,
3515,4.813041328519028,4.813041328519028,False,False,,gurkor,,,
3516,4.806502323176274,4.806502323176273,False,False,,gurkor,,,
3517,4.800306094421401,4.800306094421401,False,False,,gurkor,,,
3518,4.803334227928877,4.803334227928876,False,False,,gurkor,,,
3519,4.806715672442412,4.806715672442412,False,False,,gurkor,,,
3520,4.803868346352139,4.803868346352139,False,False,,gurkor,,,
3521,4.798880229083073,4.798880229083073,False,False,,gurkor,,,
3522,4.8070714337493845,4.807071433749384,False,False,,gurkor,,,
3523,4.805292284104905,4.805292284104905,False,False,,gurkor,,,
3524,4.806537778926322,4.806537778926322,False,False,,gurkor,,,
3525,4.800306094421401,4.800306094421401,False,False,,gurkor,,,
3526,4.808138511950967,4.808138511950967,False,False,,gurkor,,,
3527,4.809383046769833,4.809383046769833,False,False,,gurkor,,,
3528,4.815421972168776,4.815421972168776,False,False,,gurkor,,,
3529,4.823045337872694,4.823045337872694,False,False,,gurkor,,,
3530,4.827293423052455,4.827293423052455,False,False,,gurkor,,,
3531,4.827647210383565,4.827647210383565,False,False,,gurkor,,,
3532,4.825169989424232,4.825169989424233,False,False,,gurkor,,,
3533,4.823930757488028,4.823930757488028,False,False,,gurkor,,,
3534,4.819324261205471,4.819324261205471,False,False,,gurkor,,,
3535,4.823753690500707,4.823753690500707,False,False,,gurkor,,,
3536,4.823753690500707,4.823753690500707,False,False,,gurkor,,,
3537,4.822159706476388,4.822159706476388,False,False,,gurkor,,,
3538,4.820742255387762,4.820742255387762,False,False,,gurkor,,,
3539,4.813291713628243,4.813291713628242,False,False,,gurkor,,,
3540,4.812936551125048,4.812936551125048,False,False,,gurkor,,,
3541,4.805826119084558,4.805826119084558,False,False,,gurkor,,,
3542,4.805648182674043,4.805648182674043,False,False,,gurkor,,,
3543,4.807071433749384,4.807071433749384,False,False,,gurkor,,,
3544,4.800662474564879,4.800662474564878,False,False,,gurkor,,,
3545,4.801909533770878,4.801909533770879,False,False,,gurkor,,,
3546,4.806359876833635,4.8063598768336355,False,False,,gurkor,,,
3547,4.803512275999002,4.803512275999002,False,False,,gurkor,,,
3548,4.801196980174248,4.801196980174248,False,False,,gurkor,,,
3549,4.79994967981071,4.79994967981071,False,False,,gurkor,,,
3550,4.794063854300898,4.794063854300898,False,False,,gurkor,,,
3551,4.794242350956469,4.794242350956469,False,False,,gurkor,,,
3552,4.792278411400687,4.792278411400687,False,False,,gurkor,,,
3553,4.796740395765999,4.796740395765999,False,False,,gurkor,,,
3554,4.80404636863745,4.80404636863745,False,False,,gurkor,,,
3555,4.807605011413976,4.807605011413976,False,False,,gurkor,,,
3556,4.815421972168776,4.815421972168776,False,False,,gurkor,,,
3557,4.820387807779713,4.820387807779713,False,False,,gurkor,,,
3558,4.8164866412536105,4.8164866412536105,False,False,,gurkor,,,
3559,4.80849413614218,4.80849413614218,False,False,,gurkor,,,
3560,4.806715672442412,4.806715672442412,False,False,,gurkor,,,
3561,4.8143569963752055,4.8143569963752055,False,False,,gurkor,,,
3562,4.813114136643856,4.813114136643856,False,False,,gurkor,,,
3563,4.8150670143284096,4.8150670143284096,False,False,,gurkor,,,
3564,4.8186150602741336,4.8186150602741336,False,False,,gurkor,,,
3565,4.815244497509003,4.815244497509003,False,False,,gurkor,,,
3566,4.8200333262193285,4.8200333262193285,False,False,,gurkor,,,
3567,4.8164866412536105,4.8164866412536105,False,False,,gurkor,,,
3568,4.8116932134341415,4.8116932134341415,False,False,,gurkor,,,
3569,4.8198560727041855,4.819856072704185,False,False,,gurkor,,,
3570,4.821805394587784,4.821805394587784,False,False,,gurkor,,,
3571,4.821805394587784,4.821805394587784,False,False,,gurkor,,,
3572,4.822159706476388,4.822159706476388,False,False,,gurkor,,,
3573,4.8186150602741336,4.8186150602741336,False,False,,gurkor,,,
3574,4.824284866066885,4.824284866066885,False,False,,gurkor,,,
3575,4.82463894079217,4.82463894079217,False,False,,gurkor,,,
3576,4.823930757488028,4.823930757488028,False,False,,gurkor,,,
3577,4.821982554771071,4.821982554771071,False,False,,gurkor,,,
3578,4.82640880692828,4.82640880692828,False,False,,gurkor,,,
3579,4.830829777843855,4.830829777843855,False,False,,gurkor,,,
3580,4.83047629410981,4.83047629410981,False,False,,gurkor,,,
3581,4.829415640687694,4.829415640687694,False,False,,gurkor,,,
3582,4.826767368396156,4.826767368396156,False,False,,gurkor,,,
3583,4.820580694241923,4.820580694241922,False,False,,gurkor,,,
3584,4.817394945181949,4.817394945181949,False,False,,gurkor,,,
3585,4.815978175483941,4.815978175483941,False,False,,gurkor,,,
3586,4.815978175483941,4.815978175483941,False,False,,gurkor,,,
3587,4.8134975213108255,4.8134975213108255,False,False,,gurkor,,,
3588,4.80799870970429,4.80799870970429,False,False,,gurkor,,,
3589,4.803202738914581,4.803202738914581,False,False,,gurkor,,,
3590,4.798756456686248,4.798756456686248,False,False,,gurkor,,,
3591,4.793770241214653,4.793770241214652,False,False,,gurkor,,,
3592,4.7941266235075055,4.794126623507506,False,False,,gurkor,,,
3593,4.7941266235075055,4.794126623507506,False,False,,gurkor,,,
3594,4.790204518453575,4.790204518453575,False,False,,gurkor,,,
3595,4.790204518453575,4.790204518453575,False,False,,gurkor,,,
3596,4.7839561706219,4.7839561706219,False,False,,gurkor,,,
3597,4.779844318591289,4.779844318591289,False,False,,gurkor,,,
3598,4.779486548455592,4.779486548455592,False,False,,gurkor,,,
3599,4.7839561706219,4.7839561706219,False,False,,gurkor,,,
3600,4.782168974729374,4.782168974729373,False,False,,gurkor,,,
3601,4.785028070835529,4.785028070835529,False,False,,gurkor,,,
3602,4.777697174269556,4.777697174269556,False,False,,gurkor,,,
3603,4.777876150970663,4.777876150970663,False,False,,gurkor,,,
3604,4.773219915195944,4.773219915195944,False,False,,gurkor,,,
3605,4.771965301957202,4.771965301957202,False,False,,gurkor,,,
3606,4.772861498105081,4.772861498105081,False,False,,gurkor,,,
3607,4.764967434352593,4.764967434352593,False,False,,gurkor,,,
3608,4.765865344920646,4.765865344920646,False,False,,gurkor,,,
3609,4.768198881744366,4.768198881744366,False,False,,gurkor,,,
3610,4.767839972908066,4.767839972908066,False,False,,gurkor,,,
3611,4.766044900592904,4.766044900592904,False,False,,gurkor,,,
3612,4.766044900592904,4.766044900592904,False,False,,gurkor,,,
3613,4.769813536211221,4.769813536211221,False,False,,gurkor,,,
3614,4.770351596177325,4.770351596177325,False,False,,gurkor,,,
3615,4.768198881744366,4.768198881744366,False,False,,gurkor,,,
3616,4.762272379321785,4.762272379321785,False,False,,gurkor,,,
3617,4.76011490402948,4.76011490402948,False,False,,gurkor,,,
3618,4.75561606799964,4.7556160679996395,False,False,,gurkor,,,
3619,4.758316034471303,4.758316034471303,False,False,,gurkor,,,
3620,4.758316034471303,4.758316034471303,False,False,,gurkor,,,
3621,4.759755200961485,4.759755200961485,False,False,,gurkor,,,
3622,4.765147034097768,4.765147034097768,False,False,,gurkor,,,
3623,4.769454785639519,4.769454785639519,False,False,,gurkor,,,
3624,4.771427479018199,4.771427479018199,False,False,,gurkor,,,
3625,4.771248187156361,4.771248187156361,False,False,,gurkor,,,
3626,4.768198881744366,4.768198881744366,False,False,,gurkor,,,
3627,4.761014006834516,4.761014006834516,False,False,,gurkor,,,
3628,4.758855788342167,4.758855788342167,False,False,,gurkor,,,
3629,4.756156221018512,4.756156221018512,False,False,,gurkor,,,
3630,4.760474571694953,4.760474571694953,False,False,,gurkor,,,
3631,4.769992898317586,4.769992898317586,False,False,,gurkor,,,
3632,4.768378322966954,4.768378322966953,False,False,,gurkor,,,
3633,4.765865344920646,4.765865344920646,False,False,,gurkor,,,
3634,4.767839972908066,4.767839972908066,False,False,,gurkor,,,
3635,4.768378322966954,4.768378322966953,False,False,,gurkor,,,
3636,4.762631834774455,4.762631834774455,False,False,,gurkor,,,
3637,4.768916593866703,4.768916593866703,False,False,,gurkor,,,
3638,4.777697174269556,4.777697174269556,False,False,,gurkor,,,
3639,4.783241396642192,4.783241396642192,False,False,,gurkor,,,
3640,4.783241396642192,4.783241396642192,False,False,,gurkor,,,
3641,4.785563903670614,4.785563903670614,False,False,,gurkor,,,
3642,4.787349448960168,4.7873494489601685,False,False,,gurkor,,,
3643,4.791809521406832,4.791809521406832,False,False,,gurkor,,,
3644,4.790204518453574,4.790204518453574,False,False,,gurkor,,,
3645,4.790921134321104,4.790921134321104,False,False,,gurkor,,,
3646,4.788950104554172,4.788950104554173,False,False,,gurkor,,,
3647,4.785184292337839,4.785184292337839,False,False,,gurkor,,,
3648,4.789129332743623,4.789129332743623,False,False,,gurkor,,,
3649,4.794860028316283,4.794860028316284,False,False,,gurkor,,,
3650,4.796827895667734,4.796827895667734,False,False,,gurkor,,,
3651,4.793607201154753,4.793607201154753,False,False,,gurkor,,,
3652,4.793249172190089,4.793249172190089,False,False,,gurkor,,,
3653,4.790562843841639,4.79056284384164,False,False,,gurkor,,,
3654,4.79307014464405,4.79307014464405,False,False,,gurkor,,,
3655,4.790025342665876,4.790025342665876,False,False,,gurkor,,,
3656,4.785901887494893,4.785901887494893,False,False,,gurkor,,,
3657,4.77853988082599,4.77853988082599,False,False,,gurkor,,,
3658,4.778899345892735,4.778899345892735,False,False,,gurkor,,,
3659,4.775483004532193,4.775483004532193,False,False,,gurkor,,,
3660,4.773863625883854,4.773863625883854,False,False,,gurkor,,,
3661,4.771163070248958,4.771163070248958,False,False,,gurkor,,,
3662,4.770802845705124,4.770802845705124,False,False,,gurkor,,,
3663,4.767018346900748,4.767018346900748,False,False,,gurkor,,,
3664,4.763951836144396,4.763951836144395,False,False,,gurkor,,,
3665,4.767018346900748,4.767018346900748,False,False,,gurkor,,,
3666,4.763410420232039,4.763410420232038,False,False,,gurkor,,,
3667,4.763410420232039,4.763410420232038,False,False,,gurkor,,,
3668,4.763410420232039,4.763410420232038,False,False,,gurkor,,,
3669,4.758534065401185,4.758534065401185,False,False,,gurkor,,,
3670,4.756364705873531,4.756364705873531,False,False,,gurkor,,,
3671,4.75021117696064,4.750211176960641,False,False,,gurkor,,,
3672,4.74313990656394,4.74313990656394,False,False,,gurkor,,,
3673,4.747493081124543,4.747493081124543,False,False,,gurkor,,,
3674,4.751116758830242,4.751116758830242,False,False,,gurkor,,,
3675,4.75491774987968,4.75491774987968,False,False,,gurkor,,,
3676,4.747493081124543,4.747493081124543,False,False,,gurkor,,,
3677,4.748580562655913,4.748580562655913,False,False,,gurkor,,,
3678,4.750935660443679,4.750935660443679,False,False,,gurkor,,,
3679,4.753108247934408,4.753108247934408,False,False,,gurkor,,,
3680,4.749486549519386,4.749486549519386,False,False,,gurkor,,,
3681,4.743502869881555,4.743502869881554,False,False,,gurkor,,,
3682,4.744591542834003,4.744591542834003,False,False,,gurkor,,,
3683,4.754736840049405,4.7547368400494054,False,False,,gurkor,,,
3684,4.754736840049405,4.7547368400494054,False,False,,gurkor,,,
3685,4.7454985217965975,4.745498521796597,False,False,,gurkor,,,
3686,4.7429584113369945,4.742958411336995,False,False,,gurkor,,,
3687,4.7485805626559126,4.748580562655913,False,False,,gurkor,,,
3688,4.7485805626559126,4.748580562655913,False,False,,gurkor,,,
3689,4.748761778040715,4.748761778040715,False,False,,gurkor,,,
3690,4.746949218659964,4.746949218659964,False,False,,gurkor,,,
3691,4.746949218659964,4.746949218659964,False,False,,gurkor,,,
3692,4.744591542834002,4.744591542834002,False,False,,gurkor,,,
3693,4.737145780389721,4.737145780389721,False,False,,gurkor,,,
3694,4.733508163322515,4.733508163322515,False,False,,gurkor,,,
3695,4.732598189926449,4.732598189926449,False,False,,gurkor,,,
3696,4.731687988563016,4.731687988563015,False,False,,gurkor,,,
3697,4.731323844151368,4.731323844151368,False,False,,gurkor,,,
3698,4.73114175825485,4.73114175825485,False,False,,gurkor,,,
3699,4.7265866406781445,4.7265866406781445,False,False,,gurkor,,,
3700,4.722208341627834,4.722208341627834,False,False,,gurkor,,,
3701,4.7253101826270285,4.7253101826270285,False,False,,gurkor,,,
3702,4.721660682364286,4.721660682364286,False,False,,gurkor,,,
3703,4.721660682364286,4.721660682364286,False,False,,gurkor,,,
3704,4.719469217406953,4.719469217406953,False,False,,gurkor,,,
3705,4.720382488861839,4.720382488861839,False,False,,gurkor,,,
3706,4.717093633596905,4.717093633596905,False,False,,gurkor,,,
3707,4.7103238118648205,4.7103238118648205,False,False,,gurkor,,,
3708,4.711056295471695,4.711056295471695,False,False,,gurkor,,,
3709,4.706292497111191,4.706292497111191,False,False,,gurkor,,,
3710,4.712340495269255,4.712340495269255,False,False,,gurkor,,,
3711,4.69655780315966,4.69655780315966,False,False,,gurkor,,,
3712,4.694166030751142,4.694166030751142,False,False,,gurkor,,,
3713,4.696005996515485,4.696005996515485,False,False,,gurkor,,,
3714,4.687903108615997,4.687903108615997,False,False,,gurkor,,,
3715,4.683475652117474,4.683475652117474,False,False,,gurkor,,,
3716,4.6829218366287,4.6829218366287,False,False,,gurkor,,,
3717,4.681629268598221,4.681629268598221,False,False,,gurkor,,,
3718,4.681813949633847,4.681813949633847,False,False,,gurkor,,,
3719,4.689009122010965,4.689009122010965,False,False,,gurkor,,,
3720,4.683844815057421,4.683844815057421,False,False,,gurkor,,,
3721,4.682183283239867,4.682183283239868,False,False,,gurkor,,,
3722,4.68458302725958,4.68458302725958,False,False,,gurkor,,,
3723,4.686981171075213,4.686981171075214,False,False,,gurkor,,,
3724,4.689930540324729,4.689930540324729,False,False,,gurkor,,,
3725,4.697661163172159,4.697661163172159,False,False,,gurkor,,,
3726,4.696189941447658,4.696189941447658,False,False,,gurkor,,,
3727,4.69655780315966,4.69655780315966,False,False,,gurkor,,,
3728,4.705008286296163,4.705008286296163,False,False,,gurkor,,,
3729,4.695270122914649,4.695270122914649,False,False,,gurkor,,,
3730,4.688824810044136,4.688824810044136,False,False,,gurkor,,,
3731,4.681998621180622,4.681998621180622,False,False,,gurkor,,,
3732,4.676824226652838,4.676824226652838,False,False,,gurkor,,,
3733,4.679412355547674,4.679412355547674,False,False,,gurkor,,,
3734,4.691404319346838,4.691404319346838,False,False,,gurkor,,,
3735,4.693061600217972,4.693061600217972,False,False,,gurkor,,,
3736,4.684398488415395,4.684398488415395,False,False,,gurkor,,,
3737,4.688087467785275,4.688087467785275,False,False,,gurkor,,,
3738,4.695638078492143,4.695638078492142,False,False,,gurkor,,,
3739,4.693429781343374,4.693429781343373,False,False,,gurkor,,,
3740,4.699131784962547,4.699131784962547,False,False,,gurkor,,,
3741,4.698580372052949,4.698580372052949,False,False,,gurkor,,,
3742,4.716001033070369,4.71600103307037,False,False,,gurkor,,,
3743,4.715452188355073,4.715452188355072,False,False,,gurkor,,,
3744,4.717098472969179,4.717098472969179,False,False,,gurkor,,,
3745,4.719657873583378,4.719657873583378,False,False,,gurkor,,,
3746,4.733884417234082,4.733884417234082,False,False,,gurkor,,,
3747,4.734248468396091,4.734248468396091,False,False,,gurkor,,,
3748,4.735340403152581,4.735340403152581,False,False,,gurkor,,,
3749,4.730788508787727,4.730788508787727,False,False,,gurkor,,,
3750,4.73042411073509,4.730424110735091,False,False,,gurkor,,,
3751,4.726048478887628,4.726048478887629,False,False,,gurkor,,,
3752,4.734612483096444,4.734612483096444,False,False,,gurkor,,,
3753,4.732245735520856,4.732245735520856,False,False,,gurkor,,,
3754,4.729695204915546,4.729695204915546,False,False,,gurkor,,,
3755,4.7183783993238695,4.71837839932387,False,False,,gurkor,,,
3756,4.723128456855313,4.723128456855313,False,False,,gurkor,,,
3757,4.728601571748057,4.728601571748057,False,False,,gurkor,,,
3758,4.729148429510864,4.729148429510864,False,False,,gurkor,,,
3759,4.728783866822025,4.728783866822025,False,False,,gurkor,,,
3760,4.735522360393874,4.735522360393874,False,False,,gurkor,,,
3761,4.7522236314998905,4.7522236314998905,False,False,,gurkor,,,
3762,4.740976848734721,4.74097684873472,False,False,,gurkor,,,
3763,4.745697468602208,4.745697468602208,False,False,,gurkor,,,
3764,4.75041197986484,4.75041197986484,False,False,,gurkor,,,
3765,4.743519481354656,4.743519481354656,False,False,,gurkor,,,
3766,4.747330104981833,4.747330104981833,False,False,,gurkor,,,
3767,4.745153093865611,4.745153093865611,False,False,,gurkor,,,
3768,4.745153093865611,4.745153093865611,False,False,,gurkor,,,
3769,4.750593185526334,4.750593185526334,False,False,,gurkor,,,
3770,4.749505816471185,4.749505816471185,False,False,,gurkor,,,
3771,4.750230765199253,4.750230765199253,False,False,,gurkor,,,
3772,4.746604579118849,4.746604579118849,False,False,,gurkor,,,
3773,4.745516019394724,4.745516019394724,False,False,,gurkor,,,
3774,4.744608637767933,4.744608637767933,False,False,,gurkor,,,
3775,4.752042506819543,4.752042506819544,False,False,,gurkor,,,
3776,4.753858767569698,4.753858767569698,False,False,,gurkor,,,
3777,4.76690925096081,4.766909250960811,False,False,,gurkor,,,
3778,4.775403271454524,4.775403271454524,False,False,,gurkor,,,
3779,4.771429798944282,4.771429798944282,False,False,,gurkor,,,
3780,4.767090180099789,4.767090180099789,False,False,,gurkor,,,
3781,4.760208573739203,4.760208573739203,False,False,,gurkor,,,
3782,4.758939495324553,4.758939495324553,False,False,,gurkor,,,
3783,4.764013167307327,4.764013167307328,False,False,,gurkor,,,
3784,4.752587479980031,4.752587479980031,False,False,,gurkor,,,
3785,4.742401191162084,4.742401191162084,False,False,,gurkor,,,
3786,4.731455589678413,4.731455589678413,False,False,,gurkor,,,
3787,4.729445315669008,4.729445315669008,False,False,,gurkor,,,
3788,4.730907443477154,4.730907443477155,False,False,,gurkor,,,
3789,4.735290299242624,4.735290299242624,False,False,,gurkor,,,
3790,4.727616827500563,4.727616827500563,False,False,,gurkor,,,
3791,4.727799717770545,4.727799717770545,False,False,,gurkor,,,
3792,4.735472803575816,4.735472803575816,False,False,,gurkor,,,
3793,4.736567637227683,4.736567637227683,False,False,,gurkor,,,
3794,4.739485583294128,4.739485583294128,False,False,,gurkor,,,
3795,4.7330995321824485,4.7330995321824485,False,False,,gurkor,,,
3796,4.740579209973703,4.740579209973702,False,False,,gurkor,,,
3797,4.731090168069296,4.731090168069296,False,False,,gurkor,,,
3798,4.730359214535036,4.730359214535036,False,False,,gurkor,,,
3799,4.735107785746642,4.735107785746642,False,False,,gurkor,,,
3800,4.730541966711304,4.730541966711304,False,False,,gurkor,,,
3801,4.723041572035411,4.723041572035411,False,False,,gurkor,,,
3802,4.716993380450241,4.716993380450241,False,False,,gurkor,,,
3803,4.718277174136019,4.718277174136019,False,False,,gurkor,,,
3804,4.716993380450241,4.716993380450241,False,False,,gurkor,,,
3805,4.724872366748087,4.724872366748087,False,False,,gurkor,,,
3806,4.734925263086599,4.734925263086599,False,False,,gurkor,,,
3807,4.750225341382088,4.750225341382088,False,False,,gurkor,,,
3808,4.753132371752337,4.753132371752337,False,False,,gurkor,,,
3809,4.753313984262656,4.753313984262656,False,False,,gurkor,,,
3810,4.761296004570669,4.761296004570669,False,False,,gurkor,,,
3811,4.760208573739202,4.760208573739202,False,False,,gurkor,,,
3812,4.7583954696047615,4.7583954696047615,False,False,,gurkor,,,
3813,4.757669975924994,4.757669975924994,False,False,,gurkor,,,
3814,4.755492629766652,4.755492629766652,False,False,,gurkor,,,
3815,4.745678461582562,4.745678461582562,False,False,,gurkor,,,
3816,4.754040343934888,4.754040343934888,False,False,,gurkor,,,
3817,4.757125761081796,4.757125761081796,False,False,,gurkor,,,
3818,4.758576820513111,4.758576820513111,False,False,,gurkor,,,
3819,4.756400015116132,4.756400015116132,False,False,,gurkor,,,
3820,4.76129600457067,4.76129600457067,False,False,,gurkor,,,
3821,4.767090180099789,4.767090180099789,False,False,,gurkor,,,
3822,4.77034537630395,4.770345376303949,False,False,,gurkor,,,
3823,4.768537291318132,4.768537291318132,False,False,,gurkor,,,
3824,4.765099467362921,4.765099467362921,False,False,,gurkor,,,
3825,4.762020778769,4.762020778769001,False,False,,gurkor,,,
3826,4.76690925096081,4.766909250960811,False,False,,gurkor,,,
3827,4.767632913855578,4.767632913855578,False,False,,gurkor,,,
3828,4.775944775014478,4.7759447750144775,False,False,,gurkor,,,
3829,4.775583781527893,4.775583781527893,False,False,,gurkor,,,
3830,4.780454198138121,4.780454198138121,False,False,,gurkor,,,
3831,4.78297705659483,4.782977056594829,False,False,,gurkor,,,
3832,4.782076234736745,4.782076234736745,False,False,,gurkor,,,
3833,4.781175191786165,4.781175191786165,False,False,,gurkor,,,
3834,4.7757642827141416,4.775764282714142,False,False,,gurkor,,,
3835,4.766185444937014,4.766185444937014,False,False,,gurkor,,,
3836,4.774861687899569,4.774861687899569,False,False,,gurkor,,,
3837,4.763288787982938,4.763288787982938,False,False,,gurkor,,,
3838,4.774681142265598,4.774681142265598,False,False,,gurkor,,,
3839,4.777568806051176,4.777568806051175,False,False,,gurkor,,,
3840,4.78061961122958,4.78061961122958,False,False,,gurkor,,,
3841,4.7705602939649125,4.7705602939649125,False,False,,gurkor,,,
3842,4.751985837261508,4.751985837261507,False,False,,gurkor,,,
3843,4.741484686392342,4.741484686392342,False,False,,gurkor,,,
3844,4.742209876330047,4.742209876330046,False,False,,gurkor,,,
3845,4.734588163529647,4.734588163529647,False,False,,gurkor,,,
3846,4.73531472948766,4.735314729487659,False,False,,gurkor,,,
3847,4.730407587750439,4.73040758775044,False,False,,gurkor,,,
3848,4.733861452306707,4.733861452306707,False,False,,gurkor,,,
3849,4.736222732778735,4.736222732778735,False,False,,gurkor,,,
3850,4.736404306228634,4.736404306228634,False,False,,gurkor,,,
3851,4.741665997420967,4.741665997420967,False,False,,gurkor,,,
3852,4.732771112924588,4.732771112924589,False,False,,gurkor,,,
3853,4.732771112924588,4.732771112924589,False,False,,gurkor,,,
3854,4.725493806254753,4.725493806254753,False,False,,gurkor,,,
3855,4.732407593744252,4.732407593744252,False,False,,gurkor,,,
3856,4.754696736975631,4.754696736975631,False,False,,gurkor,,,
3857,4.756864008042474,4.756864008042474,False,False,,gurkor,,,
3858,4.766060594744792,4.766060594744792,False,False,,gurkor,,,
3859,4.767861138235535,4.767861138235535,False,False,,gurkor,,,
3860,4.763898772299629,4.763898772299628,False,False,,gurkor,,,
3861,4.772718187137841,4.772718187137841,False,False,,gurkor,,,
3862,4.773257461894083,4.773257461894083,False,False,,gurkor,,,
3863,4.772538411246815,4.772538411246815,False,False,,gurkor,,,
3864,4.777389267887872,4.777389267887872,False,False,,gurkor,,,
3865,4.78115772541299,4.78115772541299,False,False,,gurkor,,,
3866,4.789219990629897,4.789219990629897,False,False,,gurkor,,,
3867,4.791366944365142,4.791366944365142,False,False,,gurkor,,,
3868,4.790830323421668,4.790830323421668,False,False,,gurkor,,,
3869,4.801012766993768,4.801012766993768,False,False,,gurkor,,,
3870,4.788683056273341,4.788683056273341,False,False,,gurkor,,,
3871,4.807429316524925,4.807429316524925,False,False,,gurkor,,,
3872,4.7870717824820375,4.7870717824820375,False,False,,gurkor,,,
3873,4.793155115707232,4.793155115707232,False,False,,gurkor,,,
3874,4.79422760153656,4.79422760153656,False,False,,gurkor,,,
3875,4.787429904371447,4.7874299043714466,False,False,,gurkor,,,
3876,4.782950869859804,4.782950869859803,False,False,,gurkor,,,
3877,4.796550249382197,4.7965502493821965,False,False,,gurkor,,,
3878,4.798514423132158,4.798514423132158,False,False,,gurkor,,,
3879,4.795657096693316,4.795657096693316,False,False,,gurkor,,,
3880,4.809031711764581,4.809031711764581,False,False,,gurkor,,,
3881,4.803509418531569,4.803509418531569,False,False,,gurkor,,,
3882,4.8051135166298895,4.8051135166298895,False,False,,gurkor,,,
3883,4.809387705158617,4.809387705158617,False,False,,gurkor,,,
3884,4.807429316524925,4.807429316524925,False,False,,gurkor,,,
3885,4.798157378532121,4.798157378532121,False,False,,gurkor,,,
3886,4.79422760153656,4.79422760153656,False,False,,gurkor,,,
3887,4.784922317890923,4.784922317890923,False,False,,gurkor,,,
3888,4.792082317202043,4.792082317202043,False,False,,gurkor,,,
3889,4.7833093936821465,4.7833093936821465,False,False,,gurkor,,,
3890,4.785997207369009,4.785997207369009,False,False,,gurkor,,,
3891,4.781337079277339,4.781337079277339,False,False,,gurkor,,,
3892,4.783488642467629,4.783488642467629,False,False,,gurkor,,,
3893,4.784743139063442,4.784743139063442,False,False,,gurkor,,,
3894,4.780440222301039,4.780440222301039,False,False,,gurkor,,,
3895,4.773257461894083,4.773257461894083,False,False,,gurkor,,,
3896,4.771639399445696,4.771639399445696,False,False,,gurkor,,,
3897,4.787250847788802,4.787250847788802,False,False,,gurkor,,,
3898,4.8051135166298895,4.8051135166298895,False,False,,gurkor,,,
3899,4.809565688984735,4.809565688984736,False,False,,gurkor,,,
3900,4.817743689519917,4.817743689519917,False,False,,gurkor,,,
3901,4.807570214328586,4.807570214328586,False,False,,gurkor,,,
3902,4.815960893820958,4.815960893820958,False,False,,gurkor,,,
3903,4.821306705280791,4.821306705280792,False,False,,gurkor,,,
3904,4.829666320619705,4.829666320619705,False,False,,gurkor,,,
3905,4.818991135379404,4.818991135379404,False,False,,gurkor,,,
3906,4.822374941413621,4.822374941413621,False,False,,gurkor,,,
3907,4.820416272937693,4.820416272937692,False,False,,gurkor,,,
3908,4.82753374316635,4.82753374316635,False,False,,gurkor,,,
3909,4.834460140723681,4.834460140723681,False,False,,gurkor,,,
3910,4.822730951635858,4.822730951635858,False,False,,gurkor,,,
3911,4.82344286940197,4.823442869401971,False,False,,gurkor,,,
3912,4.820772471583278,4.820772471583278,False,False,,gurkor,,,
3913,4.820772471583278,4.820772471583278,False,False,,gurkor,,,
3914,4.820772471583278,4.820772471583278,False,False,,gurkor,,,
3915,4.796651655955032,4.796651655955032,False,False,,gurkor,,,
3916,4.793064745480761,4.793064745480761,False,False,,gurkor,,,
3917,4.789833533895447,4.789833533895448,False,False,,gurkor,,,
3918,4.787138687024169,4.787138687024169,False,False,,gurkor,,,
3919,4.79252640727279,4.79252640727279,False,False,,gurkor,,,
3920,4.781563065808031,4.78156306580803,False,False,,gurkor,,,
3921,4.779042265298917,4.779042265298917,False,False,,gurkor,,,
3922,4.779042265298917,4.779042265298917,False,False,,gurkor,,,
3923,4.783002746351813,4.783002746351813,False,False,,gurkor,,,
3924,4.773273922024258,4.773273922024258,False,False,,gurkor,,,
3925,4.774356177934498,4.774356177934498,False,False,,gurkor,,,
3926,4.781203057437056,4.781203057437056,False,False,,gurkor,,,
3927,4.779042265298904,4.779042265298904,False,False,,gurkor,,,
3928,4.791449494485153,4.791449494485154,False,False,,gurkor,,,
3929,4.792167471369481,4.792167471369481,False,False,,gurkor,,,
3930,4.783002746351813,4.783002746351813,False,False,,gurkor,,,
3931,4.77273267418823,4.77273267418823,False,False,,gurkor,,,
3932,4.76496598535672,4.76496598535672,False,False,,gurkor,,,
3933,4.757001569133582,4.757001569133582,False,False,,gurkor,,,
3934,4.758632066971722,4.758632066971721,False,False,,gurkor,,,
3935,4.755370343000604,4.755370343000604,False,False,,gurkor,,,
3936,4.755189050656895,4.755189050656895,False,False,,gurkor,,,
3937,4.750472285812727,4.750472285812727,False,False,,gurkor,,,
3938,4.749019745681228,4.749019745681228,False,False,,gurkor,,,
3939,4.746658132919023,4.746658132919023,False,False,,gurkor,,,
3940,4.756095422363626,4.756095422363626,False,False,,gurkor,,,
3941,4.757001569133581,4.757001569133581,False,False,,gurkor,,,
3942,4.757001569133581,4.757001569133581,False,False,,gurkor,,,
3943,4.74756662661249,4.74756662661249,False,False,,gurkor,,,
3944,4.74756662661249,4.74756662661249,False,False,,gurkor,,,
3945,4.754463791233151,4.754463791233151,False,False,,gurkor,,,
3946,4.750109205020319,4.750109205020319,False,False,,gurkor,,,
3947,4.766592935553069,4.766592935553068,False,False,,gurkor,,,
3948,4.777601029919457,4.777601029919457,False,False,,gurkor,,,
3949,4.774536522853399,4.774536522853398,False,False,,gurkor,,,
3950,4.76080493274011,4.760804932740111,False,False,,gurkor,,,
3951,4.751379829686847,4.751379829686847,False,False,,gurkor,,,
3952,4.745931174853422,4.745931174853422,False,False,,gurkor,,,
3953,4.749746088074236,4.749746088074236,False,False,,gurkor,,,
3954,4.743931291893267,4.743931291893267,False,False,,gurkor,,,
3955,4.74883813747137,4.74883813747137,False,False,,gurkor,,,
3956,4.737378529058631,4.737378529058631,False,False,,gurkor,,,
3957,4.733732998306454,4.733732998306454,False,False,,gurkor,,,
3958,4.738653601868861,4.738653601868861,False,False,,gurkor,,,
3959,4.738653601868861,4.738653601868861,False,False,,gurkor,,,
3960,4.732821044036909,4.732821044036909,False,False,,gurkor,,,
3961,4.726248204959926,4.726248204959926,False,False,,gurkor,,,
3962,4.713433483376305,4.713433483376305,False,False,,gurkor,,,
3963,4.715450230042736,4.715450230042737,False,False,,gurkor,,,
3964,4.727892530683093,4.727892530683093,False,False,,gurkor,,,
3965,4.71728266163418,4.717282661634179,False,False,,gurkor,,,
3966,4.721493739510361,4.721493739510361,False,False,,gurkor,,,
3967,4.709044982178924,4.709044982178924,False,False,,gurkor,,,
3968,4.718385560490533,4.718385560490533,False,False,,gurkor,,,
3969,4.706660187451487,4.706660187451487,False,False,,gurkor,,,
3970,4.699128581454298,4.699128581454298,False,False,,gurkor,,,
3971,4.693239311145739,4.693239311145739,False,False,,gurkor,,,
3972,4.687155901982854,4.687155901982854,False,False,,gurkor,,,
3973,4.681986144423743,4.681986144423743,False,False,,gurkor,,,
3974,4.683463976544117,4.683463976544117,False,False,,gurkor,,,
3975,4.688262741235379,4.688262741235379,False,False,,gurkor,,,
3976,4.687524886226549,4.687524886226549,False,False,,gurkor,,,
3977,4.677548998120884,4.677548998120884,False,False,,gurkor,,,
3978,4.683279280747874,4.683279280747874,False,False,,gurkor,,,
3979,4.686971395671478,4.686971395671478,False,False,,gurkor,,,
3980,4.690106717299713,4.690106717299712,False,False,,gurkor,,,
3981,4.689184847334763,4.689184847334763,False,False,,gurkor,,,
3982,4.704457440604009,4.704457440604009,False,False,,gurkor,,,
3983,4.703722893037388,4.703722893037388,False,False,,gurkor,,,
3984,4.6888160332405215,4.6888160332405215,False,False,,gurkor,,,
3985,4.692318242787721,4.692318242787721,False,False,,gurkor,,,
3986,4.68457195214099,4.68457195214099,False,False,,gurkor,,,
3987,4.7007832074401135,4.7007832074401135,False,False,,gurkor,,,
3988,4.709044982178924,4.709044982178924,False,False,,gurkor,,,
3989,4.72204196507727,4.72204196507727,False,False,,gurkor,,,
3990,4.720762643079824,4.720762643079824,False,False,,gurkor,,,
3991,4.721493739510361,4.721493739510361,False,False,,gurkor,,,
3992,4.722224688510042,4.722224688510042,False,False,,gurkor,,,
3993,4.713443551926208,4.713443551926208,False,False,,gurkor,,,
3994,4.722590107749006,4.7225901077490064,False,False,,gurkor,,,
3995,4.7238687851411205,4.7238687851411205,False,False,,gurkor,,,
3996,4.722407402733525,4.722407402733524,False,False,,gurkor,,,
3997,4.712344410841545,4.712344410841545,False,False,,gurkor,,,
3998,4.696185148824469,4.696185148824469,False,False,,gurkor,,,
3999,4.686786879898645,4.686786879898645,False,False,,gurkor,,,
4000,4.6842026648722,4.6842026648722,False,False,,gurkor,,,
4001,4.682540402665523,4.6825404026655235,False,False,,gurkor,,,
4002,4.69563298762075,4.69563298762075,False,False,,gurkor,,,
4003,4.68826274123538,4.68826274123538,False,False,,gurkor,,,
4004,4.702988196021903,4.702988196021903,False,False,,gurkor,,,
4005,4.710878369717641,4.710878369717641,False,False,,gurkor,,,
4006,4.72204196507727,4.72204196507727,False,False,,gurkor,,,
4007,4.727519667227265,4.727519667227265,False,False,,gurkor,,,
4008,4.731895883724346,4.731895883724345,False,False,,gurkor,,,
4009,4.730802323933442,4.730802323933441,False,False,,gurkor,,,
4010,4.735538707746463,4.735538707746463,False,False,,gurkor,,,
4011,4.730073101105146,4.7300731011051464,False,False,,gurkor,,,
4012,4.743721744575798,4.743721744575799,False,False,,gurkor,,,
4013,4.745719247696856,4.745719247696856,False,False,,gurkor,,,
4014,4.742995108100456,4.742995108100456,False,False,,gurkor,,,
4015,4.750436270589787,4.750436270589787,False,False,,gurkor,,,
4016,4.752248886516661,4.752248886516661,False,False,,gurkor,,,
4017,4.753879471208727,4.753879471208727,False,False,,gurkor,,,
4018,4.762021489628444,4.762021489628444,False,False,,gurkor,,,
4019,4.763105722617587,4.763105722617587,False,False,,gurkor,,,
4020,4.75876685968029,4.75876685968029,False,False,,gurkor,,,
4021,4.766175971634823,4.766175971634823,False,False,,gurkor,,,
4022,4.75750038692236,4.75750038692236,False,False,,gurkor,,,
4023,4.75134269114622,4.75134269114622,False,False,,gurkor,,,
4024,4.75134269114622,4.75134269114622,False,False,,gurkor,,,
4025,4.767980797668852,4.767980797668852,False,False,,gurkor,,,
4026,4.760213719729616,4.760213719729616,False,False,,gurkor,,,
4027,4.75750038692236,4.75750038692236,False,False,,gurkor,,,
4028,4.754966123058956,4.7549661230589555,False,False,,gurkor,,,
4029,4.764550866708643,4.764550866708643,False,False,,gurkor,,,
4030,4.761840752865481,4.761840752865481,False,False,,gurkor,,,
4031,4.762021489628444,4.762021489628444,False,False,,gurkor,,,
4032,4.773570111221227,4.773570111221228,False,False,,gurkor,,,
4033,4.778802932583002,4.778802932583002,False,False,,gurkor,,,
4034,4.774472854815569,4.774472854815569,False,False,,gurkor,,,
4035,4.776999354827426,4.776999354827426,False,False,,gurkor,,,
4036,4.773389535815283,4.773389535815283,False,False,,gurkor,,,
4037,4.772486525283482,4.772486525283482,False,False,,gurkor,,,
4038,4.75891456812016,4.75891456812016,False,False,,gurkor,,,
4039,4.780425394807498,4.780425394807498,False,False,,gurkor,,,
4040,4.783488090225704,4.783488090225704,False,False,,gurkor,,,
4041,4.787987419483508,4.787987419483508,False,False,,gurkor,,,
4042,4.784028300790358,4.784028300790358,False,False,,gurkor,,,
4043,4.7485660633837465,4.7485660633837465,False,False,,gurkor,,,
4044,4.743835923002663,4.743835923002663,False,False,,gurkor,,,
4045,4.748020591197461,4.748020591197461,False,False,,gurkor,,,
4046,4.757645278130533,4.757645278130533,False,False,,gurkor,,,
4047,4.746565599479252,4.746565599479252,False,False,,gurkor,,,
4048,4.7580079774204345,4.7580079774204345,False,False,,gurkor,,,
4049,4.783668169243296,4.783668169243296,False,False,,gurkor,,,
4050,4.778261952364656,4.778261952364656,False,False,,gurkor,,,
4051,4.775736322449308,4.775736322449309,False,False,,gurkor,,,
4052,4.791223529443092,4.791223529443092,False,False,,gurkor,,,
4053,4.785108483612565,4.785108483612565,False,False,,gurkor,,,
4054,4.814511397373594,4.814511397373594,False,False,,gurkor,,,
4055,4.816475182867686,4.816475182867686,False,False,,gurkor,,,
4056,4.801452477269992,4.801452477269992,False,False,,gurkor,,,
4057,4.795354420141702,4.795354420141702,False,False,,gurkor,,,
4058,4.777360141334316,4.777360141334316,False,False,,gurkor,,,
4059,4.765254414109442,4.7652544141094415,False,False,,gurkor,,,
4060,4.759095859265691,4.759095859265691,False,False,,gurkor,,,
4061,4.75891456812016,4.75891456812016,False,False,,gurkor,,,
4062,4.76434939455939,4.76434939455939,False,False,,gurkor,,,
4063,4.769956910998433,4.769956910998432,False,False,,gurkor,,,
4064,4.772125258747123,4.772125258747123,False,False,,gurkor,,,
4065,4.7881672781153855,4.7881672781153855,False,False,,gurkor,,,
4066,4.803602325714748,4.803602325714748,False,False,,gurkor,,,
4067,4.811653118143085,4.811653118143085,False,False,,gurkor,,,
4068,4.813797034811847,4.813797034811847,False,False,,gurkor,,,
4069,4.811653118143086,4.811653118143086,False,False,,gurkor,,,
4070,4.817902735681847,4.817902735681847,False,False,,gurkor,,,
4071,4.813618422593898,4.813618422593898,False,False,,gurkor,,,
4072,4.816475182867686,4.816475182867686,False,False,,gurkor,,,
4073,4.794277243439319,4.794277243439319,False,False,,gurkor,,,
4074,4.807540462785696,4.807540462785696,False,False,,gurkor,,,
4075,4.808613771137153,4.808613771137153,False,False,,gurkor,,,
4076,4.812546567946007,4.812546567946007,False,False,,gurkor,,,
4077,4.82236029106727,4.82236029106727,False,False,,gurkor,,,
4078,4.827880216852468,4.827880216852468,False,False,,gurkor,,,
4079,4.827168430333595,4.827168430333595,False,False,,gurkor,,,
4080,4.830370393887015,4.830370393887015,False,False,,gurkor,,,
4081,4.836588532320709,4.83658853232071,False,False,,gurkor,,,
4082,4.840314422277998,4.840314422277998,False,False,,gurkor,,,
4083,4.842264588797538,4.842264588797537,False,False,,gurkor,,,
4084,4.84421373279367,4.84421373279367,False,False,,gurkor,,,
4085,4.846870011234655,4.846870011234655,False,False,,gurkor,,,
4086,4.860828562063007,4.860828562063007,False,False,,gurkor,,,
4087,4.882458147878179,4.882458147878179,False,False,,gurkor,,,
4088,4.880879727259104,4.880879727259104,False,False,,gurkor,,,
4089,4.866291727300064,4.866291727300063,False,False,,gurkor,,,
4090,4.878949643099094,4.878949643099094,False,False,,gurkor,,,
4091,4.890690234304904,4.890690234304904,False,False,,gurkor,,,
4092,4.8908651890245,4.8908651890245,False,False,,gurkor,,,
4093,4.894187781059406,4.894187781059406,False,False,,gurkor,,,
4094,4.909190271716018,4.909190271716018,False,False,,gurkor,,,
4095,4.929158902176379,4.929158902176379,False,False,,gurkor,,,
4096,4.937635340051052,4.937635340051052,False,False,,gurkor,,,
4097,4.926906862076135,4.926906862076134,False,False,,gurkor,,,
4098,4.932078419279931,4.932078419279931,False,False,,gurkor,,,
4099,4.90840379005578,4.90840379005578,False,False,,gurkor,,,
4100,4.898683620646668,4.898683620646668,False,False,,gurkor,,,
4101,4.895206036635932,4.895206036635931,False,False,,gurkor,,,
4102,4.895032072952396,4.895032072952397,False,False,,gurkor,,,
4103,4.883183594563852,4.883183594563852,False,False,,gurkor,,,
4104,4.902331626252987,4.902331626252986,False,False,,gurkor,,,
4105,4.91186920903348,4.91186920903348,False,False,,gurkor,,,
4106,4.933284100010437,4.933284100010437,False,False,,gurkor,,,
4107,4.937758986029483,4.937758986029483,False,False,,gurkor,,,
4108,4.932595186598864,4.932595186598864,False,False,,gurkor,,,
4109,4.942400398696941,4.942400398696941,False,False,,gurkor,,,
4110,4.943259296688806,4.943259296688807,False,False,,gurkor,,,
4111,4.943259296688806,4.943259296688807,False,False,,gurkor,,,
4112,4.943259296688806,4.943259296688807,False,False,,gurkor,,,
4113,4.951152055031859,4.951152055031859,False,False,,gurkor,,,
4114,4.942400398696941,4.942400398696941,False,False,,gurkor,,,
4115,4.9391348117352125,4.9391348117352125,False,False,,gurkor,,,
4116,4.938274979180735,4.938274979180735,False,False,,gurkor,,,
4117,4.914293108669679,4.914293108669678,False,False,,gurkor,,,
4118,4.904426684801459,4.904426684801459,False,False,,gurkor,,,
4119,4.908590938888403,4.908590938888403,False,False,,gurkor,,,
4120,4.92682163481192,4.92682163481192,False,False,,gurkor,,,
4121,4.934705791207259,4.934705791207259,False,False,,gurkor,,,
4122,4.935048208502932,4.935048208502932,False,False,,gurkor,,,
4123,4.9466720349196684,4.9466720349196684,False,False,,gurkor,,,
4124,4.95264104102752,4.95264104102752,False,False,,gurkor,,,
4125,4.950766077759852,4.950766077759852,False,False,,gurkor,,,
4126,4.934705791207259,4.934705791207259,False,False,,gurkor,,,
4127,4.938983785194813,4.938983785194813,False,False,,gurkor,,,
4128,4.934363342959104,4.934363342959104,False,False,,gurkor,,,
4129,4.918749073489037,4.918749073489037,False,False,,gurkor,,,
4130,4.8978866987032665,4.8978866987032665,False,False,,gurkor,,,
4131,4.885937974706088,4.885937974706088,False,False,,gurkor,,,
4132,4.895984374314996,4.895984374314996,False,False,,gurkor,,,
4133,4.898232472476651,4.898232472476651,False,False,,gurkor,,,
4134,4.89321563707314,4.89321563707314,False,False,,gurkor,,,
4135,4.888018747130861,4.88801874713086,False,False,,gurkor,,,
4136,4.889231998405811,4.889231998405811,False,False,,gurkor,,,
4137,4.880036175133202,4.880036175133202,False,False,,gurkor,,,
4138,4.87795096589226,4.87795096589226,False,False,,gurkor,,,
4139,4.88125201140271,4.88125201140271,False,False,,gurkor,,,
4140,4.878819944157222,4.878819944157222,False,False,,gurkor,,,
4141,4.873254994746746,4.873254994746746,False,False,,gurkor,,,
4142,4.8887120815986265,4.8887120815986265,False,False,,gurkor,,,
4143,4.912381917195287,4.912381917195287,False,False,,gurkor,,,
4144,4.926821634811919,4.926821634811919,False,False,,gurkor,,,
4145,4.92390376216377,4.92390376216377,False,False,,gurkor,,,
4146,4.93350708687078,4.933507086870781,False,False,,gurkor,,,
4147,4.943769415390657,4.943769415390657,False,False,,gurkor,,,
4148,4.938983785194812,4.938983785194812,False,False,,gurkor,,,
4149,4.928365480020314,4.928365480020314,False,False,,gurkor,,,
4150,4.940693631998657,4.940693631998657,False,False,,gurkor,,,
4151,4.940180758897082,4.940180758897082,False,False,,gurkor,,,
4152,4.944623357419308,4.944623357419308,False,False,,gurkor,,,
4153,4.944281803661485,4.944281803661486,False,False,,gurkor,,,
4154,4.922873386841105,4.922873386841105,False,False,,gurkor,,,
4155,4.925277159192073,4.925277159192073,False,False,,gurkor,,,
4156,4.939496820189011,4.939496820189011,False,False,,gurkor,,,
4157,4.93693095069931,4.93693095069931,False,False,,gurkor,,,
4158,4.920124344989996,4.920124344989997,False,False,,gurkor,,,
4159,4.943830522677465,4.943830522677465,False,False,,gurkor,,,
4160,4.956402025877845,4.956402025877845,False,False,,gurkor,,,
4161,4.957089675577897,4.957089675577897,False,False,,gurkor,,,
4162,4.943658021102074,4.943658021102074,False,False,,gurkor,,,
4163,4.933639481859784,4.933639481859784,False,False,,gurkor,,,
4164,4.941932573938117,4.941932573938117,False,False,,gurkor,,,
4165,4.93069798689223,4.930697986892229,False,False,,gurkor,,,
4166,4.920645052279612,4.920645052279613,False,False,,gurkor,,,
4167,4.9116092768056365,4.9116092768056365,False,False,,gurkor,,,
4168,4.907431607072229,4.907431607072229,False,False,,gurkor,,,
4169,4.932774573453252,4.932774573453252,False,False,,gurkor,,,
4170,4.946761850762918,4.946761850762918,False,False,,gurkor,,,
4171,4.939515628763883,4.939515628763883,False,False,,gurkor,,,
4172,4.918214470497538,4.918214470497538,False,False,,gurkor,,,
4173,4.915608538248358,4.915608538248358,False,False,,gurkor,,,
4174,4.921686251591792,4.921686251591793,False,False,,gurkor,,,
4175,4.920992150601668,4.920992150601667,False,False,,gurkor,,,
4176,4.937097142129506,4.937097142129506,False,False,,gurkor,,,
4177,4.942795395592499,4.942795395592499,False,False,,gurkor,,,
4178,4.943658021102075,4.943658021102075,False,False,,gurkor,,,
4179,4.914044114755889,4.914044114755889,False,False,,gurkor,,,
4180,4.901679735792086,4.901679735792086,False,False,,gurkor,,,
4181,4.905515292713754,4.905515292713754,False,False,,gurkor,,,
4182,4.906038020599285,4.906038020599285,False,False,,gurkor,,,
4183,4.903772342184298,4.903772342184298,False,False,,gurkor,,,
4184,4.902377400538188,4.902377400538189,False,False,,gurkor,,,
4185,4.902377400538188,4.902377400538189,False,False,,gurkor,,,
4186,4.902377400538188,4.902377400538189,False,False,,gurkor,,,
4187,4.908650572512012,4.908650572512012,False,False,,gurkor,,,
4188,4.913522496069263,4.913522496069263,False,False,,gurkor,,,
4189,4.909346947193848,4.909346947193848,False,False,,gurkor,,,
4190,4.8964431219192655,4.8964431219192655,False,False,,gurkor,,,
4191,4.9164773822455725,4.916477382245572,False,False,,gurkor,,,
4192,4.918388135371485,4.918388135371485,False,False,,gurkor,,,
4193,4.907257436954323,4.907257436954322,False,False,,gurkor,,,
4194,4.90429531206493,4.904295312064931,False,False,,gurkor,,,
4195,4.910739310692567,4.910739310692567,False,False,,gurkor,,,
4196,4.915260944633082,4.915260944633082,False,False,,gurkor,,,
4197,4.917346026286186,4.917346026286186,False,False,,gurkor,,,
4198,4.919256339955575,4.919256339955575,False,False,,gurkor,,,
4199,4.913870249874265,4.913870249874265,False,False,,gurkor,,,
4200,4.913870249874265,4.913870249874265,False,False,,gurkor,,,
4201,4.913870249874265,4.913870249874265,False,False,,gurkor,,,
4202,4.905341033960852,4.905341033960852,False,False,,gurkor,,,
4203,4.902900564238301,4.902900564238301,False,False,,gurkor,,,
4204,4.880513921535174,4.880513921535174,False,False,,gurkor,,,
4205,4.868918369938446,4.868918369938446,False,False,,gurkor,,,
4206,4.882267694855912,4.882267694855912,False,False,,gurkor,,,
4207,4.878934823383123,4.878934823383123,False,False,,gurkor,,,
4208,4.889099583430106,4.889099583430106,False,False,,gurkor,,,
4209,4.894521201298682,4.894521201298682,False,False,,gurkor,,,
4210,4.887524097762387,4.887524097762387,False,False,,gurkor,,,
4211,4.884896817263368,4.884896817263369,False,False,,gurkor,,,
4212,4.877530621483715,4.877530621483716,False,False,,gurkor,,,
4213,4.876652727826546,4.876652727826547,False,False,,gurkor,,,
4214,4.876828323026227,4.876828323026227,False,False,,gurkor,,,
4215,4.86363575495314,4.863635754953141,False,False,,gurkor,,,
4216,4.86363575495314,4.863635754953141,False,False,,gurkor,,,
4217,4.855167991150287,4.855167991150287,False,False,,gurkor,,,
4218,4.856404071359089,4.856404071359089,False,False,,gurkor,,,
4219,4.846680946420524,4.846680946420525,False,False,,gurkor,,,
4220,4.861167975077292,4.861167975077291,False,False,,gurkor,,,
4221,4.844379037850494,4.844379037850494,False,False,,gurkor,,,
4222,4.8495121111605455,4.849512111160545,False,False,,gurkor,,,
4223,4.863283314832517,4.863283314832517,False,False,,gurkor,,,
4224,4.85428482568497,4.85428482568497,False,False,,gurkor,,,
4225,4.838077868098688,4.838077868098688,False,False,,gurkor,,,
4226,4.845744900218536,4.845744900218535,False,False,,gurkor,,,
4227,4.851973862327305,4.851973862327305,False,False,,gurkor,,,
4228,4.842537368987832,4.842537368987833,False,False,,gurkor,,,
4229,4.8439632799823285,4.8439632799823285,False,False,,gurkor,,,
4230,4.852151679642044,4.852151679642044,False,False,,gurkor,,,
4231,4.869713759169662,4.869713759169662,False,False,,gurkor,,,
4232,4.870421605065537,4.870421605065537,False,False,,gurkor,,,
4233,4.876079554896254,4.876079554896255,False,False,,gurkor,,,
4234,4.864046160340979,4.864046160340978,False,False,,gurkor,,,
4235,4.874665869347977,4.874665869347977,False,False,,gurkor,,,
4236,4.8822581616805225,4.8822581616805225,False,False,,gurkor,,,
4237,4.880846806852819,4.880846806852819,False,False,,gurkor,,,
4238,4.884903020547787,4.884903020547787,False,False,,gurkor,,,
4239,4.888778776115355,4.888778776115355,False,False,,gurkor,,,
4240,4.893705774829105,4.893705774829105,False,False,,gurkor,,,
4241,4.900206557863206,4.900206557863205,False,False,,gurkor,,,
4242,4.898626320504534,4.898626320504534,False,False,,gurkor,,,
4243,4.894584916303156,4.894584916303156,False,False,,gurkor,,,
4244,4.908272980671242,4.908272980671242,False,False,,gurkor,,,
4245,4.9068713651667215,4.9068713651667215,False,False,,gurkor,,,
4246,4.912124737672891,4.912124737672891,False,False,,gurkor,,,
4247,4.914049141666485,4.914049141666486,False,False,,gurkor,,,
4248,4.918419140364682,4.918419140364682,False,False,,gurkor,,,
4249,4.91159972975475,4.91159972975475,False,False,,gurkor,,,
4250,4.9189432004127465,4.9189432004127465,False,False,,gurkor,,,
4251,4.917370802005696,4.9173708020056965,False,False,,gurkor,,,
4252,4.9124747023490185,4.9124747023490185,False,False,,gurkor,,,
4253,4.90108418075138,4.90108418075138,False,False,,gurkor,,,
4254,4.910549494561024,4.910549494561024,False,False,,gurkor,,,
4255,4.897396787779364,4.897396787779364,False,False,,gurkor,,,
4256,4.8968697220756905,4.8968697220756905,False,False,,gurkor,,,
4257,4.903715821996424,4.903715821996424,False,False,,gurkor,,,
4258,4.900382098819806,4.900382098819806,False,False,,gurkor,,,
4259,4.887898274074045,4.887898274074045,False,False,,gurkor,,,
4260,4.884021608217646,4.884021608217645,False,False,,gurkor,,,
4261,4.881728965905061,4.881728965905061,False,False,,gurkor,,,
4262,4.893705774829105,4.893705774829105,False,False,,gurkor,,,
4263,4.894057456103967,4.894057456103967,False,False,,gurkor,,,
4264,4.89300231350004,4.893002313500039,False,False,,gurkor,,,
4265,4.915972564504984,4.915972564504984,False,False,,gurkor,,,
4266,4.907221817931231,4.907221817931231,False,False,,gurkor,,,
4267,4.9051186120824015,4.9051186120824015,False,False,,gurkor,,,
4268,4.906696126557642,4.906696126557642,False,False,,gurkor,,,
4269,4.901084180751379,4.901084180751379,False,False,,gurkor,,,
4270,4.881199695394185,4.881199695394185,False,False,,gurkor,,,
4271,4.888074391010441,4.888074391010441,False,False,,gurkor,,,
4272,4.889130919098447,4.889130919098447,False,False,,gurkor,,,
4273,4.890715153840393,4.890715153840393,False,False,,gurkor,,,
4274,4.894233284397711,4.894233284397711,False,False,,gurkor,,,
4275,4.910899605466075,4.910899605466075,False,False,,gurkor,,,
4276,4.915797748390503,4.915797748390503,False,False,,gurkor,,,
4277,4.914573808777914,4.914573808777913,False,False,,gurkor,,,
4278,4.921038713713771,4.921038713713771,False,False,,gurkor,,,
4279,4.923133065327114,4.9231330653271135,False,False,,gurkor,,,
4280,4.913349471991017,4.913349471991017,False,False,,gurkor,,,
4281,4.916496964268864,4.916496964268864,False,False,,gurkor,,,
4282,4.92191150129437,4.92191150129437,False,False,,gurkor,,,
4283,4.927841118252558,4.927841118252558,False,False,,gurkor,,,
4284,4.925923730152201,4.925923730152201,False,False,,gurkor,,,
4285,4.926795390692837,4.926795390692837,False,False,,gurkor,,,
4286,4.926795390692837,4.926795390692837,False,False,,gurkor,,,
4287,4.927841118252558,4.927841118252558,False,False,,gurkor,,,
4288,4.930976567940263,4.930976567940264,False,False,,gurkor,,,
4289,4.9281896298773,4.9281896298773,False,False,,gurkor,,,
4290,4.925400637374419,4.925400637374419,False,False,,gurkor,,,
4291,4.929455419465348,4.929455419465348,False,False,,gurkor,,,
4292,4.923106879425944,4.923106879425944,False,False,,gurkor,,,
4293,4.909492136635134,4.909492136635133,False,False,,gurkor,,,
4294,4.919751957709467,4.919751957709467,False,False,,gurkor,,,
4295,4.930864760511722,4.930864760511722,False,False,,gurkor,,,
4296,4.928045553368382,4.928045553368382,False,False,,gurkor,,,
4297,4.922753870014483,4.922753870014484,False,False,,gurkor,,,
4298,4.916570859557731,4.916570859557731,False,False,,gurkor,,,
4299,4.913033158739501,4.913033158739501,False,False,,gurkor,,,
4300,4.908429181061672,4.908429181061672,False,False,,gurkor,,,
4301,4.909492136635134,4.909492136635133,False,False,,gurkor,,,
4302,4.9066569218178735,4.9066569218178735,False,False,,gurkor,,,
4303,4.910731872707999,4.910731872707999,False,False,,gurkor,,,
4304,4.921694643884022,4.921694643884022,False,False,,gurkor,,,
4305,4.931569234309983,4.931569234309983,False,False,,gurkor,,,
4306,4.929631615798752,4.929631615798752,False,False,,gurkor,,,
4307,4.934209844351707,4.934209844351707,False,False,,gurkor,,,
4308,4.933153821271047,4.933153821271046,False,False,,gurkor,,,
4309,4.945806723144906,4.945806723144907,False,False,,gurkor,,,
4310,4.951591901763861,4.951591901763861,False,False,,gurkor,,,
4311,4.949489219527215,4.949489219527215,False,False,,gurkor,,,
4312,4.944929411725068,4.944929411725069,False,False,,gurkor,,,
4313,4.952292537436157,4.952292537436158,False,False,,gurkor,,,
4314,4.953518339271093,4.953518339271093,False,False,,gurkor,,,
4315,4.939309810950161,4.939309810950161,False,False,,gurkor,,,
4316,4.943349740042612,4.9433497400426125,False,False,,gurkor,,,
4317,4.947385373074855,4.947385373074855,False,False,,gurkor,,,
4318,4.936321007791129,4.936321007791129,False,False,,gurkor,,,
4319,4.926282481569396,4.926282481569396,False,False,,gurkor,,,
4320,4.926635161679088,4.926635161679088,False,False,,gurkor,,,
4321,4.927164120189849,4.927164120189849,False,False,,gurkor,,,
4322,4.935441499312012,4.935441499312012,False,False,,gurkor,,,
4323,4.922400827626038,4.922400827626038,False,False,,gurkor,,,
4324,4.924518587472208,4.924518587472208,False,False,,gurkor,,,
4325,4.917454766820848,4.917454766820848,False,False,,gurkor,,,
4326,4.916570859557732,4.916570859557731,False,False,,gurkor,,,
4327,4.931040891251849,4.931040891251849,False,False,,gurkor,,,
4328,4.933329845566094,4.933329845566093,False,False,,gurkor,,,
4329,4.922400827626038,4.922400827626038,False,False,,gurkor,,,
4330,4.939309810950161,4.939309810950161,False,False,,gurkor,,,
4331,4.938430995779362,4.938430995779362,False,False,,gurkor,,,
4332,4.930864760511723,4.930864760511722,False,False,,gurkor,,,
4333,4.926458825735194,4.926458825735194,False,False,,gurkor,,,
4334,4.922047752252052,4.922047752252052,False,False,,gurkor,,,
4335,4.917101228752075,4.917101228752075,False,False,,gurkor,,,
4336,4.92592976856777,4.92592976856777,False,False,,gurkor,,,
4337,4.930512474444035,4.930512474444035,False,False,,gurkor,,,
4338,4.933329845566094,4.933329845566093,False,False,,gurkor,,,
4339,4.927164120189848,4.927164120189848,False,False,,gurkor,,,
4340,4.926635161679088,4.926635161679088,False,False,,gurkor,,,
4341,4.9379036088818165,4.9379036088818165,False,False,,gurkor,,,
4342,4.942647452636059,4.942647452636059,False,False,,gurkor,,,
4343,4.942647452636059,4.942647452636059,False,False,,gurkor,,,
4344,4.9456312770781885,4.9456312770781885,False,False,,gurkor,,,
4345,4.950014999161937,4.9500149991619375,False,False,,gurkor,,,
4346,4.9456312770781885,4.9456312770781885,False,False,,gurkor,,,
4347,4.949313943480689,4.949313943480689,False,False,,gurkor,,,
4348,4.947911443930751,4.947911443930751,False,False,,gurkor,,,
4349,4.965231081145783,4.965231081145783,False,False,,gurkor,,,
4350,4.966627213650944,4.966627213650944,False,False,,gurkor,,,
4351,4.966278228453105,4.966278228453106,False,False,,gurkor,,,
4352,4.966627213650944,4.966627213650944,False,False,,gurkor,,,
4353,4.964183646097591,4.964183646097591,False,False,,gurkor,,,
4354,4.961389077570125,4.961389077570125,False,False,,gurkor,,,
4355,4.951767072788053,4.951767072788053,False,False,,gurkor,,,
4356,4.959481058650466,4.959481058650466,False,False,,gurkor,,,
4357,4.966305413080917,4.966305413080917,False,False,,gurkor,,,
4358,4.968228023821045,4.968228023821045,False,False,,gurkor,,,
4359,4.960181555360453,4.960181555360453,False,False,,gurkor,,,
4360,4.9568530474120855,4.9568530474120855,False,False,,gurkor,,,
4361,4.959305914334494,4.959305914334494,False,False,,gurkor,,,
4362,4.950362847316245,4.950362847316245,False,False,,gurkor,,,
4363,4.957554027845949,4.957554027845949,False,False,,gurkor,,,
4364,4.967529004789506,4.967529004789506,False,False,,gurkor,,,
4365,4.96770377155905,4.96770377155905,False,False,,gurkor,,,
4366,4.959305914334494,4.959305914334494,False,False,,gurkor,,,
4367,4.948431189684302,4.948431189684302,False,False,,gurkor,,,
4368,4.937172918637996,4.937172918637996,False,False,,gurkor,,,
4369,4.937172918637996,4.937172918637996,False,False,,gurkor,,,
4370,4.937172918637996,4.937172918637996,False,False,,gurkor,,,
4371,4.931707653118214,4.931707653118214,False,False,,gurkor,,,
4372,4.928530649614495,4.928530649614495,False,False,,gurkor,,,
4373,4.92888378173536,4.92888378173536,False,False,,gurkor,,,
4374,4.933118799303623,4.933118799303623,False,False,,gurkor,,,
4375,4.929236880903494,4.929236880903494,False,False,,gurkor,,,
4376,4.932060488970512,4.932060488970512,False,False,,gurkor,,,
4377,4.931884075154421,4.9318840751544215,False,False,,gurkor,,,
4378,4.936996742745504,4.936996742745504,False,False,,gurkor,,,
4379,4.9445649249433306,4.944564924943331,False,False,,gurkor,,,
4380,4.944389092060498,4.944389092060499,False,False,,gurkor,,,
4381,4.945971294895982,4.945971294895982,False,False,,gurkor,,,
4382,4.953346206685761,4.953346206685761,False,False,,gurkor,,,
4383,4.954924685095008,4.954924685095008,False,False,,gurkor,,,
4384,4.951240549027772,4.951240549027772,False,False,,gurkor,,,
4385,4.960706843340033,4.960706843340033,False,False,,gurkor,,,
4386,4.964556743430058,4.964556743430058,False,False,,gurkor,,,
4387,4.963857050877419,4.963857050877419,False,False,,gurkor,,,
4388,4.962982254485015,4.962982254485015,False,False,,gurkor,,,
4389,4.963332197142671,4.963332197142672,False,False,,gurkor,,,
4390,4.965081428559953,4.965081428559953,False,False,,gurkor,,,
4391,4.96682985760658,4.966829857606581,False,False,,gurkor,,,
4392,4.968577485300357,4.968577485300357,False,False,,gurkor,,,
4393,4.968228023821045,4.968228023821045,False,False,,gurkor,,,
4394,4.966305413080917,4.966305413080917,False,False,,gurkor,,,
4395,4.962107257193919,4.962107257193919,False,False,,gurkor,,,
4396,4.975385595437523,4.975385595437523,False,False,,gurkor,,,
4397,4.983226058999229,4.983226058999229,False,False,,gurkor,,,
4398,4.976431920365026,4.976431920365026,False,False,,gurkor,,,
4399,4.968053281073792,4.968053281073792,False,False,,gurkor,,,
4400,4.96665505077958,4.96665505077958,False,False,,gurkor,,,
4401,4.960356659404602,4.960356659404602,False,False,,gurkor,,,
4402,4.968228023821045,4.968228023821045,False,False,,gurkor,,,
4403,4.967878530320136,4.967878530320136,False,False,,gurkor,,,
4404,4.968577485300358,4.968577485300358,False,False,,gurkor,,,
4405,4.968926914766191,4.968926914766192,False,False,,gurkor,,,
4406,4.960181555360454,4.960181555360454,False,False,,gurkor,,,
4407,4.952644450367172,4.952644450367172,False,False,,gurkor,,,
4408,4.957378794841631,4.95737879484163,False,False,,gurkor,,,
4409,4.972768528319348,4.972768528319349,False,False,,gurkor,,,
4410,4.979046479785412,4.979046479785412,False,False,,gurkor,,,
4411,4.98322605899923,4.98322605899923,False,False,,gurkor,,,
4412,4.984792224509681,4.984792224509681,False,False,,gurkor,,,
4413,4.984618237772544,4.984618237772544,False,False,,gurkor,,,
4414,4.982355689934777,4.982355689934777,False,False,,gurkor,,,
4415,4.979917602281647,4.979917602281646,False,False,,gurkor,,,
4416,4.983574151185888,4.983574151185888,False,False,,gurkor,,,
4417,4.979344589357054,4.979344589357054,False,False,,gurkor,,,
4418,4.976875182338847,4.976875182338847,False,False,,gurkor,,,
4419,4.981988613608068,4.981988613608068,False,False,,gurkor,,,
4420,4.979873540499945,4.979873540499946,False,False,,gurkor,,,
4421,4.975463375759537,4.975463375759537,False,False,,gurkor,,,
4422,4.977933695021601,4.977933695021601,False,False,,gurkor,,,
4423,4.9796972315841845,4.9796972315841845,False,False,,gurkor,,,
4424,4.983398012792631,4.983398012792631,False,False,,gurkor,,,
4425,4.987799042375902,4.987799042375902,False,False,,gurkor,,,
4426,4.986391263391497,4.986391263391497,False,False,,gurkor,,,
4427,4.989382175333246,4.989382175333247,False,False,,gurkor,,,
4428,4.996059312565393,4.996059312565394,False,False,,gurkor,,,
4429,4.997989999924614,4.997989999924614,False,False,,gurkor,,,
4430,4.992195019450377,4.992195019450377,False,False,,gurkor,,,
4431,4.9796972315841845,4.9796972315841845,False,False,,gurkor,,,
4432,4.98216481690843,4.98216481690843,False,False,,gurkor,,,
4433,4.984630811298029,4.984630811298029,False,False,,gurkor,,,
4434,4.990437233894413,4.990437233894413,False,False,,gurkor,,,
4435,4.992722197932424,4.992722197932424,False,False,,gurkor,,,
4436,4.993951999169297,4.993951999169296,False,False,,gurkor,,,
4437,4.993951999169297,4.993951999169296,False,False,,gurkor,,,
4438,4.993951999169297,4.993951999169296,False,False,,gurkor,,,
4439,4.983574151185888,4.983574151185888,False,False,,gurkor,,,
4440,4.989733893808393,4.989733893808393,False,False,,gurkor,,,
4441,4.992019277174325,4.992019277174325,False,False,,gurkor,,,
4442,4.983926403647197,4.983926403647196,False,False,,gurkor,,,
4443,4.980578694868534,4.980578694868534,False,False,,gurkor,,,
4444,4.985335089308165,4.985335089308165,False,False,,gurkor,,,
4445,4.988150906261397,4.988150906261396,False,False,,gurkor,,,
4446,4.989909740936392,4.989909740936392,False,False,,gurkor,,,
4447,4.996937018186099,4.996937018186099,False,False,,gurkor,,,
4448,4.997463545180388,4.997463545180388,False,False,,gurkor,,,
4449,4.994303298502582,4.994303298502582,False,False,,gurkor,,,
4450,4.999218113509478,4.999218113509478,False,False,,gurkor,,,
4451,5.002724845891203,5.002724845891203,False,False,,gurkor,,,
4452,5.002724845891203,5.002724845891203,False,False,,gurkor,,,
4453,5.004477011968135,5.004477011968135,False,False,,gurkor,,,
4454,5.025092523967713,5.025092523967713,False,False,,gurkor,,,
4455,5.014798567083705,5.014798567083705,False,False,,gurkor,,,
4456,5.010603309842031,5.010603309842031,False,False,,gurkor,,,
4457,5.018291125794179,5.018291125794179,False,False,,gurkor,,,
4458,5.018291125794179,5.018291125794179,False,False,,gurkor,,,
4459,5.0306642156490025,5.0306642156490025,False,False,,gurkor,,,
4460,5.044038266057271,5.044038266057271,False,False,,gurkor,,,
4461,5.055810825840203,5.055810825840203,False,False,,gurkor,,,
4462,5.054773506905451,5.054773506905451,False,False,,gurkor,,,
4463,5.029620135822406,5.029620135822405,False,False,,gurkor,,,
4464,5.032229806361774,5.032229806361774,False,False,,gurkor,,,
4465,5.032751528964274,5.032751528964274,False,False,,gurkor,,,
4466,5.034142444934189,5.034142444934188,False,False,,gurkor,,,
4467,5.050275250491164,5.050275250491164,False,False,,gurkor,,,
4468,5.050275250491164,5.050275250491164,False,False,,gurkor,,,
4469,5.0622015093523975,5.0622015093523975,False,False,,gurkor,,,
4470,5.062719212411427,5.062719212411427,False,False,,gurkor,,,
4471,5.080967315501786,5.080967315501786,False,False,,gurkor,,,
4472,5.082512753786807,5.082512753786807,False,False,,gurkor,,,
4473,5.083371066180722,5.083371066180722,False,False,,gurkor,,,
4474,5.094683145291794,5.094683145291794,False,False,,gurkor,,,
4475,5.085087124882118,5.085087124882118,False,False,,gurkor,,,
4476,5.077358909570475,5.077358909570474,False,False,,gurkor,,,
4477,5.086802429566505,5.086802429566505,False,False,,gurkor,,,
4478,5.086802429566505,5.086802429566505,False,False,,gurkor,,,
4479,5.082856101399771,5.082856101399771,False,False,,gurkor,,,
4480,5.085773337186566,5.085773337186566,False,False,,gurkor,,,
4481,5.084743973492555,5.084743973492555,False,False,,gurkor,,,
4482,5.098275589429298,5.098275589429298,False,False,,gurkor,,,
4483,5.09930409677977,5.09930409677977,False,False,,gurkor,,,
4484,5.1068382422472345,5.1068382422472345,False,False,,gurkor,,,
4485,5.098961291022016,5.098961291022016,False,False,,gurkor,,,
4486,5.089694162845358,5.089694162845358,False,False,,gurkor,,,
4487,5.100160979869874,5.100160979869874,False,False,,gurkor,,,
4488,5.090381370532994,5.090381370532994,False,False,,gurkor,,,
4489,5.082299033553371,5.082299033553371,False,False,,gurkor,,,
4490,5.082815427650316,5.082815427650316,False,False,,gurkor,,,
4491,5.085052346142064,5.085052346142064,False,False,,gurkor,,,
4492,5.07419991931259,5.07419991931259,False,False,,gurkor,,,
4493,5.070057699307781,5.070057699307781,False,False,,gurkor,,,
4494,5.079716037252807,5.079716037252807,False,False,,gurkor,,,
4495,5.088319384760881,5.08831938476088,False,False,,gurkor,,,
4496,5.094502081397314,5.094502081397314,False,False,,gurkor,,,
4497,5.095531580960295,5.095531580960295,False,False,,gurkor,,,
4498,5.09930409677977,5.09930409677977,False,False,,gurkor,,,
4499,5.103586638498212,5.103586638498212,False,False,,gurkor,,,
4500,5.1017028970419895,5.1017028970419895,False,False,,gurkor,,,
4501,5.104613752212984,5.104613752212985,False,False,,gurkor,,,
4502,5.104271410888004,5.104271410888005,False,False,,gurkor,,,
4503,5.108377534736947,5.108377534736947,False,False,,gurkor,,,
4504,5.102387998749876,5.102387998749876,False,False,,gurkor,,,
4505,5.098961291022017,5.098961291022016,False,False,,gurkor,,,
4506,5.094158854649734,5.094158854649734,False,False,,gurkor,,,
4507,5.092098861272924,5.092098861272924,False,False,,gurkor,,,
4508,5.101531602889029,5.101531602889029,False,False,,gurkor,,,
4509,5.091755423493181,5.091755423493182,False,False,,gurkor,,,
4510,5.090037781795936,5.090037781795936,False,False,,gurkor,,,
4511,5.091755423493181,5.091755423493182,False,False,,gurkor,,,
4512,5.100332333985861,5.100332333985861,False,False,,gurkor,,,
4513,5.091240210239803,5.091240210239803,False,False,,gurkor,,,
4514,5.0936439580408175,5.0936439580408175,False,False,,gurkor,,,
4515,5.094673683476328,5.094673683476328,False,False,,gurkor,,,
4516,5.090553153573757,5.090553153573757,False,False,,gurkor,,,
4517,5.08229903355337,5.082299033553369,False,False,,gurkor,,,
4518,5.074199919312588,5.074199919312587,False,False,,gurkor,,,
4519,5.071438928987447,5.071438928987447,False,False,,gurkor,,,
4520,5.075234786322948,5.075234786322948,False,False,,gurkor,,,
4521,5.082471172512702,5.082471172512702,False,False,,gurkor,,,
4522,5.08831938476088,5.08831938476088,False,False,,gurkor,,,
4523,5.083675932648065,5.083675932648065,False,False,,gurkor,,,
4524,5.099132697653347,5.099132697653346,False,False,,gurkor,,,
4525,5.099132697653347,5.099132697653346,False,False,,gurkor,,,
4526,5.107009304590773,5.107009304590773,False,False,,gurkor,,,
4527,5.114699399212562,5.114699399212562,False,False,,gurkor,,,
4528,5.11333337220958,5.11333337220958,False,False,,gurkor,,,
4529,5.112991791176215,5.112991791176216,False,False,,gurkor,,,
4530,5.131564810804201,5.131564810804201,False,False,,gurkor,,,
4531,5.131734800293119,5.131734800293118,False,False,,gurkor,,,
4532,5.137340344036233,5.137340344036233,False,False,,gurkor,,,
4533,5.149373824427954,5.149373824427954,False,False,,gurkor,,,
4534,5.142598910075762,5.142598910075762,False,False,,gurkor,,,
4535,5.149373824427955,5.149373824427954,False,False,,gurkor,,,
4536,5.15664393144005,5.15664393144005,False,False,,gurkor,,,
4537,5.162382950133633,5.162382950133633,False,False,,gurkor,,,
4538,5.159683271216746,5.159683271216746,False,False,,gurkor,,,
4539,5.1761900351064885,5.176190035106489,False,False,,gurkor,,,
4540,5.183075621175897,5.183075621175897,False,False,,gurkor,,,
4541,5.18206871876346,5.18206871876346,False,False,,gurkor,,,
4542,5.172490406880747,5.172490406880746,False,False,,gurkor,,,
4543,5.172490406880747,5.172490406880746,False,False,,gurkor,,,
4544,5.188944147350574,5.188944147350574,False,False,,gurkor,,,
4545,5.169797601695492,5.169797601695492,False,False,,gurkor,,,
4546,5.158332741521575,5.158332741521575,False,False,,gurkor,,,
4547,5.14514086475428,5.145140864754279,False,False,,gurkor,,,
4548,5.149881475064636,5.149881475064635,False,False,,gurkor,,,
4549,5.165254917357723,5.165254917357723,False,False,,gurkor,,,
4550,5.159112700698359,5.15911270069836,False,False,,gurkor,,,
4551,5.152960943876535,5.152960943876536,False,False,,gurkor,,,
4552,5.14114326024017,5.14114326024017,False,False,,gurkor,,,
4553,5.139256009354673,5.139256009354672,False,False,,gurkor,,,
4554,5.147998396067679,5.1479983960676785,False,False,,gurkor,,,
4555,5.1397708036626,5.1397708036626,False,False,,gurkor,,,
4556,5.128945983357383,5.128945983357383,False,False,,gurkor,,,
4557,5.1366810296526335,5.1366810296526335,False,False,,gurkor,,,
4558,5.129634158330564,5.129634158330564,False,False,,gurkor,,,
4559,5.132385656424825,5.132385656424825,False,False,,gurkor,,,
4560,5.152276824658274,5.152276824658274,False,False,,gurkor,,,
4561,5.160478460749998,5.160478460749998,False,False,,gurkor,,,
4562,5.151421509207787,5.151421509207787,False,False,,gurkor,,,
4563,5.165254917357724,5.165254917357724,False,False,,gurkor,,,
4564,5.168322460898929,5.168322460898929,False,False,,gurkor,,,
4565,5.167811368344909,5.167811368344909,False,False,,gurkor,,,
4566,5.161843750133,5.161843750133001,False,False,,gurkor,,,
4567,5.161331821742367,5.161331821742367,False,False,,gurkor,,,
4568,5.168833487626624,5.168833487626624,False,False,,gurkor,,,
4569,5.162184998989364,5.162184998989364,False,False,,gurkor,,,
4570,5.172919334512366,5.172919334512366,False,False,,gurkor,,,
4571,5.166959401077023,5.166959401077023,False,False,,gurkor,,,
4572,5.168492810454375,5.168492810454374,False,False,,gurkor,,,
4573,5.166448132871316,5.166448132871316,False,False,,gurkor,,,
4574,5.165595872711361,5.165595872711361,False,False,,gurkor,,,
4575,5.163890802685018,5.163890802685019,False,False,,gurkor,,,
4576,5.162184998989363,5.162184998989364,False,False,,gurkor,,,
4577,5.14851205204115,5.14851205204115,False,False,,gurkor,,,
4578,5.147655921660136,5.147655921660136,False,False,,gurkor,,,
4579,5.142515239736158,5.142515239736158,False,False,,gurkor,,,
4580,5.13874114786828,5.138741147868279,False,False,,gurkor,,,
4581,5.128945983357382,5.128945983357381,False,False,,gurkor,,,
4582,5.132729458604029,5.132729458604029,False,False,,gurkor,,,
4583,5.136852747276873,5.136852747276873,False,False,,gurkor,,,
4584,5.126880736428125,5.126880736428125,False,False,,gurkor,,,
4585,5.117746238193336,5.1177462381933365,False,False,,gurkor,,,
4586,5.118436375219455,5.118436375219455,False,False,,gurkor,,,
4587,5.127052881729057,5.127052881729058,False,False,,gurkor,,,
4588,5.133416972987118,5.133416972987119,False,False,,gurkor,,,
4589,5.133245105635992,5.133245105635993,False,False,,gurkor,,,
4590,5.142343768373869,5.142343768373869,False,False,,gurkor,,,
4591,5.146970883792481,5.146970883792481,False,False,,gurkor,,,
4592,5.141829309594677,5.1418293095946765,False,False,,gurkor,,,
4593,5.146628320318123,5.146628320318123,False,False,,gurkor,,,
4594,5.14251523973616,5.142515239736159,False,False,,gurkor,,,
4595,5.137367855292,5.137367855292001,False,False,,gurkor,,,
4596,5.139084396324677,5.139084396324677,False,False,,gurkor,,,
4597,5.124814405260317,5.124814405260317,False,False,,gurkor,,,
4598,5.1177462381933365,5.1177462381933365,False,False,,gurkor,,,
4599,5.106514475727544,5.106514475727544,False,False,,gurkor,,,
4600,5.111011039011317,5.111011039011317,False,False,,gurkor,,,
4601,5.094209048320382,5.094209048320382,False,False,,gurkor,,,
4602,5.094729779492771,5.094729779492771,False,False,,gurkor,,,
4603,5.103052068149938,5.103052068149938,False,False,,gurkor,,,
4604,5.118436375219456,5.118436375219456,False,False,,gurkor,,,
4605,5.098199550380025,5.098199550380025,False,False,,gurkor,,,
4606,5.0921254299264,5.0921254299264,False,False,,gurkor,,,
4607,5.090561987024624,5.090561987024624,False,False,,gurkor,,,
4608,5.087954858029437,5.087954858029438,False,False,,gurkor,,,
4609,5.1021859879881175,5.1021859879881175,False,False,,gurkor,,,
4610,5.0829094681936615,5.0829094681936615,False,False,,gurkor,,,
4611,5.079251833742915,5.079251833742915,False,False,,gurkor,,,
4612,5.073846189602402,5.073846189602401,False,False,,gurkor,,,
4613,5.078554752384235,5.0785547523842345,False,False,,gurkor,,,
4614,5.060490260867744,5.060490260867744,False,False,,gurkor,,,
4615,5.049928428160291,5.049928428160291,False,False,,gurkor,,,
4616,5.061017599016568,5.061017599016568,False,False,,gurkor,,,
4617,5.057852495739025,5.057852495739025,False,False,,gurkor,,,
4618,5.058204301284597,5.058204301284596,False,False,,gurkor,,,
4619,5.045342686438246,5.045342686438246,False,False,,gurkor,,,
4620,5.046401416330943,5.046401416330943,False,False,,gurkor,,,
4621,5.04498971215803,5.04498971215803,False,False,,gurkor,,,
4622,5.050985906206065,5.050985906206065,False,False,,gurkor,,,
4623,5.06242348429019,5.06242348429019,False,False,,gurkor,,,
4624,5.06119336249532,5.061193362495319,False,False,,gurkor,,,
4625,5.067164596768397,5.067164596768397,False,False,,gurkor,,,
4626,5.062950560173185,5.062950560173186,False,False,,gurkor,,,
4627,5.062950560173185,5.062950560173186,False,False,,gurkor,,,
4628,5.062950560173185,5.062950560173186,False,False,,gurkor,,,
4629,5.062950560173185,5.062950560173186,False,False,,gurkor,,,
4630,5.057324727647789,5.057324727647789,False,False,,gurkor,,,
4631,5.068919098723838,5.068919098723838,False,False,,gurkor,,,
4632,5.068919098723838,5.068919098723838,False,False,,gurkor,,,
4633,5.0787297257134085,5.0787297257134085,False,False,,gurkor,,,
4634,5.065409303141919,5.0654093031419185,False,False,,gurkor,,,
4635,5.075228765968937,5.075228765968937,False,False,,gurkor,,,
4636,5.082577154147648,5.082577154147648,False,False,,gurkor,,,
4637,5.079779400832511,5.079779400832511,False,False,,gurkor,,,
4638,5.075579003500406,5.075579003500406,False,False,,gurkor,,,
4639,5.053980529060028,5.053980529060028,False,False,,gurkor,,,
4640,5.058731949850083,5.058731949850083,False,False,,gurkor,,,
4641,5.053980529060028,5.053980529060028,False,False,,gurkor,,,
4642,5.055916995213041,5.05591699521304,False,False,,gurkor,,,
4643,5.046401416330943,5.046401416330943,False,False,,gurkor,,,
4644,5.047988968891261,5.047988968891261,False,False,,gurkor,,,
4645,5.038630665906505,5.038630665906506,False,False,,gurkor,,,
4646,5.036331772807462,5.036331772807462,False,False,,gurkor,,,
4647,5.041458198582026,5.041458198582026,False,False,,gurkor,,,
4648,5.042871190590641,5.042871190590641,False,False,,gurkor,,,
4649,5.034208503764328,5.0342085037643285,False,False,,gurkor,,,
4650,5.0320840675792615,5.0320840675792615,False,False,,gurkor,,,
4651,5.038277078976228,5.038277078976228,False,False,,gurkor,,,
4652,5.035270284067728,5.035270284067728,False,False,,gurkor,,,
4653,5.026945184139681,5.026945184139681,False,False,,gurkor,,,
4654,5.02144431716037,5.021444317160371,False,False,,gurkor,,,
4655,5.027831686669303,5.027831686669303,False,False,,gurkor,,,
4656,5.018957479914071,5.01895747991407,False,False,,gurkor,,,
4657,5.02144431716037,5.021444317160371,False,False,,gurkor,,,
4658,5.022332084636593,5.022332084636592,False,False,,gurkor,,,
4659,5.01451270252535,5.01451270252535,False,False,,gurkor,,,
4660,5.015402068503579,5.015402068503579,False,False,,gurkor,,,
4661,5.018068934674653,5.018068934674653,False,False,,gurkor,,,
4662,5.018602086408512,5.018602086408512,False,False,,gurkor,,,
4663,5.020556345192335,5.020556345192335,False,False,,gurkor,,,
4664,5.02800896274427,5.028008962744271,False,False,,gurkor,,,
4665,5.038807447251827,5.038807447251827,False,False,,gurkor,,,
4666,5.029072448264334,5.029072448264334,False,False,,gurkor,,,
4667,5.039337742820819,5.039337742820819,False,False,,gurkor,,,
4668,5.045519161516571,5.045519161516571,False,False,,gurkor,,,
4669,5.049046976064383,5.049046976064383,False,False,,gurkor,,,
4670,5.048694339095856,5.048694339095856,False,False,,gurkor,,,
4671,5.046930672794214,5.046930672794213,False,False,,gurkor,,,
4672,5.045519161516571,5.045519161516571,False,False,,gurkor,,,
4673,5.043754048773286,5.043754048773286,False,False,,gurkor,,,
4674,5.041458198582027,5.041458198582026,False,False,,gurkor,,,
4675,5.020201099118194,5.020201099118194,False,False,,gurkor,,,
4676,5.027654402452065,5.027654402452065,False,False,,gurkor,,,
4677,5.028371642828674,5.028371642828675,False,False,,gurkor,,,
4678,5.022091264375132,5.022091264375132,False,False,,gurkor,,,
4679,5.023886701821998,5.023886701821998,False,False,,gurkor,,,
4680,5.031418428822119,5.031418428822119,False,False,,gurkor,,,
4681,5.0360735761065625,5.0360735761065625,False,False,,gurkor,,,
4682,5.035357764456496,5.035357764456496,False,False,,gurkor,,,
4683,5.052857150968444,5.052857150968444,False,False,,gurkor,,,
4684,5.06193282160423,5.06193282160423,False,False,,gurkor,,,
4685,5.049648898662032,5.049648898662032,False,False,,gurkor,,,
4686,5.044474455745896,5.044474455745896,False,False,,gurkor,,,
4687,5.037862525672271,5.037862525672271,False,False,,gurkor,,,
4688,5.0333885986369,5.0333885986369005,False,False,,gurkor,,,
4689,5.0392930897659385,5.0392930897659385,False,False,,gurkor,,,
4690,5.034283798386544,5.034283798386544,False,False,,gurkor,,,
4691,5.02819234522825,5.02819234522825,False,False,,gurkor,,,
4692,5.029088749967465,5.029088749967466,False,False,,gurkor,,,
4693,5.020833960510804,5.020833960510804,False,False,,gurkor,,,
4694,5.0213728552376224,5.0213728552376224,False,False,,gurkor,,,
4695,5.018857368272967,5.018857368272967,False,False,,gurkor,,,
4696,5.015620755617984,5.015620755617984,False,False,,gurkor,,,
4697,5.01687976152051,5.01687976152051,False,False,,gurkor,,,
4698,5.013101508060855,5.0131015080608545,False,False,,gurkor,,,
4699,5.006615858447162,5.006615858447162,False,False,,gurkor,,,
4700,5.007877813932343,5.0078778139323425,False,False,,gurkor,,,
4701,4.998131976219043,4.998131976219043,False,False,,gurkor,,,
4702,4.996324473308573,4.996324473308573,False,False,,gurkor,,,
4703,5.004271126933226,5.004271126933225,False,False,,gurkor,,,
4704,5.009319541741758,5.009319541741757,False,False,,gurkor,,,
4705,5.008058059475076,5.008058059475076,False,False,,gurkor,,,
4706,5.015620755617983,5.015620755617982,False,False,,gurkor,,,
4707,5.039114298184016,5.039114298184016,False,False,,gurkor,,,
4708,5.033925743370615,5.033925743370615,False,False,,gurkor,,,
4709,5.031239272641447,5.0312392726414465,False,False,,gurkor,,,
4710,5.035894635619017,5.035894635619017,False,False,,gurkor,,,
4711,5.035894635619017,5.035894635619017,False,False,,gurkor,,,
4712,5.035894635619017,5.035894635619017,False,False,,gurkor,,,
4713,5.040365665782288,5.040365665782288,False,False,,gurkor,,,
4714,5.0330304606621405,5.0330304606621405,False,False,,gurkor,,,
4715,5.043760196751245,5.043760196751245,False,False,,gurkor,,,
4716,5.043760196751245,5.043760196751245,False,False,,gurkor,,,
4717,5.043760196751245,5.043760196751245,False,False,,gurkor,,,
4718,5.044117342716629,5.044117342716629,False,False,,gurkor,,,
4719,5.039650648143383,5.039650648143383,False,False,,gurkor,,,
4720,5.051075116276711,5.051075116276712,False,False,,gurkor,,,
4721,5.063532211530744,5.063532211530744,False,False,,gurkor,,,
4722,5.071696614361163,5.071696614361163,False,False,,gurkor,,,
4723,5.067971512321757,5.067971512321757,False,False,,gurkor,,,
4724,5.07010057859094,5.07010057859094,False,False,,gurkor,,,
4725,5.06903619105894,5.06903619105894,False,False,,gurkor,,,
4726,5.075595283487246,5.075595283487245,False,False,,gurkor,,,
4727,5.071164675138118,5.071164675138118,False,False,,gurkor,,,
4728,5.073291996157948,5.073291996157948,False,False,,gurkor,,,
4729,5.070277948216807,5.070277948216807,False,False,,gurkor,,,
4730,5.0701005785909405,5.07010057859094,False,False,,gurkor,,,
4731,5.079490055727108,5.079490055727109,False,False,,gurkor,,,
4732,5.088680452221859,5.088680452221859,False,False,,gurkor,,,
4733,5.081612838310182,5.081612838310182,False,False,,gurkor,,,
4734,5.084441419559188,5.084441419559188,False,False,,gurkor,,,
4735,5.09309122551875,5.09309122551875,False,False,,gurkor,,,
4736,5.096440088395901,5.096440088395902,False,False,,gurkor,,,
4737,5.096440088395901,5.096440088395902,False,False,,gurkor,,,
4738,5.090092441368941,5.09009244136894,False,False,,gurkor,,,
4739,5.097320891824127,5.097320891824127,False,False,,gurkor,,,
4740,5.095911511147038,5.095911511147038,False,False,,gurkor,,,
4741,5.086561511099106,5.086561511099106,False,False,,gurkor,,,
4742,5.0929148901159245,5.0929148901159245,False,False,,gurkor,,,
4743,5.082293040356245,5.082293040356245,False,False,,gurkor,,,
4744,5.089554428266226,5.089554428266226,False,False,,gurkor,,,
4745,5.0950357997787,5.0950357997787,False,False,,gurkor,,,
4746,5.106504129764402,5.106504129764402,False,False,,gurkor,,,
4747,5.108969843971018,5.108969843971018,False,False,,gurkor,,,
4748,5.098921150179047,5.098921150179047,False,False,,gurkor,,,
4749,5.112313693103484,5.112313693103484,False,False,,gurkor,,,
4750,5.116357702619464,5.116357702619464,False,False,,gurkor,,,
4751,5.111082080214967,5.111082080214967,False,False,,gurkor,,,
4752,5.109850080623006,5.109850080623006,False,False,,gurkor,,,
4753,5.104565694374403,5.104565694374402,False,False,,gurkor,,,
4754,5.112313693103484,5.112313693103484,False,False,,gurkor,,,
4755,5.128289622759851,5.128289622759851,False,False,,gurkor,,,
4756,5.134242044112454,5.1342420441124546,False,False,,gurkor,,,
4757,5.12443325549648,5.12443325549648,False,False,,gurkor,,,
4758,5.115654695729185,5.1156546957291855,False,False,,gurkor,,,
4759,5.106856469597403,5.106856469597403,False,False,,gurkor,,,
4760,5.103155320706709,5.103155320706709,False,False,,gurkor,,,
4761,5.099980122113815,5.099980122113815,False,False,,gurkor,,,
4762,5.100509500688571,5.100509500688571,False,False,,gurkor,,,
4763,5.10244994343591,5.10244994343591,False,False,,gurkor,,,
4764,5.1142483042940174,5.1142483042940174,False,False,,gurkor,,,
4765,5.109498009665387,5.109498009665387,False,False,,gurkor,,,
4766,5.1331922700876165,5.1331922700876165,False,False,,gurkor,,,
4767,5.161264913642689,5.161264913642689,False,False,,gurkor,,,
4768,5.155875094056146,5.155875094056146,False,False,,gurkor,,,
4769,5.149780979552012,5.149780979552012,False,False,,gurkor,,,
4770,5.153264480154142,5.153264480154142,False,False,,gurkor,,,
4771,5.160396083844485,5.160396083844485,False,False,,gurkor,,,
4772,5.167688342024129,5.16768834202413,False,False,,gurkor,,,
4773,5.162307257991707,5.162307257991707,False,False,,gurkor,,,
4774,5.147689405073792,5.147689405073791,False,False,,gurkor,,,
4775,5.12688774455371,5.12688774455371,False,False,,gurkor,,,
4776,5.136340753821748,5.136340753821748,False,False,,gurkor,,,
4777,5.147166338460144,5.147166338460143,False,False,,gurkor,,,
4778,5.151348934544382,5.151348934544382,False,False,,gurkor,,,
4779,5.166300374066329,5.166300374066329,False,False,,gurkor,,,
4780,5.168728999410572,5.168728999410572,False,False,,gurkor,,,
4781,5.184651697051895,5.184651697051894,False,False,,gurkor,,,
4782,5.199134386318395,5.199134386318394,False,False,,gurkor,,,
4783,5.21030526745726,5.210305267457261,False,False,,gurkor,,,
4784,5.21202109725434,5.212021097254339,False,False,,gurkor,,,
4785,5.225379396134996,5.225379396134996,False,False,,gurkor,,,
4786,5.198101651172707,5.198101651172707,False,False,,gurkor,,,
4787,5.235795356318389,5.235795356318389,False,False,,gurkor,,,
4788,5.225550367662061,5.225550367662061,False,False,,gurkor,,,
4789,5.252133238363304,5.252133238363304,False,False,,gurkor,,,
4790,5.232383263176205,5.232383263176205,False,False,,gurkor,,,
4791,5.228455769528969,5.228455769528969,False,False,,gurkor,,,
4792,5.228455769528969,5.228455769528969,False,False,,gurkor,,,
4793,5.237670773549661,5.237670773549661,False,False,,gurkor,,,
4794,5.25094417194529,5.25094417194529,False,False,,gurkor,,,
4795,5.272124965246427,5.272124965246427,False,False,,gurkor,,,
4796,5.270265503392289,5.270265503392289,False,False,,gurkor,,,
4797,5.2684051865741495,5.2684051865741495,False,False,,gurkor,,,
4798,5.266205526577813,5.266205526577813,False,False,,gurkor,,,
4799,5.255868023401274,5.255868023401274,False,False,,gurkor,,,
4800,5.262819095435511,5.262819095435511,False,False,,gurkor,,,
4801,5.2677284955440085,5.267728495544008,False,False,,gurkor,,,
4802,5.2677284955440085,5.267728495544008,False,False,,gurkor,,,
4803,5.268574341642601,5.268574341642601,False,False,,gurkor,,,
4804,5.2526427309277,5.2526427309277,False,False,,gurkor,,,
4805,5.270772714096565,5.270772714096565,False,False,,gurkor,,,
4806,5.292186602850913,5.292186602850913,False,False,,gurkor,,,
4807,5.323513383560936,5.323513383560936,False,False,,gurkor,,,
4808,5.324347704521369,5.324347704521369,False,False,,gurkor,,,
4809,5.314036649439646,5.314036649439646,False,False,,gurkor,,,
4810,5.31911091376458,5.319110913764581,False,False,,gurkor,,,
4811,5.341363151104811,5.341363151104812,False,False,,gurkor,,,
4812,5.345060132063325,5.345060132063324,False,False,,gurkor,,,
4813,5.335643070160687,5.335643070160687,False,False,,gurkor,,,
4814,5.317927482835765,5.317927482835765,False,False,,gurkor,,,
4815,5.308617135027107,5.308617135027107,False,False,,gurkor,,,
4816,5.320800934674137,5.320800934674137,False,False,,gurkor,,,
4817,5.33261155566646,5.3326115556664595,False,False,,gurkor,,,
4818,5.333790744662205,5.333790744662205,False,False,,gurkor,,,
4819,5.337999364572574,5.337999364572574,False,False,,gurkor,,,
4820,5.3526117825625485,5.3526117825625485,False,False,,gurkor,,,
4821,5.341867481130596,5.341867481130597,False,False,,gurkor,,,
4822,5.329240571239169,5.32924057123917,False,False,,gurkor,,,
4823,5.303699467458937,5.303699467458937,False,False,,gurkor,,,
4824,5.292655477530919,5.292655477530919,False,False,,gurkor,,,
4825,5.2987758532649085,5.2987758532649085,False,False,,gurkor,,,
4826,5.318941873201658,5.318941873201658,False,False,,gurkor,,,
4827,5.33480120787991,5.33480120787991,False,False,,gurkor,,,
4828,5.346235745916295,5.346235745916294,False,False,,gurkor,,,
4829,5.326879228541167,5.326879228541167,False,False,,gurkor,,,
4830,5.306752511601224,5.306752511601223,False,False,,gurkor,,,
4831,5.304547764877087,5.304547764877087,False,False,,gurkor,,,
4832,5.283457589952131,5.283457589952131,False,False,,gurkor,,,
4833,5.2832870619563055,5.2832870619563055,False,False,,gurkor,,,
4834,5.261571443192943,5.261571443192942,False,False,,gurkor,,,
4835,5.282775434946237,5.282775434946238,False,False,,gurkor,,,
4836,5.267567704873808,5.267567704873808,False,False,,gurkor,,,
4837,5.288740406110398,5.2887404061103975,False,False,,gurkor,,,
4838,5.300304509043924,5.300304509043924,False,False,,gurkor,,,
4839,5.2906133024078255,5.2906133024078255,False,False,,gurkor,,,
4840,5.303190404163928,5.303190404163928,False,False,,gurkor,,,
4841,5.28652586877883,5.28652586877883,False,False,,gurkor,,,
4842,5.283457589952132,5.283457589952132,False,False,,gurkor,,,
4843,5.292485335473593,5.292485335473593,False,False,,gurkor,,,
4844,5.299964857391332,5.299964857391332,False,False,,gurkor,,,
4845,5.266369163941194,5.266369163941194,False,False,,gurkor,,,
4846,5.27116119812577,5.271161198125771,False,False,,gurkor,,,
4847,5.300644132347598,5.300644132347598,False,False,,gurkor,,,
4848,5.340690614567812,5.340690614567811,False,False,,gurkor,,,
4849,5.33480120787991,5.33480120787991,False,False,,gurkor,,,
4850,5.31911091376458,5.319110913764581,False,False,,gurkor,,,
4851,5.334632814656717,5.334632814656717,False,False,,gurkor,,,
4852,5.345396056101978,5.345396056101978,False,False,,gurkor,,,
4853,5.342203666694316,5.342203666694316,False,False,,gurkor,,,
4854,5.356801153813944,5.356801153813944,False,False,,gurkor,,,
4855,5.345396056101977,5.345396056101977,False,False,,gurkor,,,
4856,5.328734683972975,5.328734683972975,False,False,,gurkor,,,
4857,5.349928341969389,5.349928341969389,False,False,,gurkor,,,
4858,5.347578892411269,5.347578892411269,False,False,,gurkor,,,
4859,5.343212058077488,5.343212058077488,False,False,,gurkor,,,
4860,5.336821386758506,5.336821386758505,False,False,,gurkor,,,
4861,5.31877282564063,5.318772825640629,False,False,,gurkor,,,
4862,5.327722721719093,5.327722721719094,False,False,,gurkor,,,
4863,5.324347704521369,5.324347704521369,False,False,,gurkor,,,
4864,5.29775643019194,5.29775643019194,False,False,,gurkor,,,
4865,5.291804695985507,5.291804695985507,False,False,,gurkor,,,
4866,5.280898916798064,5.280898916798064,False,False,,gurkor,,,
4867,5.275435009955905,5.275435009955905,False,False,,gurkor,,,
4868,5.267054087974972,5.267054087974972,False,False,,gurkor,,,
4869,5.271503269176178,5.271503269176179,False,False,,gurkor,,,
4870,5.293335974526236,5.293335974526236,False,False,,gurkor,,,
4871,5.298945732274504,5.298945732274503,False,False,,gurkor,,,
4872,5.28891070510987,5.28891070510987,False,False,,gurkor,,,
4873,5.290102598164634,5.290102598164634,False,False,,gurkor,,,
4874,5.299441502110443,5.299441502110443,False,False,,gurkor,,,
4875,5.318224107694372,5.318224107694372,False,False,,gurkor,,,
4876,5.29502942139454,5.295029421394541,False,False,,gurkor,,,
4877,5.317717605540321,5.317717605540321,False,False,,gurkor,,,
4878,5.314170329484396,5.314170329484396,False,False,,gurkor,,,
4879,5.336920700851132,5.336920700851133,False,False,,gurkor,,,
4880,5.333558249256915,5.333558249256915,False,False,,gurkor,,,
4881,5.350342997406616,5.350342997406616,False,False,,gurkor,,,
4882,5.343133972249525,5.343133972249526,False,False,,gurkor,,,
4883,5.330193034171787,5.330193034171787,False,False,,gurkor,,,
4884,5.333558249256915,5.333558249256915,False,False,,gurkor,,,
4885,5.333390054187803,5.333390054187803,False,False,,gurkor,,,
4886,5.329688013169117,5.329688013169117,False,False,,gurkor,,,
4887,5.329688013169117,5.329688013169117,False,False,,gurkor,,,
4888,5.34565018679841,5.34565018679841,False,False,,gurkor,,,
4889,5.350510498636624,5.350510498636623,False,False,,gurkor,,,
4890,5.3541937990369215,5.3541937990369215,False,False,,gurkor,,,
4891,5.343805113699855,5.343805113699855,False,False,,gurkor,,,
4892,5.336248431310183,5.336248431310183,False,False,,gurkor,,,
4893,5.349170297488051,5.34917029748805,False,False,,gurkor,,,
4894,5.353356975164935,5.353356975164935,False,False,,gurkor,,,
4895,5.356536000027793,5.356536000027793,False,False,,gurkor,,,
4896,5.350342997406616,5.350342997406616,False,False,,gurkor,,,
4897,5.360046802259747,5.360046802259746,False,False,,gurkor,,,
4898,5.35770660040987,5.35770660040987,False,False,,gurkor,,,
4899,5.371227961166952,5.371227961166952,False,False,,gurkor,,,
4900,5.37072796057432,5.370727960574319,False,False,,gurkor,,,
4901,5.368060266090192,5.368060266090192,False,False,,gurkor,,,
4902,5.366558928769127,5.366558928769128,False,False,,gurkor,,,
4903,5.35436114336862,5.354361143368619,False,False,,gurkor,,,
4904,5.339440729779663,5.339440729779663,False,False,,gurkor,,,
4905,5.3320442448266,5.3320442448266006,False,False,,gurkor,,,
4906,5.327667305530964,5.327667305530965,False,False,,gurkor,,,
4907,5.3439728819077885,5.3439728819077885,False,False,,gurkor,,,
4908,5.35201770244319,5.35201770244319,False,False,,gurkor,,,
4909,5.353022197902161,5.353022197902161,False,False,,gurkor,,,
4910,5.365891492093968,5.365891492093968,False,False,,gurkor,,,
4911,5.368227047588136,5.368227047588136,False,False,,gurkor,,,
4912,5.355532362985134,5.355532362985134,False,False,,gurkor,,,
4913,5.3607151869568055,5.360715186956806,False,False,,gurkor,,,
4914,5.343637338630839,5.343637338630839,False,False,,gurkor,,,
4915,5.3540264478920125,5.3540264478920125,False,False,,gurkor,,,
4916,5.337088751001805,5.337088751001804,False,False,,gurkor,,,
4917,5.330529680216627,5.330529680216627,False,False,,gurkor,,,
4918,5.32277980243889,5.32277980243889,False,False,,gurkor,,,
4919,5.345817879585663,5.345817879585663,False,False,,gurkor,,,
4920,5.341959210410251,5.341959210410251,False,False,,gurkor,,,
4921,5.349505388777588,5.3495053887775885,False,False,,gurkor,,,
4922,5.359712569195723,5.359712569195723,False,False,,gurkor,,,
4923,5.350007974453115,5.350007974453115,False,False,,gurkor,,,
4924,5.344308397743517,5.344308397743517,False,False,,gurkor,,,
4925,5.338936847942073,5.3389368479420725,False,False,,gurkor,,,
4926,5.336416509037723,5.336416509037723,False,False,,gurkor,,,
4927,5.352519980866697,5.352519980866697,False,False,,gurkor,,,
4928,5.352687393365053,5.352687393365054,False,False,,gurkor,,,
4929,5.357204955329846,5.357204955329846,False,False,,gurkor,,,
4930,5.365557733200543,5.365557733200543,False,False,,gurkor,,,
4931,5.3722277805104826,5.3722277805104826,False,False,,gurkor,,,
4932,5.369727777445559,5.36972777744556,False,False,,gurkor,,,
4933,5.361717560516351,5.361717560516351,False,False,,gurkor,,,
4934,5.37089463417542,5.37089463417542,False,False,,gurkor,,,
4935,5.369727777445559,5.36972777744556,False,False,,gurkor,,,
4936,5.376890402726774,5.376890402726774,False,False,,gurkor,,,
4937,5.37739577987671,5.37739577987671,False,False,,gurkor,,,
4938,5.373688242889798,5.373688242889798,False,False,,gurkor,,,
4939,5.374025429391817,5.374025429391817,False,False,,gurkor,,,
4940,5.379921738140524,5.379921738140524,False,False,,gurkor,,,
4941,5.370821044180122,5.370821044180122,False,False,,gurkor,,,
4942,5.344416627880611,5.344416627880611,False,False,,gurkor,,,
4943,5.343057971063521,5.343057971063521,False,False,,gurkor,,,
4944,5.325354315696429,5.325354315696428,False,False,,gurkor,,,
4945,5.321428719721938,5.321428719721938,False,False,,gurkor,,,
4946,5.325013109159872,5.325013109159872,False,False,,gurkor,,,
4947,5.3401693300971065,5.340169330097106,False,False,,gurkor,,,
4948,5.351203173781881,5.351203173781881,False,False,,gurkor,,,
4949,5.360347265727477,5.360347265727478,False,False,,gurkor,,,
4950,5.346793195321426,5.346793195321426,False,False,,gurkor,,,
4951,5.355777761750336,5.355777761750336,False,False,,gurkor,,,
4952,5.365756412212348,5.365756412212348,False,False,,gurkor,,,
4953,5.370989758120262,5.370989758120262,False,False,,gurkor,,,
4954,5.37436258833816,5.37436258833816,False,False,,gurkor,,,
4955,5.372170562461835,5.372170562461835,False,False,,gurkor,,,
4956,5.373351028825848,5.373351028825848,False,False,,gurkor,,,
4957,5.37773266360854,5.377732663608539,False,False,,gurkor,,,
4958,5.38799444247404,5.38799444247404,False,False,,gurkor,,,
4959,5.38799444247404,5.38799444247404,False,False,,gurkor,,,
4960,5.38799444247404,5.38799444247404,False,False,,gurkor,,,
4961,5.405264156518832,5.4052641565188315,False,False,,gurkor,,,
4962,5.396219109672627,5.396219109672627,False,False,,gurkor,,,
4963,5.394206415686861,5.394206415686862,False,False,,gurkor,,,
4964,5.40459482915449,5.40459482915449,False,False,,gurkor,,,
4965,5.406267945186406,5.406267945186406,False,False,,gurkor,,,
4966,5.399906511134067,5.399906511134067,False,False,,gurkor,,,
4967,5.407104250332177,5.407104250332178,False,False,,gurkor,,,
4968,5.411283251115168,5.411283251115169,False,False,,gurkor,,,
4969,5.409779295244823,5.409779295244823,False,False,,gurkor,,,
4970,5.419962133834108,5.419962133834108,False,False,,gurkor,,,
4971,5.411116171795129,5.411116171795129,False,False,,gurkor,,,
4972,5.403255850402626,5.403255850402626,False,False,,gurkor,,,
4973,5.414957297458229,5.414957297458229,False,False,,gurkor,,,
4974,5.412118546938542,5.412118546938542,False,False,,gurkor,,,
4975,5.419128412525428,5.419128412525428,False,False,,gurkor,,,
4976,5.419128412525428,5.419128412525428,False,False,,gurkor,,,
4977,5.427125252230142,5.427125252230142,False,False,,gurkor,,,
4978,5.428955700777671,5.428955700777671,False,False,,gurkor,,,
4979,5.434442229006241,5.43444222900624,False,False,,gurkor,,,
4980,5.434442229006241,5.43444222900624,False,False,,gurkor,,,
4981,5.441912251034174,5.441912251034174,False,False,,gurkor,,,
4982,5.445890806939535,5.445890806939534,False,False,,gurkor,,,
4983,5.440087479407199,5.440087479407199,False,False,,gurkor,,,
4984,5.446056497948444,5.446056497948445,False,False,,gurkor,,,
4985,5.456812362194803,5.456812362194803,False,False,,gurkor,,,
4986,5.455159411624876,5.455159411624876,False,False,,gurkor,,,
4987,5.45482874321399,5.45482874321399,False,False,,gurkor,,,
4988,5.464407548656253,5.464407548656253,False,False,,gurkor,,,
4989,5.462097426405108,5.462097426405108,False,False,,gurkor,,,
4990,5.459620882315112,5.459620882315112,False,False,,gurkor,,,
4991,5.453009600044163,5.4530096000441635,False,False,,gurkor,,,
4992,5.469847809683862,5.469847809683862,False,False,,gurkor,,,
4993,5.466881268787974,5.466881268787973,False,False,,gurkor,,,
4994,5.472318327162463,5.472318327162463,False,False,,gurkor,,,
4995,5.471989008774719,5.471989008774719,False,False,,gurkor,,,
4996,5.4729768865056,5.4729768865056,False,False,,gurkor,,,
4997,5.487767271166782,5.487767271166782,False,False,,gurkor,,,
4998,5.497435080395473,5.497435080395473,False,False,,gurkor,,,
4999,5.502669387013755,5.502669387013755,False,False,,gurkor,,,
5000,5.502669387013755,5.502669387013755,False,False,,gurkor,,,
5001,5.502669387013755,5.502669387013755,False,False,,gurkor,,,
5002,5.471303318147809,5.471303318147809,False,False,,gurkor,,,
5003,5.466826997656352,5.4668269976563515,False,False,,gurkor,,,
5004,5.474616038008511,5.474616038008511,False,False,,gurkor,,,
5005,5.479249463908729,5.479249463908729,False,False,,gurkor,,,
5006,5.457860004211294,5.457860004211294,False,False,,gurkor,,,
5007,5.4472075442040335,5.4472075442040335,False,False,,gurkor,,,
5008,5.443205868366953,5.443205868366953,False,False,,gurkor,,,
5009,5.452204260420742,5.452204260420742,False,False,,gurkor,,,
5010,5.458691087537021,5.45869108753702,False,False,,gurkor,,,
5011,5.43936732980142,5.43936732980142,False,False,,gurkor,,,
5012,5.422636855519895,5.422636855519895,False,False,,gurkor,,,
5013,5.439200356770182,5.439200356770183,False,False,,gurkor,,,
5014,5.429504472532707,5.429504472532707,False,False,,gurkor,,,
5015,5.449206946886018,5.449206946886017,False,False,,gurkor,,,
5016,5.440202094828535,5.4402020948285355,False,False,,gurkor,,,
5017,5.432348705097201,5.432348705097202,False,False,,gurkor,,,
5018,5.442872222378898,5.442872222378898,False,False,,gurkor,,,
5019,5.430173878310678,5.430173878310677,False,False,,gurkor,,,
5020,5.441537371936947,5.441537371936947,False,False,,gurkor,,,
5021,5.438699397611528,5.438699397611528,False,False,,gurkor,,,
5022,5.454534021236404,5.454534021236404,False,False,,gurkor,,,
5023,5.467490457489981,5.46749045748998,False,False,,gurkor,,,
5024,5.479414849023288,5.479414849023288,False,False,,gurkor,,,
5025,5.481398963443411,5.481398963443412,False,False,,gurkor,,,
5026,5.481894845896336,5.481894845896336,False,False,,gurkor,,,
5027,5.490810758181822,5.490810758181822,False,False,,gurkor,,,
5028,5.4950968863990814,5.4950968863990814,False,False,,gurkor,,,
5029,5.4932840560872025,5.493284056087202,False,False,,gurkor,,,
5030,5.4972383183776845,5.4972383183776845,False,False,,gurkor,,,
5031,5.497567673018172,5.497567673018172,False,False,,gurkor,,,
5032,5.502175942031717,5.502175942031716,False,False,,gurkor,,,
5033,5.499543261360143,5.499543261360143,False,False,,gurkor,,,
5034,5.509571573922852,5.509571573922853,False,False,,gurkor,,,
5035,5.508093482234239,5.508093482234239,False,False,,gurkor,,,
5036,5.4969089380318765,5.496908938031877,False,False,,gurkor,,,
5037,5.491140615079827,5.491140615079827,False,False,,gurkor,,,
5038,5.480737695926797,5.480737695926796,False,False,,gurkor,,,
5039,5.467822148084251,5.467822148084251,False,False,,gurkor,,,
5040,5.472628719540526,5.472628719540526,False,False,,gurkor,,,
5041,5.488170973225074,5.488170973225074,False,False,,gurkor,,,
5042,5.472628719540527,5.472628719540527,False,False,,gurkor,,,
5043,5.498061656793573,5.498061656793573,False,False,,gurkor,,,
5044,5.460352759920538,5.460352759920539,False,False,,gurkor,,,
5045,5.467656306063399,5.467656306063399,False,False,,gurkor,,,
5046,5.452870038675911,5.452870038675912,False,False,,gurkor,,,
5047,5.462013773882399,5.462013773882399,False,False,,gurkor,,,
5048,5.459189658429336,5.459189658429337,False,False,,gurkor,,,
5049,5.470474729853561,5.47047472985356,False,False,,gurkor,,,
5050,5.467324602363285,5.467324602363284,False,False,,gurkor,,,
5051,5.4561973428394825,5.4561973428394825,False,False,,gurkor,,,
5052,5.438532397867876,5.438532397867875,False,False,,gurkor,,,
5053,5.442371703439187,5.442371703439187,False,False,,gurkor,,,
5054,5.450039749366182,5.450039749366182,False,False,,gurkor,,,
5055,5.446874217474371,5.446874217474371,False,False,,gurkor,,,
5056,5.441036693041543,5.441036693041543,False,False,,gurkor,,,
5057,5.456363638675101,5.4563636386751,False,False,,gurkor,,,
5058,5.4724630672328605,5.47246306723286,False,False,,gurkor,,,
5059,5.476933389197302,5.476933389197302,False,False,,gurkor,,,
5060,5.476933389197302,5.476933389197302,False,False,,gurkor,,,
5061,5.478422440781002,5.478422440781002,False,False,,gurkor,,,
5062,5.472628719540526,5.472628719540526,False,False,,gurkor,,,
5063,5.483216913533712,5.483216913533712,False,False,,gurkor,,,
5064,5.479910965357743,5.479910965357743,False,False,,gurkor,,,
5065,5.475278268714507,5.475278268714507,False,False,,gurkor,,,
5066,5.471137613565476,5.4711376135654755,False,False,,gurkor,,,
5067,5.463919465377543,5.463919465377543,False,False,,gurkor,,,
5068,5.449277189216291,5.449277189216291,False,False,,gurkor,,,
5069,5.453321553432953,5.4533215534329536,False,False,,gurkor,,,
5070,5.448771368721812,5.448771368721812,False,False,,gurkor,,,
5071,5.449782948559209,5.44978294855921,False,False,,gurkor,,,
5072,5.436613277999969,5.436613277999969,False,False,,gurkor,,,
5073,5.440838848197327,5.440838848197327,False,False,,gurkor,,,
5074,5.421365680411804,5.421365680411804,False,False,,gurkor,,,
5075,5.425945820694298,5.425945820694298,False,False,,gurkor,,,
5076,5.432721971475724,5.432721971475723,False,False,,gurkor,,,
5077,5.434752671155532,5.434752671155532,False,False,,gurkor,,,
5078,5.4453976678175495,5.4453976678175495,False,False,,gurkor,,,
5079,5.4435409712483,5.443540971248301,False,False,,gurkor,,,
5080,5.449445782457538,5.449445782457538,False,False,,gurkor,,,
5081,5.447590882974742,5.447590882974741,False,False,,gurkor,,,
5082,5.4682854104436815,5.4682854104436815,False,False,,gurkor,,,
5083,5.467278287726126,5.467278287726127,False,False,,gurkor,,,
5084,5.467446158293826,5.467446158293826,False,False,,gurkor,,,
5085,5.469292291606496,5.469292291606496,False,False,,gurkor,,,
5086,5.4682854104436815,5.4682854104436815,False,False,,gurkor,,,
5087,5.471305329908885,5.471305329908886,False,False,,gurkor,,,
5088,5.469963411597125,5.469963411597125,False,False,,gurkor,,,
5089,5.458539748433382,5.458539748433381,False,False,,gurkor,,,
5090,5.4661030057099085,5.4661030057099085,False,False,,gurkor,,,
5091,5.467278287726126,5.467278287726127,False,False,,gurkor,,,
5092,5.467278287726126,5.467278287726127,False,False,,gurkor,,,
5093,5.4647594230768926,5.4647594230768926,False,False,,gurkor,,,
5094,5.472479156851868,5.472479156851867,False,False,,gurkor,,,
5095,5.46811757343639,5.46811757343639,False,False,,gurkor,,,
5096,5.457193739653384,5.457193739653384,False,False,,gurkor,,,
5097,5.438304019296263,5.438304019296263,False,False,,gurkor,,,
5098,5.439994076175016,5.439994076175016,False,False,,gurkor,,,
5099,5.448602748297548,5.448602748297548,False,False,,gurkor,,,
5100,5.442865604298855,5.442865604298855,False,False,,gurkor,,,
5101,5.449445782457539,5.449445782457539,False,False,,gurkor,,,
5102,5.453153116259037,5.453153116259037,False,False,,gurkor,,,
5103,5.448939982349186,5.448939982349185,False,False,,gurkor,,,
5104,5.46022165167046,5.46022165167046,False,False,,gurkor,,,
5105,5.473149767879394,5.473149767879395,False,False,,gurkor,,,
5106,5.469963411597124,5.469963411597124,False,False,,gurkor,,,
5107,5.4728144757453485,5.472814475745349,False,False,,gurkor,,,
5108,5.471976128324809,5.471976128324809,False,False,,gurkor,,,
5109,5.4744906689394925,5.4744906689394925,False,False,,gurkor,,,
5110,5.479515241982552,5.479515241982552,False,False,,gurkor,,,
5111,5.475160959066542,5.475160959066542,False,False,,gurkor,,,
5112,5.489045432580709,5.489045432580709,False,False,,gurkor,,,
5113,5.490047357243843,5.490047357243844,False,False,,gurkor,,,
5114,5.49522017807146,5.49522017807146,False,False,,gurkor,,,
5115,5.495386937671247,5.495386937671247,False,False,,gurkor,,,
5116,5.496720777242597,5.496720777242596,False,False,,gurkor,,,
5117,5.4975542129207415,5.497554212920741,False,False,,gurkor,,,
5118,5.497720880307623,5.497720880307623,False,False,,gurkor,,,
5119,5.499053982538562,5.499053982538561,False,False,,gurkor,,,
5120,5.493051703135869,5.493051703135868,False,False,,gurkor,,,
5121,5.482359837933824,5.482359837933824,False,False,,gurkor,,,
5122,5.480686779106913,5.480686779106913,False,False,,gurkor,,,
5123,5.479682624404251,5.479682624404251,False,False,,gurkor,,,
5124,5.478175942772568,5.478175942772568,False,False,,gurkor,,,
5125,5.482192561979021,5.482192561979022,False,False,,gurkor,,,
5126,5.479682624404252,5.479682624404252,False,False,,gurkor,,,
5127,5.491215968403876,5.491215968403877,False,False,,gurkor,,,
5128,5.492217377336959,5.492217377336958,False,False,,gurkor,,,
5129,5.490715174720387,5.490715174720387,False,False,,gurkor,,,
5130,5.485369669027308,5.485369669027308,False,False,,gurkor,,,
5131,5.488377350438683,5.488377350438684,False,False,,gurkor,,,
5132,5.49892844516057,5.498928445160571,False,False,,gurkor,,,
5133,5.5096174768645945,5.509617476864594,False,False,,gurkor,,,
5134,5.509781712571496,5.509781712571497,False,False,,gurkor,,,
5135,5.508139068441816,5.508139068441816,False,False,,gurkor,,,
5136,5.504523003407015,5.504523003407016,False,False,,gurkor,,,
5137,5.499422380883672,5.499422380883672,False,False,,gurkor,,,
5138,5.501891193169965,5.501891193169965,False,False,,gurkor,,,
5139,5.499587013283736,5.499587013283735,False,False,,gurkor,,,
5140,5.496128383755219,5.496128383755219,False,False,,gurkor,,,
5141,5.48804720287855,5.48804720287855,False,False,,gurkor,,,
5142,5.484744303362754,5.484744303362754,False,False,,gurkor,,,
5143,5.488212279892328,5.488212279892328,False,False,,gurkor,,,
5144,5.494480420452391,5.494480420452391,False,False,,gurkor,,,
5145,5.494480420452391,5.494480420452391,False,False,,gurkor,,,
5146,5.507974768931079,5.507974768931079,False,False,,gurkor,,,
5147,5.507810463036185,5.507810463036185,False,False,,gurkor,,,
5148,5.482265427460805,5.482265427460805,False,False,,gurkor,,,
5149,5.475151211845855,5.475151211845855,False,False,,gurkor,,,
5150,5.463544105807114,5.463544105807114,False,False,,gurkor,,,
5151,5.466697780473053,5.466697780473052,False,False,,gurkor,,,
5152,5.472500985904483,5.472500985904483,False,False,,gurkor,,,
5153,5.475647943210219,5.475647943210219,False,False,,gurkor,,,
5154,5.45789476217022,5.457894762170219,False,False,,gurkor,,,
5155,5.456564397453136,5.456564397453136,False,False,,gurkor,,,
5156,5.461052686697448,5.461052686697449,False,False,,gurkor,,,
5157,5.467859063422681,5.467859063422681,False,False,,gurkor,,,
5158,5.471672447367702,5.471672447367702,False,False,,gurkor,,,
5159,5.459723324253211,5.459723324253211,False,False,,gurkor,,,
5160,5.470512218792501,5.470512218792502,False,False,,gurkor,,,
5161,5.4638761832222205,5.4638761832222205,False,False,,gurkor,,,
5162,5.466531856675926,5.466531856675926,False,False,,gurkor,,,
5163,5.473826307800409,5.473826307800409,False,False,,gurkor,,,
5164,5.470677985355652,5.470677985355652,False,False,,gurkor,,,
5165,5.455732704908844,5.455732704908844,False,False,,gurkor,,,
5166,5.446906590594575,5.446906590594575,False,False,,gurkor,,,
5167,5.445739484080273,5.445739484080273,False,False,,gurkor,,,
5168,5.441902409541159,5.441902409541159,False,False,,gurkor,,,
5169,5.444572051660628,5.444572051660628,False,False,,gurkor,,,
5170,5.4472399897737125,5.4472399897737125,False,False,,gurkor,,,
5171,5.459058484896174,5.459058484896174,False,False,,gurkor,,,
5172,5.452737243383535,5.452737243383535,False,False,,gurkor,,,
5173,5.45855978615641,5.45855978615641,False,False,,gurkor,,,
5174,5.4620494319766255,5.4620494319766255,False,False,,gurkor,,,
5175,5.463045940382771,5.463045940382771,False,False,,gurkor,,,
5176,5.463710147800967,5.463710147800967,False,False,,gurkor,,,
5177,5.45822728735618,5.45822728735618,False,False,,gurkor,,,
5178,5.449573040168972,5.449573040168971,False,False,,gurkor,,,
5179,5.457894762170221,5.457894762170221,False,False,,gurkor,,,
5180,5.456231740251544,5.456231740251544,False,False,,gurkor,,,
5181,5.461052686697449,5.461052686697449,False,False,,gurkor,,,
5182,5.461883324217153,5.461883324217154,False,False,,gurkor,,,
5183,5.456730716148046,5.456730716148045,False,False,,gurkor,,,
5184,5.473826307800409,5.473826307800409,False,False,,gurkor,,,
5185,5.47448881203166,5.47448881203166,False,False,,gurkor,,,
5186,5.477965247211314,5.477965247211315,False,False,,gurkor,,,
5187,5.49810509050412,5.49810509050412,False,False,,gurkor,,,
5188,5.498434451638559,5.498434451638559,False,False,,gurkor,,,
5189,5.497611000608951,5.497611000608951,False,False,,gurkor,,,
5190,5.506824493561068,5.506824493561068,False,False,,gurkor,,,
5191,5.505838294083154,5.505838294083154,False,False,,gurkor,,,
5192,5.49975163926447,5.49975163926447,False,False,,gurkor,,,
5193,5.499418151499041,5.499418151499042,False,False,,gurkor,,,
5194,5.493744824131502,5.493744824131502,False,False,,gurkor,,,
5195,5.490905296536779,5.490905296536779,False,False,,gurkor,,,
5196,5.489234092322331,5.489234092322331,False,False,,gurkor,,,
5197,5.496582441267814,5.496582441267814,False,False,,gurkor,,,
5198,5.4979171304631205,5.4979171304631205,False,False,,gurkor,,,
5199,5.499251397737652,5.499251397737652,False,False,,gurkor,,,
5200,5.502585222440464,5.502585222440465,False,False,,gurkor,,,
5201,5.511240877475196,5.511240877475196,False,False,,gurkor,,,
5202,5.524191257375303,5.524191257375304,False,False,,gurkor,,,
5203,5.516060387647793,5.516060387647793,False,False,,gurkor,,,
5204,5.520376669300934,5.5203766693009335,False,False,,gurkor,,,
5205,5.518385085748611,5.518385085748611,False,False,,gurkor,,,
5206,5.524025477063515,5.524025477063515,False,False,,gurkor,,,
5207,5.5253515381523615,5.5253515381523615,False,False,,gurkor,,,
5208,5.538754627779866,5.538754627779866,False,False,,gurkor,,,
5209,5.535945137882131,5.535945137882132,False,False,,gurkor,,,
5210,5.535945137882131,5.535945137882132,False,False,,gurkor,,,
5211,5.535945137882131,5.535945137882132,False,False,,gurkor,,,
5212,5.532141104551972,5.532141104551972,False,False,,gurkor,,,
5213,5.537598003855188,5.537598003855188,False,False,,gurkor,,,
5214,5.545852711831193,5.545852711831194,False,False,,gurkor,,,
5215,5.551127336647888,5.551127336647888,False,False,,gurkor,,,
5216,5.545522830773744,5.545522830773744,False,False,,gurkor,,,
5217,5.539580595143705,5.539580595143705,False,False,,gurkor,,,
5218,5.533299214450442,5.533299214450442,False,False,,gurkor,,,
5219,5.533299214450442,5.533299214450442,False,False,,gurkor,,,
5220,5.542882861584824,5.5428828615848245,False,False,,gurkor,,,
5221,5.546677302672631,5.546677302672631,False,False,,gurkor,,,
5222,5.538754627779865,5.538754627779865,False,False,,gurkor,,,
5223,5.550468365585466,5.550468365585466,False,False,,gurkor,,,
5224,5.548985307969036,5.548985307969036,False,False,,gurkor,,,
5225,5.546677302672631,5.546677302672631,False,False,,gurkor,,,
5226,5.549314920945436,5.549314920945435,False,False,,gurkor,,,
5227,5.546182567331124,5.546182567331123,False,False,,gurkor,,,
5228,5.548490840679804,5.548490840679804,False,False,,gurkor,,,
5229,5.547501733865093,5.547501733865093,False,False,,gurkor,,,
5230,5.5540914462882975,5.554091446288298,False,False,,gurkor,,,
5231,5.555079025059224,5.555079025059223,False,False,,gurkor,,,
5232,5.552444973175225,5.552444973175224,False,False,,gurkor,,,
5233,5.552444973175225,5.552444973175224,False,False,,gurkor,,,
5234,5.561985682628976,5.561985682628976,False,False,,gurkor,,,
5235,5.54832600549409,5.54832600549409,False,False,,gurkor,,,
5236,5.54832600549409,5.54832600549409,False,False,,gurkor,,,
5237,5.537102211544487,5.537102211544487,False,False,,gurkor,,,
5238,5.5432129473000185,5.5432129473000185,False,False,,gurkor,,,
5239,5.543708027871831,5.543708027871832,False,False,,gurkor,,,
5240,5.522201465742039,5.522201465742039,False,False,,gurkor,,,
5241,5.527008531781576,5.527008531781576,False,False,,gurkor,,,
5242,5.521372110199367,5.521372110199367,False,False,,gurkor,,,
5243,5.523196478277474,5.523196478277474,False,False,,gurkor,,,
5244,5.5329683581274285,5.5329683581274285,False,False,,gurkor,,,
5245,5.532472025317269,5.532472025317269,False,False,,gurkor,,,
5246,5.526511501641449,5.526511501641449,False,False,,gurkor,,,
5247,5.522367317381998,5.522367317381998,False,False,,gurkor,,,
5248,5.51821907818829,5.51821907818829,False,False,,gurkor,,,
5249,5.51954695657636,5.51954695657636,False,False,,gurkor,,,
5250,5.521537994289297,5.521537994289297,False,False,,gurkor,,,
5251,5.521537994289297,5.521537994289297,False,False,,gurkor,,,
5252,5.508413093206822,5.508413093206822,False,False,,gurkor,,,
5253,5.502418593690607,5.5024185936906065,False,False,,gurkor,,,
5254,5.50758103200462,5.50758103200462,False,False,,gurkor,,,
5255,5.505749920754589,5.505749920754589,False,False,,gurkor,,,
