day,original,filled,is_missing,is_interpolated,method_used,predictors_selected,uncertainty_95_log_half_width,lower_95,upper_95
2,2.1265364464486045,2.1265364464486045,False,False,,guitars,,,
3,2.127739577866284,2.127739577866284,False,False,,guitars,,,
4,2.118895933478791,2.118895933478791,False,False,,guitars,,,
5,2.1205074432158164,2.1205074432158164,False,False,,guitars,,,
6,2.1245292547042856,2.1245292547042856,False,False,,guitars,,,
7,2.119298960559933,2.119298960559933,False,False,,guitars,,,
8,2.119298960559933,2.119298960559933,False,False,,guitars,,,
9,2.0908420341347536,2.0908420341347536,False,False,,guitars,,,
10,2.0793168724367903,2.0793168724367903,False,False,,guitars,,,
11,2.083030448978929,2.083030448978929,False,False,,guitars,,,
12,2.088790042528752,2.088790042528752,False,False,,guitars,,,
13,2.0789037193178013,2.0789037193178013,False,False,,guitars,,,
14,2.078077092060417,2.078077092060417,False,False,,guitars,,,
15,2.092071970963401,2.092071970963401,False,False,,guitars,,,
16,2.0924817406615235,2.0924817406615235,False,False,,guitars,,,
17,2.096164974305541,2.096164974305541,False,False,,guitars,,,
18,2.0973908471186213,2.0973908471186213,False,False,,guitars,,,
19,2.105539594161059,2.105539594161059,False,False,,guitars,,,
20,2.1118267304202685,2.1118267304202685,False,False,,guitars,,,
21,2.1079762220517555,2.1079762220517555,False,False,,guitars,,,
22,2.1095986045698005,2.1095986045698005,False,False,,guitars,,,
23,2.1225195897775566,2.1225195897775566,False,False,,guitars,,,
24,2.12292172102254,2.12292172102254,False,False,,guitars,,,
25,2.126937588756089,2.126937588756089,False,False,,guitars,,,
26,2.127739577866284,2.127739577866284,False,False,,guitars,,,
27,2.119298960559933,2.119298960559933,False,False,,guitars,,,
28,2.1274783908466546,2.1274783908466546,False,False,,guitars,,,
29,2.1224958188098118,2.1224958188098118,False,False,,guitars,,,
30,2.1174979641467684,2.1174979641467684,False,False,,guitars,,,
31,2.120098763831987,2.120098763831987,False,False,,guitars,,,
32,2.114090627052303,2.114090627052303,False,False,,guitars,,,
33,2.1090668029866486,2.1090668029866486,False,False,,guitars,,,
34,2.106448243500617,2.106448243500617,False,False,,guitars,,,
35,2.102007149927226,2.102007149927226,False,False,,guitars,,,
36,2.1001868921317453,2.1001868921317453,False,False,,guitars,,,
37,2.1009806701066585,2.1009806701066585,False,False,,guitars,,,
38,2.1043914487160635,2.1043914487160635,False,False,,guitars,,,
39,2.105393249490254,2.105393249490254,False,False,,guitars,,,
40,2.1119896211615066,2.1119896211615066,False,False,,guitars,,,
41,2.105393249490254,2.105393249490254,False,False,,guitars,,,
42,2.088277364649421,2.088277364649421,False,False,,guitars,,,
43,2.088277364649421,2.088277364649421,False,False,,guitars,,,
44,2.0828021609072134,2.0828021609072134,False,False,,guitars,,,
45,2.085846251906576,2.085846251906576,False,False,,guitars,,,
46,2.081379599918214,2.081379599918214,False,False,,guitars,,,
47,2.081379599918214,2.081379599918214,False,False,,guitars,,,
48,2.0907047963533016,2.0907047963533016,False,False,,guitars,,,
49,2.0963545747355745,2.0963545747355745,False,False,,guitars,,,
50,2.098769846834342,2.098769846834342,False,False,,guitars,,,
51,2.094137386683228,2.094137386683228,False,False,,guitars,,,
52,2.091311080922168,2.091311080922168,False,False,,guitars,,,
53,2.085846251906576,2.085846251906576,False,False,,guitars,,,
54,2.0836144849733182,2.0836144849733182,False,False,,guitars,,,
55,2.0870622693735585,2.0870622693735585,False,False,,guitars,,,
56,2.0825990153988525,2.0825990153988525,False,False,,guitars,,,
57,2.082192646928415,2.082192646928415,False,False,,guitars,,,
58,2.0703627140746077,2.0703627140746077,False,False,,guitars,,,
59,2.074451929523676,2.074451929523676,False,False,,guitars,,,
60,2.076492605243521,2.076492605243521,False,False,,guitars,,,
61,2.0801592531370057,2.0801592531370057,False,False,,guitars,,,
62,2.084223457410883,2.084223457410883,False,False,,guitars,,,
63,2.091513124908093,2.091513124908093,False,False,,guitars,,,
64,2.101382312509433,2.101382312509433,False,False,,guitars,,,
65,2.1083949328480207,2.1083949328480207,False,False,,guitars,,,
66,2.107595028404838,2.107595028404838,False,False,,guitars,,,
67,2.1051929390123068,2.1051929390123068,False,False,,guitars,,,
68,2.111391059980948,2.111391059980948,False,False,,guitars,,,
69,2.110392966538675,2.110392966538675,False,False,,guitars,,,
70,2.1107922776870485,2.1107922776870485,False,False,,guitars,,,
71,2.101382312509434,2.101382312509434,False,False,,guitars,,,
72,2.101583096217564,2.101583096217564,False,False,,guitars,,,
73,2.102787274102699,2.102787274102699,False,False,,guitars,,,
74,2.105994032029692,2.105994032029692,False,False,,guitars,,,
75,2.1127873591717843,2.1127873591717843,False,False,,guitars,,,
76,2.1207432583375465,2.1207432583375465,False,False,,guitars,,,
77,2.116372334989846,2.116372334989846,False,False,,guitars,,,
78,2.119552352629132,2.119552352629132,False,False,,guitars,,,
79,2.12252798531316,2.12252798531316,False,False,,guitars,,,
80,2.1282655191874853,2.1282655191874853,False,False,,guitars,,,
81,2.1278704740071244,2.1278704740071244,False,False,,guitars,,,
82,2.120346386574312,2.120346386574312,False,False,,guitars,,,
83,2.120346386574312,2.120346386574312,False,False,,guitars,,,
84,2.1326047276870344,2.1326047276870344,False,False,,guitars,,,
85,2.132998631157877,2.132998631157877,False,False,,guitars,,,
86,2.126684764871945,2.126684764871945,False,False,,guitars,,,
87,2.123122460094148,2.123122460094148,False,False,,guitars,,,
88,2.1165712684445586,2.1165712684445586,False,False,,guitars,,,
89,2.1083949328480207,2.1083949328480207,False,False,,guitars,,,
90,2.1093942578446385,2.1093942578446385,False,False,,guitars,,,
91,2.1081949937997075,2.1081949937997075,False,False,,guitars,,,
92,2.1093942578446385,2.1093942578446385,False,False,,guitars,,,
93,2.111179813911568,2.111179813911568,False,False,,guitars,,,
94,2.11335949237646,2.11335949237646,False,False,,guitars,,,
95,2.1131614607944784,2.1131614607944784,False,False,,guitars,,,
96,2.1163270704557133,2.1163270704557133,False,False,,guitars,,,
97,2.110386476379024,2.110386476379024,False,False,,guitars,,,
98,2.1099896618971785,2.1099896618971785,False,False,,guitars,,,
99,2.1078054424625514,2.1078054424625514,False,False,,guitars,,,
100,2.104424019722409,2.104424019722409,False,False,,guitars,,,
101,2.110386476379024,2.110386476379024,False,False,,guitars,,,
102,2.114349287922925,2.114349287922925,False,False,,guitars,,,
103,2.1234272348682883,2.1234272348682883,False,False,,guitars,,,
104,2.122246022394071,2.122246022394071,False,False,,guitars,,,
105,2.1285359609132315,2.1285359609132315,False,False,,guitars,,,
106,2.1265729580585733,2.1265729580585733,False,False,,guitars,,,
107,2.124017520266826,2.124017520266826,False,False,,guitars,,,
108,2.124017520266826,2.124017520266826,False,False,,guitars,,,
109,2.123820782211962,2.123820782211962,False,False,,guitars,,,
110,2.119683786410192,2.119683786410192,False,False,,guitars,,,
111,2.126180074162085,2.126180074162085,False,False,,guitars,,,
112,2.1289282785980674,2.1289282785980674,False,False,,guitars,,,
113,2.132454908534379,2.132454908534379,False,False,,guitars,,,
114,2.132846287531945,2.132846287531945,False,False,,guitars,,,
115,2.140459560094027,2.140459560094027,False,False,,guitars,,,
116,2.138900740284301,2.138900740284301,False,False,,guitars,,,
117,2.134410868868485,2.134410868868485,False,False,,guitars,,,
118,2.130888456033432,2.130888456033432,False,False,,guitars,,,
119,2.1330419419541684,2.1330419419541684,False,False,,guitars,,,
120,2.1316718697100736,2.1316718697100736,False,False,,guitars,,,
121,2.125787095676936,2.125787095676936,False,False,,guitars,,,
122,2.1267693645557566,2.1267693645557566,False,False,,guitars,,,
123,2.1338243259797256,2.1338243259797256,False,False,,guitars,,,
124,2.1312802097593333,2.1312802097593333,False,False,,guitars,,,
125,2.13245490853438,2.13245490853438,False,False,,guitars,,,
126,2.138510804043185,2.138510804043185,False,False,,guitars,,,
127,2.1338243259797256,2.1338243259797256,False,False,,guitars,,,
128,2.1363644971931874,2.1363644971931874,False,False,,guitars,,,
129,2.1387057837395727,2.1387057837395727,False,False,,guitars,,,
130,2.1410437364388484,2.1410437364388484,False,False,,guitars,,,
131,2.1418223154180045,2.1418223154180045,False,False,,guitars,,,
132,2.1429894931239115,2.1429894931239115,False,False,,guitars,,,
133,2.1464860679045006,2.1464860679045006,False,False,,guitars,,,
134,2.147649945440344,2.147649945440344,False,False,,guitars,,,
135,2.148813001961737,2.148813001961737,False,False,,guitars,,,
136,2.145321367748162,2.145321367748162,False,False,,guitars,,,
137,2.1464860679045006,2.1464860679045006,False,False,,guitars,,,
138,2.1517170618206,2.1517170618206,False,False,,guitars,,,
139,2.153457049845058,2.153457049845058,False,False,,guitars,,,
140,2.158088088657629,2.158088088657629,False,False,,guitars,,,
141,2.157702663173358,2.157702663173358,False,False,,guitars,,,
142,2.159243827482619,2.159243827482619,False,False,,guitars,,,
143,2.161168270218428,2.161168270218428,False,False,,guitars,,,
144,2.168077854184712,2.168077854184712,False,False,,guitars,,,
145,2.168077854184712,2.168077854184712,False,False,,guitars,,,
146,2.1630904833679967,2.1630904833679967,False,False,,guitars,,,
147,2.165394206136652,2.165394206136652,False,False,,guitars,,,
148,2.169992099631872,2.169992099631872,False,False,,guitars,,,
149,2.17018340322232,2.17018340322232,False,False,,guitars,,,
150,2.1736231188003656,2.1736231188003656,False,False,,guitars,,,
151,2.173432209492368,2.173432209492368,False,False,,guitars,,,
152,2.178388771849401,2.178388771849401,False,False,,guitars,,,
153,2.178388771849401,2.178388771849401,False,False,,guitars,,,
154,2.1669282494098336,2.1669282494098336,False,False,,guitars,,,
155,2.1553882245251947,2.1553882245251947,False,False,,guitars,,,
156,2.160398761075253,2.160398761075253,False,False,,guitars,,,
157,2.1722862946445014,2.1722862946445014,False,False,,guitars,,,
158,2.170763353320873,2.170763353320873,False,False,,guitars,,,
159,2.1612132687818795,2.1612132687818795,False,False,,guitars,,,
160,2.167522473349767,2.167522473349767,False,False,,guitars,,,
161,2.166949897821071,2.166949897821071,False,False,,guitars,,,
162,2.168857717319188,2.168857717319188,False,False,,guitars,,,
163,2.166949897821071,2.166949897821071,False,False,,guitars,,,
164,2.1535334360053326,2.1535334360053326,False,False,,guitars,,,
165,2.168857717319188,2.168857717319188,False,False,,guitars,,,
166,2.17798497790635,2.17798497790635,False,False,,guitars,,,
167,2.179880228582668,2.179880228582668,False,False,,guitars,,,
168,2.1874398585693,2.1874398585693,False,False,,guitars,,,
169,2.189136091464416,2.189136091464416,False,False,,guitars,,,
170,2.189136091464416,2.189136091464416,False,False,,guitars,,,
171,2.1900777037589143,2.1900777037589143,False,False,,guitars,,,
172,2.194214547525298,2.194214547525298,False,False,,guitars,,,
173,2.2002137020723467,2.2002137020723467,False,False,,guitars,,,
174,2.19759169675069,2.19759169675069,False,False,,guitars,,,
175,2.199652186491638,2.199652186491638,False,False,,guitars,,,
176,2.1994649731342077,2.1994649731342077,False,False,,guitars,,,
177,2.1990904841353283,2.1990904841353283,False,False,,guitars,,,
178,2.1990904841353283,2.1990904841353283,False,False,,guitars,,,
179,2.209544954009329,2.209544954009329,False,False,,guitars,,,
180,2.214376980751207,2.214376980751207,False,False,,guitars,,,
181,2.223261743357108,2.223261743357108,False,False,,guitars,,,
182,2.2269501104471106,2.2269501104471106,False,False,,guitars,,,
183,2.223630938725589,2.223630938725589,False,False,,guitars,,,
184,2.208427914567887,2.208427914567887,False,False,,guitars,,,
185,2.204699123356657,2.204699123356657,False,False,,guitars,,,
186,2.206005134199975,2.206005134199975,False,False,,guitars,,,
187,2.2061916249747218,2.2061916249747218,False,False,,guitars,,,
188,2.2061916249747218,2.2061916249747218,False,False,,guitars,,,
189,2.204139095818059,2.204139095818059,False,False,,guitars,,,
190,2.209917137065106,2.209917137065106,False,False,,guitars,,,
191,2.2119626860684307,2.2119626860684307,False,False,,guitars,,,
192,2.218269768348724,2.218269768348724,False,False,,guitars,,,
193,2.218269768348724,2.218269768348724,False,False,,guitars,,,
194,2.220675136537796,2.220675136537796,False,False,,guitars,,,
195,2.2054455386215763,2.2054455386215763,False,False,,guitars,,,
196,2.1889477056881934,2.1889477056881934,False,False,,guitars,,,
197,2.189701122132266,2.189701122132266,False,False,,guitars,,,
198,2.1962791646887445,2.1962791646887445,False,False,,guitars,,,
199,2.202084073943506,2.202084073943506,False,False,,guitars,,,
200,2.2104752586086214,2.2104752586086214,False,False,,guitars,,,
201,2.2104752586086214,2.2104752586086214,False,False,,guitars,,,
202,2.2121485229085778,2.2121485229085778,False,False,,guitars,,,
203,2.202084073943506,2.202084073943506,False,False,,guitars,,,
204,2.200962099270332,2.200962099270332,False,False,,guitars,,,
205,2.188005459860064,2.188005459860064,False,False,,guitars,,,
206,2.184986715303972,2.184986715303972,False,False,,guitars,,,
207,2.180259021228599,2.180259021228599,False,False,,guitars,,,
208,2.164084059330234,2.164084059330234,False,False,,guitars,,,
209,2.174758112305888,2.174758112305888,False,False,,guitars,,,
210,2.180259021228599,2.180259021228599,False,False,,guitars,,,
211,2.180259021228599,2.180259021228599,False,False,,guitars,,,
212,2.1812056280042738,2.1812056280042738,False,False,,guitars,,,
213,2.178364199880636,2.178364199880636,False,False,,guitars,,,
214,2.1772262758215857,2.1772262758215857,False,False,,guitars,,,
215,2.1897011221322664,2.1897011221322664,False,False,,guitars,,,
216,2.192523431189033,2.192523431189033,False,False,,guitars,,,
217,2.197216791801661,2.197216791801661,False,False,,guitars,,,
218,2.1996521864916385,2.1996521864916385,False,False,,guitars,,,
219,2.198903208481131,2.198903208481131,False,False,,guitars,,,
220,2.198528594831349,2.198528594831349,False,False,,guitars,,,
221,2.192711416906272,2.192711416906272,False,False,,guitars,,,
222,2.189324456126143,2.189324456126143,False,False,,guitars,,,
223,2.193634827932901,2.193634827932901,False,False,,guitars,,,
224,2.187071171959684,2.187071171959684,False,False,,guitars,,,
225,2.189887305356133,2.189887305356133,False,False,,guitars,,,
226,2.18894911856716,2.18894911856716,False,False,,guitars,,,
227,2.1992405262115997,2.1992405262115997,False,False,,guitars,,,
228,2.198680793964189,2.198680793964189,False,False,,guitars,,,
229,2.1923241441460632,2.1923241441460632,False,False,,guitars,,,
230,2.1917621099495066,2.1917621099495066,False,False,,guitars,,,
231,2.196253139812794,2.196253139812794,False,False,,guitars,,,
232,2.196253139812794,2.196253139812794,False,False,,guitars,,,
233,2.1998000729563616,2.1998000729563616,False,False,,guitars,,,
234,2.204269789172384,2.204269789172384,False,False,,guitars,,,
235,2.212248639715922,2.212248639715922,False,False,,guitars,,,
236,2.2100257576972924,2.2100257576972924,False,False,,guitars,,,
237,2.205013594773834,2.205013594773834,False,False,,guitars,,,
238,2.2092841495118125,2.2092841495118125,False,False,,guitars,,,
239,2.2137289461856358,2.2137289461856358,False,False,,guitars,,,
240,2.212618837278572,2.212618837278572,False,False,,guitars,,,
241,2.2181621483547134,2.2181621483547134,False,False,,guitars,,,
242,2.2196373202846016,2.2196373202846016,False,False,,guitars,,,
243,2.2159469913523693,2.2159469913523693,False,False,,guitars,,,
244,2.21557751800624,2.21557751800624,False,False,,guitars,,,
245,2.2166856974128826,2.2166856974128826,False,False,,guitars,,,
246,2.2194529936345595,2.2194529936345595,False,False,,guitars,,,
247,2.2194529936345595,2.2194529936345595,False,False,,guitars,,,
248,2.224055192561381,2.224055192561381,False,False,,guitars,,,
249,2.22497414481538,2.22497414481538,False,False,,guitars,,,
250,2.228094890844757,2.228094890844757,False,False,,guitars,,,
251,2.2255252789425373,2.2255252789425373,False,False,,guitars,,,
252,2.222215802742183,2.222215802742183,False,False,,guitars,,,
253,2.219084280500488,2.219084280500488,False,False,,guitars,,,
254,2.224055192561381,2.224055192561381,False,False,,guitars,,,
255,2.231576059264318,2.231576059264318,False,False,,guitars,,,
256,2.2350501683525663,2.2350501683525663,False,False,,guitars,,,
257,2.2407033989771814,2.2407033989771814,False,False,,guitars,,,
258,2.239974993970639,2.239974993970639,False,False,,guitars,,,
259,2.243977411408648,2.243977411408648,False,False,,guitars,,,
260,2.2386995422568536,2.2386995422568536,False,False,,guitars,,,
261,2.206314468740592,2.206314468740592,False,False,,guitars,,,
262,2.220374427577372,2.220374427577372,False,False,,guitars,,,
263,2.224055192561381,2.224055192561381,False,False,,guitars,,,
264,2.232125071105673,2.232125071105673,False,False,,guitars,,,
265,2.223319674496085,2.223319674496085,False,False,,guitars,,,
266,2.221479491249845,2.221479491249845,False,False,,guitars,,,
267,2.226994101501792,2.226994101501792,False,False,,guitars,,,
268,2.2332225674311887,2.2332225674311887,False,False,,guitars,,,
269,2.23559806918087,2.23559806918087,False,False,,guitars,,,
270,2.230660648354532,2.230660648354532,False,False,,guitars,,,
271,2.2255252789425373,2.2255252789425373,False,False,,guitars,,,
272,2.2255252789425373,2.2255252789425373,False,False,,guitars,,,
273,2.23303970016785,2.23303970016785,False,False,,guitars,,,
274,2.2293782503986943,2.2293782503986943,False,False,,guitars,,,
275,2.21853106112474,2.21853106112474,False,False,,guitars,,,
276,2.225157875948101,2.225157875948101,False,False,,guitars,,,
277,2.2277280397869488,2.2277280397869488,False,False,,guitars,,,
278,2.2235035837245203,2.2235035837245203,False,False,,guitars,,,
279,2.2214794912498457,2.2214794912498457,False,False,,guitars,,,
280,2.223319674496085,2.223319674496085,False,False,,guitars,,,
281,2.22864501995688,2.22864501995688,False,False,,guitars,,,
282,2.23797028753878,2.23797028753878,False,False,,guitars,,,
283,2.235415455007378,2.235415455007378,False,False,,guitars,,,
284,2.2372407231538847,2.2372407231538847,False,False,,guitars,,,
285,2.2346848039157807,2.2346848039157807,False,False,,guitars,,,
286,2.232673907109367,2.232673907109367,False,False,,guitars,,,
287,2.2388411616386805,2.2388411616386805,False,False,,guitars,,,
288,2.237210807956042,2.237210807956042,False,False,,guitars,,,
289,2.244264538109569,2.244264538109569,False,False,,guitars,,,
290,2.2493109991827405,2.2493109991827405,False,False,,guitars,,,
291,2.2525473801488136,2.2525473801488136,False,False,,guitars,,,
292,2.245166775665967,2.245166775665967,False,False,,guitars,,,
293,2.248590979248658,2.248590979248658,False,False,,guitars,,,
294,2.251648993200185,2.251648993200185,False,False,,guitars,,,
295,2.2363043868129178,2.2363043868129178,False,False,,guitars,,,
296,2.2315832625825425,2.2315832625825425,False,False,,guitars,,,
297,2.2224674225567527,2.2224674225567527,False,False,,guitars,,,
298,2.197051381074905,2.197051381074905,False,False,,guitars,,,
299,2.180267225145828,2.180267225145828,False,False,,guitars,,,
300,2.1789547259882425,2.1789547259882425,False,False,,guitars,,,
301,2.1789547259882425,2.1789547259882425,False,False,,guitars,,,
302,2.1593321015546305,2.1593321015546305,False,False,,guitars,,,
303,2.1911028638806296,2.1911028638806296,False,False,,guitars,,,
304,2.187374333560427,2.187374333560427,False,False,,guitars,,,
305,2.1966802133242784,2.1966802133242784,False,False,,guitars,,,
306,2.189239632667433,2.189239632667433,False,False,,guitars,,,
307,2.191289073511861,2.191289073511861,False,False,,guitars,,,
308,2.180267225145828,2.180267225145828,False,False,,guitars,,,
309,2.1689836297015046,2.1689836297015046,False,False,,guitars,,,
310,2.173318028411936,2.173318028411936,False,False,,guitars,,,
311,2.170869536037829,2.170869536037829,False,False,,guitars,,,
312,2.1616081006244263,2.1616081006244263,False,False,,guitars,,,
313,2.151532088741864,2.151532088741864,False,False,,guitars,,,
314,2.1377446451970346,2.1377446451970346,False,False,,guitars,,,
315,2.1541996444644,2.1541996444644,False,False,,guitars,,,
316,2.15724302048438,2.15724302048438,False,False,,guitars,,,
317,2.1695496258259914,2.1695496258259914,False,False,,guitars,,,
318,2.1742588000875926,2.1742588000875926,False,False,,guitars,,,
319,2.1742588000875926,2.1742588000875926,False,False,,guitars,,,
320,2.169172316451049,2.169172316451049,False,False,,guitars,,,
321,2.175199041833036,2.175199041833036,False,False,,guitars,,,
322,2.1877475591183644,2.1877475591183644,False,False,,guitars,,,
323,2.184759428624933,2.184759428624933,False,False,,guitars,,,
324,2.184011563739469,2.184011563739469,False,False,,guitars,,,
325,2.183263365127092,2.183263365127092,False,False,,guitars,,,
326,2.167851059912673,2.167851059912673,False,False,,guitars,,,
327,2.153437924875516,2.153437924875516,False,False,,guitars,,,
328,2.1614185532618704,2.1614185532618704,False,False,,guitars,,,
329,2.148287110953458,2.148287110953458,False,False,,guitars,,,
330,2.1541996444644,2.1541996444644,False,False,,guitars,,,
331,2.1517227713094838,2.1517227713094838,False,False,,guitars,,,
332,2.1454185838019715,2.1454185838019715,False,False,,guitars,,,
333,2.15724302048438,2.15724302048438,False,False,,guitars,,,
334,2.1652053952009656,2.1652053952009656,False,False,,guitars,,,
335,2.168606192044765,2.168606192044765,False,False,,guitars,,,
336,2.1674733653297995,2.1674733653297995,False,False,,guitars,,,
337,2.166906662658016,2.166906662658016,False,False,,guitars,,,
338,2.168794921568319,2.168794921568319,False,False,,guitars,,,
339,2.168228668799737,2.168228668799737,False,False,,guitars,,,
340,2.168606192044765,2.168606192044765,False,False,,guitars,,,
341,2.169360981823637,2.169360981823637,False,False,,guitars,,,
342,2.169360981823637,2.169360981823637,False,False,,guitars,,,
343,2.164827099236498,2.164827099236498,False,False,,guitars,,,
344,2.171246461290244,2.171246461290244,False,False,,guitars,,,
345,2.180267225145828,2.180267225145828,False,False,,guitars,,,
346,2.182514832375286,2.182514832375286,False,False,,guitars,,,
347,2.183637506174908,2.183637506174908,False,False,,guitars,,,
348,2.1761387544736204,2.1761387544736204,False,False,,guitars,,,
349,2.169360981823637,2.169360981823637,False,False,,guitars,,,
350,2.1674733653297995,2.1674733653297995,False,False,,guitars,,,
351,2.1759508542343418,2.1759508542343418,False,False,,guitars,,,
352,2.1727735475777994,2.1727735475777994,False,False,,guitars,,,
353,2.1768842068423746,2.1768842068423746,False,False,,guitars,,,
354,2.174082582856257,2.174082582856257,False,False,,guitars,,,
355,2.1746432838039675,2.1746432838039675,False,False,,guitars,,,
356,2.1660250774069425,2.1660250774069425,False,False,,guitars,,,
357,2.1532026856419337,2.1532026856419337,False,False,,guitars,,,
358,2.141805635249591,2.141805635249591,False,False,,guitars,,,
359,2.1494124136850186,2.1494124136850186,False,False,,guitars,,,
360,2.13703347415884,2.13703347415884,False,False,,guitars,,,
361,2.125330746671279,2.125330746671279,False,False,,guitars,,,
362,2.128792728129701,2.128792728129701,False,False,,guitars,,,
363,2.1245604193052405,2.1245604193052405,False,False,,guitars,,,
364,2.1264855562733835,2.1264855562733835,False,False,,guitars,,,
365,2.1264855562733835,2.1264855562733835,False,False,,guitars,,,
366,2.129176940212117,2.129176940212117,False,False,,guitars,,,
367,2.129176940212117,2.129176940212117,False,False,,guitars,,,
368,2.1274472739672747,2.1274472739672747,False,False,,guitars,,,
369,2.1280240328630824,2.1280240328630824,False,False,,guitars,,,
370,2.1339719920498204,2.1339719920498204,False,False,,guitars,,,
371,2.1339719920498204,2.1339719920498204,False,False,,guitars,,,
372,2.1339719920498204,2.1339719920498204,False,False,,guitars,,,
373,2.1364598815048463,2.1364598815048463,False,False,,guitars,,,
374,2.141805635249591,2.141805635249591,False,False,,guitars,,,
375,2.15206651701045,2.15206651701045,False,False,,guitars,,,
376,2.150360797590237,2.150360797590237,False,False,,guitars,,,
377,2.150171164398486,2.150171164398486,False,False,,guitars,,,
378,2.147893864671248,2.147893864671248,False,False,,guitars,,,
379,2.141424372044427,2.141424372044427,False,False,,guitars,,,
380,2.1406615802541267,2.1406615802541267,False,False,,guitars,,,
381,2.137224627151628,2.137224627151628,False,False,,guitars,,,
382,2.1379890165215376,2.1379890165215376,False,False,,guitars,,,
383,2.137606866342476,2.137606866342476,False,False,,guitars,,,
384,2.1362686393710177,2.1362686393710177,False,False,,guitars,,,
385,2.1379890165215376,2.1379890165215376,False,False,,guitars,,,
386,2.1450428096890746,2.1450428096890746,False,False,,guitars,,,
387,2.151308636975556,2.151308636975556,False,False,,guitars,,,
388,2.1494124136850186,2.1494124136850186,False,False,,guitars,,,
389,2.1509295665084385,2.1509295665084385,False,False,,guitars,,,
390,2.1444720060954108,2.1444720060954108,False,False,,guitars,,,
391,2.1437106266436645,2.1437106266436645,False,False,,guitars,,,
392,2.1494124136850186,2.1494124136850186,False,False,,guitars,,,
393,2.149032907463312,2.149032907463312,False,False,,guitars,,,
394,2.1562286574700327,2.1562286574700327,False,False,,guitars,,,
395,2.1528240495474367,2.1528240495474367,False,False,,guitars,,,
396,2.156795411660624,2.156795411660624,False,False,,guitars,,,
397,2.156984286620224,2.156984286620224,False,False,,guitars,,,
398,2.1607572713005347,2.1607572713005347,False,False,,guitars,,,
399,2.166025077406942,2.166025077406942,False,False,,guitars,,,
400,2.1616991775282464,2.1616991775282464,False,False,,guitars,,,
401,2.164521693800716,2.164521693800716,False,False,,guitars,,,
402,2.166025077406942,2.166025077406942,False,False,,guitars,,,
403,2.1750169798416845,2.1750169798416845,False,False,,guitars,,,
404,2.182845360938897,2.182845360938897,False,False,,guitars,,,
405,2.1826593957960307,2.1826593957960307,False,False,,guitars,,,
406,2.1887853848299987,2.1887853848299987,False,False,,guitars,,,
407,2.188414748471325,2.188414748471325,False,False,,guitars,,,
408,2.194519827360657,2.194519827360657,False,False,,guitars,,,
409,2.195073738151992,2.195073738151992,False,False,,guitars,,,
410,2.188229399626111,2.188229399626111,False,False,,guitars,,,
411,2.1891559394545905,2.1891559394545905,False,False,,guitars,,,
412,2.1891559394545905,2.1891559394545905,False,False,,guitars,,,
413,2.187858640572714,2.187858640572714,False,False,,guitars,,,
414,2.191007488309883,2.191007488309883,False,False,,guitars,,,
415,2.19618101387174,2.19618101387174,False,False,,guitars,,,
416,2.1861892111047574,2.1861892111047574,False,False,,guitars,,,
417,2.1836087020744155,2.1836087020744155,False,False,,guitars,,,
418,2.188949646574144,2.188949646574144,False,False,,guitars,,,
419,2.1931735288805267,2.1931735288805267,False,False,,guitars,,,
420,2.199032667392933,2.199032667392933,False,False,,guitars,,,
421,2.1957394079631376,2.1957394079631376,False,False,,guitars,,,
422,2.1944569569183248,2.1944569569183248,False,False,,guitars,,,
423,2.182686128428103,2.182686128428103,False,False,,guitars,,,
424,2.176399109614977,2.176399109614977,False,False,,guitars,,,
425,2.176399109614977,2.176399109614977,False,False,,guitars,,,
426,2.174174505036059,2.174174505036059,False,False,,guitars,,,
427,2.176213839028841,2.176213839028841,False,False,,guitars,,,
428,2.1751017837869817,2.1751017837869817,False,False,,guitars,,,
429,2.1843463955893725,2.1843463955893725,False,False,,guitars,,,
430,2.180839455684457,2.180839455684457,False,False,,guitars,,,
431,2.182686128428103,2.182686128428103,False,False,,guitars,,,
432,2.1788057602482165,2.1788057602482165,False,False,,guitars,,,
433,2.1592674013269773,2.1592674013269773,False,False,,guitars,,,
434,2.1573945711762024,2.1573945711762024,False,False,,guitars,,,
435,2.158143957281918,2.158143957281918,False,False,,guitars,,,
436,2.166364936551544,2.166364936551544,False,False,,guitars,,,
437,2.166364936551544,2.166364936551544,False,False,,guitars,,,
438,2.1819477036261565,2.1819477036261565,False,False,,guitars,,,
439,2.182686128428103,2.182686128428103,False,False,,guitars,,,
440,2.1830552188302725,2.1830552188302725,False,False,,guitars,,,
441,2.1808394556844566,2.1808394556844566,False,False,,guitars,,,
442,2.181208953163144,2.181208953163144,False,False,,guitars,,,
443,2.176954798149542,2.176954798149542,False,False,,guitars,,,
444,2.18010021598369,2.18010021598369,False,False,,guitars,,,
445,2.1723184004361618,2.1723184004361618,False,False,,guitars,,,
446,2.16897219625347,2.16897219625347,False,False,,guitars,,,
447,2.1626331739573743,2.1626331739573743,False,False,,guitars,,,
448,2.1611381179581413,2.1611381179581413,False,False,,guitars,,,
449,2.162072685764004,2.162072685764004,False,False,,guitars,,,
450,2.1695303638548173,2.1695303638548173,False,False,,guitars,,,
451,2.1817630465566564,2.1817630465566564,False,False,,guitars,,,
452,2.17936064962582,2.17936064962582,False,False,,guitars,,,
453,2.171203745396907,2.171203745396907,False,False,,guitars,,,
454,2.1745454783442133,2.1745454783442133,False,False,,guitars,,,
455,2.1760285478948886,2.1760285478948886,False,False,,guitars,,,
456,2.166364936551543,2.166364936551543,False,False,,guitars,,,
457,2.166178547276396,2.166178547276396,False,False,,guitars,,,
458,2.167110284850934,2.167110284850934,False,False,,guitars,,,
459,2.165992137108173,2.165992137108173,False,False,,guitars,,,
460,2.160390084505625,2.160390084505625,False,False,,guitars,,,
461,2.160390084505625,2.160390084505625,False,False,,guitars,,,
462,2.162072685764004,2.162072685764004,False,False,,guitars,,,
463,2.1577693066053003,2.1577693066053003,False,False,,guitars,,,
464,2.161138117958141,2.161138117958141,False,False,,guitars,,,
465,2.156832309005542,2.156832309005542,False,False,,guitars,,,
466,2.1534547188533644,2.1534547188533644,False,False,,guitars,,,
467,2.146112833126269,2.146112833126269,False,False,,guitars,,,
468,2.123314498536271,2.123314498536271,False,False,,guitars,,,
469,2.118332668115375,2.118332668115375,False,False,,guitars,,,
470,2.118332668115375,2.118332668115375,False,False,,guitars,,,
471,2.123314498536271,2.123314498536271,False,False,,guitars,,,
472,2.12407958352098,2.12407958352098,False,False,,guitars,,,
473,2.1343733019930613,2.1343733019930613,False,False,,guitars,,,
474,2.1343733019930613,2.1343733019930613,False,False,,guitars,,,
475,2.121017086121193,2.121017086121193,False,False,,guitars,,,
476,2.1282811498613863,2.1282811498613863,False,False,,guitars,,,
477,2.1282811498613863,2.1282811498613863,False,False,,guitars,,,
478,2.123505803445321,2.123505803445321,False,False,,guitars,,,
479,2.1194836752748123,2.1194836752748123,False,False,,guitars,,,
480,2.102132234506766,2.102132234506766,False,False,,guitars,,,
481,2.1031010991067225,2.1031010991067225,False,False,,guitars,,,
482,2.1015620663533774,2.1015620663533774,False,False,,guitars,,,
483,2.1021393756363542,2.1021393756363542,False,False,,guitars,,,
484,2.1107743551185885,2.1107743551185885,False,False,,guitars,,,
485,2.126012843183635,2.126012843183635,False,False,,guitars,,,
486,2.122216578351773,2.122216578351773,False,False,,guitars,,,
487,2.1241158154846103,2.1241158154846103,False,False,,guitars,,,
488,2.1275288793224405,2.1275288793224405,False,False,,guitars,,,
489,2.142237101191905,2.142237101191905,False,False,,guitars,,,
490,2.14261250699403,2.14261250699403,False,False,,guitars,,,
491,2.148420376779446,2.148420376779446,False,False,,guitars,,,
492,2.1532757710349952,2.1532757710349952,False,False,,guitars,,,
493,2.146174597573256,2.146174597573256,False,False,,guitars,,,
494,2.154021489796288,2.154021489796288,False,False,,guitars,,,
495,2.154207866949527,2.154207866949527,False,False,,guitars,,,
496,2.154207866949527,2.154207866949527,False,False,,guitars,,,
497,2.14785921871427,2.14785921871427,False,False,,guitars,,,
498,2.1508498585657736,2.1508498585657736,False,False,,guitars,,,
499,2.1501027065470577,2.1501027065470577,False,False,,guitars,,,
500,2.147672123582005,2.147672123582005,False,False,,guitars,,,
501,2.147672123582005,2.147672123582005,False,False,,guitars,,,
502,2.1489813439869754,2.1489813439869754,False,False,,guitars,,,
503,2.146923530655693,2.146923530655693,False,False,,guitars,,,
504,2.1456126742764563,2.1456126742764563,False,False,,guitars,,,
505,2.154394223101052,2.154394223101052,False,False,,guitars,,,
506,2.154394223101052,2.154394223101052,False,False,,guitars,,,
507,2.1662776304918854,2.1662776304918854,False,False,,guitars,,,
508,2.1623877624169983,2.1623877624169983,False,False,,guitars,,,
509,2.1571870496123853,2.1571870496123853,False,False,,guitars,,,
510,2.1497290036843246,2.1497290036843246,False,False,,guitars,,,
511,2.1463618627569017,2.1463618627569017,False,False,,guitars,,,
512,2.1474850072166807,2.1474850072166807,False,False,,guitars,,,
513,2.1444882522229154,2.1444882522229154,False,False,,guitars,,,
514,2.1426125069940296,2.1426125069940296,False,False,,guitars,,,
515,2.142987827138657,2.142987827138657,False,False,,guitars,,,
516,2.1332015231177754,2.1332015231177754,False,False,,guitars,,,
517,2.139418821870822,2.139418821870822,False,False,,guitars,,,
518,2.1392307645982207,2.1392307645982207,False,False,,guitars,,,
519,2.1448631448900715,2.1448631448900715,False,False,,guitars,,,
520,2.153835091634765,2.153835091634765,False,False,,guitars,,,
521,2.160532236821647,2.160532236821647,False,False,,guitars,,,
522,2.164055963988969,2.164055963988969,False,False,,guitars,,,
523,2.1644264480343547,2.1644264480343547,False,False,,guitars,,,
524,2.167387351579796,2.167387351579796,False,False,,guitars,,,
525,2.1734776333245107,2.1734776333245107,False,False,,guitars,,,
526,2.1710810878307742,2.1710810878307742,False,False,,guitars,,,
527,2.170527549309107,2.170527549309107,False,False,,guitars,,,
528,2.181013518602497,2.181013518602497,False,False,,guitars,,,
529,2.1738460272164697,2.1738460272164697,False,False,,guitars,,,
530,2.167017526797744,2.167017526797744,False,False,,guitars,,,
531,2.167017526797744,2.167017526797744,False,False,,guitars,,,
532,2.1646116590841857,2.1646116590841857,False,False,,guitars,,,
533,2.1668325835734854,2.1668325835734854,False,False,,guitars,,,
534,2.1738460272164697,2.1738460272164697,False,False,,guitars,,,
535,2.1766063932982136,2.1766063932982136,False,False,,guitars,,,
536,2.169235243802757,2.169235243802757,False,False,,guitars,,,
537,2.178076725782745,2.178076725782745,False,False,,guitars,,,
538,2.1766063932982136,2.1766063932982136,False,False,,guitars,,,
539,2.182846401351492,2.182846401351492,False,False,,guitars,,,
540,2.179362206951033,2.179362206951033,False,False,,guitars,,,
541,2.179729305925124,2.179729305925124,False,False,,guitars,,,
542,2.1635000829609354,2.1635000829609354,False,False,,guitars,,,
543,2.167202449464409,2.167202449464409,False,False,,guitars,,,
544,2.167202449464409,2.167202449464409,False,False,,guitars,,,
545,2.1773417212072026,2.1773417212072026,False,False,,guitars,,,
546,2.1740576678029595,2.1740576678029595,False,False,,guitars,,,
547,2.1767948271015927,2.1767948271015927,False,False,,guitars,,,
548,2.175882938990504,2.175882938990504,False,False,,guitars,,,
549,2.182073994626773,2.182073994626773,False,False,,guitars,,,
550,2.1777062178939173,2.1777062178939173,False,False,,guitars,,,
551,2.1767948271015927,2.1767948271015927,False,False,,guitars,,,
552,2.172413215342412,2.172413215342412,False,False,,guitars,,,
553,2.170401124398116,2.170401124398116,False,False,,guitars,,,
554,2.1755180443284754,2.1755180443284754,False,False,,guitars,,,
555,2.1833457862577617,2.1833457862577617,False,False,,guitars,,,
556,2.1849795303632256,2.1849795303632256,False,False,,guitars,,,
557,2.18679293736161,2.18679293736161,False,False,,guitars,,,
558,2.184979530363226,2.184979530363226,False,False,,guitars,,,
559,2.188785425316424,2.188785425316424,False,False,,guitars,,,
560,2.183527392015612,2.183527392015612,False,False,,guitars,,,
561,2.1864304126836647,2.1864304126836647,False,False,,guitars,,,
562,2.1876989067397075,2.1876989067397075,False,False,,guitars,,,
563,2.191498652830365,2.191498652830365,False,False,,guitars,,,
564,2.184979530363226,2.184979530363226,False,False,,guitars,,,
565,2.18679293736161,2.18679293736161,False,False,,guitars,,,
566,2.1913179071222797,2.1913179071222797,False,False,,guitars,,,
567,2.1913179071222797,2.1913179071222797,False,False,,guitars,,,
568,2.1967318558673194,2.1967318558673194,False,False,,guitars,,,
569,2.199792060057667,2.199792060057667,False,False,,guitars,,,
570,2.199792060057667,2.199792060057667,False,False,,guitars,,,
571,2.1922214415628667,2.1922214415628667,False,False,,guitars,,,
572,2.189509380903345,2.189509380903345,False,False,,guitars,,,
573,2.183164160821508,2.183164160821508,False,False,,guitars,,,
574,2.187517751962644,2.187517751962644,False,False,,guitars,,,
575,2.1907755534457576,2.1907755534457576,False,False,,guitars,,,
576,2.196551670883115,2.196551670883115,False,False,,guitars,,,
577,2.1976324921593307,2.1976324921593307,False,False,,guitars,,,
578,2.202128479860545,2.202128479860545,False,False,,guitars,,,
579,2.203385215675337,2.203385215675337,False,False,,guitars,,,
580,2.206254254254322,2.206254254254322,False,False,,guitars,,,
581,2.2026671952918786,2.2026671952918786,False,False,,guitars,,,
582,2.2041029314061684,2.2041029314061684,False,False,,guitars,,,
583,2.211620642700152,2.211620642700152,False,False,,guitars,,,
584,2.203744111599977,2.203744111599977,False,False,,guitars,,,
585,2.2015895927092792,2.2015895927092792,False,False,,guitars,,,
586,2.2066125424796623,2.2066125424796623,False,False,,guitars,,,
587,2.206254254254322,2.206254254254322,False,False,,guitars,,,
588,2.2098337325132165,2.2098337325132165,False,False,,guitars,,,
589,2.215545239968576,2.215545239968576,False,False,,guitars,,,
590,2.217326157667527,2.217326157667527,False,False,,guitars,,,
591,2.224608518529122,2.224608518529122,False,False,,guitars,,,
592,2.227618944802741,2.227618944802741,False,False,,guitars,,,
593,2.229740765067493,2.229740765067493,False,False,,guitars,,,
594,2.2191052140926306,2.2191052140926306,False,False,,guitars,,,
595,2.222657764591814,2.222657764591814,False,False,,guitars,,,
596,2.227088078237854,2.227088078237854,False,False,,guitars,,,
597,2.2323893474790744,2.2323893474790744,False,False,,guitars,,,
598,2.2306240810496547,2.2306240810496547,False,False,,guitars,,,
599,,2.2304344640785145,True,True,ridge_adjusted_bridge,guitars,0.0059884269469383565,2.2171175836100194,2.2438313309702482
600,,2.2262414741467462,True,True,ridge_adjusted_bridge,guitars,0.00838547498845444,2.207651434036823,2.244988055994174
601,,2.2268171643437653,True,True,ridge_adjusted_bridge,guitars,0.010166848107920795,2.204292150690122,2.249572354491908
602,,2.227516367763789,True,True,ridge_adjusted_bridge,guitars,0.011619254980480909,2.201784071671188,2.2535493977343
603,,2.229509314617513,True,True,ridge_adjusted_bridge,guitars,0.012854689741012353,2.2010330827898428,2.258353962433768
604,,2.230152484965144,True,True,ridge_adjusted_bridge,guitars,0.013930997328199662,2.1992996410714527,2.261438147542816
605,,2.2312876164828923,True,True,ridge_adjusted_bridge,guitars,0.014882741715264838,2.1983258284893386,2.2647436348828993
606,,2.2310979431070983,True,True,ridge_adjusted_bridge,guitars,0.01573254561578076,2.196271763498246,2.266476359832643
607,,2.2325102128758716,True,True,ridge_adjusted_bridge,guitars,0.016496171020158604,2.195984438599758,2.269643519775176
608,,2.230636139411536,True,True,ridge_adjusted_bridge,guitars,0.017185109871175656,2.1926299181708804,2.269301146177748
609,,2.230652700558088,True,True,ridge_adjusted_bridge,guitars,0.017808032469276255,2.1912807735987494,2.2707320442260333
610,,2.2277655016300746,True,True,ridge_adjusted_bridge,guitars,0.018371655226287475,2.1872114253001373,2.2690715094321825
611,,2.229695714097117,True,True,ridge_adjusted_bridge,guitars,0.018881289343281475,2.187991141202377,2.2721952040130367
612,,2.2290551599849286,True,True,ridge_adjusted_bridge,guitars,0.01934120303807944,2.1863568014133072,2.272587394264089
613,,2.228988775748843,True,True,ridge_adjusted_bridge,guitars,0.019754869243811063,2.185387480836803,2.2734599726506572
614,,2.228799297788862,True,True,ridge_adjusted_bridge,guitars,0.020125139972290658,2.184392742807841,2.2741085943358286
615,,2.229183157447271,True,True,ridge_adjusted_bridge,guitars,0.02045437203027436,2.1840497768692493,2.2752492191683573
616,,2.230622185916694,True,True,ridge_adjusted_bridge,guitars,0.020744519459023614,2.184825656383593,2.2773786648677943
617,,2.229253373201804,True,True,ridge_adjusted_bridge,guitars,0.02099720258041791,2.1829332864414264,2.2765563349088493
618,,2.2296746565975134,True,True,ridge_adjusted_bridge,guitars,0.021213760180712138,2.182873047348094,2.277479709739832
619,,2.2305795509668567,True,True,ridge_adjusted_bridge,guitars,0.0213952892476542,2.1833625679391413,2.278817639476079
620,,2.2285625499297073,True,True,ridge_adjusted_bridge,guitars,0.021542675301855312,2.1810667803307093,2.27709260612192
621,,2.2284954680389886,True,True,ridge_adjusted_bridge,guitars,0.0216566154446143,2.1807526386854814,2.2772835226575
622,,2.2271610486180964,True,True,ridge_adjusted_bridge,guitars,0.02173763561326315,2.1792702355974107,2.2761042919130636
623,,2.224079142354043,True,True,ridge_adjusted_bridge,guitars,0.0217861030884017,2.176149124787965,2.27306482589343
624,,2.2239317107601315,True,True,ridge_adjusted_bridge,guitars,0.021802234969981543,2.1759697676488696,2.2729508137737087
625,,2.2232425568522465,True,True,ridge_adjusted_bridge,guitars,0.0217861030884017,2.1753305681220283,2.2722098144679044
626,,2.2239693516968946,True,True,ridge_adjusted_bridge,guitars,0.02173763561326315,2.176147169977284,2.272842455475442
627,,2.224526261380551,True,True,ridge_adjusted_bridge,guitars,0.0216566154446143,2.176868467495538,2.273227418864192
628,,2.2254094526244517,True,True,ridge_adjusted_bridge,guitars,0.021542675301855312,2.177980882747148,2.273870845727352
629,,2.2241480802183062,True,True,ridge_adjusted_bridge,guitars,0.0213952892476542,2.177067238779913,2.272247082966127
630,,2.228696491009288,True,True,ridge_adjusted_bridge,guitars,0.021213760180712138,2.181915413779419,2.276480571917927
631,,2.2301136763594296,True,True,ridge_adjusted_bridge,guitars,0.02099720258041791,2.183775713965272,2.2774348930068107
632,,2.230562946955713,True,True,ridge_adjusted_bridge,guitars,0.020744519459023614,2.1847676336477724,2.2773181841881356
633,,2.230691932663359,True,True,ridge_adjusted_bridge,guitars,0.02045437203027436,2.185528004516464,2.2767891732187175
634,,2.229784779625953,True,True,ridge_adjusted_bridge,guitars,0.020125139972290658,2.185358589923481,2.2751141100489365
635,,2.229914441270391,True,True,ridge_adjusted_bridge,guitars,0.019754869243811063,2.1862950393962004,2.2744041063915703
636,,2.2304410999975475,True,True,ridge_adjusted_bridge,guitars,0.01934120303807944,2.1877161932432343,2.2740004009309605
637,,2.2288565065821375,True,True,ridge_adjusted_bridge,guitars,0.018881289343281475,2.1871676303543293,2.2713400006421676
638,,2.229664414284536,True,True,ridge_adjusted_bridge,guitars,0.018371655226287475,2.1890757702908674,2.271005630685064
639,,2.2281172885926748,True,True,ridge_adjusted_bridge,guitars,0.017808032469276255,2.188790112685209,2.2681510771423907
640,,2.22924557103759,True,True,ridge_adjusted_bridge,guitars,0.017185109871175656,2.1912630427015443,2.2678864742153064
641,,2.231742802873632,True,True,ridge_adjusted_bridge,guitars,0.016496171020158604,2.19522958408074,2.2688633454545624
642,,2.2315923183497413,True,True,ridge_adjusted_bridge,guitars,0.01573254561578076,2.196758421822388,2.266978574360606
643,,2.231676963897821,True,True,ridge_adjusted_bridge,guitars,0.014882741715264838,2.1987094242535825,2.2651388201889997
644,,2.231487257425066,True,True,ridge_adjusted_bridge,guitars,0.013930997328199662,2.2006159477418756,2.2627916448393046
645,,2.2294482679658434,True,True,ridge_adjusted_bridge,guitars,0.012854689741012353,2.2009728158517152,2.258292125980882
646,,2.2299296531148243,True,True,ridge_adjusted_bridge,guitars,0.011619254980480909,2.204169478720584,2.255990887201265
647,,2.2285150179962683,True,True,ridge_adjusted_bridge,guitars,0.010166848107920795,2.205972829974959,2.251287558011892
648,,2.23131490576547,True,True,ridge_adjusted_bridge,guitars,0.00838547498845444,2.21268250039626,2.25010420961866
649,,2.2301471252782568,True,True,ridge_adjusted_bridge,guitars,0.0059884269469383565,2.2168319603752797,2.243542266300111
650,2.230137774223822,2.230137774223822,False,False,,guitars,,,
651,2.236772053767917,2.236772053767917,False,False,,guitars,,,
652,2.235641186930596,2.235641186930596,False,False,,guitars,,,
653,2.2374179291472203,2.2374179291472203,False,False,,guitars,,,
654,2.2343478546135023,2.2343478546135023,False,False,,guitars,,,
655,2.2372564830718527,2.2372564830718527,False,False,,guitars,,,
656,2.239837801717322,2.239837801717322,False,False,,guitars,,,
657,2.2395153488132515,2.2395153488132515,False,False,,guitars,,,
658,2.24964372090328,2.24964372090328,False,False,,guitars,,,
659,2.2517263210847016,2.2517263210847016,False,False,,guitars,,,
660,2.253326615526928,2.253326615526928,False,False,,guitars,,,
661,2.25204649847829,2.25204649847829,False,False,,guitars,,,
662,2.2510857883271145,2.2510857883271145,False,False,,guitars,,,
663,2.25364649680931,2.25364649680931,False,False,,guitars,,,
664,2.2504450180727247,2.2504450180727247,False,False,,guitars,,,
665,2.2536464968093104,2.2536464968093104,False,False,,guitars,,,
666,2.245792308541801,2.245792308541801,False,False,,guitars,,,
667,2.2427371610836166,2.2427371610836166,False,False,,guitars,,,
668,2.2498040100776504,2.2498040100776504,False,False,,guitars,,,
669,2.253326615526928,2.253326615526928,False,False,,guitars,,,
670,2.253006675082936,2.253006675082936,False,False,,guitars,,,
671,2.253006675082936,2.253006675082936,False,False,,guitars,,,
672,2.2622610383491324,2.2622610383491324,False,False,,guitars,,,
673,2.268931811797247,2.268931811797247,False,False,,guitars,,,
674,2.269882695646268,2.269882695646268,False,False,,guitars,,,
675,2.2760508349813997,2.2760508349813997,False,False,,guitars,,,
676,2.280888841889276,2.280888841889276,False,False,,guitars,,,
677,2.284625235372543,2.284625235372543,False,False,,guitars,,,
678,2.285558090856702,2.285558090856702,False,False,,guitars,,,
679,2.2902149474396194,2.2902149474396194,False,False,,guitars,,,
680,2.2799534969592985,2.2799534969592985,False,False,,guitars,,,
681,2.281512127708199,2.281512127708199,False,False,,guitars,,,
682,2.284625235372543,2.284625235372543,False,False,,guitars,,,
683,2.2869564448883506,2.2869564448883506,False,False,,guitars,,,
684,2.279953496959299,2.279953496959299,False,False,,guitars,,,
685,2.27683206453632,2.27683206453632,False,False,,guitars,,,
686,2.269317790394443,2.269317790394443,False,False,,guitars,,,
687,2.265076731550284,2.265076731550284,False,False,,guitars,,,
688,2.2551404821174685,2.2551404821174685,False,False,,guitars,,,
689,2.261455801957764,2.261455801957764,False,False,,guitars,,,
690,2.261455801957764,2.261455801957764,False,False,,guitars,,,
691,2.250071590162865,2.250071590162865,False,False,,guitars,,,
692,2.242918193069034,2.242918193069034,False,False,,guitars,,,
693,2.228521525716559,2.228521525716559,False,False,,guitars,,,
694,2.238452151342752,2.238452151342752,False,False,,guitars,,,
695,2.236054847495339,2.236054847495339,False,False,,guitars,,,
696,2.236054847495339,2.236054847495339,False,False,,guitars,,,
697,2.208322843408013,2.208322843408013,False,False,,guitars,,,
698,2.221277554549644,2.221277554549644,False,False,,guitars,,,
699,2.233494027802904,2.233494027802904,False,False,,guitars,,,
700,2.236534576055108,2.236534576055108,False,False,,guitars,,,
701,2.233333849559789,2.233333849559789,False,False,,guitars,,,
702,2.243236752969638,2.243236752969638,False,False,,guitars,,,
703,2.242121535362159,2.242121535362159,False,False,,guitars,,,
704,2.2398889298012743,2.2398889298012743,False,False,,guitars,,,
705,2.2347749154427605,2.2347749154427605,False,False,,guitars,,,
706,2.231731243370189,2.231731243370189,False,False,,guitars,,,
707,2.228682154624261,2.228682154624261,False,False,,guitars,,,
708,2.2141646820726377,2.2141646820726377,False,False,,guitars,,,
709,2.2050686616229527,2.2050686616229527,False,False,,guitars,,,
710,2.213192436885134,2.213192436885134,False,False,,guitars,,,
711,2.21513637148449,2.21513637148449,False,False,,guitars,,,
712,2.211570790789245,2.211570790789245,False,False,,guitars,,,
713,2.222083959680385,2.222083959680385,False,False,,guitars,,,
714,2.23253273377972,2.23253273377972,False,False,,guitars,,,
715,2.2389312109435218,2.2389312109435218,False,False,,guitars,,,
716,2.2370141706162663,2.2370141706162663,False,False,,guitars,,,
717,2.226753611414094,2.226753611414094,False,False,,guitars,,,
718,2.2373338259311564,2.2373338259311564,False,False,,guitars,,,
719,2.241962159569659,2.241962159569659,False,False,,guitars,,,
720,2.238132704067916,2.238132704067916,False,False,,guitars,,,
721,2.2350949879651223,2.2350949879651223,False,False,,guitars,,,
722,2.2220839596803845,2.2220839596803845,False,False,,guitars,,,
723,2.229966643380588,2.229966643380588,False,False,,guitars,,,
724,2.2373338259311564,2.2373338259311564,False,False,,guitars,,,
725,2.2373338259311564,2.2373338259311564,False,False,,guitars,,,
726,2.2334940278029034,2.2334940278029034,False,False,,guitars,,,
727,2.2306085264952062,2.2306085264952062,False,False,,guitars,,,
728,2.230287615017161,2.230287615017161,False,False,,guitars,,,
729,2.230287615017161,2.230287615017161,False,False,,guitars,,,
730,2.234934959167532,2.234934959167532,False,False,,guitars,,,
731,2.2341345911946577,2.2341345911946577,False,False,,guitars,,,
732,2.243714482362564,2.243714482362564,False,False,,guitars,,,
733,2.252449483359826,2.252449483359826,False,False,,guitars,,,
734,2.254032930602276,2.254032930602276,False,False,,guitars,,,
735,2.264132868374121,2.264132868374121,False,False,,guitars,,,
736,2.275738245339761,2.275738245339761,False,False,,guitars,,,
737,2.274487327111118,2.274487327111118,False,False,,guitars,,,
738,2.2705724194001564,2.2705724194001564,False,False,,guitars,,,
739,2.261298198883944,2.261298198883944,False,False,,guitars,,,
740,2.264290214494615,2.264290214494615,False,False,,guitars,,,
741,2.266615241647788,2.266615241647788,False,False,,guitars,,,
742,2.267389560699669,2.267389560699669,False,False,,guitars,,,
743,2.272645821287022,2.272645821287022,False,False,,guitars,,,
744,2.2621173799083816,2.2621173799083816,False,False,,guitars,,,
745,2.2611853323704083,2.2611853323704083,False,False,,guitars,,,
746,2.242124049057712,2.242124049057712,False,False,,guitars,,,
747,2.253398726696454,2.253398726696454,False,False,,guitars,,,
748,2.25729640298339,2.25729640298339,False,False,,guitars,,,
749,2.2695558237631484,2.2695558237631484,False,False,,guitars,,,
750,2.273417466046515,2.273417466046515,False,False,,guitars,,,
751,2.276654655033464,2.276654655033464,False,False,,guitars,,,
752,2.277886294018019,2.277886294018019,False,False,,guitars,,,
753,2.2720282596701025,2.2720282596701025,False,False,,guitars,,,
754,2.2709470003942878,2.2709470003942878,False,False,,guitars,,,
755,2.275884439728184,2.275884439728184,False,False,,guitars,,,
756,2.265840577879844,2.265840577879844,False,False,,guitars,,,
757,2.2507432827196863,2.2507432827196863,False,False,,guitars,,,
758,2.256205937651385,2.256205937651385,False,False,,guitars,,,
759,2.259941823321207,2.259941823321207,False,False,,guitars,,,
760,2.2361436401773536,2.2361436401773536,False,False,,guitars,,,
761,2.2298258828936706,2.2298258828936706,False,False,,guitars,,,
762,2.2408667430305678,2.2408667430305678,False,False,,guitars,,,
763,2.2353551922052306,2.2353551922052306,False,False,,guitars,,,
764,2.2353551922052306,2.2353551922052306,False,False,,guitars,,,
765,2.226816764579021,2.226816764579021,False,False,,guitars,,,
766,2.225230888528563,2.225230888528563,False,False,,guitars,,,
767,2.2309331730463478,2.2309331730463478,False,False,,guitars,,,
768,2.2337772085568366,2.2337772085568366,False,False,,guitars,,,
769,2.239293817118504,2.239293817118504,False,False,,guitars,,,
770,2.2465174052230177,2.2465174052230177,False,False,,guitars,,,
771,2.253554802372334,2.253554802372334,False,False,,guitars,,,
772,2.2504306091757176,2.2504306091757176,False,False,,guitars,,,
773,2.256517569219324,2.256517569219324,False,False,,guitars,,,
774,2.261185332370408,2.261185332370408,False,False,,guitars,,,
775,2.265840577879844,2.265840577879844,False,False,,guitars,,,
776,2.268627755231798,2.268627755231798,False,False,,guitars,,,
777,2.2706379459764903,2.2706379459764903,False,False,,guitars,,,
778,2.2704833982181105,2.2704833982181105,False,False,,guitars,,,
779,2.274497195902851,2.274497195902851,False,False,,guitars,,,
780,2.279732127710964,2.279732127710964,False,False,,guitars,,,
781,2.2778862940180185,2.2778862940180185,False,False,,guitars,,,
782,2.2781940682555937,2.2781940682555937,False,False,,guitars,,,
783,2.2818831428817083,2.2818831428817083,False,False,,guitars,,,
784,2.2820366857743126,2.2820366857743126,False,False,,guitars,,,
785,2.274497195902851,2.274497195902851,False,False,,guitars,,,
786,2.2735717540636102,2.2735717540636102,False,False,,guitars,,,
787,2.277424531071504,2.277424531071504,False,False,,guitars,,,
788,2.2818831428817083,2.2818831428817083,False,False,,guitars,,,
789,2.2818831428817083,2.2818831428817083,False,False,,guitars,,,
790,2.2728001775399207,2.2728001775399207,False,False,,guitars,,,
791,2.2843382163097328,2.2843382163097328,False,False,,guitars,,,
792,2.292446205358569,2.292446205358569,False,False,,guitars,,,
793,2.2913774802711324,2.2913774802711324,False,False,,guitars,,,
794,2.2874022331751203,2.2874022331751203,False,False,,guitars,,,
795,2.2880143952962357,2.2880143952962357,False,False,,guitars,,,
796,2.286636730299733,2.286636730299733,False,False,,guitars,,,
797,2.284338216309733,2.284338216309733,False,False,,guitars,,,
798,2.2840315201000227,2.2840315201000227,False,False,,guitars,,,
799,2.2889322386616646,2.2889322386616646,False,False,,guitars,,,
800,2.290155284569986,2.290155284569986,False,False,,guitars,,,
801,2.285870893466196,2.285870893466196,False,False,,guitars,,,
802,2.292751436205718,2.292751436205718,False,False,,guitars,,,
803,2.2661504847801317,2.2661504847801317,False,False,,guitars,,,
804,2.2722432342167096,2.2722432342167096,False,False,,guitars,,,
805,2.2676756714579698,2.2676756714579698,False,False,,guitars,,,
806,2.2764955289092854,2.2764955289092854,False,False,,guitars,,,
807,2.28134266006347,2.28134266006347,False,False,,guitars,,,
808,2.283610141397708,2.283610141397708,False,False,,guitars,,,
809,2.299401081226533,2.299401081226533,False,False,,guitars,,,
810,2.2985025462259,2.2985025462259,False,False,,guitars,,,
811,2.293402181998468,2.293402181998468,False,False,,guitars,,,
812,2.2944534644125145,2.2944534644125145,False,False,,guitars,,,
813,2.299401081226533,2.299401081226533,False,False,,guitars,,,
814,2.295804191986401,2.295804191986401,False,False,,guitars,,,
815,2.2964041832035798,2.2964041832035798,False,False,,guitars,,,
816,2.2949038220021447,2.2949038220021447,False,False,,guitars,,,
817,2.299101620383756,2.299101620383756,False,False,,guitars,,,
818,2.3038869121086165,2.3038869121086165,False,False,,guitars,,,
819,2.3126760149607484,2.3126760149607484,False,False,,guitars,,,
820,2.3113381175170096,2.3113381175170096,False,False,,guitars,,,
821,2.3123787915525096,2.3123787915525096,False,False,,guitars,,,
822,2.317276630334592,2.317276630334592,False,False,,guitars,,,
823,2.317276630334592,2.317276630334592,False,False,,guitars,,,
824,2.306871156504233,2.306871156504233,False,False,,guitars,,,
825,2.309106044018888,2.309106044018888,False,False,,guitars,,,
826,2.297903268612378,2.297903268612378,False,False,,guitars,,,
827,2.294903822002145,2.294903822002145,False,False,,guitars,,,
828,2.301645420187584,2.301645420187584,False,False,,guitars,,,
829,2.3068711565042337,2.3068711565042337,False,False,,guitars,,,
830,2.3128246080075407,2.3128246080075407,False,False,,guitars,,,
831,2.3120815183721826,2.3120815183721826,False,False,,guitars,,,
832,2.317276630334592,2.317276630334592,False,False,,guitars,,,
833,2.322456615289884,2.322456615289884,False,False,,guitars,,,
834,2.3299777627711347,2.3299777627711347,False,False,,guitars,,,
835,2.3393715527470333,2.3393715527470333,False,False,,guitars,,,
836,2.3408348991265564,2.3408348991265564,False,False,,guitars,,,
837,2.3447799947361814,2.3447799947361814,False,False,,guitars,,,
838,2.3488620932882283,2.3488620932882283,False,False,,guitars,,,
839,2.348425167616219,2.348425167616219,False,False,,guitars,,,
840,2.349590067571925,2.349590067571925,False,False,,guitars,,,
841,2.356128659826672,2.356128659826672,False,False,,guitars,,,
842,2.3463847795902955,2.3463847795902955,False,False,,guitars,,,
843,2.348425167616219,2.348425167616219,False,False,,guitars,,,
844,2.3472595145002404,2.3472595145002404,False,False,,guitars,,,
845,2.3408348991265564,2.3408348991265564,False,False,,guitars,,,
846,2.3408348991265564,2.3408348991265564,False,False,,guitars,,,
847,2.348133824998636,2.348133824998636,False,False,,guitars,,,
848,2.3583029454082163,2.3583029454082163,False,False,,guitars,,,
849,2.369135424420896,2.369135424420896,False,False,,guitars,,,
850,2.3770384214140408,2.3770384214140408,False,False,,guitars,,,
851,2.3770384214140408,2.3770384214140408,False,False,,guitars,,,
852,2.38262169102068,2.38262169102068,False,False,,guitars,,,
853,2.387760394775247,2.387760394775247,False,False,,guitars,,,
854,2.392742583697187,2.392742583697187,False,False,,guitars,,,
855,2.3913204807175727,2.3913204807175727,False,False,,guitars,,,
856,2.396434908795986,2.396434908795986,False,False,,guitars,,,
857,2.3943056264380185,2.3943056264380185,False,False,,guitars,,,
858,2.396151146875264,2.396151146875264,False,False,,guitars,,,
859,2.396151146875264,2.396151146875264,False,False,,guitars,,,
860,2.385621020362714,2.385621020362714,False,False,,guitars,,,
861,2.3764648120038987,2.3764648120038987,False,False,,guitars,,,
862,2.3806194027283523,2.3806194027283523,False,False,,guitars,,,
863,2.382049832351781,2.382049832351781,False,False,,guitars,,,
864,2.3834791439572607,2.3834791439572607,False,False,,guitars,,,
865,2.389897275267243,2.389897275267243,False,False,,guitars,,,
866,2.3930268722044894,2.3930268722044894,False,False,,guitars,,,
867,2.379903767902812,2.379903767902812,False,False,,guitars,,,
868,2.3763213814695234,2.3763213814695234,False,False,,guitars,,,
869,2.3764648120038987,2.3764648120038987,False,False,,guitars,,,
870,2.377038421414041,2.377038421414041,False,False,,guitars,,,
871,2.3763213814695234,2.3763213814695234,False,False,,guitars,,,
872,2.368415266146197,2.368415266146197,False,False,,guitars,,,
873,2.3583029454082163,2.3583029454082163,False,False,,guitars,,,
874,2.3583029454082163,2.3583029454082163,False,False,,guitars,,,
875,2.3396369620566007,2.3396369620566007,False,False,,guitars,,,
876,2.337037119669049,2.337037119669049,False,False,,guitars,,,
877,2.3280531337433867,2.3280531337433867,False,False,,guitars,,,
878,2.334578248998416,2.334578248998416,False,False,,guitars,,,
879,2.3381930700539124,2.3381930700539124,False,False,,guitars,,,
880,2.327471969929624,2.327471969929624,False,False,,guitars,,,
881,2.3078926347911404,2.3078926347911404,False,False,,guitars,,,
882,2.318293587142659,2.318293587142659,False,False,,guitars,,,
883,2.330230816896129,2.330230816896129,False,False,,guitars,,,
884,2.334578248998416,2.334578248998416,False,False,,guitars,,,
885,2.330956122463004,2.330956122463004,False,False,,guitars,,,
886,2.3280531337433867,2.3280531337433867,False,False,,guitars,,,
887,2.3280531337433867,2.3280531337433867,False,False,,guitars,,,
888,2.3061286872387545,2.3061286872387545,False,False,,guitars,,,
889,2.29728246313608,2.29728246313608,False,False,,guitars,,,
890,2.29994098475116,2.29994098475116,False,False,,guitars,,,
891,2.2950639632702186,2.2950639632702186,False,False,,guitars,,,
892,2.2748207137013474,2.2748207137013474,False,False,,guitars,,,
893,2.2652127993905413,2.2652127993905413,False,False,,guitars,,,
894,2.228547108634233,2.228547108634233,False,False,,guitars,,,
895,2.2219220568433404,2.2219220568433404,False,False,,guitars,,,
896,2.244770048706488,2.244770048706488,False,False,,guitars,,,
897,2.260237912884062,2.260237912884062,False,False,,guitars,,,
898,2.2552487220786905,2.2552487220786905,False,False,,guitars,,,
899,2.2409576635585746,2.2409576635585746,False,False,,guitars,,,
900,2.223310823802769,2.223310823802769,False,False,,guitars,,,
901,2.213100148754941,2.213100148754941,False,False,,guitars,,,
902,2.22176767959871,2.22176767959871,False,False,,guitars,,,
903,2.227624223207977,2.227624223207977,False,False,,guitars,,,
904,2.213255313962444,2.213255313962444,False,False,,guitars,,,
905,2.229162089116876,2.229162089116876,False,False,,guitars,,,
906,2.235606088082359,2.235606088082359,False,False,,guitars,,,
907,2.244770048706489,2.244770048706489,False,False,,guitars,,,
908,2.258425322710165,2.258425322710165,False,False,,guitars,,,
909,2.2538855361054293,2.2538855361054293,False,False,,guitars,,,
910,2.257820704714166,2.257820704714166,False,False,,guitars,,,
911,2.267469413344915,2.267469413344915,False,False,,guitars,,,
912,2.27047368908762,2.27047368908762,False,False,,guitars,,,
913,2.2661157962321576,2.2661157962321576,False,False,,guitars,,,
914,2.269873248262321,2.269873248262321,False,False,,guitars,,,
915,2.26370676180532,2.26370676180532,False,False,,guitars,,,
916,2.268070683212448,2.268070683212448,False,False,,guitars,,,
917,2.268972198905331,2.268972198905331,False,False,,guitars,,,
918,2.271973886977485,2.271973886977485,False,False,,guitars,,,
919,2.271373962699642,2.271373962699642,False,False,,guitars,,,
920,2.271973886977485,2.271973886977485,False,False,,guitars,,,
921,2.2718239252539587,2.2718239252539587,False,False,,guitars,,,
922,2.2797542026812407,2.2797542026812407,False,False,,guitars,,,
923,2.2815447547197185,2.2815447547197185,False,False,,guitars,,,
924,2.2785594829012465,2.2785594829012465,False,False,,guitars,,,
925,2.287797320800664,2.287797320800664,False,False,,guitars,,,
926,2.2934352863322847,2.2934352863322847,False,False,,guitars,,,
927,2.2869054601322296,2.2869054601322296,False,False,,guitars,,,
928,2.283929313915044,2.283929313915044,False,False,,guitars,,,
929,2.283929313915044,2.283929313915044,False,False,,guitars,,,
930,2.280948107468184,2.280948107468184,False,False,,guitars,,,
931,2.2869054601322296,2.2869054601322296,False,False,,guitars,,,
932,2.2758683755850138,2.2758683755850138,False,False,,guitars,,,
933,2.288391643068377,2.288391643068377,False,False,,guitars,,,
934,2.291360243323741,2.291360243323741,False,False,,guitars,,,
935,2.2928426665003627,2.2928426665003627,False,False,,guitars,,,
936,2.29106360874264,2.29106360874264,False,False,,guitars,,,
937,2.296543273346435,2.296543273346435,False,False,,guitars,,,
938,2.3053931901482008,2.3053931901482008,False,False,,guitars,,,
939,2.310198118992176,2.310198118992176,False,False,,guitars,,,
940,2.31426484355536,2.31426484355536,False,False,,guitars,,,
941,2.307287596917872,2.307287596917872,False,False,,guitars,,,
942,2.3084523793610168,2.3084523793610168,False,False,,guitars,,,
943,2.3096163967546546,2.3096163967546546,False,False,,guitars,,,
944,2.308306823422801,2.308306823422801,False,False,,guitars,,,
945,2.311651590469125,2.311651590469125,False,False,,guitars,,,
946,2.3149900653766644,2.3149900653766644,False,False,,guitars,,,
947,2.3145549678031787,2.3145549678031787,False,False,,guitars,,,
948,2.3180327705995096,2.3180327705995096,False,False,,guitars,,,
949,2.3160048790305234,2.3160048790305234,False,False,,guitars,,,
950,2.3180327705995087,2.3180327705995087,False,False,,guitars,,,
951,2.32684173903899,2.32684173903899,False,False,,guitars,,,
952,2.323236767285718,2.323236767285718,False,False,,guitars,,,
953,2.330008106936972,2.330008106936972,False,False,,guitars,,,
954,2.3290012344492137,2.3290012344492137,False,False,,guitars,,,
955,2.3196244943075754,2.3196244943075754,False,False,,guitars,,,
956,2.316729391454129,2.316729391454129,False,False,,guitars,,,
957,2.3203475349673104,2.3203475349673104,False,False,,guitars,,,
958,2.3249680624056808,2.3249680624056808,False,False,,guitars,,,
959,2.3249680624056808,2.3249680624056808,False,False,,guitars,,,
960,2.327273846943664,2.327273846943664,False,False,,guitars,,,
961,2.3275618608307083,2.3275618608307083,False,False,,guitars,,,
962,2.325400623871584,2.325400623871584,False,False,,guitars,,,
963,2.3274178596904007,2.3274178596904007,False,False,,guitars,,,
964,2.31745360886171,2.31745360886171,False,False,,guitars,,,
965,2.306704918367495,2.306704918367495,False,False,,guitars,,,
966,2.310779650487937,2.310779650487937,False,False,,guitars,,,
967,2.305830540890079,2.305830540890079,False,False,,guitars,,,
968,2.307287596917872,2.307287596917872,False,False,,guitars,,,
969,2.2941306504374164,2.2941306504374164,False,False,,guitars,,,
970,2.2935436140011727,2.2935436140011727,False,False,,guitars,,,
971,2.290752514183194,2.290752514183194,False,False,,guitars,,,
972,2.3013060271081187,2.3013060271081187,False,False,,guitars,,,
973,2.296330296463564,2.296330296463564,False,False,,guitars,,,
974,2.299405197848706,2.299405197848706,False,False,,guitars,,,
975,2.302182643520475,2.302182643520475,False,False,,guitars,,,
976,2.3109250035787485,2.3109250035787485,False,False,,guitars,,,
977,2.3135393255837995,2.3135393255837995,False,False,,guitars,,,
978,2.31571499138205,2.31571499138205,False,False,,guitars,,,
979,2.31571499138205,2.31571499138205,False,False,,guitars,,,
980,2.3160048790305234,2.3160048790305234,False,False,,guitars,,,
981,2.3194798509433108,2.3194798509433108,False,False,,guitars,,,
982,2.323236767285718,2.323236767285718,False,False,,guitars,,,
983,2.3181775315854907,2.3181775315854907,False,False,,guitars,,,
984,2.313684452886202,2.313684452886202,False,False,,guitars,,,
985,2.320058353925184,2.320058353925184,False,False,,guitars,,,
986,2.323525433169498,2.323525433169498,False,False,,guitars,,,
987,2.318901159957107,2.318901159957107,False,False,,guitars,,,
988,2.3282816925263763,2.3282816925263763,False,False,,guitars,,,
989,2.340474757581554,2.340474757581554,False,False,,guitars,,,
990,2.3350339903763406,2.3350339903763406,False,False,,guitars,,,
991,2.338329056112696,2.338329056112696,False,False,,guitars,,,
992,2.338329056112696,2.338329056112696,False,False,,guitars,,,
993,2.340045822303062,2.340045822303062,False,False,,guitars,,,
994,2.348320497301104,2.348320497301104,False,False,,guitars,,,
995,2.3511650432388,2.3511650432388,False,False,,guitars,,,
996,2.361085834739265,2.361085834739265,False,False,,guitars,,,
997,2.357548936751015,2.357548936751015,False,False,,guitars,,,
998,2.3504543271178613,2.3504543271178613,False,False,,guitars,,,
999,2.3660259283742904,2.3660259283742904,False,False,,guitars,,,
1000,2.3674349182215613,2.3674349182215613,False,False,,guitars,,,
1001,2.3490320544548955,2.3490320544548955,False,False,,guitars,,,
1002,2.34176094945414,2.34176094945414,False,False,,guitars,,,
1003,2.34333171318522,2.34333171318522,False,False,,guitars,,,
1004,2.3305830088890973,2.3305830088890973,False,False,,guitars,,,
1005,2.3267406390697256,2.3267406390697256,False,False,,guitars,,,
1006,2.3358351152803745,2.3358351152803745,False,False,,guitars,,,
1007,2.3468570242581235,2.3468570242581235,False,False,,guitars,,,
1008,2.341919652755248,2.341919652755248,False,False,,guitars,,,
1009,2.339375145420668,2.339375145420668,False,False,,guitars,,,
1010,2.339375145420668,2.339375145420668,False,False,,guitars,,,
1011,2.352483217864131,2.352483217864131,False,False,,guitars,,,
1012,2.35711166734727,2.35711166734727,False,False,,guitars,,,
1013,2.357671887462917,2.357671887462917,False,False,,guitars,,,
1014,2.3559907064931425,2.3559907064931425,False,False,,guitars,,,
1015,2.364381050398513,2.364381050398513,False,False,,guitars,,,
1016,2.359631293766431,2.359631293766431,False,False,,guitars,,,
1017,2.36786560483608,2.36786560483608,False,False,,guitars,,,
1018,2.361588582968612,2.361588582968612,False,False,,guitars,,,
1019,2.363822900649587,2.363822900649587,False,False,,guitars,,,
1020,2.368561714586494,2.368561714586494,False,False,,guitars,,,
1021,2.365078496322988,2.365078496322988,False,False,,guitars,,,
1022,2.375092163780917,2.375092163780917,False,False,,guitars,,,
1023,2.369257557951379,2.369257557951379,False,False,,guitars,,,
1024,2.36577567444482,2.36577567444482,False,False,,guitars,,,
1025,2.368840083882905,2.368840083882905,False,False,,guitars,,,
1026,2.368840083882905,2.368840083882905,False,False,,guitars,,,
1027,2.3757855168368707,2.3757855168368707,False,False,,guitars,,,
1028,2.376894333809468,2.376894333809468,False,False,,guitars,,,
1029,2.36786560483608,2.36786560483608,False,False,,guitars,,,
1030,2.3647995501054573,2.3647995501054573,False,False,,guitars,,,
1031,2.3629853540015158,2.3629853540015158,False,False,,guitars,,,
1032,2.364381050398513,2.364381050398513,False,False,,guitars,,,
1033,2.369953135212682,2.369953135212682,False,False,,guitars,,,
1034,2.370509405616299,2.370509405616299,False,False,,guitars,,,
1035,2.370648446651864,2.370648446651864,False,False,,guitars,,,
1036,2.3699531352126826,2.3699531352126826,False,False,,guitars,,,
1037,2.3702312916712582,2.3702312916712582,False,False,,guitars,,,
1038,2.3566913884149714,2.3566913884149714,False,False,,guitars,,,
1039,2.3580919387853325,2.3580919387853325,False,False,,guitars,,,
1040,2.3663332243155177,2.3663332243155177,False,False,,guitars,,,
1041,2.3548690504822924,2.3548690504822924,False,False,,guitars,,,
1042,2.3545885277214382,2.3545885277214382,False,False,,guitars,,,
1043,2.3674478110032973,2.3674478110032973,False,False,,guitars,,,
1044,2.371065506037658,2.371065506037658,False,False,,guitars,,,
1045,2.3741210263329684,2.3741210263329684,False,False,,guitars,,,
1046,2.3741210263329684,2.3741210263329684,False,False,,guitars,,,
1047,2.3737046661279457,2.3737046661279457,False,False,,guitars,,,
1048,2.3741210263329684,2.3741210263329684,False,False,,guitars,,,
1049,2.3643810503985137,2.3643810503985137,False,False,,guitars,,,
1050,2.3615885829686123,2.3615885829686123,False,False,,guitars,,,
1051,2.3622871029576897,2.3622871029576897,False,False,,guitars,,,
1052,2.362985354001516,2.362985354001516,False,False,,guitars,,,
1053,2.3531852604333574,2.3531852604333574,False,False,,guitars,,,
1054,2.336543680262282,2.336543680262282,False,False,,guitars,,,
1055,2.341354517947786,2.341354517947786,False,False,,guitars,,,
1056,2.3422021535556468,2.3422021535556468,False,False,,guitars,,,
1057,2.34981296376344,2.34981296376344,False,False,,guitars,,,
1058,2.34981296376344,2.34981296376344,False,False,,guitars,,,
1059,2.3510783134076974,2.3510783134076974,False,False,,guitars,,,
1060,2.357391799082221,2.357391799082221,False,False,,guitars,,,
1061,2.362845725294612,2.362845725294612,False,False,,guitars,,,
1062,2.353466001084582,2.353466001084582,False,False,,guitars,,,
1063,2.347561259153469,2.347561259153469,False,False,,guitars,,,
1064,2.3414958183065258,2.3414958183065258,False,False,,guitars,,,
1065,2.344742666129188,2.344742666129188,False,False,,guitars,,,
1066,2.3324046898052195,2.3324046898052195,False,False,,guitars,,,
1067,2.3239434518182964,2.3239434518182964,False,False,,guitars,,,
1068,2.3134523386599577,2.3134523386599577,False,False,,guitars,,,
1069,2.322246382858573,2.322246382858573,False,False,,guitars,,,
1070,2.315725934673835,2.315725934673835,False,False,,guitars,,,
1071,2.312598989376589,2.312598989376589,False,False,,guitars,,,
1072,2.312598989376589,2.312598989376589,False,False,,guitars,,,
1073,2.3206893159249784,2.3206893159249784,False,False,,guitars,,,
1074,2.309751524959303,2.309751524959303,False,False,,guitars,,,
1075,2.309751524959303,2.309751524959303,False,False,,guitars,,,
1076,2.2894016258924306,2.2894016258924306,False,False,,guitars,,,
1077,2.2797176098989977,2.2797176098989977,False,False,,guitars,,,
1078,2.2723101211304013,2.2723101211304013,False,False,,guitars,,,
1079,2.26647824122834,2.26647824122834,False,False,,guitars,,,
1080,2.283626559163111,2.283626559163111,False,False,,guitars,,,
1081,2.298459069021283,2.298459069021283,False,False,,guitars,,,
1082,2.301181570383276,2.301181570383276,False,False,,guitars,,,
1083,2.3033279536046365,2.3033279536046365,False,False,,guitars,,,
1084,2.2987458459155503,2.2987458459155503,False,False,,guitars,,,
1085,2.2755093609154664,2.2755093609154664,False,False,,guitars,,,
1086,2.279137763427078,2.279137763427078,False,False,,guitars,,,
1087,2.2857944365549088,2.2857944365549088,False,False,,guitars,,,
1088,2.2856499947147038,2.2856499947147038,False,False,,guitars,,,
1089,2.286372085059968,2.286372085059968,False,False,,guitars,,,
1090,2.2856499947147038,2.2856499947147038,False,False,,guitars,,,
1091,2.271436582296819,2.271436582296819,False,False,,guitars,,,
1092,2.276090411683038,2.276090411683038,False,False,,guitars,,,
1093,2.2781225694582887,2.2781225694582887,False,False,,guitars,,,
1094,2.274637422213975,2.274637422213975,False,False,,guitars,,,
1095,2.2654556509976485,2.2654556509976485,False,False,,guitars,,,
1096,2.269105003341916,2.269105003341916,False,False,,guitars,,,
1097,2.287526812124858,2.287526812124858,False,False,,guitars,,,
1098,2.2894016258924306,2.2894016258924306,False,False,,guitars,,,
1099,2.3018973211285894,2.3018973211285894,False,False,,guitars,,,
1100,2.3291659471233603,2.3291659471233603,False,False,,guitars,,,
1101,2.3506015386513024,2.3506015386513024,False,False,,guitars,,,
1102,2.343344883063943,2.343344883063943,False,False,,guitars,,,
1103,2.336901045485047,2.336901045485047,False,False,,guitars,,,
1104,2.338584276642554,2.338584276642554,False,False,,guitars,,,
1105,2.3390048379215425,2.3390048379215425,False,False,,guitars,,,
1106,2.3485112696091246,2.3485112696091246,False,False,,guitars,,,
1107,2.3499050513983253,2.3499050513983253,False,False,,guitars,,,
1108,2.3540799499744653,2.3540799499744653,False,False,,guitars,,,
1109,2.352132865147904,2.352132865147904,False,False,,guitars,,,
1110,2.351297757193018,2.351297757193018,False,False,,guitars,,,
1111,2.357551679208292,2.357551679208292,False,False,,guitars,,,
1112,2.364475232730333,2.364475232730333,False,False,,guitars,,,
1113,2.3666852004765166,2.3666852004765166,False,False,,guitars,,,
1114,2.3726112105496684,2.3726112105496684,False,False,,guitars,,,
1115,2.3837221012799845,2.3837221012799845,False,False,,guitars,,,
1116,2.3837221012799845,2.3837221012799845,False,False,,guitars,,,
1117,2.380574022780141,2.380574022780141,False,False,,guitars,,,
1118,2.387547250284717,2.387547250284717,False,False,,guitars,,,
1119,2.384269040604276,2.384269040604276,False,False,,guitars,,,
1120,2.389456834627448,2.389456834627448,False,False,,guitars,,,
1121,2.4006018496991954,2.4006018496991954,False,False,,guitars,,,
1122,2.3925897005757912,2.3925897005757912,False,False,,guitars,,,
1123,2.398975083215737,2.398975083215737,False,False,,guitars,,,
1124,2.4047976979670667,2.4047976979670667,False,False,,guitars,,,
1125,2.4175969421655914,2.4175969421655914,False,False,,guitars,,,
1126,2.4155818796866324,2.4155818796866324,False,False,,guitars,,,
1127,2.414909705416033,2.414909705416033,False,False,,guitars,,,
1128,2.4136991771986134,2.4136991771986134,False,False,,guitars,,,
1129,2.4205484158576245,2.4205484158576245,False,False,,guitars,,,
1130,2.4252343044717093,2.4252343044717093,False,False,,guitars,,,
1131,2.4260280542721127,2.4260280542721127,False,False,,guitars,,,
1132,2.42721804509062,2.42721804509062,False,False,,guitars,,,
1133,2.423380904383814,2.423380904383814,False,False,,guitars,,,
1134,2.43276131538506,2.43276131538506,False,False,,guitars,,,
1135,2.428803518358169,2.428803518358169,False,False,,guitars,,,
1136,2.416347675618482,2.416347675618482,False,False,,guitars,,,
1137,2.425895786131208,2.425895786131208,False,False,,guitars,,,
1138,2.417012326886632,2.417012326886632,False,False,,guitars,,,
1139,2.4143522915089672,2.4143522915089672,False,False,,guitars,,,
1140,2.4225860245734445,2.4225860245734445,False,False,,guitars,,,
1141,2.4276145398607043,2.4276145398607043,False,False,,guitars,,,
1142,2.424969645994413,2.424969645994413,False,False,,guitars,,,
1143,2.429199676085004,2.429199676085004,False,False,,guitars,,,
1144,2.43447375872215,2.43447375872215,False,False,,guitars,,,
1145,2.43447375872215,2.43447375872215,False,False,,guitars,,,
1146,2.42721804509062,2.42721804509062,False,False,,guitars,,,
1147,2.438025367448833,2.438025367448833,False,False,,guitars,,,
1148,2.4307834661166927,2.4307834661166927,False,False,,guitars,,,
1149,2.4394703886797804,2.4394703886797804,False,False,,guitars,,,
1150,2.4491626005282425,2.4491626005282425,False,False,,guitars,,,
1151,2.452686534402236,2.452686534402236,False,False,,guitars,,,
1152,2.4594548522015445,2.4594548522015445,False,False,,guitars,,,
1153,2.467363813120756,2.467363813120756,False,False,,guitars,,,
1154,2.465162998085575,2.465162998085575,False,False,,guitars,,,
1155,2.452816923843759,2.452816923843759,False,False,,guitars,,,
1156,2.4469404348120056,2.4469404348120056,False,False,,guitars,,,
1157,2.4576350009879997,2.4576350009879997,False,False,,guitars,,,
1158,2.4608835057370166,2.4608835057370166,False,False,,guitars,,,
1159,2.458155137561432,2.458155137561432,False,False,,guitars,,,
1160,2.4573748789214718,2.4573748789214718,False,False,,guitars,,,
1161,2.459584774464408,2.459584774464408,False,False,,guitars,,,
1162,2.463478293419319,2.463478293419319,False,False,,guitars,,,
1163,2.474853303677846,2.474853303677846,False,False,,guitars,,,
1164,2.4711122543690367,2.4711122543690367,False,False,,guitars,,,
1165,2.4696913041711235,2.4696913041711235,False,False,,guitars,,,
1166,2.474853303677846,2.474853303677846,False,False,,guitars,,,
1167,2.4870571879514176,2.4870571879514176,False,False,,guitars,,,
1168,2.488337274779356,2.488337274779356,False,False,,guitars,,,
1169,2.486416822588232,2.486416822588232,False,False,,guitars,,,
1170,2.46839860651585,2.46839860651585,False,False,,guitars,,,
1171,2.4659400484916247,2.4659400484916247,False,False,,guitars,,,
1172,2.457504944437811,2.457504944437811,False,False,,guitars,,,
1173,2.4638672046047585,2.4638672046047585,False,False,,guitars,,,
1174,2.467751926880481,2.467751926880481,False,False,,guitars,,,
1175,2.458025116858753,2.458025116858753,False,False,,guitars,,,
1176,2.462181344823896,2.462181344823896,False,False,,guitars,,,
1177,2.4761416140322288,2.4761416140322288,False,False,,guitars,,,
1178,2.48628872373415,2.48628872373415,False,False,,guitars,,,
1179,2.4761416140322288,2.4761416140322288,False,False,,guitars,,,
1180,2.4756263946850203,2.4756263946850203,False,False,,guitars,,,
1181,2.4844944363079544,2.4844944363079544,False,False,,guitars,,,
1182,2.472274058837203,2.472274058837203,False,False,,guitars,,,
1183,2.492683167584055,2.492683167584055,False,False,,guitars,,,
1184,2.487057187951418,2.487057187951418,False,False,,guitars,,,
1185,2.493066155044223,2.493066155044223,False,False,,guitars,,,
1186,2.493066155044223,2.493066155044223,False,False,,guitars,,,
1187,2.5061691993243924,2.5061691993243924,False,False,,guitars,,,
1188,2.508703151839728,2.508703151839728,False,False,,guitars,,,
1189,2.5135084987475707,2.5135084987475707,False,False,,guitars,,,
1190,2.5201907761096147,2.5201907761096147,False,False,,guitars,,,
1191,2.5274771079033784,2.5274771079033784,False,False,,guitars,,,
1192,2.5286052953556246,2.5286052953556246,False,False,,guitars,,,
1193,2.521700543422853,2.521700543422853,False,False,,guitars,,,
1194,2.51649636608961,2.51649636608961,False,False,,guitars,,,
1195,2.5129823006354988,2.5129823006354988,False,False,,guitars,,,
1196,2.5111512903609645,2.5111512903609645,False,False,,guitars,,,
1197,2.522232831167053,2.522232831167053,False,False,,guitars,,,
1198,2.5257510138140007,2.5257510138140007,False,False,,guitars,,,
1199,2.5233253647701503,2.5233253647701503,False,False,,guitars,,,
1200,2.5269627012055143,2.5269627012055143,False,False,,guitars,,,
1201,2.5330098191052626,2.5330098191052626,False,False,,guitars,,,
1202,2.529746714039891,2.529746714039891,False,False,,guitars,,,
1203,2.526356952134037,2.526356952134037,False,False,,guitars,,,
1204,2.524902381916585,2.524902381916585,False,False,,guitars,,,
1205,2.528899828386878,2.528899828386878,False,False,,guitars,,,
1206,2.5348202915936837,2.5348202915936837,False,False,,guitars,,,
1207,2.536749607506391,2.536749607506391,False,False,,guitars,,,
1208,2.5433671000733367,2.5433671000733367,False,False,,guitars,,,
1209,2.5505606977113566,2.5505606977113566,False,False,,guitars,,,
1210,2.557847196918935,2.557847196918935,False,False,,guitars,,,
1211,2.562372692738158,2.562372692738158,False,False,,guitars,,,
1212,2.56415620964072,2.56415620964072,False,False,,guitars,,,
1213,2.565106758270081,2.565106758270081,False,False,,guitars,,,
1214,2.564393889825892,2.564393889825892,False,False,,guitars,,,
1215,2.5653443237462947,2.5653443237462947,False,False,,guitars,,,
1216,2.5653443237462947,2.5653443237462947,False,False,,guitars,,,
1217,2.562729525468562,2.562729525468562,False,False,,guitars,,,
1218,2.5560579430601384,2.5560579430601384,False,False,,guitars,,,
1219,2.538436192416332,2.538436192416332,False,False,,guitars,,,
1220,2.51724791412044,2.51724791412044,False,False,,guitars,,,
1221,2.536629081256681,2.536629081256681,False,False,,guitars,,,
1222,2.5548642002087343,2.5548642002087343,False,False,,guitars,,,
1223,2.548644990669172,2.548644990669172,False,False,,guitars,,,
1224,2.526356952134037,2.526356952134037,False,False,,guitars,,,
1225,2.516151941674293,2.516151941674293,False,False,,guitars,,,
1226,2.533063636078615,2.533063636078615,False,False,,guitars,,,
1227,2.577640960198816,2.577640960198816,False,False,,guitars,,,
1228,2.59962184077913,2.59962184077913,False,False,,guitars,,,
1229,2.568518679362673,2.568518679362673,False,False,,guitars,,,
1230,2.592536936125359,2.592536936125359,False,False,,guitars,,,
1231,2.6139720604463874,2.6139720604463874,False,False,,guitars,,,
1232,2.61282270941652,2.61282270941652,False,False,,guitars,,,
1233,2.618308124544352,2.618308124544352,False,False,,guitars,,,
1234,2.613078177665736,2.613078177665736,False,False,,guitars,,,
1235,2.593311060291539,2.593311060291539,False,False,,guitars,,,
1236,2.5899543449981155,2.5899543449981155,False,False,,guitars,,,
1237,2.5899543449981155,2.5899543449981155,False,False,,guitars,,,
1238,2.552781538744638,2.552781538744638,False,False,,guitars,,,
1239,2.5621078883353885,2.5621078883353885,False,False,,guitars,,,
1240,2.58179717182971,2.58179717182971,False,False,,guitars,,,
1241,2.598335547668472,2.598335547668472,False,False,,guitars,,,
1242,2.5860741566875363,2.5860741566875363,False,False,,guitars,,,
1243,2.58127812202826,2.58127812202826,False,False,,guitars,,,
1244,2.5951161804541165,2.5951161804541165,False,False,,guitars,,,
1245,2.5931820605008724,2.5931820605008724,False,False,,guitars,,,
1246,2.570477004545001,2.570477004545001,False,False,,guitars,,,
1247,2.572172649075541,2.572172649075541,False,False,,guitars,,,
1248,2.58179717182971,2.58179717182971,False,False,,guitars,,,
1249,2.58179717182971,2.58179717182971,False,False,,guitars,,,
1250,2.581148338333504,2.581148338333504,False,False,,guitars,,,
1251,2.594600598756359,2.594600598756359,False,False,,guitars,,,
1252,2.5880151980717545,2.5880151980717545,False,False,,guitars,,,
1253,2.593440051724216,2.593440051724216,False,False,,guitars,,,
1254,2.5859446864445297,2.5859446864445297,False,False,,guitars,,,
1255,2.6010358063323675,2.6010358063323675,False,False,,guitars,,,
1256,2.611161372106802,2.611161372106802,False,False,,guitars,,,
1257,2.5989787978795205,2.5989787978795205,False,False,,guitars,,,
1258,2.5854267210159234,2.5854267210159234,False,False,,guitars,,,
1259,2.557515928529423,2.557515928529423,False,False,,guitars,,,
1260,2.555413165811061,2.555413165811061,False,False,,guitars,,,
1261,2.5547640515032555,2.5547640515032555,False,False,,guitars,,,
1262,2.5662863372168268,2.5662863372168268,False,False,,guitars,,,
1263,2.5719579327227766,2.5719579327227766,False,False,,guitars,,,
1264,2.5509949444152755,2.5509949444152755,False,False,,guitars,,,
1265,2.553854930392024,2.553854930392024,False,False,,guitars,,,
1266,2.562151263228372,2.562151263228372,False,False,,guitars,,,
1267,2.5541147222929608,2.5541147222929608,False,False,,guitars,,,
1268,2.5541147222929608,2.5541147222929608,False,False,,guitars,,,
1269,2.5542446053366783,2.5542446053366783,False,False,,guitars,,,
1270,2.573116026389684,2.573116026389684,False,False,,guitars,,,
1271,2.5844040239716906,2.5844040239716906,False,False,,guitars,,,
1272,2.5907891453987437,2.5907891453987437,False,False,,guitars,,,
1273,2.592063711985203,2.592063711985203,False,False,,guitars,,,
1274,2.5760725189032803,2.5760725189032803,False,False,,guitars,,,
1275,2.572344039407115,2.572344039407115,False,False,,guitars,,,
1276,2.554893891550715,2.554893891550715,False,False,,guitars,,,
1277,2.5176677960008584,2.5176677960008584,False,False,,guitars,,,
1278,2.521369824876249,2.521369824876249,False,False,,guitars,,,
1279,2.5426511409284203,2.5426511409284203,False,False,,guitars,,,
1280,2.5528154183764875,2.5528154183764875,False,False,,guitars,,,
1281,2.5426511409284203,2.5426511409284203,False,False,,guitars,,,
1282,2.560468903958842,2.560468903958842,False,False,,guitars,,,
1283,2.560468903958842,2.560468903958842,False,False,,guitars,,,
1284,2.572858730920065,2.572858730920065,False,False,,guitars,,,
1285,2.570670364814984,2.570670364814984,False,False,,guitars,,,
1286,2.556191819586114,2.556191819586114,False,False,,guitars,,,
1287,2.5528154183764875,2.5528154183764875,False,False,,guitars,,,
1288,2.544348861149594,2.544348861149594,False,False,,guitars,,,
1289,2.5494331901788447,2.5494331901788447,False,False,,guitars,,,
1290,2.5668026114729305,2.5668026114729305,False,False,,guitars,,,
1291,2.5696397053378672,2.5696397053378672,False,False,,guitars,,,
1292,2.5646075107921558,2.5646075107921558,False,False,,guitars,,,
1293,2.5792810928061924,2.5792810928061924,False,False,,guitars,,,
1294,2.589513761519716,2.589513761519716,False,False,,guitars,,,
1295,2.597916232475708,2.597916232475708,False,False,,guitars,,,
1296,2.602738001709949,2.602738001709949,False,False,,guitars,,,
1297,2.6096963401173965,2.6096963401173965,False,False,,guitars,,,
1298,2.6137337306397845,2.6137337306397845,False,False,,guitars,,,
1299,2.622411825181106,2.622411825181106,False,False,,guitars,,,
1300,2.6249202325604646,2.6249202325604646,False,False,,guitars,,,
1301,2.625546846719994,2.625546846719994,False,False,,guitars,,,
1302,2.6284267662073937,2.6284267662073937,False,False,,guitars,,,
1303,2.6284267662073937,2.6284267662073937,False,False,,guitars,,,
1304,2.6246695323323377,2.6246695323323377,False,False,,guitars,,,
1305,2.6320521208861947,2.6320521208861947,False,False,,guitars,,,
1306,2.625546846719994,2.625546846719994,False,False,,guitars,,,
1307,2.6276758792198818,2.6276758792198818,False,False,,guitars,,,
1308,2.6323019056465866,2.6323019056465866,False,False,,guitars,,,
1309,2.6240426452572416,2.6240426452572416,False,False,,guitars,,,
1310,2.639905560924917,2.639905560924917,False,False,,guitars,,,
1311,2.6492153944169523,2.6492153944169523,False,False,,guitars,,,
1312,2.644876117356685,2.644876117356685,False,False,,guitars,,,
1313,2.6442554632888995,2.6442554632888995,False,False,,guitars,,,
1314,2.647356838666906,2.647356838666906,False,False,,guitars,,,
1315,2.644131309702457,2.644131309702457,False,False,,guitars,,,
1316,2.6306777524152083,2.6306777524152083,False,False,,guitars,,,
1317,2.648224376120155,2.648224376120155,False,False,,guitars,,,
1318,2.64114934247893,2.64114934247893,False,False,,guitars,,,
1319,2.6492153944169523,2.6492153944169523,False,False,,guitars,,,
1320,2.6574962870211905,2.6574962870211905,False,False,,guitars,,,
1321,2.6600848824745507,2.6600848824745507,False,False,,guitars,,,
1322,2.663408262909957,2.663408262909957,False,False,,guitars,,,
1323,2.6718958142971507,2.6718958142971507,False,False,,guitars,,,
1324,2.667292651760021,2.667292651760021,False,False,,guitars,,,
1325,2.672863585664099,2.672863585664099,False,False,,guitars,,,
1326,2.671411757346634,2.671411757346634,False,False,,guitars,,,
1327,2.675884933447499,2.675884933447499,False,False,,guitars,,,
1328,2.6721377999416736,2.6721377999416736,False,False,,guitars,,,
1329,2.677574948912485,2.677574948912485,False,False,,guitars,,,
1330,2.681553069368817,2.681553069368817,False,False,,guitars,,,
1331,2.678178189245658,2.678178189245658,False,False,,guitars,,,
1332,2.6768508267527005,2.6768508267527005,False,False,,guitars,,,
1333,2.678901844100551,2.678901844100551,False,False,,guitars,,,
1334,2.6899661582728545,2.6899661582728545,False,False,,guitars,,,
1335,2.700732881905275,2.700732881905275,False,False,,guitars,,,
1336,2.7066903099645714,2.7066903099645714,False,False,,guitars,,,
1337,2.699778103877309,2.699778103877309,False,False,,guitars,,,
1338,2.687685996928874,2.687685996928874,False,False,,guitars,,,
1339,2.668262598312057,2.668262598312057,False,False,,guitars,,,
1340,2.668868581753506,2.668868581753506,False,False,,guitars,,,
1341,2.6792635760592467,2.6792635760592467,False,False,,guitars,,,
1342,2.6792635760592467,2.6792635760592467,False,False,,guitars,,,
1343,2.6823959253529357,2.6823959253529357,False,False,,guitars,,,
1344,2.694997602023984,2.694997602023984,False,False,,guitars,,,
1345,2.697150193701657,2.697150193701657,False,False,,guitars,,,
1346,2.6879261325688044,2.6879261325688044,False,False,,guitars,,,
1347,2.7003748916752817,2.7003748916752817,False,False,,guitars,,,
1348,2.7019257365009017,2.7019257365009017,False,False,,guitars,,,
1349,2.713342416433872,2.713342416433872,False,False,,guitars,,,
1350,2.7072851138331298,2.7072851138331298,False,False,,guitars,,,
1351,2.6882862836409798,2.6882862836409798,False,False,,guitars,,,
1352,2.6791430058083785,2.6791430058083785,False,False,,guitars,,,
1353,2.6487756376073808,2.6487756376073808,False,False,,guitars,,,
1354,2.665715507976022,2.665715507976022,False,False,,guitars,,,
1355,2.6682625983120576,2.6682625983120576,False,False,,guitars,,,
1356,2.6899661582728545,2.6899661582728545,False,False,,guitars,,,
1357,2.695954585834814,2.695954585834814,False,False,,guitars,,,
1358,2.6882862836409798,2.6882862836409798,False,False,,guitars,,,
1359,2.681553069368817,2.681553069368817,False,False,,guitars,,,
1360,2.668868581753506,2.668868581753506,False,False,,guitars,,,
1361,2.6637727378343223,2.6637727378343223,False,False,,guitars,,,
1362,2.678540048506348,2.678540048506348,False,False,,guitars,,,
1363,2.668505013198753,2.668505013198753,False,False,,guitars,,,
1364,2.6718958142971507,2.6718958142971507,False,False,,guitars,,,
1365,2.670080011264633,2.670080011264633,False,False,,guitars,,,
1366,2.661341676658154,2.661341676658154,False,False,,guitars,,,
1367,2.655251332305037,2.655251332305037,False,False,,guitars,,,
1368,2.6463266126938363,2.6463266126938363,False,False,,guitars,,,
1369,2.6548853327704345,2.6548853327704345,False,False,,guitars,,,
1370,2.652443654388733,2.652443654388733,False,False,,guitars,,,
1371,2.6420337007822665,2.6420337007822665,False,False,,guitars,,,
1372,2.630829383061815,2.630829383061815,False,False,,guitars,,,
1373,2.630829383061815,2.630829383061815,False,False,,guitars,,,
1374,2.6092309026856304,2.6092309026856304,False,False,,guitars,,,
1375,2.6047330911937974,2.6047330911937974,False,False,,guitars,,,
1376,2.6198108627746204,2.6198108627746204,False,False,,guitars,,,
1377,2.615336743852782,2.615336743852782,False,False,,guitars,,,
1378,2.6007265261817074,2.6007265261817074,False,False,,guitars,,,
1379,2.5948272653408475,2.5948272653408475,False,False,,guitars,,,
1380,2.5901708471378244,2.5901708471378244,False,False,,guitars,,,
1381,2.606233485203881,2.606233485203881,False,False,,guitars,,,
1382,2.611102013164347,2.611102013164347,False,False,,guitars,,,
1383,2.6198108627746204,2.6198108627746204,False,False,,guitars,,,
1384,2.6160831225803878,2.6160831225803878,False,False,,guitars,,,
1385,2.5985947646145684,2.5985947646145684,False,False,,guitars,,,
1386,2.578418457315495,2.578418457315495,False,False,,guitars,,,
1387,2.5790520813732063,2.5790520813732063,False,False,,guitars,,,
1388,2.5550758110190914,2.5550758110190914,False,False,,guitars,,,
1389,2.5727707422562,2.5727707422562,False,False,,guitars,,,
1390,2.5878126226784945,2.5878126226784945,False,False,,guitars,,,
1391,2.568992330988687,2.568992330988687,False,False,,guitars,,,
1392,2.571512075308146,2.571512075308146,False,False,,guitars,,,
1393,2.5815590452367103,2.5815590452367103,False,False,,guitars,,,
1394,2.5945444507723763,2.5945444507723763,False,False,,guitars,,,
1395,2.605218784228034,2.605218784228034,False,False,,guitars,,,
1396,2.600881464407781,2.600881464407781,False,False,,guitars,,,
1397,2.600633332907192,2.600633332907192,False,False,,guitars,,,
1398,2.6126323846527617,2.6126323846527617,False,False,,guitars,,,
1399,2.618420621648496,2.618420621648496,False,False,,guitars,,,
1400,2.6239469754238067,2.6239469754238067,False,False,,guitars,,,
1401,2.616328929425761,2.616328929425761,False,False,,guitars,,,
1402,2.616328929425761,2.616328929425761,False,False,,guitars,,,
1403,2.627255522965483,2.627255522965483,False,False,,guitars,,,
1404,2.621247098601095,2.621247098601095,False,False,,guitars,,,
1405,2.623333684859079,2.623333684859079,False,False,,guitars,,,
1406,2.621861024988492,2.621861024988492,False,False,,guitars,,,
1407,2.6155901648249,2.6155901648249,False,False,,guitars,,,
1408,2.620141558864978,2.620141558864978,False,False,,guitars,,,
1409,2.62247476417987,2.62247476417987,False,False,,guitars,,,
1410,2.6275003847145757,2.6275003847145757,False,False,,guitars,,,
1411,2.631047545302083,2.631047545302083,False,False,,guitars,,,
1412,2.6287242478558133,2.6287242478558133,False,False,,guitars,,,
1413,2.6287242478558133,2.6287242478558133,False,False,,guitars,,,
1414,2.606703701857128,2.606703701857128,False,False,,guitars,,,
1415,2.593299532990759,2.593299532990759,False,False,,guitars,,,
1416,2.571512075308146,2.571512075308146,False,False,,guitars,,,
1417,2.5639431607663585,2.5639431607663585,False,False,,guitars,,,
1418,2.552280636952581,2.552280636952581,False,False,,guitars,,,
1419,2.531188446745505,2.531188446745505,False,False,,guitars,,,
1420,2.5320879191699235,2.5320879191699235,False,False,,guitars,,,
1421,2.543615692194695,2.543615692194695,False,False,,guitars,,,
1422,2.510774227336809,2.510774227336809,False,False,,guitars,,,
1423,2.4944692266568698,2.4944692266568698,False,False,,guitars,,,
1424,2.4581005813315397,2.4581005813315397,False,False,,guitars,,,
1425,2.4594353681771977,2.4594353681771977,False,False,,guitars,,,
1426,2.484882556086185,2.484882556086185,False,False,,guitars,,,
1427,2.5055716608918583,2.5055716608918583,False,False,,guitars,,,
1428,2.488302503444904,2.488302503444904,False,False,,guitars,,,
1429,2.4594353681771977,2.4594353681771977,False,False,,guitars,,,
1430,2.482643117636031,2.482643117636031,False,False,,guitars,,,
1431,2.464898155584095,2.464898155584095,False,False,,guitars,,,
1432,2.4694163396686006,2.4694163396686006,False,False,,guitars,,,
1433,2.478156328955899,2.478156328955899,False,False,,guitars,,,
1434,2.493814136244935,2.493814136244935,False,False,,guitars,,,
1435,2.4724666625310907,2.4724666625310907,False,False,,guitars,,,
1436,2.4654302665342622,2.4654302665342622,False,False,,guitars,,,
1437,2.4507423156369144,2.4507423156369144,False,False,,guitars,,,
1438,2.4417395452043134,2.4417395452043134,False,False,,guitars,,,
1439,2.426457035819855,2.426457035819855,False,False,,guitars,,,
1440,2.4025388859141734,2.4025388859141734,False,False,,guitars,,,
1441,2.360094926981538,2.360094926981538,False,False,,guitars,,,
1442,2.3443989144931363,2.3443989144931363,False,False,,guitars,,,
1443,2.280935182050838,2.280935182050838,False,False,,guitars,,,
1444,2.3202350663011795,2.3202350663011795,False,False,,guitars,,,
1445,2.3252662857432824,2.3252662857432824,False,False,,guitars,,,
1446,2.3136009152088444,2.3136009152088444,False,False,,guitars,,,
1447,2.312300027998856,2.312300027998856,False,False,,guitars,,,
1448,2.312300027998856,2.312300027998856,False,False,,guitars,,,
1449,2.3629086106829256,2.3629086106829256,False,False,,guitars,,,
1450,2.3202350663011795,2.3202350663011795,False,False,,guitars,,,
1451,2.304184106473884,2.304184106473884,False,False,,guitars,,,
1452,2.3337155318754275,2.3337155318754275,False,False,,guitars,,,
1453,2.344300725848376,2.344300725848376,False,False,,guitars,,,
1454,2.347815320099283,2.347815320099283,False,False,,guitars,,,
1455,2.3450041936605404,2.3450041936605404,False,False,,guitars,,,
1456,2.335130503499351,2.335130503499351,False,False,,guitars,,,
1457,2.3576199129410744,2.3576199129410744,False,False,,guitars,,,
1458,2.362502350295943,2.362502350295943,False,False,,guitars,,,
1459,2.370425735042539,2.370425735042539,False,False,,guitars,,,
1460,2.4017798320501047,2.4017798320501047,False,False,,guitars,,,
1461,2.378452870525451,2.378452870525451,False,False,,guitars,,,
1462,2.3758271820567134,2.3758271820567134,False,False,,guitars,,,
1463,2.3779004078288097,2.3779004078288097,False,False,,guitars,,,
1464,2.372920700726935,2.372920700726935,False,False,,guitars,,,
1465,2.3541243779894567,2.3541243779894567,False,False,,guitars,,,
1466,2.3187903344450707,2.3187903344450707,False,False,,guitars,,,
1467,2.3145029420294945,2.3145029420294945,False,False,,guitars,,,
1468,2.271193551715485,2.271193551715485,False,False,,guitars,,,
1469,2.2623722555563845,2.2623722555563845,False,False,,guitars,,,
1470,2.2377300481193374,2.2377300481193374,False,False,,guitars,,,
1471,2.209084073592954,2.209084073592954,False,False,,guitars,,,
1472,2.2285854328085786,2.2285854328085786,False,False,,guitars,,,
1473,2.2285854328085786,2.2285854328085786,False,False,,guitars,,,
1474,2.221506102364446,2.221506102364446,False,False,,guitars,,,
1475,2.245636033032825,2.245636033032825,False,False,,guitars,,,
1476,2.284196871966588,2.284196871966588,False,False,,guitars,,,
1477,2.299847820284296,2.299847820284296,False,False,,guitars,,,
1478,2.332299441852216,2.332299441852216,False,False,,guitars,,,
1479,2.3351305034993506,2.3351305034993506,False,False,,guitars,,,
1480,2.3485174169868146,2.3485174169868146,False,False,,guitars,,,
1481,2.368343980937545,2.368343980937545,False,False,,guitars,,,
1482,2.360411487915828,2.360411487915828,False,False,,guitars,,,
1483,2.3825910239572066,2.3825910239572066,False,False,,guitars,,,
1484,2.376794980564165,2.376794980564165,False,False,,guitars,,,
1485,2.3794192782353654,2.3794192782353654,False,False,,guitars,,,
1486,2.388918070523284,2.388918070523284,False,False,,guitars,,,
1487,2.397684776703099,2.397684776703099,False,False,,guitars,,,
1488,2.4248153498552485,2.4248153498552485,False,False,,guitars,,,
1489,2.420770993328712,2.420770993328712,False,False,,guitars,,,
1490,2.443573926890624,2.443573926890624,False,False,,guitars,,,
1491,2.451556165037627,2.451556165037627,False,False,,guitars,,,
1492,2.457520698937974,2.457520698937974,False,False,,guitars,,,
1493,2.44637156971091,2.44637156971091,False,False,,guitars,,,
1494,2.440772105635105,2.440772105635105,False,False,,guitars,,,
1495,2.440772105635105,2.440772105635105,False,False,,guitars,,,
1496,2.4295226881205694,2.4295226881205694,False,False,,guitars,,,
1497,2.4187455106682254,2.4187455106682254,False,False,,guitars,,,
1498,2.4200960777861096,2.4200960777861096,False,False,,guitars,,,
1499,2.4244113096172226,2.4244113096172226,False,False,,guitars,,,
1500,2.4312681053516894,2.4312681053516894,False,False,,guitars,,,
1501,2.4395700416966752,2.4395700416966752,False,False,,guitars,,,
1502,2.434218175732894,2.434218175732894,False,False,,guitars,,,
1503,2.4455726685565957,2.4455726685565957,False,False,,guitars,,,
1504,2.4368960224845218,2.4368960224845218,False,False,,guitars,,,
1505,2.4449066578191285,2.4449066578191285,False,False,,guitars,,,
1506,2.4449066578191285,2.4449066578191285,False,False,,guitars,,,
1507,2.461354539199503,2.461354539199503,False,False,,guitars,,,
1508,2.4426404515955022,2.4426404515955022,False,False,,guitars,,,
1509,2.4539442447918565,2.4539442447918565,False,False,,guitars,,,
1510,2.441172622292134,2.441172622292134,False,False,,guitars,,,
1511,2.4328778122830705,2.4328778122830705,False,False,,guitars,,,
1512,2.451556165037627,2.451556165037627,False,False,,guitars,,,
1513,2.449563781400546,2.449563781400546,False,False,,guitars,,,
1514,2.451821656864049,2.451821656864049,False,False,,guitars,,,
1515,2.456858904209558,2.456858904209558,False,False,,guitars,,,
1516,2.4340841826501367,2.4340841826501367,False,False,,guitars,,,
1517,2.43515585842756,2.43515585842756,False,False,,guitars,,,
1518,2.407288132867727,2.407288132867727,False,False,,guitars,,,
1519,2.417470283107137,2.417470283107137,False,False,,guitars,,,
1520,2.415063773668092,2.415063773668092,False,False,,guitars,,,
1521,2.426400545660938,2.426400545660938,False,False,,guitars,,,
1522,2.4375365656032195,2.4375365656032195,False,False,,guitars,,,
1523,2.4478181444628917,2.4478181444628917,False,False,,guitars,,,
1524,2.442420753610668,2.442420753610668,False,False,,guitars,,,
1525,2.460003899384669,2.460003899384669,False,False,,guitars,,,
1526,2.460003899384669,2.460003899384669,False,False,,guitars,,,
1527,2.471462546129291,2.471462546129291,False,False,,guitars,,,
1528,2.4789771558354543,2.4789771558354543,False,False,,guitars,,,
1529,2.482077985885056,2.482077985885056,False,False,,guitars,,,
1530,2.5064502323198803,2.5064502323198803,False,False,,guitars,,,
1531,2.503643991284117,2.503643991284117,False,False,,guitars,,,
1532,2.5191546121377195,2.5191546121377195,False,False,,guitars,,,
1533,2.517381024721104,2.517381024721104,False,False,,guitars,,,
1534,2.5216854905563326,2.5216854905563326,False,False,,guitars,,,
1535,2.5268634740155145,2.5268634740155145,False,False,,guitars,,,
1536,2.5134479918495543,2.5134479918495543,False,False,,guitars,,,
1537,2.5120504709562743,2.5120504709562743,False,False,,guitars,,,
1538,2.4923778285163087,2.4923778285163087,False,False,,guitars,,,
1539,2.51065193659678,2.51065193659678,False,False,,guitars,,,
1540,2.51065193659678,2.51065193659678,False,False,,guitars,,,
1541,2.519787642182622,2.519787642182622,False,False,,guitars,,,
1542,2.5229496898750705,2.5229496898750705,False,False,,guitars,,,
1543,2.500450099508105,2.500450099508105,False,False,,guitars,,,
1544,2.4949441404037,2.4949441404037,False,False,,guitars,,,
1545,2.5000664752767965,2.5000664752767965,False,False,,guitars,,,
1546,2.5111606119346392,2.5111606119346392,False,False,,guitars,,,
1547,2.4945594128403945,2.4945594128403945,False,False,,guitars,,,
1548,2.5007058064095875,2.5007058064095875,False,False,,guitars,,,
1549,2.5064502323198807,2.5064502323198807,False,False,,guitars,,,
1550,2.504282133039944,2.504282133039944,False,False,,guitars,,,
1551,2.4930197291095006,2.4930197291095006,False,False,,guitars,,,
1552,2.497122805133732,2.497122805133732,False,False,,guitars,,,
1553,2.483368510255096,2.483368510255096,False,False,,guitars,,,
1554,2.47237106080694,2.47237106080694,False,False,,guitars,,,
1555,2.464178711566378,2.464178711566378,False,False,,guitars,,,
1556,2.4429480122420086,2.4429480122420086,False,False,,guitars,,,
1557,2.4295890513280325,2.4295890513280325,False,False,,guitars,,,
1558,2.4546413964107567,2.4546413964107567,False,False,,guitars,,,
1559,2.428394000743228,2.428394000743228,False,False,,guitars,,,
1560,2.428394000743228,2.428394000743228,False,False,,guitars,,,
1561,2.4238724359626733,2.4238724359626733,False,False,,guitars,,,
1562,2.405002856887396,2.405002856887396,False,False,,guitars,,,
1563,2.415465075468371,2.415465075468371,False,False,,guitars,,,
1564,2.420273939412923,2.420273939412923,False,False,,guitars,,,
1565,2.4323745293046883,2.4323745293046883,False,False,,guitars,,,
1566,2.4339643671582034,2.4339643671582034,False,False,,guitars,,,
1567,2.415465075468371,2.415465075468371,False,False,,guitars,,,
1568,2.4150637736680927,2.4150637736680927,False,False,,guitars,,,
1569,2.418672368466768,2.418672368466768,False,False,,guitars,,,
1570,2.4270652676658355,2.4270652676658355,False,False,,guitars,,,
1571,2.4190728906930232,2.4190728906930232,False,False,,guitars,,,
1572,2.416401108765911,2.416401108765911,False,False,,guitars,,,
1573,2.425735586366419,2.425735586366419,False,False,,guitars,,,
1574,2.433964367158204,2.433964367158204,False,False,,guitars,,,
1575,2.440970027330411,2.440970027330411,False,False,,guitars,,,
1576,2.4270652676658355,2.4270652676658355,False,False,,guitars,,,
1577,2.438065200474937,2.438065200474937,False,False,,guitars,,,
1578,2.4370077813525963,2.4370077813525963,False,False,,guitars,,,
1579,2.424804244260795,2.424804244260795,False,False,,guitars,,,
1580,2.431258517171172,2.431258517171172,False,False,,guitars,,,
1581,2.4275730983837494,2.4275730983837494,False,False,,guitars,,,
1582,2.431258517171172,2.431258517171172,False,False,,guitars,,,
1583,2.434542931376629,2.434542931376629,False,False,,guitars,,,
1584,2.412757995168895,2.412757995168895,False,False,,guitars,,,
1585,2.403438065041172,2.403438065041172,False,False,,guitars,,,
1586,2.3779006634855966,2.3779006634855966,False,False,,guitars,,,
1587,2.3940708195821685,2.3940708195821685,False,False,,guitars,,,
1588,2.4203125853406946,2.4203125853406946,False,False,,guitars,,,
1589,2.422295536963555,2.422295536963555,False,False,,guitars,,,
1590,2.4384766255798613,2.4384766255798613,False,False,,guitars,,,
1591,2.434936673350544,2.434936673350544,False,False,,guitars,,,
1592,2.423352247100326,2.423352247100326,False,False,,guitars,,,
1593,2.4351991219311167,2.4351991219311167,False,False,,guitars,,,
1594,2.4351991219311167,2.4351991219311167,False,False,,guitars,,,
1595,2.445667009382624,2.445667009382624,False,False,,guitars,,,
1596,2.4397860216044718,2.4397860216044718,False,False,,guitars,,,
1597,2.422031265589622,2.422031265589622,False,False,,guitars,,,
1598,2.431915862285659,2.431915862285659,False,False,,guitars,,,
1599,2.452829961325224,2.452829961325224,False,False,,guitars,,,
1600,2.4754419464438864,2.4754419464438864,False,False,,guitars,,,
1601,2.487732742367222,2.487732742367222,False,False,,guitars,,,
1602,2.487349851894769,2.487349851894769,False,False,,guitars,,,
1603,2.488880953469573,2.488880953469573,False,False,,guitars,,,
1604,2.495501595528949,2.495501595528949,False,False,,guitars,,,
1605,2.4664295503441176,2.4664295503441176,False,False,,guitars,,,
1606,2.4760840546765377,2.4760840546765377,False,False,,guitars,,,
1607,2.510062738580388,2.510062738580388,False,False,,guitars,,,
1608,2.51182789737888,2.51182789737888,False,False,,guitars,,,
1609,2.511071598659861,2.511071598659861,False,False,,guitars,,,
1610,2.529765989029137,2.529765989029137,False,False,,guitars,,,
1611,2.5273921546343003,2.5273921546343003,False,False,,guitars,,,
1612,2.5230116826832445,2.5230116826832445,False,False,,guitars,,,
1613,2.514220888741145,2.514220888741145,False,False,,guitars,,,
1614,2.512457919800513,2.512457919800513,False,False,,guitars,,,
1615,2.526141600778564,2.526141600778564,False,False,,guitars,,,
1616,2.512709871157029,2.512709871157029,False,False,,guitars,,,
1617,2.5174907088102354,2.5174907088102354,False,False,,guitars,,,
1618,2.5133396056220576,2.5133396056220576,False,False,,guitars,,,
1619,2.5272671355193377,2.5272671355193377,False,False,,guitars,,,
1620,2.547539908743783,2.547539908743783,False,False,,guitars,,,
1621,2.55457977402378,2.55457977402378,False,False,,guitars,,,
1622,2.558520926878641,2.558520926878641,False,False,,guitars,,,
1623,2.5617173003704634,2.5617173003704634,False,False,,guitars,,,
1624,2.5342558411206517,2.5342558411206517,False,False,,guitars,,,
1625,2.5386110636649244,2.5386110636649244,False,False,,guitars,,,
1626,2.546054599707657,2.546054599707657,False,False,,guitars,,,
1627,2.5554425778118186,2.5554425778118186,False,False,,guitars,,,
1628,2.558028715270392,2.558028715270392,False,False,,guitars,,,
1629,2.565644180865941,2.565644180865941,False,False,,guitars,,,
1630,2.5298908473191744,2.5298908473191744,False,False,,guitars,,,
1631,2.514850130412639,2.514850130412639,False,False,,guitars,,,
1632,2.518621281566053,2.518621281566053,False,False,,guitars,,,
1633,2.514850130412639,2.514850130412639,False,False,,guitars,,,
1634,2.532012211401583,2.532012211401583,False,False,,guitars,,,
1635,2.532012211401583,2.532012211401583,False,False,,guitars,,,
1636,2.5327603756381376,2.5327603756381376,False,False,,guitars,,,
1637,2.5208804461265952,2.5208804461265952,False,False,,guitars,,,
1638,2.518118886413796,2.518118886413796,False,False,,guitars,,,
1639,2.536123558018577,2.536123558018577,False,False,,guitars,,,
1640,2.551618703733252,2.551618703733252,False,False,,guitars,,,
1641,2.5348786125970104,2.5348786125970104,False,False,,guitars,,,
1642,2.5493949602343773,2.5493949602343773,False,False,,guitars,,,
1643,2.536123558018577,2.536123558018577,False,False,,guitars,,,
1644,2.523387539886695,2.523387539886695,False,False,,guitars,,,
1645,2.511560985499473,2.511560985499473,False,False,,guitars,,,
1646,2.518292321375238,2.518292321375238,False,False,,guitars,,,
1647,2.536991869621281,2.536991869621281,False,False,,guitars,,,
1648,2.5348955931997565,2.5348955931997565,False,False,,guitars,,,
1649,2.5463359923214584,2.5463359923214584,False,False,,guitars,,,
1650,2.55770982674062,2.55770982674062,False,False,,guitars,,,
1651,2.552703691225961,2.552703691225961,False,False,,guitars,,,
1652,2.5431443508488085,2.5431443508488085,False,False,,guitars,,,
1653,2.5376079922839803,2.5376079922839803,False,False,,guitars,,,
1654,2.536991869621281,2.536991869621281,False,False,,guitars,,,
1655,2.55600185049022,2.55600185049022,False,False,,guitars,,,
1656,2.562459944760026,2.562459944760026,False,False,,guitars,,,
1657,2.5736201548976685,2.5736201548976685,False,False,,guitars,,,
1658,2.566348928136164,2.566348928136164,False,False,,guitars,,,
1659,2.5736201548976685,2.5736201548976685,False,False,,guitars,,,
1660,2.5736201548976685,2.5736201548976685,False,False,,guitars,,,
1661,2.572773224115928,2.572773224115928,False,False,,guitars,,,
1662,2.5541702246778413,2.5541702246778413,False,False,,guitars,,,
1663,2.561729904046957,2.561729904046957,False,False,,guitars,,,
1664,2.5711993884324458,2.5711993884324458,False,False,,guitars,,,
1665,2.57095714846974,2.57095714846974,False,False,,guitars,,,
1666,2.5668345115103803,2.5668345115103803,False,False,,guitars,,,
1667,2.584958241428434,2.584958241428434,False,False,,guitars,,,
1668,2.5939583400012154,2.5939583400012154,False,False,,guitars,,,
1669,2.58868322425713,2.58868322425713,False,False,,guitars,,,
1670,2.579538533556843,2.579538533556843,False,False,,guitars,,,
1671,2.555635662116954,2.555635662116954,False,False,,guitars,,,
1672,2.557587877705753,2.557587877705753,False,False,,guitars,,,
1673,2.550746604453802,2.550746604453802,False,False,,guitars,,,
1674,2.542161257021675,2.542161257021675,False,False,,guitars,,,
1675,2.527726537639676,2.527726537639676,False,False,,guitars,,,
1676,2.540316620122651,2.540316620122651,False,False,,guitars,,,
1677,2.541915406175693,2.541915406175693,False,False,,guitars,,,
1678,2.5251243044510594,2.5251243044510594,False,False,,guitars,,,
1679,2.533784885063618,2.533784885063618,False,False,,guitars,,,
1680,2.528716947212049,2.528716947212049,False,False,,guitars,,,
1681,2.512684506309788,2.512684506309788,False,False,,guitars,,,
1682,2.495636521282671,2.495636521282671,False,False,,guitars,,,
1683,2.503427153673172,2.503427153673172,False,False,,guitars,,,
1684,2.493116646003779,2.493116646003779,False,False,,guitars,,,
1685,2.486169823561797,2.486169823561797,False,False,,guitars,,,
1686,2.4772916776359044,2.4772916776359044,False,False,,guitars,,,
1687,2.495258751290033,2.495258751290033,False,False,,guitars,,,
1688,2.495258751290033,2.495258751290033,False,False,,guitars,,,
1689,2.5046807524188823,2.5046807524188823,False,False,,guitars,,,
1690,2.5060587677524047,2.5060587677524047,False,False,,guitars,,,
1691,2.514929586983824,2.514929586983824,False,False,,guitars,,,
1692,2.5021727367044613,2.5021727367044613,False,False,,guitars,,,
1693,2.5024236856270146,2.5024236856270146,False,False,,guitars,,,
1694,2.514181516905985,2.514181516905985,False,False,,guitars,,,
1695,2.5158019692405698,2.5158019692405698,False,False,,guitars,,,
1696,2.511311225287404,2.511311225287404,False,False,,guitars,,,
1697,2.517794507616082,2.517794507616082,False,False,,guitars,,,
1698,2.50968699461526,2.50968699461526,False,False,,guitars,,,
1699,2.4985302867565857,2.4985302867565857,False,False,,guitars,,,
1700,2.48490404603399,2.48490404603399,False,False,,guitars,,,
1701,2.4905934487676773,2.4905934487676773,False,False,,guitars,,,
1702,2.50091750003294,2.50091750003294,False,False,,guitars,,,
1703,2.485283867466852,2.485283867466852,False,False,,guitars,,,
1704,2.514181516905985,2.514181516905985,False,False,,guitars,,,
1705,2.514181516905985,2.514181516905985,False,False,,guitars,,,
1706,2.517670034141994,2.517670034141994,False,False,,guitars,,,
1707,2.506434418856646,2.506434418856646,False,False,,guitars,,,
1708,2.5154281393875944,2.5154281393875944,False,False,,guitars,,,
1709,2.526611722317635,2.526611722317635,False,False,,guitars,,,
1710,2.517150362567401,2.517150362567401,False,False,,guitars,,,
1711,2.51628794009076,2.51628794009076,False,False,,guitars,,,
1712,2.505413040448032,2.505413040448032,False,False,,guitars,,,
1713,2.495099383607832,2.495099383607832,False,False,,guitars,,,
1714,2.509374653130613,2.509374653130613,False,False,,guitars,,,
1715,2.497714106330369,2.497714106330369,False,False,,guitars,,,
1716,2.483602100132641,2.483602100132641,False,False,,guitars,,,
1717,2.488609421099418,2.488609421099418,False,False,,guitars,,,
1718,2.466098520741137,2.466098520741137,False,False,,guitars,,,
1719,2.4615387587234863,2.4615387587234863,False,False,,guitars,,,
1720,2.4736738141787176,2.4736738141787176,False,False,,guitars,,,
1721,2.462806462434082,2.462806462434082,False,False,,guitars,,,
1722,2.468753317889194,2.468753317889194,False,False,,guitars,,,
1723,2.481720960688025,2.481720960688025,False,False,,guitars,,,
1724,2.471152076978871,2.471152076978871,False,False,,guitars,,,
1725,2.487233716718442,2.487233716718442,False,False,,guitars,,,
1726,2.480716926438,2.480716926438,False,False,,guitars,,,
1727,2.488609421099418,2.488609421099418,False,False,,guitars,,,
1728,2.4809679846211186,2.4809679846211186,False,False,,guitars,,,
1729,2.4879842237585006,2.4879842237585006,False,False,,guitars,,,
1730,2.4879842237585006,2.4879842237585006,False,False,,guitars,,,
1731,2.4779530991273626,2.4779530991273626,False,False,,guitars,,,
1732,2.459127775876873,2.459127775876873,False,False,,guitars,,,
1733,2.4615387587234863,2.4615387587234863,False,False,,guitars,,,
1734,2.4536599400949526,2.4536599400949526,False,False,,guitars,,,
1735,2.4381878672033954,2.4381878672033954,False,False,,guitars,,,
1736,2.443956848035074,2.443956848035074,False,False,,guitars,,,
1737,2.446770793282496,2.446770793282496,False,False,,guitars,,,
1738,2.450728757727326,2.450728757727326,False,False,,guitars,,,
1739,2.463566676840069,2.463566676840069,False,False,,guitars,,,
1740,2.45823874247148,2.45823874247148,False,False,,guitars,,,
1741,2.4551874435297902,2.4551874435297902,False,False,,guitars,,,
1742,2.4596356070494947,2.4596356070494947,False,False,,guitars,,,
1743,2.4749334279508624,2.4749334279508624,False,False,,guitars,,,
1744,2.4874839185048727,2.4874839185048727,False,False,,guitars,,,
1745,2.4939776948406145,2.4939776948406145,False,False,,guitars,,,
1746,2.495473133930878,2.495473133930878,False,False,,guitars,,,
1747,2.51159948453084,2.51159948453084,False,False,,guitars,,,
1748,2.51159948453084,2.51159948453084,False,False,,guitars,,,
1749,2.5248949092677315,2.5248949092677315,False,False,,guitars,,,
1750,2.529796064340549,2.529796064340549,False,False,,guitars,,,
1751,2.527959581605645,2.527959581605645,False,False,,guitars,,,
1752,2.5294289067338687,2.5294289067338687,False,False,,guitars,,,
1753,2.5294289067338687,2.5294289067338687,False,False,,guitars,,,
1754,2.54004843383602,2.54004843383602,False,False,,guitars,,,
1755,2.5468535092123057,2.5468535092123057,False,False,,guitars,,,
1756,2.5603930771615824,2.5603930771615824,False,False,,guitars,,,
1757,2.553272283368403,2.553272283368403,False,False,,guitars,,,
1758,2.566287408028478,2.566287408028478,False,False,,guitars,,,
1759,2.5631620026882107,2.5631620026882107,False,False,,guitars,,,
1760,2.5652060982489573,2.5652060982489573,False,False,,guitars,,,
1761,2.543453936070773,2.543453936070773,False,False,,guitars,,,
1762,2.5521837848202766,2.5521837848202766,False,False,,guitars,,,
1763,2.5521837848202766,2.5521837848202766,False,False,,guitars,,,
1764,2.5538767436848744,2.5538767436848744,False,False,,guitars,,,
1765,2.550004971642303,2.550004971642303,False,False,,guitars,,,
1766,2.53834345034612,2.53834345034612,False,False,,guitars,,,
1767,2.5428462463464974,2.5428462463464974,False,False,,guitars,,,
1768,2.55967010699204,2.55967010699204,False,False,,guitars,,,
1769,2.5741989469633846,2.5741989469633846,False,False,,guitars,,,
1770,2.5682082725392616,2.5682082725392616,False,False,,guitars,,,
1771,2.5765901388059445,2.5765901388059445,False,False,,guitars,,,
1772,2.5751557707734176,2.5751557707734176,False,False,,guitars,,,
1773,2.567728231882588,2.567728231882588,False,False,,guitars,,,
1774,2.573481024975979,2.573481024975979,False,False,,guitars,,,
1775,2.580672473176824,2.580672473176824,False,False,,guitars,,,
1776,2.5603273589593107,2.5603273589593107,False,False,,guitars,,,
1777,2.5523449754935994,2.5523449754935994,False,False,,guitars,,,
1778,2.569579635288739,2.569579635288739,False,False,,guitars,,,
1779,2.5719450340919074,2.5719450340919074,False,False,,guitars,,,
1780,2.5678037231425725,2.5678037231425725,False,False,,guitars,,,
1781,2.5995289403150634,2.5995289403150634,False,False,,guitars,,,
1782,2.6030229212840874,2.6030229212840874,False,False,,guitars,,,
1783,2.6111518785401198,2.6111518785401198,False,False,,guitars,,,
1784,2.6111518785401198,2.6111518785401198,False,False,,guitars,,,
1785,2.61231046946668,2.61231046946668,False,False,,guitars,,,
1786,2.624320357281123,2.624320357281123,False,False,,guitars,,,
1787,2.642772637389167,2.642772637389167,False,False,,guitars,,,
1788,2.6367168519527677,2.6367168519527677,False,False,,guitars,,,
1789,2.641631420245527,2.641631420245527,False,False,,guitars,,,
1790,2.596612609710647,2.596612609710647,False,False,,guitars,,,
1791,2.5902987305962477,2.5902987305962477,False,False,,guitars,,,
1792,2.5826720017595384,2.5826720017595384,False,False,,guitars,,,
1793,2.619248004447704,2.619248004447704,False,False,,guitars,,,
1794,2.6496065022612068,2.6496065022612068,False,False,,guitars,,,
1795,2.624780847274712,2.624780847274712,False,False,,guitars,,,
1796,2.6185553280951903,2.6185553280951903,False,False,,guitars,,,
1797,2.6418597150471785,2.6418597150471785,False,False,,guitars,,,
1798,2.6599275961964346,2.6599275961964346,False,False,,guitars,,,
1799,2.6599275961964346,2.6599275961964346,False,False,,guitars,,,
1800,2.677612703548413,2.677612703548413,False,False,,guitars,,,
1801,2.693589424889577,2.693589424889577,False,False,,guitars,,,
1802,2.710106224745461,2.710106224745461,False,False,,guitars,,,
1803,2.723533053704858,2.7235330537048585,False,False,,guitars,,,
1804,2.689021326941606,2.689021326941606,False,False,,guitars,,,
1805,2.696258757377056,2.696258757377056,False,False,,guitars,,,
1806,2.6895789532147147,2.6895789532147147,False,False,,guitars,,,
1807,2.6845548832896142,2.6845548832896142,False,False,,guitars,,,
1808,2.6473311003022544,2.6473311003022544,False,False,,guitars,,,
1809,2.626161686265468,2.626161686265468,False,False,,guitars,,,
1810,2.653014840524332,2.653014840524332,False,False,,guitars,,,
1811,2.66760613825948,2.66760613825948,False,False,,guitars,,,
1812,2.693478127914492,2.693478127914492,False,False,,guitars,,,
1813,2.704578318931804,2.704578318931804,False,False,,guitars,,,
1814,2.7165002511514658,2.7165002511514658,False,False,,guitars,,,
1815,2.7276976112640017,2.7276976112640017,False,False,,guitars,,,
1816,2.7203492493438515,2.7203492493438515,False,False,,guitars,,,
1817,2.7389443170481766,2.7389443170481766,False,False,,guitars,,,
1818,2.7212280248654337,2.7212280248654337,False,False,,guitars,,,
1819,2.732727862797358,2.7327278627973586,False,False,,guitars,,,
1820,2.7380729411130766,2.738072941113076,False,False,,guitars,,,
1821,2.7494811503338004,2.749481150333801,False,False,,guitars,,,
1822,2.7694326718804647,2.7694326718804647,False,False,,guitars,,,
1823,2.7358929193725747,2.735892919372575,False,False,,guitars,,,
1824,2.7358929193725747,2.735892919372575,False,False,,guitars,,,
1825,2.7269310783534118,2.7269310783534118,False,False,,guitars,,,
1826,2.756512583888993,2.756512583888993,False,False,,guitars,,,
1827,2.764274075047674,2.764274075047674,False,False,,guitars,,,
1828,2.75931862527494,2.75931862527494,False,False,,guitars,,,
1829,2.767821955590187,2.767821955590187,False,False,,guitars,,,
1830,2.8108906199494386,2.810890619949439,False,False,,guitars,,,
1831,2.83392975013646,2.8339297501364595,False,False,,guitars,,,
1832,2.8203453542116077,2.8203453542116077,False,False,,guitars,,,
1833,2.849499399930833,2.849499399930833,False,False,,guitars,,,
1834,2.857242827974757,2.857242827974757,False,False,,guitars,,,
1835,2.836324325698776,2.8363243256987762,False,False,,guitars,,,
1836,2.844736505323024,2.844736505323024,False,False,,guitars,,,
1837,2.875614215373913,2.875614215373913,False,False,,guitars,,,
1838,2.8577580850620565,2.857758085062056,False,False,,guitars,,,
1839,2.826327598961963,2.8263275989619636,False,False,,guitars,,,
1840,2.7890909110374107,2.7890909110374107,False,False,,guitars,,,
1841,2.765352723195578,2.765352723195578,False,False,,guitars,,,
1842,2.8136063458535903,2.8136063458535903,False,False,,guitars,,,
1843,2.799035091075676,2.799035091075676,False,False,,guitars,,,
1844,2.7284298468432926,2.7284298468432926,False,False,,guitars,,,
1845,2.760041409866969,2.760041409866969,False,False,,guitars,,,
1846,2.7901398414494807,2.7901398414494807,False,False,,guitars,,,
1847,2.796631777604955,2.796631777604955,False,False,,guitars,,,
1848,2.7917122746486256,2.7917122746486256,False,False,,guitars,,,
1849,2.7927599228482425,2.792759922848243,False,False,,guitars,,,
1850,2.756209005144677,2.756209005144677,False,False,,guitars,,,
1851,2.725728921085836,2.725728921085836,False,False,,guitars,,,
1852,2.698087426366358,2.698087426366358,False,False,,guitars,,,
1853,2.7210751563635,2.7210751563635,False,False,,guitars,,,
1854,2.657037625236069,2.657037625236069,False,False,,guitars,,,
1855,2.632865831589587,2.632865831589587,False,False,,guitars,,,
1856,2.6831344589619808,2.6831344589619808,False,False,,guitars,,,
1857,2.7181477185582072,2.7181477185582072,False,False,,guitars,,,
1858,2.7365118040952123,2.7365118040952123,False,False,,guitars,,,
1859,2.662395136854457,2.662395136854457,False,False,,guitars,,,
1860,2.656366946393314,2.656366946393314,False,False,,guitars,,,
1861,2.6056519667961324,2.6056519667961324,False,False,,guitars,,,
1862,2.6097747896936845,2.6097747896936845,False,False,,guitars,,,
1863,2.525403691543457,2.525403691543457,False,False,,guitars,,,
1864,2.540865132481961,2.540865132481961,False,False,,guitars,,,
1865,2.603931613658957,2.603931613658957,False,False,,guitars,,,
1866,2.5899996044811107,2.5899996044811107,False,False,,guitars,,,
1867,2.58189500016181,2.58189500016181,False,False,,guitars,,,
1868,2.58189500016181,2.58189500016181,False,False,,guitars,,,
1869,2.555617203583797,2.555617203583797,False,False,,guitars,,,
1870,2.6181090182639397,2.6181090182639397,False,False,,guitars,,,
1871,2.586877460855066,2.586877460855066,False,False,,guitars,,,
1872,2.6220926511434954,2.6220926511434954,False,False,,guitars,,,
1873,2.640767369392173,2.640767369392173,False,False,,guitars,,,
1874,2.6726246373571105,2.6726246373571105,False,False,,guitars,,,
1875,2.631168621896581,2.631168621896581,False,False,,guitars,,,
1876,2.6112615036546254,2.6112615036546254,False,False,,guitars,,,
1877,2.637836111213028,2.637836111213028,False,False,,guitars,,,
1878,2.664177856538533,2.664177856538533,False,False,,guitars,,,
1879,2.6141174742411564,2.6141174742411564,False,False,,guitars,,,
1880,2.603243057701548,2.603243057701548,False,False,,guitars,,,
1881,2.5657025617153413,2.5657025617153413,False,False,,guitars,,,
1882,2.607485380854272,2.607485380854272,False,False,,guitars,,,
1883,2.6009461559844627,2.6009461559844627,False,False,,guitars,,,
1884,2.6209552750514096,2.6209552750514096,False,False,,guitars,,,
1885,2.648301532420609,2.648301532420609,False,False,,guitars,,,
1886,2.6198172556789583,2.6198172556789583,False,False,,guitars,,,
1887,2.5980713080268227,2.5980713080268227,False,False,,guitars,,,
1888,2.5729414886059314,2.5729414886059314,False,False,,guitars,,,
1889,2.556792582899724,2.556792582899724,False,False,,guitars,,,
1890,2.5231335973841613,2.5231335973841613,False,False,,guitars,,,
1891,2.539087376051478,2.539087376051478,False,False,,guitars,,,
1892,2.517626532385393,2.517626532385393,False,False,,guitars,,,
1893,2.5218181154812247,2.5218181154812247,False,False,,guitars,,,
1894,2.5218181154812247,2.5218181154812247,False,False,,guitars,,,
1895,2.574921726925228,2.574921726925228,False,False,,guitars,,,
1896,2.563830127870007,2.563830127870007,False,False,,guitars,,,
1897,2.6047346293084006,2.6047346293084006,False,False,,guitars,,,
1898,2.650096610298759,2.650096610298759,False,False,,guitars,,,
1899,2.657596355869792,2.657596355869792,False,False,,guitars,,,
1900,2.640203995095903,2.640203995095903,False,False,,guitars,,,
1901,2.660945531375104,2.660945531375104,False,False,,guitars,,,
1902,2.6575963558697917,2.6575963558697917,False,False,,guitars,,,
1903,2.680484412438336,2.680484412438336,False,False,,guitars,,,
1904,2.640611126844283,2.640611126844283,False,False,,guitars,,,
1905,2.659653544529212,2.659653544529212,False,False,,guitars,,,
1906,2.6483824728687417,2.6483824728687417,False,False,,guitars,,,
1907,2.6535837531630797,2.6535837531630797,False,False,,guitars,,,
1908,2.6517039730034635,2.6517039730034635,False,False,,guitars,,,
1909,2.669876158023531,2.669876158023531,False,False,,guitars,,,
1910,2.679720699030325,2.679720699030325,False,False,,guitars,,,
1911,2.6813568808440813,2.6813568808440813,False,False,,guitars,,,
1912,2.646830580971391,2.646830580971391,False,False,,guitars,,,
1913,2.6379397968223413,2.6379397968223413,False,False,,guitars,,,
1914,2.6631767714854635,2.6631767714854635,False,False,,guitars,,,
1915,2.630016404164453,2.630016404164453,False,False,,guitars,,,
1916,2.668011318048737,2.668011318048737,False,False,,guitars,,,
1917,2.6411672110196163,2.6411672110196163,False,False,,guitars,,,
1918,2.6561242276360257,2.6561242276360257,False,False,,guitars,,,
1919,2.669876158023531,2.669876158023531,False,False,,guitars,,,
1920,2.669876158023531,2.669876158023531,False,False,,guitars,,,
1921,2.6575587489708203,2.6575587489708203,False,False,,guitars,,,
1922,2.675351172709105,2.675351172709105,False,False,,guitars,,,
1923,2.6824469466102148,2.6824469466102148,False,False,,guitars,,,
1924,2.687345118046912,2.687345118046912,False,False,,guitars,,,
1925,2.6835364356755136,2.6835364356755136,False,False,,guitars,,,
1926,2.7094057620731125,2.7094057620731125,False,False,,guitars,,,
1927,2.711126129245426,2.711126129245426,False,False,,guitars,,,
1928,2.71327459055886,2.71327459055886,False,False,,guitars,,,
1929,2.7197067174412872,2.7197067174412872,False,False,,guitars,,,
1930,2.6954829929860704,2.6954829929860704,False,False,,guitars,,,
1931,2.678410816030197,2.678410816030197,False,False,,guitars,,,
1932,2.700350394462732,2.700350394462732,False,False,,guitars,,,
1933,2.662516628975588,2.662516628975588,False,False,,guitars,,,
1934,2.644278468108147,2.644278468108147,False,False,,guitars,,,
1935,2.650043900783032,2.650043900783032,False,False,,guitars,,,
1936,2.645721360699104,2.645721360699104,False,False,,guitars,,,
1937,2.613737483616449,2.613737483616449,False,False,,guitars,,,
1938,2.593343588953838,2.593343588953838,False,False,,guitars,,,
1939,2.6193657937858923,2.6193657937858923,False,False,,guitars,,,
1940,2.6092234427425667,2.6092234427425667,False,False,,guitars,,,
1941,2.613737483616449,2.613737483616449,False,False,,guitars,,,
1942,2.610917399433609,2.610917399433609,False,False,,guitars,,,
1943,2.6212758346095297,2.6212758346095297,False,False,,guitars,,,
1944,2.63504187393223,2.63504187393223,False,False,,guitars,,,
1945,2.6300164041644534,2.6300164041644534,False,False,,guitars,,,
1946,2.6235206229790684,2.6235206229790684,False,False,,guitars,,,
1947,2.616328465135107,2.616328465135107,False,False,,guitars,,,
1948,2.640054890087454,2.640054890087454,False,False,,guitars,,,
1949,2.645055537672701,2.645055537672701,False,False,,guitars,,,
1950,2.6344841049603467,2.6344841049603467,False,False,,guitars,,,
1951,2.642278922088759,2.642278922088759,False,False,,guitars,,,
1952,2.647828361768621,2.647828361768621,False,False,,guitars,,,
1953,2.64538847647218,2.64538847647218,False,False,,guitars,,,
1954,2.6456104053522185,2.6456104053522185,False,False,,guitars,,,
1955,2.650597408671281,2.650597408671281,False,False,,guitars,,,
1956,2.650486719138792,2.650486719138792,False,False,,guitars,,,
1957,2.663286774515921,2.663286774515921,False,False,,guitars,,,
1958,2.66581521263272,2.66581521263272,False,False,,guitars,,,
1959,2.6652658179411035,2.6652658179411035,False,False,,guitars,,,
1960,2.6788475363986155,2.6788475363986155,False,False,,guitars,,,
1961,2.6811387984123707,2.6811387984123707,False,False,,guitars,,,
1962,2.687997329337433,2.687997329337433,False,False,,guitars,,,
1963,2.6987291977970687,2.6987291977970687,False,False,,guitars,,,
1964,2.6987291977970687,2.6987291977970687,False,False,,guitars,,,
1965,2.6930992024624683,2.6930992024624683,False,False,,guitars,,,
1966,2.686257640804063,2.686257640804063,False,False,,guitars,,,
1967,2.704451762508023,2.704451762508023,False,False,,guitars,,,
1968,2.682119987472402,2.682119987472402,False,False,,guitars,,,
1969,2.6817973839925684,2.6817973839925684,False,False,,guitars,,,
1970,2.680614071851432,2.680614071851432,False,False,,guitars,,,
1971,2.6846989978652327,2.6846989978652327,False,False,,guitars,,,
1972,2.6959444183722603,2.6959444183722603,False,False,,guitars,,,
1973,2.6688515521600307,2.6688515521600307,False,False,,guitars,,,
1974,2.643259488698868,2.643259488698868,False,False,,guitars,,,
1975,2.6629991578664,2.6629991578664,False,False,,guitars,,,
1976,2.655823401164236,2.655823401164236,False,False,,guitars,,,
1977,2.630617301847895,2.630617301847895,False,False,,guitars,,,
1978,2.6520078077399134,2.6520078077399134,False,False,,guitars,,,
1979,2.637772582867079,2.637772582867079,False,False,,guitars,,,
1980,2.6237685607594186,2.6237685607594186,False,False,,guitars,,,
1981,2.6245429717511843,2.6245429717511843,False,False,,guitars,,,
1982,2.6563679032659797,2.6563679032659797,False,False,,guitars,,,
1983,2.651243830535801,2.651243830535801,False,False,,guitars,,,
1984,2.6322707695873304,2.6322707695873304,False,False,,guitars,,,
1985,2.6146746240506333,2.6146746240506333,False,False,,guitars,,,
1986,2.6212219687244303,2.6212219687244303,False,False,,guitars,,,
1987,2.6106691212459605,2.6106691212459605,False,False,,guitars,,,
1988,2.5798035655344083,2.5798035655344083,False,False,,guitars,,,
1989,2.5798035655344083,2.5798035655344083,False,False,,guitars,,,
1990,2.550746578276033,2.550746578276033,False,False,,guitars,,,
1991,2.5403876082131007,2.5403876082131007,False,False,,guitars,,,
1992,2.513544408145939,2.513544408145939,False,False,,guitars,,,
1993,2.553041140890607,2.553041140890607,False,False,,guitars,,,
1994,2.5627632028601,2.5627632028601,False,False,,guitars,,,
1995,2.5322924297567915,2.5322924297567915,False,False,,guitars,,,
1996,2.5241634011854823,2.5241634011854823,False,False,,guitars,,,
1997,2.557279014824723,2.557279014824723,False,False,,guitars,,,
1998,2.572437459364412,2.572437459364412,False,False,,guitars,,,
1999,2.5796904482755263,2.5796904482755263,False,False,,guitars,,,
2000,2.5650437752169863,2.5650437752169863,False,False,,guitars,,,
2001,2.5378470331984038,2.5378470331984038,False,False,,guitars,,,
2002,2.557850999164577,2.557850999164577,False,False,,guitars,,,
2003,2.559337379278709,2.559337379278709,False,False,,guitars,,,
2004,2.5607084251333565,2.5607084251333565,False,False,,guitars,,,
2005,2.591645121849537,2.591645121849537,False,False,,guitars,,,
2006,2.588043742060111,2.588043742060111,False,False,,guitars,,,
2007,2.612450332345529,2.612450332345529,False,False,,guitars,,,
2008,2.61311787881833,2.61311787881833,False,False,,guitars,,,
2009,2.6092207207514084,2.6092207207514084,False,False,,guitars,,,
2010,2.614452305795448,2.614452305795448,False,False,,guitars,,,
2011,2.5916451218495373,2.5916451218495373,False,False,,guitars,,,
2012,2.5809343829753195,2.5809343829753195,False,False,,guitars,,,
2013,2.548794083944148,2.548794083944148,False,False,,guitars,,,
2014,2.5413106335621203,2.5413106335621203,False,False,,guitars,,,
2015,2.571074555697144,2.571074555697144,False,False,,guitars,,,
2016,2.577539991540646,2.577539991540646,False,False,,guitars,,,
2017,2.546724611211762,2.546724611211762,False,False,,guitars,,,
2018,2.554187415484961,2.554187415484961,False,False,,guitars,,,
2019,2.5259082051689985,2.5259082051689985,False,False,,guitars,,,
2020,2.5183360093202456,2.5183360093202456,False,False,,guitars,,,
2021,2.49602997580378,2.49602997580378,False,False,,guitars,,,
2022,2.49602997580378,2.49602997580378,False,False,,guitars,,,
2023,2.5363442258735067,2.5363442258735067,False,False,,guitars,,,
2024,2.529973321377799,2.529973321377799,False,False,,guitars,,,
2025,2.49602997580378,2.49602997580378,False,False,,guitars,,,
2026,2.4788306469862773,2.4788306469862773,False,False,,guitars,,,
2027,2.472744140544377,2.472744140544377,False,False,,guitars,,,
2028,2.4930755960533,2.4930755960533,False,False,,guitars,,,
2029,2.48477897123246,2.48477897123246,False,False,,guitars,,,
2030,2.530553358024353,2.530553358024353,False,False,,guitars,,,
2031,2.504865904232625,2.504865904232625,False,False,,guitars,,,
2032,2.504513246469883,2.504513246469883,False,False,,guitars,,,
2033,2.5255593699792334,2.5255593699792334,False,False,,guitars,,,
2034,2.5636203973030423,2.5636203973030423,False,False,,guitars,,,
2035,2.5387089191938843,2.5387089191938843,False,False,,guitars,,,
2036,2.519814267713816,2.519814267713816,False,False,,guitars,,,
2037,2.5036364862323497,2.5036364862323497,False,False,,guitars,,,
2038,2.490245006125677,2.490245006125677,False,False,,guitars,,,
2039,2.511742342990304,2.511742342990304,False,False,,guitars,,,
2040,2.4919970390094,2.4919970390094,False,False,,guitars,,,
2041,2.4596174906858943,2.4596174906858943,False,False,,guitars,,,
2042,2.4702753205199377,2.4702753205199377,False,False,,guitars,,,
2043,2.504564599824439,2.504564599824439,False,False,,guitars,,,
2044,2.516359001146818,2.516359001146818,False,False,,guitars,,,
2045,2.544625771153651,2.544625771153651,False,False,,guitars,,,
2046,2.5748402079770742,2.5748402079770742,False,False,,guitars,,,
2047,2.5501849130938234,2.5501849130938234,False,False,,guitars,,,
2048,2.501895064249445,2.501895064249445,False,False,,guitars,,,
2049,2.548144614946497,2.548144614946497,False,False,,guitars,,,
2050,2.5272795845917,2.5272795845917,False,False,,guitars,,,
2051,2.501314239273686,2.501314239273686,False,False,,guitars,,,
2052,2.5041005990385288,2.5041005990385288,False,False,,guitars,,,
2053,2.501314239273686,2.501314239273686,False,False,,guitars,,,
2054,2.534944658221512,2.534944658221512,False,False,,guitars,,,
2055,2.544398531262733,2.544398531262733,False,False,,guitars,,,
2056,2.5495050500220446,2.5495050500220446,False,False,,guitars,,,
2057,2.5495050500220446,2.5495050500220446,False,False,,guitars,,,
2058,2.565981859685728,2.565981859685728,False,False,,guitars,,,
2059,2.573161297598336,2.573161297598336,False,False,,guitars,,,
2060,2.574952084640434,2.574952084640434,False,False,,guitars,,,
2061,2.554033019222225,2.554033019222225,False,False,,guitars,,,
2062,2.563620397303042,2.563620397303042,False,False,,guitars,,,
2063,2.590108740813128,2.590108740813128,False,False,,guitars,,,
2064,2.58466122644025,2.58466122644025,False,False,,guitars,,,
2065,2.5769647828921296,2.5769647828921296,False,False,,guitars,,,
2066,2.579868403895294,2.579868403895294,False,False,,guitars,,,
2067,2.602063112616331,2.602063112616331,False,False,,guitars,,,
2068,2.6097732596539163,2.6097732596539163,False,False,,guitars,,,
2069,2.5995232737419927,2.5995232737419927,False,False,,guitars,,,
2070,2.602614824343088,2.602614824343088,False,False,,guitars,,,
2071,2.5793103458878788,2.5793103458878788,False,False,,guitars,,,
2072,2.5832134550797017,2.5832134550797017,False,False,,guitars,,,
2073,2.595984198393045,2.595984198393045,False,False,,guitars,,,
2074,2.597090834299653,2.597090834299653,False,False,,guitars,,,
2075,2.5837704152733885,2.5837704152733885,False,False,,guitars,,,
2076,2.572601343612316,2.572601343612316,False,False,,guitars,,,
2077,2.5943230914317894,2.5943230914317894,False,False,,guitars,,,
2078,2.5826563384214047,2.5826563384214047,False,False,,guitars,,,
2079,2.5943230914317894,2.5943230914317894,False,False,,guitars,,,
2080,2.597865114116194,2.597865114116194,False,False,,guitars,,,
2081,2.573497193815843,2.573497193815843,False,False,,guitars,,,
2082,2.573497193815843,2.573497193815843,False,False,,guitars,,,
2083,2.5594528172930757,2.5594528172930757,False,False,,guitars,,,
2084,2.540759091539043,2.540759091539043,False,False,,guitars,,,
2085,2.5304865776900023,2.5304865776900023,False,False,,guitars,,,
2086,2.5295708343353374,2.5295708343353374,False,False,,guitars,,,
2087,2.552336256903712,2.552336256903712,False,False,,guitars,,,
2088,2.527852650651609,2.527852650651609,False,False,,guitars,,,
2089,2.519123708226113,2.519123708226113,False,False,,guitars,,,
2090,2.5203895457019154,2.5203895457019154,False,False,,guitars,,,
2091,2.524411711822759,2.524411711822759,False,False,,guitars,,,
2092,2.521539588855624,2.521539588855624,False,False,,guitars,,,
2093,2.5380250489687457,2.5380250489687457,False,False,,guitars,,,
2094,2.54121439284216,2.54121439284216,False,False,,guitars,,,
2095,2.533345497315414,2.533345497315414,False,False,,guitars,,,
2096,2.509429863620986,2.509429863620986,False,False,,guitars,,,
2097,2.478236046813308,2.478236046813308,False,False,,guitars,,,
2098,2.4921627634418964,2.4921627634418964,False,False,,guitars,,,
2099,2.4653797242294737,2.4653797242294737,False,False,,guitars,,,
2100,2.464206632543628,2.464206632543628,False,False,,guitars,,,
2101,2.44177814860763,2.44177814860763,False,False,,guitars,,,
2102,2.465027873077259,2.465027873077259,False,False,,guitars,,,
2103,2.438925943324464,2.438925943324464,False,False,,guitars,,,
2104,2.4267553017461854,2.4267553017461854,False,False,,guitars,,,
2105,2.4171537735185797,2.4171537735185797,False,False,,guitars,,,
2106,2.4443888631401465,2.4443888631401465,False,False,,guitars,,,
2107,2.454795589660082,2.454795589660082,False,False,,guitars,,,
2108,2.4618582642676925,2.4618582642676925,False,False,,guitars,,,
2109,2.43702205681202,2.43702205681202,False,False,,guitars,,,
2110,2.4405902573822407,2.4405902573822407,False,False,,guitars,,,
2111,2.459271684367934,2.459271684367934,False,False,,guitars,,,
2112,2.43225384359387,2.43225384359387,False,False,,guitars,,,
2113,2.3958536033039035,2.3958536033039035,False,False,,guitars,,,
2114,2.3948795447393865,2.3948795447393865,False,False,,guitars,,,
2115,2.444151675542379,2.444151675542379,False,False,,guitars,,,
2116,2.4200394430157077,2.4200394430157077,False,False,,guitars,,,
2117,2.43940161255826,2.43940161255826,False,False,,guitars,,,
2118,2.4612707160968954,2.4612707160968954,False,False,,guitars,,,
2119,2.456563738307114,2.456563738307114,False,False,,guitars,,,
2120,2.468894644442402,2.468894644442402,False,False,,guitars,,,
2121,2.468894644442402,2.468894644442402,False,False,,guitars,,,
2122,2.450072396902857,2.450072396902857,False,False,,guitars,,,
2123,2.4671379997039367,2.4671379997039367,False,False,,guitars,,,
2124,2.5002400747768547,2.5002400747768547,False,False,,guitars,,,
2125,2.5077101188881934,2.5077101188881934,False,False,,guitars,,,
2126,2.494474043608066,2.494474043608066,False,False,,guitars,,,
2127,2.478236046813308,2.478236046813308,False,False,,guitars,,,
2128,2.4869521477153107,2.4869521477153107,False,False,,guitars,,,
2129,2.5056443952341296,2.5056443952341296,False,False,,guitars,,,
2130,2.5225638941498256,2.5225638941498256,False,False,,guitars,,,
2131,2.5378693288795287,2.5378693288795287,False,False,,guitars,,,
2132,2.5360616335394046,2.5360616335394046,False,False,,guitars,,,
2133,2.549690945609782,2.549690945609782,False,False,,guitars,,,
2134,2.550813093995334,2.550813093995334,False,False,,guitars,,,
2135,2.5373046042899823,2.5373046042899823,False,False,,guitars,,,
2136,2.555519111235627,2.555519111235627,False,False,,guitars,,,
2137,2.5432823781174068,2.5432823781174068,False,False,,guitars,,,
2138,2.5480065158168346,2.5480065158168346,False,False,,guitars,,,
2139,2.5429445021756605,2.5429445021756605,False,False,,guitars,,,
2140,2.5471075598848723,2.5471075598848723,False,False,,guitars,,,
2141,2.5395625213441515,2.5395625213441515,False,False,,guitars,,,
2142,2.5389982872755343,2.5389982872755343,False,False,,guitars,,,
2143,2.548568153546864,2.548568153546864,False,False,,guitars,,,
2144,2.5642290365361107,2.5642290365361107,False,False,,guitars,,,
2145,2.5755611190740346,2.5755611190740346,False,False,,guitars,,,
2146,2.579987388985725,2.579987388985725,False,False,,guitars,,,
2147,2.60120652627268,2.60120652627268,False,False,,guitars,,,
2148,2.604484637774756,2.604484637774756,False,False,,guitars,,,
2149,2.579766310397966,2.579766310397966,False,False,,guitars,,,
2150,2.59265814946927,2.59265814946927,False,False,,guitars,,,
2151,2.5839625917399536,2.5839625917399536,False,False,,guitars,,,
2152,2.5839625917399536,2.5839625917399536,False,False,,guitars,,,
2153,2.567346293444882,2.567346293444882,False,False,,guitars,,,
2154,2.555631021712084,2.555631021712084,False,False,,guitars,,,
2155,2.558203202999659,2.558203202999659,False,False,,guitars,,,
2156,2.570902846537781,2.570902846537781,False,False,,guitars,,,
2157,2.583631629099044,2.583631629099044,False,False,,guitars,,,
2158,2.6028462542493687,2.6028462542493687,False,False,,guitars,,,
2159,2.5940854276614744,2.5940854276614744,False,False,,guitars,,,
2160,2.599127602686478,2.599127602686478,False,False,,guitars,,,
2161,2.588700335216265,2.588700335216265,False,False,,guitars,,,
2162,2.5786231187141184,2.5786231187141184,False,False,,guitars,,,
2163,2.5810375512218684,2.5810375512218684,False,False,,guitars,,,
2164,2.57664548139898,2.57664548139898,False,False,,guitars,,,
2165,2.5514222308395182,2.5514222308395182,False,False,,guitars,,,
2166,2.5545373098397537,2.5545373098397537,False,False,,guitars,,,
2167,2.5472982621814597,2.5472982621814597,False,False,,guitars,,,
2168,2.542606436371392,2.542606436371392,False,False,,guitars,,,
2169,2.5545373098397537,2.5545373098397537,False,False,,guitars,,,
2170,2.559755097487462,2.559755097487462,False,False,,guitars,,,
2171,2.5393602493234484,2.5393602493234484,False,False,,guitars,,,
2172,2.529926855866011,2.529926855866011,False,False,,guitars,,,
2173,2.544506866292509,2.544506866292509,False,False,,guitars,,,
2174,2.5534253498660107,2.5534253498660107,False,False,,guitars,,,
2175,2.568935805071139,2.568935805071139,False,False,,guitars,,,
2176,2.59110254524669,2.59110254524669,False,False,,guitars,,,
2177,2.558424213994069,2.558424213994069,False,False,,guitars,,,
2178,2.5565372505435,2.5565372505435,False,False,,guitars,,,
2179,2.5565372505435,2.5565372505435,False,False,,guitars,,,
2180,2.543389190351787,2.543389190351787,False,False,,guitars,,,
2181,2.5225956401278085,2.5225956401278085,False,False,,guitars,,,
2182,2.5293638986290112,2.5293638986290112,False,False,,guitars,,,
2183,2.508760064409389,2.508760064409389,False,False,,guitars,,,
2184,2.5109213161482886,2.5109213161482886,False,False,,guitars,,,
2185,2.539472276797782,2.539472276797782,False,False,,guitars,,,
2186,2.543948108276053,2.543948108276053,False,False,,guitars,,,
2187,2.52835016410692,2.52835016410692,False,False,,guitars,,,
2188,2.544506866292509,2.544506866292509,False,False,,guitars,,,
2189,2.5234994410762552,2.5234994410762552,False,False,,guitars,,,
2190,2.5381275219675854,2.5381275219675854,False,False,,guitars,,,
2191,2.5316147493440813,2.5316147493440813,False,False,,guitars,,,
2192,2.523160565138474,2.523160565138474,False,False,,guitars,,,
2193,2.507279914729398,2.507279914729398,False,False,,guitars,,,
2194,2.5095565971297487,2.5095565971297487,False,False,,guitars,,,
2195,2.522030550275556,2.522030550275556,False,False,,guitars,,,
2196,2.5256442802347743,2.5256442802347743,False,False,,guitars,,,
2197,2.529926855866011,2.529926855866011,False,False,,guitars,,,
2198,2.5266594290416338,2.5266594290416338,False,False,,guitars,,,
2199,2.5400323176341937,2.5400323176341937,False,False,,guitars,,,
2200,2.5372305029086344,2.5372305029086344,False,False,,guitars,,,
2201,2.533301178213234,2.533301178213234,False,False,,guitars,,,
2202,2.5144423761005257,2.5144423761005257,False,False,,guitars,,,
2203,2.5141019090658507,2.5141019090658507,False,False,,guitars,,,
2204,2.498718271878851,2.498718271878851,False,False,,guitars,,,
2205,2.5015763942778992,2.5015763942778992,False,False,,guitars,,,
2206,2.5035174904124724,2.5035174904124724,False,False,,guitars,,,
2207,2.508418592379959,2.508418592379959,False,False,,guitars,,,
2208,2.5175038811399224,2.5175038811399224,False,False,,guitars,,,
2209,2.511830592321828,2.511830592321828,False,False,,guitars,,,
2210,2.522030550275556,2.522030550275556,False,False,,guitars,,,
2211,2.504088028080954,2.504088028080954,False,False,,guitars,,,
2212,2.5129665849541643,2.5129665849541643,False,False,,guitars,,,
2213,2.49298921502972,2.49298921502972,False,False,,guitars,,,
2214,2.512398672271173,2.512398672271173,False,False,,guitars,,,
2215,2.498718271878852,2.498718271878852,False,False,,guitars,,,
2216,2.5171639534092303,2.5171639534092303,False,False,,guitars,,,
2217,2.5129665849541643,2.5129665849541643,False,False,,guitars,,,
2218,2.499976370117423,2.499976370117423,False,False,,guitars,,,
2219,2.4973448593558505,2.4973448593558505,False,False,,guitars,,,
2220,2.485976457755092,2.485976457755092,False,False,,guitars,,,
2221,2.4870127469880217,2.4870127469880217,False,False,,guitars,,,
2222,2.4870127469880217,2.4870127469880217,False,False,,guitars,,,
2223,2.482056499346248,2.482056499346248,False,False,,guitars,,,
2224,2.473380893699448,2.473380893699448,False,False,,guitars,,,
2225,2.4474657581201957,2.4474657581201957,False,False,,guitars,,,
2226,2.4293951937189093,2.4293951937189093,False,False,,guitars,,,
2227,2.4184444193727,2.4184444193727,False,False,,guitars,,,
2228,2.4184444193727,2.4184444193727,False,False,,guitars,,,
2229,2.4184444193727,2.4184444193727,False,False,,guitars,,,
2230,2.4184444193727,2.4184444193727,False,False,,guitars,,,
2231,2.4184444193727,2.4184444193727,False,False,,guitars,,,
2232,2.3638324358168488,2.3638324358168488,False,False,,guitars,,,
2233,2.3492110081120665,2.3492110081120665,False,False,,guitars,,,
2234,2.3206099712173898,2.3206099712173898,False,False,,guitars,,,
2235,2.2791381163706617,2.2791381163706617,False,False,,guitars,,,
2236,2.2639289994896057,2.2639289994896057,False,False,,guitars,,,
2237,2.299425033903405,2.299425033903405,False,False,,guitars,,,
2238,2.3092923824393505,2.3092923824393505,False,False,,guitars,,,
2239,2.2959965341137987,2.2959965341137987,False,False,,guitars,,,
2240,2.306388495364723,2.306388495364723,False,False,,guitars,,,
2241,2.330610033452827,2.330610033452827,False,False,,guitars,,,
2242,2.31470866732445,2.31470866732445,False,False,,guitars,,,
2243,2.323741013314796,2.323741013314796,False,False,,guitars,,,
2244,2.350444261617823,2.350444261617823,False,False,,guitars,,,
2245,2.360280100010395,2.360280100010395,False,False,,guitars,,,
2246,2.3553688685690632,2.3553688685690632,False,False,,guitars,,,
2247,2.3553688685690632,2.3553688685690632,False,False,,guitars,,,
2248,2.337825274157156,2.337825274157156,False,False,,guitars,,,
2249,2.370062835409428,2.370062835409428,False,False,,guitars,,,
2250,2.3969382659221177,2.3969382659221177,False,False,,guitars,,,
2251,2.389472122364088,2.389472122364088,False,False,,guitars,,,
2252,2.394894113997134,2.394894113997134,False,False,,guitars,,,
2253,2.4038954024578505,2.4038954024578505,False,False,,guitars,,,
2254,2.371281982885217,2.371281982885217,False,False,,guitars,,,
2255,2.370062835409428,2.370062835409428,False,False,,guitars,,,
2256,2.3779727498953256,2.3779727498953256,False,False,,guitars,,,
2257,2.3954955710232717,2.3954955710232717,False,False,,guitars,,,
2258,2.388265057161666,2.388265057161666,False,False,,guitars,,,
2259,2.385848539734098,2.385848539734098,False,False,,guitars,,,
2260,2.410110613112584,2.410110613112584,False,False,,guitars,,,
2261,2.4080810160517454,2.4080810160517454,False,False,,guitars,,,
2262,2.382823402273454,2.382823402273454,False,False,,guitars,,,
2263,2.367011387145793,2.367011387145793,False,False,,guitars,,,
2264,2.38621122057847,2.38621122057847,False,False,,guitars,,,
2265,2.3997002741496023,2.3997002741496023,False,False,,guitars,,,
2266,2.3960968314066493,2.3960968314066493,False,False,,guitars,,,
2267,2.4080810160517454,2.4080810160517454,False,False,,guitars,,,
2268,2.4247295039884795,2.4247295039884795,False,False,,guitars,,,
2269,2.420581360400239,2.420581360400239,False,False,,guitars,,,
2270,2.4165428492965377,2.4165428492965377,False,False,,guitars,,,
2271,2.413448634104948,2.413448634104948,False,False,,guitars,,,
2272,2.413448634104948,2.413448634104948,False,False,,guitars,,,
2273,2.4353539430155915,2.4353539430155915,False,False,,guitars,,,
2274,2.449076101901261,2.449076101901261,False,False,,guitars,,,
2275,2.443575842341624,2.443575842341624,False,False,,guitars,,,
2276,2.4427552740885674,2.4427552740885674,False,False,,guitars,,,
2277,2.459912436950029,2.459912436950029,False,False,,guitars,,,
2278,2.448842376049736,2.448842376049736,False,False,,guitars,,,
2279,2.4429897587956924,2.4429897587956924,False,False,,guitars,,,
2280,2.4429897587956924,2.4429897587956924,False,False,,guitars,,,
2281,2.461306149582692,2.461306149582692,False,False,,guitars,,,
2282,2.461654417154621,2.461654417154621,False,False,,guitars,,,
2283,2.4622347205262898,2.4622347205262898,False,False,,guitars,,,
2284,2.443575842341624,2.443575842341624,False,False,,guitars,,,
2285,2.473803587691407,2.473803587691407,False,False,,guitars,,,
2286,2.462814845802204,2.462814845802204,False,False,,guitars,,,
2287,2.4505946122605984,2.4505946122605984,False,False,,guitars,,,
2288,2.481285715187437,2.481285715187437,False,False,,guitars,,,
2289,2.5035577084773624,2.5035577084773624,False,False,,guitars,,,
2290,2.5167979189709366,2.5167979189709366,False,False,,guitars,,,
2291,2.5086608704883,2.5086608704883,False,False,,guitars,,,
2292,2.4915973230421664,2.4915973230421664,False,False,,guitars,,,
2293,2.4950221983289977,2.4950221983289977,False,False,,guitars,,,
2294,2.4955924157530407,2.4955924157530407,False,False,,guitars,,,
2295,2.47898665480041,2.47898665480041,False,False,,guitars,,,
2296,2.48885300115392,2.48885300115392,False,False,,guitars,,,
2297,2.5124678885126643,2.5124678885126643,False,False,,guitars,,,
2298,2.5164132099763368,2.5164132099763368,False,False,,guitars,,,
2299,2.511903612107902,2.511903612107902,False,False,,guitars,,,
2300,2.4931890246220045,2.4931890246220045,False,False,,guitars,,,
2301,2.515286797757271,2.515286797757271,False,False,,guitars,,,
2302,2.533231212976493,2.533231212976493,False,False,,guitars,,,
2303,2.5366888409041457,2.5366888409041457,False,False,,guitars,,,
2304,2.536020101789397,2.536020101789397,False,False,,guitars,,,
2305,2.521249316124756,2.521249316124756,False,False,,guitars,,,
2306,2.542919365016896,2.542919365016896,False,False,,guitars,,,
2307,2.551564601068475,2.551564601068475,False,False,,guitars,,,
2308,2.5350165622076344,2.5350165622076344,False,False,,guitars,,,
2309,2.5479116641432964,2.5479116641432964,False,False,,guitars,,,
2310,2.538248339800758,2.538248339800758,False,False,,guitars,,,
2311,2.5438078177187013,2.5438078177187013,False,False,,guitars,,,
2312,2.5315559582426266,2.5315559582426266,False,False,,guitars,,,
2313,2.510661622453469,2.510661622453469,False,False,,guitars,,,
2314,2.5186640662848023,2.5186640662848023,False,False,,guitars,,,
2315,2.4941006207821097,2.4941006207821097,False,False,,guitars,,,
2316,2.5085144805545703,2.5085144805545703,False,False,,guitars,,,
2317,2.490337484332961,2.490337484332961,False,False,,guitars,,,
2318,2.490337484332961,2.490337484332961,False,False,,guitars,,,
2319,2.481757235902717,2.481757235902717,False,False,,guitars,,,
2320,2.4962639241182,2.4962639241182,False,False,,guitars,,,
2321,2.5051193740850244,2.5051193740850244,False,False,,guitars,,,
2322,2.502285533429885,2.502285533429885,False,False,,guitars,,,
2323,2.5102097913770733,2.5102097913770733,False,False,,guitars,,,
2324,2.49090813258544,2.49090813258544,False,False,,guitars,,,
2325,2.5054591544348512,2.5054591544348512,False,False,,guitars,,,
2326,2.512242197761813,2.512242197761813,False,False,,guitars,,,
2327,2.506251741921546,2.506251741921546,False,False,,guitars,,,
2328,2.4829035011485647,2.4829035011485647,False,False,,guitars,,,
2329,2.4783142952780786,2.4783142952780786,False,False,,guitars,,,
2330,2.4652895923020126,2.4652895923020126,False,False,,guitars,,,
2331,2.452058162676543,2.452058162676543,False,False,,guitars,,,
2332,2.476590486323344,2.476590486323344,False,False,,guitars,,,
2333,2.4842781101978386,2.4842781101978386,False,False,,guitars,,,
2334,2.487481684574316,2.487481684574316,False,False,,guitars,,,
2335,2.4971740584860056,2.4971740584860056,False,False,,guitars,,,
2336,2.4826743032479883,2.4826743032479883,False,False,,guitars,,,
2337,2.4783142952780786,2.4783142952780786,False,False,,guitars,,,
2338,2.4783142952780786,2.4783142952780786,False,False,,guitars,,,
2339,2.4581050595231035,2.4581050595231035,False,False,,guitars,,,
2340,2.477624959162812,2.477624959162812,False,False,,guitars,,,
2341,2.453222535496573,2.453222535496573,False,False,,guitars,,,
2342,2.469679567919331,2.469679567919331,False,False,,guitars,,,
2343,2.4771652629271723,2.4771652629271723,False,False,,guitars,,,
2344,2.4837054768576534,2.4837054768576534,False,False,,guitars,,,
2345,2.489766665702081,2.489766665702081,False,False,,guitars,,,
2346,2.480495547084066,2.480495547084066,False,False,,guitars,,,
2347,2.501377821029432,2.501377821029432,False,False,,guitars,,,
2348,2.521473957308228,2.521473957308228,False,False,,guitars,,,
2349,2.522035446244993,2.522035446244993,False,False,,guitars,,,
2350,2.5376915192124074,2.5376915192124074,False,False,,guitars,,,
2351,2.5408076676729645,2.5408076676729645,False,False,,guitars,,,
2352,2.545583511598113,2.545583511598113,False,False,,guitars,,,
2353,2.548348154622691,2.548348154622691,False,False,,guitars,,,
2354,2.547795538612133,2.547795538612133,False,False,,guitars,,,
2355,2.538821314289317,2.538821314289317,False,False,,guitars,,,
2356,2.5450301134893967,2.5450301134893967,False,False,,guitars,,,
2357,2.545251491540507,2.545251491540507,False,False,,guitars,,,
2358,2.553865751886113,2.553865751886113,False,False,,guitars,,,
2359,2.5626617502148066,2.5626617502148066,False,False,,guitars,,,
2360,2.5466898379441574,2.5466898379441574,False,False,,guitars,,,
2361,2.558818347007858,2.558818347007858,False,False,,guitars,,,
2362,2.5519915121863352,2.5519915121863352,False,False,,guitars,,,
2363,2.538932359175889,2.538932359175889,False,False,,guitars,,,
2364,2.5522121040333814,2.5522121040333814,False,False,,guitars,,,
2365,2.559367864947526,2.559367864947526,False,False,,guitars,,,
2366,2.5632101951365507,2.5632101951365507,False,False,,guitars,,,
2367,2.5632101951365507,2.5632101951365507,False,False,,guitars,,,
2368,2.554967409383054,2.554967409383054,False,False,,guitars,,,
2369,2.550557059354976,2.550557059354976,False,False,,guitars,,,
2370,2.545030113489396,2.545030113489396,False,False,,guitars,,,
2371,2.545251491540507,2.545251491540507,False,False,,guitars,,,
2372,2.542814951948224,2.542814951948224,False,False,,guitars,,,
2373,2.5582686753051718,2.5582686753051718,False,False,,guitars,,,
2374,2.556618736426793,2.556618736426793,False,False,,guitars,,,
2375,2.5736017473016166,2.5736017473016166,False,False,,guitars,,,
2376,2.55551800617114,2.55551800617114,False,False,,guitars,,,
2377,2.582853342828788,2.582853342828788,False,False,,guitars,,,
2378,2.5736017473016166,2.5736017473016166,False,False,,guitars,,,
2379,2.599829019521239,2.599829019521239,False,False,,guitars,,,
2380,2.59098081658107,2.59098081658107,False,False,,guitars,,,
2381,2.5850239242098194,2.5850239242098194,False,False,,guitars,,,
2382,2.5855661987314265,2.5855661987314265,False,False,,guitars,,,
2383,2.569233029304602,2.569233029304602,False,False,,guitars,,,
2384,2.574910480493138,2.574910480493138,False,False,,guitars,,,
2385,2.563210195136551,2.563210195136551,False,False,,guitars,,,
2386,2.570872431823913,2.570872431823913,False,False,,guitars,,,
2387,2.547795538612133,2.547795538612133,False,False,,guitars,,,
2388,2.548900614580428,2.548900614580428,False,False,,guitars,,,
2389,2.570872431823914,2.570872431823914,False,False,,guitars,,,
2390,2.5763272977095584,2.5763272977095584,False,False,,guitars,,,
2391,2.576871957246291,2.576871957246291,False,False,,guitars,,,
2392,2.5719646107448773,2.5719646107448773,False,False,,guitars,,,
2393,2.5505570593549765,2.5505570593549765,False,False,,guitars,,,
2394,2.542814951948224,2.542814951948224,False,False,,guitars,,,
2395,2.5699982533339725,2.5699982533339725,False,False,,guitars,,,
2396,2.548237643908706,2.548237643908706,False,False,,guitars,,,
2397,2.5275730180872573,2.5275730180872573,False,False,,guitars,,,
2398,2.547795538612133,2.547795538612133,False,False,,guitars,,,
2399,2.578505036825298,2.578505036825298,False,False,,guitars,,,
2400,2.5779608266900795,2.5779608266900795,False,False,,guitars,,,
2401,2.561344858210048,2.561344858210048,False,False,,guitars,,,
2402,2.5664976596626268,2.5664976596626268,False,False,,guitars,,,
2403,2.554196314124502,2.554196314124502,False,False,,guitars,,,
2404,2.5372660210910465,2.5372660210910465,False,False,,guitars,,,
2405,2.5283547060853984,2.5283547060853984,False,False,,guitars,,,
2406,2.5461367530421386,2.5461367530421386,False,False,,guitars,,,
2407,2.533149613388716,2.533149613388716,False,False,,guitars,,,
2408,2.533149613388716,2.533149613388716,False,False,,guitars,,,
2409,2.5289128619778225,2.5289128619778225,False,False,,guitars,,,
2410,2.516933099935963,2.516933099935963,False,False,,guitars,,,
2411,2.519626605510003,2.519626605510003,False,False,,guitars,,,
2412,2.519065767862597,2.519065767862597,False,False,,guitars,,,
2413,2.488307475088708,2.488307475088708,False,False,,guitars,,,
2414,2.48602624347663,2.48602624347663,False,False,,guitars,,,
2415,2.488535448448637,2.488535448448637,False,False,,guitars,,,
2416,2.4671010743174056,2.4671010743174056,False,False,,guitars,,,
2417,2.4768739264101547,2.4768739264101547,False,False,,guitars,,,
2418,2.4775618782988165,2.4775618782988165,False,False,,guitars,,,
2419,2.460981803216372,2.460981803216372,False,False,,guitars,,,
2420,2.4595935535612297,2.4595935535612297,False,False,,guitars,,,
2421,2.44949806687864,2.44949806687864,False,False,,guitars,,,
2422,2.451242533016952,2.451242533016952,False,False,,guitars,,,
2423,2.4811878304392176,2.4811878304392176,False,False,,guitars,,,
2424,2.490307591567124,2.490307591567124,False,False,,guitars,,,
2425,2.4660440277767117,2.4660440277767117,False,False,,guitars,,,
2426,2.4614310122365595,2.4614310122365595,False,False,,guitars,,,
2427,2.4587734214630235,2.4587734214630235,False,False,,guitars,,,
2428,2.452519108959136,2.452519108959136,False,False,,guitars,,,
2429,2.4378443149023967,2.4378443149023967,False,False,,guitars,,,
2430,2.439013184922079,2.439013184922079,False,False,,guitars,,,
2431,2.4557646757451748,2.4557646757451748,False,False,,guitars,,,
2432,2.462469922264969,2.462469922264969,False,False,,guitars,,,
2433,2.419042181563693,2.419042181563693,False,False,,guitars,,,
2434,2.386273591602203,2.386273591602203,False,False,,guitars,,,
2435,2.3778383802502385,2.3778383802502385,False,False,,guitars,,,
2436,2.3778383802502385,2.3778383802502385,False,False,,guitars,,,
2437,2.4149037676504537,2.4149037676504537,False,False,,guitars,,,
2438,2.389876818227486,2.389876818227486,False,False,,guitars,,,
2439,2.383867497863682,2.383867497863682,False,False,,guitars,,,
2440,2.3608499734973,2.3608499734973,False,False,,guitars,,,
2441,2.3480034080806087,2.3480034080806087,False,False,,guitars,,,
2442,2.341237569010476,2.341237569010476,False,False,,guitars,,,
2443,2.331722385140356,2.331722385140356,False,False,,guitars,,,
2444,2.330110928898421,2.330110928898421,False,False,,guitars,,,
2445,2.340621229061533,2.340621229061533,False,False,,guitars,,,
2446,2.3045049949260408,2.3045049949260408,False,False,,guitars,,,
2447,2.2797993573185464,2.2797993573185464,False,False,,guitars,,,
2448,2.256033885821815,2.256033885821815,False,False,,guitars,,,
2449,2.2148005124896613,2.2148005124896613,False,False,,guitars,,,
2450,2.262102433374515,2.262102433374515,False,False,,guitars,,,
2451,2.2547399595197746,2.2547399595197746,False,False,,guitars,,,
2452,2.272127101446468,2.272127101446468,False,False,,guitars,,,
2453,2.3060140942653926,2.3060140942653926,False,False,,guitars,,,
2454,2.3139158486784908,2.3139158486784908,False,False,,guitars,,,
2455,2.2916253236027377,2.2916253236027377,False,False,,guitars,,,
2456,2.2814572518891807,2.2814572518891807,False,False,,guitars,,,
2457,2.2489052837272583,2.2489052837272583,False,False,,guitars,,,
2458,2.224049628919237,2.224049628919237,False,False,,guitars,,,
2459,2.2605550340745952,2.2605550340745952,False,False,,guitars,,,
2460,2.269562171028184,2.269562171028184,False,False,,guitars,,,
2461,2.2832409235655837,2.2832409235655837,False,False,,guitars,,,
2462,2.27660667679077,2.27660667679077,False,False,,guitars,,,
2463,2.279161287222918,2.279161287222918,False,False,,guitars,,,
2464,2.252408451590128,2.252408451590128,False,False,,guitars,,,
2465,2.282349314694973,2.282349314694973,False,False,,guitars,,,
2466,2.286802832448886,2.286802832448886,False,False,,guitars,,,
2467,2.3000960852295163,2.3000960852295163,False,False,,guitars,,,
2468,2.3151668662826848,2.3151668662826848,False,False,,guitars,,,
2469,2.302994607233803,2.302994607233803,False,False,,guitars,,,
2470,2.3307308915125,2.3307308915125,False,False,,guitars,,,
2471,2.331350639395687,2.331350639395687,False,False,,guitars,,,
2472,2.308275334253014,2.308275334253014,False,False,,guitars,,,
2473,2.32452156837662,2.32452156837662,False,False,,guitars,,,
2474,2.304504994926041,2.304504994926041,False,False,,guitars,,,
2475,2.28642154503644,2.28642154503644,False,False,,guitars,,,
2476,2.2960554264203115,2.2960554264203115,False,False,,guitars,,,
2477,2.287565158947722,2.287565158947722,False,False,,guitars,,,
2478,2.287565158947722,2.287565158947722,False,False,,guitars,,,
2479,2.257326846172358,2.257326846172358,False,False,,guitars,,,
2480,2.277501215025429,2.277501215025429,False,False,,guitars,,,
2481,2.263133267384686,2.263133267384686,False,False,,guitars,,,
2482,2.2898501554106674,2.2898501554106674,False,False,,guitars,,,
2483,2.28553155215902,2.28553155215902,False,False,,guitars,,,
2484,2.2944112602504445,2.2944112602504445,False,False,,guitars,,,
2485,2.286802832448886,2.286802832448886,False,False,,guitars,,,
2486,2.278395295831599,2.278395295831599,False,False,,guitars,,,
2487,2.284768341660207,2.284768341660207,False,False,,guitars,,,
2488,2.2771237915960767,2.2771237915960767,False,False,,guitars,,,
2489,2.260444865997191,2.260444865997191,False,False,,guitars,,,
2490,2.245035440496552,2.245035440496552,False,False,,guitars,,,
2491,2.222648179509773,2.222648179509773,False,False,,guitars,,,
2492,2.2259394888677444,2.2259394888677444,False,False,,guitars,,,
2493,2.204764322542016,2.204764322542016,False,False,,guitars,,,
2494,2.196754973580883,2.196754973580883,False,False,,guitars,,,
2495,2.2219891554300606,2.2219891554300606,False,False,,guitars,,,
2496,2.2360371139399087,2.2360371139399087,False,False,,guitars,,,
2497,2.209153354157917,2.209153354157917,False,False,,guitars,,,
2498,2.2130010267374534,2.2130010267374534,False,False,,guitars,,,
2499,2.2353832270653995,2.2353832270653995,False,False,,guitars,,,
2500,2.21339856467214,2.21339856467214,False,False,,guitars,,,
2501,2.2007643941659825,2.2007643941659825,False,False,,guitars,,,
2502,2.180621106738206,2.180621106738206,False,False,,guitars,,,
2503,2.149255328851163,2.149255328851163,False,False,,guitars,,,
2504,2.155713226676454,2.155713226676454,False,False,,guitars,,,
2505,2.113627534437406,2.113627534437406,False,False,,guitars,,,
2506,2.13959005964827,2.13959005964827,False,False,,guitars,,,
2507,2.1670564606692664,2.1670564606692664,False,False,,guitars,,,
2508,2.1670564606692664,2.1670564606692664,False,False,,guitars,,,
2509,2.208754820647369,2.208754820647369,False,False,,guitars,,,
2510,2.186689481164815,2.186689481164815,False,False,,guitars,,,
2511,2.2120730762854333,2.2120730762854333,False,False,,guitars,,,
2512,2.2167077705115474,2.2167077705115474,False,False,,guitars,,,
2513,2.2265969904263625,2.2265969904263625,False,False,,guitars,,,
2514,2.2159141481418407,2.2159141481418407,False,False,,guitars,,,
2515,2.228567979328264,2.228567979328264,False,False,,guitars,,,
2516,2.221066093755865,2.221066093755865,False,False,,guitars,,,
2517,2.241650290450821,2.241650290450821,False,False,,guitars,,,
2518,2.23184792432655,2.23184792432655,False,False,,guitars,,,
2519,2.228961904713846,2.228961904713846,False,False,,guitars,,,
2520,2.246855462786701,2.246855462786701,False,False,,guitars,,,
2521,2.2419109230172367,2.2419109230172367,False,False,,guitars,,,
2522,2.2649510897131817,2.2649510897131817,False,False,,guitars,,,
2523,2.27520742374888,2.27520742374888,False,False,,guitars,,,
2524,2.276101990291469,2.276101990291469,False,False,,guitars,,,
2525,2.2923797189208157,2.2923797189208157,False,False,,guitars,,,
2526,2.263664789442085,2.263664789442085,False,False,,guitars,,,
2527,2.2526925694494184,2.2526925694494184,False,False,,guitars,,,
2528,2.2526925694494184,2.2526925694494184,False,False,,guitars,,,
2529,2.247894613867588,2.247894613867588,False,False,,guitars,,,
2530,2.253339921452062,2.253339921452062,False,False,,guitars,,,
2531,2.2726489913112244,2.2726489913112244,False,False,,guitars,,,
2532,2.271368367113172,2.271368367113172,False,False,,guitars,,,
2533,2.2643080585552693,2.2643080585552693,False,False,,guitars,,,
2534,2.2572189569147745,2.2572189569147745,False,False,,guitars,,,
2535,2.284768341660208,2.284768341660208,False,False,,guitars,,,
2536,2.303483890901165,2.303483890901165,False,False,,guitars,,,
2537,2.3081319296754206,2.3081319296754206,False,False,,guitars,,,
2538,2.317765990306554,2.317765990306554,False,False,,guitars,,,
2539,2.3075045288937184,2.3075045288937184,False,False,,guitars,,,
2540,2.332058152122354,2.332058152122354,False,False,,guitars,,,
2541,2.332058152122354,2.332058152122354,False,False,,guitars,,,
2542,2.325361299364404,2.325361299364404,False,False,,guitars,,,
2543,2.3318105671746365,2.3318105671746365,False,False,,guitars,,,
2544,2.3135184321931668,2.3135184321931668,False,False,,guitars,,,
2545,2.3049927007476585,2.3049927007476585,False,False,,guitars,,,
2546,2.294909541500559,2.294909541500559,False,False,,guitars,,,
2547,2.299328011177392,2.299328011177392,False,False,,guitars,,,
2548,2.2726489913112244,2.2726489913112244,False,False,,guitars,,,
2549,2.2936450845392664,2.2936450845392664,False,False,,guitars,,,
2550,2.293392084165964,2.293392084165964,False,False,,guitars,,,
2551,2.294403867639334,2.294403867639334,False,False,,guitars,,,
2552,2.277506813146218,2.277506813146218,False,False,,guitars,,,
2553,2.296804527154213,2.296804527154213,False,False,,guitars,,,
2554,2.285912153265416,2.285912153265416,False,False,,guitars,,,
2555,2.2681626846806404,2.2681626846806404,False,False,,guitars,,,
2556,2.2655938831592874,2.2655938831592874,False,False,,guitars,,,
2557,2.2771237915960767,2.2771237915960767,False,False,,guitars,,,
2558,2.2854038846106577,2.2854038846106577,False,False,,guitars,,,
2559,2.2854038846106577,2.2854038846106577,False,False,,guitars,,,
2560,2.280313077889918,2.280313077889918,False,False,,guitars,,,
2561,2.264951089713182,2.264951089713182,False,False,,guitars,,,
2562,2.26623643913664,2.26623643913664,False,False,,guitars,,,
2563,2.2879437574024637,2.2879437574024637,False,False,,guitars,,,
2564,2.2898462544683693,2.2898462544683693,False,False,,guitars,,,
2565,2.2961730916083454,2.2961730916083454,False,False,,guitars,,,
2566,2.291746694799904,2.291746694799904,False,False,,guitars,,,
2567,2.2840053860212675,2.2840053860212675,False,False,,guitars,,,
2568,2.297435736660419,2.297435736660419,False,False,,guitars,,,
2569,2.298949718572042,2.298949718572042,False,False,,guitars,,,
2570,2.3024773020638523,2.3024773020638523,False,False,,guitars,,,
2571,2.3005884014173144,2.3005884014173144,False,False,,guitars,,,
2572,2.2986974784487395,2.2986974784487395,False,False,,guitars,,,
2573,2.296804527154213,2.296804527154213,False,False,,guitars,,,
2574,2.27942066359895,2.27942066359895,False,False,,guitars,,,
2575,2.27942066359895,2.27942066359895,False,False,,guitars,,,
2576,2.2646939057890534,2.2646939057890534,False,False,,guitars,,,
2577,2.2585100407958514,2.2585100407958514,False,False,,guitars,,,
2578,2.261733551930124,2.261733551930124,False,False,,guitars,,,
2579,2.2416502904508206,2.2416502904508206,False,False,,guitars,,,
2580,2.22462372624832,2.22462372624832,False,False,,guitars,,,
2581,2.2347290909467894,2.2347290909467894,False,False,,guitars,,,
2582,2.2412592675737018,2.2412592675737018,False,False,,guitars,,,
2583,2.223306949158343,2.223306949158343,False,False,,guitars,,,
2584,2.237997281723254,2.237997281723254,False,False,,guitars,,,
2585,2.230930172846227,2.230930172846227,False,False,,guitars,,,
2586,2.2338128811495657,2.2338128811495657,False,False,,guitars,,,
2587,2.2252817342316606,2.2252817342316606,False,False,,guitars,,,
2588,2.218029652623378,2.218029652623378,False,False,,guitars,,,
2589,2.202098755242192,2.202098755242192,False,False,,guitars,,,
2590,2.209020520060574,2.209020520060574,False,False,,guitars,,,
2591,2.208754820647369,2.208754820647369,False,False,,guitars,,,
2592,2.192467725212396,2.192467725212396,False,False,,guitars,,,
2593,2.192065235570963,2.192065235570963,False,False,,guitars,,,
2594,2.2023655010980416,2.2023655010980416,False,False,,guitars,,,
2595,2.2023655010980416,2.2023655010980416,False,False,,guitars,,,
2596,2.220670342888092,2.220670342888092,False,False,,guitars,,,
2597,2.2060955333453958,2.2060955333453958,False,False,,guitars,,,
2598,2.2040983243570875,2.2040983243570875,False,False,,guitars,,,
2599,2.2116752279731187,2.2116752279731187,False,False,,guitars,,,
2600,2.200096818265443,2.200096818265443,False,False,,guitars,,,
2601,2.2112772864166588,2.2112772864166588,False,False,,guitars,,,
2602,2.202098755242192,2.202098755242192,False,False,,guitars,,,
2603,2.2078245446697595,2.2078245446697595,False,False,,guitars,,,
2604,2.2074256986239984,2.2074256986239984,False,False,,guitars,,,
2605,2.2054300587764657,2.2054300587764657,False,False,,guitars,,,
2606,2.193406493618846,2.193406493618846,False,False,,guitars,,,
2607,2.1931383274841885,2.1931383274841885,False,False,,guitars,,,
2608,2.190051341787908,2.190051341787908,False,False,,guitars,,,
2609,2.1909914589526425,2.1909914589526425,False,False,,guitars,,,
2610,2.172902777187378,2.172902777187378,False,False,,guitars,,,
2611,2.169098204770381,2.169098204770381,False,False,,guitars,,,
2612,2.168417901636894,2.168417901636894,False,False,,guitars,,,
2613,2.195416379871101,2.195416379871101,False,False,,guitars,,,
2614,2.195282462020041,2.195282462020041,False,False,,guitars,,,
2615,2.2168731549392344,2.2168731549392344,False,False,,guitars,,,
2616,2.229670849063874,2.229670849063874,False,False,,guitars,,,
2617,2.2280928168593186,2.2280928168593186,False,False,,guitars,,,
2618,2.233347278333537,2.233347278333537,False,False,,guitars,,,
2619,2.2470642057849357,2.2470642057849357,False,False,,guitars,,,
2620,2.226118227043659,2.226118227043659,False,False,,guitars,,,
2621,2.237670117566605,2.237670117566605,False,False,,guitars,,,
2622,2.224800565343681,2.224800565343681,False,False,,guitars,,,
2623,2.230722062838422,2.230722062838422,False,False,,guitars,,,
2624,2.229407944729882,2.229407944729882,False,False,,guitars,,,
2625,2.2193874927188624,2.2193874927188624,False,False,,guitars,,,
2626,2.2300651298703005,2.2300651298703005,False,False,,guitars,,,
2627,2.2470642057849357,2.2470642057849357,False,False,,guitars,,,
2628,2.246413491337752,2.246413491337752,False,False,,guitars,,,
2629,2.243156229681098,2.243156229681098,False,False,,guitars,,,
2630,2.247064205784936,2.247064205784936,False,False,,guitars,,,
2631,2.24524158620146,2.24524158620146,False,False,,guitars,,,
2632,2.2409377678858173,2.2409377678858173,False,False,,guitars,,,
2633,2.242764944115064,2.242764944115064,False,False,,guitars,,,
2634,2.237931758326793,2.237931758326793,False,False,,guitars,,,
2635,2.2530392990189494,2.2530392990189494,False,False,,guitars,,,
2636,2.259768993117376,2.259768993117376,False,False,,guitars,,,
2637,2.25148257011198,2.25148257011198,False,False,,guitars,,,
2638,2.265185517998689,2.265185517998689,False,False,,guitars,,,
2639,2.265185517998689,2.265185517998689,False,False,,guitars,,,
2640,2.274175755448902,2.274175755448902,False,False,,guitars,,,
2641,2.2859215549916856,2.2859215549916856,False,False,,guitars,,,
2642,2.298347518965402,2.298347518965402,False,False,,guitars,,,
2643,2.2911308540760023,2.2911308540760023,False,False,,guitars,,,
2644,2.282482579155104,2.282482579155104,False,False,,guitars,,,
2645,2.2948061846872227,2.2948061846872227,False,False,,guitars,,,
2646,2.299610560102553,2.299610560102553,False,False,,guitars,,,
2647,2.30754702757112,2.30754702757112,False,False,,guitars,,,
2648,2.3086779088438707,2.3086779088438707,False,False,,guitars,,,
2649,2.3272964324901024,2.3272964324901024,False,False,,guitars,,,
2650,2.3342440556392163,2.3342440556392163,False,False,,guitars,,,
2651,2.3422746332408875,2.3422746332408875,False,False,,guitars,,,
2652,2.3377077872647094,2.3377077872647094,False,False,,guitars,,,
2653,2.330649547289035,2.330649547289035,False,False,,guitars,,,
2654,2.3422746332408875,2.3422746332408875,False,False,,guitars,,,
2655,2.355049472584528,2.355049472584528,False,False,,guitars,,,
2656,2.35981683533751,2.35981683533751,False,False,,guitars,,,
2657,2.35981683533751,2.35981683533751,False,False,,guitars,,,
2658,2.3665187947984085,2.3665187947984085,False,False,,guitars,,,
2659,2.3527223509894277,2.3527223509894277,False,False,,guitars,,,
2660,2.3327575478736886,2.3327575478736886,False,False,,guitars,,,
2661,2.331269805208668,2.331269805208668,False,False,,guitars,,,
2662,2.335234376160324,2.335234376160324,False,False,,guitars,,,
2663,2.346829910093133,2.346829910093133,False,False,,guitars,,,
2664,2.3557837310855976,2.3557837310855976,False,False,,guitars,,,
2665,2.3557837310855976,2.3557837310855976,False,False,,guitars,,,
2666,2.3792452541460483,2.3792452541460483,False,False,,guitars,,,
2667,2.3852744189313126,2.3852744189313126,False,False,,guitars,,,
2668,2.393442365085256,2.393442365085256,False,False,,guitars,,,
2669,2.41109529975692,2.41109529975692,False,False,,guitars,,,
2670,2.415008534491392,2.415008534491392,False,False,,guitars,,,
2671,2.4183223893743038,2.4183223893743038,False,False,,guitars,,,
2672,2.434100311780644,2.434100311780644,False,False,,guitars,,,
2673,2.4497461267988903,2.4497461267988903,False,False,,guitars,,,
2674,2.4401873395474074,2.4401873395474074,False,False,,guitars,,,
2675,2.419504476519651,2.419504476519651,False,False,,guitars,,,
2676,2.434569248651891,2.434569248651891,False,False,,guitars,,,
2677,2.4460216569977637,2.4460216569977637,False,False,,guitars,,,
2678,2.4499812641603618,2.4499812641603618,False,False,,guitars,,,
2679,2.434092436836061,2.434092436836061,False,False,,guitars,,,
2680,2.448817539480056,2.448817539480056,False,False,,guitars,,,
2681,2.4511442692669885,2.4511442692669885,False,False,,guitars,,,
2682,2.4499812641603618,2.4499812641603618,False,False,,guitars,,,
2683,2.434796264049803,2.434796264049803,False,False,,guitars,,,
2684,2.4258614513974908,2.4258614513974908,False,False,,guitars,,,
2685,2.406433545436622,2.406433545436622,False,False,,guitars,,,
2686,2.4083379435772403,2.4083379435772403,False,False,,guitars,,,
2687,2.41237829022913,2.41237829022913,False,False,,guitars,,,
2688,2.431979362919426,2.431979362919426,False,False,,guitars,,,
2689,2.423739024150833,2.423739024150833,False,False,,guitars,,,
2690,2.422322726617116,2.422322726617116,False,False,,guitars,,,
2691,2.4293934648287925,2.4293934648287925,False,False,,guitars,,,
2692,2.454861064379417,2.454861064379417,False,False,,guitars,,,
2693,2.4462548061998706,2.4462548061998706,False,False,,guitars,,,
2694,2.4462548061998706,2.4462548061998706,False,False,,guitars,,,
2695,2.467581995703388,2.467581995703388,False,False,,guitars,,,
2696,2.4859341138983515,2.4859341138983515,False,False,,guitars,,,
2697,2.4964071339905587,2.4964071339905587,False,False,,guitars,,,
2698,2.475173724379542,2.475173724379542,False,False,,guitars,,,
2699,2.489811263335413,2.489811263335413,False,False,,guitars,,,
2700,2.4975420605937706,2.4975420605937706,False,False,,guitars,,,
2701,2.497315129019149,2.497315129019149,False,False,,guitars,,,
2702,2.488671741958856,2.488671741958856,False,False,,guitars,,,
2703,2.453003583793422,2.453003583793422,False,False,,guitars,,,
2704,2.4629661032194923,2.4629661032194923,False,False,,guitars,,,
2705,2.4523065560300585,2.4523065560300585,False,False,,guitars,,,
2706,2.464121132349842,2.464121132349842,False,False,,guitars,,,
2707,2.472416608720144,2.472416608720144,False,False,,guitars,,,
2708,2.468273410011476,2.468273410011476,False,False,,guitars,,,
2709,2.476550783206459,2.476550783206459,False,False,,guitars,,,
2710,2.491177792896383,2.491177792896383,False,False,,guitars,,,
2711,2.4907223915523726,2.4907223915523726,False,False,,guitars,,,
2712,2.485249093011814,2.485249093011814,False,False,,guitars,,,
2713,2.487759635273556,2.487759635273556,False,False,,guitars,,,
2714,2.4733360921162477,2.4733360921162477,False,False,,guitars,,,
2715,2.463197165486621,2.463197165486621,False,False,,guitars,,,
2716,2.4425209392304343,2.4425209392304343,False,False,,guitars,,,
2717,2.4373746994054235,2.4373746994054235,False,False,,guitars,,,
2718,2.4429880791766707,2.4429880791766707,False,False,,guitars,,,
2719,2.441586310043937,2.441586310043937,False,False,,guitars,,,
2720,2.4557891185074507,2.4557891185074507,False,False,,guitars,,,
2721,2.4719566999450167,2.4719566999450167,False,False,,guitars,,,
2722,2.476091874436768,2.476091874436768,False,False,,guitars,,,
2723,2.478156092303309,2.478156092303309,False,False,,guitars,,,
2724,2.482963911749931,2.482963911749931,False,False,,guitars,,,
2725,2.5043375594498545,2.5043375594498545,False,False,,guitars,,,
2726,2.5234622618600477,2.5234622618600477,False,False,,guitars,,,
2727,2.523014436562145,2.523014436562145,False,False,,guitars,,,
2728,2.532174249973719,2.532174249973719,False,False,,guitars,,,
2729,2.513361033223528,2.513361033223528,False,False,,guitars,,,
2730,2.512460584916496,2.512460584916496,False,False,,guitars,,,
2731,2.516509298222032,2.516509298222032,False,False,,guitars,,,
2732,2.526817657203116,2.526817657203116,False,False,,guitars,,,
2733,2.5346244289286144,2.5346244289286144,False,False,,guitars,,,
2734,2.537516123146378,2.537516123146378,False,False,,guitars,,,
2735,2.537516123146378,2.537516123146378,False,False,,guitars,,,
2736,2.5626923901749765,2.5626923901749765,False,False,,guitars,,,
2737,2.570139008444948,2.570139008444948,False,False,,guitars,,,
2738,2.5731971084616627,2.5731971084616627,False,False,,guitars,,,
2739,2.567076161344594,2.567076161344594,False,False,,guitars,,,
2740,2.582560376717073,2.582560376717073,False,False,,guitars,,,
2741,2.574288140469131,2.574288140469131,False,False,,guitars,,,
2742,2.5505863575971635,2.5505863575971635,False,False,,guitars,,,
2743,2.5618189281243686,2.5618189281243686,False,False,,guitars,,,
2744,2.565548893352788,2.565548893352788,False,False,,guitars,,,
2745,2.5624776712292925,2.5624776712292925,False,False,,guitars,,,
2746,2.5803986162380923,2.5803986162380923,False,False,,guitars,,,
2747,2.5784396053643386,2.5784396053643386,False,False,,guitars,,,
2748,2.591246912640245,2.591246912640245,False,False,,guitars,,,
2749,2.588432051702363,2.588432051702363,False,False,,guitars,,,
2750,2.5727693204193485,2.5727693204193485,False,False,,guitars,,,
2751,2.58951516221372,2.58951516221372,False,False,,guitars,,,
2752,2.560940260611873,2.560940260611873,False,False,,guitars,,,
2753,2.531497836235326,2.531497836235326,False,False,,guitars,,,
2754,2.510642337416468,2.510642337416468,False,False,,guitars,,,
2755,2.531051684176569,2.531051684176569,False,False,,guitars,,,
2756,2.515821118158919,2.515821118158919,False,False,,guitars,,,
2757,2.5457209875814937,2.5457209875814937,False,False,,guitars,,,
2758,2.5558802832833782,2.5558802832833782,False,False,,guitars,,,
2759,2.574733952252644,2.574733952252644,False,False,,guitars,,,
2760,2.5845279566270447,2.5845279566270447,False,False,,guitars,,,
2761,2.589948241227566,2.589948241227566,False,False,,guitars,,,
2762,2.581268666193273,2.581268666193273,False,False,,guitars,,,
2763,2.5925447368011096,2.5925447368011096,False,False,,guitars,,,
2764,2.592977156840788,2.592977156840788,False,False,,guitars,,,
2765,2.592977156840788,2.592977156840788,False,False,,guitars,,,
2766,2.6157624120688188,2.6157624120688188,False,False,,guitars,,,
2767,2.6016059106684684,2.6016059106684684,False,False,,guitars,,,
2768,2.6114831169312223,2.6114831169312223,False,False,,guitars,,,
2769,2.5899482412275656,2.5899482412275656,False,False,,guitars,,,
2770,2.5968647178823745,2.5968647178823745,False,False,,guitars,,,
2771,2.6007447129335524,2.6007447129335524,False,False,,guitars,,,
2772,2.5758245711162453,2.5758245711162453,False,False,,guitars,,,
2773,2.5651104405663694,2.5651104405663694,False,False,,guitars,,,
2774,2.5620385336733245,2.5620385336733245,False,False,,guitars,,,
2775,2.5790928243570423,2.5790928243570423,False,False,,guitars,,,
2776,2.605046994240217,2.605046994240217,False,False,,guitars,,,
2777,2.612767864139552,2.612767864139552,False,False,,guitars,,,
2778,2.616830811927347,2.616830811927347,False,False,,guitars,,,
2779,2.6076239265227708,2.6076239265227708,False,False,,guitars,,,
2780,2.6276961978707054,2.6276961978707054,False,False,,guitars,,,
2781,2.6300320514125133,2.6300320514125133,False,False,,guitars,,,
2782,2.635542445483063,2.635542445483063,False,False,,guitars,,,
2783,2.643990789514686,2.643990789514686,False,False,,guitars,,,
2784,2.6359657005986685,2.6359657005986685,False,False,,guitars,,,
2785,2.6174715791998997,2.6174715791998997,False,False,,guitars,,,
2786,2.6174715791998997,2.6174715791998997,False,False,,guitars,,,
2787,2.634695669524356,2.634695669524356,False,False,,guitars,,,
2788,2.637446396842828,2.637446396842828,False,False,,guitars,,,
2789,2.615976137512178,2.615976137512178,False,False,,guitars,,,
2790,2.602251565359355,2.602251565359355,False,False,,guitars,,,
2791,2.589948241227566,2.589948241227566,False,False,,guitars,,,
2792,2.600744712933553,2.600744712933553,False,False,,guitars,,,
2793,2.593193331639806,2.593193331639806,False,False,,guitars,,,
2794,2.606765317778371,2.606765317778371,False,False,,guitars,,,
2795,2.631941196255253,2.631941196255253,False,False,,guitars,,,
2796,2.6382920230351594,2.6382920230351594,False,False,,guitars,,,
2797,2.6448336913023733,2.6448336913023733,False,False,,guitars,,,
2798,2.6448336913023733,2.6448336913023733,False,False,,guitars,,,
2799,2.6507242327070677,2.6507242327070677,False,False,,guitars,,,
2800,2.665793593545306,2.665793593545306,False,False,,guitars,,,
2801,2.662454444880809,2.662454444880809,False,False,,guitars,,,
2802,2.642092979564751,2.642092979564751,False,False,,guitars,,,
2803,2.643990789514686,2.643990789514686,False,False,,guitars,,,
2804,2.6308807830243457,2.6308807830243457,False,False,,guitars,,,
2805,2.6397710199371422,2.6397710199371422,False,False,,guitars,,,
2806,2.6196059958983864,2.6196059958983864,False,False,,guitars,,,
2807,2.6091256063479342,2.6091256063479342,False,False,,guitars,,,
2808,2.6412489382460462,2.6412489382460462,False,False,,guitars,,,
2809,2.6473602996555896,2.6473602996555896,False,False,,guitars,,,
2810,2.621098740758539,2.621098740758539,False,False,,guitars,,,
2811,2.6296075517883173,2.6296075517883173,False,False,,guitars,,,
2812,2.628333517019151,2.628333517019151,False,False,,guitars,,,
2813,2.645676243320936,2.645676243320936,False,False,,guitars,,,
2814,2.6418820021645195,2.6418820021645195,False,False,,guitars,,,
2815,2.654921345029539,2.654921345029539,False,False,,guitars,,,
2816,2.6622455669259706,2.6622455669259706,False,False,,guitars,,,
2817,2.6622455669259706,2.6622455669259706,False,False,,guitars,,,
2818,2.664333386742425,2.664333386742425,False,False,,guitars,,,
2819,2.6807528025384544,2.6807528025384544,False,False,,guitars,,,
2820,2.684269004368917,2.684269004368917,False,False,,guitars,,,
2821,2.680338736649719,2.680338736649719,False,False,,guitars,,,
2822,2.6947817854891065,2.6947817854891065,False,False,,guitars,,,
2823,2.6929304723551786,2.6929304723551786,False,False,,guitars,,,
2824,2.7066729426779603,2.7066729426779603,False,False,,guitars,,,
2825,2.714223264145621,2.714223264145621,False,False,,guitars,,,
2826,2.706059551385239,2.706059551385239,False,False,,guitars,,,
2827,2.7260041483210817,2.7260041483210817,False,False,,guitars,,,
2828,2.7199188861667265,2.719918886166726,False,False,,guitars,,,
2829,2.7280286413233514,2.7280286413233514,False,False,,guitars,,,
2830,2.731667805367122,2.7316678053671217,False,False,,guitars,,,
2831,2.736711748027824,2.736711748027824,False,False,,guitars,,,
2832,2.736711748027824,2.736711748027824,False,False,,guitars,,,
2833,2.751571322753588,2.751571322753588,False,False,,guitars,,,
2834,2.749168766547748,2.749168766547748,False,False,,guitars,,,
2835,2.7411404221180997,2.7411404221180997,False,False,,guitars,,,
2836,2.7301104273184253,2.7301104273184253,False,False,,guitars,,,
2837,2.7161152277662697,2.7161152277662697,False,False,,guitars,,,
2838,2.6992009248028626,2.6992009248028626,False,False,,guitars,,,
2839,2.6811515864265,2.6811515864265,False,False,,guitars,,,
2840,2.672167328679808,2.672167328679808,False,False,,guitars,,,
2841,2.671366822480985,2.671366822480985,False,False,,guitars,,,
2842,2.673767404664343,2.673767404664343,False,False,,guitars,,,
2843,2.667760671430245,2.667760671430245,False,False,,guitars,,,
2844,2.640306384024056,2.640306384024056,False,False,,guitars,,,
2845,2.649229223182702,2.649229223182702,False,False,,guitars,,,
2846,2.678161195410986,2.678161195410986,False,False,,guitars,,,
2847,2.6823465271584923,2.6823465271584923,False,False,,guitars,,,
2848,2.6946538704943053,2.6946538704943053,False,False,,guitars,,,
2849,2.701963818706421,2.701963818706421,False,False,,guitars,,,
2850,2.694060039295036,2.694060039295036,False,False,,guitars,,,
2851,2.6811515864265,2.6811515864265,False,False,,guitars,,,
2852,2.6811515864265,2.6811515864265,False,False,,guitars,,,
2853,2.701766591182832,2.701766591182832,False,False,,guitars,,,
2854,2.6944559457027566,2.6944559457027566,False,False,,guitars,,,
2855,2.673767404664344,2.673767404664344,False,False,,guitars,,,
2856,2.671166647102684,2.671166647102684,False,False,,guitars,,,
2857,2.653474081860422,2.653474081860422,False,False,,guitars,,,
2858,2.654281624018727,2.654281624018727,False,False,,guitars,,,
2859,2.66876301677562,2.66876301677562,False,False,,guitars,,,
2860,2.6755660005531308,2.6755660005531308,False,False,,guitars,,,
2861,2.6813507913872874,2.6813507913872874,False,False,,guitars,,,
2862,2.6990034342485862,2.6990034342485862,False,False,,guitars,,,
2863,2.69207936945797,2.69207936945797,False,False,,guitars,,,
2864,2.6918811980561674,2.6918811980561674,False,False,,guitars,,,
2865,2.706494886483956,2.706494886483956,False,False,,guitars,,,
2866,2.709444615152597,2.709444615152597,False,False,,guitars,,,
2867,2.692475655265952,2.692475655265952,False,False,,guitars,,,
2868,2.6835407748923417,2.6835407748923417,False,False,,guitars,,,
2869,2.657508597130043,2.657508597130043,False,False,,guitars,,,
2870,2.646189766778351,2.646189766778351,False,False,,guitars,,,
2871,2.675968683577259,2.675968683577259,False,False,,guitars,,,
2872,2.645176087416576,2.645176087416576,False,False,,guitars,,,
2873,2.646392441961586,2.646392441961586,False,False,,guitars,,,
2874,2.666157404724022,2.666157404724022,False,False,,guitars,,,
2875,2.6595232176610573,2.6595232176610573,False,False,,guitars,,,
2876,2.645987071372854,2.645987071372854,False,False,,guitars,,,
2877,2.6260239102753493,2.6260239102753493,False,False,,guitars,,,
2878,2.6284789961621584,2.6284789961621584,False,False,,guitars,,,
2879,2.6252048836034367,2.6252048836034367,False,False,,guitars,,,
2880,2.6512505941604334,2.6512505941604334,False,False,,guitars,,,
2881,2.655491985251037,2.655491985251037,False,False,,guitars,,,
2882,2.6791622366078798,2.6791622366078798,False,False,,guitars,,,
2883,2.6881176297643585,2.6881176297643585,False,False,,guitars,,,
2884,2.6918871510890585,2.6918871510890585,False,False,,guitars,,,
2885,2.703351803132892,2.703351803132892,False,False,,guitars,,,
2886,2.718474963545704,2.718474963545704,False,False,,guitars,,,
2887,2.722580487499841,2.722580487499841,False,False,,guitars,,,
2888,2.706896947076165,2.706896947076165,False,False,,guitars,,,
2889,2.715537494521525,2.715537494521525,False,False,,guitars,,,
2890,2.706306509797592,2.706306509797592,False,False,,guitars,,,
2891,2.706306509797592,2.706306509797592,False,False,,guitars,,,
2892,2.709257020408938,2.709257020408938,False,False,,guitars,,,
2893,2.681155691787906,2.681155691787906,False,False,,guitars,,,
2894,2.676967202017725,2.676967202017725,False,False,,guitars,,,
2895,2.668764976872807,2.668764976872807,False,False,,guitars,,,
2896,2.6771668474953367,2.6771668474953367,False,False,,guitars,,,
2897,2.6845401418662385,2.6845401418662385,False,False,,guitars,,,
2898,2.6587176080621537,2.6587176080621537,False,False,,guitars,,,
2899,2.6773664735816185,2.6773664735816185,False,False,,guitars,,,
2900,2.6958476543203225,2.6958476543203225,False,False,,guitars,,,
2901,2.690697519035956,2.690697519035956,False,False,,guitars,,,
2902,2.694066366372949,2.694066366372949,False,False,,guitars,,,
2903,2.690697519035956,2.690697519035956,False,False,,guitars,,,
2904,2.667561894601046,2.667561894601046,False,False,,guitars,,,
2905,2.643553147135351,2.643553147135351,False,False,,guitars,,,
2906,2.6241806319693017,2.6241806319693017,False,False,,guitars,,,
2907,2.638269605856601,2.638269605856601,False,False,,guitars,,,
2908,2.645784355739522,2.645784355739522,False,False,,guitars,,,
2909,2.649632499214541,2.649632499214541,False,False,,guitars,,,
2910,2.632768223754668,2.632768223754668,False,False,,guitars,,,
2911,2.6000628210534518,2.6000628210534518,False,False,,guitars,,,
2912,2.5790063060641715,2.5790063060641715,False,False,,guitars,,,
2913,2.6027569637932686,2.6027569637932686,False,False,,guitars,,,
2914,2.6108176798079143,2.6108176798079143,False,False,,guitars,,,
2915,2.59778031830581,2.59778031830581,False,False,,guitars,,,
2916,2.59070873830352,2.59070873830352,False,False,,guitars,,,
2917,2.5808917170213364,2.5808917170213364,False,False,,guitars,,,
2918,2.593831648778953,2.593831648778953,False,False,,guitars,,,
2919,2.585910729497442,2.585910729497442,False,False,,guitars,,,
2920,2.589458200168596,2.589458200168596,False,False,,guitars,,,
2921,2.5977803183058104,2.5977803183058104,False,False,,guitars,,,
2922,2.614732976565924,2.614732976565924,False,False,,guitars,,,
2923,2.638066117401385,2.638066117401385,False,False,,guitars,,,
2924,2.645176087416576,2.645176087416576,False,False,,guitars,,,
2925,2.646189766778351,2.646189766778351,False,False,,guitars,,,
2926,2.647608068706114,2.647608068706114,False,False,,guitars,,,
2927,2.647608068706114,2.647608068706114,False,False,,guitars,,,
2928,2.6593218450635834,2.6593218450635834,False,False,,guitars,,,
2929,2.657307025642653,2.657307025642653,False,False,,guitars,,,
2930,2.633584188032557,2.633584188032557,False,False,,guitars,,,
2931,2.647202940583606,2.647202940583606,False,False,,guitars,,,
2932,2.668965421910656,2.668965421910656,False,False,,guitars,,,
2933,2.6681635240641004,2.6681635240641004,False,False,,guitars,,,
2934,2.647405514739255,2.647405514739255,False,False,,guitars,,,
2935,2.651663159591056,2.651663159591056,False,False,,guitars,,,
2936,2.651663159591056,2.651663159591056,False,False,,guitars,,,
2937,2.628032297595157,2.628032297595157,False,False,,guitars,,,
2938,2.649028525772801,2.649028525772801,False,False,,guitars,,,
2939,2.651460616507984,2.651460616507984,False,False,,guitars,,,
2940,2.650042250254351,2.650042250254351,False,False,,guitars,,,
2941,2.653080397277432,2.653080397277432,False,False,,guitars,,,
2942,2.648825720231171,2.648825720231171,False,False,,guitars,,,
2943,2.657326205146377,2.657326205146377,False,False,,guitars,,,
2944,2.676624076616703,2.676624076616703,False,False,,guitars,,,
2945,2.671616068631848,2.671616068631848,False,False,,guitars,,,
2946,2.685010161847035,2.685010161847035,False,False,,guitars,,,
2947,2.6834154437129567,2.6834154437129567,False,False,,guitars,,,
2948,2.6921711755092343,2.6921711755092343,False,False,,guitars,,,
2949,2.6981197890363897,2.6981197890363897,False,False,,guitars,,,
2950,2.677424225862431,2.677424225862431,False,False,,guitars,,,
2951,2.680621712599883,2.680621712599883,False,False,,guitars,,,
2952,2.680621712599883,2.680621712599883,False,False,,guitars,,,
2953,2.659748418631868,2.659748418631868,False,False,,guitars,,,
2954,2.658537671222988,2.658537671222988,False,False,,guitars,,,
2955,2.6362120478130318,2.6362120478130318,False,False,,guitars,,,
2956,2.64395230591624,2.64395230591624,False,False,,guitars,,,
2957,2.636824197128274,2.636824197128274,False,False,,guitars,,,
2958,2.636824197128274,2.636824197128274,False,False,,guitars,,,
2959,2.6317172835144134,2.6317172835144134,False,False,,guitars,,,
2960,2.632944119630233,2.632944119630233,False,False,,guitars,,,
2961,2.622903068232876,2.622903068232876,False,False,,guitars,,,
2962,2.620847713963113,2.620847713963113,False,False,,guitars,,,
2963,2.644155598479525,2.644155598479525,False,False,,guitars,,,
2964,2.6066081649671977,2.6066081649671977,False,False,,guitars,,,
2965,2.605572372263714,2.605572372263714,False,False,,guitars,,,
2966,2.5899706516782737,2.5899706516782737,False,False,,guitars,,,
2967,2.576139157285617,2.576139157285617,False,False,,guitars,,,
2968,2.5970585604942102,2.5970585604942102,False,False,,guitars,,,
2969,2.594768173049677,2.594768173049677,False,False,,guitars,,,
2970,2.6113659213563114,2.6113659213563114,False,False,,guitars,,,
2971,2.615081521641023,2.615081521641023,False,False,,guitars,,,
2972,2.6126052196210097,2.6126052196210097,False,False,,guitars,,,
2973,2.595601345817883,2.595601345817883,False,False,,guitars,,,
2974,2.593517760097971,2.593517760097971,False,False,,guitars,,,
2975,2.572560798066713,2.572560798066713,False,False,,guitars,,,
2976,2.5496746098977785,2.5496746098977785,False,False,,guitars,,,
2977,2.545193349852681,2.545193349852681,False,False,,guitars,,,
2978,2.563480586907252,2.563480586907252,False,False,,guitars,,,
2979,2.561362897287112,2.561362897287112,False,False,,guitars,,,
2980,2.546261248421396,2.546261248421396,False,False,,guitars,,,
2981,2.546474758137681,2.546474758137681,False,False,,guitars,,,
2982,2.56475010761119,2.56475010761119,False,False,,guitars,,,
2983,2.571085469999693,2.571085469999693,False,False,,guitars,,,
2984,2.594768173049678,2.594768173049678,False,False,,guitars,,,
2985,2.5855801740332387,2.5855801740332387,False,False,,guitars,,,
2986,2.6072293833273754,2.6072293833273754,False,False,,guitars,,,
2987,2.601631459376849,2.601631459376849,False,False,,guitars,,,
2988,2.6055723722637145,2.6055723722637145,False,False,,guitars,,,
2989,2.609919104414041,2.609919104414041,False,False,,guitars,,,
2990,2.6047433517654293,2.6047433517654293,False,False,,guitars,,,
2991,2.61322458169464,2.61322458169464,False,False,,guitars,,,
2992,2.601216173944398,2.601216173944398,False,False,,guitars,,,
2993,2.610332587274561,2.610332587274561,False,False,,guitars,,,
2994,2.619201917570574,2.619201917570574,False,False,,guitars,,,
2995,2.6382518261271106,2.6382518261271106,False,False,,guitars,,,
2996,2.626187278212565,2.626187278212565,False,False,,guitars,,,
2997,2.626187278212565,2.626187278212565,False,False,,guitars,,,
2998,2.640085871819564,2.640085871819564,False,False,,guitars,,,
2999,2.63376159686737,2.63376159686737,False,False,,guitars,,,
3000,2.6451839642941537,2.6451839642941537,False,False,,guitars,,,
3001,2.654923676486738,2.654923676486738,False,False,,guitars,,,
3002,2.661996313267651,2.661996313267651,False,False,,guitars,,,
3003,2.6601799743507573,2.6601799743507573,False,False,,guitars,,,
3004,2.6524931149554107,2.6524931149554107,False,False,,guitars,,,
3005,2.6638110392871712,2.6638110392871712,False,False,,guitars,,,
3006,2.662803057052719,2.662803057052719,False,False,,guitars,,,
3007,2.658362018562693,2.658362018562693,False,False,,guitars,,,
3008,2.666228171866748,2.666228171866748,False,False,,guitars,,,
3009,2.6462006970088208,2.6462006970088208,False,False,,guitars,,,
3010,2.6459973911767354,2.6459973911767354,False,False,,guitars,,,
3011,2.6472169211196217,2.6472169211196217,False,False,,guitars,,,
3012,2.635397313061134,2.635397313061134,False,False,,guitars,,,
3013,2.6472169211196217,2.6472169211196217,False,False,,guitars,,,
3014,2.6587661486715053,2.6587661486715053,False,False,,guitars,,,
3015,2.6601799743507573,2.6601799743507573,False,False,,guitars,,,
3016,2.687855174254964,2.687855174254964,False,False,,guitars,,,
3017,2.6948154840760328,2.6948154840760328,False,False,,guitars,,,
3018,2.6940212054026804,2.6940212054026804,False,False,,guitars,,,
3019,2.7005649082812915,2.7005649082812915,False,False,,guitars,,,
3020,2.681470852851473,2.681470852851473,False,False,,guitars,,,
3021,2.66642947076225,2.66642947076225,False,False,,guitars,,,
3022,2.66642947076225,2.66642947076225,False,False,,guitars,,,
3023,2.6690445571803094,2.6690445571803094,False,False,,guitars,,,
3024,2.6518850211064446,2.6518850211064446,False,False,,guitars,,,
3025,2.644573680242225,2.644573680242225,False,False,,guitars,,,
3026,2.6569469325593777,2.6569469325593777,False,False,,guitars,,,
3027,2.660381869558641,2.660381869558641,False,False,,guitars,,,
3028,2.6486387817594887,2.6486387817594887,False,False,,guitars,,,
3029,2.6541138114490948,2.6541138114490948,False,False,,guitars,,,
3030,2.6696475648712337,2.6696475648712337,False,False,,guitars,,,
3031,2.6498567285856445,2.6498567285856445,False,False,,guitars,,,
3032,2.6626014009558734,2.6626014009558734,False,False,,guitars,,,
3033,2.675868284802739,2.675868284802739,False,False,,guitars,,,
3034,2.6890500371724446,2.6890500371724446,False,False,,guitars,,,
3035,2.685662793407158,2.685662793407158,False,False,,guitars,,,
3036,2.681470852851474,2.681470852851474,False,False,,guitars,,,
3037,2.6894481711610565,2.6894481711610565,False,False,,guitars,,,
3038,2.68606158148797,2.68606158148797,False,False,,guitars,,,
3039,2.70708802233132,2.70708802233132,False,False,,guitars,,,
3040,2.7190922961715884,2.7190922961715884,False,False,,guitars,,,
3041,2.7249707907285816,2.7249707907285816,False,False,,guitars,,,
3042,2.721445678895815,2.721445678895815,False,False,,guitars,,,
3043,2.725362103262534,2.725362103262534,False,False,,guitars,,,
3044,2.735510655752229,2.735510655752229,False,False,,guitars,,,
3045,2.735510655752229,2.735510655752229,False,False,,guitars,,,
3046,2.758167426736676,2.7581674267366756,False,False,,guitars,,,
3047,2.763553723572279,2.7635537235722785,False,False,,guitars,,,
3048,2.75411869489789,2.7541186948978895,False,False,,guitars,,,
3049,2.7608622861624186,2.7608622861624186,False,False,,guitars,,,
3050,2.7579748055147517,2.7579748055147513,False,False,,guitars,,,
3051,2.7446413744903984,2.7446413744903984,False,False,,guitars,,,
3052,2.758552616622491,2.758552616622491,False,False,,guitars,,,
3053,2.7660498618418647,2.766049861841865,False,False,,guitars,,,
3054,2.77256439178504,2.77256439178504,False,False,,guitars,,,
3055,2.77256439178504,2.77256439178504,False,False,,guitars,,,
3056,2.773903145506929,2.773903145506929,False,False,,guitars,,,
3057,2.7763871720588824,2.7763871720588824,False,False,,guitars,,,
3058,2.785153649444016,2.7851536494440166,False,False,,guitars,,,
3059,2.796723620444304,2.7967236204443036,False,False,,guitars,,,
3060,2.794263120036345,2.7942631200363444,False,False,,guitars,,,
3061,2.7927475621564977,2.792747562156498,False,False,,guitars,,,
3062,2.7872446623723603,2.7872446623723603,False,False,,guitars,,,
3063,2.765282131886992,2.7652821318869916,False,False,,guitars,,,
3064,2.778868307046089,2.7788683070460896,False,False,,guitars,,,
3065,2.7699013980790994,2.7699013980790994,False,False,,guitars,,,
3066,2.7800103082070518,2.780010308207052,False,False,,guitars,,,
3067,2.79215383209393,2.79215383209393,False,False,,guitars,,,
3068,2.8006512245107205,2.8006512245107205,False,False,,guitars,,,
3069,2.8094905705540727,2.809490570554073,False,False,,guitars,,,
3070,2.799897260665107,2.7998972606651074,False,False,,guitars,,,
3071,2.7946120917555666,2.7946120917555666,False,False,,guitars,,,
3072,2.793856004241522,2.7938560042415226,False,False,,guitars,,,
3073,2.8061095741264737,2.8061095741264737,False,False,,guitars,,,
3074,2.808364160835411,2.808364160835411,False,False,,guitars,,,
3075,2.810616392317052,2.810616392317052,False,False,,guitars,,,
3076,2.810616392317052,2.810616392317052,False,False,,guitars,,,
3077,2.804605204489754,2.8046052044897536,False,False,,guitars,,,
3078,2.819601901430649,2.8196019014306493,False,False,,guitars,,,
3079,2.820162257982548,2.820162257982548,False,False,,guitars,,,
3080,2.815488179796676,2.815488179796676,False,False,,guitars,,,
3081,2.7989544337962515,2.7989544337962515,False,False,,guitars,,,
3082,2.771430349834646,2.7714303498346466,False,False,,guitars,,,
3083,2.747027138041164,2.7470271380411644,False,False,,guitars,,,
3084,2.751274668111491,2.751274668111491,False,False,,guitars,,,
3085,2.738506313245403,2.738506313245403,False,False,,guitars,,,
3086,2.7524316039369587,2.7524316039369587,False,False,,guitars,,,
3087,2.736370704250348,2.736370704250348,False,False,,guitars,,,
3088,2.739282360696908,2.7392823606969077,False,False,,guitars,,,
3089,2.736370704250348,2.736370704250348,False,False,,guitars,,,
3090,2.747027138041163,2.747027138041163,False,False,,guitars,,,
3091,2.747027138041163,2.747027138041163,False,False,,guitars,,,
3092,2.761280482841085,2.7612804828410855,False,False,,guitars,,,
3093,2.745673855799484,2.745673855799484,False,False,,guitars,,,
3094,2.736176450303841,2.736176450303841,False,False,,guitars,,,
3095,2.736176450303841,2.736176450303841,False,False,,guitars,,,
3096,2.726440750562878,2.726440750562878,False,False,,guitars,,,
3097,2.728781445629064,2.7287814456290644,False,False,,guitars,,,
3098,2.744126182878182,2.7441261828781816,False,False,,guitars,,,
3099,2.7478000524364856,2.7478000524364856,False,False,,guitars,,,
3100,2.745480458830681,2.745480458830681,False,False,,guitars,,,
3101,2.7597442016806397,2.7597442016806397,False,False,,guitars,,,
3102,2.7666487201099903,2.7666487201099903,False,False,,guitars,,,
3103,2.7754386300236726,2.7754386300236726,False,False,,guitars,,,
3104,2.7689452447140197,2.76894524471402,False,False,,guitars,,,
3105,2.7857111708548343,2.7857111708548343,False,False,,guitars,,,
3106,2.7843823293357484,2.784382329335748,False,False,,guitars,,,
3107,2.7868495210445747,2.7868495210445743,False,False,,guitars,,,
3108,2.761664379206972,2.761664379206972,False,False,,guitars,,,
3109,2.7633910532937525,2.7633910532937525,False,False,,guitars,,,
3110,2.7834326508254104,2.7834326508254104,False,False,,guitars,,,
3111,2.781151698622184,2.781151698622184,False,False,,guitars,,,
3112,2.7826726040206635,2.782672604020664,False,False,,guitars,,,
3113,2.7857111708548343,2.7857111708548343,False,False,,guitars,,,
3114,2.7752479305103392,2.7752479305103392,False,False,,guitars,,,
3115,2.770283739069122,2.770283739069122,False,False,,guitars,,,
3116,2.770283739069122,2.770283739069122,False,False,,guitars,,,
3117,2.7485726837416924,2.7485726837416924,False,False,,guitars,,,
3118,2.7549361276279885,2.7549361276279885,False,False,,guitars,,,
3119,2.765499526102461,2.765499526102461,False,False,,guitars,,,
3120,2.786090688235285,2.786090688235285,False,False,,guitars,,,
3121,2.778677914077653,2.778677914077653,False,False,,guitars,,,
3122,2.7876080848052207,2.787608084805221,False,False,,guitars,,,
3123,2.78514176847138,2.78514176847138,False,False,,guitars,,,
3124,2.786280421675364,2.786280421675364,False,False,,guitars,,,
3125,2.801028107305302,2.8010281073053016,False,False,,guitars,,,
3126,2.798577187193039,2.798577187193039,False,False,,guitars,,,
3127,2.78647013828752,2.78647013828752,False,False,,guitars,,,
3128,2.772767281893953,2.7727672818939535,False,False,,guitars,,,
3129,2.7672406323327663,2.7672406323327663,False,False,,guitars,,,
3130,2.765904457730504,2.765904457730504,False,False,,guitars,,,
3131,2.774099152661252,2.774099152661252,False,False,,guitars,,,
3132,2.7664772069237484,2.7664772069237484,False,False,,guitars,,,
3133,2.759593992102419,2.759593992102419,False,False,,guitars,,,
3134,2.758827809172957,2.758827809172957,False,False,,guitars,,,
3135,2.752111850514641,2.7521118505146407,False,False,,guitars,,,
3136,2.7538408492227004,2.7538408492227004,False,False,,guitars,,,
3137,2.7457600488266727,2.7457600488266727,False,False,,guitars,,,
3138,2.735130971456748,2.7351309714567478,False,False,,guitars,,,
3139,2.741128507801062,2.741128507801062,False,False,,guitars,,,
3140,2.741128507801062,2.741128507801062,False,False,,guitars,,,
3141,2.742480426474361,2.742480426474361,False,False,,guitars,,,
3142,2.724253070729361,2.724253070729361,False,False,,guitars,,,
3143,2.740742085764666,2.7407420857646665,False,False,,guitars,,,
3144,2.7397757200532733,2.7397757200532733,False,False,,guitars,,,
3145,2.7355184262615366,2.7355184262615366,False,False,,guitars,,,
3146,2.7413216922127,2.7413216922127,False,False,,guitars,,,
3147,2.7430595545309404,2.7430595545309404,False,False,,guitars,,,
3148,2.745760048826673,2.7457600488266736,False,False,,guitars,,,
3149,2.7513429522939026,2.7513429522939026,False,False,,guitars,,,
3150,2.730670092406496,2.7306700924064966,False,False,,guitars,,,
3151,2.725810519533734,2.7258105195337334,False,False,,guitars,,,
3152,2.7372610889586717,2.7372610889586717,False,False,,guitars,,,
3153,2.716839297453701,2.716839297453701,False,False,,guitars,,,
3154,2.6932525108430423,2.6932525108430423,False,False,,guitars,,,
3155,2.6755836645034434,2.6755836645034434,False,False,,guitars,,,
3156,2.683543468553879,2.683543468553879,False,False,,guitars,,,
3157,2.701341508628539,2.701341508628539,False,False,,guitars,,,
3158,2.68413921478725,2.68413921478725,False,False,,guitars,,,
3159,2.7107716434736187,2.7107716434736187,False,False,,guitars,,,
3160,2.6934501800664283,2.6934501800664283,False,False,,guitars,,,
3161,2.7033096543798782,2.7033096543798782,False,False,,guitars,,,
3162,2.6871153659128737,2.6871153659128737,False,False,,guitars,,,
3163,2.68592542092109,2.68592542092109,False,False,,guitars,,,
3164,2.656151881409929,2.656151881409929,False,False,,guitars,,,
3165,2.6691935419827484,2.6691935419827484,False,False,,guitars,,,
3166,2.6817551953576517,2.6817551953576517,False,False,,guitars,,,
3167,2.6871153659128737,2.6871153659128737,False,False,,guitars,,,
3168,2.6997656461362176,2.6997656461362176,False,False,,guitars,,,
3169,2.7009476552809826,2.7009476552809826,False,False,,guitars,,,
3170,2.7033096543798782,2.7033096543798782,False,False,,guitars,,,
3171,2.7152751419048395,2.7152751419048395,False,False,,guitars,,,
3172,2.7013415086285386,2.7013415086285386,False,False,,guitars,,,
3173,2.7025226201196477,2.7025226201196477,False,False,,guitars,,,
3174,2.6817551953576517,2.6817551953576517,False,False,,guitars,,,
3175,2.677576505566893,2.677576505566893,False,False,,guitars,,,
3176,2.695820738409524,2.695820738409524,False,False,,guitars,,,
3177,2.7033096543798782,2.7033096543798782,False,False,,guitars,,,
3178,2.726199700659834,2.726199700659834,False,False,,guitars,,,
3179,2.729893317881116,2.7298933178811167,False,False,,guitars,,,
3180,2.726977845882917,2.726977845882917,False,False,,guitars,,,
3181,2.736873955485291,2.736873955485291,False,False,,guitars,,,
3182,2.7326107706015006,2.7326107706015006,False,False,,guitars,,,
3183,2.723473911224477,2.723473911224477,False,False,,guitars,,,
3184,2.7380351420211877,2.7380351420211877,False,False,,guitars,,,
3185,2.7461455513827,2.7461455513827002,False,False,,guitars,,,
3186,2.7461455513827,2.7461455513827002,False,False,,guitars,,,
3187,2.7413216922127006,2.741321692212701,False,False,,guitars,,,
3188,2.756335798312946,2.7563357983129455,False,False,,guitars,,,
3189,2.7594024723489783,2.7594024723489783,False,False,,guitars,,,
3190,2.7507660948941246,2.7507660948941246,False,False,,guitars,,,
3191,2.754992729904033,2.7549927299040333,False,False,,guitars,,,
3192,2.755760301969285,2.7557603019692856,False,False,,guitars,,,
3193,2.7484570879136347,2.7484570879136343,False,False,,guitars,,,
3194,2.759745545768712,2.7597455457687126,False,False,,guitars,,,
3195,2.7633680340745173,2.7633680340745173,False,False,,guitars,,,
3196,2.7671745090982607,2.7671745090982607,False,False,,guitars,,,
3197,2.777418079175877,2.777418079175877,False,False,,guitars,,,
3198,2.7817661708457955,2.7817661708457955,False,False,,guitars,,,
3199,2.79250390285519,2.79250390285519,False,False,,guitars,,,
3200,2.7921280505606654,2.792128050560665,False,False,,guitars,,,
3201,2.788742409909001,2.788742409909001,False,False,,guitars,,,
3202,2.7928796892671346,2.7928796892671346,False,False,,guitars,,,
3203,2.7951330259922225,2.795133025992223,False,False,,guitars,,,
3204,2.7732507218638776,2.773250721863878,False,False,,guitars,,,
3205,2.7612715585136938,2.7612715585136938,False,False,,guitars,,,
3206,2.7656527379751545,2.7656527379751545,False,False,,guitars,,,
3207,2.790812048242587,2.790812048242587,False,False,,guitars,,,
3208,2.791376148195932,2.791376148195932,False,False,,guitars,,,
3209,2.786293891337808,2.7862938913378077,False,False,,guitars,,,
3210,2.794382176727801,2.794382176727801,False,False,,guitars,,,
3211,2.794382176727801,2.794382176727801,False,False,,guitars,,,
3212,2.812144387158446,2.812144387158446,False,False,,guitars,,,
3213,2.8013175345236814,2.8013175345236814,False,False,,guitars,,,
3214,2.804870258483222,2.804870258483222,False,False,,guitars,,,
3215,2.82994633428037,2.82994633428037,False,False,,guitars,,,
3216,2.844303729934684,2.844303729934684,False,False,,guitars,,,
3217,2.842651926127641,2.842651926127641,False,False,,guitars,,,
3218,2.839528436366638,2.8395284363666375,False,False,,guitars,,,
3219,2.8306849195222554,2.8306849195222554,False,False,,guitars,,,
3220,2.83105411802631,2.83105411802631,False,False,,guitars,,,
3221,2.8238434002633768,2.8238434002633768,False,False,,guitars,,,
3222,2.840079965610516,2.840079965610516,False,False,,guitars,,,
3223,2.8545536672883256,2.854553667288326,False,False,,guitars,,,
3224,2.83658458741519,2.83658458741519,False,False,,guitars,,,
3225,2.855101418940688,2.855101418940688,False,False,,guitars,,,
3226,2.8466874651544365,2.8466874651544365,False,False,,guitars,,,
3227,2.849983735546654,2.849983735546654,False,False,,guitars,,,
3228,2.8523612902876416,2.852361290287641,False,False,,guitars,,,
3229,2.86475588608877,2.8647558860887705,False,False,,guitars,,,
3230,2.862937533745371,2.8629375337453715,False,False,,guitars,,,
3231,2.8638468979017278,2.8638468979017278,False,False,,guitars,,,
3232,2.872738836829406,2.872738836829406,False,False,,guitars,,,
3233,2.8654828062294087,2.865482806229408,False,False,,guitars,,,
3234,2.8455876028747986,2.8455876028747986,False,False,,guitars,,,
3235,2.828283598766195,2.828283598766195,False,False,,guitars,,,
3236,2.824028590119453,2.824028590119453,False,False,,guitars,,,
3237,2.8255095398565344,2.825509539856534,False,False,,guitars,,,
3238,2.823472973084157,2.823472973084157,False,False,,guitars,,,
3239,2.832899170556526,2.8328991705565256,False,False,,guitars,,,
3240,2.8180946488438967,2.8180946488438967,False,False,,guitars,,,
3241,2.8321613374246937,2.8321613374246937,False,False,,guitars,,,
3242,2.809908805990402,2.809908805990402,False,False,,guitars,,,
3243,2.808790146108492,2.8087901461084925,False,False,,guitars,,,
3244,2.8044965635801264,2.8044965635801264,False,False,,guitars,,,
3245,2.8102815637302005,2.8102815637302,False,False,,guitars,,,
3246,2.8180946488438967,2.8180946488438967,False,False,,guitars,,,
3247,2.8173517612008747,2.8173517612008747,False,False,,guitars,,,
3248,2.811771951073091,2.811771951073091,False,False,,guitars,,,
3249,2.8188372814824887,2.818837281482489,False,False,,guitars,,,
3250,2.798883337823453,2.798883337823453,False,False,,guitars,,,
3251,2.8147496427860106,2.8147496427860106,False,False,,guitars,,,
3252,2.808417130490849,2.8084171304908496,False,False,,guitars,,,
3253,2.834742659131617,2.834742659131617,False,False,,guitars,,,
3254,2.834926922112767,2.834926922112767,False,False,,guitars,,,
3255,2.82939223052812,2.82939223052812,False,False,,guitars,,,
3256,2.82939223052812,2.82939223052812,False,False,,guitars,,,
3257,2.8463209059052588,2.8463209059052588,False,False,,guitars,,,
3258,2.849983735546654,2.849983735546654,False,False,,guitars,,,
3259,2.843600935182954,2.843600935182954,False,False,,guitars,,,
3260,2.851803976139166,2.8518039761391654,False,False,,guitars,,,
3261,2.8568926164490467,2.8568926164490467,False,False,,guitars,,,
3262,2.8457914247507934,2.8457914247507934,False,False,,guitars,,,
3263,2.8326153618471834,2.8326153618471834,False,False,,guitars,,,
3264,2.828389479030769,2.828389479030769,False,False,,guitars,,,
3265,2.841042582821824,2.841042582821824,False,False,,guitars,,,
3266,2.835000275962588,2.835000275962588,False,False,,guitars,,,
3267,2.818250609730137,2.818250609730137,False,False,,guitars,,,
3268,2.7982020702090264,2.7982020702090264,False,False,,guitars,,,
3269,2.8034177790305743,2.8034177790305743,False,False,,guitars,,,
3270,2.8123297045537337,2.8123297045537337,False,False,,guitars,,,
3271,2.8202821826594517,2.8202821826594517,False,False,,guitars,,,
3272,2.8169567967506035,2.8169567967506035,False,False,,guitars,,,
3273,2.8145519454122887,2.8145519454122887,False,False,,guitars,,,
3274,2.827653702962783,2.827653702962783,False,False,,guitars,,,
3275,2.832798909639763,2.832798909639763,False,False,,guitars,,,
3276,2.8425048657180496,2.8425048657180496,False,False,,guitars,,,
3277,2.822127414382672,2.822127414382672,False,False,,guitars,,,
3278,2.7897930496752683,2.7897930496752683,False,False,,guitars,,,
3279,2.780410802399312,2.780410802399312,False,False,,guitars,,,
3280,2.7890439823693214,2.789043982369321,False,False,,guitars,,,
3281,2.7890439823693214,2.789043982369321,False,False,,guitars,,,
3282,2.760192973093646,2.760192973093646,False,False,,guitars,,,
3283,2.7422709807547294,2.7422709807547294,False,False,,guitars,,,
3284,2.745905802284867,2.745905802284867,False,False,,guitars,,,
3285,2.7662596069195304,2.7662596069195304,False,False,,guitars,,,
3286,2.769097384407581,2.769097384407581,False,False,,guitars,,,
3287,2.75258516989742,2.75258516989742,False,False,,guitars,,,
3288,2.776834715101262,2.776834715101262,False,False,,guitars,,,
3289,2.756012066665628,2.756012066665628,False,False,,guitars,,,
3290,2.7670167182740952,2.767016718274095,False,False,,guitars,,,
3291,2.7929736670395866,2.7929736670395866,False,False,,guitars,,,
3292,2.7851070722558724,2.785107072255873,False,False,,guitars,,,
3293,2.7764579357901207,2.7764579357901207,False,False,,guitars,,,
3294,2.7525851698974195,2.75258516989742,False,False,,guitars,,,
3295,2.767584374752994,2.7675843747529933,False,False,,guitars,,,
3296,2.779658439896017,2.779658439896017,False,False,,guitars,,,
3297,2.7886693504271998,2.7886693504271998,False,False,,guitars,,,
3298,2.81121772591295,2.8112177259129503,False,False,,guitars,,,
3299,2.816032170505377,2.816032170505377,False,False,,guitars,,,
3300,2.8138114524627253,2.8138114524627253,False,False,,guitars,,,
3301,2.8171416745655176,2.8171416745655176,False,False,,guitars,,,
3302,2.81399659949598,2.8139965994959804,False,False,,guitars,,,
3303,2.818620128503257,2.8186201285032566,False,False,,guitars,,,
3304,2.823418142085463,2.823418142085463,False,False,,guitars,,,
3305,2.823418142085463,2.823418142085463,False,False,,guitars,,,
3306,2.8267336320330845,2.8267336320330845,False,False,,guitars,,,
3307,2.808249644858947,2.808249644858947,False,False,,guitars,,,
3308,2.8084352696415964,2.808435269641597,False,False,,guitars,,,
3309,2.8283894790307693,2.8283894790307698,False,False,,guitars,,,
3310,2.8375657258060154,2.837565725806016,False,False,,guitars,,,
3311,2.851258062891197,2.851258062891197,False,False,,guitars,,,
3312,2.8554399244675563,2.8554399244675563,False,False,,guitars,,,
3313,2.8576186017485266,2.857618601748527,False,False,,guitars,,,
3314,2.8576186017485266,2.857618601748527,False,False,,guitars,,,
3315,2.8572556391334407,2.8572556391334407,False,False,,guitars,,,
3316,2.839213349413829,2.8392133494138285,False,False,,guitars,,,
3317,2.8415910537746374,2.841591053774637,False,False,,guitars,,,
3318,2.846521100068693,2.846521100068693,False,False,,guitars,,,
3319,2.86775727792544,2.86775727792544,False,False,,guitars,,,
3320,2.871366939609011,2.871366939609011,False,False,,guitars,,,
3321,2.8630558513095563,2.863055851309556,False,False,,guitars,,,
3322,2.866130997762377,2.866130997762377,False,False,,guitars,,,
3323,2.858707129452815,2.858707129452815,False,False,,guitars,,,
3324,2.860326845897049,2.860326845897049,False,False,,guitars,,,
3325,2.8660761857788724,2.8660761857788724,False,False,,guitars,,,
3326,2.8691244212369567,2.8691244212369567,False,False,,guitars,,,
3327,2.869303597858349,2.869303597858349,False,False,,guitars,,,
3328,2.867331852770756,2.867331852770756,False,False,,guitars,,,
3329,2.854742781406105,2.854742781406105,False,False,,guitars,,,
3330,2.849686852624146,2.849686852624146,False,False,,guitars,,,
3331,2.834266442070953,2.8342664420709536,False,False,,guitars,,,
3332,2.8335380809858344,2.8335380809858344,False,False,,guitars,,,
3333,2.8480592490410794,2.8480592490410794,False,False,,guitars,,,
3334,2.8565456462142844,2.856545646214285,False,False,,guitars,,,
3335,2.8590671697371417,2.8590671697371413,False,False,,guitars,,,
3336,2.8424437625092405,2.8424437625092405,False,False,,guitars,,,
3337,2.846792497007105,2.8467924970071046,False,False,,guitars,,,
3338,2.841536684742786,2.841536684742786,False,False,,guitars,,,
3339,2.832627286536264,2.8326272865362645,False,False,,guitars,,,
3340,2.832627286536264,2.8326272865362645,False,False,,guitars,,,
3341,2.8561851918348418,2.8561851918348418,False,False,,guitars,,,
3342,2.862664329298997,2.862664329298997,False,False,,guitars,,,
3343,2.869661907384616,2.869661907384616,False,False,,guitars,,,
3344,2.8841247652484223,2.8841247652484228,False,False,,guitars,,,
3345,2.89247365426798,2.8924736542679805,False,False,,guitars,,,
3346,2.9034392984399857,2.9034392984399857,False,False,,guitars,,,
3347,2.9011445228116792,2.9011445228116792,False,False,,guitars,,,
3348,2.89743257490398,2.8974325749039798,False,False,,guitars,,,
3349,2.8976094747976977,2.8976094747976977,False,False,,guitars,,,
3350,2.8976094747976977,2.8976094747976977,False,False,,guitars,,,
3351,2.891586966765208,2.891586966765208,False,False,,guitars,,,
3352,2.8891023555711697,2.8891023555711697,False,False,,guitars,,,
3353,2.90837388495931,2.90837388495931,False,False,,guitars,,,
3354,2.894245967905692,2.894245967905692,False,False,,guitars,,,
3355,2.8983169337382657,2.8983169337382657,False,False,,guitars,,,
3356,2.9125948670343846,2.912594867034385,False,False,,guitars,,,
3357,2.915053431149041,2.915053431149041,False,False,,guitars,,,
3358,2.9332331305799566,2.9332331305799566,False,False,,guitars,,,
3359,2.939839224271036,2.9398392242710356,False,False,,guitars,,,
3360,2.9356692075474604,2.9356692075474604,False,False,,guitars,,,
3361,2.930968696990779,2.9309686969907784,False,False,,guitars,,,
3362,2.9448677373773005,2.9448677373773005,False,False,,guitars,,,
3363,2.9260836993192645,2.9260836993192645,False,False,,guitars,,,
3364,2.921188055455455,2.921188055455455,False,False,,guitars,,,
3365,2.932188290435125,2.932188290435125,False,False,,guitars,,,
3366,2.9108370934059566,2.910837093405957,False,False,,guitars,,,
3367,2.9185609873790184,2.918560987379019,False,False,,guitars,,,
3368,2.9118919234395952,2.9118919234395952,False,False,,guitars,,,
3369,2.90854991853975,2.90854991853975,False,False,,guitars,,,
3370,2.9013211279568805,2.9013211279568805,False,False,,guitars,,,
3371,2.915053431149041,2.915053431149041,False,False,,guitars,,,
3372,2.925734364294229,2.925734364294229,False,False,,guitars,,,
3373,2.9368862591621983,2.9368862591621983,False,False,,guitars,,,
3374,2.933755368899216,2.933755368899216,False,False,,guitars,,,
3375,2.933755368899216,2.933755368899216,False,False,,guitars,,,
3376,2.9288764260669766,2.928876426066977,False,False,,guitars,,,
3377,2.9361908815598863,2.9361908815598863,False,False,,guitars,,,
3378,2.935321357776836,2.935321357776836,False,False,,guitars,,,
3379,2.945733592563091,2.945733592563091,False,False,,guitars,,,
3380,2.949020822993093,2.949020822993093,False,False,,guitars,,,
3381,2.9311429650960865,2.9311429650960865,False,False,,guitars,,,
3382,2.9548913525487728,2.9548913525487728,False,False,,guitars,,,
3383,2.9498850907100005,2.9498850907100005,False,False,,guitars,,,
3384,2.94174790937734,2.94174790937734,False,False,,guitars,,,
3385,2.933233130579957,2.9332331305799575,False,False,,guitars,,,
3386,2.914702373080577,2.9147023730805772,False,False,,guitars,,,
3387,2.917509297238505,2.9175092972385044,False,False,,guitars,,,
3388,2.906690816959995,2.906690816959995,False,False,,guitars,,,
3389,2.926022561213351,2.926022561213351,False,False,,guitars,,,
3390,2.927756001856944,2.927756001856944,False,False,,guitars,,,
3391,2.942952995210372,2.942952995210372,False,False,,guitars,,,
3392,2.954112742948231,2.954112742948231,False,False,,guitars,,,
3393,2.9517137478599893,2.9517137478599893,False,False,,guitars,,,
3394,2.955653614972713,2.9556536149727135,False,False,,guitars,,,
3395,2.955653614972713,2.9556536149727135,False,False,,guitars,,,
3396,2.93830116653894,2.93830116653894,False,False,,guitars,,,
3397,2.954968912172617,2.954968912172617,False,False,,guitars,,,
3398,2.9609530714518897,2.96095307145189,False,False,,guitars,,,
3399,2.972704500783001,2.9727045007830015,False,False,,guitars,,,
3400,2.971685039541254,2.9716850395412546,False,False,,guitars,,,
3401,2.966921518415909,2.966921518415909,False,False,,guitars,,,
3402,2.988448286436963,2.988448286436963,False,False,,guitars,,,
3403,2.986929416420923,2.986929416420923,False,False,,guitars,,,
3404,2.990134741304985,2.990134741304985,False,False,,guitars,,,
3405,2.978642303659752,2.978642303659752,False,False,,guitars,,,
3406,2.9857473771633667,2.9857473771633662,False,False,,guitars,,,
3407,2.9906404362268657,2.9906404362268657,False,False,,guitars,,,
3408,2.993840587537618,2.993840587537618,False,False,,guitars,,,
3409,2.972194827097254,2.972194827097254,False,False,,guitars,,,
3410,2.970835140378229,2.970835140378229,False,False,,guitars,,,
3411,2.9470799281454934,2.947079928145494,False,False,,guitars,,,
3412,2.96026996491984,2.96026996491984,False,False,,guitars,,,
3413,2.964365529210394,2.964365529210394,False,False,,guitars,,,
3414,2.964365529210394,2.964365529210394,False,False,,guitars,,,
3415,2.9640245137011947,2.9640245137011947,False,False,,guitars,,,
3416,2.9988844054441075,2.998884405444107,False,False,,guitars,,,
3417,3.0091062363368457,3.0091062363368457,False,False,,guitars,,,
3418,3.0019053994701648,3.0019053994701648,False,False,,guitars,,,
3419,2.9990523424459337,2.9990523424459337,False,False,,guitars,,,
3420,2.988448286436963,2.988448286436963,False,False,,guitars,,,
3421,2.989123017113957,2.989123017113957,False,False,,guitars,,,
3422,2.9877733572652123,2.9877733572652123,False,False,,guitars,,,
3423,2.976947362618502,2.9769473626185023,False,False,,guitars,,,
3424,2.988616987708783,2.988616987708783,False,False,,guitars,,,
3425,2.974063074447584,2.974063074447584,False,False,,guitars,,,
3426,2.9918199581009195,2.9918199581009195,False,False,,guitars,,,
3427,2.988279572759222,2.9882795727592217,False,False,,guitars,,,
3428,3.0040847680316265,3.004084768031626,False,False,,guitars,,,
3429,3.0122808621383705,3.0122808621383705,False,False,,guitars,,,
3430,3.014960008477097,3.014960008477097,False,False,,guitars,,,
3431,3.012107469260424,3.012107469260424,False,False,,guitars,,,
3432,3.003738935796374,3.003738935796374,False,False,,guitars,,,
3433,2.973357601676472,2.9733576016764722,False,False,,guitars,,,
3434,2.9422219364398545,2.9422219364398545,False,False,,guitars,,,
3435,2.936703021778118,2.936703021778118,False,False,,guitars,,,
3436,2.9380840165252136,2.9380840165252136,False,False,,guitars,,,
3437,2.914839762499742,2.9148397624997417,False,False,,guitars,,,
3438,2.9015484746606592,2.9015484746606592,False,False,,guitars,,,
3439,2.913793320456768,2.913793320456768,False,False,,guitars,,,
3440,2.8971589663410984,2.8971589663410984,False,False,,guitars,,,
3441,2.881992472553337,2.8819924725533372,False,False,,guitars,,,
3442,2.891880094454061,2.891880094454061,False,False,,guitars,,,
3443,2.9172795595445984,2.9172795595445984,False,False,,guitars,,,
3444,2.92545093455678,2.92545093455678,False,False,,guitars,,,
3445,2.92545093455678,2.92545093455678,False,False,,guitars,,,
3446,2.888883154119116,2.8888831541191156,False,False,,guitars,,,
3447,2.9094278663616087,2.9094278663616087,False,False,,guitars,,,
3448,2.9351483908555043,2.9351483908555043,False,False,,guitars,,,
3449,2.936012207079234,2.9360122070792336,False,False,,guitars,,,
3450,2.896983205778409,2.896983205778409,False,False,,guitars,,,
3451,2.892408546456418,2.892408546456418,False,False,,guitars,,,
3452,2.8796908039947025,2.879690803994703,False,False,,guitars,,,
3453,2.8810965510790454,2.881096551079046,False,False,,guitars,,,
3454,2.8673521889562834,2.867352188956284,False,False,,guitars,,,
3455,2.840676689528656,2.8406766895286557,False,False,,guitars,,,
3456,2.8169293583320245,2.8169293583320245,False,False,,guitars,,,
3457,2.8295549702554994,2.8295549702554994,False,False,,guitars,,,
3458,2.872295920668264,2.872295920668264,False,False,,guitars,,,
3459,2.8551217770735424,2.8551217770735424,False,False,,guitars,,,
3460,2.830633754130972,2.830633754130972,False,False,,guitars,,,
3461,2.8286555742720574,2.8286555742720574,False,False,,guitars,,,
3462,2.850851688423314,2.850851688423314,False,False,,guitars,,,
3463,2.845502333701048,2.8455023337010483,False,False,,guitars,,,
3464,2.85387719418106,2.8538771941810595,False,False,,guitars,,,
3465,2.867882405539127,2.867882405539127,False,False,,guitars,,,
3466,2.84585936490055,2.84585936490055,False,False,,guitars,,,
3467,2.8512078473483404,2.8512078473483404,False,False,,guitars,,,
3468,2.8978963176595967,2.897896317659596,False,False,,guitars,,,
3469,2.907984993276227,2.907984993276227,False,False,,guitars,,,
3470,2.9232054628142268,2.9232054628142268,False,False,,guitars,,,
3471,2.9232054628142268,2.9232054628142268,False,False,,guitars,,,
3472,2.9031202997636965,2.903120299763696,False,False,,guitars,,,
3473,2.904337468267654,2.9043374682676544,False,False,,guitars,,,
3474,2.8849577564283235,2.8849577564283235,False,False,,guitars,,,
3475,2.8833789864698693,2.8833789864698693,False,False,,guitars,,,
3476,2.895803286544555,2.895803286544555,False,False,,guitars,,,
3477,2.8692956925536013,2.8692956925536013,False,False,,guitars,,,
3478,2.83888670158112,2.83888670158112,False,False,,guitars,,,
3479,2.82919525655348,2.82919525655348,False,False,,guitars,,,
3480,2.8286555742720574,2.8286555742720574,False,False,,guitars,,,
3481,2.834764140024431,2.834764140024431,False,False,,guitars,,,
3482,2.8622201634210045,2.8622201634210045,False,False,,guitars,,,
3483,2.83153233177313,2.83153233177313,False,False,,guitars,,,
3484,2.8143953770147885,2.8143953770147885,False,False,,guitars,,,
3485,2.8522759765751315,2.8522759765751315,False,False,,guitars,,,
3486,2.8556549534660443,2.855654953466044,False,False,,guitars,,,
3487,2.852987773363328,2.852987773363328,False,False,,guitars,,,
3488,2.8408556075279905,2.84085560752799,False,False,,guitars,,,
3489,2.866468210736661,2.8664682107366604,False,False,,guitars,,,
3490,2.8657607724102148,2.8657607724102148,False,False,,guitars,,,
3491,2.847108514878591,2.847108514878591,False,False,,guitars,,,
3492,2.861688579841378,2.861688579841378,False,False,,guitars,,,
3493,2.8765246003580462,2.8765246003580467,False,False,,guitars,,,
3494,2.86540696792719,2.86540696792719,False,False,,guitars,,,
3495,2.8584963735547864,2.8584963735547864,False,False,,guitars,,,
3496,2.840676689528656,2.8406766895286557,False,False,,guitars,,,
3497,2.828835483267533,2.8288354832675333,False,False,,guitars,,,
3498,2.838349418436414,2.838349418436414,False,False,,guitars,,,
3499,2.8268556639101727,2.826855663910173,False,False,,guitars,,,
3500,2.832969283888452,2.832969283888452,False,False,,guitars,,,
3501,2.8584963735547864,2.8584963735547864,False,False,,guitars,,,
3502,2.877404556610582,2.877404556610582,False,False,,guitars,,,
3503,2.880393789243424,2.8803937892434237,False,False,,guitars,,,
3504,2.8851331058527805,2.8851331058527805,False,False,,guitars,,,
3505,2.872648620375152,2.872648620375152,False,False,,guitars,,,
3506,2.876876624930849,2.8768766249308486,False,False,,guitars,,,
3507,2.8600930568181355,2.8600930568181355,False,False,,guitars,,,
3508,2.8579638875653,2.8579638875653,False,False,,guitars,,,
3509,2.8600930568181355,2.8600930568181355,False,False,,guitars,,,
3510,2.874411273437101,2.874411273437101,False,False,,guitars,,,
3511,2.8889872867234447,2.8889872867234447,False,False,,guitars,,,
3512,2.8980706480476983,2.8980706480476988,False,False,,guitars,,,
3513,2.897024460734908,2.897024460734908,False,False,,guitars,,,
3514,2.8984192678507616,2.8984192678507616,False,False,,guitars,,,
3515,2.8984192678507616,2.8984192678507616,False,False,,guitars,,,
3516,2.909893225391698,2.909893225391698,False,False,,guitars,,,
3517,2.882150275362465,2.882150275362465,False,False,,guitars,,,
3518,2.871846446273178,2.871846446273178,False,False,,guitars,,,
3519,2.8763930422511814,2.8763930422511814,False,False,,guitars,,,
3520,2.87482028045846,2.87482028045846,False,False,,guitars,,,
3521,2.905375728354068,2.905375728354068,False,False,,guitars,,,
3522,2.9143237499199746,2.9143237499199746,False,False,,guitars,,,
3523,2.909337928636398,2.9093379286363974,False,False,,guitars,,,
3524,2.9103703907783407,2.9103703907783407,False,False,,guitars,,,
3525,2.912605756948674,2.912605756948674,False,False,,guitars,,,
3526,2.905548144298305,2.9055481442983044,False,False,,guitars,,,
3527,2.923236127072547,2.923236127072547,False,False,,guitars,,,
3528,2.907960569584768,2.9079605695847683,False,False,,guitars,,,
3529,2.8910184669419223,2.8910184669419223,False,False,,guitars,,,
3530,2.906754682939957,2.906754682939957,False,False,,guitars,,,
3531,2.910714438823093,2.910714438823093,False,False,,guitars,,,
3532,2.919983789360666,2.919983789360666,False,False,,guitars,,,
3533,2.914495476670481,2.914495476670481,False,False,,guitars,,,
3534,2.9024426156595977,2.9024426156595977,False,False,,guitars,,,
3535,2.890150603164792,2.8901506031647926,False,False,,guitars,,,
3536,2.888935023278219,2.888935023278219,False,False,,guitars,,,
3537,2.9172413142239124,2.9172413142239124,False,False,,guitars,,,
3538,2.933986621730005,2.933986621730005,False,False,,guitars,,,
3539,2.92682534109892,2.92682534109892,False,False,,guitars,,,
3540,2.92682534109892,2.92682534109892,False,False,,guitars,,,
3541,2.938238500496828,2.938238500496828,False,False,,guitars,,,
3542,2.932453979040597,2.932453979040597,False,False,,guitars,,,
3543,2.958705284755528,2.9587052847555277,False,False,,guitars,,,
3544,2.96928890215792,2.96928890215792,False,False,,guitars,,,
3545,2.976818646445408,2.9768186464454085,False,False,,guitars,,,
3546,2.9704618289376863,2.9704618289376867,False,False,,guitars,,,
3547,2.968618387228908,2.968618387228908,False,False,,guitars,,,
3548,2.974980334433231,2.974980334433231,False,False,,guitars,,,
3549,2.962238630711727,2.962238630711727,False,False,,guitars,,,
3550,2.9652628493916184,2.9652628493916184,False,False,,guitars,,,
3551,2.966605657809316,2.966605657809316,False,False,,guitars,,,
3552,2.9754818389768016,2.975481838976801,False,False,,guitars,,,
3553,2.985322475391036,2.985322475391036,False,False,,guitars,,,
3554,2.970126768566398,2.970126768566398,False,False,,guitars,,,
3555,2.976150340479612,2.9761503404796117,False,False,,guitars,,,
3556,2.9709643272085136,2.9709643272085136,False,False,,guitars,,,
3557,2.942651969119793,2.9426519691197925,False,False,,guitars,,,
3558,2.939767216396448,2.9397672163964486,False,False,,guitars,,,
3559,2.945871751416589,2.945871751416589,False,False,,guitars,,,
3560,2.961734203143708,2.961734203143708,False,False,,guitars,,,
3561,2.969791658952498,2.969791658952498,False,False,,guitars,,,
3562,2.9753146830298767,2.9753146830298767,False,False,,guitars,,,
3563,2.9634151934653663,2.963415193465366,False,False,,guitars,,,
3564,2.9634151934653663,2.963415193465366,False,False,,guitars,,,
3565,2.9769856924027467,2.9769856924027467,False,False,,guitars,,,
3566,3.001244656212032,3.001244656212032,False,False,,guitars,,,
3567,3.010152728144429,3.010152728144429,False,False,,guitars,,,
3568,3.008835181060146,3.008835181060146,False,False,,guitars,,,
3569,3.007681710569622,3.007681710569622,False,False,,guitars,,,
3570,3.009494048521603,3.009494048521603,False,False,,guitars,,,
3571,3.011304965943138,3.011304965943138,False,False,,guitars,,,
3572,3.0131144659116003,3.0131144659116,False,False,,guitars,,,
3573,3.0131144659116003,3.0131144659116,False,False,,guitars,,,
3574,3.005867948998856,3.0058679489988562,False,False,,guitars,,,
3575,2.977152726151376,2.9771527261513757,False,False,,guitars,,,
3576,2.98032405100092,2.98032405100092,False,False,,guitars,,,
3577,2.997108862712265,2.997108862712265,False,False,,guitars,,,
3578,2.9964464455999176,2.9964464455999176,False,False,,guitars,,,
3579,2.992467930705581,2.9924679307055815,False,False,,guitars,,,
3580,3.016893398979984,3.016893398979984,False,False,,guitars,,,
3581,3.017549975581121,3.017549975581121,False,False,,guitars,,,
3582,3.012950024406192,3.0129500244061926,False,False,,guitars,,,
3583,3.0078910814995603,3.0078910814995603,False,False,,guitars,,,
3584,3.0067472047102743,3.0067472047102743,False,False,,guitars,,,
3585,3.010829880220208,3.0108298802202085,False,False,,guitars,,,
3586,3.0024935480317376,3.0024935480317376,False,False,,guitars,,,
3587,3.004948537906645,3.0049485379066456,False,False,,guitars,,,
3588,3.0105035315511164,3.010503531551117,False,False,,guitars,,,
3589,3.008381140990532,3.008381140990532,False,False,,guitars,,,
3590,2.991166761242821,2.9911667612428214,False,False,,guitars,,,
3591,2.990343807082084,2.990343807082084,False,False,,guitars,,,
3592,2.997247478265072,2.997247478265072,False,False,,guitars,,,
3593,2.990837614973649,2.990837614973649,False,False,,guitars,,,
3594,2.982428388781069,2.9824283887810696,False,False,,guitars,,,
3595,3.0010192982020265,3.0010192982020265,False,False,,guitars,,,
3596,3.0150682270482823,3.0150682270482827,False,False,,guitars,,,
3597,3.0105035315511164,3.010503531551117,False,False,,guitars,,,
3598,2.9972474782650718,2.9972474782650713,False,False,,guitars,,,
3599,2.9972474782650718,2.9972474782650713,False,False,,guitars,,,
3600,2.99806796496205,2.99806796496205,False,False,,guitars,,,
3601,3.001183150323808,3.001183150323808,False,False,,guitars,,,
3602,2.9733248648056394,2.9733248648056394,False,False,,guitars,,,
3603,2.9784603988676723,2.9784603988676723,False,False,,guitars,,,
3604,2.9811064898539774,2.9811064898539774,False,False,,guitars,,,
3605,2.984904894377631,2.984904894377631,False,False,,guitars,,,
3606,2.9972474782650718,2.9972474782650713,False,False,,guitars,,,
3607,3.011808649876879,3.011808649876879,False,False,,guitars,,,
3608,3.011808649876879,3.011808649876879,False,False,,guitars,,,
3609,3.000363773152661,3.0003637731526607,False,False,,guitars,,,
3610,2.9965908781973627,2.996590878197363,False,False,,guitars,,,
3611,2.9802799151487984,2.9802799151487984,False,False,,guitars,,,
3612,2.9885322687092333,2.9885322687092333,False,False,,guitars,,,
3613,2.979287631160512,2.979287631160512,False,False,,guitars,,,
3614,2.9908376149736484,2.9908376149736484,False,False,,guitars,,,
3615,3.0054392224601987,3.0054392224601987,False,False,,guitars,,,
3616,2.987378726442585,2.987378726442585,False,False,,guitars,,,
3617,2.992153917095228,2.992153917095228,False,False,,guitars,,,
3618,3.003639535237076,3.003639535237076,False,False,,guitars,,,
3619,3.011482439365102,3.0114824393651016,False,False,,guitars,,,
3620,3.012950024406191,3.0129500244061913,False,False,,guitars,,,
3621,3.0267648788180503,3.0267648788180503,False,False,,guitars,,,
3622,3.029356150379828,3.0293561503798276,False,False,,guitars,,,
3623,3.027250962326551,3.0272509623265513,False,False,,guitars,,,
3624,3.030165330875978,3.030165330875978,False,False,,guitars,,,
3625,3.042269424557623,3.0422694245576225,False,False,,guitars,,,
3626,3.040014757950096,3.040014757950096,False,False,,guitars,,,
3627,3.027250962326551,3.0272509623265513,False,False,,guitars,,,
3628,3.0233594432299484,3.023359443229948,False,False,,guitars,,,
3629,3.033237652958354,3.0332376529583542,False,False,,guitars,,,
3630,3.0343685398527267,3.034368539852727,False,False,,guitars,,,
3631,3.0345300503111856,3.0345300503111856,False,False,,guitars,,,
3632,3.040659170633349,3.040659170633349,False,False,,guitars,,,
3633,3.040659170633349,3.040659170633349,False,False,,guitars,,,
3634,3.052388598605746,3.052388598605746,False,False,,guitars,,,
3635,3.0549515987909577,3.0549515987909577,False,False,,guitars,,,
3636,3.05911051054668,3.05911051054668,False,False,,guitars,,,
3637,3.0520680264367326,3.0520680264367326,False,False,,guitars,,,
3638,3.0495018685299864,3.0495018685299864,False,False,,guitars,,,
3639,2.987543553716858,2.9875435537168586,False,False,,guitars,,,
3640,2.999872006911015,2.999872006911015,False,False,,guitars,,,
3641,2.9926473359748407,2.9926473359748402,False,False,,guitars,,,
3642,2.9658494322188744,2.965849432218874,False,False,,guitars,,,
3643,2.93822711212788,2.93822711212788,False,False,,guitars,,,
3644,2.972661373269467,2.972661373269467,False,False,,guitars,,,
3645,2.96751275958101,2.9675127595810094,False,False,,guitars,,,
3646,2.981975229331341,2.981975229331341,False,False,,guitars,,,
3647,2.9883556036962227,2.9883556036962227,False,False,,guitars,,,
3648,2.990968066459101,2.990968066459101,False,False,,guitars,,,
3649,2.957930259728873,2.957930259728873,False,False,,guitars,,,
3650,2.9714661647370333,2.9714661647370333,False,False,,guitars,,,
3651,2.9800084560538496,2.9800084560538496,False,False,,guitars,,,
3652,2.972288928844209,2.9722889288442094,False,False,,guitars,,,
3653,2.98786543564239,2.98786543564239,False,False,,guitars,,,
3654,2.997974374774782,2.997974374774782,False,False,,guitars,,,
3655,3.0211224697601105,3.021122469760111,False,False,,guitars,,,
3656,3.020961396548826,3.020961396548826,False,False,,guitars,,,
3657,3.023054476443118,3.0230544764431175,False,False,,guitars,,,
3658,3.019188852368221,3.0191888523682215,False,False,,guitars,,,
3659,3.0133782986478126,3.0133782986478126,False,False,,guitars,,,
3660,3.003823760701252,3.0038237607012523,False,False,,guitars,,,
3661,3.0051216107529477,3.0051216107529477,False,False,,guitars,,,
3662,3.009010787196874,3.009010787196874,False,False,,guitars,,,
3663,3.011599938041359,3.011599938041359,False,False,,guitars,,,
3664,3.0251456703431225,3.025145670343122,False,False,,guitars,,,
3665,3.024502426658811,3.0245024266588105,False,False,,guitars,,,
3666,3.024341587891892,3.024341587891892,False,False,,guitars,,,
3667,3.024341587891892,3.024341587891892,False,False,,guitars,,,
3668,3.0253064534290344,3.0253064534290344,False,False,,guitars,,,
3669,3.0286803305276964,3.028680330527697,False,False,,guitars,,,
3670,3.0199947222657912,3.0199947222657912,False,False,,guitars,,,
3671,3.0285197807207527,3.028519780720753,False,False,,guitars,,,
3672,3.0371736597490284,3.037173659749029,False,False,,guitars,,,
3673,3.054385742856578,3.0543857428565775,False,False,,guitars,,,
3674,3.051525841013716,3.051525841013716,False,False,,guitars,,,
3675,3.04228676319659,3.04228676319659,False,False,,guitars,,,
3676,3.0357335776744674,3.0357335776744674,False,False,,guitars,,,
3677,3.052002733751956,3.052002733751956,False,False,,guitars,,,
3678,3.049776403146601,3.049776403146601,False,False,,guitars,,,
3679,3.04898077183023,3.0489807718302298,False,False,,guitars,,,
3680,3.0542269509257958,3.0542269509257958,False,False,,guitars,,,
3681,3.059461418286888,3.059461418286888,False,False,,guitars,,,
3682,3.0539093347986515,3.053909334798652,False,False,,guitars,,,
3683,3.0246632542852585,3.0246632542852585,False,False,,guitars,,,
3684,3.0302852192621748,3.030285219262175,False,False,,guitars,,,
3685,3.046910863669725,3.046910863669725,False,False,,guitars,,,
3686,3.048662443568254,3.048662443568254,False,False,,guitars,,,
3687,3.056607701790392,3.056607701790392,False,False,,guitars,,,
3688,3.052797339353251,3.0527973393532504,False,False,,guitars,,,
3689,3.0475479535423866,3.0475479535423866,False,False,,guitars,,,
3690,3.053115106170788,3.053115106170788,False,False,,guitars,,,
3691,3.036533733099971,3.0365337330999713,False,False,,guitars,,,
3692,3.048503263200096,3.0485032632000957,False,False,,guitars,,,
3693,3.03685371838047,3.0368537183804705,False,False,,guitars,,,
3694,3.025306453429034,3.0253064534290344,False,False,,guitars,,,
3695,3.032049319056808,3.0320493190568074,False,False,,guitars,,,
3696,3.0214445826284164,3.0214445826284164,False,False,,guitars,,,
3697,3.0374935572223145,3.0374935572223145,False,False,,guitars,,,
3698,3.054385742856577,3.054385742856577,False,False,,guitars,,,
3699,3.06246991786724,3.06246991786724,False,False,,guitars,,,
3700,3.0581935280702126,3.058193528070213,False,False,,guitars,,,
3701,3.0400511587765453,3.0400511587765453,False,False,,guitars,,,
3702,3.048503263200096,3.0485032632000957,False,False,,guitars,,,
3703,3.048503263200096,3.0485032632000957,False,False,,guitars,,,
3704,3.060570261053895,3.060570261053895,False,False,,guitars,,,
3705,3.068791049888323,3.0687910498883224,False,False,,guitars,,,
3706,3.075095267143887,3.075095267143887,False,False,,guitars,,,
3707,3.0831088096911947,3.0831088096911947,False,False,,guitars,,,
3708,3.0846769138672765,3.0846769138672765,False,False,,guitars,,,
3709,3.078555421951381,3.078555421951381,False,False,,guitars,,,
3710,3.062628153325928,3.062628153325928,False,False,,guitars,,,
3711,3.0344127438663544,3.0344127438663544,False,False,,guitars,,,
3712,3.0521068556239284,3.052106855623928,False,False,,guitars,,,
3713,3.051949463355384,3.0519494633553834,False,False,,guitars,,,
3714,3.02901465235644,3.0290146523564405,False,False,,guitars,,,
3715,3.0462762843227265,3.046276284322726,False,False,,guitars,,,
3716,3.058393898475456,3.058393898475456,False,False,,guitars,,,
3717,3.074194240831331,3.0741942408313316,False,False,,guitars,,,
3718,3.0709177383154045,3.0709177383154045,False,False,,guitars,,,
3719,3.074350151317915,3.0743501513179146,False,False,,guitars,,,
3720,3.0511623433686523,3.0511623433686528,False,False,,guitars,,,
3721,3.0598061648527866,3.0598061648527866,False,False,,guitars,,,
3722,3.0492721754161343,3.0492721754161343,False,False,,guitars,,,
3723,3.041854278693309,3.041854278693309,False,False,,guitars,,,
3724,3.0309212911740286,3.0309212911740286,False,False,,guitars,,,
3725,3.057765951781949,3.0577659517819487,False,False,,guitars,,,
3726,3.0569807821209123,3.0569807821209123,False,False,,guitars,,,
3727,3.049114592520652,3.049114592520652,False,False,,guitars,,,
3728,3.065446758802212,3.0654467588022114,False,False,,guitars,,,
3729,3.071386088876749,3.071386088876749,False,False,,guitars,,,
3730,3.071386088876749,3.071386088876749,False,False,,guitars,,,
3731,3.07294658596592,3.07294658596592,False,False,,guitars,,,
3732,3.078711470609273,3.0787114706092735,False,False,,guitars,,,
3733,3.077154780851791,3.077154780851791,False,False,,guitars,,,
3734,3.0549381106023348,3.0549381106023348,False,False,,guitars,,,
3735,3.062471465043671,3.062471465043671,False,False,,guitars,,,
3736,3.0773104959878963,3.0773104959878963,False,False,,guitars,,,
3737,3.078867083201083,3.0788670832010836,False,False,,guitars,,,
3738,3.0715421850592177,3.0715421850592177,False,False,,guitars,,,
3739,3.073102578908488,3.073102578908488,False,False,,guitars,,,
3740,3.068418295713266,3.0684182957132657,False,False,,guitars,,,
3741,3.072010411619191,3.0720104116191904,False,False,,guitars,,,
3742,3.0511623433686523,3.0511623433686528,False,False,,guitars,,,
3743,3.0459607040607177,3.0459607040607177,False,False,,guitars,,,
3744,3.013704916311263,3.0137049163112635,False,False,,guitars,,,
3745,3.0088997974232425,3.008899797423243,False,False,,guitars,,,
3746,2.972049331478793,2.972049331478793,False,False,,guitars,,,
3747,2.9402188013368984,2.940218801336899,False,False,,guitars,,,
3748,2.9633975549438545,2.9633975549438545,False,False,,guitars,,,
3749,2.9491238135093725,2.9491238135093725,False,False,,guitars,,,
3750,2.953891711576172,2.9538917115761714,False,False,,guitars,,,
3751,2.96552273251388,2.9655227325138798,False,False,,guitars,,,
3752,2.918969023170683,2.9189690231706833,False,False,,guitars,,,
3753,2.929619008858487,2.9296190088584875,False,False,,guitars,,,
3754,2.947971436285915,2.947971436285915,False,False,,guitars,,,
3755,2.9874756631388664,2.9874756631388664,False,False,,guitars,,,
3756,2.9568460613799363,2.9568460613799363,False,False,,guitars,,,
3757,2.9645421279141093,2.9645421279141093,False,False,,guitars,,,
3758,2.956025794437481,2.9560257944374815,False,False,,guitars,,,
3759,2.9344282195419447,2.9344282195419447,False,False,,guitars,,,
3760,2.914795096604396,2.914795096604396,False,False,,guitars,,,
3761,2.943521045977451,2.943521045977451,False,False,,guitars,,,
3762,2.968462015196031,2.968462015196031,False,False,,guitars,,,
3763,2.967972398040938,2.967972398040938,False,False,,guitars,,,
3764,2.972212257323525,2.972212257323525,False,False,,guitars,,,
3765,2.9861806045447343,2.9861806045447343,False,False,,guitars,,,
3766,2.969114674481499,2.969114674481499,False,False,,guitars,,,
3767,2.987475663138866,2.987475663138866,False,False,,guitars,,,
3768,2.968788368200759,2.9687883682007588,False,False,,guitars,,,
3769,2.9354219475728494,2.9354219475728494,False,False,,guitars,,,
3770,2.96748267565263,2.9674826756526302,False,False,,guitars,,,
3771,2.9597965711358767,2.9597965711358762,False,False,,guitars,,,
3772,2.9712345276862586,2.9712345276862586,False,False,,guitars,,,
3773,2.9712345276862586,2.9712345276862586,False,False,,guitars,,,
3774,2.9869901018753184,2.9869901018753184,False,False,,guitars,,,
3775,2.9761189931065384,2.976118993106538,False,False,,guitars,,,
3776,2.9741664607775755,2.9741664607775755,False,False,,guitars,,,
3777,2.9527417577348376,2.9527417577348376,False,False,,guitars,,,
3778,2.936249719655334,2.936249719655334,False,False,,guitars,,,
3779,2.9571740851764683,2.9571740851764683,False,False,,guitars,,,
3780,2.949782051513532,2.949782051513532,False,False,,guitars,,,
3781,2.9517420309291875,2.9517420309291875,False,False,,guitars,,,
3782,2.958425872059955,2.958425872059955,False,False,,guitars,,,
3783,2.9437280757029387,2.9437280757029383,False,False,,guitars,,,
3784,2.997962555009853,2.9979625550098534,False,False,,guitars,,,
3785,3.015335854969262,3.015335854969262,False,False,,guitars,,,
3786,3.001479647315302,3.001479647315302,False,False,,guitars,,,
3787,3.002278238122804,3.002278238122804,False,False,,guitars,,,
3788,2.994279839083162,2.9942798390831626,False,False,,guitars,,,
3789,2.9891462242366136,2.9891462242366136,False,False,,guitars,,,
3790,2.9986024260477318,2.9986024260477318,False,False,,guitars,,,
3791,3.005948197311239,3.005948197311239,False,False,,guitars,,,
3792,2.991714465968503,2.991714465968503,False,False,,guitars,,,
3793,3.0234200411437024,3.023420041143703,False,False,,guitars,,,
3794,3.031633852923183,3.031633852923183,False,False,,guitars,,,
3795,3.027688527775045,3.0276885277750445,False,False,,guitars,,,
3796,3.0292674610399937,3.0292674610399937,False,False,,guitars,,,
3797,3.055166676749375,3.055166676749375,False,False,,guitars,,,
3798,3.055166676749375,3.055166676749375,False,False,,guitars,,,
3799,3.0575069950009115,3.057506995000911,False,False,,guitars,,,
3800,3.0554788540984967,3.0554788540984967,False,False,,guitars,,,
3801,3.039975899644928,3.0399758996449275,False,False,,guitars,,,
3802,3.050948209005065,3.0509482090050644,False,False,,guitars,,,
3803,3.035415083263343,3.0354150832633424,False,False,,guitars,,,
3804,3.019936202273961,3.019936202273961,False,False,,guitars,,,
3805,3.024685595983064,3.024685595983064,False,False,,guitars,,,
3806,3.020886859194452,3.0208868591944515,False,False,,guitars,,,
3807,2.973190897578218,2.9731908975782186,False,False,,guitars,,,
3808,2.99940201481852,2.9994020148185205,False,False,,guitars,,,
3809,3.0084977740512517,3.0084977740512517,False,False,,guitars,,,
3810,3.0000414859804665,3.0000414859804665,False,False,,guitars,,,
3811,2.9974825349625864,2.997482534962586,False,False,,guitars,,,
3812,3.0188266096202327,3.0188266096202323,False,False,,guitars,,,
3813,3.018033718072061,3.018033718072061,False,False,,guitars,,,
3814,3.0059481973112385,3.005948197311239,False,False,,guitars,,,
3815,3.0240529047994,3.0240529047993996,False,False,,guitars,,,
3816,2.9707636795401235,2.970763679540124,False,False,,guitars,,,
3817,2.977391972102324,2.977391972102324,False,False,,guitars,,,
3818,2.9602157543853376,2.9602157543853376,False,False,,guitars,,,
3819,2.984483945641533,2.9844839456415326,False,False,,guitars,,,
3820,2.9435642295917965,2.9435642295917965,False,False,,guitars,,,
3821,2.946511644175885,2.9465116441758847,False,False,,guitars,,,
3822,2.932888638912155,2.9328886389121545,False,False,,guitars,,,
3823,2.932888638912155,2.9328886389121545,False,False,,guitars,,,
3824,2.958588646922673,2.958588646922673,False,False,,guitars,,,
3825,2.952394980806845,2.952394980806845,False,False,,guitars,,,
3826,2.932230025151952,2.9322300251519526,False,False,,guitars,,,
3827,2.921831331587156,2.921831331587156,False,False,,guitars,,,
3828,2.8950353695833413,2.8950353695833413,False,False,,guitars,,,
3829,2.900888019746785,2.9008880197467852,False,False,,guitars,,,
3830,2.874851126017725,2.874851126017725,False,False,,guitars,,,
3831,2.874851126017725,2.874851126017725,False,False,,guitars,,,
3832,2.902390502937781,2.902390502937781,False,False,,guitars,,,
3833,2.865368344993781,2.865368344993781,False,False,,guitars,,,
3834,2.882610182186196,2.882610182186196,False,False,,guitars,,,
3835,2.929263875679604,2.929263875679604,False,False,,guitars,,,
3836,2.918851407937459,2.918851407937459,False,False,,guitars,,,
3837,2.926293808723874,2.9262938087238735,False,False,,guitars,,,
3838,2.910885505417014,2.9108855054170144,False,False,,guitars,,,
3839,2.8988831306208747,2.8988831306208747,False,False,,guitars,,,
3840,2.92232760076566,2.9223276007656604,False,False,,guitars,,,
3841,2.953374053082163,2.953374053082163,False,False,,guitars,,,
3842,2.955493927264871,2.955493927264871,False,False,,guitars,,,
3843,2.9667125658419597,2.9667125658419593,False,False,,guitars,,,
3844,2.9186857404098925,2.9186857404098925,False,False,,guitars,,,
3845,2.930582647123827,2.9305826471238268,False,False,,guitars,,,
3846,2.920888780605219,2.920888780605219,False,False,,guitars,,,
3847,2.896718545683476,2.896718545683476,False,False,,guitars,,,
3848,2.8781652541748945,2.8781652541748945,False,False,,guitars,,,
3849,2.900543604952883,2.900543604952883,False,False,,guitars,,,
3850,2.907842859175884,2.907842859175884,False,False,,guitars,,,
3851,2.928122067110872,2.928122067110872,False,False,,guitars,,,
3852,2.955690566224851,2.955690566224851,False,False,,guitars,,,
3853,2.971202685653388,2.971202685653388,False,False,,guitars,,,
3854,2.93680410409549,2.93680410409549,False,False,,guitars,,,
3855,2.925165811262872,2.925165811262872,False,False,,guitars,,,
3856,2.90154036648729,2.90154036648729,False,False,,guitars,,,
3857,2.888714547073437,2.8887145470734366,False,False,,guitars,,,
3858,2.848423881906292,2.848423881906292,False,False,,guitars,,,
3859,2.847743234225132,2.8477432342251325,False,False,,guitars,,,
3860,2.812399080125876,2.812399080125876,False,False,,guitars,,,
3861,2.823957765045905,2.823957765045905,False,False,,guitars,,,
3862,2.8387045699020623,2.8387045699020628,False,False,,guitars,,,
3863,2.815855905759217,2.815855905759217,False,False,,guitars,,,
3864,2.823957765045905,2.823957765045905,False,False,,guitars,,,
3865,2.804600916592854,2.804600916592854,False,False,,guitars,,,
3866,2.802516630693274,2.802516630693274,False,False,,guitars,,,
3867,2.773121904272754,2.7731219042727537,False,False,,guitars,,,
3868,2.756673867307733,2.756673867307733,False,False,,guitars,,,
3869,2.756673867307733,2.756673867307733,False,False,,guitars,,,
3870,2.751518688703729,2.751518688703729,False,False,,guitars,,,
3871,2.79171550189307,2.79171550189307,False,False,,guitars,,,
3872,2.789443836214546,2.789443836214546,False,False,,guitars,,,
3873,2.781737179798683,2.7817371797986827,False,False,,guitars,,,
3874,2.808416876030363,2.808416876030363,False,False,,guitars,,,
3875,2.8136095984077785,2.813609598407779,False,False,,guitars,,,
3876,2.7878697318714027,2.7878697318714023,False,False,,guitars,,,
3877,2.8220643004720007,2.822064300472001,False,False,,guitars,,,
3878,2.8567446829754464,2.8567446829754464,False,False,,guitars,,,
3879,2.8393880411714503,2.8393880411714503,False,False,,guitars,,,
3880,2.8129179567654274,2.8129179567654274,False,False,,guitars,,,
3881,2.796425899353966,2.796425899353966,False,False,,guitars,,,
3882,2.8129179567654274,2.8129179567654274,False,False,,guitars,,,
3883,2.8000824089495047,2.8000824089495047,False,False,,guitars,,,
3884,2.800256373346425,2.8002563733464254,False,False,,guitars,,,
3885,2.8146466458191544,2.8146466458191544,False,False,,guitars,,,
3886,2.8381918257479253,2.8381918257479257,False,False,,guitars,,,
3887,2.81066859005205,2.8106685900520505,False,False,,guitars,,,
3888,2.804080034302343,2.8040800343023435,False,False,,guitars,,,
3889,2.804080034302343,2.8040800343023435,False,False,,guitars,,,
3890,2.813090887942415,2.813090887942415,False,False,,guitars,,,
3891,2.822236501996126,2.8222365019961266,False,False,,guitars,,,
3892,2.797645427594893,2.797645427594893,False,False,,guitars,,,
3893,2.7924139917201765,2.7924139917201765,False,False,,guitars,,,
3894,2.819652040496785,2.819652040496785,False,False,,guitars,,,
3895,2.83031458853445,2.83031458853445,False,False,,guitars,,,
3896,2.8297998632250763,2.8297998632250763,False,False,,guitars,,,
3897,2.808936711039042,2.808936711039042,False,False,,guitars,,,
3898,2.785944252966124,2.785944252966124,False,False,,guitars,,,
3899,2.773121904272754,2.7731219042727537,False,False,,guitars,,,
3900,2.766946726940099,2.7669467269400987,False,False,,guitars,,,
3901,2.777697609374168,2.777697609374168,False,False,,guitars,,,
3902,2.735259815304076,2.735259815304076,False,False,,guitars,,,
3903,2.732028830981057,2.732028830981057,False,False,,guitars,,,
3904,2.7079995296860795,2.7079995296860795,False,False,,guitars,,,
3905,2.756673867307734,2.756673867307734,False,False,,guitars,,,
3906,2.743851563380868,2.743851563380868,False,False,,guitars,,,
3907,2.7637609495904067,2.7637609495904067,False,False,,guitars,,,
3908,2.737770283221124,2.737770283221124,False,False,,guitars,,,
3909,2.715621921487604,2.715621921487604,False,False,,guitars,,,
3910,2.7695915924809533,2.7695915924809533,False,False,,guitars,,,
3911,2.736157584595293,2.736157584595293,False,False,,guitars,,,
3912,2.7586237916254497,2.7586237916254497,False,False,,guitars,,,
3913,2.7586237916254497,2.7586237916254497,False,False,,guitars,,,
3914,2.80459193962303,2.80459193962303,False,False,,guitars,,,
3915,2.808580610568564,2.808580610568564,False,False,,guitars,,,
3916,2.7974633152621027,2.7974633152621027,False,False,,guitars,,,
3917,2.7892622577631903,2.7892622577631903,False,False,,guitars,,,
3918,2.774174195738392,2.774174195738392,False,False,,guitars,,,
3919,2.7752303201399124,2.7752303201399124,False,False,,guitars,,,
3920,2.8179164375417955,2.8179164375417955,False,False,,guitars,,,
3921,2.8230856435331444,2.823085643533144,False,False,,guitars,,,
3922,2.8284142357712603,2.8284142357712607,False,False,,guitars,,,
3923,2.8258375190160936,2.8258375190160936,False,False,,guitars,,,
3924,2.8211917004337184,2.821191700433718,False,False,,guitars,,,
3925,2.82549372548928,2.82549372548928,False,False,,guitars,,,
3926,2.802334201270217,2.8023342012702166,False,False,,guitars,,,
3927,2.814981730164741,2.814981730164741,False,False,,guitars,,,
3928,2.781731551789856,2.781731551789856,False,False,,guitars,,,
3929,2.778922639530826,2.778922639530826,False,False,,guitars,,,
3930,2.7871633312682684,2.7871633312682684,False,False,,guitars,,,
3931,2.826009395350435,2.826009395350435,False,False,,guitars,,,
3932,2.8182614355632847,2.818261435563285,False,False,,guitars,,,
3933,2.8318451090366783,2.831845109036678,False,False,,guitars,,,
3934,2.8306449195141523,2.8306449195141528,False,False,,guitars,,,
3935,2.8129077701895797,2.8129077701895797,False,False,,guitars,,,
3936,2.811004888895532,2.811004888895532,False,False,,guitars,,,
3937,2.8253218082908327,2.8253218082908322,False,False,,guitars,,,
3938,2.8359550233453,2.8359550233453,False,False,,guitars,,,
3939,2.8455147781587447,2.8455147781587447,False,False,,guitars,,,
3940,2.835099431135009,2.835099431135009,False,False,,guitars,,,
3941,2.8292724621751484,2.829272462175148,False,False,,guitars,,,
3942,2.852147829318764,2.852147829318764,False,False,,guitars,,,
3943,2.849088920582547,2.849088920582547,False,False,,guitars,,,
3944,2.842958234707053,2.842958234707053,False,False,,guitars,,,
3945,2.8533362515763505,2.8533362515763505,False,False,,guitars,,,
3946,2.8327019817725687,2.8327019817725687,False,False,,guitars,,,
3947,2.8284142357712603,2.8284142357712607,False,False,,guitars,,,
3948,2.8352705764826966,2.8352705764826966,False,False,,guitars,,,
3949,2.857914138238794,2.8579141382387943,False,False,,guitars,,,
3950,2.864509827490008,2.8645098274900085,False,False,,guitars,,,
3951,2.861637217966895,2.861637217966895,False,False,,guitars,,,
3952,2.874618585997826,2.874618585997826,False,False,,guitars,,,
3953,2.870243817518489,2.870243817518489,False,False,,guitars,,,
3954,2.871085793558801,2.871085793558801,False,False,,guitars,,,
3955,2.867210036413025,2.867210036413025,False,False,,guitars,,,
3956,2.8521478293187643,2.8521478293187643,False,False,,guitars,,,
3957,2.8567281962293536,2.8567281962293536,False,False,,guitars,,,
3958,2.844833325840394,2.844833325840394,False,False,,guitars,,,
3959,2.844833325840394,2.844833325840394,False,False,,guitars,,,
3960,2.8590994395563905,2.8590994395563905,False,False,,guitars,,,
3961,2.8675473296811056,2.8675473296811056,False,False,,guitars,,,
3962,2.8779779004154085,2.8779779004154085,False,False,,guitars,,,
3963,2.8831747668608925,2.8831747668608925,False,False,,guitars,,,
3964,2.8719274480897936,2.8719274480897936,False,False,,guitars,,,
3965,2.8685588995487548,2.8685588995487548,False,False,,guitars,,,
3966,2.8751228091225105,2.875122809122511,False,False,,guitars,,,
3967,2.910963323895236,2.910963323895236,False,False,,guitars,,,
3968,2.8700753836993877,2.8700753836993877,False,False,,guitars,,,
3969,2.8638342570145268,2.8638342570145263,False,False,,guitars,,,
3970,2.853505973557493,2.853505973557493,False,False,,guitars,,,
3971,2.833215943393161,2.833215943393161,False,False,,guitars,,,
3972,2.839033992793309,2.839033992793309,False,False,,guitars,,,
3973,2.8602915935323083,2.8602915935323088,False,False,,guitars,,,
3974,2.867894150984277,2.8678941509842772,False,False,,guitars,,,
3975,2.8668819936776564,2.866881993677656,False,False,,guitars,,,
3976,2.856056553595576,2.856056553595576,False,False,,guitars,,,
3977,2.8660381735491547,2.8660381735491547,False,False,,guitars,,,
3978,2.846029285158997,2.846029285158997,False,False,,guitars,,,
3979,2.831330297986824,2.831330297986824,False,False,,guitars,,,
3980,2.8129020874823016,2.812902087482302,False,False,,guitars,,,
3981,2.827210474179662,2.8272104741796618,False,False,,guitars,,,
3982,2.796582063768004,2.796582063768004,False,False,,guitars,,,
3983,2.800586711705124,2.800586711705124,False,False,,guitars,,,
3984,2.78452306185008,2.78452306185008,False,False,,guitars,,,
3985,2.7846983159705228,2.7846983159705228,False,False,,guitars,,,
3986,2.74864431685043,2.74864431685043,False,False,,guitars,,,
3987,2.738459661166424,2.738459661166424,False,False,,guitars,,,
3988,2.738459661166424,2.738459661166424,False,False,,guitars,,,
3989,2.7255238811762,2.7255238811762,False,False,,guitars,,,
3990,2.772043096313616,2.772043096313616,False,False,,guitars,,,
3991,2.73774309452076,2.7377430945207597,False,False,,guitars,,,
3992,2.7507821993870896,2.7507821993870896,False,False,,guitars,,,
3993,2.7555845390710623,2.7555845390710623,False,False,,guitars,,,
3994,2.736129925683361,2.736129925683361,False,False,,guitars,,,
3995,2.730743727032124,2.730743727032124,False,False,,guitars,,,
3996,2.7748618660768005,2.7748618660768005,False,False,,guitars,,,
3997,2.7892498902284246,2.789249890228424,False,False,,guitars,,,
3998,2.785223992150302,2.785223992150302,False,False,,guitars,,,
3999,2.8012824111338364,2.801282411133837,False,False,,guitars,,,
4000,2.831330297986823,2.8313302979868236,False,False,,guitars,,,
4001,2.8381793714703214,2.8381793714703214,False,False,,guitars,,,
4002,2.8106524148227985,2.8106524148227985,False,False,,guitars,,,
4003,2.816703895870844,2.816703895870844,False,False,,guitars,,,
4004,2.7969305905533357,2.7969305905533357,False,False,,guitars,,,
4005,2.825663522543047,2.8256635225430466,False,False,,guitars,,,
4006,2.832873220374954,2.832873220374954,False,False,,guitars,,,
4007,2.827554091510054,2.827554091510054,False,False,,guitars,,,
4008,2.8316732642692157,2.8316732642692157,False,False,,guitars,,,
4009,2.809093574110451,2.8090935741104515,False,False,,guitars,,,
4010,2.8374954329853144,2.8374954329853144,False,False,,guitars,,,
4011,2.8450069830376883,2.8450069830376883,False,False,,guitars,,,
4012,2.8289280172229363,2.8289280172229367,False,False,,guitars,,,
4013,2.856904215849022,2.856904215849022,False,False,,guitars,,,
4014,2.8887087986895814,2.888708798689581,False,False,,guitars,,,
4015,2.8821833579149976,2.8821833579149976,False,False,,guitars,,,
4016,2.882518464085953,2.882518464085953,False,False,,guitars,,,
4017,2.8952150948147546,2.8952150948147546,False,False,,guitars,,,
4018,2.8952150948147546,2.8952150948147546,False,False,,guitars,,,
4019,2.877150662294947,2.877150662294947,False,False,,guitars,,,
4020,2.853851096600495,2.8538510966004944,False,False,,guitars,,,
4021,2.855886981816129,2.855886981816129,False,False,,guitars,,,
4022,2.8412544414550154,2.8412544414550154,False,False,,guitars,,,
4023,2.867556816921586,2.867556816921586,False,False,,guitars,,,
4024,2.839033992793308,2.8390339927933077,False,False,,guitars,,,
4025,2.8431315186829584,2.8431315186829584,False,False,,guitars,,,
4026,2.856056553595576,2.856056553595576,False,False,,guitars,,,
4027,2.8786616744551847,2.8786616744551843,False,False,,guitars,,,
4028,2.8690744133914645,2.8690744133914645,False,False,,guitars,,,
4029,2.8690744133914645,2.8690744133914645,False,False,,guitars,,,
4030,2.868231433370026,2.868231433370026,False,False,,guitars,,,
4031,2.8734527184579943,2.8734527184579943,False,False,,guitars,,,
4032,2.835784646598608,2.835784646598608,False,False,,guitars,,,
4033,2.833901227471456,2.833901227471456,False,False,,guitars,,,
4034,2.860291593532308,2.860291593532308,False,False,,guitars,,,
4035,2.8186022958844545,2.818602295884455,False,False,,guitars,,,
4036,2.8311587945507424,2.8311587945507424,False,False,,guitars,,,
4037,2.8376664377371066,2.8376664377371066,False,False,,guitars,,,
4038,2.8438136921327346,2.8438136921327346,False,False,,guitars,,,
4039,2.7867683214579397,2.78676832145794,False,False,,guitars,,,
4040,2.825653451432849,2.8256534514328493,False,False,,guitars,,,
4041,2.7606836822322114,2.7606836822322114,False,False,,guitars,,,
4042,2.8251372681774463,2.8251372681774463,False,False,,guitars,,,
4043,2.8920741056751758,2.8920741056751758,False,False,,guitars,,,
4044,2.8349238295299517,2.8349238295299517,False,False,,guitars,,,
4045,2.809940882324082,2.809940882324082,False,False,,guitars,,,
4046,2.8010846752924574,2.801084675292457,False,False,,guitars,,,
4047,2.8083806651419128,2.8083806651419128,False,False,,guitars,,,
4048,2.809594264923344,2.809594264923344,False,False,,guitars,,,
4049,2.713883895667877,2.713883895667877,False,False,,guitars,,,
4050,2.7674116618268987,2.7674116618268987,False,False,,guitars,,,
4051,2.7558902664554985,2.7558902664554985,False,False,,guitars,,,
4052,2.6954887283343805,2.6954887283343805,False,False,,guitars,,,
4053,2.653536666785066,2.653536666785066,False,False,,guitars,,,
4054,2.6097485326587475,2.6097485326587475,False,False,,guitars,,,
4055,2.536279918901483,2.536279918901483,False,False,,guitars,,,
4056,2.5017127759354896,2.5017127759354896,False,False,,guitars,,,
4057,2.3998291038503647,2.3998291038503647,False,False,,guitars,,,
4058,2.457247845923545,2.457247845923545,False,False,,guitars,,,
4059,2.457247845923545,2.457247845923545,False,False,,guitars,,,
4060,2.540829497467619,2.540829497467619,False,False,,guitars,,,
4061,2.4117093068500526,2.4117093068500526,False,False,,guitars,,,
4062,2.487141562985128,2.487141562985128,False,False,,guitars,,,
4063,2.4545630504282814,2.4545630504282814,False,False,,guitars,,,
4064,2.522367520241376,2.522367520241376,False,False,,guitars,,,
4065,2.49342887805919,2.49342887805919,False,False,,guitars,,,
4066,2.4321090486701165,2.4321090486701165,False,False,,guitars,,,
4067,2.3945006295036926,2.3945006295036926,False,False,,guitars,,,
4068,2.339462852142656,2.339462852142656,False,False,,guitars,,,
4069,2.292199683230902,2.292199683230902,False,False,,guitars,,,
4070,2.386157231925713,2.386157231925713,False,False,,guitars,,,
4071,2.3921512008441312,2.3921512008441312,False,False,,guitars,,,
4072,2.456422162094256,2.456422162094256,False,False,,guitars,,,
4073,2.4986862310546125,2.4986862310546125,False,False,,guitars,,,
4074,2.507952568748884,2.507952568748884,False,False,,guitars,,,
4075,2.510161834254888,2.510161834254888,False,False,,guitars,,,
4076,2.4547697089659053,2.4547697089659053,False,False,,guitars,,,
4077,2.413400264147058,2.413400264147058,False,False,,guitars,,,
4078,2.443993256078571,2.443993256078571,False,False,,guitars,,,
4079,2.4117093068500526,2.4117093068500526,False,False,,guitars,,,
4080,2.4117093068500526,2.4117093068500526,False,False,,guitars,,,
4081,2.3155424180576607,2.3155424180576607,False,False,,guitars,,,
4082,2.39855167607764,2.39855167607764,False,False,,guitars,,,
4083,2.304582765609265,2.304582765609265,False,False,,guitars,,,
4084,2.3115242875542057,2.3115242875542057,False,False,,guitars,,,
4085,2.3222191924067115,2.3222191924067115,False,False,,guitars,,,
4086,2.228697815616578,2.228697815616578,False,False,,guitars,,,
4087,2.1556641440307844,2.1556641440307844,False,False,,guitars,,,
4088,2.197000242159547,2.197000242159547,False,False,,guitars,,,
4089,2.2731173847245274,2.2731173847245274,False,False,,guitars,,,
4090,2.2838199753337944,2.2838199753337944,False,False,,guitars,,,
4091,2.3475849277208067,2.3475849277208067,False,False,,guitars,,,
4092,2.3475849277208067,2.3475849277208067,False,False,,guitars,,,
4093,2.360461149453202,2.360461149453202,False,False,,guitars,,,
4094,2.238745823370124,2.238745823370124,False,False,,guitars,,,
4095,2.291747746090913,2.291747746090913,False,False,,guitars,,,
4096,2.3211081336734054,2.3211081336734054,False,False,,guitars,,,
4097,2.2955855187699368,2.2955855187699368,False,False,,guitars,,,
4098,2.3275426626477422,2.3275426626477422,False,False,,guitars,,,
4099,2.3801435859053277,2.3801435859053277,False,False,,guitars,,,
4100,2.3545800234925798,2.3545800234925798,False,False,,guitars,,,
4101,2.3710858281961387,2.3710858281961387,False,False,,guitars,,,
4102,2.3217148128104568,2.3217148128104568,False,False,,guitars,,,
4103,2.36868185613844,2.36868185613844,False,False,,guitars,,,
4104,2.335800572168952,2.335800572168952,False,False,,guitars,,,
4105,2.388258258676513,2.388258258676513,False,False,,guitars,,,
4106,2.3962459997476664,2.3962459997476664,False,False,,guitars,,,
4107,2.399259360406085,2.399259360406085,False,False,,guitars,,,
4108,2.398614055357038,2.398614055357038,False,False,,guitars,,,
4109,2.3839260351091243,2.3839260351091243,False,False,,guitars,,,
4110,2.357274348637999,2.357274348637999,False,False,,guitars,,,
4111,2.357274348637999,2.357274348637999,False,False,,guitars,,,
4112,2.3752306821653977,2.3752306821653977,False,False,,guitars,,,
4113,2.364960363135327,2.364960363135327,False,False,,guitars,,,
4114,2.396461403492329,2.396461403492329,False,False,,guitars,,,
4115,2.4329312628614024,2.4329312628614024,False,False,,guitars,,,
4116,2.4392564003584467,2.4392564003584467,False,False,,guitars,,,
4117,2.453097030826373,2.453097030826373,False,False,,guitars,,,
4118,2.445408682466738,2.445408682466738,False,False,,guitars,,,
4119,2.416393296792135,2.416393296792135,False,False,,guitars,,,
4120,2.366809175142422,2.366809175142422,False,False,,guitars,,,
4121,2.3464174386211987,2.3464174386211987,False,False,,guitars,,,
4122,2.356425093487146,2.356425093487146,False,False,,guitars,,,
4123,2.313168519760532,2.313168519760532,False,False,,guitars,,,
4124,2.331300852958343,2.331300852958343,False,False,,guitars,,,
4125,2.338108113008735,2.338108113008735,False,False,,guitars,,,
4126,2.338108113008735,2.338108113008735,False,False,,guitars,,,
4127,2.2704265011048967,2.2704265011048967,False,False,,guitars,,,
4128,2.317164627631451,2.317164627631451,False,False,,guitars,,,
4129,2.294849126666342,2.294849126666342,False,False,,guitars,,,
4130,2.2849402061693453,2.2849402061693453,False,False,,guitars,,,
4131,2.301349651684913,2.301349651684913,False,False,,guitars,,,
4132,2.311834483770149,2.311834483770149,False,False,,guitars,,,
4133,2.3579431499353363,2.3579431499353363,False,False,,guitars,,,
4134,2.3198237201513363,2.3198237201513363,False,False,,guitars,,,
4135,2.297317663715716,2.297317663715716,False,False,,guitars,,,
4136,2.304925931992902,2.304925931992902,False,False,,guitars,,,
4137,2.3069344171640536,2.3069344171640536,False,False,,guitars,,,
4138,2.307826346510883,2.307826346510883,False,False,,guitars,,,
4139,2.312056892731987,2.312056892731987,False,False,,guitars,,,
4140,2.3514282011017547,2.3514282011017547,False,False,,guitars,,,
4141,2.346199263099785,2.346199263099785,False,False,,guitars,,,
4142,2.3011258937380545,2.3011258937380545,False,False,,guitars,,,
4143,2.3031386960278297,2.3031386960278297,False,False,,guitars,,,
4144,2.315833589616965,2.315833589616965,False,False,,guitars,,,
4145,2.295073682051614,2.295073682051614,False,False,,guitars,,,
4146,2.295073682051614,2.295073682051614,False,False,,guitars,,,
4147,2.256250160406432,2.256250160406432,False,False,,guitars,,,
4148,2.2394085002447603,2.2394085002447603,False,False,,guitars,,,
4149,2.233602735779116,2.233602735779116,False,False,,guitars,,,
4150,2.2151259915475108,2.2151259915475108,False,False,,guitars,,,
4151,2.189775732191356,2.189775732191356,False,False,,guitars,,,
4152,2.2163013577615764,2.2163013577615764,False,False,,guitars,,,
4153,2.189059459485569,2.189059459485569,False,False,,guitars,,,
4154,2.1794798301507146,2.1794798301507146,False,False,,guitars,,,
4155,2.161125826095427,2.161125826095427,False,False,,guitars,,,
4156,2.120562804998634,2.120562804998634,False,False,,guitars,,,
4157,2.0881315139260828,2.0881315139260828,False,False,,guitars,,,
4158,2.11257826997564,2.11257826997564,False,False,,guitars,,,
4159,2.0743589615457148,2.0743589615457148,False,False,,guitars,,,
4160,2.0815151019764637,2.0815151019764637,False,False,,guitars,,,
4161,2.0555489602635992,2.0555489602635992,False,False,,guitars,,,
4162,2.1078187959430954,2.1078187959430954,False,False,,guitars,,,
4163,2.1078187959430954,2.1078187959430954,False,False,,guitars,,,
4164,2.1732158239874546,2.1732158239874546,False,False,,guitars,,,
4165,2.180969826655433,2.180969826655433,False,False,,guitars,,,
4166,2.1671328409490167,2.1671328409490167,False,False,,guitars,,,
4167,2.209019517589978,2.209019517589978,False,False,,guitars,,,
4168,2.240585276642982,2.240585276642982,False,False,,guitars,,,
4169,2.2288750867296208,2.2288750867296208,False,False,,guitars,,,
4170,2.196131488918809,2.196131488918809,False,False,,guitars,,,
4171,2.2699765329195976,2.2699765329195976,False,False,,guitars,,,
4172,2.2373144692268467,2.2373144692268467,False,False,,guitars,,,
4173,2.2582336014602187,2.2582336014602187,False,False,,guitars,,,
4174,2.2972994606690254,2.2972994606690254,False,False,,guitars,,,
4175,2.267680238326027,2.267680238326027,False,False,,guitars,,,
4176,2.2345059543569845,2.2345059543569845,False,False,,guitars,,,
4177,2.2429177651268457,2.2429177651268457,False,False,,guitars,,,
4178,2.263308913873556,2.263308913873556,False,False,,guitars,,,
4179,2.315729303713936,2.315729303713936,False,False,,guitars,,,
4180,2.331312272378104,2.331312272378104,False,False,,guitars,,,
4181,2.3078863546211896,2.3078863546211896,False,False,,guitars,,,
4182,2.2752465607339323,2.2752465607339323,False,False,,guitars,,,
4183,2.290962052783203,2.290962052783203,False,False,,guitars,,,
4184,2.349176325690643,2.349176325690643,False,False,,guitars,,,
4185,2.349176325690643,2.349176325690643,False,False,,guitars,,,
4186,2.346760731464697,2.346760731464697,False,False,,guitars,,,
4187,2.323315178679018,2.323315178679018,False,False,,guitars,,,
4188,2.3341913462203725,2.3341913462203725,False,False,,guitars,,,
4189,2.362513578674629,2.362513578674629,False,False,,guitars,,,
4190,2.3740225677111844,2.3740225677111844,False,False,,guitars,,,
4191,2.327096045037916,2.327096045037916,False,False,,guitars,,,
4192,2.3550918370148137,2.3550918370148137,False,False,,guitars,,,
4193,2.350053921849645,2.350053921849645,False,False,,guitars,,,
4194,2.3496151771415703,2.3496151771415703,False,False,,guitars,,,
4195,2.3772666617375444,2.3772666617375444,False,False,,guitars,,,
4196,2.361859940762475,2.361859940762475,False,False,,guitars,,,
4197,2.362295725546365,2.362295725546365,False,False,,guitars,,,
4198,2.400882595946225,2.400882595946225,False,False,,guitars,,,
4199,2.3863195912438235,2.3863195912438235,False,False,,guitars,,,
4200,2.395114031153326,2.395114031153326,False,False,,guitars,,,
4201,2.4323969532296883,2.4323969532296883,False,False,,guitars,,,
4202,2.431348041841455,2.431348041841455,False,False,,guitars,,,
4203,2.4351213692968905,2.4351213692968905,False,False,,guitars,,,
4204,2.411729794251444,2.411729794251444,False,False,,guitars,,,
4205,2.44243667449335,2.44243667449335,False,False,,guitars,,,
4206,2.429458514511571,2.429458514511571,False,False,,guitars,,,
4207,2.4157546995128567,2.4157546995128567,False,False,,guitars,,,
4208,2.368168601730716,2.368168601730716,False,False,,guitars,,,
4209,2.3785626859976667,2.3785626859976667,False,False,,guitars,,,
4210,2.372723311977557,2.372723311977557,False,False,,guitars,,,
4211,2.4089708625933173,2.4089708625933173,False,False,,guitars,,,
4212,2.40769612030085,2.40769612030085,False,False,,guitars,,,
4213,2.398321020567713,2.398321020567713,False,False,,guitars,,,
4214,2.385459334974378,2.385459334974378,False,False,,guitars,,,
4215,2.3725066792426994,2.3725066792426994,False,False,,guitars,,,
4216,2.3725066792426994,2.3725066792426994,False,False,,guitars,,,
4217,2.420615296394644,2.420615296394644,False,False,,guitars,,,
4218,2.4028014437272387,2.4028014437272387,False,False,,guitars,,,
4219,2.40322758335767,2.40322758335767,False,False,,guitars,,,
4220,2.43155787127114,2.43155787127114,False,False,,guitars,,,
4221,2.461324177081316,2.461324177081316,False,False,,guitars,,,
4222,2.479206602994468,2.479206602994468,False,False,,guitars,,,
4223,2.475725556205486,2.475725556205486,False,False,,guitars,,,
4224,2.488594133902026,2.488594133902026,False,False,,guitars,,,
4225,2.4875759847673447,2.4875759847673447,False,False,,guitars,,,
4226,2.47715970012058,2.47715970012058,False,False,,guitars,,,
4227,2.479615719482386,2.479615719482386,False,False,,guitars,,,
4228,2.4775692569280494,2.4775692569280494,False,False,,guitars,,,
4229,2.473036819530909,2.473036819530909,False,False,,guitars,,,
4230,2.475922348287822,2.475922348287822,False,False,,guitars,,,
4231,2.4514627021457955,2.4514627021457955,False,False,,guitars,,,
4232,2.4334339316115208,2.4334339316115208,False,False,,guitars,,,
4233,2.436801283220378,2.436801283220378,False,False,,guitars,,,
4234,2.445821144060848,2.445821144060848,False,False,,guitars,,,
4235,2.452297051172186,2.452297051172186,False,False,,guitars,,,
4236,2.4141655679118887,2.4141655679118887,False,False,,guitars,,,
4237,2.401136444849193,2.401136444849193,False,False,,guitars,,,
4238,2.415442179113612,2.415442179113612,False,False,,guitars,,,
4239,2.4426796078687416,2.4426796078687416,False,False,,guitars,,,
4240,2.444774549568661,2.444774549568661,False,False,,guitars,,,
4241,2.446030392966034,2.446030392966034,False,False,,guitars,,,
4242,2.4451932573875816,2.4451932573875816,False,False,,guitars,,,
4243,2.45999731696308,2.45999731696308,False,False,,guitars,,,
4244,2.424565624540072,2.424565624540072,False,False,,guitars,,,
4245,2.424565624540072,2.424565624540072,False,False,,guitars,,,
4246,2.416717912045537,2.416717912045537,False,False,,guitars,,,
4247,2.3961998448320383,2.3961998448320383,False,False,,guitars,,,
4248,2.378924965406356,2.378924965406356,False,False,,guitars,,,
4249,2.381526608110056,2.381526608110056,False,False,,guitars,,,
4250,2.382176440589173,2.382176440589173,False,False,,guitars,,,
4251,2.4096904880936885,2.4096904880936885,False,False,,guitars,,,
4252,2.4156548622147223,2.4156548622147223,False,False,,guitars,,,
4253,2.454797882440203,2.454797882440203,False,False,,guitars,,,
4254,2.469940307032194,2.469940307032194,False,False,,guitars,,,
4255,2.469733693031805,2.469733693031805,False,False,,guitars,,,
4256,2.481269597255568,2.481269597255568,False,False,,guitars,,,
4257,2.4822961947249693,2.4822961947249693,False,False,,guitars,,,
4258,2.4816803026245915,2.4816803026245915,False,False,,guitars,,,
4259,2.51526345311863,2.51526345311863,False,False,,guitars,,,
4260,2.528534429070608,2.528534429070608,False,False,,guitars,,,
4261,2.5317379999975973,2.5317379999975973,False,False,,guitars,,,
4262,2.5313378424144304,2.5313378424144304,False,False,,guitars,,,
4263,2.5291355012734336,2.5291355012734336,False,False,,guitars,,,
4264,2.543108045196886,2.543108045196886,False,False,,guitars,,,
4265,2.537331578775293,2.537331578775293,False,False,,guitars,,,
4266,2.559152482133488,2.559152482133488,False,False,,guitars,,,
4267,2.573892494488631,2.573892494488631,False,False,,guitars,,,
4268,2.564471601908765,2.564471601908765,False,False,,guitars,,,
4269,2.5474788175429057,2.5474788175429057,False,False,,guitars,,,
4270,2.5695801700723533,2.5695801700723533,False,False,,guitars,,,
4271,2.574871256548322,2.574871256548322,False,False,,guitars,,,
4272,2.557178779070333,2.557178779070333,False,False,,guitars,,,
4273,2.5719335145578808,2.5719335145578808,False,False,,guitars,,,
4274,2.582683970694,2.582683970694,False,False,,guitars,,,
4275,2.564078085857819,2.564078085857819,False,False,,guitars,,,
4276,2.529135501273434,2.529135501273434,False,False,,guitars,,,
4277,2.544698548445585,2.544698548445585,False,False,,guitars,,,
4278,2.5552030897034754,2.5552030897034754,False,False,,guitars,,,
4279,2.567224014763297,2.567224014763297,False,False,,guitars,,,
4280,2.5926007525097408,2.5926007525097408,False,False,,guitars,,,
4281,2.5916307037258592,2.5916307037258592,False,False,,guitars,,,
4282,2.595701736229744,2.595701736229744,False,False,,guitars,,,
4283,2.5970569003205384,2.5970569003205384,False,False,,guitars,,,
4284,2.595895387521298,2.595895387521298,False,False,,guitars,,,
4285,2.590077641178646,2.590077641178646,False,False,,guitars,,,
4286,2.574675542908349,2.574675542908349,False,False,,guitars,,,
4287,2.547677256980844,2.547677256980844,False,False,,guitars,,,
4288,2.5419143169121616,2.5419143169121616,False,False,,guitars,,,
4289,2.553818922328999,2.553818922328999,False,False,,guitars,,,
4290,2.5684024443515563,2.5684024443515563,False,False,,guitars,,,
4291,2.5684024443515563,2.5684024443515563,False,False,,guitars,,,
4292,2.583463550066563,2.583463550066563,False,False,,guitars,,,
4293,2.6015031106793933,2.6015031106793933,False,False,,guitars,,,
4294,2.6175319245370128,2.6175319245370128,False,False,,guitars,,,
4295,2.6167623831676954,2.6167623831676954,False,False,,guitars,,,
4296,2.62636055507106,2.62636055507106,False,False,,guitars,,,
4297,2.636484980976696,2.636484980976696,False,False,,guitars,,,
4298,2.6616711874869865,2.6616711874869865,False,False,,guitars,,,
4299,2.662611991013731,2.662611991013731,False,False,,guitars,,,
4300,2.6614829747960207,2.6614829747960207,False,False,,guitars,,,
4301,2.6607299505994497,2.6607299505994497,False,False,,guitars,,,
4302,2.670497706783326,2.670497706783326,False,False,,guitars,,,
4303,2.6597882797981978,2.6597882797981978,False,False,,guitars,,,
4304,2.6326704005028554,2.6326704005028554,False,False,,guitars,,,
4305,2.629613544478283,2.629613544478283,False,False,,guitars,,,
4306,2.6556397593097367,2.6556397593097367,False,False,,guitars,,,
4307,2.647885817519946,2.647885817519946,False,False,,guitars,,,
4308,2.6391509156146213,2.6391509156146213,False,False,,guitars,,,
4309,2.603828480918005,2.603828480918005,False,False,,guitars,,,
4310,2.5931482126286687,2.5931482126286687,False,False,,guitars,,,
4311,2.61387397403814,2.61387397403814,False,False,,guitars,,,
4312,2.6326704005028554,2.6326704005028554,False,False,,guitars,,,
4313,2.6347693099806717,2.6347693099806717,False,False,,guitars,,,
4314,2.6480752900209423,2.6480752900209423,False,False,,guitars,,,
4315,2.658469210646177,2.658469210646177,False,False,,guitars,,,
4316,2.658469210646177,2.658469210646177,False,False,,guitars,,,
4317,2.6512936246598366,2.6512936246598366,False,False,,guitars,,,
4318,2.6729323849871784,2.6729323849871784,False,False,,guitars,,,
4319,2.673680935834167,2.673680935834167,False,False,,guitars,,,
4320,2.6616711874869865,2.6616711874869865,False,False,,guitars,,,
4321,2.667684865049069,2.667684865049069,False,False,,guitars,,,
4322,2.6607299505994493,2.6607299505994493,False,False,,guitars,,,
4323,2.639341205313729,2.639341205313729,False,False,,guitars,,,
4324,2.658846174529127,2.658846174529127,False,False,,guitars,,,
4325,2.6370565482401918,2.6370565482401918,False,False,,guitars,,,
4326,2.6250195622660053,2.6250195622660053,False,False,,guitars,,,
4327,2.6082778956936723,2.6082778956936723,False,False,,guitars,,,
4328,2.568462118958597,2.568462118958597,False,False,,guitars,,,
4329,2.590420434702692,2.590420434702692,False,False,,guitars,,,
4330,2.5605603320510046,2.5605603320510046,False,False,,guitars,,,
4331,2.5593723220753617,2.5593723220753617,False,False,,guitars,,,
4332,2.572794635952168,2.572794635952168,False,False,,guitars,,,
4333,2.5658975145959118,2.5658975145959118,False,False,,guitars,,,
4334,2.5933429109154646,2.5933429109154646,False,False,,guitars,,,
4335,2.591979622815012,2.591979622815012,False,False,,guitars,,,
4336,2.614451988417834,2.614451988417834,False,False,,guitars,,,
4337,2.609630104549586,2.609630104549586,False,False,,guitars,,,
4338,2.609630104549586,2.609630104549586,False,False,,guitars,,,
4339,2.5978157273461324,2.5978157273461324,False,False,,guitars,,,
4340,2.606537998539876,2.606537998539876,False,False,,guitars,,,
4341,2.635722640125712,2.635722640125712,False,False,,guitars,,,
4342,2.6343878520881967,2.6343878520881967,False,False,,guitars,,,
4343,2.633815530309518,2.633815530309518,False,False,,guitars,,,
4344,2.6057642251113093,2.6057642251113093,False,False,,guitars,,,
4345,2.604215779702571,2.604215779702571,False,False,,guitars,,,
4346,2.623485905585085,2.623485905585085,False,False,,guitars,,,
4347,2.618108887225001,2.618108887225001,False,False,,guitars,,,
4348,2.6186856843401025,2.6186856843401025,False,False,,guitars,,,
4349,2.6186856843401025,2.6186856843401025,False,False,,guitars,,,
4350,2.583193233821252,2.583193233821252,False,False,,guitars,,,
4351,2.5925640034869883,2.5925640034869883,False,False,,guitars,,,
4352,2.61387397403814,2.61387397403814,False,False,,guitars,,,
4353,2.6265520526756765,2.6265520526756765,False,False,,guitars,,,
4354,2.611367318866346,2.611367318866346,False,False,,guitars,,,
4355,2.641243120275107,2.641243120275107,False,False,,guitars,,,
4356,2.640482568421751,2.640482568421751,False,False,,guitars,,,
4357,2.628274713379856,2.628274713379856,False,False,,guitars,,,
4358,2.6288486068916392,2.6288486068916392,False,False,,guitars,,,
4359,2.62636055507106,2.62636055507106,False,False,,guitars,,,
4360,2.635570581049032,2.635570581049032,False,False,,guitars,,,
4361,2.650828140231193,2.650828140231193,False,False,,guitars,,,
4362,2.649497670639948,2.649497670639948,False,False,,guitars,,,
4363,2.657278084948875,2.657278084948875,False,False,,guitars,,,
4364,2.64911737659041,2.64911737659041,False,False,,guitars,,,
4365,2.6559518228211627,2.6559518228211627,False,False,,guitars,,,
4366,2.6672919328614064,2.6672919328614064,False,False,,guitars,,,
4367,2.681192153797736,2.681192153797736,False,False,,guitars,,,
4368,2.694999133950331,2.694999133950331,False,False,,guitars,,,
4369,2.694999133950331,2.694999133950331,False,False,,guitars,,,
4370,2.6992717686718257,2.6992717686718257,False,False,,guitars,,,
4371,2.69685788466429,2.69685788466429,False,False,,guitars,,,
4372,2.697415184576358,2.697415184576358,False,False,,guitars,,,
4373,2.709638044102159,2.709638044102159,False,False,,guitars,,,
4374,2.706866432812298,2.706866432812298,False,False,,guitars,,,
4375,2.7064966052660204,2.7064966052660204,False,False,,guitars,,,
4376,2.7131434592528256,2.7131434592528256,False,False,,guitars,,,
4377,2.720687745152316,2.7206877451523157,False,False,,guitars,,,
4378,2.714801861750197,2.714801861750197,False,False,,guitars,,,
4379,2.7066815272668374,2.7066815272668374,False,False,,guitars,,,
4380,2.7164589456796078,2.7164589456796078,False,False,,guitars,,,
4381,2.7250912964416063,2.7250912964416063,False,False,,guitars,,,
4382,2.7087145841125766,2.7087145841125766,False,False,,guitars,,,
4383,2.7087145841125766,2.7087145841125766,False,False,,guitars,,,
4384,2.726557088768749,2.7265570887687485,False,False,,guitars,,,
4385,2.7105610943235257,2.7105610943235257,False,False,,guitars,,,
4386,2.687174080631724,2.687174080631724,False,False,,guitars,,,
4387,2.670681743531626,2.670681743531626,False,False,,guitars,,,
4388,2.66992893671095,2.66992893671095,False,False,,guitars,,,
4389,2.6595496733020894,2.6595496733020894,False,False,,guitars,,,
4390,2.671998490773213,2.671998490773213,False,False,,guitars,,,
4391,2.650067978434469,2.650067978434469,False,False,,guitars,,,
4392,2.6382489540841805,2.6382489540841805,False,False,,guitars,,,
4393,2.651967850816863,2.651967850816863,False,False,,guitars,,,
4394,2.6621966695774715,2.6621966695774715,False,False,,guitars,,,
4395,2.662007712105241,2.662007712105241,False,False,,guitars,,,
4396,2.621354178789041,2.621354178789041,False,False,,guitars,,,
4397,2.61961829775694,2.61961829775694,False,False,,guitars,,,
4398,2.614401642522141,2.614401642522141,False,False,,guitars,,,
4399,2.6250139079038566,2.6250139079038566,False,False,,guitars,,,
4400,2.625591152569443,2.625591152569443,False,False,,guitars,,,
4401,2.647214838723537,2.647214838723537,False,False,,guitars,,,
4402,2.661629744737595,2.661629744737595,False,False,,guitars,,,
4403,2.661629744737595,2.661629744737595,False,False,,guitars,,,
4404,2.6750050292762424,2.6750050292762424,False,False,,guitars,,,
4405,2.6868007183509337,2.6868007183509337,False,False,,guitars,,,
4406,2.692766426480014,2.692766426480014,False,False,,guitars,,,
4407,2.6963004346998245,2.6963004346998245,False,False,,guitars,,,
4408,2.699457335609956,2.699457335609956,False,False,,guitars,,,
4409,2.6886668544884142,2.6886668544884142,False,False,,guitars,,,
4410,2.692394074067093,2.692394074067093,False,False,,guitars,,,
4411,2.6949991339503314,2.6949991339503314,False,False,,guitars,,,
4412,2.693510930171318,2.693510930171318,False,False,,guitars,,,
4413,2.7157226265336463,2.7157226265336463,False,False,,guitars,,,
4414,2.7291197583756546,2.7291197583756546,False,False,,guitars,,,
4415,2.732775286812227,2.732775286812227,False,False,,guitars,,,
4416,2.7360598251128567,2.7360598251128567,False,False,,guitars,,,
4417,2.759089594389066,2.759089594389066,False,False,,guitars,,,
4418,2.7626935640627592,2.7626935640627592,False,False,,guitars,,,
4419,2.767549230687945,2.7675492306879446,False,False,,guitars,,,
4420,2.777406229713826,2.777406229713826,False,False,,guitars,,,
4421,2.7802753784532444,2.7802753784532444,False,False,,guitars,,,
4422,2.7808129146187075,2.7808129146187075,False,False,,guitars,,,
4423,2.7763293030167557,2.7763293030167557,False,False,,guitars,,,
4424,2.78600213540497,2.78600213540497,False,False,,guitars,,,
4425,2.791713599731711,2.791713599731711,False,False,,guitars,,,
4426,2.7886812815298567,2.7886812815298563,False,False,,guitars,,,
4427,2.7739940931901663,2.7739940931901663,False,False,,guitars,,,
4428,2.791535346830721,2.791535346830721,False,False,,guitars,,,
4429,2.804686240927917,2.804686240927917,False,False,,guitars,,,
4430,2.7938514792279183,2.7938514792279183,False,False,,guitars,,,
4431,2.786359548777429,2.7863595487774293,False,False,,guitars,,,
4432,2.786538233071145,2.786538233071145,False,False,,guitars,,,
4433,2.791357079102088,2.791357079102088,False,False,,guitars,,,
4434,2.7954534914983387,2.7954534914983387,False,False,,guitars,,,
4435,2.7877886054556167,2.7877886054556167,False,False,,guitars,,,
4436,2.7952755491915773,2.7952755491915777,False,False,,guitars,,,
4437,2.7952755491915773,2.7952755491915777,False,False,,guitars,,,
4438,2.817405066195422,2.8174050661954224,False,False,,guitars,,,
4439,2.8249654908483057,2.8249654908483057,False,False,,guitars,,,
4440,2.8218038726134056,2.8218038726134056,False,False,,guitars,,,
4441,2.821452296795305,2.821452296795305,False,False,,guitars,,,
4442,2.8293489961982097,2.8293489961982097,False,False,,guitars,,,
4443,2.830749850970834,2.8307498509708338,False,False,,guitars,,,
4444,2.834947007163514,2.834947007163514,False,False,,guitars,,,
4445,2.86168835357136,2.8616883535713598,False,False,,guitars,,,
4446,2.866515549457025,2.866515549457025,False,False,,guitars,,,
4447,2.850094290592005,2.850094290592005,False,False,,guitars,,,
4448,2.8471427256240185,2.8471427256240185,False,False,,guitars,,,
4449,2.8618609360803284,2.8618609360803284,False,False,,guitars,,,
4450,2.8666877535210245,2.8666877535210245,False,False,,guitars,,,
4451,2.8768240446325604,2.876824044632561,False,False,,guitars,,,
4452,2.8945790059051544,2.894579005905154,False,False,,guitars,,,
4453,2.889812798231447,2.889812798231447,False,False,,guitars,,,
4454,2.863068634252724,2.863068634252724,False,False,,guitars,,,
4455,2.8677206950648104,2.8677206950648104,False,False,,guitars,,,
4456,2.8908349902301915,2.8908349902301915,False,False,,guitars,,,
4457,2.855985506767613,2.8559855067676136,False,False,,guitars,,,
4458,2.8788799768765747,2.8788799768765743,False,False,,guitars,,,
4459,2.8443611365761177,2.844361136576118,False,False,,guitars,,,
4460,2.8249654908483053,2.824965490848305,False,False,,guitars,,,
4461,2.770396454352407,2.770396454352407,False,False,,guitars,,,
4462,2.7402980562708485,2.7402980562708485,False,False,,guitars,,,
4463,2.806280201856483,2.806280201856483,False,False,,guitars,,,
4464,2.811938091134582,2.811938091134582,False,False,,guitars,,,
4465,2.8504412718326217,2.8504412718326217,False,False,,guitars,,,
4466,2.8438391940353656,2.843839194035365,False,False,,guitars,,,
4467,2.818637633412497,2.818637633412497,False,False,,guitars,,,
4468,2.8177572999222416,2.8177572999222416,False,False,,guitars,,,
4469,2.7958093318566544,2.7958093318566544,False,False,,guitars,,,
4470,2.777765084430795,2.777765084430795,False,False,,guitars,,,
4471,2.718269117440741,2.718269117440741,False,False,,guitars,,,
4472,2.734812481715624,2.7348124817156236,False,False,,guitars,,,
4473,2.718084565075391,2.718084565075391,False,False,,guitars,,,
4474,2.714574964051113,2.714574964051113,False,False,,guitars,,,
4475,2.714944674059569,2.714944674059569,False,False,,guitars,,,
4476,2.770396454352407,2.770396454352407,False,False,,guitars,,,
4477,2.755582091865368,2.755582091865368,False,False,,guitars,,,
4478,2.755582091865368,2.755582091865368,False,False,,guitars,,,
4479,2.7182691174407414,2.7182691174407414,False,False,,guitars,,,
4480,2.752497813796666,2.7524978137966665,False,False,,guitars,,,
4481,2.7705764808335718,2.7705764808335718,False,False,,guitars,,,
4482,2.7106890421916097,2.7106890421916097,False,False,,guitars,,,
4483,2.675949142879703,2.675949142879703,False,False,,guitars,,,
4484,2.6725559521138704,2.6725559521138704,False,False,,guitars,,,
4485,2.67783182947559,2.67783182947559,False,False,,guitars,,,
4486,2.711244618103219,2.711244618103219,False,False,,guitars,,,
4487,2.7319587673714163,2.731958767371416,False,False,,guitars,,,
4488,2.7424226580164066,2.7424226580164066,False,False,,guitars,,,
4489,2.7664573212837293,2.766457321283729,False,False,,guitars,,,
4490,2.767362385475444,2.767362385475444,False,False,,guitars,,,
4491,2.768447953814908,2.7684479538149085,False,False,,guitars,,,
4492,2.764827233073622,2.7648272330736225,False,False,,guitars,,,
4493,2.756476047954183,2.756476047954183,False,False,,guitars,,,
4494,2.72716838372172,2.72716838372172,False,False,,guitars,,,
4495,2.7243997080972404,2.7243997080972404,False,False,,guitars,,,
4496,2.708640827040845,2.708640827040845,False,False,,guitars,,,
4497,2.7288278331249747,2.7288278331249747,False,False,,guitars,,,
4498,2.724030274359219,2.724030274359219,False,False,,guitars,,,
4499,2.672407991740528,2.672407991740528,False,False,,guitars,,,
4500,2.659869631677392,2.659869631677392,False,False,,guitars,,,
4501,2.651659107084685,2.651659107084685,False,False,,guitars,,,
4502,2.638029240989013,2.638029240989013,False,False,,guitars,,,
4503,2.638029240989013,2.638029240989013,False,False,,guitars,,,
4504,2.6274075037474773,2.6274075037474773,False,False,,guitars,,,
4505,2.672218588081972,2.672218588081972,False,False,,guitars,,,
4506,2.684493653064812,2.684493653064812,False,False,,guitars,,,
4507,2.696321651696912,2.696321651696912,False,False,,guitars,,,
4508,2.689383261799028,2.689383261799028,False,False,,guitars,,,
4509,2.7207024295243647,2.7207024295243647,False,False,,guitars,,,
4510,2.7207024295243647,2.7207024295243647,False,False,,guitars,,,
4511,2.704542555463471,2.704542555463471,False,False,,guitars,,,
4512,2.663487041973783,2.663487041973783,False,False,,guitars,,,
4513,2.6667182563149785,2.6667182563149785,False,False,,guitars,,,
4514,2.6908854291180964,2.6908854291180964,False,False,,guitars,,,
4515,2.6693754320847893,2.6693754320847893,False,False,,guitars,,,
4516,2.7116163224274743,2.7116163224274743,False,False,,guitars,,,
4517,2.741690046528656,2.741690046528656,False,False,,guitars,,,
4518,2.765551871235328,2.765551871235328,False,False,,guitars,,,
4519,2.7622890491164367,2.7622890491164367,False,False,,guitars,,,
4520,2.741506853809156,2.741506853809156,False,False,,guitars,,,
4521,2.7369218431286906,2.7369218431286906,False,False,,guitars,,,
4522,2.741140420526188,2.741140420526188,False,False,,guitars,,,
4523,2.7584760670048967,2.7584760670048967,False,False,,guitars,,,
4524,2.753017010296954,2.753017010296954,False,False,,guitars,,,
4525,2.764102347438355,2.764102347438355,False,False,,guitars,,,
4526,2.749917276078766,2.7499172760787665,False,False,,guitars,,,
4527,2.74223952904533,2.7422395290453303,False,False,,guitars,,,
4528,2.757385381775975,2.757385381775975,False,False,,guitars,,,
4529,2.7330626877436583,2.7330626877436583,False,False,,guitars,,,
4530,2.680724506688251,2.680724506688251,False,False,,guitars,,,
4531,2.675436075490533,2.675436075490533,False,False,,guitars,,,
4532,2.66405762724875,2.66405762724875,False,False,,guitars,,,
4533,2.675814272156753,2.675814272156753,False,False,,guitars,,,
4534,2.693886491386938,2.693886491386938,False,False,,guitars,,,
4535,2.68900754916157,2.68900754916157,False,False,,guitars,,,
4536,2.666148412649357,2.666148412649357,False,False,,guitars,,,
4537,2.6676676434413764,2.6676676434413764,False,False,,guitars,,,
4538,2.651276415882837,2.651276415882837,False,False,,guitars,,,
4539,2.6376439718142803,2.6376439718142803,False,False,,guitars,,,
4540,2.6562458017237285,2.6562458017237285,False,False,,guitars,,,
4541,2.6462948676464326,2.6462948676464326,False,False,,guitars,,,
4542,2.6807245066882515,2.6807245066882515,False,False,,guitars,,,
4543,2.649170326868062,2.649170326868062,False,False,,guitars,,,
4544,2.655100095580392,2.655100095580392,False,False,,guitars,,,
4545,2.694261318053215,2.694261318053215,False,False,,guitars,,,
4546,2.7082685906666337,2.7082685906666337,False,False,,guitars,,,
4547,2.728459180200482,2.7284591802004825,False,False,,guitars,,,
4548,2.728459180200482,2.7284591802004825,False,False,,guitars,,,
4549,2.704356078140792,2.704356078140792,False,False,,guitars,,,
4550,2.7132881711750567,2.7132881711750567,False,False,,guitars,,,
4551,2.711802149703169,2.711802149703169,False,False,,guitars,,,
4552,2.7159023180009125,2.7159023180009125,False,False,,guitars,,,
4553,2.742910672746349,2.7429106727463486,False,False,,guitars,,,
4554,2.741439730419587,2.7414397304195868,False,False,,guitars,,,
4555,2.7480508978887603,2.7480508978887603,False,False,,guitars,,,
4556,2.741623654431005,2.7416236544310046,False,False,,guitars,,,
4557,2.741807562371635,2.741807562371635,False,False,,guitars,,,
4558,2.773747432836519,2.773747432836519,False,False,,guitars,,,
4559,2.769576983588439,2.769576983588439,False,False,,guitars,,,
4560,2.7562858349933435,2.7562858349933435,False,False,,guitars,,,
4561,2.741255790333493,2.741255790333493,False,False,,guitars,,,
4562,2.778813503116888,2.7788135031168877,False,False,,guitars,,,
4563,2.775558126413311,2.775558126413311,False,False,,guitars,,,
4564,2.786210044937857,2.786210044937857,False,False,,guitars,,,
4565,2.792683545431889,2.7926835454318883,False,False,,guitars,,,
4566,2.7869302901848103,2.7869302901848103,False,False,,guitars,,,
4567,2.796988376055468,2.796988376055468,False,False,,guitars,,,
4568,2.7802587438444237,2.7802587438444237,False,False,,guitars,,,
4569,2.8125215325809294,2.8125215325809294,False,False,,guitars,,,
4570,2.809495108889676,2.809495108889676,False,False,,guitars,,,
4571,2.808425944893122,2.808425944893122,False,False,,guitars,,,
4572,2.820334998854089,2.820334998854089,False,False,,guitars,,,
4573,2.820334998854089,2.820334998854089,False,False,,guitars,,,
4574,2.822638133735849,2.8226381337358486,False,False,,guitars,,,
4575,2.845711373612703,2.8457113736127035,False,False,,guitars,,,
4576,2.8481628297281616,2.8481628297281616,False,False,,guitars,,,
4577,2.8415024655849983,2.841502465584998,False,False,,guitars,,,
4578,2.8483378285826166,2.8483378285826166,False,False,,guitars,,,
4579,2.826530179777673,2.826530179777673,False,False,,guitars,,,
4580,2.8376371532891183,2.8376371532891183,False,False,,guitars,,,
4581,2.8304152574579757,2.8304152574579753,False,False,,guitars,,,
4582,2.840624587068844,2.840624587068844,False,False,,guitars,,,
4583,2.8483378285826166,2.8483378285826166,False,False,,guitars,,,
4584,2.8458865688485813,2.8458865688485813,False,False,,guitars,,,
4585,2.842379990956857,2.842379990956857,False,False,,guitars,,,
4586,2.832178907587941,2.832178907587941,False,False,,guitars,,,
4587,2.8409757808777987,2.8409757808777987,False,False,,guitars,,,
4588,2.8351738340170667,2.835173834017067,False,False,,guitars,,,
4589,2.8589863939140496,2.8589863939140496,False,False,,guitars,,,
4590,2.86472561900281,2.86472561900281,False,False,,guitars,,,
4591,2.892170762282622,2.892170762282622,False,False,,guitars,,,
4592,2.899021996568914,2.899021996568914,False,False,,guitars,,,
4593,2.896112801521559,2.896112801521559,False,False,,guitars,,,
4594,2.8813369951272336,2.8813369951272336,False,False,,guitars,,,
4595,2.8913128706550464,2.8913128706550464,False,False,,guitars,,,
4596,2.8913128706550464,2.8913128706550464,False,False,,guitars,,,
4597,2.86750288973028,2.86750288973028,False,False,,guitars,,,
4598,2.870103402656745,2.870103402656745,False,False,,guitars,,,
4599,2.845185703589036,2.845185703589036,False,False,,guitars,,,
4600,2.847812789995019,2.847812789995019,False,False,,guitars,,,
4601,2.873911945774942,2.8739119457749425,False,False,,guitars,,,
4602,2.877023143534017,2.877023143534017,False,False,,guitars,,,
4603,2.8839212728819503,2.8839212728819503,False,False,,guitars,,,
4604,2.870103402656745,2.870103402656745,False,False,,guitars,,,
4605,2.898679935711762,2.898679935711762,False,False,,guitars,,,
4606,2.898679935711762,2.898679935711762,False,False,,guitars,,,
4607,2.889424340994762,2.8894243409947618,False,False,,guitars,,,
4608,2.889424340994762,2.8894243409947618,False,False,,guitars,,,
4609,2.8801299649941297,2.8801299649941297,False,False,,guitars,,,
4610,2.910110486569311,2.910110486569311,False,False,,guitars,,,
4611,2.9253735288056477,2.9253735288056477,False,False,,guitars,,,
4612,2.9299322625248814,2.9299322625248814,False,False,,guitars,,,
4613,2.9386861111912985,2.9386861111912985,False,False,,guitars,,,
4614,2.94606677177459,2.94606677177459,False,False,,guitars,,,
4615,2.9490792012323923,2.9490792012323928,False,False,,guitars,,,
4616,2.9500824541214503,2.95008245412145,False,False,,guitars,,,
4617,2.9659517809295437,2.9659517809295437,False,False,,guitars,,,
4618,2.9617863777269884,2.9617863777269884,False,False,,guitars,,,
4619,2.959951180757128,2.959951180757128,False,False,,guitars,,,
4620,2.9549385491396016,2.954938549139602,False,False,,guitars,,,
4621,2.967449462097628,2.9674494620976284,False,False,,guitars,,,
4622,2.969444840030844,2.969444840030844,False,False,,guitars,,,
4623,2.973596277605778,2.9735962776057785,False,False,,guitars,,,
4624,2.9899623264947186,2.9899623264947186,False,False,,guitars,,,
4625,2.9902917520855365,2.9902917520855365,False,False,,guitars,,,
4626,2.9879847793204863,2.987984779320487,False,False,,guitars,,,
4627,2.9879847793204863,2.987984779320487,False,False,,guitars,,,
4628,2.9917735826035985,2.9917735826035985,False,False,,guitars,,,
4629,2.987490126076255,2.9874901260762554,False,False,,guitars,,,
4630,2.9891385556075507,2.9891385556075503,False,False,,guitars,,,
4631,2.988479325920869,2.9884793259208684,False,False,,guitars,,,
4632,3.00080851665451,3.00080851665451,False,False,,guitars,,,
4633,2.98187658292698,2.98187658292698,False,False,,guitars,,,
4634,2.9968703630165576,2.996870363016558,False,False,,guitars,,,
4635,2.9942411778189277,2.994241177818928,False,False,,guitars,,,
4636,2.983859404327625,2.9838594043276254,False,False,,guitars,,,
4637,2.9919381714311912,2.9919381714311912,False,False,,guitars,,,
4638,2.999496547084936,2.9994965470849366,False,False,,guitars,,,
4639,3.0098081551227827,3.0098081551227827,False,False,,guitars,,,
4640,3.008828079905373,3.0088280799053733,False,False,,guitars,,,
4641,3.01844749460148,3.01844749460148,False,False,,guitars,,,
4642,3.01844749460148,3.01844749460148,False,False,,guitars,,,
4643,3.0228363088965358,3.0228363088965353,False,False,,guitars,,,
4644,2.9853453948010893,2.9853453948010893,False,False,,guitars,,,
4645,2.9689461593086146,2.9689461593086146,False,False,,guitars,,,
4646,2.962453354958905,2.9624533549589054,False,False,,guitars,,,
4647,2.9717705757332564,2.971770575733256,False,False,,guitars,,,
4648,2.973430365043468,2.973430365043468,False,False,,guitars,,,
4649,2.9947343790821708,2.9947343790821708,False,False,,guitars,,,
4650,2.9970345873461115,2.9970345873461115,False,False,,guitars,,,
4651,2.966118238594382,2.966118238594382,False,False,,guitars,,,
4652,2.9774089436158526,2.9774089436158526,False,False,,guitars,,,
4653,3.002775071242848,3.002775071242848,False,False,,guitars,,,
4654,3.000644561319673,3.000644561319673,False,False,,guitars,,,
4655,3.002938875075638,3.002938875075638,False,False,,guitars,,,
4656,3.007030194496665,3.007030194496665,False,False,,guitars,,,
4657,3.018935551094581,3.0189355510945806,False,False,,guitars,,,
4658,3.0286751817684987,3.0286751817684987,False,False,,guitars,,,
4659,3.024621966783751,3.024621966783751,False,False,,guitars,,,
4660,3.02818916905873,3.0281891690587295,False,False,,guitars,,,
4661,3.0430476101672643,3.043047610167264,False,False,,guitars,,,
4662,3.04787237059548,3.04787237059548,False,False,,guitars,,,
4663,3.0412760325748134,3.041276032574814,False,False,,guitars,,,
4664,3.051885417909167,3.0518854179091672,False,False,,guitars,,,
4665,3.0616485205440984,3.0616485205440984,False,False,,guitars,,,
4666,3.0648407239131985,3.0648407239131985,False,False,,guitars,,,
4667,3.0648407239131985,3.0648407239131985,False,False,,guitars,,,
4668,3.028513188820168,3.028513188820168,False,False,,guitars,,,
4669,3.0044125861369886,3.004412586136989,False,False,,guitars,,,
4670,3.012745889545451,3.012745889545451,False,False,,guitars,,,
4671,3.04465697026691,3.0446569702669106,False,False,,guitars,,,
4672,3.0475510294012538,3.047551029401254,False,False,,guitars,,,
4673,3.015516994438526,3.015516994438526,False,False,,guitars,,,
4674,3.025270956571593,3.0252709565715925,False,False,,guitars,,,
4675,3.0562118027058025,3.0562118027058025,False,False,,guitars,,,
4676,3.050120524399505,3.050120524399505,False,False,,guitars,,,
4677,3.024135105380791,3.0241351053807914,False,False,,guitars,,,
4678,3.0488361294965625,3.0488361294965625,False,False,,guitars,,,
4679,3.038374184408573,3.0383741844085734,False,False,,guitars,,,
4680,3.0052309077890254,3.005230907789026,False,False,,guitars,,,
4681,3.0117851122062183,3.0117851122062183,False,False,,guitars,,,
4682,3.0068712037121097,3.0068712037121097,False,False,,guitars,,,
4683,2.990250296926616,2.9902502969266163,False,False,,guitars,,,
4684,2.978991853557728,2.978991853557728,False,False,,guitars,,,
4685,2.9826403494524225,2.9826403494524225,False,False,,guitars,,,
4686,3.000138563713596,3.0001385637135964,False,False,,guitars,,,
4687,3.0313371413361407,3.031337141336141,False,False,,guitars,,,
4688,3.0223962449316875,3.0223962449316875,False,False,,guitars,,,
4689,3.0272773614486232,3.0272773614486232,False,False,,guitars,,,
4690,3.038465203197675,3.038465203197675,False,False,,guitars,,,
4691,3.047344764405827,3.047344764405827,False,False,,guitars,,,
4692,3.040728660162621,3.0407286601626216,False,False,,guitars,,,
4693,3.0573142119121512,3.0573142119121512,False,False,,guitars,,,
4694,3.075535443218727,3.0755354432187265,False,False,,guitars,,,
4695,3.079989373309448,3.0799893733094486,False,False,,guitars,,,
4696,3.0858620870614275,3.085862087061428,False,False,,guitars,,,
4697,3.089663643695159,3.0896636436951592,False,False,,guitars,,,
4698,3.0921946336391493,3.092194633639149,False,False,,guitars,,,
4699,3.095196683704315,3.095196683704315,False,False,,guitars,,,
4700,3.088555485916036,3.0885554859160362,False,False,,guitars,,,
4701,3.074579935969248,3.0745799359692483,False,False,,guitars,,,
4702,3.063723704788453,3.063723704788453,False,False,,guitars,,,
4703,3.0429899245640883,3.0429899245640883,False,False,,guitars,,,
4704,3.046700114520098,3.046700114520098,False,False,,guitars,,,
4705,3.055387947651336,3.0553879476513357,False,False,,guitars,,,
4706,3.0674012672510647,3.0674012672510647,False,False,,guitars,,,
4707,3.047667022744869,3.047667022744869,False,False,,guitars,,,
4708,3.0475058991239057,3.0475058991239057,False,False,,guitars,,,
4709,3.074898481359698,3.0748984813596976,False,False,,guitars,,,
4710,3.078558668243077,3.078558668243077,False,False,,guitars,,,
4711,3.078558668243077,3.078558668243077,False,False,,guitars,,,
4712,3.079035666149771,3.079035666149771,False,False,,guitars,,,
4713,3.0896636436951592,3.0896636436951592,False,False,,guitars,,,
4714,3.103708188548135,3.1037081885481346,False,False,,guitars,,,
4715,3.1082666588594754,3.108266658859476,False,False,,guitars,,,
4716,3.11641873289288,3.11641873289288,False,False,,guitars,,,
4717,3.0970907627951747,3.0970907627951747,False,False,,guitars,,,
4718,3.0807838355318684,3.0807838355318684,False,False,,guitars,,,
4719,3.061642536612349,3.0616425366123488,False,False,,guitars,,,
4720,3.06132219330365,3.06132219330365,False,False,,guitars,,,
4721,3.060681375658441,3.0606813756584414,False,False,,guitars,,,
4722,3.0780815740468035,3.0780815740468035,False,False,,guitars,,,
4723,3.098825677445637,3.098825677445637,False,False,,guitars,,,
4724,3.0755354432187225,3.0755354432187225,False,False,,guitars,,,
4725,3.087922020302856,3.087922020302856,False,False,,guitars,,,
4726,3.0650035088881844,3.0650035088881844,False,False,,guitars,,,
4727,3.043635598213481,3.043635598213481,False,False,,guitars,,,
4728,3.044442439459664,3.044442439459664,False,False,,guitars,,,
4729,3.066442456965894,3.0664424569658943,False,False,,guitars,,,
4730,3.069317717561332,3.0693177175613324,False,False,,guitars,,,
4731,3.053942210695437,3.0539422106954364,False,False,,guitars,,,
4732,3.032472611291858,3.032472611291858,False,False,,guitars,,,
4733,3.0272773614486246,3.0272773614486246,False,False,,guitars,,,
4734,3.042021079349357,3.042021079349357,False,False,,guitars,,,
4735,3.064683623126637,3.064683623126637,False,False,,guitars,,,
4736,3.0723489134657016,3.072348913465701,False,False,,guitars,,,
4737,3.0723489134657016,3.072348913465701,False,False,,guitars,,,
4738,3.092352730925396,3.0923527309253958,False,False,,guitars,,,
4739,3.046216510482419,3.0462165104824184,False,False,,guitars,,,
4740,3.0447650979813026,3.044765097981303,False,False,,guitars,,,
4741,3.0243499229631485,3.024349922963148,False,False,,guitars,,,
4742,3.006215225239398,3.0062152252393983,False,False,,guitars,,,
4743,3.00769091475482,3.00769091475482,False,False,,guitars,,,
4744,2.991406122490893,2.9914061224908925,False,False,,guitars,,,
4745,2.9976704795715743,2.997670479571574,False,False,,guitars,,,
4746,2.9785823212320963,2.9785823212320963,False,False,,guitars,,,
4747,2.9745785634326243,2.9745785634326247,False,False,,guitars,,,
4748,3.0047672649517314,3.0047672649517314,False,False,,guitars,,,
4749,2.979748764221202,2.979748764221202,False,False,,guitars,,,
4750,2.984076068710059,2.984076068710059,False,False,,guitars,,,
4751,2.9815805453056003,2.9815805453056003,False,False,,guitars,,,
4752,2.995189701710085,2.995189701710085,False,False,,guitars,,,
4753,3.018076656366535,3.018076656366535,False,False,,guitars,,,
4754,3.0090477732205065,3.009047773220506,False,False,,guitars,,,
4755,3.0149615691985945,3.014961569198595,False,False,,guitars,,,
4756,3.008389749814674,3.0083897498146737,False,False,,guitars,,,
4757,3.022659692153266,3.022659692153266,False,False,,guitars,,,
4758,3.0433343443060363,3.0433343443060363,False,False,,guitars,,,
4759,3.050131510363117,3.050131510363117,False,False,,guitars,,,
4760,3.0583587780321446,3.0583587780321446,False,False,,guitars,,,
4761,3.077284748476495,3.077284748476495,False,False,,guitars,,,
4762,3.077284748476495,3.077284748476495,False,False,,guitars,,,
4763,3.083825340974754,3.0838253409747542,False,False,,guitars,,,
4764,3.0882817234246085,3.0882817234246085,False,False,,guitars,,,
4765,3.109651290545711,3.109651290545711,False,False,,guitars,,,
4766,3.1008101578708915,3.100810157870892,False,False,,guitars,,,
4767,3.070405591561596,3.0704055915615958,False,False,,guitars,,,
4768,3.06366697820882,3.06366697820882,False,False,,guitars,,,
4769,3.072807575984532,3.072807575984532,False,False,,guitars,,,
4770,3.054329410653034,3.054329410653034,False,False,,guitars,,,
4771,3.064470206382048,3.0644702063820484,False,False,,guitars,,,
4772,3.041226447686417,3.041226447686417,False,False,,guitars,,,
4773,3.067199133114288,3.067199133114288,False,False,,guitars,,,
4774,3.06623634373712,3.06623634373712,False,False,,guitars,,,
4775,3.0836660292830973,3.0836660292830973,False,False,,guitars,,,
4776,3.0807965834862747,3.0807965834862747,False,False,,guitars,,,
4777,3.067680380211036,3.067680380211036,False,False,,guitars,,,
4778,3.054168091908084,3.054168091908084,False,False,,guitars,,,
4779,3.0144693299742897,3.0144693299742893,False,False,,guitars,,,
4780,3.013812848096203,3.013812848096203,False,False,,guitars,,,
4781,3.014961569198595,3.014961569198595,False,False,,guitars,,,
4782,3.0006438875277475,3.0006438875277475,False,False,,guitars,,,
4783,2.957483725741556,2.957483725741556,False,False,,guitars,,,
4784,2.9658795854396445,2.9658795854396445,False,False,,guitars,,,
4785,2.8921135533758164,2.8921135533758164,False,False,,guitars,,,
4786,2.87053224496185,2.87053224496185,False,False,,guitars,,,
4787,2.748223771033779,2.748223771033779,False,False,,guitars,,,
4788,2.836337508067508,2.836337508067508,False,False,,guitars,,,
4789,2.777634891273236,2.7776348912732356,False,False,,guitars,,,
4790,2.831535739954864,2.831535739954864,False,False,,guitars,,,
4791,2.841660416992643,2.841660416992643,False,False,,guitars,,,
4792,2.871581369226251,2.8715813692262504,False,False,,guitars,,,
4793,2.8586070873755243,2.8586070873755243,False,False,,guitars,,,
4794,2.852443802247349,2.852443802247349,False,False,,guitars,,,
4795,2.787470074463512,2.7874700744635126,False,False,,guitars,,,
4796,2.765184946265291,2.765184946265291,False,False,,guitars,,,
4797,2.758379933473328,2.758379933473328,False,False,,guitars,,,
4798,2.8158114044448297,2.8158114044448297,False,False,,guitars,,,
4799,2.8267233414910344,2.8267233414910344,False,False,,guitars,,,
4800,2.8014166316918843,2.8014166316918843,False,False,,guitars,,,
4801,2.829576420086476,2.8295764200864757,False,False,,guitars,,,
4802,2.8876058407663163,2.8876058407663163,False,False,,guitars,,,
4803,2.88639065870729,2.88639065870729,False,False,,guitars,,,
4804,2.895055962590813,2.895055962590813,False,False,,guitars,,,
4805,2.862823355936207,2.8628233559362073,False,False,,guitars,,,
4806,2.8129401237038816,2.812940123703881,False,False,,guitars,,,
4807,2.8129401237038816,2.812940123703881,False,False,,guitars,,,
4808,2.8107841552441264,2.810784155244126,False,False,,guitars,,,
4809,2.8633498209937143,2.8633498209937143,False,False,,guitars,,,
4810,2.84148319591744,2.84148319591744,False,False,,guitars,,,
4811,2.803734860762453,2.803734860762453,False,False,,guitars,,,
4812,2.8131435712224184,2.8131435712224184,False,False,,guitars,,,
4813,2.8311229571291485,2.8311229571291485,False,False,,guitars,,,
4814,2.849842611247684,2.849842611247684,False,False,,guitars,,,
4815,2.872975363754206,2.8729753637542057,False,False,,guitars,,,
4816,2.8780636512201805,2.8780636512201805,False,False,,guitars,,,
4817,2.849309985778476,2.8493099857784756,False,False,,guitars,,,
4818,2.8280769612555425,2.8280769612555425,False,False,,guitars,,,
4819,2.7792977308671736,2.7792977308671736,False,False,,guitars,,,
4820,2.7510489031541003,2.7510489031541003,False,False,,guitars,,,
4821,2.7632808139328118,2.7632808139328118,False,False,,guitars,,,
4822,2.7862560338101714,2.786256033810172,False,False,,guitars,,,
4823,2.81332410641774,2.8133241064177406,False,False,,guitars,,,
4824,2.7675269156984985,2.7675269156984985,False,False,,guitars,,,
4825,2.788266059547454,2.788266059547454,False,False,,guitars,,,
4826,2.744160522875034,2.744160522875034,False,False,,guitars,,,
4827,2.677660133948892,2.677660133948892,False,False,,guitars,,,
4828,2.744160522875034,2.744160522875034,False,False,,guitars,,,
4829,2.76881752440898,2.76881752440898,False,False,,guitars,,,
4830,2.800286785080468,2.800286785080468,False,False,,guitars,,,
4831,2.7758100548110494,2.7758100548110494,False,False,,guitars,,,
4832,2.7758100548110494,2.7758100548110494,False,False,,guitars,,,
4833,2.828973285879631,2.828973285879631,False,False,,guitars,,,
4834,2.8416613894295844,2.8416613894295844,False,False,,guitars,,,
4835,2.844154571925726,2.844154571925726,False,False,,guitars,,,
4836,2.871393851243872,2.8713938512438726,False,False,,guitars,,,
4837,2.829331712170724,2.829331712170724,False,False,,guitars,,,
4838,2.8719211481310976,2.871921148131097,False,False,,guitars,,,
4839,2.8455779703522124,2.8455779703522124,False,False,,guitars,,,
4840,2.84077027626311,2.84077027626311,False,False,,guitars,,,
4841,2.874029075731067,2.874029075731067,False,False,,guitars,,,
4842,2.909041853942567,2.909041853942567,False,False,,guitars,,,
4843,2.877187196430844,2.8771871964308438,False,False,,guitars,,,
4844,2.8955202685063,2.8955202685063,False,False,,guitars,,,
4845,2.9650267200531,2.9650267200531006,False,False,,guitars,,,
4846,2.958780300360164,2.958780300360164,False,False,,guitars,,,
4847,2.917494479924694,2.917494479924694,False,False,,guitars,,,
4848,2.88733278052453,2.8873327805245306,False,False,,guitars,,,
4849,2.9076587927881405,2.9076587927881405,False,False,,guitars,,,
4850,2.9334500928902534,2.9334500928902534,False,False,,guitars,,,
4851,2.9320820110294155,2.9320820110294155,False,False,,guitars,,,
4852,2.930541924377815,2.930541924377815,False,False,,guitars,,,
4853,2.946235654626253,2.9462356546262525,False,False,,guitars,,,
4854,2.881915928760639,2.881915928760639,False,False,,guitars,,,
4855,2.8927364271147664,2.8927364271147664,False,False,,guitars,,,
4856,2.8927364271147664,2.8927364271147664,False,False,,guitars,,,
4857,2.9131859073039243,2.913185907303924,False,False,,guitars,,,
4858,2.9233408716714235,2.9233408716714235,False,False,,guitars,,,
4859,2.90298462229679,2.90298462229679,False,False,,guitars,,,
4860,2.885412187968296,2.885412187968296,False,False,,guitars,,,
4861,2.887507297341942,2.887507297341942,False,False,,guitars,,,
4862,2.8567549772092478,2.856754977209248,False,False,,guitars,,,
4863,2.8430864138592784,2.843086413859279,False,False,,guitars,,,
4864,2.80446006789938,2.8044600678993796,False,False,,guitars,,,
4865,2.80446006789938,2.8044600678993796,False,False,,guitars,,,
4866,2.791003965786747,2.791003965786747,False,False,,guitars,,,
4867,2.850730032327629,2.850730032327629,False,False,,guitars,,,
4868,2.84859961668019,2.84859961668019,False,False,,guitars,,,
4869,2.917666650471816,2.917666650471816,False,False,,guitars,,,
4870,2.9093874854250226,2.909387485425023,False,False,,guitars,,,
4871,2.912495765063187,2.912495765063187,False,False,,guitars,,,
4872,2.935329849532152,2.935329849532152,False,False,,guitars,,,
4873,2.930370738552836,2.930370738552836,False,False,,guitars,,,
4874,2.9372080394574724,2.9372080394574724,False,False,,guitars,,,
4875,2.893780776446387,2.893780776446387,False,False,,guitars,,,
4876,2.9358909701088907,2.93589097010889,False,False,,guitars,,,
4877,2.913461510813684,2.9134615108136845,False,False,,guitars,,,
4878,2.886772212634524,2.886772212634524,False,False,,guitars,,,
4879,2.868622343801501,2.868622343801501,False,False,,guitars,,,
4880,2.8843139723714097,2.8843139723714093,False,False,,guitars,,,
4881,2.8930809150838472,2.8930809150838477,False,False,,guitars,,,
4882,2.8664980524316555,2.8664980524316555,False,False,,guitars,,,
4883,2.922287494910437,2.922287494910437,False,False,,guitars,,,
4884,2.9267736819463783,2.926773681946378,False,False,,guitars,,,
4885,2.93468891419064,2.93468891419064,False,False,,guitars,,,
4886,2.937092385283929,2.937092385283929,False,False,,guitars,,,
4887,2.9436032137576094,2.9436032137576094,False,False,,guitars,,,
4888,2.9209053235589293,2.9209053235589293,False,False,,guitars,,,
4889,2.9345171395558665,2.9345171395558665,False,False,,guitars,,,
4890,2.92608408241273,2.92608408241273,False,False,,guitars,,,
4891,2.9480472048861928,2.9480472048861928,False,False,,guitars,,,
4892,2.9413779375046123,2.9413779375046127,False,False,,guitars,,,
4893,2.9413779375046123,2.9413779375046127,False,False,,guitars,,,
4894,2.944458506015076,2.944458506015076,False,False,,guitars,,,
4895,2.9489008186664902,2.9489008186664902,False,False,,guitars,,,
4896,2.9686150300305183,2.9686150300305183,False,False,,guitars,,,
4897,2.9735170076633195,2.973517007663319,False,False,,guitars,,,
4898,2.979082346672276,2.979082346672276,False,False,,guitars,,,
4899,2.9726725902264635,2.9726725902264635,False,False,,guitars,,,
4900,2.9726725902264635,2.9726725902264635,False,False,,guitars,,,
4901,2.970137461270417,2.970137461270417,False,False,,guitars,,,
4902,2.9915132192502534,2.9915132192502534,False,False,,guitars,,,
4903,2.9998745106925573,2.9998745106925573,False,False,,guitars,,,
4904,3.0042104096049256,3.0042104096049256,False,False,,guitars,,,
4905,3.0003752233119494,3.00037522331195,False,False,,guitars,,,
4906,3.010034356151192,3.010034356151192,False,False,,guitars,,,
4907,3.0198187756261903,3.0198187756261903,False,False,,guitars,,,
4908,3.019322259127377,3.019322259127377,False,False,,guitars,,,
4909,3.0260988034958154,3.0260988034958154,False,False,,guitars,,,
4910,3.015843661477611,3.0158436614776107,False,False,,guitars,,,
4911,3.0138535426942945,3.0138535426942945,False,False,,guitars,,,
4912,3.0443465964829164,3.044346596482917,False,False,,guitars,,,
4913,3.05007094512045,3.0500709451204497,False,False,,guitars,,,
4914,3.07751659889156,3.07751659889156,False,False,,guitars,,,
4915,3.07250609194616,3.0725060919461598,False,False,,guitars,,,
4916,3.076870679008402,3.076870679008402,False,False,,guitars,,,
4917,3.0783237505011023,3.0783237505011023,False,False,,guitars,,,
4918,3.07088752714726,3.07088752714726,False,False,,guitars,,,
4919,3.053172596502844,3.053172596502844,False,False,,guitars,,,
4920,3.069915854648264,3.069915854648264,False,False,,guitars,,,
4921,3.065051471386971,3.0650514713869716,False,False,,guitars,,,
4922,3.054477327852141,3.0544773278521413,False,False,,guitars,,,
4923,3.076870679008402,3.076870679008402,False,False,,guitars,,,
4924,3.077193661025888,3.077193661025888,False,False,,guitars,,,
4925,3.077193661025888,3.077193661025888,False,False,,guitars,,,
4926,3.0691058214390607,3.069105821439061,False,False,,guitars,,,
4927,3.0577359843653333,3.0577359843653333,False,False,,guitars,,,
4928,3.0791306265267973,3.0791306265267977,False,False,,guitars,,,
4929,3.0738001445711904,3.073800144571191,False,False,,guitars,,,
4930,3.0739618512584577,3.0739618512584577,False,False,,guitars,,,
4931,3.071211328998581,3.0712113289985807,False,False,,guitars,,,
4932,3.044837804310774,3.0448378043107738,False,False,,guitars,,,
4933,3.058875446040105,3.058875446040105,False,False,,guitars,,,
4934,3.0336783018975613,3.0336783018975613,False,False,,guitars,,,
4935,3.0410692358488856,3.0410692358488856,False,False,,guitars,,,
4936,3.0102005390023736,3.0102005390023736,False,False,,guitars,,,
4937,3.0239522845740665,3.0239522845740665,False,False,,guitars,,,
4938,3.0404132114294384,3.0404132114294384,False,False,,guitars,,,
4939,3.0612480526091788,3.0612480526091783,False,False,,guitars,,,
4940,3.0569977033136917,3.0569977033136917,False,False,,guitars,,,
4941,3.08270917921562,3.08270917921562,False,False,,guitars,,,
4942,3.069563024540878,3.069563024540878,False,False,,guitars,,,
4943,3.0818998026722686,3.0818998026722686,False,False,,guitars,,,
4944,3.0820617001303843,3.0820617001303843,False,False,,guitars,,,
4945,3.092238996091508,3.092238996091508,False,False,,guitars,,,
4946,3.0809281851928,3.0809281851928,False,False,,guitars,,,
4947,3.0793079351808736,3.0793079351808736,False,False,,guitars,,,
4948,3.0689119301842664,3.068911930184267,False,False,,guitars,,,
4949,3.08529732594592,3.0852973259459207,False,False,,guitars,,,
4950,3.111504558135429,3.1115045581354295,False,False,,guitars,,,
4951,3.0991604269927118,3.0991604269927118,False,False,,guitars,,,
4952,3.088044136720685,3.088044136720685,False,False,,guitars,,,
4953,3.0882056147285413,3.088205614728541,False,False,,guitars,,,
4954,3.082385461818255,3.082385461818255,False,False,,guitars,,,
4955,3.099321150997013,3.0993211509970133,False,False,,guitars,,,
4956,3.089658422156821,3.0896584221568206,False,False,,guitars,,,
4957,3.064022976045607,3.064022976045607,False,False,,guitars,,,
4958,3.0592873087255548,3.059287308725555,False,False,,guitars,,,
4959,3.0592873087255548,3.059287308725555,False,False,,guitars,,,
4960,3.035959726444124,3.035959726444124,False,False,,guitars,,,
4961,3.0103939995275644,3.010393999527564,False,False,,guitars,,,
4962,3.026861391063677,3.026861391063677,False,False,,guitars,,,
4963,3.0525757162490503,3.0525757162490508,False,False,,guitars,,,
4964,3.025866688803076,3.025866688803076,False,False,,guitars,,,
4965,3.030670477975589,3.030670477975589,False,False,,guitars,,,
4966,3.047816861790468,3.0478168617904684,False,False,,guitars,,,
4967,3.0356295000560665,3.035629500056067,False,False,,guitars,,,
4968,3.031332291549517,3.031332291549517,False,False,,guitars,,,
4969,3.0402484190553185,3.040248419055318,False,False,,guitars,,,
4970,3.01955699152496,3.01955699152496,False,False,,guitars,,,
4971,3.032986002621037,3.0329860026210365,False,False,,guitars,,,
4972,3.054050638646466,3.054050638646466,False,False,,guitars,,,
4973,3.0643492224589037,3.0643492224589037,False,False,,guitars,,,
4974,3.0775243765835474,3.0775243765835474,False,False,,guitars,,,
4975,3.061411374100872,3.061411374100872,False,False,,guitars,,,
4976,3.057652104179581,3.057652104179581,False,False,,guitars,,,
4977,3.062717537669361,3.062717537669361,False,False,,guitars,,,
4978,3.0450226829188702,3.04502268291887,False,False,,guitars,,,
4979,3.015729606400938,3.015729606400938,False,False,,guitars,,,
4980,3.0263640931664053,3.0263640931664053,False,False,,guitars,,,
4981,3.0228800232976383,3.0228800232976383,False,False,,guitars,,,
4982,3.0137301957108247,3.0137301957108247,False,False,,guitars,,,
4983,3.023876005426155,3.023876005426155,False,False,,guitars,,,
4984,3.01839280436652,3.0183928043665205,False,False,,guitars,,,
4985,2.996664961394089,2.996664961394089,False,False,,guitars,,,
4986,2.9978401509503243,2.9978401509503247,False,False,,guitars,,,
4987,2.987410361892279,2.987410361892279,False,False,,guitars,,,
4988,2.956858162927876,2.9568581629278756,False,False,,guitars,,,
4989,2.9450368216573457,2.9450368216573457,False,False,,guitars,,,
4990,2.9743908346752184,2.9743908346752184,False,False,,guitars,,,
4991,2.9670877773768822,2.9670877773768822,False,False,,guitars,,,
4992,2.9777796600590305,2.977779660059031,False,False,,guitars,,,
4993,2.986061124656963,2.986061124656963,False,False,,guitars,,,
4994,2.980317986136962,2.9803179861369626,False,False,,guitars,,,
4995,2.980317986136962,2.9803179861369626,False,False,,guitars,,,
4996,3.0003563957042867,3.0003563957042867,False,False,,guitars,,,
4997,2.9706573084891463,2.9706573084891463,False,False,,guitars,,,
4998,2.96657738758367,2.96657738758367,False,False,,guitars,,,
4999,2.9315986994595757,2.9315986994595757,False,False,,guitars,,,
5000,2.9255426160745266,2.9255426160745266,False,False,,guitars,,,
5001,2.946753888162138,2.946753888162138,False,False,,guitars,,,
5002,2.981332528468095,2.9813325284680956,False,False,,guitars,,,
5003,2.97337320583311,2.97337320583311,False,False,,guitars,,,
5004,2.989180644035214,2.989180644035214,False,False,,guitars,,,
5005,2.953157517668856,2.953157517668856,False,False,,guitars,,,
5006,2.979164940896115,2.9791649408961147,False,False,,guitars,,,
5007,2.9588291849483577,2.958829184948358,False,False,,guitars,,,
5008,2.9779737241501123,2.9779737241501127,False,False,,guitars,,,
5009,2.990535342964599,2.9905353429645993,False,False,,guitars,,,
5010,2.9937495535154253,2.9937495535154253,False,False,,guitars,,,
5011,3.0136116539645466,3.0136116539645466,False,False,,guitars,,,
5012,3.01310879681529,3.0131087968152896,False,False,,guitars,,,
5013,2.981035600398733,2.981035600398733,False,False,,guitars,,,
5014,2.9935804966007185,2.9935804966007185,False,False,,guitars,,,
5015,2.973032057747864,2.973032057747864,False,False,,guitars,,,
5016,2.982055315947487,2.982055315947487,False,False,,guitars,,,
5017,3.001175783502402,3.001175783502402,False,False,,guitars,,,
5018,2.9986468053336,2.9986468053336,False,False,,guitars,,,
5019,3.040936678163617,3.040936678163617,False,False,,guitars,,,
5020,3.0508541135527123,3.0508541135527123,False,False,,guitars,,,
5021,3.071872159087517,3.071872159087517,False,False,,guitars,,,
5022,3.071872159087517,3.071872159087517,False,False,,guitars,,,
5023,3.069582435931788,3.069582435931788,False,False,,guitars,,,
5024,3.0534916804261645,3.0534916804261645,False,False,,guitars,,,
5025,3.0525029407281004,3.052502940728101,False,False,,guitars,,,
5026,3.033304683701759,3.0333046837017585,False,False,,guitars,,,
5027,3.027647527745917,3.0276475277459167,False,False,,guitars,,,
5028,3.0229783337686533,3.0229783337686533,False,False,,guitars,,,
5029,3.0434199841804004,3.0434199841804004,False,False,,guitars,,,
5030,3.035796123894396,3.035796123894396,False,False,,guitars,,,
5031,3.0419303174582883,3.0419303174582883,False,False,,guitars,,,
5032,3.0487089013568403,3.0487089013568403,False,False,,guitars,,,
5033,3.043585444083483,3.0435854440834835,False,False,,guitars,,,
5034,3.026981074359137,3.026981074359137,False,False,,guitars,,,
5035,3.0043751763216915,3.004375176321691,False,False,,guitars,,,
5036,2.9847723393767533,2.9847723393767533,False,False,,guitars,,,
5037,2.9898580934426184,2.9898580934426184,False,False,,guitars,,,
5038,3.001175783502403,3.001175783502403,False,False,,guitars,,,
5039,3.0399426157707645,3.0399426157707645,False,False,,guitars,,,
5040,3.026314429784392,3.026314429784392,False,False,,guitars,,,
5041,3.0172959383876794,3.0172959383876794,False,False,,guitars,,,
5042,2.9951015614074232,2.9951015614074232,False,False,,guitars,,,
5043,2.991212392764312,2.9912123927643126,False,False,,guitars,,,
5044,3.0238128072664248,3.0238128072664248,False,False,,guitars,,,
5045,3.0316422415997177,3.031642241599718,False,False,,guitars,,,
5046,3.0432545125591237,3.0432545125591237,False,False,,guitars,,,
5047,3.041930317458289,3.0419303174582892,False,False,,guitars,,,
5048,3.048213573088653,3.048213573088653,False,False,,guitars,,,
5049,3.0435854440834835,3.0435854440834835,False,False,,guitars,,,
5050,3.042426978599481,3.042426978599481,False,False,,guitars,,,
5051,3.038119067513856,3.0381190675138554,False,False,,guitars,,,
5052,3.0511839718399845,3.051183971839984,False,False,,guitars,,,
5053,3.062371637143591,3.062371637143591,False,False,,guitars,,,
5054,3.0726893787963747,3.0726893787963747,False,False,,guitars,,,
5055,3.070564018197125,3.070564018197125,False,False,,guitars,,,
5056,3.069909675445357,3.069909675445357,False,False,,guitars,,,
5057,3.063028078189765,3.0630280781897645,False,False,,guitars,,,
5058,3.0526677596470453,3.0526677596470457,False,False,,guitars,,,
5059,3.0576069476505925,3.0576069476505925,False,False,,guitars,,,
5060,3.0605654784850103,3.06056547848501,False,False,,guitars,,,
5061,3.0671266897044567,3.0671266897044562,False,False,,guitars,,,
5062,3.069418799132952,3.069418799132952,False,False,,guitars,,,
5063,3.055467909728445,3.055467909728445,False,False,,guitars,,,
5064,3.0626998805755203,3.062699880575521,False,False,,guitars,,,
5065,3.0626998805755203,3.062699880575521,False,False,,guitars,,,
5066,3.0831248886671574,3.0831248886671574,False,False,,guitars,,,
5067,3.0795428771192817,3.079542877119281,False,False,,guitars,,,
5068,3.104342833367688,3.104342833367688,False,False,,guitars,,,
5069,3.114961571619108,3.114961571619108,False,False,,guitars,,,
5070,3.106115907594784,3.106115907594784,False,False,,guitars,,,
5071,3.109979864066731,3.1099798640667307,False,False,,guitars,,,
5072,3.120413473921294,3.1204134739212934,False,False,,guitars,,,
5073,3.136695212896686,3.1366952128966865,False,False,,guitars,,,
5074,3.1516745858321604,3.1516745858321604,False,False,,guitars,,,
5075,3.142124023178284,3.1421240231782837,False,False,,guitars,,,
5076,3.139251470492684,3.139251470492684,False,False,,guitars,,,
5077,3.135735916388084,3.135735916388084,False,False,,guitars,,,
5078,3.131894901884451,3.131894901884451,False,False,,guitars,,,
5079,3.1352561247510424,3.1352561247510424,False,False,,guitars,,,
5080,3.1325354970328614,3.132535497032861,False,False,,guitars,,,
5081,3.11356568475578,3.1135656847557804,False,False,,guitars,,,
5082,3.099482465637848,3.0994824656378483,False,False,,guitars,,,
5083,3.117597270048016,3.117597270048016,False,False,,guitars,,,
5084,3.109042221276285,3.1090422212762845,False,False,,guitars,,,
5085,3.1125970919565424,3.1125970919565424,False,False,,guitars,,,
5086,3.1132428641036287,3.1132428641036283,False,False,,guitars,,,
5087,3.109850611251192,3.109850611251192,False,False,,guitars,,,
5088,3.1193690179172733,3.1193690179172733,False,False,,guitars,,,
5089,3.1158242096415267,3.1158242096415267,False,False,,guitars,,,
5090,3.1158242096415267,3.1158242096415267,False,False,,guitars,,,
5091,3.093467717618328,3.093467717618328,False,False,,guitars,,,
5092,3.0902101506062536,3.0902101506062536,False,False,,guitars,,,
5093,3.096070557608746,3.0960705576087455,False,False,,guitars,,,
5094,3.0840084189263406,3.0840084189263406,False,False,,guitars,,,
5095,3.09558274224576,3.0955827422457594,False,False,,guitars,,,
5096,3.1059678393503405,3.1059678393503405,False,False,,guitars,,,
5097,3.1190469794465927,3.1190469794465927,False,False,,guitars,,,
5098,3.1048341725718447,3.1048341725718447,False,False,,guitars,,,
5099,3.0763153123154625,3.0763153123154625,False,False,,guitars,,,
5100,3.084825364263654,3.0848253642636543,False,False,,guitars,,,
5101,3.073854783958932,3.0738547839589314,False,False,,guitars,,,
5102,3.0731982096257444,3.0731982096257444,False,False,,guitars,,,
5103,3.0776265465434745,3.077626546543475,False,False,,guitars,,,
5104,3.0715559738670533,3.0715559738670533,False,False,,guitars,,,
5105,3.0715559738670533,3.0715559738670533,False,False,,guitars,,,
5106,3.0715559738670533,3.0715559738670533,False,False,,guitars,,,
5107,3.073034037490179,3.0730340374901792,False,False,,guitars,,,
5108,3.094281411486432,3.0942814114864325,False,False,,guitars,,,
5109,3.0672807990466366,3.0672807990466366,False,False,,guitars,,,
5110,3.078937053477776,3.078937053477776,False,False,,guitars,,,
5111,3.090373135196609,3.090373135196609,False,False,,guitars,,,
5112,3.051427871435138,3.051427871435138,False,False,,guitars,,,
5113,3.0371346282316414,3.037134628231641,False,False,,guitars,,,
5114,3.0414650704985715,3.0414650704985715,False,False,,guitars,,,
5115,3.038801134268467,3.038801134268467,False,False,,guitars,,,
5116,3.028784171083402,3.0287841710834025,False,False,,guitars,,,
5117,3.0054108196681595,3.0054108196681595,False,False,,guitars,,,
5118,2.997453820824124,2.9974538208241235,False,False,,guitars,,,
5119,3.009800798689823,3.009800798689823,False,False,,guitars,,,
5120,3.037301332435196,3.0373013324351956,False,False,,guitars,,,
5121,3.0411322446876894,3.0411322446876894,False,False,,guitars,,,
5122,3.046119659711265,3.046119659711265,False,False,,guitars,,,
5123,3.046119659711265,3.046119659711265,False,False,,guitars,,,
5124,3.062503159566617,3.062503159566617,False,False,,guitars,,,
5125,3.065305021169827,3.065305021169827,False,False,,guitars,,,
5126,3.0628329636441194,3.0628329636441194,False,False,,guitars,,,
5127,3.073362370338204,3.073362370338204,False,False,,guitars,,,
5128,3.0905361085910847,3.0905361085910847,False,False,,guitars,,,
5129,3.0880903311364105,3.0880903311364105,False,False,,guitars,,,
5130,3.084661997742094,3.0846619977420935,False,False,,guitars,,,
5131,3.08564202788482,3.08564202788482,False,False,,guitars,,,
5132,3.084171830544009,3.084171830544009,False,False,,guitars,,,
5133,3.086948104379628,3.0869481043796276,False,False,,guitars,,,
5134,3.08743769753411,3.08743769753411,False,False,,guitars,,,
5135,3.0954201148713603,3.0954201148713603,False,False,,guitars,,,
5136,3.1111434661702493,3.1111434661702493,False,False,,guitars,,,
5137,3.099644815440263,3.0996448154402625,False,False,,guitars,,,
5138,3.0897211296385665,3.0897211296385665,False,False,,guitars,,,
5139,3.0944642656153745,3.0944642656153745,False,False,,guitars,,,
5140,3.1110722835019917,3.1110722835019917,False,False,,guitars,,,
5141,3.130947256887236,3.130947256887236,False,False,,guitars,,,
5142,3.1330382751700907,3.1330382751700907,False,False,,guitars,,,
5143,3.1442664931669717,3.144266493166972,False,False,,guitars,,,
5144,3.1322342525500746,3.1322342525500746,False,False,,guitars,,,
5145,3.114477271960716,3.114477271960716,False,False,,guitars,,,
5146,3.1120456325533663,3.1120456325533663,False,False,,guitars,,,
5147,3.097729884100654,3.0977298841006538,False,False,,guitars,,,
5148,3.089365425007031,3.089365425007031,False,False,,guitars,,,
5149,3.0869042982995354,3.086904298299535,False,False,,guitars,,,
5150,3.091209595373933,3.0912095953739334,False,False,,guitars,,,
5151,3.091363211556576,3.091363211556576,False,False,,guitars,,,
5152,3.090748687152326,3.090748687152326,False,False,,guitars,,,
5153,3.097193275230295,3.0971932752302944,False,False,,guitars,,,
5154,3.10010295350665,3.10010295350665,False,False,,guitars,,,
5155,3.097959325184145,3.097959325184145,False,False,,guitars,,,
5156,3.096733526768037,3.096733526768037,False,False,,guitars,,,
5157,3.103314780566295,3.103314780566295,False,False,,guitars,,,
5158,3.0996437671367194,3.0996437671367194,False,False,,guitars,,,
5159,3.112924381103095,3.112924381103095,False,False,,guitars,,,
5160,3.1171829356382155,3.1171829356382155,False,False,,guitars,,,
5161,3.1171829356382155,3.1171829356382155,False,False,,guitars,,,
5162,3.1284013693421646,3.1284013693421646,False,False,,guitars,,,
5163,3.124314236179773,3.124314236179773,False,False,,guitars,,,
5164,3.129611036817982,3.129611036817982,False,False,,guitars,,,
5165,3.135348658710671,3.1353486587106705,False,False,,guitars,,,
5166,3.138664197736673,3.138664197736673,False,False,,guitars,,,
5167,3.141072636310536,3.1410726363105366,False,False,,guitars,,,
5168,3.1200683585434814,3.1200683585434814,False,False,,guitars,,,
5169,3.133840084739393,3.133840084739393,False,False,,guitars,,,
5170,3.142727043462552,3.1427270434625516,False,False,,guitars,,,
5171,3.1291574828963924,3.129157482896392,False,False,,guitars,,,
5172,3.1397181857284058,3.139718185728406,False,False,,guitars,,,
5173,3.1446807904918845,3.144680790491885,False,False,,guitars,,,
5174,3.1409221793709245,3.140922179370924,False,False,,guitars,,,
5175,3.149633215021049,3.149633215021049,False,False,,guitars,,,
5176,3.149333356812926,3.1493333568129263,False,False,,guitars,,,
5177,3.155173898692791,3.155173898692791,False,False,,guitars,,,
5178,3.1604034464441506,3.1604034464441506,False,False,,guitars,,,
5179,3.1630885442705226,3.1630885442705226,False,False,,guitars,,,
5180,3.1644299804591003,3.1644299804591003,False,False,,guitars,,,
5181,3.1644299804591003,3.1644299804591003,False,False,,guitars,,,
5182,3.178544653456047,3.178544653456047,False,False,,guitars,,,
5183,3.1491834137618984,3.149183413761899,False,False,,guitars,,,
5184,3.1391159633212293,3.1391159633212293,False,False,,guitars,,,
5185,3.1538273316968333,3.1538273316968333,False,False,,guitars,,,
5186,3.124617225624988,3.124617225624988,False,False,,guitars,,,
5187,3.125374531854929,3.125374531854929,False,False,,guitars,,,
5188,3.14498122664631,3.14498122664631,False,False,,guitars,,,
5189,3.143178048570001,3.1431780485700016,False,False,,guitars,,,
5190,3.152030743231247,3.152030743231247,False,False,,guitars,,,
5191,3.1554730341598334,3.1554730341598334,False,False,,guitars,,,
5192,3.1702343304518217,3.1702343304518217,False,False,,guitars,,,
5193,3.172463090615323,3.172463090615323,False,False,,guitars,,,
5194,3.182689221214452,3.182689221214452,False,False,,guitars,,,
5195,3.192466346879837,3.1924663468798373,False,False,,guitars,,,
5196,3.192762014803039,3.1927620148030393,False,False,,guitars,,,
5197,3.191283318337068,3.1912833183370686,False,False,,guitars,,,
5198,3.1968976267113987,3.1968976267113987,False,False,,guitars,,,
5199,3.208822302269482,3.208822302269482,False,False,,guitars,,,
5200,3.208234784083301,3.2082347840833005,False,False,,guitars,,,
5201,3.202940801171242,3.2029408011712417,False,False,,guitars,,,
5202,3.1948306924187126,3.1948306924187126,False,False,,guitars,,,
5203,3.203088010175202,3.203088010175202,False,False,,guitars,,,
5204,3.195716734632317,3.195716734632317,False,False,,guitars,,,
5205,3.201762811728265,3.201762811728265,False,False,,guitars,,,
5206,3.201320920110453,3.201320920110453,False,False,,guitars,,,
5207,3.2063243813798907,3.2063243813798907,False,False,,guitars,,,
5208,3.2066183859893105,3.20661838598931,False,False,,guitars,,,
5209,3.2066183859893105,3.20661838598931,False,False,,guitars,,,
5210,3.2066183859893105,3.20661838598931,False,False,,guitars,,,
5211,3.1875826669408323,3.1875826669408327,False,False,,guitars,,,
5212,3.183876410763834,3.1838764107638347,False,False,,guitars,,,
5213,3.160471501251221,3.160471501251221,False,False,,guitars,,,
5214,3.169741104315483,3.169741104315483,False,False,,guitars,,,
5215,3.1654097236176697,3.1654097236176697,False,False,,guitars,,,
5216,3.181055893103296,3.181055893103296,False,False,,guitars,,,
5217,3.175256180361872,3.1752561803618717,False,False,,guitars,,,
5218,3.200436898434424,3.200436898434424,False,False,,guitars,,,
5219,3.203382401748238,3.203382401748238,False,False,,guitars,,,
5220,3.1937965717806147,3.1937965717806147,False,False,,guitars,,,
5221,3.133659906341589,3.1336599063415886,False,False,,guitars,,,
5222,3.166754771087282,3.166754771087282,False,False,,guitars,,,
5223,3.141825264789665,3.1418252647896656,False,False,,guitars,,,
5224,3.132447864843297,3.132447864843297,False,False,,guitars,,,
5225,3.146952266524208,3.146952266524208,False,False,,guitars,,,
5226,3.154021727815254,3.1540217278152536,False,False,,guitars,,,
5227,3.1767446011591414,3.1767446011591414,False,False,,guitars,,,
5228,3.1815014545490863,3.1815014545490867,False,False,,guitars,,,
5229,3.1929098353909597,3.1929098353909597,False,False,,guitars,,,
5230,3.184618111510108,3.1846181115101078,False,False,,guitars,,,
5231,3.1948306924187126,3.1948306924187126,False,False,,guitars,,,
5232,3.204412494840896,3.204412494840896,False,False,,guitars,,,
5233,3.167352331160572,3.167352331160572,False,False,,guitars,,,
5234,3.1903956719035373,3.1903956719035373,False,False,,guitars,,,
5235,3.212344472779068,3.2123444727790678,False,False,,guitars,,,
5236,3.221858515780525,3.2218585157805255,False,False,,guitars,,,
5237,3.232209133013499,3.232209133013499,False,False,,guitars,,,
5238,3.2377312041879454,3.237731204187945,False,False,,guitars,,,
5239,3.2330818558503385,3.2330818558503385,False,False,,guitars,,,
5240,3.2443994462499317,3.2443994462499317,False,False,,guitars,,,
5241,3.2428064913366503,3.2428064913366503,False,False,,guitars,,,
5242,3.2602732936264878,3.2602732936264878,False,False,,guitars,,,
5243,3.2627175554916024,3.262717555491602,False,False,,guitars,,,
5244,3.2601294391724065,3.260129439172407,False,False,,guitars,,,
5245,3.2747602319654763,3.2747602319654763,False,False,,guitars,,,
5246,3.2771904305013173,3.2771904305013173,False,False,,guitars,,,
5247,3.278190418497278,3.2781904184972785,False,False,,guitars,,,
5248,3.2581146079914545,3.258114607991455,False,False,,guitars,,,
5249,3.2599855764495143,3.2599855764495147,False,False,,guitars,,,
5250,3.2614238317398625,3.2614238317398625,False,False,,guitars,,,
5251,3.2614238317398625,3.2614238317398625,False,False,,guitars,,,
5252,3.2743311294876345,3.2743311294876345,False,False,,guitars,,,
5253,3.2642978665358,3.2642978665358005,False,False,,guitars,,,
5254,3.2727571266736737,3.2727571266736732,False,False,,guitars,,,
5255,3.256530387032382,3.256530387032382,False,False,,guitars,,,
